
> deep-research-mobile@0.1.0 test:integration /home/oranolio/Desktop/Deep
> pnpm --filter @deep/backend test:integration


> @deep/backend@0.1.0 test:integration /home/oranolio/Desktop/Deep/apps/backend
> vitest run --config vitest.integration.config.ts


 RUN  v3.2.7 /home/oranolio/Desktop/Deep/apps/backend

 ✓ test/model-gateway.integration.test.ts (119 tests) 171302ms
   ✓ W05 substantive support execution and persisted revisions > performs and stores scoped checks with stable claim revisions on replay  346ms
   ✓ W05 substantive support execution and persisted revisions > does not reuse corrupted claim revisions or support receipts  419ms
   ✓ W01/W05 scoped support at the real publication gate > publishes a checked paraphrase and preserves canonical assertion identity on reopen  320ms
   ✓ W01/W05 scoped support at the real publication gate > does not fall back to literal support when a managed assertion is partial  399ms
   ✓ W01/W05 scoped support at the real publication gate > rejects altered assertion text and unmapped extra prose  356ms
   ✓ W01/W05 scoped support at the real publication gate > refuses corrupted persisted checks instead of trusting an approval flag  307ms
   ✓ W05 generic writer, exact final wording and canonical publication > writes changed prose, checks it separately, publishes and reopens its premise lineage  1393ms
   ✓ W05 generic writer, exact final wording and canonical publication > keeps supported synthesis while blocking a made-up heading, paragraph and limitation  1404ms
   ✓ W05 generic writer, exact final wording and canonical publication > reuses a durable draft after restart without another writer request  707ms
   ✓ W05 generic writer, exact final wording and canonical publication > rejects invented premise keys and publishes no report  408ms
   ✓ W05 generic writer, exact final wording and canonical publication > blocks an oversized final assertion set without truncation or a second paid attempt  467ms
   ✓ W05 generic writer, exact final wording and canonical publication > rejects draft self-reference before dispatch  779ms
   ✓ W05 generic writer, exact final wording and canonical publication > purges drafts and composed claim text on account deletion  2684ms
   ✓ W05 generic writer, exact final wording and canonical publication > adds a new checker result without overwriting an older version or paying again  675ms
   ✓ W05 durable criterion coverage review > executes review once, stores exact claim revisions and revalidates replay  1635ms
   ✓ W05 durable criterion coverage review > vetoes supported coverage when named assertions failed substantive checks  760ms
   ✓ W05 durable criterion coverage review > rejects missing question reviews without recording coverage  783ms
   ✓ W05 durable criterion coverage review > rejects changed evidence before saving coverage while retaining cost  724ms
   ✓ W05 durable criterion coverage review > purges saved coverage on account deletion  1207ms
   ✓ W05 report completion requires exact final coverage > completes and reopens a report only after final assertion coverage executes  6167ms
   ✓ W05 report completion requires exact final coverage > does not publish when the required review returns invalid output  2180ms
   ✓ W05 publication rejects a forged complete outcome without a review while preserving limited publication  1034ms
   ✓ W05 structured services through production processRun > runs arbitrary evidence through criteria, extraction, substantive checks and cited publication  3873ms
   ✓ W05 structured services through production processRun > does not turn a failed assertion into a verified event or template report  1075ms
   ✓ W05 structured writing pause supports resume without repeating evidence work  4085ms
   ✓ W05 structured writing pause supports cancel without repeating evidence work  1121ms
   ✓ W02/W05 durable pinned public discovery > pins engine/provider and reuses saved results even after unrelated evidence arrives  313ms
   ✓ W02/W05 durable pinned public discovery > revalidates saved receipt and purges discovery output on deletion  388ms
   ✓ W04/W05 durable discovered source reading > persists read provenance once and reuses the exact version  382ms
   ✓ W04/W05 durable discovered source reading > does not repeat an in-flight read or hold database locks during it  344ms
   ✓ W04/W05 durable discovered source reading > discards late content after delete  340ms
   ✓ W04/W05 durable discovered source reading > discards late content after change  318ms
   ✓ W04/W05 durable discovered source reading > production worker reads discovered evidence; readable=true  4064ms
   ✓ W04/W05 durable discovered source reading > production worker reads discovered evidence; readable=false  510ms
   ✓ W05 unresolved criteria trigger a distinct public query and rechecked synthesis  14832ms
   ✓ W02/W05 concurrent distinct searches obey the durable per-run query ceiling  863ms
   ✓ W06 immutable correction evidence membership > reuses exact passage/version identities but recomputes child claims through production worker  6755ms
   ✓ W06 fresh cited versions change evidence without claiming changed assertion wording  6687ms
   ✓ W06 missing parent publication cannot produce an unchanged comparison  2050ms
   ✓ W05 executed scope comparisons > persists exact revisions and reuses the result without a provider call; writer receives it  485ms
   ✓ W05 executed scope comparisons > rejects foreign owners, wrong revisions, unknown targets and extra authority  302ms
   ✓ W05 executed scope comparisons > corrupt comparison output cannot be reused or passed to the writer  489ms
   ✓ W05 executed scope comparisons > changed claim revision invalidates a comparison and deletion removes derived records  371ms
   ✓ W05 concurrent scope comparison execution produces one durable result  422ms
   ✓ W02/W05 unknown prior writer attempt blocks a context upgrade without releasing its hold  339ms
   ✓ W05 legacy comparison preserves its original writer representation even with an unknown attempt  975ms
   ✓ W05 projection metadata and model-bound pair tampering fail closed  645ms
   ✓ W05 evidence-bound calculation execution > computes from exact supported revisions, binds numeric spans and replays without provider work  530ms
   ✓ W05 evidence-bound calculation execution > a model-supported year cannot masquerade as an area input  421ms
   ✓ W05 evidence-bound calculation execution > rejects foreign/versioned targets, caller values and corrupt results  578ms
   ✓ W05 evidence-bound calculation execution > changed input revision invalidates the proof and account deletion removes it  593ms
   ✓ W05 evidence-bound calculation execution > concurrent attempts share one durable calculation  590ms
   ✓ W05 arithmetic proof at real publication > recomputes, publishes and reopens exact arithmetic with input citations and canonical lineage  1034ms
   ✓ W05 arithmetic proof at real publication > rejects changed wording, omitted operands/citations, type laundering and forged completion  1638ms
   ✓ W05 arithmetic proof at real publication > wrong owner or basis cannot prepare a derived claim; changed stored operands invalidate publication  767ms
   ✓ W05 arithmetic proof at real publication > stored derivation text tampering is rejected rather than recanonicalized silently  816ms
   ✓ W05 structured calculation planning > uses separately versioned gateway output, executes real arithmetic and reuses both records  1394ms
   ✓ W05 structured calculation planning > unknown quantities remain executed unknown results, not model-supplied numbers  916ms
   ✓ W05 structured calculation planning > invalid references and injected values never create calculations  641ms
   ✓ W05 structured calculation planning > unknown plan outcomes retain their reservation and are never resent  796ms
   ✓ W05 structured calculation planning > does not introduce planning over an existing writer's unknown outcome  745ms
   ✓ W05 production worker executes selected quantities rather than a calculation progress event alone  2838ms
   ✓ W02/W05 cached planning cannot ignore tampered schema/prompt/route metadata  1109ms
   ✓ W05/W06 production arithmetic report reopens, rejects dropped output and recomputes a typed corrected ratio from the same source versions  31860ms
   ✓ W05 calculated writer remains limited for omitCalculation despite a positive review  14987ms
   ✓ W05 calculated writer remains limited for wrongQuantity despite a positive review  13070ms
   ✓ W05 calculated writer remains limited for unsupportedProse despite a positive review  11778ms
{"level":"info","event":"action","runId":"9112ea17-da9f-4ea6-a830-25daa8459539","type":"search","rationale":"Investigate an uncovered required question","step":0,"t":"2026-09-17T23:37:34.194Z"}
{"level":"info","event":"action","runId":"9112ea17-da9f-4ea6-a830-25daa8459539","type":"fetch","rationale":"Inspect an already-known source before another generic query","step":1,"t":"2026-09-17T23:37:34.239Z"}
{"level":"info","event":"action","runId":"9112ea17-da9f-4ea6-a830-25daa8459539","type":"fetch","rationale":"Inspect an already-known source before another generic query","step":2,"t":"2026-09-17T23:37:34.261Z"}
{"level":"info","event":"action","runId":"9112ea17-da9f-4ea6-a830-25daa8459539","type":"fetch","rationale":"Inspect an already-known source before another generic query","step":3,"t":"2026-09-17T23:37:34.288Z"}
{"level":"info","event":"action","runId":"9112ea17-da9f-4ea6-a830-25daa8459539","type":"challenge","rationale":"Disconfirm material conclusion: A primary source that directly contradicts this conclusion.","step":4,"t":"2026-09-17T23:37:34.327Z"}
{"level":"info","event":"action","runId":"9112ea17-da9f-4ea6-a830-25daa8459539","type":"challenge","rationale":"No counterexample found in accessed primary sources. This is not proof that the conclusion is true.","step":5,"t":"2026-09-17T23:37:34.351Z"}
{"level":"info","event":"action","runId":"9112ea17-da9f-4ea6-a830-25daa8459539","type":"synthesize","rationale":"decision_critical_gaps_resolved_or_unresolvable; high-impact claims supported or qualified; contradictions handled; remaining actions low expected value","step":6,"t":"2026-09-17T23:37:34.372Z"}
{"level":"info","event":"action","runId":"6f08729f-099d-4f75-8b51-5e9ca3b16302","type":"search","rationale":"Investigate an uncovered required question","step":0,"t":"2026-09-17T23:37:34.966Z"}
{"level":"info","event":"action","runId":"6f08729f-099d-4f75-8b51-5e9ca3b16302","type":"fetch","rationale":"Inspect an already-known source before another generic query","step":1,"t":"2026-09-17T23:37:34.990Z"}
{"level":"info","event":"action","runId":"6f08729f-099d-4f75-8b51-5e9ca3b16302","type":"fetch","rationale":"Inspect an already-known source before another generic query","step":2,"t":"2026-09-17T23:37:35.008Z"}
{"level":"info","event":"action","runId":"6f08729f-099d-4f75-8b51-5e9ca3b16302","type":"challenge","rationale":"Disconfirm material conclusion: A primary source that directly contradicts this conclusion.","step":3,"t":"2026-09-17T23:37:35.023Z"}
{"level":"info","event":"action","runId":"6f08729f-099d-4f75-8b51-5e9ca3b16302","type":"challenge","rationale":"No counterexample found in accessed primary sources. This is not proof that the conclusion is true.","step":4,"t":"2026-09-17T23:37:35.040Z"}
{"level":"info","event":"action","runId":"6f08729f-099d-4f75-8b51-5e9ca3b16302","type":"synthesize","rationale":"decision_critical_gaps_resolved_or_unresolvable; high-impact claims supported or qualified; contradictions handled; remaining actions low expected value","step":5,"t":"2026-09-17T23:37:35.056Z"}
{"level":"info","event":"action","runId":"9c63af95-4bed-4d08-ba8f-aed325539b98","type":"search","rationale":"Investigate an uncovered required question","step":0,"t":"2026-09-17T23:37:35.596Z"}
{"level":"info","event":"action","runId":"9c63af95-4bed-4d08-ba8f-aed325539b98","type":"fetch","rationale":"Inspect an already-known source before another generic query","step":1,"t":"2026-09-17T23:37:35.621Z"}
{"level":"info","event":"action","runId":"9c63af95-4bed-4d08-ba8f-aed325539b98","type":"fetch","rationale":"Inspect an already-known source before another generic query","step":2,"t":"2026-09-17T23:37:35.638Z"}
{"level":"info","event":"action","runId":"9c63af95-4bed-4d08-ba8f-aed325539b98","type":"fetch","rationale":"Inspect an already-known source before another generic query","step":3,"t":"2026-09-17T23:37:35.653Z"}
{"level":"info","event":"action","runId":"9c63af95-4bed-4d08-ba8f-aed325539b98","type":"challenge","rationale":"Disconfirm material conclusion: A primary source that directly contradicts this conclusion.","step":4,"t":"2026-09-17T23:37:35.676Z"}
{"level":"info","event":"action","runId":"9c63af95-4bed-4d08-ba8f-aed325539b98","type":"challenge","rationale":"No counterexample found in accessed primary sources. This is not proof that the conclusion is true.","step":5,"t":"2026-09-17T23:37:35.693Z"}
{"level":"info","event":"action","runId":"9c63af95-4bed-4d08-ba8f-aed325539b98","type":"synthesize","rationale":"decision_critical_gaps_resolved_or_unresolvable; high-impact claims supported or qualified; contradictions handled; remaining actions low expected value","step":6,"t":"2026-09-17T23:37:35.704Z"}
{"level":"info","event":"action","runId":"bc0b5e9d-de2e-4e45-af11-ada3d62fac97","type":"search","rationale":"Investigate an uncovered required question","step":0,"t":"2026-09-17T23:37:36.242Z"}
{"level":"info","event":"action","runId":"bc0b5e9d-de2e-4e45-af11-ada3d62fac97","type":"fetch","rationale":"Inspect an already-known source before another generic query","step":1,"t":"2026-09-17T23:37:36.259Z"}
{"level":"info","event":"action","runId":"bc0b5e9d-de2e-4e45-af11-ada3d62fac97","type":"fetch","rationale":"Inspect an already-known source before another generic query","step":2,"t":"2026-09-17T23:37:36.274Z"}
{"level":"info","event":"action","runId":"bc0b5e9d-de2e-4e45-af11-ada3d62fac97","type":"challenge","rationale":"Disconfirm material conclusion: A primary source that directly contradicts this conclusion.","step":3,"t":"2026-09-17T23:37:36.287Z"}
{"level":"info","event":"action","runId":"bc0b5e9d-de2e-4e45-af11-ada3d62fac97","type":"challenge","rationale":"No counterexample found in accessed primary sources. This is not proof that the conclusion is true.","step":4,"t":"2026-09-17T23:37:36.299Z"}
{"level":"info","event":"action","runId":"bc0b5e9d-de2e-4e45-af11-ada3d62fac97","type":"synthesize","rationale":"decision_critical_gaps_resolved_or_unresolvable; high-impact claims supported or qualified; contradictions handled; remaining actions low expected value","step":5,"t":"2026-09-17T23:37:36.310Z"}
{"level":"info","event":"action","runId":"1502ea89-ee1b-4cca-bad7-85a3b9d82fd6","type":"search","rationale":"Investigate an uncovered required question","step":0,"t":"2026-09-17T23:37:36.831Z"}
{"level":"info","event":"action","runId":"1502ea89-ee1b-4cca-bad7-85a3b9d82fd6","type":"fetch","rationale":"Inspect an already-known source before another generic query","step":1,"t":"2026-09-17T23:37:36.847Z"}
{"level":"info","event":"action","runId":"1502ea89-ee1b-4cca-bad7-85a3b9d82fd6","type":"challenge","rationale":"Disconfirm material conclusion: A primary source that directly contradicts this conclusion.","step":2,"t":"2026-09-17T23:37:36.861Z"}
{"level":"info","event":"action","runId":"1502ea89-ee1b-4cca-bad7-85a3b9d82fd6","type":"challenge","rationale":"No counterexample found in accessed primary sources. This is not proof that the conclusion is true.","step":3,"t":"2026-09-17T23:37:36.877Z"}
{"level":"info","event":"action","runId":"1502ea89-ee1b-4cca-bad7-85a3b9d82fd6","type":"synthesize","rationale":"decision_critical_gaps_resolved_or_unresolvable; high-impact claims supported or qualified; contradictions handled; remaining actions low expected value","step":4,"t":"2026-09-17T23:37:36.888Z"}
{"level":"info","event":"action","runId":"45bcdf90-bfda-4124-b9c7-3ee58383e764","type":"search","rationale":"Investigate an uncovered required question","step":0,"t":"2026-09-17T23:37:37.432Z"}
{"level":"info","event":"action","runId":"45bcdf90-bfda-4124-b9c7-3ee58383e764","type":"fetch","rationale":"Inspect an already-known source before another generic query","step":1,"t":"2026-09-17T23:37:37.455Z"}
{"level":"info","event":"action","runId":"45bcdf90-bfda-4124-b9c7-3ee58383e764","type":"fetch","rationale":"Inspect an already-known source before another generic query","step":2,"t":"2026-09-17T23:37:37.468Z"}
{"level":"info","event":"action","runId":"45bcdf90-bfda-4124-b9c7-3ee58383e764","type":"fetch","rationale":"Inspect an already-known source before another generic query","step":3,"t":"2026-09-17T23:37:37.483Z"}
{"level":"info","event":"action","runId":"45bcdf90-bfda-4124-b9c7-3ee58383e764","type":"challenge","rationale":"Disconfirm material conclusion: A primary source that directly contradicts this conclusion.","step":4,"t":"2026-09-17T23:37:37.502Z"}
{"level":"info","event":"action","runId":"45bcdf90-bfda-4124-b9c7-3ee58383e764","type":"challenge","rationale":"No counterexample found in accessed primary sources. This is not proof that the conclusion is true.","step":5,"t":"2026-09-17T23:37:37.518Z"}
{"level":"info","event":"action","runId":"45bcdf90-bfda-4124-b9c7-3ee58383e764","type":"synthesize","rationale":"decision_critical_gaps_resolved_or_unresolvable; high-impact claims supported or qualified; contradictions handled; remaining actions low expected value","step":6,"t":"2026-09-17T23:37:37.528Z"}
{"level":"info","event":"action","runId":"ab029c86-496e-4545-88f8-74a5d29c7e91","type":"search","rationale":"Investigate an uncovered required question","step":0,"t":"2026-09-17T23:37:38.082Z"}
{"level":"info","event":"action","runId":"ab029c86-496e-4545-88f8-74a5d29c7e91","type":"fetch","rationale":"Inspect an already-known source before another generic query","step":1,"t":"2026-09-17T23:37:38.104Z"}
{"level":"info","event":"action","runId":"ab029c86-496e-4545-88f8-74a5d29c7e91","type":"fetch","rationale":"Inspect an already-known source before another generic query","step":2,"t":"2026-09-17T23:37:38.118Z"}
{"level":"info","event":"action","runId":"ab029c86-496e-4545-88f8-74a5d29c7e91","type":"fetch","rationale":"Inspect an already-known source before another generic query","step":3,"t":"2026-09-17T23:37:38.131Z"}
{"level":"info","event":"action","runId":"ab029c86-496e-4545-88f8-74a5d29c7e91","type":"fetch","rationale":"Inspect an already-known source before another generic query","step":4,"t":"2026-09-17T23:37:38.145Z"}
{"level":"info","event":"action","runId":"ab029c86-496e-4545-88f8-74a5d29c7e91","type":"fetch","rationale":"Inspect an already-known source before another generic query","step":5,"t":"2026-09-17T23:37:38.157Z"}
{"level":"info","event":"action","runId":"ab029c86-496e-4545-88f8-74a5d29c7e91","type":"challenge","rationale":"Disconfirm material conclusion: A primary source that directly contradicts this conclusion.","step":6,"t":"2026-09-17T23:37:38.175Z"}
{"level":"info","event":"action","runId":"ab029c86-496e-4545-88f8-74a5d29c7e91","type":"challenge","rationale":"No counterexample found in accessed primary sources. This is not proof that the conclusion is true.","step":7,"t":"2026-09-17T23:37:38.189Z"}
{"level":"info","event":"action","runId":"ab029c86-496e-4545-88f8-74a5d29c7e91","type":"synthesize","rationale":"decision_critical_gaps_resolved_or_unresolvable; high-impact claims supported or qualified; contradictions handled; remaining actions low expected value","step":8,"t":"2026-09-17T23:37:38.200Z"}
{"level":"info","event":"action","runId":"068b7b8f-130e-4bcd-a5ee-95b10efe6998","type":"challenge","rationale":"Disconfirm material conclusion: A primary source that directly contradicts this conclusion.","step":0,"t":"2026-09-17T23:37:38.750Z"}
{"level":"info","event":"action","runId":"068b7b8f-130e-4bcd-a5ee-95b10efe6998","type":"fetch","rationale":"Inspect an already-known source before another generic query","step":1,"t":"2026-09-17T23:37:38.773Z"}
{"level":"info","event":"action","runId":"068b7b8f-130e-4bcd-a5ee-95b10efe6998","type":"fetch","rationale":"Inspect an already-known source before another generic query","step":2,"t":"2026-09-17T23:37:38.787Z"}
{"level":"info","event":"action","runId":"068b7b8f-130e-4bcd-a5ee-95b10efe6998","type":"fetch","rationale":"Inspect an already-known source before another generic query","step":3,"t":"2026-09-17T23:37:38.801Z"}
{"level":"info","event":"action","runId":"068b7b8f-130e-4bcd-a5ee-95b10efe6998","type":"challenge","rationale":"No counterexample found in accessed primary sources. This is not proof that the conclusion is true.","step":4,"t":"2026-09-17T23:37:38.817Z"}
{"level":"info","event":"action","runId":"068b7b8f-130e-4bcd-a5ee-95b10efe6998","type":"synthesize","rationale":"decision_critical_gaps_resolved_or_unresolvable; high-impact claims supported or qualified; contradictions handled; remaining actions low expected value","step":5,"t":"2026-09-17T23:37:38.827Z"}
{"level":"info","event":"action","runId":"81cf511e-badd-496a-ae37-c99e28172d95","type":"search","rationale":"Investigate an uncovered required question","step":0,"t":"2026-09-17T23:37:39.391Z"}
{"level":"info","event":"action","runId":"81cf511e-badd-496a-ae37-c99e28172d95","type":"fetch","rationale":"Inspect an already-known source before another generic query","step":1,"t":"2026-09-17T23:37:39.410Z"}
{"level":"info","event":"action","runId":"81cf511e-badd-496a-ae37-c99e28172d95","type":"fetch","rationale":"Inspect an already-known source before another generic query","step":2,"t":"2026-09-17T23:37:39.423Z"}
{"level":"info","event":"action","runId":"81cf511e-badd-496a-ae37-c99e28172d95","type":"fetch","rationale":"Inspect an already-known source before another generic query","step":3,"t":"2026-09-17T23:37:39.436Z"}
{"level":"info","event":"action","runId":"81cf511e-badd-496a-ae37-c99e28172d95","type":"challenge","rationale":"Disconfirm material conclusion: A hard-constraint violation for a candidate currently marked eligible.","step":4,"t":"2026-09-17T23:37:39.449Z"}
{"level":"info","event":"action","runId":"81cf511e-badd-496a-ae37-c99e28172d95","type":"challenge","rationale":"No counterexample found in accessed primary sources. This is not proof that the conclusion is true.","step":5,"t":"2026-09-17T23:37:39.462Z"}
{"level":"info","event":"action","runId":"81cf511e-badd-496a-ae37-c99e28172d95","type":"synthesize","rationale":"decision_critical_gaps_resolved_or_unresolvable; high-impact claims supported or qualified; contradictions handled; remaining actions low expected value","step":6,"t":"2026-09-17T23:37:39.473Z"}
{"level":"info","event":"action","runId":"fc7a06a8-1f51-443e-8721-825dc497e1d9","type":"search","rationale":"Investigate an uncovered required question","step":0,"t":"2026-09-17T23:37:40.001Z"}
{"level":"info","event":"action","runId":"fc7a06a8-1f51-443e-8721-825dc497e1d9","type":"fetch","rationale":"Inspect an already-known source before another generic query","step":1,"t":"2026-09-17T23:37:40.022Z"}
{"level":"info","event":"action","runId":"fc7a06a8-1f51-443e-8721-825dc497e1d9","type":"fetch","rationale":"Inspect an already-known source before another generic query","step":2,"t":"2026-09-17T23:37:40.033Z"}
{"level":"info","event":"action","runId":"fc7a06a8-1f51-443e-8721-825dc497e1d9","type":"fetch","rationale":"Inspect an already-known source before another generic query","step":3,"t":"2026-09-17T23:37:40.047Z"}
{"level":"info","event":"action","runId":"fc7a06a8-1f51-443e-8721-825dc497e1d9","type":"challenge","rationale":"Disconfirm material conclusion: A hard-constraint violation for a candidate currently marked eligible.","step":4,"t":"2026-09-17T23:37:40.059Z"}
{"level":"info","event":"action","runId":"fc7a06a8-1f51-443e-8721-825dc497e1d9","type":"challenge","rationale":"No counterexample found in accessed primary sources. This is not proof that the conclusion is true.","step":5,"t":"2026-09-17T23:37:40.072Z"}
{"level":"info","event":"action","runId":"fc7a06a8-1f51-443e-8721-825dc497e1d9","type":"synthesize","rationale":"decision_critical_gaps_resolved_or_unresolvable; high-impact claims supported or qualified; contradictions handled; remaining actions low expected value","step":6,"t":"2026-09-17T23:37:40.081Z"}
{"level":"info","event":"action","runId":"bb655402-f051-463a-833a-35e3780e8bdb","type":"search","rationale":"Investigate an uncovered required question","step":0,"t":"2026-09-17T23:37:40.353Z"}
{"level":"info","event":"action","runId":"bb655402-f051-463a-833a-35e3780e8bdb","type":"fetch","rationale":"Inspect an already-known source before another generic query","step":1,"t":"2026-09-17T23:37:40.369Z"}
{"level":"info","event":"action","runId":"bb655402-f051-463a-833a-35e3780e8bdb","type":"fetch","rationale":"Inspect an already-known source before another generic query","step":2,"t":"2026-09-17T23:37:40.385Z"}
{"level":"info","event":"action","runId":"bb655402-f051-463a-833a-35e3780e8bdb","type":"fetch","rationale":"Inspect an already-known source before another generic query","step":3,"t":"2026-09-17T23:37:40.399Z"}
{"level":"info","event":"action","runId":"bb655402-f051-463a-833a-35e3780e8bdb","type":"challenge","rationale":"Disconfirm material conclusion: A hard-constraint violation for a candidate currently marked eligible.","step":4,"t":"2026-09-17T23:37:40.416Z"}
{"level":"info","event":"action","runId":"bb655402-f051-463a-833a-35e3780e8bdb","type":"challenge","rationale":"Disconfirm material conclusion: A hard-constraint violation for a candidate currently marked eligible.","step":5,"t":"2026-09-17T23:37:40.433Z"}
{"level":"info","event":"action","runId":"bb655402-f051-463a-833a-35e3780e8bdb","type":"challenge","rationale":"Disconfirm material conclusion: A hard-constraint violation for a candidate currently marked eligible.","step":6,"t":"2026-09-17T23:37:40.447Z"}
{"level":"info","event":"action","runId":"bb655402-f051-463a-833a-35e3780e8bdb","type":"challenge","rationale":"Disconfirm material conclusion: A hard-constraint violation for a candidate currently marked eligible.","step":7,"t":"2026-09-17T23:37:40.461Z"}
{"level":"info","event":"action","runId":"bb655402-f051-463a-833a-35e3780e8bdb","type":"challenge","rationale":"Disconfirm material conclusion: A hard-constraint violation for a candidate currently marked eligible.","step":8,"t":"2026-09-17T23:37:40.475Z"}
{"level":"info","event":"action","runId":"bb655402-f051-463a-833a-35e3780e8bdb","type":"challenge","rationale":"Disconfirm material conclusion: A hard-constraint violation for a candidate currently marked eligible.","step":9,"t":"2026-09-17T23:37:40.489Z"}
{"level":"info","event":"action","runId":"bb655402-f051-463a-833a-35e3780e8bdb","type":"challenge","rationale":"Disconfirm material conclusion: A hard-constraint violation for a candidate currently marked eligible.","step":10,"t":"2026-09-17T23:37:40.504Z"}
{"level":"info","event":"action","runId":"bb655402-f051-463a-833a-35e3780e8bdb","type":"challenge","rationale":"No counterexample found in accessed primary sources. This is not proof that the conclusion is true.","step":11,"t":"2026-09-17T23:37:40.520Z"}
{"level":"info","event":"action","runId":"bb655402-f051-463a-833a-35e3780e8bdb","type":"stop","rationale":"Repeated searches returned no novel source family or coverage progress","step":12,"t":"2026-09-17T23:37:40.531Z"}
{"level":"info","event":"action","runId":"826a84bf-a47a-41b6-8229-82da4b97da8a","type":"search","rationale":"Investigate an uncovered required question","step":0,"t":"2026-09-17T23:37:41.073Z"}
{"level":"info","event":"action","runId":"826a84bf-a47a-41b6-8229-82da4b97da8a","type":"fetch","rationale":"Inspect an already-known source before another generic query","step":1,"t":"2026-09-17T23:37:41.091Z"}
{"level":"info","event":"action","runId":"826a84bf-a47a-41b6-8229-82da4b97da8a","type":"fetch","rationale":"Inspect an already-known source before another generic query","step":2,"t":"2026-09-17T23:37:41.107Z"}
{"level":"info","event":"action","runId":"826a84bf-a47a-41b6-8229-82da4b97da8a","type":"fetch","rationale":"Inspect an already-known source before another generic query","step":3,"t":"2026-09-17T23:37:41.121Z"}
{"level":"info","event":"action","runId":"826a84bf-a47a-41b6-8229-82da4b97da8a","type":"challenge","rationale":"Disconfirm material conclusion: A hard-constraint violation for a candidate currently marked eligible.","step":4,"t":"2026-09-17T23:37:41.134Z"}
{"level":"info","event":"action","runId":"826a84bf-a47a-41b6-8229-82da4b97da8a","type":"challenge","rationale":"No counterexample found in accessed primary sources. This is not proof that the conclusion is true.","step":5,"t":"2026-09-17T23:37:41.148Z"}
{"level":"info","event":"action","runId":"826a84bf-a47a-41b6-8229-82da4b97da8a","type":"synthesize","rationale":"decision_critical_gaps_resolved_or_unresolvable; high-impact claims supported or qualified; contradictions handled; remaining actions low expected value","step":6,"t":"2026-09-17T23:37:41.159Z"}
{"level":"info","event":"action","runId":"522c638b-4076-4cee-a778-7a3a5021c0da","type":"search","rationale":"Investigate an uncovered required question","step":0,"t":"2026-09-17T23:37:41.446Z"}
{"level":"info","event":"action","runId":"522c638b-4076-4cee-a778-7a3a5021c0da","type":"fetch","rationale":"Inspect an already-known source before another generic query","step":1,"t":"2026-09-17T23:37:41.460Z"}
{"level":"info","event":"action","runId":"522c638b-4076-4cee-a778-7a3a5021c0da","type":"fetch","rationale":"Inspect an already-known source before another generic query","step":2,"t":"2026-09-17T23:37:41.474Z"}
{"level":"info","event":"action","runId":"522c638b-4076-4cee-a778-7a3a5021c0da","type":"fetch","rationale":"Inspect an already-known source before another generic query","step":3,"t":"2026-09-17T23:37:41.488Z"}
{"level":"info","event":"action","runId":"522c638b-4076-4cee-a778-7a3a5021c0da","type":"challenge","rationale":"Disconfirm material conclusion: A hard-constraint violation for a candidate currently marked eligible.","step":4,"t":"2026-09-17T23:37:41.508Z"}
{"level":"info","event":"action","runId":"522c638b-4076-4cee-a778-7a3a5021c0da","type":"challenge","rationale":"Disconfirm material conclusion: A hard-constraint violation for a candidate currently marked eligible.","step":5,"t":"2026-09-17T23:37:41.525Z"}
{"level":"info","event":"action","runId":"522c638b-4076-4cee-a778-7a3a5021c0da","type":"challenge","rationale":"Disconfirm material conclusion: A hard-constraint violation for a candidate currently marked eligible.","step":6,"t":"2026-09-17T23:37:41.541Z"}
{"level":"info","event":"action","runId":"522c638b-4076-4cee-a778-7a3a5021c0da","type":"challenge","rationale":"Disconfirm material conclusion: A hard-constraint violation for a candidate currently marked eligible.","step":7,"t":"2026-09-17T23:37:41.556Z"}
{"level":"info","event":"action","runId":"522c638b-4076-4cee-a778-7a3a5021c0da","type":"challenge","rationale":"Disconfirm material conclusion: A hard-constraint violation for a candidate currently marked eligible.","step":8,"t":"2026-09-17T23:37:41.572Z"}
{"level":"info","event":"action","runId":"522c638b-4076-4cee-a778-7a3a5021c0da","type":"challenge","rationale":"Disconfirm material conclusion: A hard-constraint violation for a candidate currently marked eligible.","step":9,"t":"2026-09-17T23:37:41.586Z"}
{"level":"info","event":"action","runId":"522c638b-4076-4cee-a778-7a3a5021c0da","type":"challenge","rationale":"Disconfirm material conclusion: A hard-constraint violation for a candidate currently marked eligible.","step":10,"t":"2026-09-17T23:37:41.599Z"}
{"level":"info","event":"action","runId":"522c638b-4076-4cee-a778-7a3a5021c0da","type":"challenge","rationale":"No counterexample found in accessed primary sources. This is not proof that the conclusion is true.","step":11,"t":"2026-09-17T23:37:41.618Z"}
{"level":"info","event":"action","runId":"522c638b-4076-4cee-a778-7a3a5021c0da","type":"stop","rationale":"Repeated searches returned no novel source family or coverage progress","step":12,"t":"2026-09-17T23:37:41.631Z"}
{"level":"info","event":"action","runId":"f56c6a71-ede2-4acf-99a8-0606bdbc9ea9","type":"challenge","rationale":"Disconfirm material conclusion: A primary source that directly contradicts this conclusion.","step":0,"t":"2026-09-17T23:37:42.241Z"}
{"level":"info","event":"action","runId":"f56c6a71-ede2-4acf-99a8-0606bdbc9ea9","type":"fetch","rationale":"Inspect an already-known source before another generic query","step":1,"t":"2026-09-17T23:37:42.263Z"}
{"level":"info","event":"action","runId":"f56c6a71-ede2-4acf-99a8-0606bdbc9ea9","type":"fetch","rationale":"Inspect an already-known source before another generic query","step":2,"t":"2026-09-17T23:37:42.276Z"}
{"level":"info","event":"action","runId":"f56c6a71-ede2-4acf-99a8-0606bdbc9ea9","type":"fetch","rationale":"Inspect an already-known source before another generic query","step":3,"t":"2026-09-17T23:37:42.291Z"}
{"level":"info","event":"action","runId":"f56c6a71-ede2-4acf-99a8-0606bdbc9ea9","type":"challenge","rationale":"No counterexample found in accessed primary sources. This is not proof that the conclusion is true.","step":4,"t":"2026-09-17T23:37:42.308Z"}
{"level":"info","event":"action","runId":"f56c6a71-ede2-4acf-99a8-0606bdbc9ea9","type":"synthesize","rationale":"decision_critical_gaps_resolved_or_unresolvable; high-impact claims supported or qualified; contradictions handled; remaining actions low expected value","step":5,"t":"2026-09-17T23:37:42.319Z"}
{"level":"info","event":"action","runId":"f437d3e9-fe59-46eb-b5e7-29d6f67dc5f1","type":"search","rationale":"Investigate an uncovered required question","step":0,"t":"2026-09-17T23:37:42.917Z"}
{"level":"info","event":"action","runId":"f437d3e9-fe59-46eb-b5e7-29d6f67dc5f1","type":"fetch","rationale":"Inspect an already-known source before another generic query","step":1,"t":"2026-09-17T23:37:42.939Z"}
{"level":"info","event":"action","runId":"f437d3e9-fe59-46eb-b5e7-29d6f67dc5f1","type":"fetch","rationale":"Inspect an already-known source before another generic query","step":2,"t":"2026-09-17T23:37:42.954Z"}
{"level":"info","event":"action","runId":"f437d3e9-fe59-46eb-b5e7-29d6f67dc5f1","type":"fetch","rationale":"Inspect an already-known source before another generic query","step":3,"t":"2026-09-17T23:37:42.969Z"}
{"level":"info","event":"action","runId":"f437d3e9-fe59-46eb-b5e7-29d6f67dc5f1","type":"challenge","rationale":"Disconfirm material conclusion: A primary source that directly contradicts this conclusion.","step":4,"t":"2026-09-17T23:37:42.986Z"}
{"level":"info","event":"action","runId":"f437d3e9-fe59-46eb-b5e7-29d6f67dc5f1","type":"challenge","rationale":"No counterexample found in accessed primary sources. This is not proof that the conclusion is true.","step":5,"t":"2026-09-17T23:37:43.001Z"}
{"level":"info","event":"action","runId":"f437d3e9-fe59-46eb-b5e7-29d6f67dc5f1","type":"synthesize","rationale":"decision_critical_gaps_resolved_or_unresolvable; high-impact claims supported or qualified; contradictions handled; remaining actions low expected value","step":6,"t":"2026-09-17T23:37:43.013Z"}
{"level":"info","event":"action","runId":"a9ca66e5-d47a-4c7b-bebb-81be79762d78","type":"search","rationale":"Investigate an uncovered required question","step":0,"t":"2026-09-17T23:37:43.591Z"}
{"level":"info","event":"action","runId":"a9ca66e5-d47a-4c7b-bebb-81be79762d78","type":"fetch","rationale":"Inspect an already-known source before another generic query","step":1,"t":"2026-09-17T23:37:43.615Z"}
{"level":"info","event":"action","runId":"a9ca66e5-d47a-4c7b-bebb-81be79762d78","type":"fetch","rationale":"Inspect an already-known source before another generic query","step":2,"t":"2026-09-17T23:37:43.631Z"}
{"level":"info","event":"action","runId":"a9ca66e5-d47a-4c7b-bebb-81be79762d78","type":"fetch","rationale":"Inspect an already-known source before another generic query","step":3,"t":"2026-09-17T23:37:43.648Z"}
{"level":"info","event":"action","runId":"a9ca66e5-d47a-4c7b-bebb-81be79762d78","type":"fetch","rationale":"Inspect an already-known source before another generic query","step":4,"t":"2026-09-17T23:37:43.663Z"}
{"level":"info","event":"action","runId":"a9ca66e5-d47a-4c7b-bebb-81be79762d78","type":"fetch","rationale":"Inspect an already-known source before another generic query","step":5,"t":"2026-09-17T23:37:43.682Z"}
{"level":"info","event":"action","runId":"a9ca66e5-d47a-4c7b-bebb-81be79762d78","type":"challenge","rationale":"Disconfirm material conclusion: A primary source that directly contradicts this conclusion.","step":6,"t":"2026-09-17T23:37:43.698Z"}
{"level":"info","event":"action","runId":"a9ca66e5-d47a-4c7b-bebb-81be79762d78","type":"challenge","rationale":"No counterexample found in accessed primary sources. This is not proof that the conclusion is true.","step":7,"t":"2026-09-17T23:37:43.714Z"}
{"level":"info","event":"action","runId":"a9ca66e5-d47a-4c7b-bebb-81be79762d78","type":"synthesize","rationale":"decision_critical_gaps_resolved_or_unresolvable; high-impact claims supported or qualified; contradictions handled; remaining actions low expected value","step":8,"t":"2026-09-17T23:37:43.728Z"}
{"level":"info","event":"action","runId":"88674387-7ef8-44ff-9639-d4042dbb59db","type":"search","rationale":"Investigate an uncovered required question","step":0,"t":"2026-09-17T23:37:44.288Z"}
{"level":"info","event":"action","runId":"88674387-7ef8-44ff-9639-d4042dbb59db","type":"fetch","rationale":"Inspect an already-known source before another generic query","step":1,"t":"2026-09-17T23:37:44.314Z"}
{"level":"info","event":"action","runId":"88674387-7ef8-44ff-9639-d4042dbb59db","type":"fetch","rationale":"Inspect an already-known source before another generic query","step":2,"t":"2026-09-17T23:37:44.329Z"}
{"level":"info","event":"action","runId":"88674387-7ef8-44ff-9639-d4042dbb59db","type":"fetch","rationale":"Inspect an already-known source before another generic query","step":3,"t":"2026-09-17T23:37:44.344Z"}
{"level":"info","event":"action","runId":"88674387-7ef8-44ff-9639-d4042dbb59db","type":"challenge","rationale":"Disconfirm material conclusion: A primary source that directly contradicts this conclusion.","step":4,"t":"2026-09-17T23:37:44.364Z"}
{"level":"info","event":"action","runId":"88674387-7ef8-44ff-9639-d4042dbb59db","type":"challenge","rationale":"No counterexample found in accessed primary sources. This is not proof that the conclusion is true.","step":5,"t":"2026-09-17T23:37:44.379Z"}
{"level":"info","event":"action","runId":"88674387-7ef8-44ff-9639-d4042dbb59db","type":"synthesize","rationale":"decision_critical_gaps_resolved_or_unresolvable; high-impact claims supported or qualified; contradictions handled; remaining actions low expected value","step":6,"t":"2026-09-17T23:37:44.393Z"}
{"level":"info","event":"action","runId":"281b8f04-4588-4d4e-8813-bfacb09d7224","type":"search","rationale":"Investigate an uncovered required question","step":0,"t":"2026-09-17T23:37:44.971Z"}
{"level":"info","event":"action","runId":"281b8f04-4588-4d4e-8813-bfacb09d7224","type":"fetch","rationale":"Inspect an already-known source before another generic query","step":1,"t":"2026-09-17T23:37:44.994Z"}
{"level":"info","event":"action","runId":"281b8f04-4588-4d4e-8813-bfacb09d7224","type":"fetch","rationale":"Inspect an already-known source before another generic query","step":2,"t":"2026-09-17T23:37:45.008Z"}
{"level":"info","event":"action","runId":"281b8f04-4588-4d4e-8813-bfacb09d7224","type":"fetch","rationale":"Inspect an already-known source before another generic query","step":3,"t":"2026-09-17T23:37:45.022Z"}
{"level":"info","event":"action","runId":"281b8f04-4588-4d4e-8813-bfacb09d7224","type":"fetch","rationale":"Inspect an already-known source before another generic query","step":4,"t":"2026-09-17T23:37:45.037Z"}
{"level":"info","event":"action","runId":"281b8f04-4588-4d4e-8813-bfacb09d7224","type":"fetch","rationale":"Inspect an already-known source before another generic query","step":5,"t":"2026-09-17T23:37:45.051Z"}
{"level":"info","event":"action","runId":"281b8f04-4588-4d4e-8813-bfacb09d7224","type":"challenge","rationale":"Disconfirm material conclusion: A primary source that directly contradicts this conclusion.","step":6,"t":"2026-09-17T23:37:45.065Z"}
{"level":"info","event":"action","runId":"281b8f04-4588-4d4e-8813-bfacb09d7224","type":"challenge","rationale":"No counterexample found in accessed primary sources. This is not proof that the conclusion is true.","step":7,"t":"2026-09-17T23:37:45.080Z"}
{"level":"info","event":"action","runId":"281b8f04-4588-4d4e-8813-bfacb09d7224","type":"synthesize","rationale":"decision_critical_gaps_resolved_or_unresolvable; high-impact claims supported or qualified; contradictions handled; remaining actions low expected value","step":8,"t":"2026-09-17T23:37:45.093Z"}
{"level":"info","event":"action","runId":"9df97538-4c24-4829-8557-2cd5708a67db","type":"search","rationale":"Investigate an uncovered required question","step":0,"t":"2026-09-17T23:37:45.918Z"}
{"level":"info","event":"action","runId":"9df97538-4c24-4829-8557-2cd5708a67db","type":"fetch","rationale":"Inspect an already-known source before another generic query","step":1,"t":"2026-09-17T23:37:45.941Z"}
{"level":"info","event":"action","runId":"9df97538-4c24-4829-8557-2cd5708a67db","type":"fetch","rationale":"Inspect an already-known source before another generic query","step":2,"t":"2026-09-17T23:37:45.956Z"}
{"level":"info","event":"action","runId":"9df97538-4c24-4829-8557-2cd5708a67db","type":"fetch","rationale":"Inspect an already-known source before another generic query","step":3,"t":"2026-09-17T23:37:45.970Z"}
{"level":"info","event":"action","runId":"9df97538-4c24-4829-8557-2cd5708a67db","type":"fetch","rationale":"Inspect an already-known source before another generic query","step":4,"t":"2026-09-17T23:37:45.986Z"}
{"level":"info","event":"action","runId":"9df97538-4c24-4829-8557-2cd5708a67db","type":"fetch","rationale":"Inspect an already-known source before another generic query","step":5,"t":"2026-09-17T23:37:45.999Z"}
{"level":"info","event":"action","runId":"9df97538-4c24-4829-8557-2cd5708a67db","type":"challenge","rationale":"Disconfirm material conclusion: A primary source that directly contradicts this conclusion.","step":6,"t":"2026-09-17T23:37:46.013Z"}
{"level":"info","event":"action","runId":"9df97538-4c24-4829-8557-2cd5708a67db","type":"challenge","rationale":"No counterexample found in accessed primary sources. This is not proof that the conclusion is true.","step":7,"t":"2026-09-17T23:37:46.028Z"}
{"level":"info","event":"action","runId":"9df97538-4c24-4829-8557-2cd5708a67db","type":"synthesize","rationale":"decision_critical_gaps_resolved_or_unresolvable; high-impact claims supported or qualified; contradictions handled; remaining actions low expected value","step":8,"t":"2026-09-17T23:37:46.040Z"}
{"level":"info","event":"action","runId":"60204e96-90b1-48bc-93bc-076b990aca78","type":"search","rationale":"Investigate an uncovered required question","step":0,"t":"2026-09-17T23:37:46.593Z"}
{"level":"info","event":"action","runId":"60204e96-90b1-48bc-93bc-076b990aca78","type":"fetch","rationale":"Inspect an already-known source before another generic query","step":1,"t":"2026-09-17T23:37:46.614Z"}
{"level":"info","event":"action","runId":"60204e96-90b1-48bc-93bc-076b990aca78","type":"fetch","rationale":"Inspect an already-known source before another generic query","step":2,"t":"2026-09-17T23:37:46.627Z"}
{"level":"info","event":"action","runId":"60204e96-90b1-48bc-93bc-076b990aca78","type":"fetch","rationale":"Inspect an already-known source before another generic query","step":3,"t":"2026-09-17T23:37:46.640Z"}
{"level":"info","event":"action","runId":"60204e96-90b1-48bc-93bc-076b990aca78","type":"fetch","rationale":"Inspect an already-known source before another generic query","step":4,"t":"2026-09-17T23:37:46.656Z"}
{"level":"info","event":"action","runId":"60204e96-90b1-48bc-93bc-076b990aca78","type":"fetch","rationale":"Inspect an already-known source before another generic query","step":5,"t":"2026-09-17T23:37:46.669Z"}
{"level":"info","event":"action","runId":"60204e96-90b1-48bc-93bc-076b990aca78","type":"challenge","rationale":"Disconfirm material conclusion: A primary source that directly contradicts this conclusion.","step":6,"t":"2026-09-17T23:37:46.681Z"}
{"level":"info","event":"action","runId":"60204e96-90b1-48bc-93bc-076b990aca78","type":"challenge","rationale":"No counterexample found in accessed primary sources. This is not proof that the conclusion is true.","step":7,"t":"2026-09-17T23:37:46.695Z"}
{"level":"info","event":"action","runId":"60204e96-90b1-48bc-93bc-076b990aca78","type":"synthesize","rationale":"decision_critical_gaps_resolved_or_unresolvable; high-impact claims supported or qualified; contradictions handled; remaining actions low expected value","step":8,"t":"2026-09-17T23:37:46.706Z"}
{"level":"info","event":"action","runId":"91634612-6b8a-48d9-bed8-b29142e2a0d8","type":"search","rationale":"Investigate an uncovered required question","step":0,"t":"2026-09-17T23:37:47.236Z"}
{"level":"info","event":"action","runId":"91634612-6b8a-48d9-bed8-b29142e2a0d8","type":"fetch","rationale":"Inspect an already-known source before another generic query","step":1,"t":"2026-09-17T23:37:47.257Z"}
{"level":"info","event":"action","runId":"91634612-6b8a-48d9-bed8-b29142e2a0d8","type":"fetch","rationale":"Inspect an already-known source before another generic query","step":2,"t":"2026-09-17T23:37:47.269Z"}
{"level":"info","event":"action","runId":"91634612-6b8a-48d9-bed8-b29142e2a0d8","type":"fetch","rationale":"Inspect an already-known source before another generic query","step":3,"t":"2026-09-17T23:37:47.281Z"}
{"level":"info","event":"action","runId":"91634612-6b8a-48d9-bed8-b29142e2a0d8","type":"fetch","rationale":"Inspect an already-known source before another generic query","step":4,"t":"2026-09-17T23:37:47.294Z"}
{"level":"info","event":"action","runId":"91634612-6b8a-48d9-bed8-b29142e2a0d8","type":"fetch","rationale":"Inspect an already-known source before another generic query","step":5,"t":"2026-09-17T23:37:47.306Z"}
{"level":"info","event":"action","runId":"91634612-6b8a-48d9-bed8-b29142e2a0d8","type":"challenge","rationale":"Disconfirm material conclusion: A primary source that directly contradicts this conclusion.","step":6,"t":"2026-09-17T23:37:47.318Z"}
{"level":"info","event":"action","runId":"91634612-6b8a-48d9-bed8-b29142e2a0d8","type":"challenge","rationale":"No counterexample found in accessed primary sources. This is not proof that the conclusion is true.","step":7,"t":"2026-09-17T23:37:47.331Z"}
{"level":"info","event":"action","runId":"91634612-6b8a-48d9-bed8-b29142e2a0d8","type":"synthesize","rationale":"decision_critical_gaps_resolved_or_unresolvable; high-impact claims supported or qualified; contradictions handled; remaining actions low expected value","step":8,"t":"2026-09-17T23:37:47.340Z"}
{"level":"info","event":"action","runId":"f79d5ea0-d29a-4475-92bc-e3597a927e5c","type":"search","rationale":"Investigate an uncovered required question","step":0,"t":"2026-09-17T23:37:48.133Z"}
{"level":"info","event":"action","runId":"f79d5ea0-d29a-4475-92bc-e3597a927e5c","type":"fetch","rationale":"Inspect an already-known source before another generic query","step":1,"t":"2026-09-17T23:37:48.154Z"}
{"level":"info","event":"action","runId":"f79d5ea0-d29a-4475-92bc-e3597a927e5c","type":"fetch","rationale":"Inspect an already-known source before another generic query","step":2,"t":"2026-09-17T23:37:48.167Z"}
{"level":"info","event":"action","runId":"f79d5ea0-d29a-4475-92bc-e3597a927e5c","type":"fetch","rationale":"Inspect an already-known source before another generic query","step":3,"t":"2026-09-17T23:37:48.182Z"}
{"level":"info","event":"action","runId":"f79d5ea0-d29a-4475-92bc-e3597a927e5c","type":"fetch","rationale":"Inspect an already-known source before another generic query","step":4,"t":"2026-09-17T23:37:48.193Z"}
{"level":"info","event":"action","runId":"f79d5ea0-d29a-4475-92bc-e3597a927e5c","type":"fetch","rationale":"Inspect an already-known source before another generic query","step":5,"t":"2026-09-17T23:37:48.207Z"}
{"level":"info","event":"action","runId":"f79d5ea0-d29a-4475-92bc-e3597a927e5c","type":"challenge","rationale":"Disconfirm material conclusion: A primary source that directly contradicts this conclusion.","step":6,"t":"2026-09-17T23:37:48.219Z"}
{"level":"info","event":"action","runId":"f79d5ea0-d29a-4475-92bc-e3597a927e5c","type":"challenge","rationale":"No counterexample found in accessed primary sources. This is not proof that the conclusion is true.","step":7,"t":"2026-09-17T23:37:48.230Z"}
{"level":"info","event":"action","runId":"f79d5ea0-d29a-4475-92bc-e3597a927e5c","type":"synthesize","rationale":"decision_critical_gaps_resolved_or_unresolvable; high-impact claims supported or qualified; contradictions handled; remaining actions low expected value","step":8,"t":"2026-09-17T23:37:48.244Z"}
{"level":"info","event":"action","runId":"79c9aa58-7d8e-4e72-8813-b572825d81f2","type":"search","rationale":"Investigate an uncovered required question","step":0,"t":"2026-09-17T23:37:49.299Z"}
{"level":"info","event":"action","runId":"79c9aa58-7d8e-4e72-8813-b572825d81f2","type":"fetch","rationale":"Inspect an already-known source before another generic query","step":1,"t":"2026-09-17T23:37:49.319Z"}
{"level":"info","event":"action","runId":"79c9aa58-7d8e-4e72-8813-b572825d81f2","type":"fetch","rationale":"Inspect an already-known source before another generic query","step":2,"t":"2026-09-17T23:37:49.332Z"}
{"level":"info","event":"action","runId":"79c9aa58-7d8e-4e72-8813-b572825d81f2","type":"fetch","rationale":"Inspect an already-known source before another generic query","step":3,"t":"2026-09-17T23:37:49.346Z"}
{"level":"info","event":"action","runId":"79c9aa58-7d8e-4e72-8813-b572825d81f2","type":"fetch","rationale":"Inspect an already-known source before another generic query","step":4,"t":"2026-09-17T23:37:49.359Z"}
{"level":"info","event":"action","runId":"79c9aa58-7d8e-4e72-8813-b572825d81f2","type":"fetch","rationale":"Inspect an already-known source before another generic query","step":5,"t":"2026-09-17T23:37:49.371Z"}
{"level":"info","event":"action","runId":"79c9aa58-7d8e-4e72-8813-b572825d81f2","type":"challenge","rationale":"Disconfirm material conclusion: A primary source that directly contradicts this conclusion.","step":6,"t":"2026-09-17T23:37:49.385Z"}
{"level":"info","event":"action","runId":"79c9aa58-7d8e-4e72-8813-b572825d81f2","type":"challenge","rationale":"No counterexample found in accessed primary sources. This is not proof that the conclusion is true.","step":7,"t":"2026-09-17T23:37:49.397Z"}
{"level":"info","event":"action","runId":"79c9aa58-7d8e-4e72-8813-b572825d81f2","type":"synthesize","rationale":"decision_critical_gaps_resolved_or_unresolvable; high-impact claims supported or qualified; contradictions handled; remaining actions low expected value","step":8,"t":"2026-09-17T23:37:49.408Z"}
{"level":"info","event":"action","runId":"b69e7cf3-1124-4d21-908d-f8b32d0f2da3","type":"search","rationale":"Investigate an uncovered required question","step":0,"t":"2026-09-17T23:37:49.942Z"}
{"level":"info","event":"action","runId":"b69e7cf3-1124-4d21-908d-f8b32d0f2da3","type":"fetch","rationale":"Inspect an already-known source before another generic query","step":1,"t":"2026-09-17T23:37:49.960Z"}
{"level":"info","event":"action","runId":"b69e7cf3-1124-4d21-908d-f8b32d0f2da3","type":"fetch","rationale":"Inspect an already-known source before another generic query","step":2,"t":"2026-09-17T23:37:49.973Z"}
{"level":"info","event":"action","runId":"b69e7cf3-1124-4d21-908d-f8b32d0f2da3","type":"fetch","rationale":"Inspect an already-known source before another generic query","step":3,"t":"2026-09-17T23:37:49.987Z"}
{"level":"info","event":"action","runId":"b69e7cf3-1124-4d21-908d-f8b32d0f2da3","type":"fetch","rationale":"Inspect an already-known source before another generic query","step":4,"t":"2026-09-17T23:37:49.998Z"}
{"level":"info","event":"action","runId":"b69e7cf3-1124-4d21-908d-f8b32d0f2da3","type":"fetch","rationale":"Inspect an already-known source before another generic query","step":5,"t":"2026-09-17T23:37:50.011Z"}
{"level":"info","event":"action","runId":"b69e7cf3-1124-4d21-908d-f8b32d0f2da3","type":"challenge","rationale":"Disconfirm material conclusion: A primary source that directly contradicts this conclusion.","step":6,"t":"2026-09-17T23:37:50.022Z"}
{"level":"info","event":"action","runId":"b69e7cf3-1124-4d21-908d-f8b32d0f2da3","type":"challenge","rationale":"No counterexample found in accessed primary sources. This is not proof that the conclusion is true.","step":7,"t":"2026-09-17T23:37:50.035Z"}
{"level":"info","event":"action","runId":"b69e7cf3-1124-4d21-908d-f8b32d0f2da3","type":"synthesize","rationale":"decision_critical_gaps_resolved_or_unresolvable; high-impact claims supported or qualified; contradictions handled; remaining actions low expected value","step":8,"t":"2026-09-17T23:37:50.044Z"}
{"level":"info","event":"action","runId":"85b6222f-83d2-49ed-894e-006859f2fe0b","type":"search","rationale":"Investigate an uncovered required question","step":0,"t":"2026-09-17T23:37:50.557Z"}
{"level":"info","event":"action","runId":"85b6222f-83d2-49ed-894e-006859f2fe0b","type":"fetch","rationale":"Inspect an already-known source before another generic query","step":1,"t":"2026-09-17T23:37:50.573Z"}
{"level":"info","event":"action","runId":"85b6222f-83d2-49ed-894e-006859f2fe0b","type":"challenge","rationale":"Disconfirm material conclusion: A primary source that directly contradicts this conclusion.","step":2,"t":"2026-09-17T23:37:50.587Z"}
{"level":"info","event":"action","runId":"85b6222f-83d2-49ed-894e-006859f2fe0b","type":"challenge","rationale":"No counterexample found in accessed primary sources. This is not proof that the conclusion is true.","step":3,"t":"2026-09-17T23:37:50.602Z"}
{"level":"info","event":"action","runId":"85b6222f-83d2-49ed-894e-006859f2fe0b","type":"synthesize","rationale":"decision_critical_gaps_resolved_or_unresolvable; high-impact claims supported or qualified; contradictions handled; remaining actions low expected value","step":4,"t":"2026-09-17T23:37:50.612Z"}
{"level":"info","event":"action","runId":"2781addc-3463-4b03-bc78-2c670615d96d","type":"search","rationale":"Investigate an uncovered required question","step":0,"t":"2026-09-17T23:37:51.141Z"}
{"level":"info","event":"action","runId":"2781addc-3463-4b03-bc78-2c670615d96d","type":"fetch","rationale":"Inspect an already-known source before another generic query","step":1,"t":"2026-09-17T23:37:51.163Z"}
{"level":"info","event":"action","runId":"2781addc-3463-4b03-bc78-2c670615d96d","type":"fetch","rationale":"Inspect an already-known source before another generic query","step":2,"t":"2026-09-17T23:37:51.174Z"}
{"level":"info","event":"action","runId":"2781addc-3463-4b03-bc78-2c670615d96d","type":"fetch","rationale":"Inspect an already-known source before another generic query","step":3,"t":"2026-09-17T23:37:51.186Z"}
{"level":"info","event":"action","runId":"2781addc-3463-4b03-bc78-2c670615d96d","type":"challenge","rationale":"Disconfirm material conclusion: A primary source that directly contradicts this conclusion.","step":4,"t":"2026-09-17T23:37:51.201Z"}
{"level":"info","event":"action","runId":"2781addc-3463-4b03-bc78-2c670615d96d","type":"challenge","rationale":"No counterexample found in accessed primary sources. This is not proof that the conclusion is true.","step":5,"t":"2026-09-17T23:37:51.214Z"}
{"level":"info","event":"action","runId":"2781addc-3463-4b03-bc78-2c670615d96d","type":"synthesize","rationale":"decision_critical_gaps_resolved_or_unresolvable; high-impact claims supported or qualified; contradictions handled; remaining actions low expected value","step":6,"t":"2026-09-17T23:37:51.224Z"}
{"level":"info","event":"action","runId":"85951106-2a5b-40fe-a646-cdb8aa9a0ebc","type":"search","rationale":"Investigate an uncovered required question","step":0,"t":"2026-09-17T23:37:51.758Z"}
{"level":"info","event":"action","runId":"85951106-2a5b-40fe-a646-cdb8aa9a0ebc","type":"fetch","rationale":"Inspect an already-known source before another generic query","step":1,"t":"2026-09-17T23:37:51.780Z"}
{"level":"info","event":"action","runId":"85951106-2a5b-40fe-a646-cdb8aa9a0ebc","type":"fetch","rationale":"Inspect an already-known source before another generic query","step":2,"t":"2026-09-17T23:37:51.794Z"}
{"level":"info","event":"action","runId":"85951106-2a5b-40fe-a646-cdb8aa9a0ebc","type":"fetch","rationale":"Inspect an already-known source before another generic query","step":3,"t":"2026-09-17T23:37:51.807Z"}
{"level":"info","event":"action","runId":"85951106-2a5b-40fe-a646-cdb8aa9a0ebc","type":"challenge","rationale":"Disconfirm material conclusion: A primary source that directly contradicts this conclusion.","step":4,"t":"2026-09-17T23:37:51.824Z"}
{"level":"info","event":"action","runId":"85951106-2a5b-40fe-a646-cdb8aa9a0ebc","type":"challenge","rationale":"No counterexample found in accessed primary sources. This is not proof that the conclusion is true.","step":5,"t":"2026-09-17T23:37:51.837Z"}
{"level":"info","event":"action","runId":"85951106-2a5b-40fe-a646-cdb8aa9a0ebc","type":"synthesize","rationale":"decision_critical_gaps_resolved_or_unresolvable; high-impact claims supported or qualified; contradictions handled; remaining actions low expected value","step":6,"t":"2026-09-17T23:37:51.847Z"}
{"level":"info","event":"action","runId":"66d49238-da4a-423e-9a30-7ea17a0c0fa9","type":"search","rationale":"Investigate an uncovered required question","step":0,"t":"2026-09-17T23:37:52.371Z"}
{"level":"info","event":"action","runId":"66d49238-da4a-423e-9a30-7ea17a0c0fa9","type":"fetch","rationale":"Inspect an already-known source before another generic query","step":1,"t":"2026-09-17T23:37:52.393Z"}
{"level":"info","event":"action","runId":"66d49238-da4a-423e-9a30-7ea17a0c0fa9","type":"fetch","rationale":"Inspect an already-known source before another generic query","step":2,"t":"2026-09-17T23:37:52.406Z"}
{"level":"info","event":"action","runId":"66d49238-da4a-423e-9a30-7ea17a0c0fa9","type":"fetch","rationale":"Inspect an already-known source before another generic query","step":3,"t":"2026-09-17T23:37:52.418Z"}
{"level":"info","event":"action","runId":"66d49238-da4a-423e-9a30-7ea17a0c0fa9","type":"fetch","rationale":"Inspect an already-known source before another generic query","step":4,"t":"2026-09-17T23:37:52.431Z"}
{"level":"info","event":"action","runId":"66d49238-da4a-423e-9a30-7ea17a0c0fa9","type":"fetch","rationale":"Inspect an already-known source before another generic query","step":5,"t":"2026-09-17T23:37:52.443Z"}
{"level":"info","event":"action","runId":"66d49238-da4a-423e-9a30-7ea17a0c0fa9","type":"challenge","rationale":"Disconfirm material conclusion: A primary source that directly contradicts this conclusion.","step":6,"t":"2026-09-17T23:37:52.455Z"}
{"level":"info","event":"action","runId":"66d49238-da4a-423e-9a30-7ea17a0c0fa9","type":"challenge","rationale":"No counterexample found in accessed primary sources. This is not proof that the conclusion is true.","step":7,"t":"2026-09-17T23:37:52.471Z"}
{"level":"info","event":"action","runId":"66d49238-da4a-423e-9a30-7ea17a0c0fa9","type":"synthesize","rationale":"decision_critical_gaps_resolved_or_unresolvable; high-impact claims supported or qualified; contradictions handled; remaining actions low expected value","step":8,"t":"2026-09-17T23:37:52.481Z"}
{"level":"info","event":"action","runId":"6bc90f28-46d4-462d-b0fe-5a1b5b5aaa7d","type":"search","rationale":"Investigate an uncovered required question","step":0,"t":"2026-09-17T23:37:52.726Z"}
{"level":"info","event":"action","runId":"6bc90f28-46d4-462d-b0fe-5a1b5b5aaa7d","type":"fetch","rationale":"Inspect an already-known source before another generic query","step":1,"t":"2026-09-17T23:37:52.743Z"}
{"level":"info","event":"action","runId":"6bc90f28-46d4-462d-b0fe-5a1b5b5aaa7d","type":"fetch","rationale":"Inspect an already-known source before another generic query","step":2,"t":"2026-09-17T23:37:52.755Z"}
{"level":"info","event":"action","runId":"6bc90f28-46d4-462d-b0fe-5a1b5b5aaa7d","type":"fetch","rationale":"Inspect an already-known source before another generic query","step":3,"t":"2026-09-17T23:37:52.768Z"}
{"level":"info","event":"action","runId":"6bc90f28-46d4-462d-b0fe-5a1b5b5aaa7d","type":"fetch","rationale":"Inspect an already-known source before another generic query","step":4,"t":"2026-09-17T23:37:52.780Z"}
{"level":"info","event":"action","runId":"6bc90f28-46d4-462d-b0fe-5a1b5b5aaa7d","type":"fetch","rationale":"Inspect an already-known source before another generic query","step":5,"t":"2026-09-17T23:37:52.793Z"}
{"level":"info","event":"action","runId":"6bc90f28-46d4-462d-b0fe-5a1b5b5aaa7d","type":"challenge","rationale":"Disconfirm material conclusion: A primary source that directly contradicts this conclusion.","step":6,"t":"2026-09-17T23:37:52.805Z"}
{"level":"info","event":"action","runId":"6bc90f28-46d4-462d-b0fe-5a1b5b5aaa7d","type":"challenge","rationale":"Disconfirm material conclusion: A primary source that directly contradicts this conclusion.","step":7,"t":"2026-09-17T23:37:52.817Z"}
{"level":"info","event":"action","runId":"6bc90f28-46d4-462d-b0fe-5a1b5b5aaa7d","type":"challenge","rationale":"Disconfirm material conclusion: A primary source that directly contradicts this conclusion.","step":8,"t":"2026-09-17T23:37:52.830Z"}
{"level":"info","event":"action","runId":"6bc90f28-46d4-462d-b0fe-5a1b5b5aaa7d","type":"challenge","rationale":"Disconfirm material conclusion: A primary source that directly contradicts this conclusion.","step":9,"t":"2026-09-17T23:37:52.842Z"}
{"level":"info","event":"action","runId":"6bc90f28-46d4-462d-b0fe-5a1b5b5aaa7d","type":"challenge","rationale":"Disconfirm material conclusion: A primary source that directly contradicts this conclusion.","step":10,"t":"2026-09-17T23:37:52.855Z"}
{"level":"info","event":"action","runId":"6bc90f28-46d4-462d-b0fe-5a1b5b5aaa7d","type":"challenge","rationale":"Disconfirm material conclusion: A primary source that directly contradicts this conclusion.","step":11,"t":"2026-09-17T23:37:52.867Z"}
{"level":"info","event":"action","runId":"6bc90f28-46d4-462d-b0fe-5a1b5b5aaa7d","type":"challenge","rationale":"Disconfirm material conclusion: A primary source that directly contradicts this conclusion.","step":12,"t":"2026-09-17T23:37:52.878Z"}
{"level":"info","event":"action","runId":"6bc90f28-46d4-462d-b0fe-5a1b5b5aaa7d","type":"challenge","rationale":"No counterexample found in accessed primary sources. This is not proof that the conclusion is true.","step":13,"t":"2026-09-17T23:37:52.891Z"}
{"level":"info","event":"action","runId":"6bc90f28-46d4-462d-b0fe-5a1b5b5aaa7d","type":"stop","rationale":"Repeated searches returned no novel source family or coverage progress","step":14,"t":"2026-09-17T23:37:52.901Z"}
{"level":"info","event":"action","runId":"b193aec8-00e9-457f-81f4-42de6a9cad14","type":"search","rationale":"Investigate an uncovered required question","step":0,"t":"2026-09-17T23:37:53.406Z"}
{"level":"info","event":"action","runId":"b193aec8-00e9-457f-81f4-42de6a9cad14","type":"fetch","rationale":"Inspect an already-known source before another generic query","step":1,"t":"2026-09-17T23:37:53.423Z"}
{"level":"info","event":"action","runId":"b193aec8-00e9-457f-81f4-42de6a9cad14","type":"fetch","rationale":"Inspect an already-known source before another generic query","step":2,"t":"2026-09-17T23:37:53.435Z"}
{"level":"info","event":"action","runId":"b193aec8-00e9-457f-81f4-42de6a9cad14","type":"challenge","rationale":"Disconfirm material conclusion: A primary source that directly contradicts this conclusion.","step":3,"t":"2026-09-17T23:37:53.447Z"}
{"level":"info","event":"action","runId":"b193aec8-00e9-457f-81f4-42de6a9cad14","type":"challenge","rationale":"No counterexample found in accessed primary sources. This is not proof that the conclusion is true.","step":4,"t":"2026-09-17T23:37:53.460Z"}
{"level":"info","event":"action","runId":"b193aec8-00e9-457f-81f4-42de6a9cad14","type":"synthesize","rationale":"decision_critical_gaps_resolved_or_unresolvable; high-impact claims supported or qualified; contradictions handled; remaining actions low expected value","step":5,"t":"2026-09-17T23:37:53.471Z"}
{"level":"info","event":"action","runId":"77f71264-2ae1-4452-8aa7-a4e37f7ea5cf","type":"search","rationale":"Investigate an uncovered required question","step":0,"t":"2026-09-17T23:37:53.995Z"}
{"level":"info","event":"action","runId":"77f71264-2ae1-4452-8aa7-a4e37f7ea5cf","type":"fetch","rationale":"Inspect an already-known source before another generic query","step":1,"t":"2026-09-17T23:37:54.011Z"}
{"level":"info","event":"action","runId":"77f71264-2ae1-4452-8aa7-a4e37f7ea5cf","type":"challenge","rationale":"Disconfirm material conclusion: A primary source that directly contradicts this conclusion.","step":2,"t":"2026-09-17T23:37:54.023Z"}
{"level":"info","event":"action","runId":"77f71264-2ae1-4452-8aa7-a4e37f7ea5cf","type":"challenge","rationale":"No counterexample found in accessed primary sources. This is not proof that the conclusion is true.","step":3,"t":"2026-09-17T23:37:54.035Z"}
{"level":"info","event":"action","runId":"77f71264-2ae1-4452-8aa7-a4e37f7ea5cf","type":"synthesize","rationale":"decision_critical_gaps_resolved_or_unresolvable; high-impact claims supported or qualified; contradictions handled; remaining actions low expected value","step":4,"t":"2026-09-17T23:37:54.044Z"}
{"level":"info","event":"action","runId":"d110fc7b-99de-4c2c-9f46-21243156341f","type":"search","rationale":"Investigate an uncovered required question","step":0,"t":"2026-09-17T23:37:54.571Z"}
{"level":"info","event":"action","runId":"d110fc7b-99de-4c2c-9f46-21243156341f","type":"fetch","rationale":"Inspect an already-known source before another generic query","step":1,"t":"2026-09-17T23:37:54.586Z"}
{"level":"info","event":"action","runId":"d110fc7b-99de-4c2c-9f46-21243156341f","type":"challenge","rationale":"Disconfirm material conclusion: A primary source that directly contradicts this conclusion.","step":2,"t":"2026-09-17T23:37:54.600Z"}
{"level":"info","event":"action","runId":"d110fc7b-99de-4c2c-9f46-21243156341f","type":"challenge","rationale":"No counterexample found in accessed primary sources. This is not proof that the conclusion is true.","step":3,"t":"2026-09-17T23:37:54.613Z"}
{"level":"info","event":"action","runId":"d110fc7b-99de-4c2c-9f46-21243156341f","type":"synthesize","rationale":"decision_critical_gaps_resolved_or_unresolvable; high-impact claims supported or qualified; contradictions handled; remaining actions low expected value","step":4,"t":"2026-09-17T23:37:54.624Z"}
{"level":"info","event":"action","runId":"b8baebcf-9a6a-403d-b07f-169ba023c973","type":"search","rationale":"Investigate an uncovered required question","step":0,"t":"2026-09-17T23:37:55.137Z"}
{"level":"info","event":"action","runId":"b8baebcf-9a6a-403d-b07f-169ba023c973","type":"fetch","rationale":"Inspect an already-known source before another generic query","step":1,"t":"2026-09-17T23:37:55.153Z"}
{"level":"info","event":"action","runId":"b8baebcf-9a6a-403d-b07f-169ba023c973","type":"challenge","rationale":"Disconfirm material conclusion: A primary source that directly contradicts this conclusion.","step":2,"t":"2026-09-17T23:37:55.165Z"}
{"level":"info","event":"action","runId":"b8baebcf-9a6a-403d-b07f-169ba023c973","type":"challenge","rationale":"No counterexample found in accessed primary sources. This is not proof that the conclusion is true.","step":3,"t":"2026-09-17T23:37:55.176Z"}
{"level":"info","event":"action","runId":"b8baebcf-9a6a-403d-b07f-169ba023c973","type":"synthesize","rationale":"decision_critical_gaps_resolved_or_unresolvable; high-impact claims supported or qualified; contradictions handled; remaining actions low expected value","step":4,"t":"2026-09-17T23:37:55.186Z"}
{"level":"info","event":"action","runId":"0dbac91d-e253-422d-bb95-2b210f069ed4","type":"search","rationale":"Investigate an uncovered required question","step":0,"t":"2026-09-17T23:37:55.708Z"}
{"level":"info","event":"action","runId":"0dbac91d-e253-422d-bb95-2b210f069ed4","type":"fetch","rationale":"Inspect an already-known source before another generic query","step":1,"t":"2026-09-17T23:37:55.723Z"}
{"level":"info","event":"action","runId":"0dbac91d-e253-422d-bb95-2b210f069ed4","type":"challenge","rationale":"Disconfirm material conclusion: A primary source that directly contradicts this conclusion.","step":2,"t":"2026-09-17T23:37:55.736Z"}
{"level":"info","event":"action","runId":"0dbac91d-e253-422d-bb95-2b210f069ed4","type":"challenge","rationale":"No counterexample found in accessed primary sources. This is not proof that the conclusion is true.","step":3,"t":"2026-09-17T23:37:55.748Z"}
{"level":"info","event":"action","runId":"0dbac91d-e253-422d-bb95-2b210f069ed4","type":"synthesize","rationale":"decision_critical_gaps_resolved_or_unresolvable; high-impact claims supported or qualified; contradictions handled; remaining actions low expected value","step":4,"t":"2026-09-17T23:37:55.757Z"}
{"level":"info","event":"action","runId":"576927d2-3cee-4555-b39e-a5412d4daa57","type":"search","rationale":"Investigate an uncovered required question","step":0,"t":"2026-09-17T23:37:56.284Z"}
{"level":"info","event":"action","runId":"576927d2-3cee-4555-b39e-a5412d4daa57","type":"fetch","rationale":"Inspect an already-known source before another generic query","step":1,"t":"2026-09-17T23:37:56.305Z"}
{"level":"info","event":"action","runId":"576927d2-3cee-4555-b39e-a5412d4daa57","type":"fetch","rationale":"Inspect an already-known source before another generic query","step":2,"t":"2026-09-17T23:37:56.316Z"}
{"level":"info","event":"action","runId":"576927d2-3cee-4555-b39e-a5412d4daa57","type":"fetch","rationale":"Inspect an already-known source before another generic query","step":3,"t":"2026-09-17T23:37:56.333Z"}
{"level":"info","event":"action","runId":"576927d2-3cee-4555-b39e-a5412d4daa57","type":"fetch","rationale":"Inspect an already-known source before another generic query","step":4,"t":"2026-09-17T23:37:56.350Z"}
{"level":"info","event":"action","runId":"576927d2-3cee-4555-b39e-a5412d4daa57","type":"fetch","rationale":"Inspect an already-known source before another generic query","step":5,"t":"2026-09-17T23:37:56.367Z"}
{"level":"info","event":"action","runId":"576927d2-3cee-4555-b39e-a5412d4daa57","type":"challenge","rationale":"Disconfirm material conclusion: A primary source that directly contradicts this conclusion.","step":6,"t":"2026-09-17T23:37:56.379Z"}
{"level":"info","event":"action","runId":"576927d2-3cee-4555-b39e-a5412d4daa57","type":"challenge","rationale":"No counterexample found in accessed primary sources. This is not proof that the conclusion is true.","step":7,"t":"2026-09-17T23:37:56.393Z"}
{"level":"info","event":"action","runId":"576927d2-3cee-4555-b39e-a5412d4daa57","type":"synthesize","rationale":"decision_critical_gaps_resolved_or_unresolvable; high-impact claims supported or qualified; contradictions handled; remaining actions low expected value","step":8,"t":"2026-09-17T23:37:56.404Z"}
{"level":"info","event":"action","runId":"2bbbed8f-0051-455f-8203-13f43260f237","type":"search","rationale":"Investigate an uncovered required question","step":0,"t":"2026-09-17T23:37:56.889Z"}
{"level":"info","event":"action","runId":"2bbbed8f-0051-455f-8203-13f43260f237","type":"fetch","rationale":"Inspect an already-known source before another generic query","step":1,"t":"2026-09-17T23:37:56.908Z"}
{"level":"info","event":"action","runId":"2bbbed8f-0051-455f-8203-13f43260f237","type":"synthesize","rationale":"budget requires finishing with available evidence","step":2,"t":"2026-09-17T23:37:56.921Z"}
{"level":"info","event":"action","runId":"9673a00f-9e33-41d9-8427-4fb0b57e4196","type":"search","rationale":"Investigate an uncovered required question","step":0,"t":"2026-09-17T23:37:57.444Z"}
{"level":"info","event":"action","runId":"9673a00f-9e33-41d9-8427-4fb0b57e4196","type":"fetch","rationale":"Inspect an already-known source before another generic query","step":1,"t":"2026-09-17T23:37:57.464Z"}
{"level":"info","event":"action","runId":"9673a00f-9e33-41d9-8427-4fb0b57e4196","type":"fetch","rationale":"Inspect an already-known source before another generic query","step":2,"t":"2026-09-17T23:37:57.481Z"}
{"level":"info","event":"action","runId":"9673a00f-9e33-41d9-8427-4fb0b57e4196","type":"fetch","rationale":"Inspect an already-known source before another generic query","step":3,"t":"2026-09-17T23:37:57.497Z"}
{"level":"info","event":"action","runId":"9673a00f-9e33-41d9-8427-4fb0b57e4196","type":"fetch","rationale":"Inspect an already-known source before another generic query","step":4,"t":"2026-09-17T23:37:57.510Z"}
{"level":"info","event":"action","runId":"9673a00f-9e33-41d9-8427-4fb0b57e4196","type":"fetch","rationale":"Inspect an already-known source before another generic query","step":5,"t":"2026-09-17T23:37:57.524Z"}
{"level":"info","event":"action","runId":"9673a00f-9e33-41d9-8427-4fb0b57e4196","type":"challenge","rationale":"Disconfirm material conclusion: A primary source that directly contradicts this conclusion.","step":6,"t":"2026-09-17T23:37:57.537Z"}
{"level":"info","event":"action","runId":"9673a00f-9e33-41d9-8427-4fb0b57e4196","type":"challenge","rationale":"No counterexample found in accessed primary sources. This is not proof that the conclusion is true.","step":7,"t":"2026-09-17T23:37:57.551Z"}
{"level":"info","event":"action","runId":"9673a00f-9e33-41d9-8427-4fb0b57e4196","type":"synthesize","rationale":"decision_critical_gaps_resolved_or_unresolvable; high-impact claims supported or qualified; contradictions handled; remaining actions low expected value","step":8,"t":"2026-09-17T23:37:57.562Z"}
{"level":"info","event":"action","runId":"3bdaaaa0-cf7a-47f2-885d-3976e3a6ab6e","type":"search","rationale":"Investigate an uncovered required question","step":0,"t":"2026-09-17T23:37:58.378Z"}
{"level":"info","event":"action","runId":"3bdaaaa0-cf7a-47f2-885d-3976e3a6ab6e","type":"fetch","rationale":"Inspect an already-known source before another generic query","step":1,"t":"2026-09-17T23:37:58.400Z"}
{"level":"info","event":"action","runId":"3bdaaaa0-cf7a-47f2-885d-3976e3a6ab6e","type":"fetch","rationale":"Inspect an already-known source before another generic query","step":2,"t":"2026-09-17T23:37:58.412Z"}
{"level":"info","event":"action","runId":"3bdaaaa0-cf7a-47f2-885d-3976e3a6ab6e","type":"fetch","rationale":"Inspect an already-known source before another generic query","step":3,"t":"2026-09-17T23:37:58.425Z"}
{"level":"info","event":"action","runId":"3bdaaaa0-cf7a-47f2-885d-3976e3a6ab6e","type":"fetch","rationale":"Inspect an already-known source before another generic query","step":4,"t":"2026-09-17T23:37:58.437Z"}
{"level":"info","event":"action","runId":"3bdaaaa0-cf7a-47f2-885d-3976e3a6ab6e","type":"fetch","rationale":"Inspect an already-known source before another generic query","step":5,"t":"2026-09-17T23:37:58.448Z"}
{"level":"info","event":"action","runId":"3bdaaaa0-cf7a-47f2-885d-3976e3a6ab6e","type":"challenge","rationale":"Disconfirm material conclusion: A primary source that directly contradicts this conclusion.","step":6,"t":"2026-09-17T23:37:58.461Z"}
{"level":"info","event":"action","runId":"3bdaaaa0-cf7a-47f2-885d-3976e3a6ab6e","type":"challenge","rationale":"No counterexample found in accessed primary sources. This is not proof that the conclusion is true.","step":7,"t":"2026-09-17T23:37:58.473Z"}
{"level":"info","event":"action","runId":"3bdaaaa0-cf7a-47f2-885d-3976e3a6ab6e","type":"synthesize","rationale":"decision_critical_gaps_resolved_or_unresolvable; high-impact claims supported or qualified; contradictions handled; remaining actions low expected value","step":8,"t":"2026-09-17T23:37:58.483Z"}
{"level":"info","event":"action","runId":"3947dd3e-997a-4693-ba6b-8dee0a59d93f","type":"challenge","rationale":"Disconfirm material conclusion: A primary source that directly contradicts this conclusion.","step":0,"t":"2026-09-17T23:37:59.306Z"}
{"level":"info","event":"action","runId":"3947dd3e-997a-4693-ba6b-8dee0a59d93f","type":"fetch","rationale":"Inspect an already-known source before another generic query","step":1,"t":"2026-09-17T23:37:59.329Z"}
{"level":"info","event":"action","runId":"3947dd3e-997a-4693-ba6b-8dee0a59d93f","type":"fetch","rationale":"Inspect an already-known source before another generic query","step":2,"t":"2026-09-17T23:37:59.340Z"}
{"level":"info","event":"action","runId":"3947dd3e-997a-4693-ba6b-8dee0a59d93f","type":"fetch","rationale":"Inspect an already-known source before another generic query","step":3,"t":"2026-09-17T23:37:59.356Z"}
{"level":"info","event":"action","runId":"3947dd3e-997a-4693-ba6b-8dee0a59d93f","type":"challenge","rationale":"No counterexample found in accessed primary sources. This is not proof that the conclusion is true.","step":4,"t":"2026-09-17T23:37:59.371Z"}
{"level":"info","event":"action","runId":"3947dd3e-997a-4693-ba6b-8dee0a59d93f","type":"synthesize","rationale":"decision_critical_gaps_resolved_or_unresolvable; high-impact claims supported or qualified; contradictions handled; remaining actions low expected value","step":5,"t":"2026-09-17T23:37:59.380Z"}
{"level":"info","event":"action","runId":"f222a78f-7c90-4b33-bf52-d601b7b83020","type":"challenge","rationale":"Disconfirm material conclusion: A primary source that directly contradicts this conclusion.","step":0,"t":"2026-09-17T23:37:59.981Z"}
{"level":"info","event":"action","runId":"f222a78f-7c90-4b33-bf52-d601b7b83020","type":"fetch","rationale":"Inspect an already-known source before another generic query","step":1,"t":"2026-09-17T23:38:00.003Z"}
{"level":"info","event":"action","runId":"f222a78f-7c90-4b33-bf52-d601b7b83020","type":"fetch","rationale":"Inspect an already-known source before another generic query","step":2,"t":"2026-09-17T23:38:00.018Z"}
{"level":"info","event":"action","runId":"f222a78f-7c90-4b33-bf52-d601b7b83020","type":"fetch","rationale":"Inspect an already-known source before another generic query","step":3,"t":"2026-09-17T23:38:00.031Z"}
{"level":"info","event":"action","runId":"f222a78f-7c90-4b33-bf52-d601b7b83020","type":"challenge","rationale":"No counterexample found in accessed primary sources. This is not proof that the conclusion is true.","step":4,"t":"2026-09-17T23:38:00.050Z"}
{"level":"info","event":"action","runId":"f222a78f-7c90-4b33-bf52-d601b7b83020","type":"synthesize","rationale":"decision_critical_gaps_resolved_or_unresolvable; high-impact claims supported or qualified; contradictions handled; remaining actions low expected value","step":5,"t":"2026-09-17T23:38:00.060Z"}
{"level":"info","event":"action","runId":"73daaa3e-09b5-47a1-801c-b93b75baaa39","type":"search","rationale":"Investigate an uncovered required question","step":0,"t":"2026-09-17T23:38:00.455Z"}
{"level":"info","event":"action","runId":"73daaa3e-09b5-47a1-801c-b93b75baaa39","type":"fetch","rationale":"Inspect an already-known source before another generic query","step":1,"t":"2026-09-17T23:38:00.478Z"}
{"level":"info","event":"action","runId":"73daaa3e-09b5-47a1-801c-b93b75baaa39","type":"fetch","rationale":"Inspect an already-known source before another generic query","step":2,"t":"2026-09-17T23:38:00.492Z"}
{"level":"info","event":"action","runId":"73daaa3e-09b5-47a1-801c-b93b75baaa39","type":"fetch","rationale":"Inspect an already-known source before another generic query","step":3,"t":"2026-09-17T23:38:00.508Z"}
{"level":"info","event":"action","runId":"73daaa3e-09b5-47a1-801c-b93b75baaa39","type":"fetch","rationale":"Inspect an already-known source before another generic query","step":4,"t":"2026-09-17T23:38:00.523Z"}
{"level":"info","event":"action","runId":"73daaa3e-09b5-47a1-801c-b93b75baaa39","type":"fetch","rationale":"Inspect an already-known source before another generic query","step":5,"t":"2026-09-17T23:38:00.538Z"}
{"level":"info","event":"action","runId":"73daaa3e-09b5-47a1-801c-b93b75baaa39","type":"challenge","rationale":"Disconfirm material conclusion: A primary source that directly contradicts this conclusion.","step":6,"t":"2026-09-17T23:38:00.553Z"}
{"level":"info","event":"action","runId":"73daaa3e-09b5-47a1-801c-b93b75baaa39","type":"challenge","rationale":"No counterexample found in accessed primary sources. This is not proof that the conclusion is true.","step":7,"t":"2026-09-17T23:38:00.570Z"}
{"level":"info","event":"action","runId":"73daaa3e-09b5-47a1-801c-b93b75baaa39","type":"synthesize","rationale":"decision_critical_gaps_resolved_or_unresolvable; high-impact claims supported or qualified; contradictions handled; remaining actions low expected value","step":8,"t":"2026-09-17T23:38:00.583Z"}
{"level":"info","event":"action","runId":"9e9a78ae-2ba0-43ec-b0fb-4e2a80df15fa","type":"search","rationale":"Investigate an uncovered required question","step":0,"t":"2026-09-17T23:38:01.126Z"}
{"level":"info","event":"action","runId":"9e9a78ae-2ba0-43ec-b0fb-4e2a80df15fa","type":"fetch","rationale":"Inspect an already-known source before another generic query","step":1,"t":"2026-09-17T23:38:01.152Z"}
{"level":"info","event":"action","runId":"9e9a78ae-2ba0-43ec-b0fb-4e2a80df15fa","type":"fetch","rationale":"Inspect an already-known source before another generic query","step":2,"t":"2026-09-17T23:38:01.168Z"}
{"level":"info","event":"action","runId":"9e9a78ae-2ba0-43ec-b0fb-4e2a80df15fa","type":"fetch","rationale":"Inspect an already-known source before another generic query","step":3,"t":"2026-09-17T23:38:01.181Z"}
{"level":"info","event":"action","runId":"9e9a78ae-2ba0-43ec-b0fb-4e2a80df15fa","type":"fetch","rationale":"Inspect an already-known source before another generic query","step":4,"t":"2026-09-17T23:38:01.197Z"}
{"level":"info","event":"action","runId":"9e9a78ae-2ba0-43ec-b0fb-4e2a80df15fa","type":"fetch","rationale":"Inspect an already-known source before another generic query","step":5,"t":"2026-09-17T23:38:01.211Z"}
{"level":"info","event":"action","runId":"9e9a78ae-2ba0-43ec-b0fb-4e2a80df15fa","type":"challenge","rationale":"Disconfirm material conclusion: A primary source that directly contradicts this conclusion.","step":6,"t":"2026-09-17T23:38:01.225Z"}
{"level":"info","event":"action","runId":"9e9a78ae-2ba0-43ec-b0fb-4e2a80df15fa","type":"challenge","rationale":"No counterexample found in accessed primary sources. This is not proof that the conclusion is true.","step":7,"t":"2026-09-17T23:38:01.240Z"}
{"level":"info","event":"action","runId":"9e9a78ae-2ba0-43ec-b0fb-4e2a80df15fa","type":"synthesize","rationale":"decision_critical_gaps_resolved_or_unresolvable; high-impact claims supported or qualified; contradictions handled; remaining actions low expected value","step":8,"t":"2026-09-17T23:38:01.252Z"}
{"level":"info","event":"action","runId":"825d7faf-e087-4ed3-a390-a370ec0c539e","type":"clarify","rationale":"A blocking field is unspecified and would change the answer","step":0,"t":"2026-09-17T23:38:02.421Z"}
{"level":"info","event":"action","runId":"850db6ac-0c68-4ff0-9bdf-a91d85c3aa93","type":"clarify","rationale":"A blocking field is unspecified and would change the answer","step":0,"t":"2026-09-17T23:38:02.763Z"}
{"level":"info","event":"action","runId":"850db6ac-0c68-4ff0-9bdf-a91d85c3aa93","type":"search","rationale":"Investigate an uncovered required question","step":0,"t":"2026-09-17T23:38:02.790Z"}
{"level":"info","event":"action","runId":"850db6ac-0c68-4ff0-9bdf-a91d85c3aa93","type":"fetch","rationale":"Inspect an already-known source before another generic query","step":1,"t":"2026-09-17T23:38:02.808Z"}
{"level":"info","event":"action","runId":"850db6ac-0c68-4ff0-9bdf-a91d85c3aa93","type":"challenge","rationale":"Disconfirm material conclusion: A primary source that directly contradicts this conclusion.","step":2,"t":"2026-09-17T23:38:02.823Z"}
{"level":"info","event":"action","runId":"850db6ac-0c68-4ff0-9bdf-a91d85c3aa93","type":"challenge","rationale":"Disconfirm material conclusion: A primary source that directly contradicts this conclusion.","step":3,"t":"2026-09-17T23:38:02.837Z"}
{"level":"info","event":"action","runId":"850db6ac-0c68-4ff0-9bdf-a91d85c3aa93","type":"challenge","rationale":"Disconfirm material conclusion: A primary source that directly contradicts this conclusion.","step":4,"t":"2026-09-17T23:38:02.852Z"}
{"level":"info","event":"action","runId":"850db6ac-0c68-4ff0-9bdf-a91d85c3aa93","type":"challenge","rationale":"Disconfirm material conclusion: A primary source that directly contradicts this conclusion.","step":5,"t":"2026-09-17T23:38:02.867Z"}
{"level":"info","event":"action","runId":"850db6ac-0c68-4ff0-9bdf-a91d85c3aa93","type":"challenge","rationale":"Disconfirm material conclusion: A primary source that directly contradicts this conclusion.","step":6,"t":"2026-09-17T23:38:02.882Z"}
{"level":"info","event":"action","runId":"850db6ac-0c68-4ff0-9bdf-a91d85c3aa93","type":"challenge","rationale":"Disconfirm material conclusion: A primary source that directly contradicts this conclusion.","step":7,"t":"2026-09-17T23:38:02.897Z"}
{"level":"info","event":"action","runId":"850db6ac-0c68-4ff0-9bdf-a91d85c3aa93","type":"challenge","rationale":"Disconfirm material conclusion: A primary source that directly contradicts this conclusion.","step":8,"t":"2026-09-17T23:38:02.913Z"}
{"level":"info","event":"action","runId":"850db6ac-0c68-4ff0-9bdf-a91d85c3aa93","type":"challenge","rationale":"No counterexample found in accessed primary sources. This is not proof that the conclusion is true.","step":9,"t":"2026-09-17T23:38:02.929Z"}
{"level":"info","event":"action","runId":"850db6ac-0c68-4ff0-9bdf-a91d85c3aa93","type":"stop","rationale":"Repeated searches returned no novel source family or coverage progress","step":10,"t":"2026-09-17T23:38:02.940Z"}
{"level":"info","event":"action","runId":"bf97fec0-b280-4c70-b7c1-0cba399d6ad7","type":"clarify","rationale":"A blocking field is unspecified and would change the answer","step":0,"t":"2026-09-17T23:38:03.492Z"}
{"level":"info","event":"action","runId":"bf97fec0-b280-4c70-b7c1-0cba399d6ad7","type":"search","rationale":"Investigate an uncovered required question","step":0,"t":"2026-09-17T23:38:03.516Z"}
{"level":"info","event":"action","runId":"bf97fec0-b280-4c70-b7c1-0cba399d6ad7","type":"fetch","rationale":"Inspect an already-known source before another generic query","step":1,"t":"2026-09-17T23:38:03.532Z"}
{"level":"info","event":"action","runId":"bf97fec0-b280-4c70-b7c1-0cba399d6ad7","type":"challenge","rationale":"Disconfirm material conclusion: A primary source that directly contradicts this conclusion.","step":2,"t":"2026-09-17T23:38:03.546Z"}
{"level":"info","event":"action","runId":"bf97fec0-b280-4c70-b7c1-0cba399d6ad7","type":"challenge","rationale":"Disconfirm material conclusion: A primary source that directly contradicts this conclusion.","step":3,"t":"2026-09-17T23:38:03.560Z"}
{"level":"info","event":"action","runId":"bf97fec0-b280-4c70-b7c1-0cba399d6ad7","type":"challenge","rationale":"Disconfirm material conclusion: A primary source that directly contradicts this conclusion.","step":4,"t":"2026-09-17T23:38:03.574Z"}
{"level":"info","event":"action","runId":"bf97fec0-b280-4c70-b7c1-0cba399d6ad7","type":"challenge","rationale":"Disconfirm material conclusion: A primary source that directly contradicts this conclusion.","step":5,"t":"2026-09-17T23:38:03.588Z"}
{"level":"info","event":"action","runId":"bf97fec0-b280-4c70-b7c1-0cba399d6ad7","type":"challenge","rationale":"Disconfirm material conclusion: A primary source that directly contradicts this conclusion.","step":6,"t":"2026-09-17T23:38:03.604Z"}
{"level":"info","event":"action","runId":"bf97fec0-b280-4c70-b7c1-0cba399d6ad7","type":"challenge","rationale":"Disconfirm material conclusion: A primary source that directly contradicts this conclusion.","step":7,"t":"2026-09-17T23:38:03.618Z"}
{"level":"info","event":"action","runId":"bf97fec0-b280-4c70-b7c1-0cba399d6ad7","type":"challenge","rationale":"Disconfirm material conclusion: A primary source that directly contradicts this conclusion.","step":8,"t":"2026-09-17T23:38:03.633Z"}
{"level":"info","event":"action","runId":"bf97fec0-b280-4c70-b7c1-0cba399d6ad7","type":"challenge","rationale":"No counterexample found in accessed primary sources. This is not proof that the conclusion is true.","step":9,"t":"2026-09-17T23:38:03.647Z"}
{"level":"info","event":"action","runId":"bf97fec0-b280-4c70-b7c1-0cba399d6ad7","type":"stop","rationale":"Repeated searches returned no novel source family or coverage progress","step":10,"t":"2026-09-17T23:38:03.659Z"}
{"level":"info","event":"action","runId":"6a0a76d4-1eca-4885-93e7-847a20efaa11","type":"clarify","rationale":"A blocking field is unspecified and would change the answer","step":0,"t":"2026-09-17T23:38:04.218Z"}
{"level":"info","event":"action","runId":"6a0a76d4-1eca-4885-93e7-847a20efaa11","type":"search","rationale":"Investigate an uncovered required question","step":0,"t":"2026-09-17T23:38:04.242Z"}
{"level":"info","event":"action","runId":"6a0a76d4-1eca-4885-93e7-847a20efaa11","type":"fetch","rationale":"Inspect an already-known source before another generic query","step":1,"t":"2026-09-17T23:38:04.258Z"}
{"level":"info","event":"action","runId":"6a0a76d4-1eca-4885-93e7-847a20efaa11","type":"challenge","rationale":"Disconfirm material conclusion: A primary source that directly contradicts this conclusion.","step":2,"t":"2026-09-17T23:38:04.271Z"}
{"level":"info","event":"action","runId":"6a0a76d4-1eca-4885-93e7-847a20efaa11","type":"challenge","rationale":"Disconfirm material conclusion: A primary source that directly contradicts this conclusion.","step":3,"t":"2026-09-17T23:38:04.284Z"}
{"level":"info","event":"action","runId":"6a0a76d4-1eca-4885-93e7-847a20efaa11","type":"challenge","rationale":"Disconfirm material conclusion: A primary source that directly contradicts this conclusion.","step":4,"t":"2026-09-17T23:38:04.298Z"}
{"level":"info","event":"action","runId":"6a0a76d4-1eca-4885-93e7-847a20efaa11","type":"challenge","rationale":"Disconfirm material conclusion: A primary source that directly contradicts this conclusion.","step":5,"t":"2026-09-17T23:38:04.312Z"}
{"level":"info","event":"action","runId":"6a0a76d4-1eca-4885-93e7-847a20efaa11","type":"challenge","rationale":"Disconfirm material conclusion: A primary source that directly contradicts this conclusion.","step":6,"t":"2026-09-17T23:38:04.325Z"}
{"level":"info","event":"action","runId":"6a0a76d4-1eca-4885-93e7-847a20efaa11","type":"challenge","rationale":"Disconfirm material conclusion: A primary source that directly contradicts this conclusion.","step":7,"t":"2026-09-17T23:38:04.338Z"}
{"level":"info","event":"action","runId":"6a0a76d4-1eca-4885-93e7-847a20efaa11","type":"challenge","rationale":"Disconfirm material conclusion: A primary source that directly contradicts this conclusion.","step":8,"t":"2026-09-17T23:38:04.351Z"}
{"level":"info","event":"action","runId":"6a0a76d4-1eca-4885-93e7-847a20efaa11","type":"challenge","rationale":"No counterexample found in accessed primary sources. This is not proof that the conclusion is true.","step":9,"t":"2026-09-17T23:38:04.365Z"}
{"level":"info","event":"action","runId":"6a0a76d4-1eca-4885-93e7-847a20efaa11","type":"stop","rationale":"Repeated searches returned no novel source family or coverage progress","step":10,"t":"2026-09-17T23:38:04.375Z"}
 ✓ test/p3-remaining.integration.test.ts (51 tests) 31120ms
   ✓ remaining launch-scope IDs > M04 fixture comparison publishes a wide table, code listing, unicode-safe text, and many citations  892ms
   ✓ remaining launch-scope IDs > R06 preserves event date vs publication date  642ms
   ✓ remaining launch-scope IDs > R10 declines an unrelated celebrity branch from page content  649ms
   ✓ remaining launch-scope IDs > R12 explains different percentage denominators instead of averaging  582ms
   ✓ remaining launch-scope IDs > R15 states unknown without a fake probability  592ms
   ✓ remaining launch-scope IDs > R16 comparison names the requested entities and constraints  658ms
   ✓ remaining launch-scope IDs > E05 new source version does not rewrite the original report citation  654ms
   ✓ remaining launch-scope IDs > V2-13 private canary is stored as evidence, omitted from public queries, and denied to another account  646ms
   ✓ remaining launch-scope IDs > JOB-1 eligibility-aware comparison under platform and export constraints  631ms
   ✓ remaining launch-scope IDs > JOB-1 adding Linux as a hard requirement excludes NoteKeep and keeps NoteAll  1050ms
   ✓ remaining launch-scope IDs > JOB-1 removing Linux as a requirement makes NoteKeep eligible again  1151ms
   ✓ remaining launch-scope IDs > JOB-2 attached document text is stored as supplied evidence and not used as a public query  654ms
   ✓ remaining launch-scope IDs > E06 actual PDF with no readable evidence is disclosed as unread pages  688ms
   ✓ remaining launch-scope IDs > E08 quoted report text is taken from the stored passage  704ms
   ✓ remaining launch-scope IDs > E09 export citation anchors resolve to owned passages  699ms
   ✓ remaining launch-scope IDs > J02 a second processRun after completion does not duplicate the report or settlement  666ms
   ✓ remaining launch-scope IDs > J06 cancel after completion keeps the published report  681ms
   ✓ remaining launch-scope IDs > J08 event cursor returns only later sequences  648ms
   ✓ remaining launch-scope IDs > J13 live spend kill switch blocks new paid routes but keeps saved reports  637ms
   ✓ remaining launch-scope IDs > S07 cross-account reports are denied  647ms
   ✓ remaining launch-scope IDs > V2-10 a later unavailable fetch does not retract last-access evidence  633ms
   ✓ remaining launch-scope IDs > V2-11 concise view uses the same answer citations as the body  620ms
   ✓ remaining launch-scope IDs > V2-19 scanned tables stay unread rather than guessed  575ms
   ✓ remaining launch-scope IDs > R17 concise request still keeps limitations  622ms
   ✓ remaining launch-scope IDs > R18 compacted checkpoint still lists stored passage ids  623ms
   ✓ remaining launch-scope IDs > R19 follow-up verifies one claim and keeps the parent report  1028ms
   ✓ remaining launch-scope IDs > R20 dates a retrieved price and keeps a founding year as history  592ms
   ✓ remaining launch-scope IDs > R21 labels a German original as a translation  564ms
   ✓ remaining launch-scope IDs > E03 preserves the adults-over-65 qualifier  582ms
   ✓ remaining launch-scope IDs > E04 report uses the table's 24% rather than 42%  555ms
   ✓ remaining launch-scope IDs > E10 withdraws the conclusion when the asserted 42% is unsupported by the 24% table  573ms
   ✓ remaining launch-scope IDs > J07 expired lease is reclaimed; a live lease is not stolen  615ms
   ✓ remaining launch-scope IDs > J10 a tight budget still publishes a written report  552ms
   ✓ remaining launch-scope IDs > J11 reports that app counters are not provider-internal guarantees  641ms
   ✓ remaining launch-scope IDs > J12 confirmed usage does not rewrite the historical estimate  302ms
   ✓ remaining launch-scope IDs > J14 duplicate completion epochs share one outbox row and omit query text  625ms
   ✓ remaining launch-scope IDs > V2-09 deleted attachment text is not left in reports  673ms
   ✓ remaining launch-scope IDs > V2-09 late worker cannot republish deleted private text even if it claims deleted=false  478ms
   ✓ remaining launch-scope IDs > expired session cannot read library or reports  678ms
   ✓ remaining launch-scope IDs > library lists report_id for a completed run so share can resolve  679ms
   ✓ remaining launch-scope IDs > M09 web deletion page is reachable without the app and deletes with a session token  347ms
   ✓ remaining launch-scope IDs > R02 continue without geography is rejected and does not invent Germany  314ms
   ✓ remaining launch-scope IDs > clarification continue records geography and resumes  749ms
   ✓ remaining launch-scope IDs > R02 continue with France records France and does not invent Germany  715ms
   ✓ remaining launch-scope IDs > R02 after France continue discovery uses France evidence not the Germany default note  707ms
{"level":"info","event":"action","runId":"ea774af7-0235-4681-9a20-a6037bc525c3","type":"clarify","rationale":"A blocking field is unspecified and would change the answer","step":0,"t":"2026-09-17T23:38:05.753Z"}
{"level":"info","event":"action","runId":"f23f1c07-a2e4-4c74-b8a7-1a35846779ee","type":"search","rationale":"Investigate an uncovered required question","step":0,"t":"2026-09-17T23:38:06.073Z"}
{"level":"info","event":"action","runId":"f23f1c07-a2e4-4c74-b8a7-1a35846779ee","type":"fetch","rationale":"Inspect an already-known source before another generic query","step":1,"t":"2026-09-17T23:38:06.109Z"}
{"level":"info","event":"action","runId":"f23f1c07-a2e4-4c74-b8a7-1a35846779ee","type":"fetch","rationale":"Inspect an already-known source before another generic query","step":2,"t":"2026-09-17T23:38:06.130Z"}
{"level":"info","event":"action","runId":"f23f1c07-a2e4-4c74-b8a7-1a35846779ee","type":"fetch","rationale":"Inspect an already-known source before another generic query","step":3,"t":"2026-09-17T23:38:06.149Z"}
{"level":"info","event":"action","runId":"f23f1c07-a2e4-4c74-b8a7-1a35846779ee","type":"challenge","rationale":"Disconfirm material conclusion: A primary source that directly contradicts this conclusion.","step":4,"t":"2026-09-17T23:38:06.171Z"}
{"level":"info","event":"action","runId":"f23f1c07-a2e4-4c74-b8a7-1a35846779ee","type":"challenge","rationale":"No counterexample found in accessed primary sources. This is not proof that the conclusion is true.","step":5,"t":"2026-09-17T23:38:06.191Z"}
{"level":"info","event":"action","runId":"f23f1c07-a2e4-4c74-b8a7-1a35846779ee","type":"synthesize","rationale":"decision_critical_gaps_resolved_or_unresolvable; high-impact claims supported or qualified; contradictions handled; remaining actions low expected value","step":6,"t":"2026-09-17T23:38:06.206Z"}
{"level":"info","event":"action","runId":"72cfda4d-9a8b-43c7-9fbf-e5f71e198b7e","type":"search","rationale":"Investigate an uncovered required question","step":0,"t":"2026-09-17T23:38:06.785Z"}
{"level":"info","event":"action","runId":"72cfda4d-9a8b-43c7-9fbf-e5f71e198b7e","type":"fetch","rationale":"Inspect an already-known source before another generic query","step":1,"t":"2026-09-17T23:38:06.807Z"}
{"level":"info","event":"action","runId":"72cfda4d-9a8b-43c7-9fbf-e5f71e198b7e","type":"challenge","rationale":"Disconfirm material conclusion: A primary source that directly contradicts this conclusion.","step":2,"t":"2026-09-17T23:38:06.822Z"}
{"level":"info","event":"action","runId":"72cfda4d-9a8b-43c7-9fbf-e5f71e198b7e","type":"challenge","rationale":"No counterexample found in accessed primary sources. This is not proof that the conclusion is true.","step":3,"t":"2026-09-17T23:38:06.839Z"}
{"level":"info","event":"action","runId":"72cfda4d-9a8b-43c7-9fbf-e5f71e198b7e","type":"synthesize","rationale":"inaccessible_or_unresolved_gap:primary source is inaccessible","step":4,"t":"2026-09-17T23:38:06.850Z"}
{"level":"info","event":"action","runId":"95ac10a9-172a-4229-bc40-ad1a4119dd4f","type":"search","rationale":"Investigate an uncovered required question","step":0,"t":"2026-09-17T23:38:07.419Z"}
{"level":"info","event":"action","runId":"95ac10a9-172a-4229-bc40-ad1a4119dd4f","type":"fetch","rationale":"Inspect the preferred source type (vendor-docs) before more weak sources","step":1,"t":"2026-09-17T23:38:07.441Z"}
{"level":"info","event":"action","runId":"95ac10a9-172a-4229-bc40-ad1a4119dd4f","type":"fetch","rationale":"Inspect the preferred source type (vendor-docs) before more weak sources","step":2,"t":"2026-09-17T23:38:07.458Z"}
{"level":"info","event":"action","runId":"95ac10a9-172a-4229-bc40-ad1a4119dd4f","type":"verify","rationale":"Scope-check contradiction on value before treating newest as correct","step":3,"t":"2026-09-17T23:38:07.475Z"}
{"level":"info","event":"action","runId":"95ac10a9-172a-4229-bc40-ad1a4119dd4f","type":"challenge","rationale":"Disconfirm material conclusion: A primary source that directly contradicts this conclusion.","step":4,"t":"2026-09-17T23:38:07.493Z"}
{"level":"info","event":"action","runId":"95ac10a9-172a-4229-bc40-ad1a4119dd4f","type":"challenge","rationale":"No counterexample found in accessed primary sources. This is not proof that the conclusion is true.","step":5,"t":"2026-09-17T23:38:07.509Z"}
{"level":"info","event":"action","runId":"95ac10a9-172a-4229-bc40-ad1a4119dd4f","type":"synthesize","rationale":"decision_critical_gaps_resolved_or_unresolvable; high-impact claims supported or qualified; contradictions handled; remaining actions low expected value","step":6,"t":"2026-09-17T23:38:07.522Z"}
{"level":"info","event":"action","runId":"238081bf-fc0d-47d7-a497-086f274f12e0","type":"search","rationale":"Investigate an uncovered required question","step":0,"t":"2026-09-17T23:38:08.104Z"}
{"level":"info","event":"action","runId":"238081bf-fc0d-47d7-a497-086f274f12e0","type":"fetch","rationale":"Inspect an already-known source before another generic query","step":1,"t":"2026-09-17T23:38:08.129Z"}
{"level":"info","event":"action","runId":"238081bf-fc0d-47d7-a497-086f274f12e0","type":"synthesize","rationale":"budget requires finishing with available evidence","step":2,"t":"2026-09-17T23:38:08.145Z"}
{"level":"info","event":"action","runId":"0155c768-e8dc-4b8a-8e17-da125ac67a84","type":"search","rationale":"Investigate an uncovered required question","step":0,"t":"2026-09-17T23:38:08.717Z"}
{"level":"info","event":"action","runId":"0155c768-e8dc-4b8a-8e17-da125ac67a84","type":"fetch","rationale":"Inspect an already-known source before another generic query","step":1,"t":"2026-09-17T23:38:08.745Z"}
{"level":"info","event":"action","runId":"0155c768-e8dc-4b8a-8e17-da125ac67a84","type":"fetch","rationale":"Inspect an already-known source before another generic query","step":2,"t":"2026-09-17T23:38:08.761Z"}
{"level":"info","event":"action","runId":"0155c768-e8dc-4b8a-8e17-da125ac67a84","type":"fetch","rationale":"Inspect an already-known source before another generic query","step":3,"t":"2026-09-17T23:38:08.780Z"}
{"level":"info","event":"action","runId":"0155c768-e8dc-4b8a-8e17-da125ac67a84","type":"challenge","rationale":"Disconfirm material conclusion: A primary source that directly contradicts this conclusion.","step":4,"t":"2026-09-17T23:38:08.801Z"}
{"level":"info","event":"action","runId":"0155c768-e8dc-4b8a-8e17-da125ac67a84","type":"challenge","rationale":"No counterexample found in accessed primary sources. This is not proof that the conclusion is true.","step":5,"t":"2026-09-17T23:38:08.823Z"}
{"level":"info","event":"action","runId":"0155c768-e8dc-4b8a-8e17-da125ac67a84","type":"synthesize","rationale":"decision_critical_gaps_resolved_or_unresolvable; high-impact claims supported or qualified; contradictions handled; remaining actions low expected value","step":6,"t":"2026-09-17T23:38:08.840Z"}
{"level":"info","event":"action","runId":"f6df3504-c822-4d62-81a4-e39d9b4ad712","type":"search","rationale":"Investigate an uncovered required question","step":0,"t":"2026-09-17T23:38:09.447Z"}
{"level":"info","event":"action","runId":"f6df3504-c822-4d62-81a4-e39d9b4ad712","type":"search","rationale":"Decision-blocking gap: authoritative compatibility limitation. Switching source type to vendor-matrix.","step":1,"t":"2026-09-17T23:38:09.470Z"}
{"level":"info","event":"action","runId":"f6df3504-c822-4d62-81a4-e39d9b4ad712","type":"fetch","rationale":"Inspect the preferred source type (vendor-matrix) before more weak sources","step":2,"t":"2026-09-17T23:38:09.487Z"}
{"level":"info","event":"action","runId":"f6df3504-c822-4d62-81a4-e39d9b4ad712","type":"fetch","rationale":"Inspect an already-known source before another generic query","step":3,"t":"2026-09-17T23:38:09.504Z"}
{"level":"info","event":"action","runId":"f6df3504-c822-4d62-81a4-e39d9b4ad712","type":"fetch","rationale":"Inspect an already-known source before another generic query","step":4,"t":"2026-09-17T23:38:09.519Z"}
{"level":"info","event":"action","runId":"f6df3504-c822-4d62-81a4-e39d9b4ad712","type":"fetch","rationale":"Inspect an already-known source before another generic query","step":5,"t":"2026-09-17T23:38:09.534Z"}
{"level":"info","event":"action","runId":"f6df3504-c822-4d62-81a4-e39d9b4ad712","type":"verify","rationale":"Scope-check contradiction on compatibility before treating newest as correct","step":6,"t":"2026-09-17T23:38:09.549Z"}
{"level":"info","event":"action","runId":"f6df3504-c822-4d62-81a4-e39d9b4ad712","type":"challenge","rationale":"Disconfirm material conclusion: Official compatibility documentation that lists the named version as supported.","step":7,"t":"2026-09-17T23:38:09.561Z"}
{"level":"info","event":"action","runId":"f6df3504-c822-4d62-81a4-e39d9b4ad712","type":"challenge","rationale":"No counterexample found in accessed primary sources. This is not proof that the conclusion is true.","step":8,"t":"2026-09-17T23:38:09.586Z"}
{"level":"info","event":"action","runId":"f6df3504-c822-4d62-81a4-e39d9b4ad712","type":"synthesize","rationale":"decision_critical_gaps_resolved_or_unresolvable; high-impact claims supported or qualified; contradictions handled; remaining actions low expected value","step":9,"t":"2026-09-17T23:38:09.605Z"}
{"level":"info","event":"action","runId":"6a8dddf7-d7ba-4b1e-9660-b6c5bcf518bd","type":"search","rationale":"Investigate an uncovered required question","step":0,"t":"2026-09-17T23:38:10.187Z"}
{"level":"info","event":"action","runId":"6a8dddf7-d7ba-4b1e-9660-b6c5bcf518bd","type":"search","rationale":"Decision-blocking gap: authoritative compatibility limitation. Switching source type to vendor-matrix.","step":1,"t":"2026-09-17T23:38:10.210Z"}
{"level":"info","event":"action","runId":"6a8dddf7-d7ba-4b1e-9660-b6c5bcf518bd","type":"fetch","rationale":"Inspect the preferred source type (vendor-matrix) before more weak sources","step":2,"t":"2026-09-17T23:38:10.227Z"}
{"level":"info","event":"action","runId":"6a8dddf7-d7ba-4b1e-9660-b6c5bcf518bd","type":"fetch","rationale":"Inspect an already-known source before another generic query","step":3,"t":"2026-09-17T23:38:10.241Z"}
{"level":"info","event":"action","runId":"6a8dddf7-d7ba-4b1e-9660-b6c5bcf518bd","type":"fetch","rationale":"Inspect an already-known source before another generic query","step":4,"t":"2026-09-17T23:38:10.257Z"}
{"level":"info","event":"action","runId":"6a8dddf7-d7ba-4b1e-9660-b6c5bcf518bd","type":"fetch","rationale":"Inspect an already-known source before another generic query","step":5,"t":"2026-09-17T23:38:10.270Z"}
{"level":"info","event":"action","runId":"6a8dddf7-d7ba-4b1e-9660-b6c5bcf518bd","type":"verify","rationale":"Scope-check contradiction on compatibility before treating newest as correct","step":6,"t":"2026-09-17T23:38:10.287Z"}
{"level":"info","event":"action","runId":"6a8dddf7-d7ba-4b1e-9660-b6c5bcf518bd","type":"challenge","rationale":"Disconfirm material conclusion: Official compatibility documentation that lists the named version as supported.","step":7,"t":"2026-09-17T23:38:10.303Z"}
{"level":"info","event":"action","runId":"6a8dddf7-d7ba-4b1e-9660-b6c5bcf518bd","type":"challenge","rationale":"No counterexample found in accessed primary sources. This is not proof that the conclusion is true.","step":8,"t":"2026-09-17T23:38:10.319Z"}
{"level":"info","event":"action","runId":"6a8dddf7-d7ba-4b1e-9660-b6c5bcf518bd","type":"synthesize","rationale":"decision_critical_gaps_resolved_or_unresolvable; high-impact claims supported or qualified; contradictions handled; remaining actions low expected value","step":9,"t":"2026-09-17T23:38:10.333Z"}
{"level":"info","event":"action","runId":"9e17a614-a376-4845-b817-788ba577656b","type":"search","rationale":"Investigate an uncovered required question","step":0,"t":"2026-09-17T23:38:10.900Z"}
{"level":"info","event":"action","runId":"9e17a614-a376-4845-b817-788ba577656b","type":"fetch","rationale":"Inspect an already-known source before another generic query","step":1,"t":"2026-09-17T23:38:10.928Z"}
{"level":"info","event":"action","runId":"9e17a614-a376-4845-b817-788ba577656b","type":"fetch","rationale":"Inspect an already-known source before another generic query","step":2,"t":"2026-09-17T23:38:10.941Z"}
{"level":"info","event":"action","runId":"9e17a614-a376-4845-b817-788ba577656b","type":"fetch","rationale":"Inspect an already-known source before another generic query","step":3,"t":"2026-09-17T23:38:10.958Z"}
{"level":"info","event":"action","runId":"9e17a614-a376-4845-b817-788ba577656b","type":"challenge","rationale":"Disconfirm material conclusion: A primary source that directly contradicts this conclusion.","step":4,"t":"2026-09-17T23:38:10.975Z"}
{"level":"info","event":"action","runId":"9e17a614-a376-4845-b817-788ba577656b","type":"challenge","rationale":"No counterexample found in accessed primary sources. This is not proof that the conclusion is true.","step":5,"t":"2026-09-17T23:38:10.990Z"}
{"level":"info","event":"action","runId":"9e17a614-a376-4845-b817-788ba577656b","type":"synthesize","rationale":"decision_critical_gaps_resolved_or_unresolvable; high-impact claims supported or qualified; contradictions handled; remaining actions low expected value","step":6,"t":"2026-09-17T23:38:11.002Z"}
{"level":"info","event":"action","runId":"c35e82ca-da7e-4d92-895c-017c63f93da0","type":"search","rationale":"Investigate an uncovered required question","step":0,"t":"2026-09-17T23:38:11.274Z"}
{"level":"info","event":"action","runId":"c35e82ca-da7e-4d92-895c-017c63f93da0","type":"fetch","rationale":"Inspect an already-known source before another generic query","step":1,"t":"2026-09-17T23:38:11.291Z"}
{"level":"info","event":"action","runId":"c35e82ca-da7e-4d92-895c-017c63f93da0","type":"fetch","rationale":"Inspect an already-known source before another generic query","step":2,"t":"2026-09-17T23:38:11.305Z"}
{"level":"info","event":"action","runId":"c35e82ca-da7e-4d92-895c-017c63f93da0","type":"fetch","rationale":"Inspect an already-known source before another generic query","step":3,"t":"2026-09-17T23:38:11.316Z"}
{"level":"info","event":"action","runId":"c35e82ca-da7e-4d92-895c-017c63f93da0","type":"challenge","rationale":"Disconfirm material conclusion: A hard-constraint violation for a candidate currently marked eligible.","step":4,"t":"2026-09-17T23:38:11.331Z"}
{"level":"info","event":"action","runId":"c35e82ca-da7e-4d92-895c-017c63f93da0","type":"challenge","rationale":"No counterexample found in accessed primary sources. This is not proof that the conclusion is true.","step":5,"t":"2026-09-17T23:38:11.344Z"}
{"level":"info","event":"action","runId":"c35e82ca-da7e-4d92-895c-017c63f93da0","type":"synthesize","rationale":"decision_critical_gaps_resolved_or_unresolvable; high-impact claims supported or qualified; contradictions handled; remaining actions low expected value","step":6,"t":"2026-09-17T23:38:11.356Z"}
{"level":"info","event":"action","runId":"4c30f747-6a0d-4d16-85e6-7963751114ba","type":"search","rationale":"Investigate an uncovered required question","step":0,"t":"2026-09-17T23:38:11.886Z"}
{"level":"info","event":"action","runId":"4c30f747-6a0d-4d16-85e6-7963751114ba","type":"fetch","rationale":"Inspect an already-known source before another generic query","step":1,"t":"2026-09-17T23:38:11.905Z"}
{"level":"info","event":"action","runId":"4c30f747-6a0d-4d16-85e6-7963751114ba","type":"challenge","rationale":"Disconfirm material conclusion: A primary source that directly contradicts this conclusion.","step":2,"t":"2026-09-17T23:38:11.919Z"}
{"level":"info","event":"action","runId":"4c30f747-6a0d-4d16-85e6-7963751114ba","type":"challenge","rationale":"No counterexample found in accessed primary sources. This is not proof that the conclusion is true.","step":3,"t":"2026-09-17T23:38:11.935Z"}
{"level":"info","event":"action","runId":"4c30f747-6a0d-4d16-85e6-7963751114ba","type":"synthesize","rationale":"decision_critical_gaps_resolved_or_unresolvable; high-impact claims supported or qualified; contradictions handled; remaining actions low expected value","step":4,"t":"2026-09-17T23:38:11.944Z"}
{"level":"info","event":"action","runId":"b5219e53-7e90-4b25-a4af-3bc4c442ce91","type":"search","rationale":"Investigate an uncovered required question","step":0,"t":"2026-09-17T23:38:12.204Z"}
{"level":"info","event":"action","runId":"b5219e53-7e90-4b25-a4af-3bc4c442ce91","type":"fetch","rationale":"Inspect an already-known source before another generic query","step":1,"t":"2026-09-17T23:38:12.217Z"}
{"level":"info","event":"action","runId":"b5219e53-7e90-4b25-a4af-3bc4c442ce91","type":"challenge","rationale":"Disconfirm material conclusion: A primary source that directly contradicts this conclusion.","step":2,"t":"2026-09-17T23:38:12.230Z"}
{"level":"info","event":"action","runId":"b5219e53-7e90-4b25-a4af-3bc4c442ce91","type":"challenge","rationale":"No counterexample found in accessed primary sources. This is not proof that the conclusion is true.","step":3,"t":"2026-09-17T23:38:12.242Z"}
{"level":"info","event":"action","runId":"b5219e53-7e90-4b25-a4af-3bc4c442ce91","type":"synthesize","rationale":"decision_critical_gaps_resolved_or_unresolvable; high-impact claims supported or qualified; contradictions handled; remaining actions low expected value","step":4,"t":"2026-09-17T23:38:12.252Z"}
{"level":"info","event":"action","runId":"1c6186dd-738b-4459-a17d-46b245eb00a7","type":"search","rationale":"Investigate an uncovered required question","step":0,"t":"2026-09-17T23:38:12.775Z"}
{"level":"info","event":"action","runId":"1c6186dd-738b-4459-a17d-46b245eb00a7","type":"fetch","rationale":"Inspect an already-known source before another generic query","step":1,"t":"2026-09-17T23:38:12.796Z"}
{"level":"info","event":"action","runId":"1c6186dd-738b-4459-a17d-46b245eb00a7","type":"fetch","rationale":"Inspect an already-known source before another generic query","step":2,"t":"2026-09-17T23:38:12.808Z"}
{"level":"info","event":"action","runId":"1c6186dd-738b-4459-a17d-46b245eb00a7","type":"fetch","rationale":"Inspect an already-known source before another generic query","step":3,"t":"2026-09-17T23:38:12.820Z"}
{"level":"info","event":"action","runId":"1c6186dd-738b-4459-a17d-46b245eb00a7","type":"challenge","rationale":"Disconfirm material conclusion: A primary source that directly contradicts this conclusion.","step":4,"t":"2026-09-17T23:38:12.836Z"}
{"level":"info","event":"action","runId":"1c6186dd-738b-4459-a17d-46b245eb00a7","type":"challenge","rationale":"No counterexample found in accessed primary sources. This is not proof that the conclusion is true.","step":5,"t":"2026-09-17T23:38:12.849Z"}
{"level":"info","event":"action","runId":"1c6186dd-738b-4459-a17d-46b245eb00a7","type":"synthesize","rationale":"decision_critical_gaps_resolved_or_unresolvable; high-impact claims supported or qualified; contradictions handled; remaining actions low expected value","step":6,"t":"2026-09-17T23:38:12.859Z"}
{"level":"info","event":"action","runId":"de8da431-a667-4fa1-a021-c7663054a737","type":"search","rationale":"Investigate an uncovered required question","step":0,"t":"2026-09-17T23:38:13.122Z"}
{"level":"info","event":"action","runId":"de8da431-a667-4fa1-a021-c7663054a737","type":"fetch","rationale":"Inspect an already-known source before another generic query","step":1,"t":"2026-09-17T23:38:13.142Z"}
{"level":"info","event":"action","runId":"de8da431-a667-4fa1-a021-c7663054a737","type":"fetch","rationale":"Inspect an already-known source before another generic query","step":2,"t":"2026-09-17T23:38:13.155Z"}
{"level":"info","event":"action","runId":"de8da431-a667-4fa1-a021-c7663054a737","type":"fetch","rationale":"Inspect an already-known source before another generic query","step":3,"t":"2026-09-17T23:38:13.168Z"}
{"level":"info","event":"action","runId":"de8da431-a667-4fa1-a021-c7663054a737","type":"challenge","rationale":"Disconfirm material conclusion: A primary source that directly contradicts this conclusion.","step":4,"t":"2026-09-17T23:38:13.185Z"}
{"level":"info","event":"action","runId":"de8da431-a667-4fa1-a021-c7663054a737","type":"challenge","rationale":"Disconfirm material conclusion: A primary source that directly contradicts this conclusion.","step":5,"t":"2026-09-17T23:38:13.196Z"}
{"level":"info","event":"action","runId":"de8da431-a667-4fa1-a021-c7663054a737","type":"challenge","rationale":"Disconfirm material conclusion: A primary source that directly contradicts this conclusion.","step":6,"t":"2026-09-17T23:38:13.209Z"}
{"level":"info","event":"action","runId":"de8da431-a667-4fa1-a021-c7663054a737","type":"challenge","rationale":"Disconfirm material conclusion: A primary source that directly contradicts this conclusion.","step":7,"t":"2026-09-17T23:38:13.222Z"}
{"level":"info","event":"action","runId":"de8da431-a667-4fa1-a021-c7663054a737","type":"challenge","rationale":"Disconfirm material conclusion: A primary source that directly contradicts this conclusion.","step":8,"t":"2026-09-17T23:38:13.235Z"}
{"level":"info","event":"action","runId":"de8da431-a667-4fa1-a021-c7663054a737","type":"challenge","rationale":"Disconfirm material conclusion: A primary source that directly contradicts this conclusion.","step":9,"t":"2026-09-17T23:38:13.248Z"}
{"level":"info","event":"action","runId":"de8da431-a667-4fa1-a021-c7663054a737","type":"challenge","rationale":"Disconfirm material conclusion: A primary source that directly contradicts this conclusion.","step":10,"t":"2026-09-17T23:38:13.263Z"}
{"level":"info","event":"action","runId":"de8da431-a667-4fa1-a021-c7663054a737","type":"challenge","rationale":"No counterexample found in accessed primary sources. This is not proof that the conclusion is true.","step":11,"t":"2026-09-17T23:38:13.277Z"}
{"level":"info","event":"action","runId":"de8da431-a667-4fa1-a021-c7663054a737","type":"stop","rationale":"Repeated searches returned no novel source family or coverage progress","step":12,"t":"2026-09-17T23:38:13.287Z"}
{"level":"info","event":"action","runId":"e2b0f955-5413-4a8b-b9f4-f37d3439461f","type":"search","rationale":"Investigate an uncovered required question","step":0,"t":"2026-09-17T23:38:13.818Z"}
{"level":"info","event":"action","runId":"e2b0f955-5413-4a8b-b9f4-f37d3439461f","type":"fetch","rationale":"Inspect an already-known source before another generic query","step":1,"t":"2026-09-17T23:38:13.840Z"}
{"level":"info","event":"action","runId":"e2b0f955-5413-4a8b-b9f4-f37d3439461f","type":"fetch","rationale":"Inspect an already-known source before another generic query","step":2,"t":"2026-09-17T23:38:13.853Z"}
{"level":"info","event":"action","runId":"e2b0f955-5413-4a8b-b9f4-f37d3439461f","type":"fetch","rationale":"Inspect an already-known source before another generic query","step":3,"t":"2026-09-17T23:38:13.867Z"}
{"level":"info","event":"action","runId":"e2b0f955-5413-4a8b-b9f4-f37d3439461f","type":"challenge","rationale":"Disconfirm material conclusion: A primary source that directly contradicts this conclusion.","step":4,"t":"2026-09-17T23:38:13.884Z"}
{"level":"info","event":"action","runId":"e2b0f955-5413-4a8b-b9f4-f37d3439461f","type":"challenge","rationale":"No counterexample found in accessed primary sources. This is not proof that the conclusion is true.","step":5,"t":"2026-09-17T23:38:13.898Z"}
{"level":"info","event":"action","runId":"e2b0f955-5413-4a8b-b9f4-f37d3439461f","type":"synthesize","rationale":"decision_critical_gaps_resolved_or_unresolvable; high-impact claims supported or qualified; contradictions handled; remaining actions low expected value","step":6,"t":"2026-09-17T23:38:13.909Z"}
{"level":"info","event":"action","runId":"df815afa-c29c-4b09-9bff-5e3c72169372","type":"search","rationale":"Investigate an uncovered required question","step":0,"t":"2026-09-17T23:38:14.196Z"}
{"level":"info","event":"action","runId":"df815afa-c29c-4b09-9bff-5e3c72169372","type":"fetch","rationale":"Inspect an already-known source before another generic query","step":1,"t":"2026-09-17T23:38:14.212Z"}
{"level":"info","event":"action","runId":"df815afa-c29c-4b09-9bff-5e3c72169372","type":"fetch","rationale":"Inspect an already-known source before another generic query","step":2,"t":"2026-09-17T23:38:14.226Z"}
{"level":"info","event":"action","runId":"df815afa-c29c-4b09-9bff-5e3c72169372","type":"fetch","rationale":"Inspect an already-known source before another generic query","step":3,"t":"2026-09-17T23:38:14.239Z"}
{"level":"info","event":"action","runId":"df815afa-c29c-4b09-9bff-5e3c72169372","type":"challenge","rationale":"Disconfirm material conclusion: A hard-constraint violation for a candidate currently marked eligible.","step":4,"t":"2026-09-17T23:38:14.254Z"}
{"level":"info","event":"action","runId":"df815afa-c29c-4b09-9bff-5e3c72169372","type":"challenge","rationale":"No counterexample found in accessed primary sources. This is not proof that the conclusion is true.","step":5,"t":"2026-09-17T23:38:14.269Z"}
{"level":"info","event":"action","runId":"df815afa-c29c-4b09-9bff-5e3c72169372","type":"synthesize","rationale":"decision_critical_gaps_resolved_or_unresolvable; high-impact claims supported or qualified; contradictions handled; remaining actions low expected value","step":6,"t":"2026-09-17T23:38:14.281Z"}
{"level":"info","event":"action","runId":"ae10bddd-e766-48b2-ba23-9f7f18935db9","type":"search","rationale":"Investigate an uncovered required question","step":0,"t":"2026-09-17T23:38:14.558Z"}
{"level":"info","event":"action","runId":"ae10bddd-e766-48b2-ba23-9f7f18935db9","type":"fetch","rationale":"Inspect an already-known source before another generic query","step":1,"t":"2026-09-17T23:38:14.580Z"}
{"level":"info","event":"action","runId":"ae10bddd-e766-48b2-ba23-9f7f18935db9","type":"fetch","rationale":"Inspect an already-known source before another generic query","step":2,"t":"2026-09-17T23:38:14.593Z"}
{"level":"info","event":"action","runId":"ae10bddd-e766-48b2-ba23-9f7f18935db9","type":"fetch","rationale":"Inspect an already-known source before another generic query","step":3,"t":"2026-09-17T23:38:14.608Z"}
{"level":"info","event":"action","runId":"ae10bddd-e766-48b2-ba23-9f7f18935db9","type":"challenge","rationale":"Disconfirm material conclusion: A primary source that directly contradicts this conclusion.","step":4,"t":"2026-09-17T23:38:14.627Z"}
{"level":"info","event":"action","runId":"ae10bddd-e766-48b2-ba23-9f7f18935db9","type":"challenge","rationale":"No counterexample found in accessed primary sources. This is not proof that the conclusion is true.","step":5,"t":"2026-09-17T23:38:14.642Z"}
{"level":"info","event":"action","runId":"ae10bddd-e766-48b2-ba23-9f7f18935db9","type":"synthesize","rationale":"decision_critical_gaps_resolved_or_unresolvable; high-impact claims supported or qualified; contradictions handled; remaining actions low expected value","step":6,"t":"2026-09-17T23:38:14.653Z"}
{"level":"info","event":"action","runId":"92086e4b-8974-47ca-95f8-8927fea30bf2","type":"search","rationale":"Investigate an uncovered required question","step":0,"t":"2026-09-17T23:38:14.927Z"}
{"level":"info","event":"action","runId":"92086e4b-8974-47ca-95f8-8927fea30bf2","type":"fetch","rationale":"Inspect an already-known source before another generic query","step":1,"t":"2026-09-17T23:38:14.948Z"}
{"level":"info","event":"action","runId":"92086e4b-8974-47ca-95f8-8927fea30bf2","type":"fetch","rationale":"Inspect an already-known source before another generic query","step":2,"t":"2026-09-17T23:38:14.962Z"}
{"level":"info","event":"action","runId":"92086e4b-8974-47ca-95f8-8927fea30bf2","type":"fetch","rationale":"Inspect an already-known source before another generic query","step":3,"t":"2026-09-17T23:38:14.981Z"}
{"level":"info","event":"action","runId":"92086e4b-8974-47ca-95f8-8927fea30bf2","type":"challenge","rationale":"Disconfirm material conclusion: A hard-constraint violation for a candidate currently marked eligible.","step":4,"t":"2026-09-17T23:38:15.003Z"}
{"level":"info","event":"action","runId":"92086e4b-8974-47ca-95f8-8927fea30bf2","type":"challenge","rationale":"No counterexample found in accessed primary sources. This is not proof that the conclusion is true.","step":5,"t":"2026-09-17T23:38:15.033Z"}
{"level":"info","event":"action","runId":"92086e4b-8974-47ca-95f8-8927fea30bf2","type":"synthesize","rationale":"decision_critical_gaps_resolved_or_unresolvable; high-impact claims supported or qualified; contradictions handled; remaining actions low expected value","step":6,"t":"2026-09-17T23:38:15.046Z"}
{"level":"info","event":"action","runId":"864f183a-3fee-4318-ab00-1ee67eb2960d","type":"search","rationale":"Investigate an uncovered required question","step":0,"t":"2026-09-17T23:38:15.605Z"}
{"level":"info","event":"action","runId":"864f183a-3fee-4318-ab00-1ee67eb2960d","type":"fetch","rationale":"Inspect an already-known source before another generic query","step":1,"t":"2026-09-17T23:38:15.636Z"}
{"level":"info","event":"action","runId":"864f183a-3fee-4318-ab00-1ee67eb2960d","type":"fetch","rationale":"Inspect an already-known source before another generic query","step":2,"t":"2026-09-17T23:38:15.656Z"}
{"level":"info","event":"action","runId":"864f183a-3fee-4318-ab00-1ee67eb2960d","type":"fetch","rationale":"Inspect an already-known source before another generic query","step":3,"t":"2026-09-17T23:38:15.671Z"}
{"level":"info","event":"action","runId":"864f183a-3fee-4318-ab00-1ee67eb2960d","type":"challenge","rationale":"Disconfirm material conclusion: A primary source that directly contradicts this conclusion.","step":4,"t":"2026-09-17T23:38:15.689Z"}
{"level":"info","event":"action","runId":"864f183a-3fee-4318-ab00-1ee67eb2960d","type":"challenge","rationale":"No counterexample found in accessed primary sources. This is not proof that the conclusion is true.","step":5,"t":"2026-09-17T23:38:15.703Z"}
{"level":"info","event":"action","runId":"864f183a-3fee-4318-ab00-1ee67eb2960d","type":"synthesize","rationale":"decision_critical_gaps_resolved_or_unresolvable; high-impact claims supported or qualified; contradictions handled; remaining actions low expected value","step":6,"t":"2026-09-17T23:38:15.716Z"}
{"level":"info","event":"action","runId":"3b440c59-81ee-40e1-b58e-82795fc0cd09","type":"search","rationale":"Investigate an uncovered required question","step":0,"t":"2026-09-17T23:38:15.996Z"}
{"level":"info","event":"action","runId":"3b440c59-81ee-40e1-b58e-82795fc0cd09","type":"fetch","rationale":"Inspect an already-known source before another generic query","step":1,"t":"2026-09-17T23:38:16.013Z"}
{"level":"info","event":"action","runId":"3b440c59-81ee-40e1-b58e-82795fc0cd09","type":"fetch","rationale":"Inspect an already-known source before another generic query","step":2,"t":"2026-09-17T23:38:16.027Z"}
{"level":"info","event":"action","runId":"3b440c59-81ee-40e1-b58e-82795fc0cd09","type":"challenge","rationale":"Disconfirm material conclusion: A primary source that directly contradicts this conclusion.","step":3,"t":"2026-09-17T23:38:16.041Z"}
{"level":"info","event":"action","runId":"3b440c59-81ee-40e1-b58e-82795fc0cd09","type":"challenge","rationale":"Disconfirm material conclusion: A primary source that directly contradicts this conclusion.","step":4,"t":"2026-09-17T23:38:16.057Z"}
{"level":"info","event":"action","runId":"3b440c59-81ee-40e1-b58e-82795fc0cd09","type":"challenge","rationale":"Disconfirm material conclusion: A primary source that directly contradicts this conclusion.","step":5,"t":"2026-09-17T23:38:16.073Z"}
{"level":"info","event":"action","runId":"3b440c59-81ee-40e1-b58e-82795fc0cd09","type":"challenge","rationale":"Disconfirm material conclusion: A primary source that directly contradicts this conclusion.","step":6,"t":"2026-09-17T23:38:16.087Z"}
{"level":"info","event":"action","runId":"3b440c59-81ee-40e1-b58e-82795fc0cd09","type":"challenge","rationale":"Disconfirm material conclusion: A primary source that directly contradicts this conclusion.","step":7,"t":"2026-09-17T23:38:16.101Z"}
{"level":"info","event":"action","runId":"3b440c59-81ee-40e1-b58e-82795fc0cd09","type":"challenge","rationale":"Disconfirm material conclusion: A primary source that directly contradicts this conclusion.","step":8,"t":"2026-09-17T23:38:16.116Z"}
{"level":"info","event":"action","runId":"3b440c59-81ee-40e1-b58e-82795fc0cd09","type":"challenge","rationale":"Disconfirm material conclusion: A primary source that directly contradicts this conclusion.","step":9,"t":"2026-09-17T23:38:16.130Z"}
{"level":"info","event":"action","runId":"3b440c59-81ee-40e1-b58e-82795fc0cd09","type":"challenge","rationale":"No counterexample found in accessed primary sources. This is not proof that the conclusion is true.","step":10,"t":"2026-09-17T23:38:16.146Z"}
{"level":"info","event":"action","runId":"3b440c59-81ee-40e1-b58e-82795fc0cd09","type":"stop","rationale":"Repeated searches returned no novel source family or coverage progress","step":11,"t":"2026-09-17T23:38:16.158Z"}
{"level":"info","event":"action","runId":"03f9de1c-dca4-4d00-b4f4-1879a7a8ca11","type":"search","rationale":"Investigate an uncovered required question","step":0,"t":"2026-09-17T23:38:16.725Z"}
{"level":"info","event":"action","runId":"03f9de1c-dca4-4d00-b4f4-1879a7a8ca11","type":"fetch","rationale":"Inspect an already-known source before another generic query","step":1,"t":"2026-09-17T23:38:16.749Z"}
{"level":"info","event":"action","runId":"03f9de1c-dca4-4d00-b4f4-1879a7a8ca11","type":"fetch","rationale":"Inspect an already-known source before another generic query","step":2,"t":"2026-09-17T23:38:16.763Z"}
{"level":"info","event":"action","runId":"03f9de1c-dca4-4d00-b4f4-1879a7a8ca11","type":"fetch","rationale":"Inspect an already-known source before another generic query","step":3,"t":"2026-09-17T23:38:16.777Z"}
{"level":"info","event":"action","runId":"03f9de1c-dca4-4d00-b4f4-1879a7a8ca11","type":"challenge","rationale":"Disconfirm material conclusion: A primary source that directly contradicts this conclusion.","step":4,"t":"2026-09-17T23:38:16.795Z"}
{"level":"info","event":"action","runId":"03f9de1c-dca4-4d00-b4f4-1879a7a8ca11","type":"challenge","rationale":"No counterexample found in accessed primary sources. This is not proof that the conclusion is true.","step":5,"t":"2026-09-17T23:38:16.809Z"}
{"level":"info","event":"action","runId":"03f9de1c-dca4-4d00-b4f4-1879a7a8ca11","type":"synthesize","rationale":"decision_critical_gaps_resolved_or_unresolvable; high-impact claims supported or qualified; contradictions handled; remaining actions low expected value","step":6,"t":"2026-09-17T23:38:16.821Z"}
{"level":"info","event":"action","runId":"361dedfc-c333-45ab-b099-e88f73f87659","type":"search","rationale":"Investigate an uncovered required question","step":0,"t":"2026-09-17T23:38:17.396Z"}
{"level":"info","event":"action","runId":"361dedfc-c333-45ab-b099-e88f73f87659","type":"fetch","rationale":"Inspect an already-known source before another generic query","step":1,"t":"2026-09-17T23:38:17.419Z"}
{"level":"info","event":"action","runId":"361dedfc-c333-45ab-b099-e88f73f87659","type":"fetch","rationale":"Inspect an already-known source before another generic query","step":2,"t":"2026-09-17T23:38:17.433Z"}
{"level":"info","event":"action","runId":"361dedfc-c333-45ab-b099-e88f73f87659","type":"fetch","rationale":"Inspect an already-known source before another generic query","step":3,"t":"2026-09-17T23:38:17.447Z"}
{"level":"info","event":"action","runId":"361dedfc-c333-45ab-b099-e88f73f87659","type":"fetch","rationale":"Inspect an already-known source before another generic query","step":4,"t":"2026-09-17T23:38:17.465Z"}
{"level":"info","event":"action","runId":"361dedfc-c333-45ab-b099-e88f73f87659","type":"fetch","rationale":"Inspect an already-known source before another generic query","step":5,"t":"2026-09-17T23:38:17.479Z"}
{"level":"info","event":"action","runId":"361dedfc-c333-45ab-b099-e88f73f87659","type":"challenge","rationale":"Disconfirm material conclusion: A primary source that directly contradicts this conclusion.","step":6,"t":"2026-09-17T23:38:17.493Z"}
{"level":"info","event":"action","runId":"361dedfc-c333-45ab-b099-e88f73f87659","type":"challenge","rationale":"No counterexample found in accessed primary sources. This is not proof that the conclusion is true.","step":7,"t":"2026-09-17T23:38:17.506Z"}
{"level":"info","event":"action","runId":"361dedfc-c333-45ab-b099-e88f73f87659","type":"synthesize","rationale":"decision_critical_gaps_resolved_or_unresolvable; high-impact claims supported or qualified; contradictions handled; remaining actions low expected value","step":8,"t":"2026-09-17T23:38:17.517Z"}
{"level":"info","event":"action","runId":"45c40fbb-f7d7-4116-8554-c287c69323c7","type":"search","rationale":"Investigate an uncovered required question","step":0,"t":"2026-09-17T23:38:18.095Z"}
{"level":"info","event":"action","runId":"45c40fbb-f7d7-4116-8554-c287c69323c7","type":"fetch","rationale":"Inspect an already-known source before another generic query","step":1,"t":"2026-09-17T23:38:18.112Z"}
{"level":"info","event":"action","runId":"45c40fbb-f7d7-4116-8554-c287c69323c7","type":"challenge","rationale":"Disconfirm material conclusion: A primary source that directly contradicts this conclusion.","step":2,"t":"2026-09-17T23:38:18.125Z"}
{"level":"info","event":"action","runId":"45c40fbb-f7d7-4116-8554-c287c69323c7","type":"challenge","rationale":"No counterexample found in accessed primary sources. This is not proof that the conclusion is true.","step":3,"t":"2026-09-17T23:38:18.141Z"}
{"level":"info","event":"action","runId":"45c40fbb-f7d7-4116-8554-c287c69323c7","type":"synthesize","rationale":"decision_critical_gaps_resolved_or_unresolvable; high-impact claims supported or qualified; contradictions handled; remaining actions low expected value","step":4,"t":"2026-09-17T23:38:18.151Z"}
{"level":"info","event":"action","runId":"919e1815-2bdd-46c7-9f79-2f2a66f93de6","type":"search","rationale":"Investigate an uncovered required question","step":0,"t":"2026-09-17T23:38:19.331Z"}
{"level":"info","event":"action","runId":"919e1815-2bdd-46c7-9f79-2f2a66f93de6","type":"fetch","rationale":"Inspect an already-known source before another generic query","step":1,"t":"2026-09-17T23:38:19.353Z"}
{"level":"info","event":"action","runId":"919e1815-2bdd-46c7-9f79-2f2a66f93de6","type":"fetch","rationale":"Inspect an already-known source before another generic query","step":2,"t":"2026-09-17T23:38:19.365Z"}
{"level":"info","event":"action","runId":"919e1815-2bdd-46c7-9f79-2f2a66f93de6","type":"fetch","rationale":"Inspect an already-known source before another generic query","step":3,"t":"2026-09-17T23:38:19.380Z"}
{"level":"info","event":"action","runId":"919e1815-2bdd-46c7-9f79-2f2a66f93de6","type":"fetch","rationale":"Inspect an already-known source before another generic query","step":4,"t":"2026-09-17T23:38:19.392Z"}
{"level":"info","event":"action","runId":"919e1815-2bdd-46c7-9f79-2f2a66f93de6","type":"fetch","rationale":"Inspect an already-known source before another generic query","step":5,"t":"2026-09-17T23:38:19.404Z"}
{"level":"info","event":"action","runId":"919e1815-2bdd-46c7-9f79-2f2a66f93de6","type":"challenge","rationale":"Disconfirm material conclusion: A primary source that directly contradicts this conclusion.","step":6,"t":"2026-09-17T23:38:19.417Z"}
{"level":"info","event":"action","runId":"919e1815-2bdd-46c7-9f79-2f2a66f93de6","type":"challenge","rationale":"No counterexample found in accessed primary sources. This is not proof that the conclusion is true.","step":7,"t":"2026-09-17T23:38:19.430Z"}
{"level":"info","event":"action","runId":"919e1815-2bdd-46c7-9f79-2f2a66f93de6","type":"synthesize","rationale":"decision_critical_gaps_resolved_or_unresolvable; high-impact claims supported or qualified; contradictions handled; remaining actions low expected value","step":8,"t":"2026-09-17T23:38:19.440Z"}
 ✓ test/launch-scope.integration.test.ts (19 tests) 14551ms
   ✓ launch-scope fixture/postgres cases > R02 asks a jurisdiction question when it would change the answer  390ms
   ✓ launch-scope fixture/postgres cases > R03 does not interview a clear comparison over style  721ms
   ✓ launch-scope fixture/postgres cases > R07 keeps a paywalled page snippet-only and does not claim a full read  615ms
   ✓ launch-scope fixture/postgres cases > R11 records a real price contradiction without averaging  674ms
   ✓ launch-scope fixture/postgres cases > R14 budget-limited outcome is not marked comprehensive  621ms
   ✓ launch-scope fixture/postgres cases > R22 preserves a reproducible annual cost calculation  724ms
   ✓ launch-scope fixture/postgres cases > V2-01 uses the compatibility matrix, not summary count  753ms
   ✓ launch-scope fixture/postgres cases > V2-02 / R08 switches source type after summary-family saturation  721ms
   ✓ launch-scope fixture/postgres cases > V2-04 relaxed budget discovers a previously omitted candidate  1004ms
   ✓ launch-scope fixture/postgres cases > V2-05 recomputes a corrected numeric unit  874ms
   ✓ launch-scope fixture/postgres cases > V2-06 unknown dependency completeness forces a full rerun flag  1041ms
   ✓ launch-scope fixture/postgres cases > P2 selective budget reopen is not a full rerun; unknown-dependency correction is; both 120 EUR paths find Vendor C  1781ms
   ✓ launch-scope fixture/postgres cases > P2 a non-budget correction does not reopen candidate discovery or add Vendor C  1102ms
   ✓ launch-scope fixture/postgres cases > V2-18 distinguishes no eligible inspected option from universal absence  692ms
   ✓ launch-scope fixture/postgres cases > E07 denies another account's evidence id  677ms
   ✓ launch-scope fixture/postgres cases > S04 does not leave raw script markup in the canonical report  621ms
   ✓ launch-scope fixture/postgres cases > J09 concurrent reservations cannot exceed the remaining allowance  337ms
   ✓ launch-scope fixture/postgres cases > challenge and markdown export use the same stored report  686ms
{"level":"info","event":"action","runId":"0460980d-34f6-4900-97bb-db548818c79d","type":"search","rationale":"Investigate an uncovered required question","step":0,"t":"2026-09-17T23:38:20.852Z"}
{"level":"info","event":"action","runId":"0460980d-34f6-4900-97bb-db548818c79d","type":"fetch","rationale":"Inspect an already-known source before another generic query","step":1,"t":"2026-09-17T23:38:20.892Z"}
{"level":"info","event":"action","runId":"0460980d-34f6-4900-97bb-db548818c79d","type":"fetch","rationale":"Inspect an already-known source before another generic query","step":2,"t":"2026-09-17T23:38:20.913Z"}
{"level":"info","event":"action","runId":"0460980d-34f6-4900-97bb-db548818c79d","type":"fetch","rationale":"Inspect an already-known source before another generic query","step":3,"t":"2026-09-17T23:38:20.932Z"}
{"level":"info","event":"action","runId":"0460980d-34f6-4900-97bb-db548818c79d","type":"challenge","rationale":"Disconfirm material conclusion: A primary source that directly contradicts this conclusion.","step":4,"t":"2026-09-17T23:38:20.957Z"}
{"level":"info","event":"action","runId":"0460980d-34f6-4900-97bb-db548818c79d","type":"challenge","rationale":"No counterexample found in accessed primary sources. This is not proof that the conclusion is true.","step":5,"t":"2026-09-17T23:38:20.979Z"}
{"level":"info","event":"action","runId":"0460980d-34f6-4900-97bb-db548818c79d","type":"synthesize","rationale":"decision_critical_gaps_resolved_or_unresolvable; high-impact claims supported or qualified; contradictions handled; remaining actions low expected value","step":6,"t":"2026-09-17T23:38:20.995Z"}
{"level":"info","event":"action","runId":"0ed749bb-d7f0-4dcd-bcb9-75e386bd1d51","type":"search","rationale":"Investigate an uncovered required question","step":0,"t":"2026-09-17T23:38:21.615Z"}
{"level":"info","event":"action","runId":"0ed749bb-d7f0-4dcd-bcb9-75e386bd1d51","type":"fetch","rationale":"Inspect an already-known source before another generic query","step":1,"t":"2026-09-17T23:38:21.636Z"}
{"level":"info","event":"action","runId":"0ed749bb-d7f0-4dcd-bcb9-75e386bd1d51","type":"challenge","rationale":"Disconfirm material conclusion: A current official catalog entry for the named product.","step":2,"t":"2026-09-17T23:38:21.656Z"}
{"level":"info","event":"action","runId":"0ed749bb-d7f0-4dcd-bcb9-75e386bd1d51","type":"challenge","rationale":"No counterexample found in accessed primary sources. This is not proof that the conclusion is true.","step":3,"t":"2026-09-17T23:38:21.675Z"}
{"level":"info","event":"action","runId":"0ed749bb-d7f0-4dcd-bcb9-75e386bd1d51","type":"synthesize","rationale":"decision_critical_gaps_resolved_or_unresolvable; high-impact claims supported or qualified; contradictions handled; remaining actions low expected value","step":4,"t":"2026-09-17T23:38:21.689Z"}
{"level":"info","event":"action","runId":"10b059f5-aebf-49b1-b543-160f3b062a32","type":"search","rationale":"Investigate an uncovered required question","step":0,"t":"2026-09-17T23:38:22.252Z"}
{"level":"info","event":"action","runId":"10b059f5-aebf-49b1-b543-160f3b062a32","type":"fetch","rationale":"Inspect an already-known source before another generic query","step":1,"t":"2026-09-17T23:38:22.280Z"}
{"level":"info","event":"action","runId":"10b059f5-aebf-49b1-b543-160f3b062a32","type":"fetch","rationale":"Inspect an already-known source before another generic query","step":2,"t":"2026-09-17T23:38:22.296Z"}
{"level":"info","event":"action","runId":"10b059f5-aebf-49b1-b543-160f3b062a32","type":"fetch","rationale":"Inspect an already-known source before another generic query","step":3,"t":"2026-09-17T23:38:22.315Z"}
{"level":"info","event":"action","runId":"10b059f5-aebf-49b1-b543-160f3b062a32","type":"fetch","rationale":"Inspect an already-known source before another generic query","step":4,"t":"2026-09-17T23:38:22.333Z"}
{"level":"info","event":"action","runId":"10b059f5-aebf-49b1-b543-160f3b062a32","type":"fetch","rationale":"Inspect an already-known source before another generic query","step":5,"t":"2026-09-17T23:38:22.351Z"}
{"level":"info","event":"action","runId":"10b059f5-aebf-49b1-b543-160f3b062a32","type":"challenge","rationale":"Disconfirm material conclusion: A primary source that directly contradicts this conclusion.","step":6,"t":"2026-09-17T23:38:22.368Z"}
{"level":"info","event":"action","runId":"10b059f5-aebf-49b1-b543-160f3b062a32","type":"challenge","rationale":"No counterexample found in accessed primary sources. This is not proof that the conclusion is true.","step":7,"t":"2026-09-17T23:38:22.388Z"}
{"level":"info","event":"action","runId":"10b059f5-aebf-49b1-b543-160f3b062a32","type":"synthesize","rationale":"decision_critical_gaps_resolved_or_unresolvable; high-impact claims supported or qualified; contradictions handled; remaining actions low expected value","step":8,"t":"2026-09-17T23:38:22.400Z"}
{"level":"info","event":"action","runId":"8ab7e2d6-a87e-498d-be13-37e269a910f0","type":"search","rationale":"Initial dataset excludes the user's stated population; pivot source type","step":0,"t":"2026-09-17T23:38:22.931Z"}
{"level":"info","event":"action","runId":"8ab7e2d6-a87e-498d-be13-37e269a910f0","type":"search","rationale":"Decision-blocking gap: population-specific evidence. Switching source type to population-specific.","step":1,"t":"2026-09-17T23:38:22.951Z"}
{"level":"info","event":"action","runId":"8ab7e2d6-a87e-498d-be13-37e269a910f0","type":"search","rationale":"Decision-blocking gap: population-specific evidence. Switching source type to population-specific.","step":2,"t":"2026-09-17T23:38:22.964Z"}
{"level":"info","event":"action","runId":"8ab7e2d6-a87e-498d-be13-37e269a910f0","type":"search","rationale":"Decision-blocking gap: population-specific evidence. Switching source type to population-specific.","step":3,"t":"2026-09-17T23:38:22.977Z"}
{"level":"info","event":"action","runId":"8ab7e2d6-a87e-498d-be13-37e269a910f0","type":"search","rationale":"Decision-blocking gap: population-specific evidence. Switching source type to population-specific.","step":4,"t":"2026-09-17T23:38:22.989Z"}
{"level":"info","event":"action","runId":"8ab7e2d6-a87e-498d-be13-37e269a910f0","type":"search","rationale":"Decision-blocking gap: population-specific evidence. Switching source type to population-specific.","step":5,"t":"2026-09-17T23:38:23.002Z"}
{"level":"info","event":"action","runId":"8ab7e2d6-a87e-498d-be13-37e269a910f0","type":"search","rationale":"Decision-blocking gap: population-specific evidence. Switching source type to population-specific.","step":6,"t":"2026-09-17T23:38:23.015Z"}
{"level":"info","event":"action","runId":"8ab7e2d6-a87e-498d-be13-37e269a910f0","type":"search","rationale":"Decision-blocking gap: population-specific evidence. Switching source type to population-specific.","step":7,"t":"2026-09-17T23:38:23.029Z"}
{"level":"info","event":"action","runId":"8ab7e2d6-a87e-498d-be13-37e269a910f0","type":"fetch","rationale":"Inspect an already-known source before another generic query","step":8,"t":"2026-09-17T23:38:23.041Z"}
{"level":"info","event":"action","runId":"8ab7e2d6-a87e-498d-be13-37e269a910f0","type":"fetch","rationale":"Inspect an already-known source before another generic query","step":9,"t":"2026-09-17T23:38:23.055Z"}
{"level":"info","event":"action","runId":"8ab7e2d6-a87e-498d-be13-37e269a910f0","type":"challenge","rationale":"No counterexample found in accessed primary sources. This is not proof that the conclusion is true.","step":10,"t":"2026-09-17T23:38:23.071Z"}
{"level":"info","event":"action","runId":"8ab7e2d6-a87e-498d-be13-37e269a910f0","type":"stop","rationale":"Repeated searches returned no novel source family or coverage progress","step":11,"t":"2026-09-17T23:38:23.082Z"}
{"level":"info","event":"action","runId":"8e5f2747-2ab0-4315-982c-a430fa1b2855","type":"search","rationale":"Investigate an uncovered required question","step":0,"t":"2026-09-17T23:38:23.604Z"}
{"level":"info","event":"action","runId":"8e5f2747-2ab0-4315-982c-a430fa1b2855","type":"fetch","rationale":"Inspect an already-known source before another generic query","step":1,"t":"2026-09-17T23:38:23.619Z"}
{"level":"info","event":"action","runId":"8e5f2747-2ab0-4315-982c-a430fa1b2855","type":"challenge","rationale":"Disconfirm material conclusion: A primary source that directly contradicts this conclusion.","step":2,"t":"2026-09-17T23:38:23.633Z"}
{"level":"info","event":"action","runId":"8e5f2747-2ab0-4315-982c-a430fa1b2855","type":"challenge","rationale":"No counterexample found in accessed primary sources. This is not proof that the conclusion is true.","step":3,"t":"2026-09-17T23:38:23.648Z"}
{"level":"info","event":"action","runId":"8e5f2747-2ab0-4315-982c-a430fa1b2855","type":"synthesize","rationale":"decision_critical_gaps_resolved_or_unresolvable; high-impact claims supported or qualified; contradictions handled; remaining actions low expected value","step":4,"t":"2026-09-17T23:38:23.660Z"}
{"level":"info","event":"action","runId":"997ac4f7-7e2b-469a-8156-7ea355da3504","type":"search","rationale":"Investigate an uncovered required question","step":0,"t":"2026-09-17T23:38:24.197Z"}
{"level":"info","event":"action","runId":"997ac4f7-7e2b-469a-8156-7ea355da3504","type":"fetch","rationale":"Inspect an already-known source before another generic query","step":1,"t":"2026-09-17T23:38:24.218Z"}
{"level":"info","event":"action","runId":"997ac4f7-7e2b-469a-8156-7ea355da3504","type":"fetch","rationale":"Inspect an already-known source before another generic query","step":2,"t":"2026-09-17T23:38:24.232Z"}
{"level":"info","event":"action","runId":"997ac4f7-7e2b-469a-8156-7ea355da3504","type":"fetch","rationale":"Inspect an already-known source before another generic query","step":3,"t":"2026-09-17T23:38:24.248Z"}
{"level":"info","event":"action","runId":"997ac4f7-7e2b-469a-8156-7ea355da3504","type":"challenge","rationale":"Disconfirm material conclusion: A primary source that directly contradicts this conclusion.","step":4,"t":"2026-09-17T23:38:24.266Z"}
{"level":"info","event":"action","runId":"997ac4f7-7e2b-469a-8156-7ea355da3504","type":"challenge","rationale":"No counterexample found in accessed primary sources. This is not proof that the conclusion is true.","step":5,"t":"2026-09-17T23:38:24.280Z"}
{"level":"info","event":"action","runId":"997ac4f7-7e2b-469a-8156-7ea355da3504","type":"synthesize","rationale":"decision_critical_gaps_resolved_or_unresolvable; high-impact claims supported or qualified; contradictions handled; remaining actions low expected value","step":6,"t":"2026-09-17T23:38:24.294Z"}
{"level":"info","event":"action","runId":"083130d3-2807-49f8-9965-024a19e30abd","type":"search","rationale":"Investigate an uncovered required question","step":0,"t":"2026-09-17T23:38:24.868Z"}
{"level":"info","event":"action","runId":"083130d3-2807-49f8-9965-024a19e30abd","type":"fetch","rationale":"Inspect an already-known source before another generic query","step":1,"t":"2026-09-17T23:38:24.888Z"}
{"level":"info","event":"action","runId":"083130d3-2807-49f8-9965-024a19e30abd","type":"fetch","rationale":"Inspect an already-known source before another generic query","step":2,"t":"2026-09-17T23:38:24.902Z"}
{"level":"info","event":"action","runId":"083130d3-2807-49f8-9965-024a19e30abd","type":"fetch","rationale":"Inspect an already-known source before another generic query","step":3,"t":"2026-09-17T23:38:24.916Z"}
{"level":"info","event":"action","runId":"083130d3-2807-49f8-9965-024a19e30abd","type":"fetch","rationale":"Inspect an already-known source before another generic query","step":4,"t":"2026-09-17T23:38:24.928Z"}
{"level":"info","event":"action","runId":"083130d3-2807-49f8-9965-024a19e30abd","type":"fetch","rationale":"Inspect an already-known source before another generic query","step":5,"t":"2026-09-17T23:38:24.941Z"}
{"level":"info","event":"action","runId":"083130d3-2807-49f8-9965-024a19e30abd","type":"challenge","rationale":"Disconfirm material conclusion: A primary source that directly contradicts this conclusion.","step":6,"t":"2026-09-17T23:38:24.954Z"}
{"level":"info","event":"action","runId":"083130d3-2807-49f8-9965-024a19e30abd","type":"challenge","rationale":"No counterexample found in accessed primary sources. This is not proof that the conclusion is true.","step":7,"t":"2026-09-17T23:38:24.969Z"}
{"level":"info","event":"action","runId":"083130d3-2807-49f8-9965-024a19e30abd","type":"synthesize","rationale":"decision_critical_gaps_resolved_or_unresolvable; high-impact claims supported or qualified; contradictions handled; remaining actions low expected value","step":8,"t":"2026-09-17T23:38:24.979Z"}
{"level":"info","event":"action","runId":"d37a7d8d-2d47-4035-8fea-5ccd437fdeb7","type":"search","rationale":"Investigate an uncovered required question","step":0,"t":"2026-09-17T23:38:25.837Z"}
{"level":"info","event":"action","runId":"d37a7d8d-2d47-4035-8fea-5ccd437fdeb7","type":"fetch","rationale":"Inspect an already-known source before another generic query","step":0,"t":"2026-09-17T23:38:25.867Z"}
{"level":"info","event":"action","runId":"d37a7d8d-2d47-4035-8fea-5ccd437fdeb7","type":"fetch","rationale":"Inspect an already-known source before another generic query","step":1,"t":"2026-09-17T23:38:25.882Z"}
{"level":"info","event":"action","runId":"d37a7d8d-2d47-4035-8fea-5ccd437fdeb7","type":"fetch","rationale":"Inspect an already-known source before another generic query","step":2,"t":"2026-09-17T23:38:25.897Z"}
{"level":"info","event":"action","runId":"d37a7d8d-2d47-4035-8fea-5ccd437fdeb7","type":"challenge","rationale":"Disconfirm material conclusion: A primary source that directly contradicts this conclusion.","step":3,"t":"2026-09-17T23:38:25.914Z"}
{"level":"info","event":"action","runId":"d37a7d8d-2d47-4035-8fea-5ccd437fdeb7","type":"challenge","rationale":"No counterexample found in accessed primary sources. This is not proof that the conclusion is true.","step":4,"t":"2026-09-17T23:38:25.928Z"}
{"level":"info","event":"action","runId":"d37a7d8d-2d47-4035-8fea-5ccd437fdeb7","type":"synthesize","rationale":"decision_critical_gaps_resolved_or_unresolvable; high-impact claims supported or qualified; contradictions handled; remaining actions low expected value","step":5,"t":"2026-09-17T23:38:25.940Z"}
{"level":"info","event":"action","runId":"4515b461-822a-4a6a-8d5b-0ef1bb80d182","type":"search","rationale":"Investigate an uncovered required question","step":0,"t":"2026-09-17T23:38:26.526Z"}
{"level":"info","event":"action","runId":"4515b461-822a-4a6a-8d5b-0ef1bb80d182","type":"fetch","rationale":"Inspect an already-known source before another generic query","step":1,"t":"2026-09-17T23:38:26.550Z"}
{"level":"info","event":"action","runId":"4515b461-822a-4a6a-8d5b-0ef1bb80d182","type":"fetch","rationale":"Inspect an already-known source before another generic query","step":2,"t":"2026-09-17T23:38:26.565Z"}
{"level":"info","event":"action","runId":"4515b461-822a-4a6a-8d5b-0ef1bb80d182","type":"fetch","rationale":"Inspect an already-known source before another generic query","step":3,"t":"2026-09-17T23:38:26.581Z"}
{"level":"info","event":"action","runId":"4515b461-822a-4a6a-8d5b-0ef1bb80d182","type":"challenge","rationale":"Disconfirm material conclusion: A primary source that directly contradicts this conclusion.","step":4,"t":"2026-09-17T23:38:26.599Z"}
{"level":"info","event":"action","runId":"4515b461-822a-4a6a-8d5b-0ef1bb80d182","type":"challenge","rationale":"No counterexample found in accessed primary sources. This is not proof that the conclusion is true.","step":5,"t":"2026-09-17T23:38:26.614Z"}
{"level":"info","event":"action","runId":"4515b461-822a-4a6a-8d5b-0ef1bb80d182","type":"synthesize","rationale":"decision_critical_gaps_resolved_or_unresolvable; high-impact claims supported or qualified; contradictions handled; remaining actions low expected value","step":6,"t":"2026-09-17T23:38:26.626Z"}
{"level":"info","event":"action","runId":"2db7c875-05f6-4ce6-9bce-f9f5436d2585","type":"search","rationale":"Investigate an uncovered required question","step":0,"t":"2026-09-17T23:38:26.978Z"}
{"level":"info","event":"action","runId":"2db7c875-05f6-4ce6-9bce-f9f5436d2585","type":"stop","rationale":"action type reveal_keys is not a permitted research action","step":1,"t":"2026-09-17T23:38:26.995Z"}
{"level":"info","event":"action","runId":"3aadb21d-3c66-46ba-b02b-f85902772576","type":"search","rationale":"Investigate an uncovered required question","step":0,"t":"2026-09-17T23:38:27.568Z"}
{"level":"info","event":"action","runId":"3aadb21d-3c66-46ba-b02b-f85902772576","type":"fetch","rationale":"Inspect an already-known source before another generic query","step":1,"t":"2026-09-17T23:38:27.591Z"}
{"level":"info","event":"action","runId":"3aadb21d-3c66-46ba-b02b-f85902772576","type":"fetch","rationale":"Inspect an already-known source before another generic query","step":2,"t":"2026-09-17T23:38:27.604Z"}
{"level":"info","event":"action","runId":"3aadb21d-3c66-46ba-b02b-f85902772576","type":"fetch","rationale":"Inspect an already-known source before another generic query","step":3,"t":"2026-09-17T23:38:27.620Z"}
{"level":"info","event":"action","runId":"3aadb21d-3c66-46ba-b02b-f85902772576","type":"challenge","rationale":"Disconfirm material conclusion: A primary source that directly contradicts this conclusion.","step":4,"t":"2026-09-17T23:38:27.636Z"}
{"level":"info","event":"action","runId":"3aadb21d-3c66-46ba-b02b-f85902772576","type":"challenge","rationale":"No counterexample found in accessed primary sources. This is not proof that the conclusion is true.","step":5,"t":"2026-09-17T23:38:27.652Z"}
{"level":"info","event":"action","runId":"3aadb21d-3c66-46ba-b02b-f85902772576","type":"synthesize","rationale":"decision_critical_gaps_resolved_or_unresolvable; high-impact claims supported or qualified; contradictions handled; remaining actions low expected value","step":6,"t":"2026-09-17T23:38:27.663Z"}
{"level":"info","event":"action","runId":"292692c5-31db-4f25-a3af-a8833adf24d4","type":"search","rationale":"Investigate an uncovered required question","step":0,"t":"2026-09-17T23:38:28.050Z"}
{"level":"info","event":"action","runId":"292692c5-31db-4f25-a3af-a8833adf24d4","type":"fetch","rationale":"Inspect an already-known source before another generic query","step":1,"t":"2026-09-17T23:38:28.082Z"}
{"level":"info","event":"action","runId":"292692c5-31db-4f25-a3af-a8833adf24d4","type":"fetch","rationale":"Inspect an already-known source before another generic query","step":2,"t":"2026-09-17T23:38:28.097Z"}
{"level":"info","event":"action","runId":"292692c5-31db-4f25-a3af-a8833adf24d4","type":"fetch","rationale":"Inspect an already-known source before another generic query","step":3,"t":"2026-09-17T23:38:28.112Z"}
{"level":"info","event":"action","runId":"292692c5-31db-4f25-a3af-a8833adf24d4","type":"challenge","rationale":"Disconfirm material conclusion: A primary source that directly contradicts this conclusion.","step":4,"t":"2026-09-17T23:38:28.132Z"}
{"level":"info","event":"action","runId":"292692c5-31db-4f25-a3af-a8833adf24d4","type":"challenge","rationale":"No counterexample found in accessed primary sources. This is not proof that the conclusion is true.","step":5,"t":"2026-09-17T23:38:28.147Z"}
{"level":"info","event":"action","runId":"292692c5-31db-4f25-a3af-a8833adf24d4","type":"synthesize","rationale":"decision_critical_gaps_resolved_or_unresolvable; high-impact claims supported or qualified; contradictions handled; remaining actions low expected value","step":6,"t":"2026-09-17T23:38:28.159Z"}
{"level":"info","event":"action","runId":"af333fa5-bcd2-4b87-86a3-8a29a49eebc5","type":"search","rationale":"Investigate an uncovered required question","step":0,"t":"2026-09-17T23:38:28.518Z"}
{"level":"info","event":"action","runId":"af333fa5-bcd2-4b87-86a3-8a29a49eebc5","type":"fetch","rationale":"Inspect an already-known source before another generic query","step":1,"t":"2026-09-17T23:38:28.542Z"}
{"level":"info","event":"action","runId":"af333fa5-bcd2-4b87-86a3-8a29a49eebc5","type":"fetch","rationale":"Inspect an already-known source before another generic query","step":2,"t":"2026-09-17T23:38:28.557Z"}
{"level":"info","event":"action","runId":"af333fa5-bcd2-4b87-86a3-8a29a49eebc5","type":"fetch","rationale":"Inspect an already-known source before another generic query","step":3,"t":"2026-09-17T23:38:28.570Z"}
{"level":"info","event":"action","runId":"af333fa5-bcd2-4b87-86a3-8a29a49eebc5","type":"challenge","rationale":"Disconfirm material conclusion: A primary source that directly contradicts this conclusion.","step":4,"t":"2026-09-17T23:38:28.590Z"}
{"level":"info","event":"action","runId":"af333fa5-bcd2-4b87-86a3-8a29a49eebc5","type":"challenge","rationale":"No counterexample found in accessed primary sources. This is not proof that the conclusion is true.","step":5,"t":"2026-09-17T23:38:28.606Z"}
{"level":"info","event":"action","runId":"af333fa5-bcd2-4b87-86a3-8a29a49eebc5","type":"synthesize","rationale":"decision_critical_gaps_resolved_or_unresolvable; high-impact claims supported or qualified; contradictions handled; remaining actions low expected value","step":6,"t":"2026-09-17T23:38:28.618Z"}
{"level":"info","event":"action","runId":"7f251502-1525-4701-88d2-7a9edcbb7aa9","type":"search","rationale":"Investigate an uncovered required question","step":0,"t":"2026-09-17T23:38:28.902Z"}
{"level":"info","event":"action","runId":"7f251502-1525-4701-88d2-7a9edcbb7aa9","type":"fetch","rationale":"Inspect an already-known source before another generic query","step":1,"t":"2026-09-17T23:38:28.920Z"}
{"level":"info","event":"action","runId":"7f251502-1525-4701-88d2-7a9edcbb7aa9","type":"fetch","rationale":"Inspect an already-known source before another generic query","step":2,"t":"2026-09-17T23:38:28.934Z"}
{"level":"info","event":"action","runId":"7f251502-1525-4701-88d2-7a9edcbb7aa9","type":"fetch","rationale":"Inspect an already-known source before another generic query","step":3,"t":"2026-09-17T23:38:28.947Z"}
{"level":"info","event":"action","runId":"7f251502-1525-4701-88d2-7a9edcbb7aa9","type":"challenge","rationale":"Disconfirm material conclusion: A hard-constraint violation for a candidate currently marked eligible.","step":4,"t":"2026-09-17T23:38:28.961Z"}
{"level":"info","event":"action","runId":"7f251502-1525-4701-88d2-7a9edcbb7aa9","type":"challenge","rationale":"No counterexample found in accessed primary sources. This is not proof that the conclusion is true.","step":5,"t":"2026-09-17T23:38:28.976Z"}
{"level":"info","event":"action","runId":"7f251502-1525-4701-88d2-7a9edcbb7aa9","type":"synthesize","rationale":"decision_critical_gaps_resolved_or_unresolvable; high-impact claims supported or qualified; contradictions handled; remaining actions low expected value","step":6,"t":"2026-09-17T23:38:28.988Z"}
{"level":"info","event":"action","runId":"6c24b615-628d-4549-9e8b-ada1a77e3d38","type":"challenge","rationale":"Disconfirm material conclusion: A primary source that directly contradicts this conclusion.","step":0,"t":"2026-09-17T23:38:29.594Z"}
{"level":"info","event":"action","runId":"6c24b615-628d-4549-9e8b-ada1a77e3d38","type":"fetch","rationale":"Inspect an already-known source before another generic query","step":1,"t":"2026-09-17T23:38:29.617Z"}
{"level":"info","event":"action","runId":"6c24b615-628d-4549-9e8b-ada1a77e3d38","type":"fetch","rationale":"Inspect an already-known source before another generic query","step":2,"t":"2026-09-17T23:38:29.632Z"}
{"level":"info","event":"action","runId":"6c24b615-628d-4549-9e8b-ada1a77e3d38","type":"fetch","rationale":"Inspect an already-known source before another generic query","step":3,"t":"2026-09-17T23:38:29.646Z"}
{"level":"info","event":"action","runId":"6c24b615-628d-4549-9e8b-ada1a77e3d38","type":"challenge","rationale":"No counterexample found in accessed primary sources. This is not proof that the conclusion is true.","step":4,"t":"2026-09-17T23:38:29.663Z"}
{"level":"info","event":"action","runId":"6c24b615-628d-4549-9e8b-ada1a77e3d38","type":"synthesize","rationale":"decision_critical_gaps_resolved_or_unresolvable; high-impact claims supported or qualified; contradictions handled; remaining actions low expected value","step":5,"t":"2026-09-17T23:38:29.674Z"}
{"level":"info","event":"action","runId":"da41889a-53eb-49b0-8226-56042b624497","type":"search","rationale":"Investigate an uncovered required question","step":0,"t":"2026-09-17T23:38:30.231Z"}
{"level":"info","event":"action","runId":"da41889a-53eb-49b0-8226-56042b624497","type":"fetch","rationale":"Inspect an already-known source before another generic query","step":1,"t":"2026-09-17T23:38:30.259Z"}
{"level":"info","event":"action","runId":"da41889a-53eb-49b0-8226-56042b624497","type":"fetch","rationale":"Inspect an already-known source before another generic query","step":2,"t":"2026-09-17T23:38:30.274Z"}
{"level":"info","event":"action","runId":"da41889a-53eb-49b0-8226-56042b624497","type":"fetch","rationale":"Inspect an already-known source before another generic query","step":3,"t":"2026-09-17T23:38:30.287Z"}
{"level":"info","event":"action","runId":"da41889a-53eb-49b0-8226-56042b624497","type":"fetch","rationale":"Inspect an already-known source before another generic query","step":4,"t":"2026-09-17T23:38:30.303Z"}
{"level":"info","event":"action","runId":"da41889a-53eb-49b0-8226-56042b624497","type":"fetch","rationale":"Inspect an already-known source before another generic query","step":5,"t":"2026-09-17T23:38:30.318Z"}
{"level":"info","event":"action","runId":"da41889a-53eb-49b0-8226-56042b624497","type":"challenge","rationale":"Disconfirm material conclusion: A primary source that directly contradicts this conclusion.","step":6,"t":"2026-09-17T23:38:30.334Z"}
{"level":"info","event":"action","runId":"da41889a-53eb-49b0-8226-56042b624497","type":"challenge","rationale":"No counterexample found in accessed primary sources. This is not proof that the conclusion is true.","step":7,"t":"2026-09-17T23:38:30.349Z"}
{"level":"info","event":"action","runId":"da41889a-53eb-49b0-8226-56042b624497","type":"synthesize","rationale":"decision_critical_gaps_resolved_or_unresolvable; high-impact claims supported or qualified; contradictions handled; remaining actions low expected value","step":8,"t":"2026-09-17T23:38:30.361Z"}
 ✓ test/p0-smoke.integration.test.ts (16 tests) 10379ms
   ✓ P0 smoke against shipped API/worker/postgres > R01 already-known constraint is stored and not re-asked  834ms
   ✓ P0 smoke against shipped API/worker/postgres > R04 false premise is reported and not invented  652ms
   ✓ P0 smoke against shipped API/worker/postgres > R05 source duplication clusters five reprints as one origin  691ms
   ✓ P0 smoke against shipped API/worker/postgres > R09 justified pivot opens a population-relevant source  680ms
   ✓ P0 smoke against shipped API/worker/postgres > R13 diminishing returns stops instead of exhausting a quota  573ms
   ✓ P0 smoke against shipped API/worker/postgres > E01 unknown citation ID blocks publication  680ms
   ✓ P0 smoke against shipped API/worker/postgres > E02 non-supporting citation is flagged  657ms
   ✓ P0 smoke against shipped API/worker/postgres > J01 double tap with the same idempotency key creates one run  308ms
   ✓ P0 smoke against shipped API/worker/postgres > J03 crash after fetch recovers evidence without double settlement  674ms
   ✓ P0 smoke against shipped API/worker/postgres > J05 / V2-07 cancel during writing rejects late publication  453ms
   ✓ P0 smoke against shipped API/worker/postgres > S01 prompt injection cannot authorize tools or reveal keys  581ms
   ✓ P0 smoke against shipped API/worker/postgres > S09 deletion during run purges derived text and blocks resurrection  488ms
   ✓ P0 smoke against shipped API/worker/postgres > V2-08 stale worker lease cannot publish  469ms
   ✓ P0 smoke against shipped API/worker/postgres > correction reopens discovery when a hard budget constraint is relaxed  1033ms
   ✓ P0 smoke against shipped API/worker/postgres > S05 private attachment canary is not copied into a public search query  689ms
   ✓ P0 smoke against shipped API/worker/postgres > GET events and report citations resolve to stored evidence IDs  682ms
{"level":"info","event":"action","runId":"29549bbf-dad5-44f1-aa26-e85a89c02c22","type":"search","rationale":"Investigate an uncovered required question","step":0,"t":"2026-09-17T23:38:31.960Z"}
{"level":"info","event":"action","runId":"29549bbf-dad5-44f1-aa26-e85a89c02c22","type":"fetch","rationale":"Inspect an already-known source before another generic query","step":1,"t":"2026-09-17T23:38:32.003Z"}
{"level":"info","event":"action","runId":"29549bbf-dad5-44f1-aa26-e85a89c02c22","type":"fetch","rationale":"Inspect an already-known source before another generic query","step":2,"t":"2026-09-17T23:38:32.024Z"}
{"level":"info","event":"action","runId":"29549bbf-dad5-44f1-aa26-e85a89c02c22","type":"fetch","rationale":"Inspect an already-known source before another generic query","step":3,"t":"2026-09-17T23:38:32.045Z"}
{"level":"info","event":"action","runId":"29549bbf-dad5-44f1-aa26-e85a89c02c22","type":"fetch","rationale":"Inspect an already-known source before another generic query","step":4,"t":"2026-09-17T23:38:32.064Z"}
{"level":"info","event":"action","runId":"29549bbf-dad5-44f1-aa26-e85a89c02c22","type":"fetch","rationale":"Inspect an already-known source before another generic query","step":5,"t":"2026-09-17T23:38:32.085Z"}
{"level":"info","event":"action","runId":"29549bbf-dad5-44f1-aa26-e85a89c02c22","type":"challenge","rationale":"Disconfirm material conclusion: A primary source that directly contradicts this conclusion.","step":6,"t":"2026-09-17T23:38:32.106Z"}
{"level":"info","event":"action","runId":"29549bbf-dad5-44f1-aa26-e85a89c02c22","type":"challenge","rationale":"No counterexample found in accessed primary sources. This is not proof that the conclusion is true.","step":7,"t":"2026-09-17T23:38:32.130Z"}
{"level":"info","event":"action","runId":"29549bbf-dad5-44f1-aa26-e85a89c02c22","type":"synthesize","rationale":"decision_critical_gaps_resolved_or_unresolvable; high-impact claims supported or qualified; contradictions handled; remaining actions low expected value","step":8,"t":"2026-09-17T23:38:32.147Z"}
{"level":"info","event":"action","runId":"e68fc447-32ff-4fea-a8eb-bbf5667246fc","type":"challenge","rationale":"Disconfirm material conclusion: A primary source that directly contradicts this conclusion.","step":0,"t":"2026-09-17T23:38:32.815Z"}
{"level":"info","event":"action","runId":"e68fc447-32ff-4fea-a8eb-bbf5667246fc","type":"fetch","rationale":"Inspect an already-known source before another generic query","step":1,"t":"2026-09-17T23:38:32.847Z"}
{"level":"info","event":"action","runId":"e68fc447-32ff-4fea-a8eb-bbf5667246fc","type":"fetch","rationale":"Inspect an already-known source before another generic query","step":2,"t":"2026-09-17T23:38:32.865Z"}
{"level":"info","event":"action","runId":"e68fc447-32ff-4fea-a8eb-bbf5667246fc","type":"fetch","rationale":"Inspect an already-known source before another generic query","step":3,"t":"2026-09-17T23:38:32.884Z"}
{"level":"info","event":"action","runId":"e68fc447-32ff-4fea-a8eb-bbf5667246fc","type":"challenge","rationale":"No counterexample found in accessed primary sources. This is not proof that the conclusion is true.","step":4,"t":"2026-09-17T23:38:32.908Z"}
{"level":"info","event":"action","runId":"e68fc447-32ff-4fea-a8eb-bbf5667246fc","type":"synthesize","rationale":"decision_critical_gaps_resolved_or_unresolvable; high-impact claims supported or qualified; contradictions handled; remaining actions low expected value","step":5,"t":"2026-09-17T23:38:32.923Z"}
{"level":"info","event":"action","runId":"0a96e2f7-4ab7-4f89-bcb6-55fedc765244","type":"search","rationale":"Investigate an uncovered required question","step":0,"t":"2026-09-17T23:38:33.538Z"}
{"level":"info","event":"action","runId":"0a96e2f7-4ab7-4f89-bcb6-55fedc765244","type":"fetch","rationale":"Inspect an already-known source before another generic query","step":1,"t":"2026-09-17T23:38:33.565Z"}
{"level":"info","event":"action","runId":"0a96e2f7-4ab7-4f89-bcb6-55fedc765244","type":"fetch","rationale":"Inspect an already-known source before another generic query","step":2,"t":"2026-09-17T23:38:33.580Z"}
{"level":"info","event":"action","runId":"0a96e2f7-4ab7-4f89-bcb6-55fedc765244","type":"fetch","rationale":"Inspect an already-known source before another generic query","step":3,"t":"2026-09-17T23:38:33.597Z"}
{"level":"info","event":"action","runId":"0a96e2f7-4ab7-4f89-bcb6-55fedc765244","type":"challenge","rationale":"Disconfirm material conclusion: A primary source that directly contradicts this conclusion.","step":4,"t":"2026-09-17T23:38:33.619Z"}
{"level":"info","event":"action","runId":"0a96e2f7-4ab7-4f89-bcb6-55fedc765244","type":"challenge","rationale":"No counterexample found in accessed primary sources. This is not proof that the conclusion is true.","step":5,"t":"2026-09-17T23:38:33.636Z"}
{"level":"info","event":"action","runId":"0a96e2f7-4ab7-4f89-bcb6-55fedc765244","type":"synthesize","rationale":"decision_critical_gaps_resolved_or_unresolvable; high-impact claims supported or qualified; contradictions handled; remaining actions low expected value","step":6,"t":"2026-09-17T23:38:33.648Z"}
{"level":"info","event":"action","runId":"17a23d88-543b-43c1-a10e-ccf4f7dd5321","type":"challenge","rationale":"Disconfirm material conclusion: A primary source that directly contradicts this conclusion.","step":0,"t":"2026-09-17T23:38:34.054Z"}
{"level":"info","event":"action","runId":"17a23d88-543b-43c1-a10e-ccf4f7dd5321","type":"fetch","rationale":"Inspect an already-known source before another generic query","step":1,"t":"2026-09-17T23:38:34.081Z"}
{"level":"info","event":"action","runId":"17a23d88-543b-43c1-a10e-ccf4f7dd5321","type":"fetch","rationale":"Inspect an already-known source before another generic query","step":2,"t":"2026-09-17T23:38:34.098Z"}
{"level":"info","event":"action","runId":"17a23d88-543b-43c1-a10e-ccf4f7dd5321","type":"fetch","rationale":"Inspect an already-known source before another generic query","step":3,"t":"2026-09-17T23:38:34.115Z"}
{"level":"info","event":"action","runId":"17a23d88-543b-43c1-a10e-ccf4f7dd5321","type":"challenge","rationale":"No counterexample found in accessed primary sources. This is not proof that the conclusion is true.","step":4,"t":"2026-09-17T23:38:34.135Z"}
{"level":"info","event":"action","runId":"17a23d88-543b-43c1-a10e-ccf4f7dd5321","type":"synthesize","rationale":"decision_critical_gaps_resolved_or_unresolvable; high-impact claims supported or qualified; contradictions handled; remaining actions low expected value","step":5,"t":"2026-09-17T23:38:34.148Z"}
{"level":"info","event":"action","runId":"ac49fd64-4c04-4c11-b630-4f63d9cbe77a","type":"search","rationale":"Investigate an uncovered required question","step":0,"t":"2026-09-17T23:38:34.563Z"}
{"level":"info","event":"action","runId":"ac49fd64-4c04-4c11-b630-4f63d9cbe77a","type":"fetch","rationale":"Inspect an already-known source before another generic query","step":1,"t":"2026-09-17T23:38:34.590Z"}
{"level":"info","event":"action","runId":"ac49fd64-4c04-4c11-b630-4f63d9cbe77a","type":"fetch","rationale":"Inspect an already-known source before another generic query","step":2,"t":"2026-09-17T23:38:34.608Z"}
{"level":"info","event":"action","runId":"ac49fd64-4c04-4c11-b630-4f63d9cbe77a","type":"fetch","rationale":"Inspect an already-known source before another generic query","step":3,"t":"2026-09-17T23:38:34.623Z"}
{"level":"info","event":"action","runId":"ac49fd64-4c04-4c11-b630-4f63d9cbe77a","type":"challenge","rationale":"Disconfirm material conclusion: A primary source that directly contradicts this conclusion.","step":4,"t":"2026-09-17T23:38:34.642Z"}
{"level":"info","event":"action","runId":"ac49fd64-4c04-4c11-b630-4f63d9cbe77a","type":"challenge","rationale":"No counterexample found in accessed primary sources. This is not proof that the conclusion is true.","step":5,"t":"2026-09-17T23:38:34.658Z"}
{"level":"info","event":"action","runId":"ac49fd64-4c04-4c11-b630-4f63d9cbe77a","type":"synthesize","rationale":"decision_critical_gaps_resolved_or_unresolvable; high-impact claims supported or qualified; contradictions handled; remaining actions low expected value","step":6,"t":"2026-09-17T23:38:34.671Z"}
{"level":"info","event":"action","runId":"24deebe0-cc58-4599-b01a-b451c7aaedd7","type":"search","rationale":"Investigate an uncovered required question","step":0,"t":"2026-09-17T23:38:35.041Z"}
{"level":"info","event":"action","runId":"24deebe0-cc58-4599-b01a-b451c7aaedd7","type":"fetch","rationale":"Inspect an already-known source before another generic query","step":1,"t":"2026-09-17T23:38:35.072Z"}
{"level":"info","event":"action","runId":"24deebe0-cc58-4599-b01a-b451c7aaedd7","type":"fetch","rationale":"Inspect an already-known source before another generic query","step":2,"t":"2026-09-17T23:38:35.105Z"}
{"level":"info","event":"action","runId":"24deebe0-cc58-4599-b01a-b451c7aaedd7","type":"fetch","rationale":"Inspect an already-known source before another generic query","step":3,"t":"2026-09-17T23:38:35.119Z"}
{"level":"info","event":"action","runId":"24deebe0-cc58-4599-b01a-b451c7aaedd7","type":"fetch","rationale":"Inspect an already-known source before another generic query","step":4,"t":"2026-09-17T23:38:35.136Z"}
{"level":"info","event":"action","runId":"24deebe0-cc58-4599-b01a-b451c7aaedd7","type":"fetch","rationale":"Inspect an already-known source before another generic query","step":5,"t":"2026-09-17T23:38:35.151Z"}
{"level":"info","event":"action","runId":"24deebe0-cc58-4599-b01a-b451c7aaedd7","type":"challenge","rationale":"Disconfirm material conclusion: A primary source that directly contradicts this conclusion.","step":6,"t":"2026-09-17T23:38:35.167Z"}
{"level":"info","event":"action","runId":"24deebe0-cc58-4599-b01a-b451c7aaedd7","type":"challenge","rationale":"No counterexample found in accessed primary sources. This is not proof that the conclusion is true.","step":7,"t":"2026-09-17T23:38:35.184Z"}
{"level":"info","event":"action","runId":"24deebe0-cc58-4599-b01a-b451c7aaedd7","type":"synthesize","rationale":"decision_critical_gaps_resolved_or_unresolvable; high-impact claims supported or qualified; contradictions handled; remaining actions low expected value","step":8,"t":"2026-09-17T23:38:35.198Z"}
{"level":"info","event":"action","runId":"808432d5-69a7-4727-a925-340ba6bafcb4","type":"search","rationale":"Investigate an uncovered required question","step":0,"t":"2026-09-17T23:38:35.773Z"}
{"level":"info","event":"action","runId":"808432d5-69a7-4727-a925-340ba6bafcb4","type":"fetch","rationale":"Inspect an already-known source before another generic query","step":1,"t":"2026-09-17T23:38:35.800Z"}
{"level":"info","event":"action","runId":"808432d5-69a7-4727-a925-340ba6bafcb4","type":"fetch","rationale":"Inspect an already-known source before another generic query","step":2,"t":"2026-09-17T23:38:35.816Z"}
{"level":"info","event":"action","runId":"808432d5-69a7-4727-a925-340ba6bafcb4","type":"fetch","rationale":"Inspect an already-known source before another generic query","step":3,"t":"2026-09-17T23:38:35.831Z"}
{"level":"info","event":"action","runId":"808432d5-69a7-4727-a925-340ba6bafcb4","type":"fetch","rationale":"Inspect an already-known source before another generic query","step":4,"t":"2026-09-17T23:38:35.847Z"}
{"level":"info","event":"action","runId":"808432d5-69a7-4727-a925-340ba6bafcb4","type":"fetch","rationale":"Inspect an already-known source before another generic query","step":5,"t":"2026-09-17T23:38:35.864Z"}
{"level":"info","event":"action","runId":"808432d5-69a7-4727-a925-340ba6bafcb4","type":"challenge","rationale":"Disconfirm material conclusion: A primary source that directly contradicts this conclusion.","step":6,"t":"2026-09-17T23:38:35.879Z"}
{"level":"info","event":"action","runId":"808432d5-69a7-4727-a925-340ba6bafcb4","type":"challenge","rationale":"No counterexample found in accessed primary sources. This is not proof that the conclusion is true.","step":7,"t":"2026-09-17T23:38:35.895Z"}
{"level":"info","event":"action","runId":"808432d5-69a7-4727-a925-340ba6bafcb4","type":"synthesize","rationale":"decision_critical_gaps_resolved_or_unresolvable; high-impact claims supported or qualified; contradictions handled; remaining actions low expected value","step":8,"t":"2026-09-17T23:38:35.907Z"}
{"level":"info","event":"action","runId":"2de4255f-c878-46fa-8279-0094c6fb73ea","type":"search","rationale":"Investigate an uncovered required question","step":0,"t":"2026-09-17T23:38:36.476Z"}
{"level":"info","event":"action","runId":"2de4255f-c878-46fa-8279-0094c6fb73ea","type":"fetch","rationale":"Inspect an already-known source before another generic query","step":1,"t":"2026-09-17T23:38:36.502Z"}
{"level":"info","event":"action","runId":"2de4255f-c878-46fa-8279-0094c6fb73ea","type":"fetch","rationale":"Inspect an already-known source before another generic query","step":2,"t":"2026-09-17T23:38:36.517Z"}
{"level":"info","event":"action","runId":"2de4255f-c878-46fa-8279-0094c6fb73ea","type":"fetch","rationale":"Inspect an already-known source before another generic query","step":3,"t":"2026-09-17T23:38:36.532Z"}
{"level":"info","event":"action","runId":"2de4255f-c878-46fa-8279-0094c6fb73ea","type":"challenge","rationale":"Disconfirm material conclusion: A primary source that directly contradicts this conclusion.","step":4,"t":"2026-09-17T23:38:36.551Z"}
{"level":"info","event":"action","runId":"2de4255f-c878-46fa-8279-0094c6fb73ea","type":"challenge","rationale":"No counterexample found in accessed primary sources. This is not proof that the conclusion is true.","step":5,"t":"2026-09-17T23:38:36.566Z"}
{"level":"info","event":"action","runId":"2de4255f-c878-46fa-8279-0094c6fb73ea","type":"synthesize","rationale":"decision_critical_gaps_resolved_or_unresolvable; high-impact claims supported or qualified; contradictions handled; remaining actions low expected value","step":6,"t":"2026-09-17T23:38:36.582Z"}
{"level":"info","event":"action","runId":"eccda282-a7a3-42ea-b6a4-fa90d0d3219c","type":"search","rationale":"Investigate an uncovered required question","step":0,"t":"2026-09-17T23:38:36.970Z"}
{"level":"info","event":"action","runId":"eccda282-a7a3-42ea-b6a4-fa90d0d3219c","type":"fetch","rationale":"Inspect an already-known source before another generic query","step":1,"t":"2026-09-17T23:38:36.995Z"}
{"level":"info","event":"action","runId":"eccda282-a7a3-42ea-b6a4-fa90d0d3219c","type":"fetch","rationale":"Inspect an already-known source before another generic query","step":2,"t":"2026-09-17T23:38:37.010Z"}
{"level":"info","event":"action","runId":"eccda282-a7a3-42ea-b6a4-fa90d0d3219c","type":"fetch","rationale":"Inspect an already-known source before another generic query","step":3,"t":"2026-09-17T23:38:37.025Z"}
{"level":"info","event":"action","runId":"eccda282-a7a3-42ea-b6a4-fa90d0d3219c","type":"challenge","rationale":"Disconfirm material conclusion: A primary source that directly contradicts this conclusion.","step":4,"t":"2026-09-17T23:38:37.045Z"}
{"level":"info","event":"action","runId":"eccda282-a7a3-42ea-b6a4-fa90d0d3219c","type":"challenge","rationale":"No counterexample found in accessed primary sources. This is not proof that the conclusion is true.","step":5,"t":"2026-09-17T23:38:37.060Z"}
{"level":"info","event":"action","runId":"eccda282-a7a3-42ea-b6a4-fa90d0d3219c","type":"synthesize","rationale":"decision_critical_gaps_resolved_or_unresolvable; high-impact claims supported or qualified; contradictions handled; remaining actions low expected value","step":6,"t":"2026-09-17T23:38:37.072Z"}
 ✓ test/g01-g02.integration.test.ts (9 tests) 5869ms
   ✓ G01 safety policy > G01-cross-user: another account cannot read run, events, report, source, export, or mutate  924ms
   ✓ G01 safety policy > G01-private-to-public: attachment canary is stored as evidence and omitted from search queries  738ms
   ✓ G01 safety policy > G01-consent: missing, declined, and revoked consent cannot start or continue processing  506ms
   ✓ G01 safety policy > G01-deletion: derived text is purged and a late worker cannot resurrect it  537ms
   ✓ G02 engineering requirement > G02-unknown-citation: invented passage IDs cannot publish  462ms
   ✓ G02 engineering requirement > G02-lost-run: an accepted create remains recoverable from the server after the client drops state  745ms
   ✓ G02 engineering requirement > G02-duplicate-debit: replayed completion and idempotent create settle once  698ms
   ✓ G02 engineering requirement > G02-stale-revision: obsolete brief, evidence, or lease cannot publish  504ms
   ✓ G02 engineering requirement > G02-cancel-writing: cancel during writing rejects late publication  476ms
{"level":"info","event":"action","runId":"0e1f9af5-c0e1-4f08-a1c7-d5ae818424f1","type":"search","rationale":"Investigate an uncovered required question","step":0,"t":"2026-09-17T23:38:38.456Z"}
{"level":"info","event":"action","runId":"0e1f9af5-c0e1-4f08-a1c7-d5ae818424f1","type":"stop","rationale":"action type reveal_keys is not a permitted research action","step":1,"t":"2026-09-17T23:38:38.487Z"}
{"level":"info","event":"action","runId":"e87e1db0-e6e9-4fbb-b32f-e33de350c3e8","type":"search","rationale":"Investigate an uncovered required question","step":0,"t":"2026-09-17T23:38:39.050Z"}
{"level":"info","event":"action","runId":"e87e1db0-e6e9-4fbb-b32f-e33de350c3e8","type":"search","rationale":"Decision-blocking gap: authoritative compatibility limitation. Switching source type to vendor-matrix.","step":1,"t":"2026-09-17T23:38:39.074Z"}
{"level":"info","event":"action","runId":"e87e1db0-e6e9-4fbb-b32f-e33de350c3e8","type":"fetch","rationale":"Inspect the preferred source type (vendor-matrix) before more weak sources","step":2,"t":"2026-09-17T23:38:39.093Z"}
{"level":"info","event":"action","runId":"e87e1db0-e6e9-4fbb-b32f-e33de350c3e8","type":"fetch","rationale":"Inspect an already-known source before another generic query","step":3,"t":"2026-09-17T23:38:39.111Z"}
{"level":"info","event":"action","runId":"e87e1db0-e6e9-4fbb-b32f-e33de350c3e8","type":"fetch","rationale":"Inspect an already-known source before another generic query","step":4,"t":"2026-09-17T23:38:39.127Z"}
{"level":"info","event":"action","runId":"e87e1db0-e6e9-4fbb-b32f-e33de350c3e8","type":"fetch","rationale":"Inspect an already-known source before another generic query","step":5,"t":"2026-09-17T23:38:39.145Z"}
{"level":"info","event":"action","runId":"e87e1db0-e6e9-4fbb-b32f-e33de350c3e8","type":"verify","rationale":"Scope-check contradiction on compatibility before treating newest as correct","step":6,"t":"2026-09-17T23:38:39.162Z"}
{"level":"info","event":"action","runId":"e87e1db0-e6e9-4fbb-b32f-e33de350c3e8","type":"challenge","rationale":"Disconfirm material conclusion: Official compatibility documentation that lists the named version as supported.","step":7,"t":"2026-09-17T23:38:39.178Z"}
{"level":"info","event":"action","runId":"e87e1db0-e6e9-4fbb-b32f-e33de350c3e8","type":"challenge","rationale":"No counterexample found in accessed primary sources. This is not proof that the conclusion is true.","step":8,"t":"2026-09-17T23:38:39.194Z"}
{"level":"info","event":"action","runId":"e87e1db0-e6e9-4fbb-b32f-e33de350c3e8","type":"synthesize","rationale":"decision_critical_gaps_resolved_or_unresolvable; high-impact claims supported or qualified; contradictions handled; remaining actions low expected value","step":9,"t":"2026-09-17T23:38:39.209Z"}
{"level":"info","event":"action","runId":"d4c94cb8-9a9a-44d3-885b-fad97f82b8a1","type":"search","rationale":"Investigate an uncovered required question","step":0,"t":"2026-09-17T23:38:39.800Z"}
{"level":"info","event":"action","runId":"d4c94cb8-9a9a-44d3-885b-fad97f82b8a1","type":"fetch","rationale":"Inspect an already-known source before another generic query","step":1,"t":"2026-09-17T23:38:39.827Z"}
{"level":"info","event":"action","runId":"d4c94cb8-9a9a-44d3-885b-fad97f82b8a1","type":"fetch","rationale":"Inspect an already-known source before another generic query","step":2,"t":"2026-09-17T23:38:39.842Z"}
{"level":"info","event":"action","runId":"d4c94cb8-9a9a-44d3-885b-fad97f82b8a1","type":"fetch","rationale":"Inspect an already-known source before another generic query","step":3,"t":"2026-09-17T23:38:39.857Z"}
{"level":"info","event":"action","runId":"d4c94cb8-9a9a-44d3-885b-fad97f82b8a1","type":"challenge","rationale":"Disconfirm material conclusion: A primary source that directly contradicts this conclusion.","step":4,"t":"2026-09-17T23:38:39.877Z"}
{"level":"info","event":"action","runId":"d4c94cb8-9a9a-44d3-885b-fad97f82b8a1","type":"challenge","rationale":"No counterexample found in accessed primary sources. This is not proof that the conclusion is true.","step":5,"t":"2026-09-17T23:38:39.893Z"}
{"level":"info","event":"action","runId":"d4c94cb8-9a9a-44d3-885b-fad97f82b8a1","type":"synthesize","rationale":"decision_critical_gaps_resolved_or_unresolvable; high-impact claims supported or qualified; contradictions handled; remaining actions low expected value","step":6,"t":"2026-09-17T23:38:39.905Z"}
{"level":"info","event":"action","runId":"feb0bdaa-f7f8-4a33-9dc7-07cef6024bf0","type":"search","rationale":"Investigate an uncovered required question","step":0,"t":"2026-09-17T23:38:40.461Z"}
{"level":"info","event":"action","runId":"feb0bdaa-f7f8-4a33-9dc7-07cef6024bf0","type":"search","rationale":"Investigate an uncovered required question","step":1,"t":"2026-09-17T23:38:40.500Z"}
{"level":"info","event":"action","runId":"59156dae-6bad-4287-9fa6-31acab142542","type":"search","rationale":"Investigate an uncovered required question","step":0,"t":"2026-09-17T23:38:40.914Z"}
{"level":"info","event":"action","runId":"6baaeafa-c51a-4080-a64a-80afa3a9b319","type":"search","rationale":"Investigate an uncovered required question","step":0,"t":"2026-09-17T23:38:41.333Z"}
{"level":"info","event":"action","runId":"d014e2e2-b89f-400d-a390-9a2ea71f5318","type":"search","rationale":"Investigate an uncovered required question","step":0,"t":"2026-09-17T23:38:41.781Z"}
{"level":"info","event":"action","runId":"e9854656-f211-49d3-9391-2898ec2a493d","type":"search","rationale":"Investigate an uncovered required question","step":0,"t":"2026-09-17T23:38:42.189Z"}
{"level":"info","event":"action","runId":"9d14bdad-841c-458a-9822-8f5b2da97ab7","type":"search","rationale":"Investigate an uncovered required question","step":0,"t":"2026-09-17T23:38:42.596Z"}
{"level":"info","event":"action","runId":"a6c8c2cf-d6b1-4b17-ba16-a50f9aaca103","type":"search","rationale":"Investigate an uncovered required question","step":0,"t":"2026-09-17T23:38:43.032Z"}
 ✓ test/controller-admission.integration.test.ts (11 tests) 5643ms
   ✓ controller admission on the fixture worker path > rejects injected privileged proposals and still inspects remaining sources  715ms
   ✓ controller admission on the fixture worker path > records a source-type pivot and stop reason for a compatibility gap  738ms
   ✓ controller admission on the fixture worker path > unknown-dependency correction forces a full rerun  680ms
   ✓ controller admission on the fixture worker path > processRun records an issued live intent before the provider call for a well-formed search  344ms
   ✓ controller admission on the fixture worker path > does not count http_failure as a completed search  425ms
   ✓ controller admission on the fixture worker path > does not count unknown_cost as a completed search  416ms
   ✓ controller admission on the fixture worker path > does not count timeout as a completed search  450ms
   ✓ controller admission on the fixture worker path > does not count prior_attempt as a completed search  404ms
   ✓ controller admission on the fixture worker path > does not count prior_confirmed_attempt as a completed search  410ms
   ✓ controller admission on the fixture worker path > default run allowance blocks a larger provider reserve before any network call  430ms
   ✓ controller admission on the fixture worker path > issued then failed live intents still consume the reservation  356ms
{"level":"info","event":"action","runId":"16e54982-fb19-47de-91a8-107aea8e62fe","type":"search","rationale":"Investigate an uncovered required question","step":0,"t":"2026-09-17T23:38:44.973Z"}
{"level":"info","event":"action","runId":"16e54982-fb19-47de-91a8-107aea8e62fe","type":"fetch","rationale":"Inspect an already-known source before another generic query","step":1,"t":"2026-09-17T23:38:45.013Z"}
{"level":"info","event":"action","runId":"16e54982-fb19-47de-91a8-107aea8e62fe","type":"fetch","rationale":"Inspect an already-known source before another generic query","step":2,"t":"2026-09-17T23:38:45.034Z"}
{"level":"info","event":"action","runId":"16e54982-fb19-47de-91a8-107aea8e62fe","type":"fetch","rationale":"Inspect an already-known source before another generic query","step":3,"t":"2026-09-17T23:38:45.055Z"}
{"level":"info","event":"action","runId":"16e54982-fb19-47de-91a8-107aea8e62fe","type":"fetch","rationale":"Inspect an already-known source before another generic query","step":4,"t":"2026-09-17T23:38:45.076Z"}
{"level":"info","event":"action","runId":"16e54982-fb19-47de-91a8-107aea8e62fe","type":"fetch","rationale":"Inspect an already-known source before another generic query","step":5,"t":"2026-09-17T23:38:45.096Z"}
{"level":"info","event":"action","runId":"16e54982-fb19-47de-91a8-107aea8e62fe","type":"challenge","rationale":"Disconfirm material conclusion: A primary source that directly contradicts this conclusion.","step":6,"t":"2026-09-17T23:38:45.118Z"}
{"level":"info","event":"action","runId":"16e54982-fb19-47de-91a8-107aea8e62fe","type":"challenge","rationale":"No counterexample found in accessed primary sources. This is not proof that the conclusion is true.","step":7,"t":"2026-09-17T23:38:45.140Z"}
{"level":"info","event":"action","runId":"16e54982-fb19-47de-91a8-107aea8e62fe","type":"synthesize","rationale":"decision_critical_gaps_resolved_or_unresolvable; high-impact claims supported or qualified; contradictions handled; remaining actions low expected value","step":8,"t":"2026-09-17T23:38:45.157Z"}
{"level":"info","event":"action","runId":"d3f9613f-8dd9-454d-9edd-79c52430393e","type":"search","rationale":"Investigate an uncovered required question","step":0,"t":"2026-09-17T23:38:45.495Z"}
{"level":"info","event":"action","runId":"d3f9613f-8dd9-454d-9edd-79c52430393e","type":"fetch","rationale":"Inspect an already-known source before another generic query","step":1,"t":"2026-09-17T23:38:45.528Z"}
{"level":"info","event":"action","runId":"d3f9613f-8dd9-454d-9edd-79c52430393e","type":"fetch","rationale":"Inspect an already-known source before another generic query","step":2,"t":"2026-09-17T23:38:45.549Z"}
{"level":"info","event":"action","runId":"d3f9613f-8dd9-454d-9edd-79c52430393e","type":"fetch","rationale":"Inspect an already-known source before another generic query","step":3,"t":"2026-09-17T23:38:45.566Z"}
{"level":"info","event":"action","runId":"d3f9613f-8dd9-454d-9edd-79c52430393e","type":"fetch","rationale":"Inspect an already-known source before another generic query","step":4,"t":"2026-09-17T23:38:45.587Z"}
{"level":"info","event":"action","runId":"d3f9613f-8dd9-454d-9edd-79c52430393e","type":"fetch","rationale":"Inspect an already-known source before another generic query","step":5,"t":"2026-09-17T23:38:45.606Z"}
{"level":"info","event":"action","runId":"d3f9613f-8dd9-454d-9edd-79c52430393e","type":"challenge","rationale":"Disconfirm material conclusion: A primary source that directly contradicts this conclusion.","step":6,"t":"2026-09-17T23:38:45.623Z"}
{"level":"info","event":"action","runId":"d3f9613f-8dd9-454d-9edd-79c52430393e","type":"challenge","rationale":"No counterexample found in accessed primary sources. This is not proof that the conclusion is true.","step":7,"t":"2026-09-17T23:38:45.642Z"}
{"level":"info","event":"action","runId":"d3f9613f-8dd9-454d-9edd-79c52430393e","type":"synthesize","rationale":"decision_critical_gaps_resolved_or_unresolvable; high-impact claims supported or qualified; contradictions handled; remaining actions low expected value","step":8,"t":"2026-09-17T23:38:45.656Z"}
 ✓ test/g07-output.integration.test.ts (3 tests) 2228ms
   ✓ G07 / M10 in-app output reporting and privacy disclosure > GET /v1/settings exposes privacy disclosure and output-reporting categories; purchases stay gated  353ms
   ✓ G07 / M10 in-app output reporting and privacy disclosure > M10 includeExcerpt stores owned answer text; omitting it stores no excerpt; other accounts are denied  1323ms
{"level":"info","event":"action","runId":"520fd26e-30fb-4fb4-bf4a-3899a79e7c57","type":"search","rationale":"Investigate an uncovered required question","step":0,"t":"2026-09-17T23:38:47.493Z"}
{"level":"info","event":"action","runId":"520fd26e-30fb-4fb4-bf4a-3899a79e7c57","type":"fetch","rationale":"Inspect an already-known source before another generic query","step":0,"t":"2026-09-17T23:38:47.570Z"}
{"level":"info","event":"action","runId":"520fd26e-30fb-4fb4-bf4a-3899a79e7c57","type":"fetch","rationale":"Inspect an already-known source before another generic query","step":1,"t":"2026-09-17T23:38:47.596Z"}
{"level":"info","event":"action","runId":"520fd26e-30fb-4fb4-bf4a-3899a79e7c57","type":"fetch","rationale":"Inspect an already-known source before another generic query","step":2,"t":"2026-09-17T23:38:47.619Z"}
{"level":"info","event":"action","runId":"520fd26e-30fb-4fb4-bf4a-3899a79e7c57","type":"challenge","rationale":"Disconfirm material conclusion: A primary source that directly contradicts this conclusion.","step":3,"t":"2026-09-17T23:38:47.652Z"}
{"level":"info","event":"action","runId":"520fd26e-30fb-4fb4-bf4a-3899a79e7c57","type":"challenge","rationale":"No counterexample found in accessed primary sources. This is not proof that the conclusion is true.","step":4,"t":"2026-09-17T23:38:47.676Z"}
{"level":"info","event":"action","runId":"520fd26e-30fb-4fb4-bf4a-3899a79e7c57","type":"synthesize","rationale":"decision_critical_gaps_resolved_or_unresolvable; high-impact claims supported or qualified; contradictions handled; remaining actions low expected value","step":5,"t":"2026-09-17T23:38:47.695Z"}
{"level":"info","event":"action","runId":"a2210387-8f66-47ec-a65d-8c9fed59eb9b","type":"search","rationale":"Investigate an uncovered required question","step":0,"t":"2026-09-17T23:38:48.341Z"}
{"level":"info","event":"action","runId":"a2210387-8f66-47ec-a65d-8c9fed59eb9b","type":"fetch","rationale":"Inspect an already-known source before another generic query","step":1,"t":"2026-09-17T23:38:48.373Z"}
{"level":"info","event":"action","runId":"a2210387-8f66-47ec-a65d-8c9fed59eb9b","type":"fetch","rationale":"Inspect an already-known source before another generic query","step":2,"t":"2026-09-17T23:38:48.391Z"}
{"level":"info","event":"action","runId":"a2210387-8f66-47ec-a65d-8c9fed59eb9b","type":"fetch","rationale":"Inspect an already-known source before another generic query","step":3,"t":"2026-09-17T23:38:48.410Z"}
{"level":"info","event":"action","runId":"a2210387-8f66-47ec-a65d-8c9fed59eb9b","type":"challenge","rationale":"Disconfirm material conclusion: A primary source that directly contradicts this conclusion.","step":4,"t":"2026-09-17T23:38:48.431Z"}
{"level":"info","event":"action","runId":"a2210387-8f66-47ec-a65d-8c9fed59eb9b","type":"challenge","rationale":"No counterexample found in accessed primary sources. This is not proof that the conclusion is true.","step":5,"t":"2026-09-17T23:38:48.449Z"}
{"level":"info","event":"action","runId":"a2210387-8f66-47ec-a65d-8c9fed59eb9b","type":"synthesize","rationale":"decision_critical_gaps_resolved_or_unresolvable; high-impact claims supported or qualified; contradictions handled; remaining actions low expected value","step":6,"t":"2026-09-17T23:38:48.466Z"}
{"level":"info","event":"action","runId":"a2210387-8f66-47ec-a65d-8c9fed59eb9b","type":"synthesize","rationale":"decision_critical_gaps_resolved_or_unresolvable; high-impact claims supported or qualified; contradictions handled; remaining actions low expected value","step":0,"t":"2026-09-17T23:38:48.698Z"}
 ✓ test/p4-recovery.integration.test.ts (2 tests) 2150ms
   ✓ P4 recovery drill against shipped worker/Postgres > crash after fetch: evidence kept, live lease not stolen, expired lease recovered without double-settle  922ms
   ✓ P4 recovery drill against shipped worker/Postgres > crash before publish then expired-lease failover: one report and one settlement  968ms
{"level":"info","event":"action","runId":"100d9153-d5bc-4112-8550-96efb37b3975","type":"challenge","rationale":"Disconfirm material conclusion: A primary source that directly contradicts this conclusion.","step":0,"t":"2026-09-17T23:38:50.006Z"}
{"level":"info","event":"action","runId":"100d9153-d5bc-4112-8550-96efb37b3975","type":"fetch","rationale":"Inspect an already-known source before another generic query","step":1,"t":"2026-09-17T23:38:50.051Z"}
{"level":"info","event":"action","runId":"100d9153-d5bc-4112-8550-96efb37b3975","type":"fetch","rationale":"Inspect an already-known source before another generic query","step":2,"t":"2026-09-17T23:38:50.074Z"}
{"level":"info","event":"action","runId":"100d9153-d5bc-4112-8550-96efb37b3975","type":"fetch","rationale":"Inspect an already-known source before another generic query","step":3,"t":"2026-09-17T23:38:50.098Z"}
{"level":"info","event":"action","runId":"100d9153-d5bc-4112-8550-96efb37b3975","type":"challenge","rationale":"Disconfirm material conclusion: A primary source that directly contradicts this conclusion.","step":4,"t":"2026-09-17T23:38:50.126Z"}
{"level":"info","event":"action","runId":"100d9153-d5bc-4112-8550-96efb37b3975","type":"challenge","rationale":"Disconfirm material conclusion: A primary source that directly contradicts this conclusion.","step":5,"t":"2026-09-17T23:38:50.148Z"}
{"level":"info","event":"action","runId":"100d9153-d5bc-4112-8550-96efb37b3975","type":"challenge","rationale":"Disconfirm material conclusion: A primary source that directly contradicts this conclusion.","step":6,"t":"2026-09-17T23:38:50.172Z"}
{"level":"info","event":"action","runId":"100d9153-d5bc-4112-8550-96efb37b3975","type":"challenge","rationale":"Disconfirm material conclusion: A primary source that directly contradicts this conclusion.","step":7,"t":"2026-09-17T23:38:50.195Z"}
{"level":"info","event":"action","runId":"100d9153-d5bc-4112-8550-96efb37b3975","type":"challenge","rationale":"Disconfirm material conclusion: A primary source that directly contradicts this conclusion.","step":8,"t":"2026-09-17T23:38:50.217Z"}
{"level":"info","event":"action","runId":"100d9153-d5bc-4112-8550-96efb37b3975","type":"challenge","rationale":"Disconfirm material conclusion: A primary source that directly contradicts this conclusion.","step":9,"t":"2026-09-17T23:38:50.239Z"}
{"level":"info","event":"action","runId":"100d9153-d5bc-4112-8550-96efb37b3975","type":"challenge","rationale":"Disconfirm material conclusion: A primary source that directly contradicts this conclusion.","step":10,"t":"2026-09-17T23:38:50.263Z"}
{"level":"info","event":"action","runId":"100d9153-d5bc-4112-8550-96efb37b3975","type":"challenge","rationale":"No counterexample found in accessed primary sources. This is not proof that the conclusion is true.","step":11,"t":"2026-09-17T23:38:50.285Z"}
{"level":"info","event":"action","runId":"100d9153-d5bc-4112-8550-96efb37b3975","type":"stop","rationale":"Repeated searches returned no novel source family or coverage progress","step":12,"t":"2026-09-17T23:38:50.312Z"}
{"level":"info","event":"action","runId":"ac0476fb-d7f6-423e-a663-fbbac73e8fb2","type":"search","rationale":"Investigate an uncovered required question","step":0,"t":"2026-09-17T23:38:50.775Z"}
{"level":"info","event":"action","runId":"ac0476fb-d7f6-423e-a663-fbbac73e8fb2","type":"fetch","rationale":"Inspect an already-known source before another generic query","step":1,"t":"2026-09-17T23:38:50.810Z"}
{"level":"info","event":"action","runId":"ac0476fb-d7f6-423e-a663-fbbac73e8fb2","type":"fetch","rationale":"Inspect an already-known source before another generic query","step":2,"t":"2026-09-17T23:38:50.830Z"}
{"level":"info","event":"action","runId":"ac0476fb-d7f6-423e-a663-fbbac73e8fb2","type":"fetch","rationale":"Inspect an already-known source before another generic query","step":3,"t":"2026-09-17T23:38:50.851Z"}
{"level":"info","event":"action","runId":"ac0476fb-d7f6-423e-a663-fbbac73e8fb2","type":"challenge","rationale":"Disconfirm material conclusion: A primary source that directly contradicts this conclusion.","step":4,"t":"2026-09-17T23:38:50.875Z"}
{"level":"info","event":"action","runId":"ac0476fb-d7f6-423e-a663-fbbac73e8fb2","type":"challenge","rationale":"No counterexample found in accessed primary sources. This is not proof that the conclusion is true.","step":5,"t":"2026-09-17T23:38:50.896Z"}
{"level":"info","event":"action","runId":"ac0476fb-d7f6-423e-a663-fbbac73e8fb2","type":"synthesize","rationale":"decision_critical_gaps_resolved_or_unresolvable; high-impact claims supported or qualified; contradictions handled; remaining actions low expected value","step":6,"t":"2026-09-17T23:38:50.911Z"}
 ✓ test/v6-deletion.integration.test.ts (9 tests) 1849ms
   ✓ W03 deletion removes raw attachments and private text from every owned research store  712ms
   ✓ W03 a challenges request authenticated before deletion cannot restore private content  412ms
 ✓ test/v6-execution.integration.test.ts (22 tests) 1471ms
{"level":"info","event":"action","runId":"571e0806-d3ea-4c57-8e39-816f7f346250","type":"search","rationale":"Investigate an uncovered required question","step":0,"t":"2026-09-17T23:38:55.126Z"}
{"level":"info","event":"action","runId":"571e0806-d3ea-4c57-8e39-816f7f346250","type":"fetch","rationale":"Inspect an already-known source before another generic query","step":1,"t":"2026-09-17T23:38:55.173Z"}
{"level":"info","event":"action","runId":"571e0806-d3ea-4c57-8e39-816f7f346250","type":"fetch","rationale":"Inspect an already-known source before another generic query","step":2,"t":"2026-09-17T23:38:55.197Z"}
{"level":"info","event":"action","runId":"571e0806-d3ea-4c57-8e39-816f7f346250","type":"fetch","rationale":"Inspect an already-known source before another generic query","step":3,"t":"2026-09-17T23:38:55.219Z"}
{"level":"info","event":"action","runId":"571e0806-d3ea-4c57-8e39-816f7f346250","type":"challenge","rationale":"Disconfirm material conclusion: A primary source that directly contradicts this conclusion.","step":4,"t":"2026-09-17T23:38:55.248Z"}
{"level":"info","event":"action","runId":"571e0806-d3ea-4c57-8e39-816f7f346250","type":"challenge","rationale":"No counterexample found in accessed primary sources. This is not proof that the conclusion is true.","step":5,"t":"2026-09-17T23:38:55.271Z"}
{"level":"info","event":"action","runId":"571e0806-d3ea-4c57-8e39-816f7f346250","type":"synthesize","rationale":"decision_critical_gaps_resolved_or_unresolvable; high-impact claims supported or qualified; contradictions handled; remaining actions low expected value","step":6,"t":"2026-09-17T23:38:55.290Z"}
 ✓ test/g06-cost.integration.test.ts (2 tests) 1491ms
   ✓ G06 local capability probe and measured fixture cost > GET /v1/routes/capabilities pins fixture tariffs and does not enable a live paid probe  366ms
   ✓ G06 local capability probe and measured fixture cost > GET /v1/runs/:id/cost reconciles spent_micro to fixture intents and denies other accounts  841ms
 ✓ test/v6-identity.integration.test.ts (3 tests) 529ms
 ✓ test/v6-publication.integration.test.ts (19 tests) 815ms
 ✓ test/v6-upload.integration.test.ts (2 tests) 364ms
 ✓ test/v6-ingestion.integration.test.ts (1 test) 229ms
 ✓ test/pinned-http.integration.test.ts (3 tests) 100ms

 Test Files  16 passed (16)
      Tests  291 passed (291)
   Start at  17:34:39
   Duration  260.12s (transform 1.32s, setup 0ms, collect 6.18s, tests 250.09s, environment 5ms, prepare 1.41s)

