
> deep-research-mobile@0.1.0 test:integration /tmp/deep-v6-clean-5f10a84
> pnpm --filter @deep/backend test:integration


> @deep/backend@0.1.0 test:integration /tmp/deep-v6-clean-5f10a84/apps/backend
> vitest run --config vitest.integration.config.ts


 RUN  v3.2.7 /tmp/deep-v6-clean-5f10a84/apps/backend

 ✓ test/model-gateway.integration.test.ts (136 tests) 167321ms
   ✓ W05 substantive support execution and persisted revisions > performs and stores scoped checks with stable claim revisions on replay  421ms
   ✓ W05 substantive support execution and persisted revisions > does not reuse corrupted claim revisions or support receipts  506ms
   ✓ W05 substantive support execution and persisted revisions > purges scoped assertions and support results on deletion  328ms
   ✓ W01/W05 scoped support at the real publication gate > publishes a checked paraphrase and preserves canonical assertion identity on reopen  424ms
   ✓ W01/W05 scoped support at the real publication gate > does not fall back to literal support when a managed assertion is partial  474ms
   ✓ W01/W05 scoped support at the real publication gate > rejects stale support even if the caller updates the report's revision  316ms
   ✓ W01/W05 scoped support at the real publication gate > rejects altered assertion text and unmapped extra prose  455ms
   ✓ W01/W05 scoped support at the real publication gate > rejects a missing stored check despite a caller-supplied approval object  304ms
   ✓ W01/W05 scoped support at the real publication gate > refuses corrupted persisted checks instead of trusting an approval flag  375ms
   ✓ W05 generic writer, exact final wording and canonical publication > writes changed prose, checks it separately, publishes and reopens its premise lineage  1785ms
   ✓ W05 generic writer, exact final wording and canonical publication > keeps supported synthesis while blocking a made-up heading, paragraph and limitation  1750ms
   ✓ W05 generic writer, exact final wording and canonical publication > reuses a durable draft after restart without another writer request  829ms
   ✓ W05 generic writer, exact final wording and canonical publication > rejects invented premise keys and publishes no report  436ms
   ✓ W05 generic writer, exact final wording and canonical publication > blocks an oversized final assertion set without truncation or a second paid attempt  546ms
   ✓ W05 generic writer, exact final wording and canonical publication > rejects draft self-reference before dispatch  570ms
   ✓ W05 generic writer, exact final wording and canonical publication > purges drafts and composed claim text on account deletion  1772ms
   ✓ W05 generic writer, exact final wording and canonical publication > adds a new checker result without overwriting an older version or paying again  415ms
   ✓ W05 durable criterion coverage review > executes review once, stores exact claim revisions and revalidates replay  856ms
   ✓ W05 durable criterion coverage review > vetoes supported coverage when named assertions failed substantive checks  486ms
   ✓ W05 durable criterion coverage review > rejects missing question reviews without recording coverage  419ms
   ✓ W05 durable criterion coverage review > rejects changed evidence before saving coverage while retaining cost  389ms
   ✓ W05 durable criterion coverage review > purges saved coverage on account deletion  507ms
   ✓ W05 report completion requires exact final coverage > completes and reopens a report only after final assertion coverage executes  3481ms
   ✓ W05 report completion requires exact final coverage > does not publish when the required review returns invalid output  957ms
   ✓ W05 publication rejects a forged complete outcome without a review while preserving limited publication  455ms
   ✓ W05 structured services through production processRun > runs arbitrary evidence through criteria, extraction, substantive checks and cited publication  2039ms
   ✓ W05 structured services through production processRun > does not turn a failed assertion into a verified event or template report  579ms
   ✓ W05 structured writing pause supports resume without repeating evidence work  2401ms
   ✓ W05 structured writing pause supports cancel without repeating evidence work  614ms
   ✓ W04/W05 durable discovered source reading > production worker reads discovered evidence; readable=true  2597ms
   ✓ W05 unresolved criteria trigger a distinct public query and rechecked synthesis  7143ms
   ✓ W06 immutable correction evidence membership > reuses exact passage/version identities but recomputes child claims through production worker  4100ms
   ✓ W06 fresh cited versions change evidence without claiming changed assertion wording  3994ms
   ✓ W06 missing parent publication cannot produce an unchanged comparison  2018ms
   ✓ W05 executed scope comparisons > persists exact revisions and reuses the result without a provider call; writer receives it  592ms
   ✓ W05 executed scope comparisons > rejects foreign owners, wrong revisions, unknown targets and extra authority  391ms
   ✓ W05 executed scope comparisons > corrupt comparison output cannot be reused or passed to the writer  568ms
   ✓ W05 executed scope comparisons > changed claim revision invalidates a comparison and deletion removes derived records  469ms
   ✓ W05 concurrent scope comparison execution produces one durable result  438ms
   ✓ W02/W05 unknown prior writer attempt blocks a context upgrade without releasing its hold  390ms
   ✓ W05 legacy comparison preserves its original writer representation even with an unknown attempt  978ms
   ✓ W05 projection metadata and model-bound pair tampering fail closed  702ms
   ✓ W05 evidence-bound calculation execution > computes from exact supported revisions, binds numeric spans and replays without provider work  595ms
   ✓ W05 evidence-bound calculation execution > a model-supported year cannot masquerade as an area input  479ms
   ✓ W05 evidence-bound calculation execution > rejects foreign/versioned targets, caller values and corrupt results  602ms
   ✓ W05 evidence-bound calculation execution > changed input revision invalidates the proof and account deletion removes it  600ms
   ✓ W05 evidence-bound calculation execution > concurrent attempts share one durable calculation  574ms
   ✓ W05 arithmetic proof at real publication > recomputes, publishes and reopens exact arithmetic with input citations and canonical lineage  1021ms
   ✓ W05 arithmetic proof at real publication > rejects changed wording, omitted operands/citations, type laundering and forged completion  1852ms
   ✓ W05 arithmetic proof at real publication > wrong owner or basis cannot prepare a derived claim; changed stored operands invalidate publication  789ms
   ✓ W05 arithmetic proof at real publication > stored derivation text tampering is rejected rather than recanonicalized silently  838ms
   ✓ W05 structured calculation planning > uses separately versioned gateway output, executes real arithmetic and reuses both records  1363ms
   ✓ W05 structured calculation planning > unknown quantities remain executed unknown results, not model-supplied numbers  904ms
   ✓ W05 structured calculation planning > invalid references and injected values never create calculations  569ms
   ✓ W05 structured calculation planning > unknown plan outcomes retain their reservation and are never resent  739ms
   ✓ W05 structured calculation planning > does not introduce planning over an existing writer's unknown outcome  685ms
   ✓ W05 production worker executes selected quantities rather than a calculation progress event alone  2483ms
   ✓ W02/W05 cached planning cannot ignore tampered schema/prompt/route metadata  1075ms
   ✓ W05/W06 production arithmetic report reopens, rejects dropped output and recomputes a typed corrected ratio from the same source versions  32445ms
   ✓ W05 calculated writer remains limited for omitCalculation despite a positive review  12366ms
   ✓ W05 calculated writer remains limited for wrongQuantity despite a positive review  11565ms
   ✓ W05 calculated writer remains limited for unsupportedProse despite a positive review  11430ms
   ✓ W05 counterevidence execution > executes search, read and exact original-target support: contradictory  804ms
   ✓ W05 counterevidence execution > executes search, read and exact original-target support: supportive  791ms
   ✓ W05 counterevidence execution > executes search, read and exact original-target support: qualified  817ms
   ✓ W05 counterevidence execution > preserves unknown search reservation and does not resend on replay  440ms
   ✓ W05 counterevidence execution > rejects changed target revision and foreign owner before a new request  610ms
   ✓ W05 counterevidence production preserves original target when re-extraction omits it; contradiction=true linked=true  4637ms
   ✓ W05 counterevidence production preserves original target when re-extraction omits it; contradiction=false linked=true  5565ms
   ✓ W05 counterevidence production preserves original target when re-extraction omits it; contradiction=true linked=false  4646ms
   ✓ W05 counterevidence production preserves original target when re-extraction omits it; contradiction=false linked=false  5615ms
   ✓ W05 counterevidence limited publication fails closed when required proof is lost, even with a warning  507ms
   ✓ W05 counterevidence rejects late source content after cancel  423ms
   ✓ W05 counterevidence rejects late source content after delete  442ms
   ✓ W05 counterevidence cannot replace its real result with an optimistic stored flag  674ms
   ✓ W05 counterevidence retains an unknown support outcome without another model send  594ms
   ✓ W05 counterevidence race cannot double-send its search and shares the three-query ceiling  708ms
{"level":"info","event":"action","runId":"a59c81dd-aaa4-4a28-9fb5-5877a190607a","type":"search","rationale":"Investigate an uncovered required question","step":0,"t":"2026-09-18T01:24:49.307Z"}
{"level":"info","event":"action","runId":"a59c81dd-aaa4-4a28-9fb5-5877a190607a","type":"fetch","rationale":"Inspect an already-known source before another generic query","step":1,"t":"2026-09-18T01:24:49.352Z"}
{"level":"info","event":"action","runId":"a59c81dd-aaa4-4a28-9fb5-5877a190607a","type":"fetch","rationale":"Inspect an already-known source before another generic query","step":2,"t":"2026-09-18T01:24:49.375Z"}
{"level":"info","event":"action","runId":"a59c81dd-aaa4-4a28-9fb5-5877a190607a","type":"fetch","rationale":"Inspect an already-known source before another generic query","step":3,"t":"2026-09-18T01:24:49.397Z"}
{"level":"info","event":"action","runId":"a59c81dd-aaa4-4a28-9fb5-5877a190607a","type":"challenge","rationale":"Disconfirm material conclusion: A primary source that directly contradicts this conclusion.","step":4,"t":"2026-09-18T01:24:49.424Z"}
{"level":"info","event":"action","runId":"a59c81dd-aaa4-4a28-9fb5-5877a190607a","type":"challenge","rationale":"No counterexample found in accessed primary sources. This is not proof that the conclusion is true.","step":5,"t":"2026-09-18T01:24:49.447Z"}
{"level":"info","event":"action","runId":"a59c81dd-aaa4-4a28-9fb5-5877a190607a","type":"synthesize","rationale":"decision_critical_gaps_resolved_or_unresolvable; high-impact claims supported or qualified; contradictions handled; remaining actions low expected value","step":6,"t":"2026-09-18T01:24:49.466Z"}
{"level":"info","event":"action","runId":"dbe22933-ca79-4129-a289-da8d95b5e708","type":"search","rationale":"Investigate an uncovered required question","step":0,"t":"2026-09-18T01:24:50.111Z"}
{"level":"info","event":"action","runId":"dbe22933-ca79-4129-a289-da8d95b5e708","type":"fetch","rationale":"Inspect an already-known source before another generic query","step":1,"t":"2026-09-18T01:24:50.137Z"}
{"level":"info","event":"action","runId":"dbe22933-ca79-4129-a289-da8d95b5e708","type":"fetch","rationale":"Inspect an already-known source before another generic query","step":2,"t":"2026-09-18T01:24:50.156Z"}
{"level":"info","event":"action","runId":"dbe22933-ca79-4129-a289-da8d95b5e708","type":"challenge","rationale":"Disconfirm material conclusion: A primary source that directly contradicts this conclusion.","step":3,"t":"2026-09-18T01:24:50.173Z"}
{"level":"info","event":"action","runId":"dbe22933-ca79-4129-a289-da8d95b5e708","type":"challenge","rationale":"No counterexample found in accessed primary sources. This is not proof that the conclusion is true.","step":4,"t":"2026-09-18T01:24:50.193Z"}
{"level":"info","event":"action","runId":"dbe22933-ca79-4129-a289-da8d95b5e708","type":"synthesize","rationale":"decision_critical_gaps_resolved_or_unresolvable; high-impact claims supported or qualified; contradictions handled; remaining actions low expected value","step":5,"t":"2026-09-18T01:24:50.206Z"}
{"level":"info","event":"action","runId":"9e04f736-b470-4155-9147-251c0b5bb55b","type":"search","rationale":"Investigate an uncovered required question","step":0,"t":"2026-09-18T01:24:50.804Z"}
{"level":"info","event":"action","runId":"9e04f736-b470-4155-9147-251c0b5bb55b","type":"fetch","rationale":"Inspect an already-known source before another generic query","step":1,"t":"2026-09-18T01:24:50.833Z"}
{"level":"info","event":"action","runId":"9e04f736-b470-4155-9147-251c0b5bb55b","type":"fetch","rationale":"Inspect an already-known source before another generic query","step":2,"t":"2026-09-18T01:24:50.851Z"}
{"level":"info","event":"action","runId":"9e04f736-b470-4155-9147-251c0b5bb55b","type":"fetch","rationale":"Inspect an already-known source before another generic query","step":3,"t":"2026-09-18T01:24:50.868Z"}
{"level":"info","event":"action","runId":"9e04f736-b470-4155-9147-251c0b5bb55b","type":"challenge","rationale":"Disconfirm material conclusion: A primary source that directly contradicts this conclusion.","step":4,"t":"2026-09-18T01:24:50.890Z"}
{"level":"info","event":"action","runId":"9e04f736-b470-4155-9147-251c0b5bb55b","type":"challenge","rationale":"No counterexample found in accessed primary sources. This is not proof that the conclusion is true.","step":5,"t":"2026-09-18T01:24:50.905Z"}
{"level":"info","event":"action","runId":"9e04f736-b470-4155-9147-251c0b5bb55b","type":"synthesize","rationale":"decision_critical_gaps_resolved_or_unresolvable; high-impact claims supported or qualified; contradictions handled; remaining actions low expected value","step":6,"t":"2026-09-18T01:24:50.918Z"}
{"level":"info","event":"action","runId":"a29a1bde-0108-48fd-a9a2-b8d4059aab5d","type":"search","rationale":"Investigate an uncovered required question","step":0,"t":"2026-09-18T01:24:51.534Z"}
{"level":"info","event":"action","runId":"a29a1bde-0108-48fd-a9a2-b8d4059aab5d","type":"fetch","rationale":"Inspect an already-known source before another generic query","step":1,"t":"2026-09-18T01:24:51.554Z"}
{"level":"info","event":"action","runId":"a29a1bde-0108-48fd-a9a2-b8d4059aab5d","type":"fetch","rationale":"Inspect an already-known source before another generic query","step":2,"t":"2026-09-18T01:24:51.570Z"}
{"level":"info","event":"action","runId":"a29a1bde-0108-48fd-a9a2-b8d4059aab5d","type":"challenge","rationale":"Disconfirm material conclusion: A primary source that directly contradicts this conclusion.","step":3,"t":"2026-09-18T01:24:51.587Z"}
{"level":"info","event":"action","runId":"a29a1bde-0108-48fd-a9a2-b8d4059aab5d","type":"challenge","rationale":"No counterexample found in accessed primary sources. This is not proof that the conclusion is true.","step":4,"t":"2026-09-18T01:24:51.603Z"}
{"level":"info","event":"action","runId":"a29a1bde-0108-48fd-a9a2-b8d4059aab5d","type":"synthesize","rationale":"decision_critical_gaps_resolved_or_unresolvable; high-impact claims supported or qualified; contradictions handled; remaining actions low expected value","step":5,"t":"2026-09-18T01:24:51.615Z"}
{"level":"info","event":"action","runId":"160e00a6-d2fe-47f1-bbb4-351258659716","type":"search","rationale":"Investigate an uncovered required question","step":0,"t":"2026-09-18T01:24:52.186Z"}
{"level":"info","event":"action","runId":"160e00a6-d2fe-47f1-bbb4-351258659716","type":"fetch","rationale":"Inspect an already-known source before another generic query","step":1,"t":"2026-09-18T01:24:52.204Z"}
{"level":"info","event":"action","runId":"160e00a6-d2fe-47f1-bbb4-351258659716","type":"challenge","rationale":"Disconfirm material conclusion: A primary source that directly contradicts this conclusion.","step":2,"t":"2026-09-18T01:24:52.225Z"}
{"level":"info","event":"action","runId":"160e00a6-d2fe-47f1-bbb4-351258659716","type":"challenge","rationale":"No counterexample found in accessed primary sources. This is not proof that the conclusion is true.","step":3,"t":"2026-09-18T01:24:52.241Z"}
{"level":"info","event":"action","runId":"160e00a6-d2fe-47f1-bbb4-351258659716","type":"synthesize","rationale":"decision_critical_gaps_resolved_or_unresolvable; high-impact claims supported or qualified; contradictions handled; remaining actions low expected value","step":4,"t":"2026-09-18T01:24:52.258Z"}
{"level":"info","event":"action","runId":"b2a7321a-c60b-43e1-9298-07ae555e0a25","type":"search","rationale":"Investigate an uncovered required question","step":0,"t":"2026-09-18T01:24:52.832Z"}
{"level":"info","event":"action","runId":"b2a7321a-c60b-43e1-9298-07ae555e0a25","type":"fetch","rationale":"Inspect an already-known source before another generic query","step":1,"t":"2026-09-18T01:24:52.856Z"}
{"level":"info","event":"action","runId":"b2a7321a-c60b-43e1-9298-07ae555e0a25","type":"fetch","rationale":"Inspect an already-known source before another generic query","step":2,"t":"2026-09-18T01:24:52.872Z"}
{"level":"info","event":"action","runId":"b2a7321a-c60b-43e1-9298-07ae555e0a25","type":"fetch","rationale":"Inspect an already-known source before another generic query","step":3,"t":"2026-09-18T01:24:52.887Z"}
{"level":"info","event":"action","runId":"b2a7321a-c60b-43e1-9298-07ae555e0a25","type":"challenge","rationale":"Disconfirm material conclusion: A primary source that directly contradicts this conclusion.","step":4,"t":"2026-09-18T01:24:52.906Z"}
{"level":"info","event":"action","runId":"b2a7321a-c60b-43e1-9298-07ae555e0a25","type":"challenge","rationale":"No counterexample found in accessed primary sources. This is not proof that the conclusion is true.","step":5,"t":"2026-09-18T01:24:52.923Z"}
{"level":"info","event":"action","runId":"b2a7321a-c60b-43e1-9298-07ae555e0a25","type":"synthesize","rationale":"decision_critical_gaps_resolved_or_unresolvable; high-impact claims supported or qualified; contradictions handled; remaining actions low expected value","step":6,"t":"2026-09-18T01:24:52.935Z"}
{"level":"info","event":"action","runId":"41dffe7f-a63a-4418-8680-ef64b41f5c80","type":"search","rationale":"Investigate an uncovered required question","step":0,"t":"2026-09-18T01:24:53.502Z"}
{"level":"info","event":"action","runId":"41dffe7f-a63a-4418-8680-ef64b41f5c80","type":"fetch","rationale":"Inspect an already-known source before another generic query","step":1,"t":"2026-09-18T01:24:53.527Z"}
{"level":"info","event":"action","runId":"41dffe7f-a63a-4418-8680-ef64b41f5c80","type":"fetch","rationale":"Inspect an already-known source before another generic query","step":2,"t":"2026-09-18T01:24:53.542Z"}
{"level":"info","event":"action","runId":"41dffe7f-a63a-4418-8680-ef64b41f5c80","type":"fetch","rationale":"Inspect an already-known source before another generic query","step":3,"t":"2026-09-18T01:24:53.557Z"}
{"level":"info","event":"action","runId":"41dffe7f-a63a-4418-8680-ef64b41f5c80","type":"fetch","rationale":"Inspect an already-known source before another generic query","step":4,"t":"2026-09-18T01:24:53.570Z"}
{"level":"info","event":"action","runId":"41dffe7f-a63a-4418-8680-ef64b41f5c80","type":"fetch","rationale":"Inspect an already-known source before another generic query","step":5,"t":"2026-09-18T01:24:53.584Z"}
{"level":"info","event":"action","runId":"41dffe7f-a63a-4418-8680-ef64b41f5c80","type":"challenge","rationale":"Disconfirm material conclusion: A primary source that directly contradicts this conclusion.","step":6,"t":"2026-09-18T01:24:53.599Z"}
{"level":"info","event":"action","runId":"41dffe7f-a63a-4418-8680-ef64b41f5c80","type":"challenge","rationale":"No counterexample found in accessed primary sources. This is not proof that the conclusion is true.","step":7,"t":"2026-09-18T01:24:53.614Z"}
{"level":"info","event":"action","runId":"41dffe7f-a63a-4418-8680-ef64b41f5c80","type":"synthesize","rationale":"decision_critical_gaps_resolved_or_unresolvable; high-impact claims supported or qualified; contradictions handled; remaining actions low expected value","step":8,"t":"2026-09-18T01:24:53.626Z"}
{"level":"info","event":"action","runId":"5abe7ba9-8bc1-45f5-8e9e-543d231c7abc","type":"challenge","rationale":"Disconfirm material conclusion: A primary source that directly contradicts this conclusion.","step":0,"t":"2026-09-18T01:24:54.224Z"}
{"level":"info","event":"action","runId":"5abe7ba9-8bc1-45f5-8e9e-543d231c7abc","type":"fetch","rationale":"Inspect an already-known source before another generic query","step":1,"t":"2026-09-18T01:24:54.250Z"}
{"level":"info","event":"action","runId":"5abe7ba9-8bc1-45f5-8e9e-543d231c7abc","type":"fetch","rationale":"Inspect an already-known source before another generic query","step":2,"t":"2026-09-18T01:24:54.272Z"}
{"level":"info","event":"action","runId":"5abe7ba9-8bc1-45f5-8e9e-543d231c7abc","type":"fetch","rationale":"Inspect an already-known source before another generic query","step":3,"t":"2026-09-18T01:24:54.288Z"}
{"level":"info","event":"action","runId":"5abe7ba9-8bc1-45f5-8e9e-543d231c7abc","type":"challenge","rationale":"No counterexample found in accessed primary sources. This is not proof that the conclusion is true.","step":4,"t":"2026-09-18T01:24:54.307Z"}
{"level":"info","event":"action","runId":"5abe7ba9-8bc1-45f5-8e9e-543d231c7abc","type":"synthesize","rationale":"decision_critical_gaps_resolved_or_unresolvable; high-impact claims supported or qualified; contradictions handled; remaining actions low expected value","step":5,"t":"2026-09-18T01:24:54.322Z"}
{"level":"info","event":"action","runId":"bd636f81-2fdd-4b78-a26c-f3db7ff9e05b","type":"search","rationale":"Investigate an uncovered required question","step":0,"t":"2026-09-18T01:24:54.914Z"}
{"level":"info","event":"action","runId":"bd636f81-2fdd-4b78-a26c-f3db7ff9e05b","type":"fetch","rationale":"Inspect an already-known source before another generic query","step":1,"t":"2026-09-18T01:24:54.935Z"}
{"level":"info","event":"action","runId":"bd636f81-2fdd-4b78-a26c-f3db7ff9e05b","type":"fetch","rationale":"Inspect an already-known source before another generic query","step":2,"t":"2026-09-18T01:24:54.949Z"}
{"level":"info","event":"action","runId":"bd636f81-2fdd-4b78-a26c-f3db7ff9e05b","type":"fetch","rationale":"Inspect an already-known source before another generic query","step":3,"t":"2026-09-18T01:24:54.964Z"}
{"level":"info","event":"action","runId":"bd636f81-2fdd-4b78-a26c-f3db7ff9e05b","type":"challenge","rationale":"Disconfirm material conclusion: A hard-constraint violation for a candidate currently marked eligible.","step":4,"t":"2026-09-18T01:24:54.977Z"}
{"level":"info","event":"action","runId":"bd636f81-2fdd-4b78-a26c-f3db7ff9e05b","type":"challenge","rationale":"No counterexample found in accessed primary sources. This is not proof that the conclusion is true.","step":5,"t":"2026-09-18T01:24:54.992Z"}
{"level":"info","event":"action","runId":"bd636f81-2fdd-4b78-a26c-f3db7ff9e05b","type":"synthesize","rationale":"decision_critical_gaps_resolved_or_unresolvable; high-impact claims supported or qualified; contradictions handled; remaining actions low expected value","step":6,"t":"2026-09-18T01:24:55.005Z"}
{"level":"info","event":"action","runId":"6e0ed76d-cfb2-4521-9681-8ce72e38f654","type":"search","rationale":"Investigate an uncovered required question","step":0,"t":"2026-09-18T01:24:55.595Z"}
{"level":"info","event":"action","runId":"6e0ed76d-cfb2-4521-9681-8ce72e38f654","type":"fetch","rationale":"Inspect an already-known source before another generic query","step":1,"t":"2026-09-18T01:24:55.615Z"}
{"level":"info","event":"action","runId":"6e0ed76d-cfb2-4521-9681-8ce72e38f654","type":"fetch","rationale":"Inspect an already-known source before another generic query","step":2,"t":"2026-09-18T01:24:55.630Z"}
{"level":"info","event":"action","runId":"6e0ed76d-cfb2-4521-9681-8ce72e38f654","type":"fetch","rationale":"Inspect an already-known source before another generic query","step":3,"t":"2026-09-18T01:24:55.644Z"}
{"level":"info","event":"action","runId":"6e0ed76d-cfb2-4521-9681-8ce72e38f654","type":"challenge","rationale":"Disconfirm material conclusion: A hard-constraint violation for a candidate currently marked eligible.","step":4,"t":"2026-09-18T01:24:55.659Z"}
{"level":"info","event":"action","runId":"6e0ed76d-cfb2-4521-9681-8ce72e38f654","type":"challenge","rationale":"No counterexample found in accessed primary sources. This is not proof that the conclusion is true.","step":5,"t":"2026-09-18T01:24:55.674Z"}
{"level":"info","event":"action","runId":"6e0ed76d-cfb2-4521-9681-8ce72e38f654","type":"synthesize","rationale":"decision_critical_gaps_resolved_or_unresolvable; high-impact claims supported or qualified; contradictions handled; remaining actions low expected value","step":6,"t":"2026-09-18T01:24:55.685Z"}
{"level":"info","event":"action","runId":"afe9efcb-4c76-453b-9ac6-d5474c43ffa2","type":"search","rationale":"Investigate an uncovered required question","step":0,"t":"2026-09-18T01:24:55.969Z"}
{"level":"info","event":"action","runId":"afe9efcb-4c76-453b-9ac6-d5474c43ffa2","type":"fetch","rationale":"Inspect an already-known source before another generic query","step":1,"t":"2026-09-18T01:24:55.987Z"}
{"level":"info","event":"action","runId":"afe9efcb-4c76-453b-9ac6-d5474c43ffa2","type":"fetch","rationale":"Inspect an already-known source before another generic query","step":2,"t":"2026-09-18T01:24:56.000Z"}
{"level":"info","event":"action","runId":"afe9efcb-4c76-453b-9ac6-d5474c43ffa2","type":"fetch","rationale":"Inspect an already-known source before another generic query","step":3,"t":"2026-09-18T01:24:56.014Z"}
{"level":"info","event":"action","runId":"afe9efcb-4c76-453b-9ac6-d5474c43ffa2","type":"challenge","rationale":"Disconfirm material conclusion: A hard-constraint violation for a candidate currently marked eligible.","step":4,"t":"2026-09-18T01:24:56.028Z"}
{"level":"info","event":"action","runId":"afe9efcb-4c76-453b-9ac6-d5474c43ffa2","type":"challenge","rationale":"Disconfirm material conclusion: A hard-constraint violation for a candidate currently marked eligible.","step":5,"t":"2026-09-18T01:24:56.044Z"}
{"level":"info","event":"action","runId":"afe9efcb-4c76-453b-9ac6-d5474c43ffa2","type":"challenge","rationale":"Disconfirm material conclusion: A hard-constraint violation for a candidate currently marked eligible.","step":6,"t":"2026-09-18T01:24:56.059Z"}
{"level":"info","event":"action","runId":"afe9efcb-4c76-453b-9ac6-d5474c43ffa2","type":"challenge","rationale":"Disconfirm material conclusion: A hard-constraint violation for a candidate currently marked eligible.","step":7,"t":"2026-09-18T01:24:56.075Z"}
{"level":"info","event":"action","runId":"afe9efcb-4c76-453b-9ac6-d5474c43ffa2","type":"challenge","rationale":"Disconfirm material conclusion: A hard-constraint violation for a candidate currently marked eligible.","step":8,"t":"2026-09-18T01:24:56.089Z"}
{"level":"info","event":"action","runId":"afe9efcb-4c76-453b-9ac6-d5474c43ffa2","type":"challenge","rationale":"Disconfirm material conclusion: A hard-constraint violation for a candidate currently marked eligible.","step":9,"t":"2026-09-18T01:24:56.106Z"}
{"level":"info","event":"action","runId":"afe9efcb-4c76-453b-9ac6-d5474c43ffa2","type":"challenge","rationale":"Disconfirm material conclusion: A hard-constraint violation for a candidate currently marked eligible.","step":10,"t":"2026-09-18T01:24:56.119Z"}
{"level":"info","event":"action","runId":"afe9efcb-4c76-453b-9ac6-d5474c43ffa2","type":"challenge","rationale":"No counterexample found in accessed primary sources. This is not proof that the conclusion is true.","step":11,"t":"2026-09-18T01:24:56.133Z"}
{"level":"info","event":"action","runId":"afe9efcb-4c76-453b-9ac6-d5474c43ffa2","type":"stop","rationale":"Repeated searches returned no novel source family or coverage progress","step":12,"t":"2026-09-18T01:24:56.145Z"}
{"level":"info","event":"action","runId":"64307eb0-4800-4ebd-864f-749886823246","type":"search","rationale":"Investigate an uncovered required question","step":0,"t":"2026-09-18T01:24:56.719Z"}
{"level":"info","event":"action","runId":"64307eb0-4800-4ebd-864f-749886823246","type":"fetch","rationale":"Inspect an already-known source before another generic query","step":1,"t":"2026-09-18T01:24:56.741Z"}
{"level":"info","event":"action","runId":"64307eb0-4800-4ebd-864f-749886823246","type":"fetch","rationale":"Inspect an already-known source before another generic query","step":2,"t":"2026-09-18T01:24:56.757Z"}
{"level":"info","event":"action","runId":"64307eb0-4800-4ebd-864f-749886823246","type":"fetch","rationale":"Inspect an already-known source before another generic query","step":3,"t":"2026-09-18T01:24:56.771Z"}
{"level":"info","event":"action","runId":"64307eb0-4800-4ebd-864f-749886823246","type":"challenge","rationale":"Disconfirm material conclusion: A hard-constraint violation for a candidate currently marked eligible.","step":4,"t":"2026-09-18T01:24:56.786Z"}
{"level":"info","event":"action","runId":"64307eb0-4800-4ebd-864f-749886823246","type":"challenge","rationale":"No counterexample found in accessed primary sources. This is not proof that the conclusion is true.","step":5,"t":"2026-09-18T01:24:56.800Z"}
{"level":"info","event":"action","runId":"64307eb0-4800-4ebd-864f-749886823246","type":"synthesize","rationale":"decision_critical_gaps_resolved_or_unresolvable; high-impact claims supported or qualified; contradictions handled; remaining actions low expected value","step":6,"t":"2026-09-18T01:24:56.811Z"}
{"level":"info","event":"action","runId":"bc62833a-fdd5-4132-816e-136265c4f99a","type":"search","rationale":"Investigate an uncovered required question","step":0,"t":"2026-09-18T01:24:57.087Z"}
{"level":"info","event":"action","runId":"bc62833a-fdd5-4132-816e-136265c4f99a","type":"fetch","rationale":"Inspect an already-known source before another generic query","step":1,"t":"2026-09-18T01:24:57.104Z"}
{"level":"info","event":"action","runId":"bc62833a-fdd5-4132-816e-136265c4f99a","type":"fetch","rationale":"Inspect an already-known source before another generic query","step":2,"t":"2026-09-18T01:24:57.117Z"}
{"level":"info","event":"action","runId":"bc62833a-fdd5-4132-816e-136265c4f99a","type":"fetch","rationale":"Inspect an already-known source before another generic query","step":3,"t":"2026-09-18T01:24:57.131Z"}
{"level":"info","event":"action","runId":"bc62833a-fdd5-4132-816e-136265c4f99a","type":"challenge","rationale":"Disconfirm material conclusion: A hard-constraint violation for a candidate currently marked eligible.","step":4,"t":"2026-09-18T01:24:57.145Z"}
{"level":"info","event":"action","runId":"bc62833a-fdd5-4132-816e-136265c4f99a","type":"challenge","rationale":"Disconfirm material conclusion: A hard-constraint violation for a candidate currently marked eligible.","step":5,"t":"2026-09-18T01:24:57.159Z"}
{"level":"info","event":"action","runId":"bc62833a-fdd5-4132-816e-136265c4f99a","type":"challenge","rationale":"Disconfirm material conclusion: A hard-constraint violation for a candidate currently marked eligible.","step":6,"t":"2026-09-18T01:24:57.175Z"}
{"level":"info","event":"action","runId":"bc62833a-fdd5-4132-816e-136265c4f99a","type":"challenge","rationale":"Disconfirm material conclusion: A hard-constraint violation for a candidate currently marked eligible.","step":7,"t":"2026-09-18T01:24:57.190Z"}
{"level":"info","event":"action","runId":"bc62833a-fdd5-4132-816e-136265c4f99a","type":"challenge","rationale":"Disconfirm material conclusion: A hard-constraint violation for a candidate currently marked eligible.","step":8,"t":"2026-09-18T01:24:57.205Z"}
{"level":"info","event":"action","runId":"bc62833a-fdd5-4132-816e-136265c4f99a","type":"challenge","rationale":"Disconfirm material conclusion: A hard-constraint violation for a candidate currently marked eligible.","step":9,"t":"2026-09-18T01:24:57.220Z"}
{"level":"info","event":"action","runId":"bc62833a-fdd5-4132-816e-136265c4f99a","type":"challenge","rationale":"Disconfirm material conclusion: A hard-constraint violation for a candidate currently marked eligible.","step":10,"t":"2026-09-18T01:24:57.234Z"}
{"level":"info","event":"action","runId":"bc62833a-fdd5-4132-816e-136265c4f99a","type":"challenge","rationale":"No counterexample found in accessed primary sources. This is not proof that the conclusion is true.","step":11,"t":"2026-09-18T01:24:57.249Z"}
{"level":"info","event":"action","runId":"bc62833a-fdd5-4132-816e-136265c4f99a","type":"stop","rationale":"Repeated searches returned no novel source family or coverage progress","step":12,"t":"2026-09-18T01:24:57.261Z"}
{"level":"info","event":"action","runId":"5c55609b-8778-4c8c-b25a-35136eda916f","type":"challenge","rationale":"Disconfirm material conclusion: A primary source that directly contradicts this conclusion.","step":0,"t":"2026-09-18T01:24:57.912Z"}
{"level":"info","event":"action","runId":"5c55609b-8778-4c8c-b25a-35136eda916f","type":"fetch","rationale":"Inspect an already-known source before another generic query","step":1,"t":"2026-09-18T01:24:57.936Z"}
{"level":"info","event":"action","runId":"5c55609b-8778-4c8c-b25a-35136eda916f","type":"fetch","rationale":"Inspect an already-known source before another generic query","step":2,"t":"2026-09-18T01:24:57.952Z"}
{"level":"info","event":"action","runId":"5c55609b-8778-4c8c-b25a-35136eda916f","type":"fetch","rationale":"Inspect an already-known source before another generic query","step":3,"t":"2026-09-18T01:24:57.968Z"}
{"level":"info","event":"action","runId":"5c55609b-8778-4c8c-b25a-35136eda916f","type":"challenge","rationale":"No counterexample found in accessed primary sources. This is not proof that the conclusion is true.","step":4,"t":"2026-09-18T01:24:57.988Z"}
{"level":"info","event":"action","runId":"5c55609b-8778-4c8c-b25a-35136eda916f","type":"synthesize","rationale":"decision_critical_gaps_resolved_or_unresolvable; high-impact claims supported or qualified; contradictions handled; remaining actions low expected value","step":5,"t":"2026-09-18T01:24:58.001Z"}
{"level":"info","event":"action","runId":"ffe49c6e-fec2-4fde-853d-4888316f546e","type":"search","rationale":"Investigate an uncovered required question","step":0,"t":"2026-09-18T01:24:58.894Z"}
{"level":"info","event":"action","runId":"ffe49c6e-fec2-4fde-853d-4888316f546e","type":"fetch","rationale":"Inspect an already-known source before another generic query","step":1,"t":"2026-09-18T01:24:58.922Z"}
{"level":"info","event":"action","runId":"ffe49c6e-fec2-4fde-853d-4888316f546e","type":"fetch","rationale":"Inspect an already-known source before another generic query","step":2,"t":"2026-09-18T01:24:58.941Z"}
{"level":"info","event":"action","runId":"ffe49c6e-fec2-4fde-853d-4888316f546e","type":"fetch","rationale":"Inspect an already-known source before another generic query","step":3,"t":"2026-09-18T01:24:58.960Z"}
{"level":"info","event":"action","runId":"ffe49c6e-fec2-4fde-853d-4888316f546e","type":"challenge","rationale":"Disconfirm material conclusion: A primary source that directly contradicts this conclusion.","step":4,"t":"2026-09-18T01:24:58.982Z"}
{"level":"info","event":"action","runId":"ffe49c6e-fec2-4fde-853d-4888316f546e","type":"challenge","rationale":"No counterexample found in accessed primary sources. This is not proof that the conclusion is true.","step":5,"t":"2026-09-18T01:24:59.000Z"}
{"level":"info","event":"action","runId":"ffe49c6e-fec2-4fde-853d-4888316f546e","type":"synthesize","rationale":"decision_critical_gaps_resolved_or_unresolvable; high-impact claims supported or qualified; contradictions handled; remaining actions low expected value","step":6,"t":"2026-09-18T01:24:59.016Z"}
{"level":"info","event":"action","runId":"b08c4e87-f532-4d39-8c30-721da7c8e818","type":"search","rationale":"Investigate an uncovered required question","step":0,"t":"2026-09-18T01:24:59.961Z"}
{"level":"info","event":"action","runId":"b08c4e87-f532-4d39-8c30-721da7c8e818","type":"fetch","rationale":"Inspect an already-known source before another generic query","step":1,"t":"2026-09-18T01:24:59.999Z"}
{"level":"info","event":"action","runId":"b08c4e87-f532-4d39-8c30-721da7c8e818","type":"fetch","rationale":"Inspect an already-known source before another generic query","step":2,"t":"2026-09-18T01:25:00.035Z"}
{"level":"info","event":"action","runId":"b08c4e87-f532-4d39-8c30-721da7c8e818","type":"fetch","rationale":"Inspect an already-known source before another generic query","step":3,"t":"2026-09-18T01:25:00.060Z"}
{"level":"info","event":"action","runId":"b08c4e87-f532-4d39-8c30-721da7c8e818","type":"fetch","rationale":"Inspect an already-known source before another generic query","step":4,"t":"2026-09-18T01:25:00.084Z"}
{"level":"info","event":"action","runId":"b08c4e87-f532-4d39-8c30-721da7c8e818","type":"fetch","rationale":"Inspect an already-known source before another generic query","step":5,"t":"2026-09-18T01:25:00.110Z"}
{"level":"info","event":"action","runId":"b08c4e87-f532-4d39-8c30-721da7c8e818","type":"challenge","rationale":"Disconfirm material conclusion: A primary source that directly contradicts this conclusion.","step":6,"t":"2026-09-18T01:25:00.131Z"}
{"level":"info","event":"action","runId":"b08c4e87-f532-4d39-8c30-721da7c8e818","type":"challenge","rationale":"No counterexample found in accessed primary sources. This is not proof that the conclusion is true.","step":7,"t":"2026-09-18T01:25:00.158Z"}
{"level":"info","event":"action","runId":"b08c4e87-f532-4d39-8c30-721da7c8e818","type":"synthesize","rationale":"decision_critical_gaps_resolved_or_unresolvable; high-impact claims supported or qualified; contradictions handled; remaining actions low expected value","step":8,"t":"2026-09-18T01:25:00.178Z"}
{"level":"info","event":"action","runId":"824c338f-d96c-422f-8331-e80432c48d7e","type":"search","rationale":"Investigate an uncovered required question","step":0,"t":"2026-09-18T01:25:01.528Z"}
{"level":"info","event":"action","runId":"824c338f-d96c-422f-8331-e80432c48d7e","type":"fetch","rationale":"Inspect an already-known source before another generic query","step":1,"t":"2026-09-18T01:25:01.613Z"}
{"level":"info","event":"action","runId":"824c338f-d96c-422f-8331-e80432c48d7e","type":"fetch","rationale":"Inspect an already-known source before another generic query","step":2,"t":"2026-09-18T01:25:01.671Z"}
{"level":"info","event":"action","runId":"824c338f-d96c-422f-8331-e80432c48d7e","type":"fetch","rationale":"Inspect an already-known source before another generic query","step":3,"t":"2026-09-18T01:25:01.714Z"}
{"level":"info","event":"action","runId":"824c338f-d96c-422f-8331-e80432c48d7e","type":"challenge","rationale":"Disconfirm material conclusion: A primary source that directly contradicts this conclusion.","step":4,"t":"2026-09-18T01:25:01.766Z"}
{"level":"info","event":"action","runId":"824c338f-d96c-422f-8331-e80432c48d7e","type":"challenge","rationale":"No counterexample found in accessed primary sources. This is not proof that the conclusion is true.","step":5,"t":"2026-09-18T01:25:01.819Z"}
{"level":"info","event":"action","runId":"824c338f-d96c-422f-8331-e80432c48d7e","type":"synthesize","rationale":"decision_critical_gaps_resolved_or_unresolvable; high-impact claims supported or qualified; contradictions handled; remaining actions low expected value","step":6,"t":"2026-09-18T01:25:01.865Z"}
{"level":"info","event":"action","runId":"487227db-b556-4a4e-9a8a-c86d8ba69353","type":"search","rationale":"Investigate an uncovered required question","step":0,"t":"2026-09-18T01:25:03.303Z"}
{"level":"info","event":"action","runId":"487227db-b556-4a4e-9a8a-c86d8ba69353","type":"fetch","rationale":"Inspect an already-known source before another generic query","step":1,"t":"2026-09-18T01:25:03.338Z"}
{"level":"info","event":"action","runId":"487227db-b556-4a4e-9a8a-c86d8ba69353","type":"fetch","rationale":"Inspect an already-known source before another generic query","step":2,"t":"2026-09-18T01:25:03.355Z"}
{"level":"info","event":"action","runId":"487227db-b556-4a4e-9a8a-c86d8ba69353","type":"fetch","rationale":"Inspect an already-known source before another generic query","step":3,"t":"2026-09-18T01:25:03.372Z"}
{"level":"info","event":"action","runId":"487227db-b556-4a4e-9a8a-c86d8ba69353","type":"fetch","rationale":"Inspect an already-known source before another generic query","step":4,"t":"2026-09-18T01:25:03.389Z"}
{"level":"info","event":"action","runId":"487227db-b556-4a4e-9a8a-c86d8ba69353","type":"fetch","rationale":"Inspect an already-known source before another generic query","step":5,"t":"2026-09-18T01:25:03.404Z"}
{"level":"info","event":"action","runId":"487227db-b556-4a4e-9a8a-c86d8ba69353","type":"challenge","rationale":"Disconfirm material conclusion: A primary source that directly contradicts this conclusion.","step":6,"t":"2026-09-18T01:25:03.423Z"}
{"level":"info","event":"action","runId":"487227db-b556-4a4e-9a8a-c86d8ba69353","type":"challenge","rationale":"No counterexample found in accessed primary sources. This is not proof that the conclusion is true.","step":7,"t":"2026-09-18T01:25:03.445Z"}
{"level":"info","event":"action","runId":"487227db-b556-4a4e-9a8a-c86d8ba69353","type":"synthesize","rationale":"decision_critical_gaps_resolved_or_unresolvable; high-impact claims supported or qualified; contradictions handled; remaining actions low expected value","step":8,"t":"2026-09-18T01:25:03.467Z"}
{"level":"info","event":"action","runId":"fb443b82-bf2d-4164-906c-b8d35f5e2dfb","type":"search","rationale":"Investigate an uncovered required question","step":0,"t":"2026-09-18T01:25:04.828Z"}
{"level":"info","event":"action","runId":"fb443b82-bf2d-4164-906c-b8d35f5e2dfb","type":"fetch","rationale":"Inspect an already-known source before another generic query","step":1,"t":"2026-09-18T01:25:04.851Z"}
{"level":"info","event":"action","runId":"fb443b82-bf2d-4164-906c-b8d35f5e2dfb","type":"fetch","rationale":"Inspect an already-known source before another generic query","step":2,"t":"2026-09-18T01:25:04.867Z"}
{"level":"info","event":"action","runId":"fb443b82-bf2d-4164-906c-b8d35f5e2dfb","type":"fetch","rationale":"Inspect an already-known source before another generic query","step":3,"t":"2026-09-18T01:25:04.882Z"}
{"level":"info","event":"action","runId":"fb443b82-bf2d-4164-906c-b8d35f5e2dfb","type":"fetch","rationale":"Inspect an already-known source before another generic query","step":4,"t":"2026-09-18T01:25:04.898Z"}
{"level":"info","event":"action","runId":"fb443b82-bf2d-4164-906c-b8d35f5e2dfb","type":"fetch","rationale":"Inspect an already-known source before another generic query","step":5,"t":"2026-09-18T01:25:04.914Z"}
{"level":"info","event":"action","runId":"fb443b82-bf2d-4164-906c-b8d35f5e2dfb","type":"challenge","rationale":"Disconfirm material conclusion: A primary source that directly contradicts this conclusion.","step":6,"t":"2026-09-18T01:25:04.931Z"}
{"level":"info","event":"action","runId":"fb443b82-bf2d-4164-906c-b8d35f5e2dfb","type":"challenge","rationale":"No counterexample found in accessed primary sources. This is not proof that the conclusion is true.","step":7,"t":"2026-09-18T01:25:04.946Z"}
{"level":"info","event":"action","runId":"fb443b82-bf2d-4164-906c-b8d35f5e2dfb","type":"synthesize","rationale":"decision_critical_gaps_resolved_or_unresolvable; high-impact claims supported or qualified; contradictions handled; remaining actions low expected value","step":8,"t":"2026-09-18T01:25:04.961Z"}
{"level":"info","event":"action","runId":"ad473367-00a5-4461-935a-a25b633bba89","type":"search","rationale":"Investigate an uncovered required question","step":0,"t":"2026-09-18T01:25:05.764Z"}
{"level":"info","event":"action","runId":"ad473367-00a5-4461-935a-a25b633bba89","type":"fetch","rationale":"Inspect an already-known source before another generic query","step":1,"t":"2026-09-18T01:25:05.787Z"}
{"level":"info","event":"action","runId":"ad473367-00a5-4461-935a-a25b633bba89","type":"fetch","rationale":"Inspect an already-known source before another generic query","step":2,"t":"2026-09-18T01:25:05.801Z"}
{"level":"info","event":"action","runId":"ad473367-00a5-4461-935a-a25b633bba89","type":"fetch","rationale":"Inspect an already-known source before another generic query","step":3,"t":"2026-09-18T01:25:05.815Z"}
{"level":"info","event":"action","runId":"ad473367-00a5-4461-935a-a25b633bba89","type":"fetch","rationale":"Inspect an already-known source before another generic query","step":4,"t":"2026-09-18T01:25:05.828Z"}
{"level":"info","event":"action","runId":"ad473367-00a5-4461-935a-a25b633bba89","type":"fetch","rationale":"Inspect an already-known source before another generic query","step":5,"t":"2026-09-18T01:25:05.842Z"}
{"level":"info","event":"action","runId":"ad473367-00a5-4461-935a-a25b633bba89","type":"challenge","rationale":"Disconfirm material conclusion: A primary source that directly contradicts this conclusion.","step":6,"t":"2026-09-18T01:25:05.857Z"}
{"level":"info","event":"action","runId":"ad473367-00a5-4461-935a-a25b633bba89","type":"challenge","rationale":"No counterexample found in accessed primary sources. This is not proof that the conclusion is true.","step":7,"t":"2026-09-18T01:25:05.872Z"}
{"level":"info","event":"action","runId":"ad473367-00a5-4461-935a-a25b633bba89","type":"synthesize","rationale":"decision_critical_gaps_resolved_or_unresolvable; high-impact claims supported or qualified; contradictions handled; remaining actions low expected value","step":8,"t":"2026-09-18T01:25:05.883Z"}
{"level":"info","event":"action","runId":"f6ddf2f1-4daa-4635-93ed-39aed93e4604","type":"search","rationale":"Investigate an uncovered required question","step":0,"t":"2026-09-18T01:25:06.645Z"}
{"level":"info","event":"action","runId":"f6ddf2f1-4daa-4635-93ed-39aed93e4604","type":"fetch","rationale":"Inspect an already-known source before another generic query","step":1,"t":"2026-09-18T01:25:06.665Z"}
{"level":"info","event":"action","runId":"f6ddf2f1-4daa-4635-93ed-39aed93e4604","type":"fetch","rationale":"Inspect an already-known source before another generic query","step":2,"t":"2026-09-18T01:25:06.678Z"}
{"level":"info","event":"action","runId":"f6ddf2f1-4daa-4635-93ed-39aed93e4604","type":"fetch","rationale":"Inspect an already-known source before another generic query","step":3,"t":"2026-09-18T01:25:06.692Z"}
{"level":"info","event":"action","runId":"f6ddf2f1-4daa-4635-93ed-39aed93e4604","type":"fetch","rationale":"Inspect an already-known source before another generic query","step":4,"t":"2026-09-18T01:25:06.703Z"}
{"level":"info","event":"action","runId":"f6ddf2f1-4daa-4635-93ed-39aed93e4604","type":"fetch","rationale":"Inspect an already-known source before another generic query","step":5,"t":"2026-09-18T01:25:06.717Z"}
{"level":"info","event":"action","runId":"f6ddf2f1-4daa-4635-93ed-39aed93e4604","type":"challenge","rationale":"Disconfirm material conclusion: A primary source that directly contradicts this conclusion.","step":6,"t":"2026-09-18T01:25:06.729Z"}
{"level":"info","event":"action","runId":"f6ddf2f1-4daa-4635-93ed-39aed93e4604","type":"challenge","rationale":"No counterexample found in accessed primary sources. This is not proof that the conclusion is true.","step":7,"t":"2026-09-18T01:25:06.742Z"}
{"level":"info","event":"action","runId":"f6ddf2f1-4daa-4635-93ed-39aed93e4604","type":"synthesize","rationale":"decision_critical_gaps_resolved_or_unresolvable; high-impact claims supported or qualified; contradictions handled; remaining actions low expected value","step":8,"t":"2026-09-18T01:25:06.752Z"}
{"level":"info","event":"action","runId":"d8e64768-e313-4658-a7f3-e57c11054094","type":"search","rationale":"Investigate an uncovered required question","step":0,"t":"2026-09-18T01:25:07.600Z"}
{"level":"info","event":"action","runId":"d8e64768-e313-4658-a7f3-e57c11054094","type":"fetch","rationale":"Inspect an already-known source before another generic query","step":1,"t":"2026-09-18T01:25:07.623Z"}
{"level":"info","event":"action","runId":"d8e64768-e313-4658-a7f3-e57c11054094","type":"fetch","rationale":"Inspect an already-known source before another generic query","step":2,"t":"2026-09-18T01:25:07.635Z"}
{"level":"info","event":"action","runId":"d8e64768-e313-4658-a7f3-e57c11054094","type":"fetch","rationale":"Inspect an already-known source before another generic query","step":3,"t":"2026-09-18T01:25:07.649Z"}
{"level":"info","event":"action","runId":"d8e64768-e313-4658-a7f3-e57c11054094","type":"fetch","rationale":"Inspect an already-known source before another generic query","step":4,"t":"2026-09-18T01:25:07.662Z"}
{"level":"info","event":"action","runId":"d8e64768-e313-4658-a7f3-e57c11054094","type":"fetch","rationale":"Inspect an already-known source before another generic query","step":5,"t":"2026-09-18T01:25:07.675Z"}
{"level":"info","event":"action","runId":"d8e64768-e313-4658-a7f3-e57c11054094","type":"challenge","rationale":"Disconfirm material conclusion: A primary source that directly contradicts this conclusion.","step":6,"t":"2026-09-18T01:25:07.689Z"}
{"level":"info","event":"action","runId":"d8e64768-e313-4658-a7f3-e57c11054094","type":"challenge","rationale":"No counterexample found in accessed primary sources. This is not proof that the conclusion is true.","step":7,"t":"2026-09-18T01:25:07.705Z"}
{"level":"info","event":"action","runId":"d8e64768-e313-4658-a7f3-e57c11054094","type":"synthesize","rationale":"decision_critical_gaps_resolved_or_unresolvable; high-impact claims supported or qualified; contradictions handled; remaining actions low expected value","step":8,"t":"2026-09-18T01:25:07.716Z"}
{"level":"info","event":"action","runId":"a4f5987a-f946-479d-824c-69b8238dae0a","type":"search","rationale":"Investigate an uncovered required question","step":0,"t":"2026-09-18T01:25:08.872Z"}
{"level":"info","event":"action","runId":"a4f5987a-f946-479d-824c-69b8238dae0a","type":"fetch","rationale":"Inspect an already-known source before another generic query","step":1,"t":"2026-09-18T01:25:08.892Z"}
{"level":"info","event":"action","runId":"a4f5987a-f946-479d-824c-69b8238dae0a","type":"fetch","rationale":"Inspect an already-known source before another generic query","step":2,"t":"2026-09-18T01:25:08.905Z"}
{"level":"info","event":"action","runId":"a4f5987a-f946-479d-824c-69b8238dae0a","type":"fetch","rationale":"Inspect an already-known source before another generic query","step":3,"t":"2026-09-18T01:25:08.918Z"}
{"level":"info","event":"action","runId":"a4f5987a-f946-479d-824c-69b8238dae0a","type":"fetch","rationale":"Inspect an already-known source before another generic query","step":4,"t":"2026-09-18T01:25:08.930Z"}
{"level":"info","event":"action","runId":"a4f5987a-f946-479d-824c-69b8238dae0a","type":"fetch","rationale":"Inspect an already-known source before another generic query","step":5,"t":"2026-09-18T01:25:08.944Z"}
{"level":"info","event":"action","runId":"a4f5987a-f946-479d-824c-69b8238dae0a","type":"challenge","rationale":"Disconfirm material conclusion: A primary source that directly contradicts this conclusion.","step":6,"t":"2026-09-18T01:25:08.957Z"}
{"level":"info","event":"action","runId":"a4f5987a-f946-479d-824c-69b8238dae0a","type":"challenge","rationale":"No counterexample found in accessed primary sources. This is not proof that the conclusion is true.","step":7,"t":"2026-09-18T01:25:08.971Z"}
{"level":"info","event":"action","runId":"a4f5987a-f946-479d-824c-69b8238dae0a","type":"synthesize","rationale":"decision_critical_gaps_resolved_or_unresolvable; high-impact claims supported or qualified; contradictions handled; remaining actions low expected value","step":8,"t":"2026-09-18T01:25:08.982Z"}
{"level":"info","event":"action","runId":"62bd4791-77a6-4e61-bcf4-ba043967daa6","type":"search","rationale":"Investigate an uncovered required question","step":0,"t":"2026-09-18T01:25:09.534Z"}
{"level":"info","event":"action","runId":"62bd4791-77a6-4e61-bcf4-ba043967daa6","type":"fetch","rationale":"Inspect an already-known source before another generic query","step":1,"t":"2026-09-18T01:25:09.562Z"}
{"level":"info","event":"action","runId":"62bd4791-77a6-4e61-bcf4-ba043967daa6","type":"fetch","rationale":"Inspect an already-known source before another generic query","step":2,"t":"2026-09-18T01:25:09.583Z"}
{"level":"info","event":"action","runId":"62bd4791-77a6-4e61-bcf4-ba043967daa6","type":"fetch","rationale":"Inspect an already-known source before another generic query","step":3,"t":"2026-09-18T01:25:09.597Z"}
{"level":"info","event":"action","runId":"62bd4791-77a6-4e61-bcf4-ba043967daa6","type":"fetch","rationale":"Inspect an already-known source before another generic query","step":4,"t":"2026-09-18T01:25:09.611Z"}
{"level":"info","event":"action","runId":"62bd4791-77a6-4e61-bcf4-ba043967daa6","type":"fetch","rationale":"Inspect an already-known source before another generic query","step":5,"t":"2026-09-18T01:25:09.626Z"}
{"level":"info","event":"action","runId":"62bd4791-77a6-4e61-bcf4-ba043967daa6","type":"challenge","rationale":"Disconfirm material conclusion: A primary source that directly contradicts this conclusion.","step":6,"t":"2026-09-18T01:25:09.642Z"}
{"level":"info","event":"action","runId":"62bd4791-77a6-4e61-bcf4-ba043967daa6","type":"challenge","rationale":"No counterexample found in accessed primary sources. This is not proof that the conclusion is true.","step":7,"t":"2026-09-18T01:25:09.655Z"}
{"level":"info","event":"action","runId":"62bd4791-77a6-4e61-bcf4-ba043967daa6","type":"synthesize","rationale":"decision_critical_gaps_resolved_or_unresolvable; high-impact claims supported or qualified; contradictions handled; remaining actions low expected value","step":8,"t":"2026-09-18T01:25:09.667Z"}
{"level":"info","event":"action","runId":"f63add7e-bc52-499d-8260-90a7f56cf9bc","type":"search","rationale":"Investigate an uncovered required question","step":0,"t":"2026-09-18T01:25:10.463Z"}
{"level":"info","event":"action","runId":"f63add7e-bc52-499d-8260-90a7f56cf9bc","type":"fetch","rationale":"Inspect an already-known source before another generic query","step":1,"t":"2026-09-18T01:25:10.480Z"}
{"level":"info","event":"action","runId":"f63add7e-bc52-499d-8260-90a7f56cf9bc","type":"challenge","rationale":"Disconfirm material conclusion: A primary source that directly contradicts this conclusion.","step":2,"t":"2026-09-18T01:25:10.495Z"}
{"level":"info","event":"action","runId":"f63add7e-bc52-499d-8260-90a7f56cf9bc","type":"challenge","rationale":"No counterexample found in accessed primary sources. This is not proof that the conclusion is true.","step":3,"t":"2026-09-18T01:25:10.509Z"}
{"level":"info","event":"action","runId":"f63add7e-bc52-499d-8260-90a7f56cf9bc","type":"synthesize","rationale":"decision_critical_gaps_resolved_or_unresolvable; high-impact claims supported or qualified; contradictions handled; remaining actions low expected value","step":4,"t":"2026-09-18T01:25:10.521Z"}
{"level":"info","event":"action","runId":"b8576112-79ea-4fa4-9ca8-0109fbbae723","type":"search","rationale":"Investigate an uncovered required question","step":0,"t":"2026-09-18T01:25:11.299Z"}
{"level":"info","event":"action","runId":"b8576112-79ea-4fa4-9ca8-0109fbbae723","type":"fetch","rationale":"Inspect an already-known source before another generic query","step":1,"t":"2026-09-18T01:25:11.323Z"}
{"level":"info","event":"action","runId":"b8576112-79ea-4fa4-9ca8-0109fbbae723","type":"fetch","rationale":"Inspect an already-known source before another generic query","step":2,"t":"2026-09-18T01:25:11.338Z"}
{"level":"info","event":"action","runId":"b8576112-79ea-4fa4-9ca8-0109fbbae723","type":"fetch","rationale":"Inspect an already-known source before another generic query","step":3,"t":"2026-09-18T01:25:11.353Z"}
{"level":"info","event":"action","runId":"b8576112-79ea-4fa4-9ca8-0109fbbae723","type":"challenge","rationale":"Disconfirm material conclusion: A primary source that directly contradicts this conclusion.","step":4,"t":"2026-09-18T01:25:11.372Z"}
{"level":"info","event":"action","runId":"b8576112-79ea-4fa4-9ca8-0109fbbae723","type":"challenge","rationale":"No counterexample found in accessed primary sources. This is not proof that the conclusion is true.","step":5,"t":"2026-09-18T01:25:11.386Z"}
{"level":"info","event":"action","runId":"b8576112-79ea-4fa4-9ca8-0109fbbae723","type":"synthesize","rationale":"decision_critical_gaps_resolved_or_unresolvable; high-impact claims supported or qualified; contradictions handled; remaining actions low expected value","step":6,"t":"2026-09-18T01:25:11.398Z"}
{"level":"info","event":"action","runId":"8a116737-2e5a-4c8f-9c82-46378e12993b","type":"search","rationale":"Investigate an uncovered required question","step":0,"t":"2026-09-18T01:25:12.271Z"}
{"level":"info","event":"action","runId":"8a116737-2e5a-4c8f-9c82-46378e12993b","type":"fetch","rationale":"Inspect an already-known source before another generic query","step":1,"t":"2026-09-18T01:25:12.301Z"}
{"level":"info","event":"action","runId":"8a116737-2e5a-4c8f-9c82-46378e12993b","type":"fetch","rationale":"Inspect an already-known source before another generic query","step":2,"t":"2026-09-18T01:25:12.316Z"}
{"level":"info","event":"action","runId":"8a116737-2e5a-4c8f-9c82-46378e12993b","type":"fetch","rationale":"Inspect an already-known source before another generic query","step":3,"t":"2026-09-18T01:25:12.334Z"}
{"level":"info","event":"action","runId":"8a116737-2e5a-4c8f-9c82-46378e12993b","type":"challenge","rationale":"Disconfirm material conclusion: A primary source that directly contradicts this conclusion.","step":4,"t":"2026-09-18T01:25:12.354Z"}
{"level":"info","event":"action","runId":"8a116737-2e5a-4c8f-9c82-46378e12993b","type":"challenge","rationale":"No counterexample found in accessed primary sources. This is not proof that the conclusion is true.","step":5,"t":"2026-09-18T01:25:12.371Z"}
{"level":"info","event":"action","runId":"8a116737-2e5a-4c8f-9c82-46378e12993b","type":"synthesize","rationale":"decision_critical_gaps_resolved_or_unresolvable; high-impact claims supported or qualified; contradictions handled; remaining actions low expected value","step":6,"t":"2026-09-18T01:25:12.387Z"}
{"level":"info","event":"action","runId":"eadab4f0-293c-4587-b8a3-4b3fc289ea71","type":"search","rationale":"Investigate an uncovered required question","step":0,"t":"2026-09-18T01:25:13.278Z"}
{"level":"info","event":"action","runId":"eadab4f0-293c-4587-b8a3-4b3fc289ea71","type":"fetch","rationale":"Inspect an already-known source before another generic query","step":1,"t":"2026-09-18T01:25:13.311Z"}
{"level":"info","event":"action","runId":"eadab4f0-293c-4587-b8a3-4b3fc289ea71","type":"fetch","rationale":"Inspect an already-known source before another generic query","step":2,"t":"2026-09-18T01:25:13.328Z"}
{"level":"info","event":"action","runId":"eadab4f0-293c-4587-b8a3-4b3fc289ea71","type":"fetch","rationale":"Inspect an already-known source before another generic query","step":3,"t":"2026-09-18T01:25:13.346Z"}
{"level":"info","event":"action","runId":"eadab4f0-293c-4587-b8a3-4b3fc289ea71","type":"fetch","rationale":"Inspect an already-known source before another generic query","step":4,"t":"2026-09-18T01:25:13.366Z"}
{"level":"info","event":"action","runId":"eadab4f0-293c-4587-b8a3-4b3fc289ea71","type":"fetch","rationale":"Inspect an already-known source before another generic query","step":5,"t":"2026-09-18T01:25:13.384Z"}
{"level":"info","event":"action","runId":"eadab4f0-293c-4587-b8a3-4b3fc289ea71","type":"challenge","rationale":"Disconfirm material conclusion: A primary source that directly contradicts this conclusion.","step":6,"t":"2026-09-18T01:25:13.403Z"}
{"level":"info","event":"action","runId":"eadab4f0-293c-4587-b8a3-4b3fc289ea71","type":"challenge","rationale":"No counterexample found in accessed primary sources. This is not proof that the conclusion is true.","step":7,"t":"2026-09-18T01:25:13.422Z"}
{"level":"info","event":"action","runId":"eadab4f0-293c-4587-b8a3-4b3fc289ea71","type":"synthesize","rationale":"decision_critical_gaps_resolved_or_unresolvable; high-impact claims supported or qualified; contradictions handled; remaining actions low expected value","step":8,"t":"2026-09-18T01:25:13.437Z"}
{"level":"info","event":"action","runId":"c1421066-0ac6-4c49-b7c9-dd97f5785fd9","type":"search","rationale":"Investigate an uncovered required question","step":0,"t":"2026-09-18T01:25:13.747Z"}
{"level":"info","event":"action","runId":"c1421066-0ac6-4c49-b7c9-dd97f5785fd9","type":"fetch","rationale":"Inspect an already-known source before another generic query","step":1,"t":"2026-09-18T01:25:13.772Z"}
{"level":"info","event":"action","runId":"c1421066-0ac6-4c49-b7c9-dd97f5785fd9","type":"fetch","rationale":"Inspect an already-known source before another generic query","step":2,"t":"2026-09-18T01:25:13.792Z"}
{"level":"info","event":"action","runId":"c1421066-0ac6-4c49-b7c9-dd97f5785fd9","type":"fetch","rationale":"Inspect an already-known source before another generic query","step":3,"t":"2026-09-18T01:25:13.810Z"}
{"level":"info","event":"action","runId":"c1421066-0ac6-4c49-b7c9-dd97f5785fd9","type":"fetch","rationale":"Inspect an already-known source before another generic query","step":4,"t":"2026-09-18T01:25:13.827Z"}
{"level":"info","event":"action","runId":"c1421066-0ac6-4c49-b7c9-dd97f5785fd9","type":"fetch","rationale":"Inspect an already-known source before another generic query","step":5,"t":"2026-09-18T01:25:13.846Z"}
{"level":"info","event":"action","runId":"c1421066-0ac6-4c49-b7c9-dd97f5785fd9","type":"challenge","rationale":"Disconfirm material conclusion: A primary source that directly contradicts this conclusion.","step":6,"t":"2026-09-18T01:25:13.866Z"}
{"level":"info","event":"action","runId":"c1421066-0ac6-4c49-b7c9-dd97f5785fd9","type":"challenge","rationale":"Disconfirm material conclusion: A primary source that directly contradicts this conclusion.","step":7,"t":"2026-09-18T01:25:13.885Z"}
{"level":"info","event":"action","runId":"c1421066-0ac6-4c49-b7c9-dd97f5785fd9","type":"challenge","rationale":"Disconfirm material conclusion: A primary source that directly contradicts this conclusion.","step":8,"t":"2026-09-18T01:25:13.905Z"}
{"level":"info","event":"action","runId":"c1421066-0ac6-4c49-b7c9-dd97f5785fd9","type":"challenge","rationale":"Disconfirm material conclusion: A primary source that directly contradicts this conclusion.","step":9,"t":"2026-09-18T01:25:13.924Z"}
{"level":"info","event":"action","runId":"c1421066-0ac6-4c49-b7c9-dd97f5785fd9","type":"challenge","rationale":"Disconfirm material conclusion: A primary source that directly contradicts this conclusion.","step":10,"t":"2026-09-18T01:25:13.944Z"}
{"level":"info","event":"action","runId":"c1421066-0ac6-4c49-b7c9-dd97f5785fd9","type":"challenge","rationale":"Disconfirm material conclusion: A primary source that directly contradicts this conclusion.","step":11,"t":"2026-09-18T01:25:13.965Z"}
{"level":"info","event":"action","runId":"c1421066-0ac6-4c49-b7c9-dd97f5785fd9","type":"challenge","rationale":"Disconfirm material conclusion: A primary source that directly contradicts this conclusion.","step":12,"t":"2026-09-18T01:25:13.985Z"}
{"level":"info","event":"action","runId":"c1421066-0ac6-4c49-b7c9-dd97f5785fd9","type":"challenge","rationale":"No counterexample found in accessed primary sources. This is not proof that the conclusion is true.","step":13,"t":"2026-09-18T01:25:14.006Z"}
{"level":"info","event":"action","runId":"c1421066-0ac6-4c49-b7c9-dd97f5785fd9","type":"stop","rationale":"Repeated searches returned no novel source family or coverage progress","step":14,"t":"2026-09-18T01:25:14.025Z"}
{"level":"info","event":"action","runId":"8d5682c3-498d-464d-aaab-1abdd69f7df4","type":"search","rationale":"Investigate an uncovered required question","step":0,"t":"2026-09-18T01:25:14.836Z"}
{"level":"info","event":"action","runId":"8d5682c3-498d-464d-aaab-1abdd69f7df4","type":"fetch","rationale":"Inspect an already-known source before another generic query","step":1,"t":"2026-09-18T01:25:14.856Z"}
{"level":"info","event":"action","runId":"8d5682c3-498d-464d-aaab-1abdd69f7df4","type":"fetch","rationale":"Inspect an already-known source before another generic query","step":2,"t":"2026-09-18T01:25:14.872Z"}
{"level":"info","event":"action","runId":"8d5682c3-498d-464d-aaab-1abdd69f7df4","type":"challenge","rationale":"Disconfirm material conclusion: A primary source that directly contradicts this conclusion.","step":3,"t":"2026-09-18T01:25:14.888Z"}
{"level":"info","event":"action","runId":"8d5682c3-498d-464d-aaab-1abdd69f7df4","type":"challenge","rationale":"No counterexample found in accessed primary sources. This is not proof that the conclusion is true.","step":4,"t":"2026-09-18T01:25:14.905Z"}
{"level":"info","event":"action","runId":"8d5682c3-498d-464d-aaab-1abdd69f7df4","type":"synthesize","rationale":"decision_critical_gaps_resolved_or_unresolvable; high-impact claims supported or qualified; contradictions handled; remaining actions low expected value","step":5,"t":"2026-09-18T01:25:14.918Z"}
{"level":"info","event":"action","runId":"652c6f5f-80ed-4f49-aabe-541ecc103a38","type":"search","rationale":"Investigate an uncovered required question","step":0,"t":"2026-09-18T01:25:15.785Z"}
{"level":"info","event":"action","runId":"652c6f5f-80ed-4f49-aabe-541ecc103a38","type":"fetch","rationale":"Inspect an already-known source before another generic query","step":1,"t":"2026-09-18T01:25:15.802Z"}
{"level":"info","event":"action","runId":"652c6f5f-80ed-4f49-aabe-541ecc103a38","type":"challenge","rationale":"Disconfirm material conclusion: A primary source that directly contradicts this conclusion.","step":2,"t":"2026-09-18T01:25:15.816Z"}
{"level":"info","event":"action","runId":"652c6f5f-80ed-4f49-aabe-541ecc103a38","type":"challenge","rationale":"No counterexample found in accessed primary sources. This is not proof that the conclusion is true.","step":3,"t":"2026-09-18T01:25:15.830Z"}
{"level":"info","event":"action","runId":"652c6f5f-80ed-4f49-aabe-541ecc103a38","type":"synthesize","rationale":"decision_critical_gaps_resolved_or_unresolvable; high-impact claims supported or qualified; contradictions handled; remaining actions low expected value","step":4,"t":"2026-09-18T01:25:15.843Z"}
{"level":"info","event":"action","runId":"17e9f4f2-1f6e-4875-9c9b-2394a80d5895","type":"search","rationale":"Investigate an uncovered required question","step":0,"t":"2026-09-18T01:25:16.619Z"}
{"level":"info","event":"action","runId":"17e9f4f2-1f6e-4875-9c9b-2394a80d5895","type":"fetch","rationale":"Inspect an already-known source before another generic query","step":1,"t":"2026-09-18T01:25:16.637Z"}
{"level":"info","event":"action","runId":"17e9f4f2-1f6e-4875-9c9b-2394a80d5895","type":"challenge","rationale":"Disconfirm material conclusion: A primary source that directly contradicts this conclusion.","step":2,"t":"2026-09-18T01:25:16.652Z"}
{"level":"info","event":"action","runId":"17e9f4f2-1f6e-4875-9c9b-2394a80d5895","type":"challenge","rationale":"No counterexample found in accessed primary sources. This is not proof that the conclusion is true.","step":3,"t":"2026-09-18T01:25:16.667Z"}
{"level":"info","event":"action","runId":"17e9f4f2-1f6e-4875-9c9b-2394a80d5895","type":"synthesize","rationale":"decision_critical_gaps_resolved_or_unresolvable; high-impact claims supported or qualified; contradictions handled; remaining actions low expected value","step":4,"t":"2026-09-18T01:25:16.679Z"}
{"level":"info","event":"action","runId":"62eb68e6-fce5-46fb-9127-51dd0d320cc9","type":"search","rationale":"Investigate an uncovered required question","step":0,"t":"2026-09-18T01:25:17.533Z"}
{"level":"info","event":"action","runId":"62eb68e6-fce5-46fb-9127-51dd0d320cc9","type":"fetch","rationale":"Inspect an already-known source before another generic query","step":1,"t":"2026-09-18T01:25:17.552Z"}
{"level":"info","event":"action","runId":"62eb68e6-fce5-46fb-9127-51dd0d320cc9","type":"challenge","rationale":"Disconfirm material conclusion: A primary source that directly contradicts this conclusion.","step":2,"t":"2026-09-18T01:25:17.567Z"}
{"level":"info","event":"action","runId":"62eb68e6-fce5-46fb-9127-51dd0d320cc9","type":"challenge","rationale":"No counterexample found in accessed primary sources. This is not proof that the conclusion is true.","step":3,"t":"2026-09-18T01:25:17.582Z"}
{"level":"info","event":"action","runId":"62eb68e6-fce5-46fb-9127-51dd0d320cc9","type":"synthesize","rationale":"decision_critical_gaps_resolved_or_unresolvable; high-impact claims supported or qualified; contradictions handled; remaining actions low expected value","step":4,"t":"2026-09-18T01:25:17.594Z"}
{"level":"info","event":"action","runId":"95b0d99e-737e-4301-a802-beb441bd37ff","type":"search","rationale":"Investigate an uncovered required question","step":0,"t":"2026-09-18T01:25:18.401Z"}
{"level":"info","event":"action","runId":"95b0d99e-737e-4301-a802-beb441bd37ff","type":"fetch","rationale":"Inspect an already-known source before another generic query","step":1,"t":"2026-09-18T01:25:18.419Z"}
{"level":"info","event":"action","runId":"95b0d99e-737e-4301-a802-beb441bd37ff","type":"challenge","rationale":"Disconfirm material conclusion: A primary source that directly contradicts this conclusion.","step":2,"t":"2026-09-18T01:25:18.434Z"}
{"level":"info","event":"action","runId":"95b0d99e-737e-4301-a802-beb441bd37ff","type":"challenge","rationale":"No counterexample found in accessed primary sources. This is not proof that the conclusion is true.","step":3,"t":"2026-09-18T01:25:18.449Z"}
{"level":"info","event":"action","runId":"95b0d99e-737e-4301-a802-beb441bd37ff","type":"synthesize","rationale":"decision_critical_gaps_resolved_or_unresolvable; high-impact claims supported or qualified; contradictions handled; remaining actions low expected value","step":4,"t":"2026-09-18T01:25:18.462Z"}
{"level":"info","event":"action","runId":"6fb4b377-2627-4dff-b808-bac2cb80d24b","type":"search","rationale":"Investigate an uncovered required question","step":0,"t":"2026-09-18T01:25:19.287Z"}
{"level":"info","event":"action","runId":"6fb4b377-2627-4dff-b808-bac2cb80d24b","type":"fetch","rationale":"Inspect an already-known source before another generic query","step":1,"t":"2026-09-18T01:25:19.309Z"}
{"level":"info","event":"action","runId":"6fb4b377-2627-4dff-b808-bac2cb80d24b","type":"fetch","rationale":"Inspect an already-known source before another generic query","step":2,"t":"2026-09-18T01:25:19.325Z"}
{"level":"info","event":"action","runId":"6fb4b377-2627-4dff-b808-bac2cb80d24b","type":"fetch","rationale":"Inspect an already-known source before another generic query","step":3,"t":"2026-09-18T01:25:19.342Z"}
{"level":"info","event":"action","runId":"6fb4b377-2627-4dff-b808-bac2cb80d24b","type":"fetch","rationale":"Inspect an already-known source before another generic query","step":4,"t":"2026-09-18T01:25:19.359Z"}
{"level":"info","event":"action","runId":"6fb4b377-2627-4dff-b808-bac2cb80d24b","type":"fetch","rationale":"Inspect an already-known source before another generic query","step":5,"t":"2026-09-18T01:25:19.374Z"}
{"level":"info","event":"action","runId":"6fb4b377-2627-4dff-b808-bac2cb80d24b","type":"challenge","rationale":"Disconfirm material conclusion: A primary source that directly contradicts this conclusion.","step":6,"t":"2026-09-18T01:25:19.390Z"}
{"level":"info","event":"action","runId":"6fb4b377-2627-4dff-b808-bac2cb80d24b","type":"challenge","rationale":"No counterexample found in accessed primary sources. This is not proof that the conclusion is true.","step":7,"t":"2026-09-18T01:25:19.409Z"}
{"level":"info","event":"action","runId":"6fb4b377-2627-4dff-b808-bac2cb80d24b","type":"synthesize","rationale":"decision_critical_gaps_resolved_or_unresolvable; high-impact claims supported or qualified; contradictions handled; remaining actions low expected value","step":8,"t":"2026-09-18T01:25:19.428Z"}
{"level":"info","event":"action","runId":"35ae2254-ccb8-43f3-bfd5-0d63b95aa893","type":"search","rationale":"Investigate an uncovered required question","step":0,"t":"2026-09-18T01:25:20.326Z"}
{"level":"info","event":"action","runId":"35ae2254-ccb8-43f3-bfd5-0d63b95aa893","type":"fetch","rationale":"Inspect an already-known source before another generic query","step":1,"t":"2026-09-18T01:25:20.382Z"}
{"level":"info","event":"action","runId":"35ae2254-ccb8-43f3-bfd5-0d63b95aa893","type":"synthesize","rationale":"budget requires finishing with available evidence","step":2,"t":"2026-09-18T01:25:20.405Z"}
{"level":"info","event":"action","runId":"5af3a5dd-c7ae-4ba7-a09f-c7479ec3250f","type":"search","rationale":"Investigate an uncovered required question","step":0,"t":"2026-09-18T01:25:21.585Z"}
{"level":"info","event":"action","runId":"5af3a5dd-c7ae-4ba7-a09f-c7479ec3250f","type":"fetch","rationale":"Inspect an already-known source before another generic query","step":1,"t":"2026-09-18T01:25:21.646Z"}
{"level":"info","event":"action","runId":"5af3a5dd-c7ae-4ba7-a09f-c7479ec3250f","type":"fetch","rationale":"Inspect an already-known source before another generic query","step":2,"t":"2026-09-18T01:25:21.690Z"}
{"level":"info","event":"action","runId":"5af3a5dd-c7ae-4ba7-a09f-c7479ec3250f","type":"fetch","rationale":"Inspect an already-known source before another generic query","step":3,"t":"2026-09-18T01:25:21.729Z"}
{"level":"info","event":"action","runId":"5af3a5dd-c7ae-4ba7-a09f-c7479ec3250f","type":"fetch","rationale":"Inspect an already-known source before another generic query","step":4,"t":"2026-09-18T01:25:21.820Z"}
{"level":"info","event":"action","runId":"5af3a5dd-c7ae-4ba7-a09f-c7479ec3250f","type":"fetch","rationale":"Inspect an already-known source before another generic query","step":5,"t":"2026-09-18T01:25:21.876Z"}
{"level":"info","event":"action","runId":"5af3a5dd-c7ae-4ba7-a09f-c7479ec3250f","type":"challenge","rationale":"Disconfirm material conclusion: A primary source that directly contradicts this conclusion.","step":6,"t":"2026-09-18T01:25:21.924Z"}
{"level":"info","event":"action","runId":"5af3a5dd-c7ae-4ba7-a09f-c7479ec3250f","type":"challenge","rationale":"No counterexample found in accessed primary sources. This is not proof that the conclusion is true.","step":7,"t":"2026-09-18T01:25:21.981Z"}
{"level":"info","event":"action","runId":"5af3a5dd-c7ae-4ba7-a09f-c7479ec3250f","type":"synthesize","rationale":"decision_critical_gaps_resolved_or_unresolvable; high-impact claims supported or qualified; contradictions handled; remaining actions low expected value","step":8,"t":"2026-09-18T01:25:22.029Z"}
{"level":"info","event":"action","runId":"2f538a9c-ae02-4c7a-9c32-5412fd91aea2","type":"search","rationale":"Investigate an uncovered required question","step":0,"t":"2026-09-18T01:25:23.857Z"}
{"level":"info","event":"action","runId":"2f538a9c-ae02-4c7a-9c32-5412fd91aea2","type":"fetch","rationale":"Inspect an already-known source before another generic query","step":1,"t":"2026-09-18T01:25:23.921Z"}
{"level":"info","event":"action","runId":"2f538a9c-ae02-4c7a-9c32-5412fd91aea2","type":"fetch","rationale":"Inspect an already-known source before another generic query","step":2,"t":"2026-09-18T01:25:23.969Z"}
{"level":"info","event":"action","runId":"2f538a9c-ae02-4c7a-9c32-5412fd91aea2","type":"fetch","rationale":"Inspect an already-known source before another generic query","step":3,"t":"2026-09-18T01:25:24.018Z"}
{"level":"info","event":"action","runId":"2f538a9c-ae02-4c7a-9c32-5412fd91aea2","type":"fetch","rationale":"Inspect an already-known source before another generic query","step":4,"t":"2026-09-18T01:25:24.097Z"}
{"level":"info","event":"action","runId":"2f538a9c-ae02-4c7a-9c32-5412fd91aea2","type":"fetch","rationale":"Inspect an already-known source before another generic query","step":5,"t":"2026-09-18T01:25:24.162Z"}
{"level":"info","event":"action","runId":"2f538a9c-ae02-4c7a-9c32-5412fd91aea2","type":"challenge","rationale":"Disconfirm material conclusion: A primary source that directly contradicts this conclusion.","step":6,"t":"2026-09-18T01:25:24.214Z"}
{"level":"info","event":"action","runId":"2f538a9c-ae02-4c7a-9c32-5412fd91aea2","type":"challenge","rationale":"No counterexample found in accessed primary sources. This is not proof that the conclusion is true.","step":7,"t":"2026-09-18T01:25:24.264Z"}
{"level":"info","event":"action","runId":"2f538a9c-ae02-4c7a-9c32-5412fd91aea2","type":"synthesize","rationale":"decision_critical_gaps_resolved_or_unresolvable; high-impact claims supported or qualified; contradictions handled; remaining actions low expected value","step":8,"t":"2026-09-18T01:25:24.303Z"}
{"level":"info","event":"action","runId":"a4a39086-b027-4093-9b3d-41c4612c579f","type":"challenge","rationale":"Disconfirm material conclusion: A primary source that directly contradicts this conclusion.","step":0,"t":"2026-09-18T01:25:26.144Z"}
{"level":"info","event":"action","runId":"a4a39086-b027-4093-9b3d-41c4612c579f","type":"fetch","rationale":"Inspect an already-known source before another generic query","step":1,"t":"2026-09-18T01:25:26.206Z"}
{"level":"info","event":"action","runId":"a4a39086-b027-4093-9b3d-41c4612c579f","type":"fetch","rationale":"Inspect an already-known source before another generic query","step":2,"t":"2026-09-18T01:25:26.249Z"}
{"level":"info","event":"action","runId":"a4a39086-b027-4093-9b3d-41c4612c579f","type":"fetch","rationale":"Inspect an already-known source before another generic query","step":3,"t":"2026-09-18T01:25:26.314Z"}
{"level":"info","event":"action","runId":"a4a39086-b027-4093-9b3d-41c4612c579f","type":"challenge","rationale":"No counterexample found in accessed primary sources. This is not proof that the conclusion is true.","step":4,"t":"2026-09-18T01:25:26.360Z"}
{"level":"info","event":"action","runId":"a4a39086-b027-4093-9b3d-41c4612c579f","type":"synthesize","rationale":"decision_critical_gaps_resolved_or_unresolvable; high-impact claims supported or qualified; contradictions handled; remaining actions low expected value","step":5,"t":"2026-09-18T01:25:26.386Z"}
{"level":"info","event":"action","runId":"e5a9e539-b364-4ac6-a551-d5b6f3317e26","type":"challenge","rationale":"Disconfirm material conclusion: A primary source that directly contradicts this conclusion.","step":0,"t":"2026-09-18T01:25:27.516Z"}
{"level":"info","event":"action","runId":"e5a9e539-b364-4ac6-a551-d5b6f3317e26","type":"fetch","rationale":"Inspect an already-known source before another generic query","step":1,"t":"2026-09-18T01:25:27.601Z"}
{"level":"info","event":"action","runId":"e5a9e539-b364-4ac6-a551-d5b6f3317e26","type":"fetch","rationale":"Inspect an already-known source before another generic query","step":2,"t":"2026-09-18T01:25:27.643Z"}
{"level":"info","event":"action","runId":"e5a9e539-b364-4ac6-a551-d5b6f3317e26","type":"fetch","rationale":"Inspect an already-known source before another generic query","step":3,"t":"2026-09-18T01:25:27.683Z"}
{"level":"info","event":"action","runId":"e5a9e539-b364-4ac6-a551-d5b6f3317e26","type":"challenge","rationale":"No counterexample found in accessed primary sources. This is not proof that the conclusion is true.","step":4,"t":"2026-09-18T01:25:27.760Z"}
{"level":"info","event":"action","runId":"e5a9e539-b364-4ac6-a551-d5b6f3317e26","type":"synthesize","rationale":"decision_critical_gaps_resolved_or_unresolvable; high-impact claims supported or qualified; contradictions handled; remaining actions low expected value","step":5,"t":"2026-09-18T01:25:27.806Z"}
{"level":"info","event":"action","runId":"06fc908c-5d2f-469e-9074-15722e2445ca","type":"search","rationale":"Investigate an uncovered required question","step":0,"t":"2026-09-18T01:25:28.668Z"}
{"level":"info","event":"action","runId":"06fc908c-5d2f-469e-9074-15722e2445ca","type":"fetch","rationale":"Inspect an already-known source before another generic query","step":1,"t":"2026-09-18T01:25:28.717Z"}
{"level":"info","event":"action","runId":"06fc908c-5d2f-469e-9074-15722e2445ca","type":"fetch","rationale":"Inspect an already-known source before another generic query","step":2,"t":"2026-09-18T01:25:28.742Z"}
{"level":"info","event":"action","runId":"06fc908c-5d2f-469e-9074-15722e2445ca","type":"fetch","rationale":"Inspect an already-known source before another generic query","step":3,"t":"2026-09-18T01:25:28.763Z"}
{"level":"info","event":"action","runId":"06fc908c-5d2f-469e-9074-15722e2445ca","type":"fetch","rationale":"Inspect an already-known source before another generic query","step":4,"t":"2026-09-18T01:25:28.783Z"}
{"level":"info","event":"action","runId":"06fc908c-5d2f-469e-9074-15722e2445ca","type":"fetch","rationale":"Inspect an already-known source before another generic query","step":5,"t":"2026-09-18T01:25:28.804Z"}
{"level":"info","event":"action","runId":"06fc908c-5d2f-469e-9074-15722e2445ca","type":"challenge","rationale":"Disconfirm material conclusion: A primary source that directly contradicts this conclusion.","step":6,"t":"2026-09-18T01:25:28.824Z"}
{"level":"info","event":"action","runId":"06fc908c-5d2f-469e-9074-15722e2445ca","type":"challenge","rationale":"No counterexample found in accessed primary sources. This is not proof that the conclusion is true.","step":7,"t":"2026-09-18T01:25:28.845Z"}
{"level":"info","event":"action","runId":"06fc908c-5d2f-469e-9074-15722e2445ca","type":"synthesize","rationale":"decision_critical_gaps_resolved_or_unresolvable; high-impact claims supported or qualified; contradictions handled; remaining actions low expected value","step":8,"t":"2026-09-18T01:25:28.864Z"}
{"level":"info","event":"action","runId":"f9c89f5b-3023-4253-a26d-178228a04795","type":"search","rationale":"Investigate an uncovered required question","step":0,"t":"2026-09-18T01:25:29.581Z"}
{"level":"info","event":"action","runId":"f9c89f5b-3023-4253-a26d-178228a04795","type":"fetch","rationale":"Inspect an already-known source before another generic query","step":1,"t":"2026-09-18T01:25:29.606Z"}
{"level":"info","event":"action","runId":"f9c89f5b-3023-4253-a26d-178228a04795","type":"fetch","rationale":"Inspect an already-known source before another generic query","step":2,"t":"2026-09-18T01:25:29.622Z"}
{"level":"info","event":"action","runId":"f9c89f5b-3023-4253-a26d-178228a04795","type":"fetch","rationale":"Inspect an already-known source before another generic query","step":3,"t":"2026-09-18T01:25:29.640Z"}
{"level":"info","event":"action","runId":"f9c89f5b-3023-4253-a26d-178228a04795","type":"fetch","rationale":"Inspect an already-known source before another generic query","step":4,"t":"2026-09-18T01:25:29.657Z"}
{"level":"info","event":"action","runId":"f9c89f5b-3023-4253-a26d-178228a04795","type":"fetch","rationale":"Inspect an already-known source before another generic query","step":5,"t":"2026-09-18T01:25:29.673Z"}
{"level":"info","event":"action","runId":"f9c89f5b-3023-4253-a26d-178228a04795","type":"challenge","rationale":"Disconfirm material conclusion: A primary source that directly contradicts this conclusion.","step":6,"t":"2026-09-18T01:25:29.688Z"}
{"level":"info","event":"action","runId":"f9c89f5b-3023-4253-a26d-178228a04795","type":"challenge","rationale":"No counterexample found in accessed primary sources. This is not proof that the conclusion is true.","step":7,"t":"2026-09-18T01:25:29.705Z"}
{"level":"info","event":"action","runId":"f9c89f5b-3023-4253-a26d-178228a04795","type":"synthesize","rationale":"decision_critical_gaps_resolved_or_unresolvable; high-impact claims supported or qualified; contradictions handled; remaining actions low expected value","step":8,"t":"2026-09-18T01:25:29.718Z"}
{"level":"info","event":"action","runId":"8d5afd6f-3c1a-4d3f-a05f-3734f136ecb2","type":"clarify","rationale":"A blocking field is unspecified and would change the answer","step":0,"t":"2026-09-18T01:25:31.611Z"}
{"level":"info","event":"action","runId":"f9904c48-751e-4cbf-94a0-51b3ed092697","type":"clarify","rationale":"A blocking field is unspecified and would change the answer","step":0,"t":"2026-09-18T01:25:32.145Z"}
{"level":"info","event":"action","runId":"f9904c48-751e-4cbf-94a0-51b3ed092697","type":"search","rationale":"Investigate an uncovered required question","step":0,"t":"2026-09-18T01:25:32.184Z"}
{"level":"info","event":"action","runId":"f9904c48-751e-4cbf-94a0-51b3ed092697","type":"fetch","rationale":"Inspect an already-known source before another generic query","step":1,"t":"2026-09-18T01:25:32.201Z"}
{"level":"info","event":"action","runId":"f9904c48-751e-4cbf-94a0-51b3ed092697","type":"challenge","rationale":"Disconfirm material conclusion: A primary source that directly contradicts this conclusion.","step":2,"t":"2026-09-18T01:25:32.216Z"}
{"level":"info","event":"action","runId":"f9904c48-751e-4cbf-94a0-51b3ed092697","type":"challenge","rationale":"Disconfirm material conclusion: A primary source that directly contradicts this conclusion.","step":3,"t":"2026-09-18T01:25:32.230Z"}
{"level":"info","event":"action","runId":"f9904c48-751e-4cbf-94a0-51b3ed092697","type":"challenge","rationale":"Disconfirm material conclusion: A primary source that directly contradicts this conclusion.","step":4,"t":"2026-09-18T01:25:32.245Z"}
{"level":"info","event":"action","runId":"f9904c48-751e-4cbf-94a0-51b3ed092697","type":"challenge","rationale":"Disconfirm material conclusion: A primary source that directly contradicts this conclusion.","step":5,"t":"2026-09-18T01:25:32.260Z"}
{"level":"info","event":"action","runId":"f9904c48-751e-4cbf-94a0-51b3ed092697","type":"challenge","rationale":"Disconfirm material conclusion: A primary source that directly contradicts this conclusion.","step":6,"t":"2026-09-18T01:25:32.274Z"}
{"level":"info","event":"action","runId":"f9904c48-751e-4cbf-94a0-51b3ed092697","type":"challenge","rationale":"Disconfirm material conclusion: A primary source that directly contradicts this conclusion.","step":7,"t":"2026-09-18T01:25:32.291Z"}
{"level":"info","event":"action","runId":"f9904c48-751e-4cbf-94a0-51b3ed092697","type":"challenge","rationale":"Disconfirm material conclusion: A primary source that directly contradicts this conclusion.","step":8,"t":"2026-09-18T01:25:32.306Z"}
{"level":"info","event":"action","runId":"f9904c48-751e-4cbf-94a0-51b3ed092697","type":"challenge","rationale":"No counterexample found in accessed primary sources. This is not proof that the conclusion is true.","step":9,"t":"2026-09-18T01:25:32.323Z"}
{"level":"info","event":"action","runId":"f9904c48-751e-4cbf-94a0-51b3ed092697","type":"stop","rationale":"Repeated searches returned no novel source family or coverage progress","step":10,"t":"2026-09-18T01:25:32.337Z"}
{"level":"info","event":"action","runId":"19af6fcf-9fa8-4738-b661-cad0ccb1cc5b","type":"clarify","rationale":"A blocking field is unspecified and would change the answer","step":0,"t":"2026-09-18T01:25:33.156Z"}
{"level":"info","event":"action","runId":"19af6fcf-9fa8-4738-b661-cad0ccb1cc5b","type":"search","rationale":"Investigate an uncovered required question","step":0,"t":"2026-09-18T01:25:33.185Z"}
{"level":"info","event":"action","runId":"19af6fcf-9fa8-4738-b661-cad0ccb1cc5b","type":"fetch","rationale":"Inspect an already-known source before another generic query","step":1,"t":"2026-09-18T01:25:33.202Z"}
{"level":"info","event":"action","runId":"19af6fcf-9fa8-4738-b661-cad0ccb1cc5b","type":"challenge","rationale":"Disconfirm material conclusion: A primary source that directly contradicts this conclusion.","step":2,"t":"2026-09-18T01:25:33.217Z"}
{"level":"info","event":"action","runId":"19af6fcf-9fa8-4738-b661-cad0ccb1cc5b","type":"challenge","rationale":"Disconfirm material conclusion: A primary source that directly contradicts this conclusion.","step":3,"t":"2026-09-18T01:25:33.234Z"}
{"level":"info","event":"action","runId":"19af6fcf-9fa8-4738-b661-cad0ccb1cc5b","type":"challenge","rationale":"Disconfirm material conclusion: A primary source that directly contradicts this conclusion.","step":4,"t":"2026-09-18T01:25:33.250Z"}
{"level":"info","event":"action","runId":"19af6fcf-9fa8-4738-b661-cad0ccb1cc5b","type":"challenge","rationale":"Disconfirm material conclusion: A primary source that directly contradicts this conclusion.","step":5,"t":"2026-09-18T01:25:33.266Z"}
{"level":"info","event":"action","runId":"19af6fcf-9fa8-4738-b661-cad0ccb1cc5b","type":"challenge","rationale":"Disconfirm material conclusion: A primary source that directly contradicts this conclusion.","step":6,"t":"2026-09-18T01:25:33.279Z"}
{"level":"info","event":"action","runId":"19af6fcf-9fa8-4738-b661-cad0ccb1cc5b","type":"challenge","rationale":"Disconfirm material conclusion: A primary source that directly contradicts this conclusion.","step":7,"t":"2026-09-18T01:25:33.294Z"}
{"level":"info","event":"action","runId":"19af6fcf-9fa8-4738-b661-cad0ccb1cc5b","type":"challenge","rationale":"Disconfirm material conclusion: A primary source that directly contradicts this conclusion.","step":8,"t":"2026-09-18T01:25:33.308Z"}
{"level":"info","event":"action","runId":"19af6fcf-9fa8-4738-b661-cad0ccb1cc5b","type":"challenge","rationale":"No counterexample found in accessed primary sources. This is not proof that the conclusion is true.","step":9,"t":"2026-09-18T01:25:33.324Z"}
{"level":"info","event":"action","runId":"19af6fcf-9fa8-4738-b661-cad0ccb1cc5b","type":"stop","rationale":"Repeated searches returned no novel source family or coverage progress","step":10,"t":"2026-09-18T01:25:33.337Z"}
{"level":"info","event":"action","runId":"0cea9bf6-821c-4b0b-af67-304bd085fe9d","type":"clarify","rationale":"A blocking field is unspecified and would change the answer","step":0,"t":"2026-09-18T01:25:34.193Z"}
{"level":"info","event":"action","runId":"0cea9bf6-821c-4b0b-af67-304bd085fe9d","type":"search","rationale":"Investigate an uncovered required question","step":0,"t":"2026-09-18T01:25:34.224Z"}
{"level":"info","event":"action","runId":"0cea9bf6-821c-4b0b-af67-304bd085fe9d","type":"fetch","rationale":"Inspect an already-known source before another generic query","step":1,"t":"2026-09-18T01:25:34.240Z"}
{"level":"info","event":"action","runId":"0cea9bf6-821c-4b0b-af67-304bd085fe9d","type":"challenge","rationale":"Disconfirm material conclusion: A primary source that directly contradicts this conclusion.","step":2,"t":"2026-09-18T01:25:34.255Z"}
{"level":"info","event":"action","runId":"0cea9bf6-821c-4b0b-af67-304bd085fe9d","type":"challenge","rationale":"Disconfirm material conclusion: A primary source that directly contradicts this conclusion.","step":3,"t":"2026-09-18T01:25:34.270Z"}
{"level":"info","event":"action","runId":"0cea9bf6-821c-4b0b-af67-304bd085fe9d","type":"challenge","rationale":"Disconfirm material conclusion: A primary source that directly contradicts this conclusion.","step":4,"t":"2026-09-18T01:25:34.283Z"}
{"level":"info","event":"action","runId":"0cea9bf6-821c-4b0b-af67-304bd085fe9d","type":"challenge","rationale":"Disconfirm material conclusion: A primary source that directly contradicts this conclusion.","step":5,"t":"2026-09-18T01:25:34.298Z"}
{"level":"info","event":"action","runId":"0cea9bf6-821c-4b0b-af67-304bd085fe9d","type":"challenge","rationale":"Disconfirm material conclusion: A primary source that directly contradicts this conclusion.","step":6,"t":"2026-09-18T01:25:34.312Z"}
{"level":"info","event":"action","runId":"0cea9bf6-821c-4b0b-af67-304bd085fe9d","type":"challenge","rationale":"Disconfirm material conclusion: A primary source that directly contradicts this conclusion.","step":7,"t":"2026-09-18T01:25:34.325Z"}
{"level":"info","event":"action","runId":"0cea9bf6-821c-4b0b-af67-304bd085fe9d","type":"challenge","rationale":"Disconfirm material conclusion: A primary source that directly contradicts this conclusion.","step":8,"t":"2026-09-18T01:25:34.339Z"}
{"level":"info","event":"action","runId":"0cea9bf6-821c-4b0b-af67-304bd085fe9d","type":"challenge","rationale":"No counterexample found in accessed primary sources. This is not proof that the conclusion is true.","step":9,"t":"2026-09-18T01:25:34.354Z"}
{"level":"info","event":"action","runId":"0cea9bf6-821c-4b0b-af67-304bd085fe9d","type":"stop","rationale":"Repeated searches returned no novel source family or coverage progress","step":10,"t":"2026-09-18T01:25:34.371Z"}
 ✓ test/p3-remaining.integration.test.ts (51 tests) 46158ms
   ✓ remaining launch-scope IDs > M04 fixture comparison publishes a wide table, code listing, unicode-safe text, and many citations  911ms
   ✓ remaining launch-scope IDs > R06 preserves event date vs publication date  685ms
   ✓ remaining launch-scope IDs > R10 declines an unrelated celebrity branch from page content  741ms
   ✓ remaining launch-scope IDs > R12 explains different percentage denominators instead of averaging  659ms
   ✓ remaining launch-scope IDs > R15 states unknown without a fake probability  640ms
   ✓ remaining launch-scope IDs > R16 comparison names the requested entities and constraints  687ms
   ✓ remaining launch-scope IDs > E05 new source version does not rewrite the original report citation  681ms
   ✓ remaining launch-scope IDs > V2-13 private canary is stored as evidence, omitted from public queries, and denied to another account  723ms
   ✓ remaining launch-scope IDs > JOB-1 eligibility-aware comparison under platform and export constraints  674ms
   ✓ remaining launch-scope IDs > JOB-1 adding Linux as a hard requirement excludes NoteKeep and keeps NoteAll  1124ms
   ✓ remaining launch-scope IDs > JOB-1 removing Linux as a requirement makes NoteKeep eligible again  1117ms
   ✓ remaining launch-scope IDs > JOB-2 attached document text is stored as supplied evidence and not used as a public query  768ms
   ✓ remaining launch-scope IDs > E06 actual PDF with no readable evidence is disclosed as unread pages  1065ms
   ✓ remaining launch-scope IDs > E08 quoted report text is taken from the stored passage  1233ms
   ✓ remaining launch-scope IDs > E09 export citation anchors resolve to owned passages  2030ms
   ✓ remaining launch-scope IDs > J02 a second processRun after completion does not duplicate the report or settlement  1127ms
   ✓ remaining launch-scope IDs > J04 timeout after issue is outcome-unknown, not assumed free  489ms
   ✓ remaining launch-scope IDs > J06 cancel after completion keeps the published report  1005ms
   ✓ remaining launch-scope IDs > J08 event cursor returns only later sequences  898ms
   ✓ remaining launch-scope IDs > J13 live spend kill switch blocks new paid routes but keeps saved reports  855ms
   ✓ remaining launch-scope IDs > S07 cross-account reports are denied  679ms
   ✓ remaining launch-scope IDs > S06 / V2-20 does not silently fall back to an unauthorized live processor  308ms
   ✓ remaining launch-scope IDs > V2-10 a later unavailable fetch does not retract last-access evidence  670ms
   ✓ remaining launch-scope IDs > V2-11 concise view uses the same answer citations as the body  691ms
   ✓ remaining launch-scope IDs > V2-19 scanned tables stay unread rather than guessed  860ms
   ✓ remaining launch-scope IDs > R17 concise request still keeps limitations  905ms
   ✓ remaining launch-scope IDs > R18 compacted checkpoint still lists stored passage ids  1014ms
   ✓ remaining launch-scope IDs > R19 follow-up verifies one claim and keeps the parent report  1607ms
   ✓ remaining launch-scope IDs > R20 dates a retrieved price and keeps a founding year as history  899ms
   ✓ remaining launch-scope IDs > R21 labels a German original as a translation  897ms
   ✓ remaining launch-scope IDs > E03 preserves the adults-over-65 qualifier  840ms
   ✓ remaining launch-scope IDs > E04 report uses the table's 24% rather than 42%  903ms
   ✓ remaining launch-scope IDs > E10 withdraws the conclusion when the asserted 42% is unsupported by the 24% table  886ms
   ✓ remaining launch-scope IDs > J07 expired lease is reclaimed; a live lease is not stolen  937ms
   ✓ remaining launch-scope IDs > J10 a tight budget still publishes a written report  1108ms
   ✓ remaining launch-scope IDs > J11 reports that app counters are not provider-internal guarantees  1627ms
   ✓ remaining launch-scope IDs > J12 confirmed usage does not rewrite the historical estimate  786ms
   ✓ remaining launch-scope IDs > J14 duplicate completion epochs share one outbox row and omit query text  1586ms
   ✓ remaining launch-scope IDs > S08 unsigned purchase payloads cannot grant entitlement  606ms
   ✓ remaining launch-scope IDs > V2-09 deleted attachment text is not left in reports  1480ms
   ✓ remaining launch-scope IDs > V2-09 late worker cannot republish deleted private text even if it claims deleted=false  1186ms
   ✓ remaining launch-scope IDs > expired session cannot read library or reports  1106ms
   ✓ remaining launch-scope IDs > library lists report_id for a completed run so share can resolve  840ms
   ✓ remaining launch-scope IDs > V2-14 outcome-unknown live spend is not treated as zero against the cap  530ms
   ✓ remaining launch-scope IDs > M09 web deletion page is reachable without the app and deletes with a session token  575ms
   ✓ remaining launch-scope IDs > R02 continue without geography is rejected and does not invent Germany  530ms
   ✓ remaining launch-scope IDs > clarification continue records geography and resumes  983ms
   ✓ remaining launch-scope IDs > R02 continue with France records France and does not invent Germany  994ms
   ✓ remaining launch-scope IDs > R02 after France continue discovery uses France evidence not the Germany default note  1025ms
 ✓ test/v6-execution.integration.test.ts (22 tests) 1568ms
{"level":"info","event":"action","runId":"e08f01f3-f36e-41c2-beec-c4615446f7fe","type":"search","rationale":"Investigate an uncovered required question","step":0,"t":"2026-09-18T01:25:38.302Z"}
{"level":"info","event":"action","runId":"e08f01f3-f36e-41c2-beec-c4615446f7fe","type":"fetch","rationale":"Inspect an already-known source before another generic query","step":1,"t":"2026-09-18T01:25:38.345Z"}
{"level":"info","event":"action","runId":"e08f01f3-f36e-41c2-beec-c4615446f7fe","type":"fetch","rationale":"Inspect an already-known source before another generic query","step":2,"t":"2026-09-18T01:25:38.367Z"}
{"level":"info","event":"action","runId":"e08f01f3-f36e-41c2-beec-c4615446f7fe","type":"fetch","rationale":"Inspect an already-known source before another generic query","step":3,"t":"2026-09-18T01:25:38.389Z"}
{"level":"info","event":"action","runId":"e08f01f3-f36e-41c2-beec-c4615446f7fe","type":"challenge","rationale":"Disconfirm material conclusion: A primary source that directly contradicts this conclusion.","step":4,"t":"2026-09-18T01:25:38.416Z"}
{"level":"info","event":"action","runId":"e08f01f3-f36e-41c2-beec-c4615446f7fe","type":"challenge","rationale":"No counterexample found in accessed primary sources. This is not proof that the conclusion is true.","step":5,"t":"2026-09-18T01:25:38.439Z"}
{"level":"info","event":"action","runId":"e08f01f3-f36e-41c2-beec-c4615446f7fe","type":"synthesize","rationale":"decision_critical_gaps_resolved_or_unresolvable; high-impact claims supported or qualified; contradictions handled; remaining actions low expected value","step":6,"t":"2026-09-18T01:25:38.460Z"}
{"level":"info","event":"action","runId":"31986a17-5c32-4305-a353-c72939316073","type":"search","rationale":"Investigate an uncovered required question","step":0,"t":"2026-09-18T01:25:39.306Z"}
{"level":"info","event":"action","runId":"31986a17-5c32-4305-a353-c72939316073","type":"fetch","rationale":"Inspect an already-known source before another generic query","step":1,"t":"2026-09-18T01:25:39.326Z"}
{"level":"info","event":"action","runId":"31986a17-5c32-4305-a353-c72939316073","type":"challenge","rationale":"Disconfirm material conclusion: A current official catalog entry for the named product.","step":2,"t":"2026-09-18T01:25:39.345Z"}
{"level":"info","event":"action","runId":"31986a17-5c32-4305-a353-c72939316073","type":"challenge","rationale":"No counterexample found in accessed primary sources. This is not proof that the conclusion is true.","step":3,"t":"2026-09-18T01:25:39.367Z"}
{"level":"info","event":"action","runId":"31986a17-5c32-4305-a353-c72939316073","type":"synthesize","rationale":"decision_critical_gaps_resolved_or_unresolvable; high-impact claims supported or qualified; contradictions handled; remaining actions low expected value","step":4,"t":"2026-09-18T01:25:39.382Z"}
{"level":"info","event":"action","runId":"e8a7415e-bc7f-4919-979a-7109b70de17a","type":"search","rationale":"Investigate an uncovered required question","step":0,"t":"2026-09-18T01:25:40.218Z"}
{"level":"info","event":"action","runId":"e8a7415e-bc7f-4919-979a-7109b70de17a","type":"fetch","rationale":"Inspect an already-known source before another generic query","step":1,"t":"2026-09-18T01:25:40.246Z"}
{"level":"info","event":"action","runId":"e8a7415e-bc7f-4919-979a-7109b70de17a","type":"fetch","rationale":"Inspect an already-known source before another generic query","step":2,"t":"2026-09-18T01:25:40.271Z"}
{"level":"info","event":"action","runId":"e8a7415e-bc7f-4919-979a-7109b70de17a","type":"fetch","rationale":"Inspect an already-known source before another generic query","step":3,"t":"2026-09-18T01:25:40.295Z"}
{"level":"info","event":"action","runId":"e8a7415e-bc7f-4919-979a-7109b70de17a","type":"fetch","rationale":"Inspect an already-known source before another generic query","step":4,"t":"2026-09-18T01:25:40.318Z"}
{"level":"info","event":"action","runId":"e8a7415e-bc7f-4919-979a-7109b70de17a","type":"fetch","rationale":"Inspect an already-known source before another generic query","step":5,"t":"2026-09-18T01:25:40.344Z"}
{"level":"info","event":"action","runId":"e8a7415e-bc7f-4919-979a-7109b70de17a","type":"challenge","rationale":"Disconfirm material conclusion: A primary source that directly contradicts this conclusion.","step":6,"t":"2026-09-18T01:25:40.364Z"}
{"level":"info","event":"action","runId":"e8a7415e-bc7f-4919-979a-7109b70de17a","type":"challenge","rationale":"No counterexample found in accessed primary sources. This is not proof that the conclusion is true.","step":7,"t":"2026-09-18T01:25:40.383Z"}
{"level":"info","event":"action","runId":"e8a7415e-bc7f-4919-979a-7109b70de17a","type":"synthesize","rationale":"decision_critical_gaps_resolved_or_unresolvable; high-impact claims supported or qualified; contradictions handled; remaining actions low expected value","step":8,"t":"2026-09-18T01:25:40.399Z"}
{"level":"info","event":"action","runId":"2ca51a6d-2218-497b-bbf2-e1f94a1c1981","type":"search","rationale":"Initial dataset excludes the user's stated population; pivot source type","step":0,"t":"2026-09-18T01:25:41.218Z"}
{"level":"info","event":"action","runId":"2ca51a6d-2218-497b-bbf2-e1f94a1c1981","type":"search","rationale":"Decision-blocking gap: population-specific evidence. Switching source type to population-specific.","step":1,"t":"2026-09-18T01:25:41.262Z"}
{"level":"info","event":"action","runId":"2ca51a6d-2218-497b-bbf2-e1f94a1c1981","type":"search","rationale":"Decision-blocking gap: population-specific evidence. Switching source type to population-specific.","step":2,"t":"2026-09-18T01:25:41.278Z"}
{"level":"info","event":"action","runId":"2ca51a6d-2218-497b-bbf2-e1f94a1c1981","type":"search","rationale":"Decision-blocking gap: population-specific evidence. Switching source type to population-specific.","step":3,"t":"2026-09-18T01:25:41.295Z"}
{"level":"info","event":"action","runId":"2ca51a6d-2218-497b-bbf2-e1f94a1c1981","type":"search","rationale":"Decision-blocking gap: population-specific evidence. Switching source type to population-specific.","step":4,"t":"2026-09-18T01:25:41.324Z"}
{"level":"info","event":"action","runId":"2ca51a6d-2218-497b-bbf2-e1f94a1c1981","type":"search","rationale":"Decision-blocking gap: population-specific evidence. Switching source type to population-specific.","step":5,"t":"2026-09-18T01:25:41.348Z"}
{"level":"info","event":"action","runId":"2ca51a6d-2218-497b-bbf2-e1f94a1c1981","type":"search","rationale":"Decision-blocking gap: population-specific evidence. Switching source type to population-specific.","step":6,"t":"2026-09-18T01:25:41.376Z"}
{"level":"info","event":"action","runId":"2ca51a6d-2218-497b-bbf2-e1f94a1c1981","type":"search","rationale":"Decision-blocking gap: population-specific evidence. Switching source type to population-specific.","step":7,"t":"2026-09-18T01:25:41.394Z"}
{"level":"info","event":"action","runId":"2ca51a6d-2218-497b-bbf2-e1f94a1c1981","type":"fetch","rationale":"Inspect an already-known source before another generic query","step":8,"t":"2026-09-18T01:25:41.425Z"}
{"level":"info","event":"action","runId":"2ca51a6d-2218-497b-bbf2-e1f94a1c1981","type":"fetch","rationale":"Inspect an already-known source before another generic query","step":9,"t":"2026-09-18T01:25:41.453Z"}
{"level":"info","event":"action","runId":"2ca51a6d-2218-497b-bbf2-e1f94a1c1981","type":"challenge","rationale":"No counterexample found in accessed primary sources. This is not proof that the conclusion is true.","step":10,"t":"2026-09-18T01:25:41.472Z"}
{"level":"info","event":"action","runId":"2ca51a6d-2218-497b-bbf2-e1f94a1c1981","type":"stop","rationale":"Repeated searches returned no novel source family or coverage progress","step":11,"t":"2026-09-18T01:25:41.487Z"}
{"level":"info","event":"action","runId":"f466cf93-8c02-4dcd-92b8-94e52f4f1042","type":"search","rationale":"Investigate an uncovered required question","step":0,"t":"2026-09-18T01:25:42.361Z"}
{"level":"info","event":"action","runId":"f466cf93-8c02-4dcd-92b8-94e52f4f1042","type":"fetch","rationale":"Inspect an already-known source before another generic query","step":1,"t":"2026-09-18T01:25:42.379Z"}
{"level":"info","event":"action","runId":"f466cf93-8c02-4dcd-92b8-94e52f4f1042","type":"challenge","rationale":"Disconfirm material conclusion: A primary source that directly contradicts this conclusion.","step":2,"t":"2026-09-18T01:25:42.393Z"}
{"level":"info","event":"action","runId":"f466cf93-8c02-4dcd-92b8-94e52f4f1042","type":"challenge","rationale":"No counterexample found in accessed primary sources. This is not proof that the conclusion is true.","step":3,"t":"2026-09-18T01:25:42.410Z"}
{"level":"info","event":"action","runId":"f466cf93-8c02-4dcd-92b8-94e52f4f1042","type":"synthesize","rationale":"decision_critical_gaps_resolved_or_unresolvable; high-impact claims supported or qualified; contradictions handled; remaining actions low expected value","step":4,"t":"2026-09-18T01:25:42.422Z"}
{"level":"info","event":"action","runId":"a5a76568-c95f-4aa1-8456-ac28e9f8623b","type":"search","rationale":"Investigate an uncovered required question","step":0,"t":"2026-09-18T01:25:43.251Z"}
{"level":"info","event":"action","runId":"a5a76568-c95f-4aa1-8456-ac28e9f8623b","type":"fetch","rationale":"Inspect an already-known source before another generic query","step":1,"t":"2026-09-18T01:25:43.278Z"}
{"level":"info","event":"action","runId":"a5a76568-c95f-4aa1-8456-ac28e9f8623b","type":"fetch","rationale":"Inspect an already-known source before another generic query","step":2,"t":"2026-09-18T01:25:43.295Z"}
{"level":"info","event":"action","runId":"a5a76568-c95f-4aa1-8456-ac28e9f8623b","type":"fetch","rationale":"Inspect an already-known source before another generic query","step":3,"t":"2026-09-18T01:25:43.312Z"}
{"level":"info","event":"action","runId":"a5a76568-c95f-4aa1-8456-ac28e9f8623b","type":"challenge","rationale":"Disconfirm material conclusion: A primary source that directly contradicts this conclusion.","step":4,"t":"2026-09-18T01:25:43.333Z"}
{"level":"info","event":"action","runId":"a5a76568-c95f-4aa1-8456-ac28e9f8623b","type":"challenge","rationale":"No counterexample found in accessed primary sources. This is not proof that the conclusion is true.","step":5,"t":"2026-09-18T01:25:43.352Z"}
{"level":"info","event":"action","runId":"a5a76568-c95f-4aa1-8456-ac28e9f8623b","type":"synthesize","rationale":"decision_critical_gaps_resolved_or_unresolvable; high-impact claims supported or qualified; contradictions handled; remaining actions low expected value","step":6,"t":"2026-09-18T01:25:43.368Z"}
{"level":"info","event":"action","runId":"015d304d-1e87-4d07-88bf-db4cd582d855","type":"search","rationale":"Investigate an uncovered required question","step":0,"t":"2026-09-18T01:25:44.226Z"}
{"level":"info","event":"action","runId":"015d304d-1e87-4d07-88bf-db4cd582d855","type":"fetch","rationale":"Inspect an already-known source before another generic query","step":1,"t":"2026-09-18T01:25:44.250Z"}
{"level":"info","event":"action","runId":"015d304d-1e87-4d07-88bf-db4cd582d855","type":"fetch","rationale":"Inspect an already-known source before another generic query","step":2,"t":"2026-09-18T01:25:44.263Z"}
{"level":"info","event":"action","runId":"015d304d-1e87-4d07-88bf-db4cd582d855","type":"fetch","rationale":"Inspect an already-known source before another generic query","step":3,"t":"2026-09-18T01:25:44.277Z"}
{"level":"info","event":"action","runId":"015d304d-1e87-4d07-88bf-db4cd582d855","type":"fetch","rationale":"Inspect an already-known source before another generic query","step":4,"t":"2026-09-18T01:25:44.291Z"}
{"level":"info","event":"action","runId":"015d304d-1e87-4d07-88bf-db4cd582d855","type":"fetch","rationale":"Inspect an already-known source before another generic query","step":5,"t":"2026-09-18T01:25:44.306Z"}
{"level":"info","event":"action","runId":"015d304d-1e87-4d07-88bf-db4cd582d855","type":"challenge","rationale":"Disconfirm material conclusion: A primary source that directly contradicts this conclusion.","step":6,"t":"2026-09-18T01:25:44.319Z"}
{"level":"info","event":"action","runId":"015d304d-1e87-4d07-88bf-db4cd582d855","type":"challenge","rationale":"No counterexample found in accessed primary sources. This is not proof that the conclusion is true.","step":7,"t":"2026-09-18T01:25:44.335Z"}
{"level":"info","event":"action","runId":"015d304d-1e87-4d07-88bf-db4cd582d855","type":"synthesize","rationale":"decision_critical_gaps_resolved_or_unresolvable; high-impact claims supported or qualified; contradictions handled; remaining actions low expected value","step":8,"t":"2026-09-18T01:25:44.348Z"}
{"level":"info","event":"action","runId":"cf93e5dd-d74c-4f6d-90dd-c33d789d3ecd","type":"search","rationale":"Investigate an uncovered required question","step":0,"t":"2026-09-18T01:25:45.702Z"}
{"level":"info","event":"action","runId":"cf93e5dd-d74c-4f6d-90dd-c33d789d3ecd","type":"fetch","rationale":"Inspect an already-known source before another generic query","step":0,"t":"2026-09-18T01:25:45.735Z"}
{"level":"info","event":"action","runId":"cf93e5dd-d74c-4f6d-90dd-c33d789d3ecd","type":"fetch","rationale":"Inspect an already-known source before another generic query","step":1,"t":"2026-09-18T01:25:45.751Z"}
{"level":"info","event":"action","runId":"cf93e5dd-d74c-4f6d-90dd-c33d789d3ecd","type":"fetch","rationale":"Inspect an already-known source before another generic query","step":2,"t":"2026-09-18T01:25:45.764Z"}
{"level":"info","event":"action","runId":"cf93e5dd-d74c-4f6d-90dd-c33d789d3ecd","type":"challenge","rationale":"Disconfirm material conclusion: A primary source that directly contradicts this conclusion.","step":3,"t":"2026-09-18T01:25:45.783Z"}
{"level":"info","event":"action","runId":"cf93e5dd-d74c-4f6d-90dd-c33d789d3ecd","type":"challenge","rationale":"No counterexample found in accessed primary sources. This is not proof that the conclusion is true.","step":4,"t":"2026-09-18T01:25:45.797Z"}
{"level":"info","event":"action","runId":"cf93e5dd-d74c-4f6d-90dd-c33d789d3ecd","type":"synthesize","rationale":"decision_critical_gaps_resolved_or_unresolvable; high-impact claims supported or qualified; contradictions handled; remaining actions low expected value","step":5,"t":"2026-09-18T01:25:45.810Z"}
{"level":"info","event":"action","runId":"19d58dd4-6360-4fe8-af0e-aa1c8f656549","type":"search","rationale":"Investigate an uncovered required question","step":0,"t":"2026-09-18T01:25:46.684Z"}
{"level":"info","event":"action","runId":"19d58dd4-6360-4fe8-af0e-aa1c8f656549","type":"fetch","rationale":"Inspect an already-known source before another generic query","step":1,"t":"2026-09-18T01:25:46.711Z"}
{"level":"info","event":"action","runId":"19d58dd4-6360-4fe8-af0e-aa1c8f656549","type":"fetch","rationale":"Inspect an already-known source before another generic query","step":2,"t":"2026-09-18T01:25:46.726Z"}
{"level":"info","event":"action","runId":"19d58dd4-6360-4fe8-af0e-aa1c8f656549","type":"fetch","rationale":"Inspect an already-known source before another generic query","step":3,"t":"2026-09-18T01:25:46.743Z"}
{"level":"info","event":"action","runId":"19d58dd4-6360-4fe8-af0e-aa1c8f656549","type":"challenge","rationale":"Disconfirm material conclusion: A primary source that directly contradicts this conclusion.","step":4,"t":"2026-09-18T01:25:46.765Z"}
{"level":"info","event":"action","runId":"19d58dd4-6360-4fe8-af0e-aa1c8f656549","type":"challenge","rationale":"No counterexample found in accessed primary sources. This is not proof that the conclusion is true.","step":5,"t":"2026-09-18T01:25:46.782Z"}
{"level":"info","event":"action","runId":"19d58dd4-6360-4fe8-af0e-aa1c8f656549","type":"synthesize","rationale":"decision_critical_gaps_resolved_or_unresolvable; high-impact claims supported or qualified; contradictions handled; remaining actions low expected value","step":6,"t":"2026-09-18T01:25:46.796Z"}
{"level":"info","event":"action","runId":"6ba0ab03-fe59-4a7f-b560-77342f1157d9","type":"search","rationale":"Investigate an uncovered required question","step":0,"t":"2026-09-18T01:25:47.357Z"}
{"level":"info","event":"action","runId":"6ba0ab03-fe59-4a7f-b560-77342f1157d9","type":"stop","rationale":"action type reveal_keys is not a permitted research action","step":1,"t":"2026-09-18T01:25:47.376Z"}
{"level":"info","event":"action","runId":"7843b2d1-d1bd-470b-b9eb-d4287d60f998","type":"search","rationale":"Investigate an uncovered required question","step":0,"t":"2026-09-18T01:25:48.202Z"}
{"level":"info","event":"action","runId":"7843b2d1-d1bd-470b-b9eb-d4287d60f998","type":"fetch","rationale":"Inspect an already-known source before another generic query","step":1,"t":"2026-09-18T01:25:48.225Z"}
{"level":"info","event":"action","runId":"7843b2d1-d1bd-470b-b9eb-d4287d60f998","type":"fetch","rationale":"Inspect an already-known source before another generic query","step":2,"t":"2026-09-18T01:25:48.240Z"}
{"level":"info","event":"action","runId":"7843b2d1-d1bd-470b-b9eb-d4287d60f998","type":"fetch","rationale":"Inspect an already-known source before another generic query","step":3,"t":"2026-09-18T01:25:48.254Z"}
{"level":"info","event":"action","runId":"7843b2d1-d1bd-470b-b9eb-d4287d60f998","type":"challenge","rationale":"Disconfirm material conclusion: A primary source that directly contradicts this conclusion.","step":4,"t":"2026-09-18T01:25:48.276Z"}
{"level":"info","event":"action","runId":"7843b2d1-d1bd-470b-b9eb-d4287d60f998","type":"challenge","rationale":"No counterexample found in accessed primary sources. This is not proof that the conclusion is true.","step":5,"t":"2026-09-18T01:25:48.292Z"}
{"level":"info","event":"action","runId":"7843b2d1-d1bd-470b-b9eb-d4287d60f998","type":"synthesize","rationale":"decision_critical_gaps_resolved_or_unresolvable; high-impact claims supported or qualified; contradictions handled; remaining actions low expected value","step":6,"t":"2026-09-18T01:25:48.305Z"}
{"level":"info","event":"action","runId":"dfc6a88d-da51-4534-8959-ca4bebc5d90d","type":"search","rationale":"Investigate an uncovered required question","step":0,"t":"2026-09-18T01:25:48.896Z"}
{"level":"info","event":"action","runId":"dfc6a88d-da51-4534-8959-ca4bebc5d90d","type":"fetch","rationale":"Inspect an already-known source before another generic query","step":1,"t":"2026-09-18T01:25:48.921Z"}
{"level":"info","event":"action","runId":"dfc6a88d-da51-4534-8959-ca4bebc5d90d","type":"fetch","rationale":"Inspect an already-known source before another generic query","step":2,"t":"2026-09-18T01:25:48.934Z"}
{"level":"info","event":"action","runId":"dfc6a88d-da51-4534-8959-ca4bebc5d90d","type":"fetch","rationale":"Inspect an already-known source before another generic query","step":3,"t":"2026-09-18T01:25:48.951Z"}
{"level":"info","event":"action","runId":"dfc6a88d-da51-4534-8959-ca4bebc5d90d","type":"challenge","rationale":"Disconfirm material conclusion: A primary source that directly contradicts this conclusion.","step":4,"t":"2026-09-18T01:25:48.971Z"}
{"level":"info","event":"action","runId":"dfc6a88d-da51-4534-8959-ca4bebc5d90d","type":"challenge","rationale":"No counterexample found in accessed primary sources. This is not proof that the conclusion is true.","step":5,"t":"2026-09-18T01:25:48.987Z"}
{"level":"info","event":"action","runId":"dfc6a88d-da51-4534-8959-ca4bebc5d90d","type":"synthesize","rationale":"decision_critical_gaps_resolved_or_unresolvable; high-impact claims supported or qualified; contradictions handled; remaining actions low expected value","step":6,"t":"2026-09-18T01:25:48.999Z"}
{"level":"info","event":"action","runId":"a8ed209b-92cf-4049-9036-c5476bfc6c8e","type":"search","rationale":"Investigate an uncovered required question","step":0,"t":"2026-09-18T01:25:49.603Z"}
{"level":"info","event":"action","runId":"a8ed209b-92cf-4049-9036-c5476bfc6c8e","type":"fetch","rationale":"Inspect an already-known source before another generic query","step":1,"t":"2026-09-18T01:25:49.634Z"}
{"level":"info","event":"action","runId":"a8ed209b-92cf-4049-9036-c5476bfc6c8e","type":"fetch","rationale":"Inspect an already-known source before another generic query","step":2,"t":"2026-09-18T01:25:49.651Z"}
{"level":"info","event":"action","runId":"a8ed209b-92cf-4049-9036-c5476bfc6c8e","type":"fetch","rationale":"Inspect an already-known source before another generic query","step":3,"t":"2026-09-18T01:25:49.667Z"}
{"level":"info","event":"action","runId":"a8ed209b-92cf-4049-9036-c5476bfc6c8e","type":"challenge","rationale":"Disconfirm material conclusion: A primary source that directly contradicts this conclusion.","step":4,"t":"2026-09-18T01:25:49.688Z"}
{"level":"info","event":"action","runId":"a8ed209b-92cf-4049-9036-c5476bfc6c8e","type":"challenge","rationale":"No counterexample found in accessed primary sources. This is not proof that the conclusion is true.","step":5,"t":"2026-09-18T01:25:49.708Z"}
{"level":"info","event":"action","runId":"a8ed209b-92cf-4049-9036-c5476bfc6c8e","type":"synthesize","rationale":"decision_critical_gaps_resolved_or_unresolvable; high-impact claims supported or qualified; contradictions handled; remaining actions low expected value","step":6,"t":"2026-09-18T01:25:49.723Z"}
{"level":"info","event":"action","runId":"73b449bd-36a5-47c3-b528-771974538fef","type":"search","rationale":"Investigate an uncovered required question","step":0,"t":"2026-09-18T01:25:50.059Z"}
{"level":"info","event":"action","runId":"73b449bd-36a5-47c3-b528-771974538fef","type":"fetch","rationale":"Inspect an already-known source before another generic query","step":1,"t":"2026-09-18T01:25:50.083Z"}
{"level":"info","event":"action","runId":"73b449bd-36a5-47c3-b528-771974538fef","type":"fetch","rationale":"Inspect an already-known source before another generic query","step":2,"t":"2026-09-18T01:25:50.100Z"}
{"level":"info","event":"action","runId":"73b449bd-36a5-47c3-b528-771974538fef","type":"fetch","rationale":"Inspect an already-known source before another generic query","step":3,"t":"2026-09-18T01:25:50.116Z"}
{"level":"info","event":"action","runId":"73b449bd-36a5-47c3-b528-771974538fef","type":"challenge","rationale":"Disconfirm material conclusion: A hard-constraint violation for a candidate currently marked eligible.","step":4,"t":"2026-09-18T01:25:50.131Z"}
{"level":"info","event":"action","runId":"73b449bd-36a5-47c3-b528-771974538fef","type":"challenge","rationale":"No counterexample found in accessed primary sources. This is not proof that the conclusion is true.","step":5,"t":"2026-09-18T01:25:50.150Z"}
{"level":"info","event":"action","runId":"73b449bd-36a5-47c3-b528-771974538fef","type":"synthesize","rationale":"decision_critical_gaps_resolved_or_unresolvable; high-impact claims supported or qualified; contradictions handled; remaining actions low expected value","step":6,"t":"2026-09-18T01:25:50.164Z"}
{"level":"info","event":"action","runId":"ab719c26-60ba-46c3-b934-85212f6eea4e","type":"challenge","rationale":"Disconfirm material conclusion: A primary source that directly contradicts this conclusion.","step":0,"t":"2026-09-18T01:25:51.053Z"}
{"level":"info","event":"action","runId":"ab719c26-60ba-46c3-b934-85212f6eea4e","type":"fetch","rationale":"Inspect an already-known source before another generic query","step":1,"t":"2026-09-18T01:25:51.083Z"}
{"level":"info","event":"action","runId":"ab719c26-60ba-46c3-b934-85212f6eea4e","type":"fetch","rationale":"Inspect an already-known source before another generic query","step":2,"t":"2026-09-18T01:25:51.101Z"}
{"level":"info","event":"action","runId":"ab719c26-60ba-46c3-b934-85212f6eea4e","type":"fetch","rationale":"Inspect an already-known source before another generic query","step":3,"t":"2026-09-18T01:25:51.118Z"}
{"level":"info","event":"action","runId":"ab719c26-60ba-46c3-b934-85212f6eea4e","type":"challenge","rationale":"No counterexample found in accessed primary sources. This is not proof that the conclusion is true.","step":4,"t":"2026-09-18T01:25:51.141Z"}
{"level":"info","event":"action","runId":"ab719c26-60ba-46c3-b934-85212f6eea4e","type":"synthesize","rationale":"decision_critical_gaps_resolved_or_unresolvable; high-impact claims supported or qualified; contradictions handled; remaining actions low expected value","step":5,"t":"2026-09-18T01:25:51.158Z"}
{"level":"info","event":"action","runId":"1df04e53-47a3-44ad-90a9-4d22a1ffcbf9","type":"search","rationale":"Investigate an uncovered required question","step":0,"t":"2026-09-18T01:25:51.982Z"}
{"level":"info","event":"action","runId":"1df04e53-47a3-44ad-90a9-4d22a1ffcbf9","type":"fetch","rationale":"Inspect an already-known source before another generic query","step":1,"t":"2026-09-18T01:25:52.006Z"}
{"level":"info","event":"action","runId":"1df04e53-47a3-44ad-90a9-4d22a1ffcbf9","type":"fetch","rationale":"Inspect an already-known source before another generic query","step":2,"t":"2026-09-18T01:25:52.022Z"}
{"level":"info","event":"action","runId":"1df04e53-47a3-44ad-90a9-4d22a1ffcbf9","type":"fetch","rationale":"Inspect an already-known source before another generic query","step":3,"t":"2026-09-18T01:25:52.041Z"}
{"level":"info","event":"action","runId":"1df04e53-47a3-44ad-90a9-4d22a1ffcbf9","type":"fetch","rationale":"Inspect an already-known source before another generic query","step":4,"t":"2026-09-18T01:25:52.057Z"}
{"level":"info","event":"action","runId":"1df04e53-47a3-44ad-90a9-4d22a1ffcbf9","type":"fetch","rationale":"Inspect an already-known source before another generic query","step":5,"t":"2026-09-18T01:25:52.073Z"}
{"level":"info","event":"action","runId":"1df04e53-47a3-44ad-90a9-4d22a1ffcbf9","type":"challenge","rationale":"Disconfirm material conclusion: A primary source that directly contradicts this conclusion.","step":6,"t":"2026-09-18T01:25:52.087Z"}
{"level":"info","event":"action","runId":"1df04e53-47a3-44ad-90a9-4d22a1ffcbf9","type":"challenge","rationale":"No counterexample found in accessed primary sources. This is not proof that the conclusion is true.","step":7,"t":"2026-09-18T01:25:52.103Z"}
{"level":"info","event":"action","runId":"1df04e53-47a3-44ad-90a9-4d22a1ffcbf9","type":"synthesize","rationale":"decision_critical_gaps_resolved_or_unresolvable; high-impact claims supported or qualified; contradictions handled; remaining actions low expected value","step":8,"t":"2026-09-18T01:25:52.116Z"}
 ✓ test/p0-smoke.integration.test.ts (16 tests) 15096ms
   ✓ P0 smoke against shipped API/worker/postgres > R01 already-known constraint is stored and not re-asked  1180ms
   ✓ P0 smoke against shipped API/worker/postgres > R04 false premise is reported and not invented  861ms
   ✓ P0 smoke against shipped API/worker/postgres > R05 source duplication clusters five reprints as one origin  1020ms
   ✓ P0 smoke against shipped API/worker/postgres > R09 justified pivot opens a population-relevant source  1095ms
   ✓ P0 smoke against shipped API/worker/postgres > R13 diminishing returns stops instead of exhausting a quota  910ms
   ✓ P0 smoke against shipped API/worker/postgres > E01 unknown citation ID blocks publication  992ms
   ✓ P0 smoke against shipped API/worker/postgres > E02 non-supporting citation is flagged  941ms
   ✓ P0 smoke against shipped API/worker/postgres > J01 double tap with the same idempotency key creates one run  526ms
   ✓ P0 smoke against shipped API/worker/postgres > J03 crash after fetch recovers evidence without double settlement  951ms
   ✓ P0 smoke against shipped API/worker/postgres > J05 / V2-07 cancel during writing rejects late publication  759ms
   ✓ P0 smoke against shipped API/worker/postgres > S01 prompt injection cannot authorize tools or reveal keys  792ms
   ✓ P0 smoke against shipped API/worker/postgres > S09 deletion during run purges derived text and blocks resurrection  739ms
   ✓ P0 smoke against shipped API/worker/postgres > V2-08 stale worker lease cannot publish  667ms
   ✓ P0 smoke against shipped API/worker/postgres > correction reopens discovery when a hard budget constraint is relaxed  1397ms
   ✓ P0 smoke against shipped API/worker/postgres > S05 private attachment canary is not copied into a public search query  1015ms
   ✓ P0 smoke against shipped API/worker/postgres > GET events and report citations resolve to stored evidence IDs  929ms
{"level":"info","event":"action","runId":"b3ed2575-7c20-4b7b-84ac-0a1b5af97647","type":"clarify","rationale":"A blocking field is unspecified and would change the answer","step":0,"t":"2026-09-18T01:25:53.962Z"}
{"level":"info","event":"action","runId":"da90c487-83d9-4858-a254-d9cd9fa0f6bf","type":"search","rationale":"Investigate an uncovered required question","step":0,"t":"2026-09-18T01:25:54.504Z"}
{"level":"info","event":"action","runId":"da90c487-83d9-4858-a254-d9cd9fa0f6bf","type":"fetch","rationale":"Inspect an already-known source before another generic query","step":1,"t":"2026-09-18T01:25:54.547Z"}
{"level":"info","event":"action","runId":"da90c487-83d9-4858-a254-d9cd9fa0f6bf","type":"fetch","rationale":"Inspect an already-known source before another generic query","step":2,"t":"2026-09-18T01:25:54.572Z"}
{"level":"info","event":"action","runId":"da90c487-83d9-4858-a254-d9cd9fa0f6bf","type":"fetch","rationale":"Inspect an already-known source before another generic query","step":3,"t":"2026-09-18T01:25:54.591Z"}
{"level":"info","event":"action","runId":"da90c487-83d9-4858-a254-d9cd9fa0f6bf","type":"challenge","rationale":"Disconfirm material conclusion: A primary source that directly contradicts this conclusion.","step":4,"t":"2026-09-18T01:25:54.619Z"}
{"level":"info","event":"action","runId":"da90c487-83d9-4858-a254-d9cd9fa0f6bf","type":"challenge","rationale":"No counterexample found in accessed primary sources. This is not proof that the conclusion is true.","step":5,"t":"2026-09-18T01:25:54.642Z"}
{"level":"info","event":"action","runId":"da90c487-83d9-4858-a254-d9cd9fa0f6bf","type":"synthesize","rationale":"decision_critical_gaps_resolved_or_unresolvable; high-impact claims supported or qualified; contradictions handled; remaining actions low expected value","step":6,"t":"2026-09-18T01:25:54.659Z"}
{"level":"info","event":"action","runId":"40c259db-65ae-42ca-b7e5-f9f8737200ca","type":"search","rationale":"Investigate an uncovered required question","step":0,"t":"2026-09-18T01:25:55.589Z"}
{"level":"info","event":"action","runId":"40c259db-65ae-42ca-b7e5-f9f8737200ca","type":"fetch","rationale":"Inspect an already-known source before another generic query","step":1,"t":"2026-09-18T01:25:55.611Z"}
{"level":"info","event":"action","runId":"40c259db-65ae-42ca-b7e5-f9f8737200ca","type":"challenge","rationale":"Disconfirm material conclusion: A primary source that directly contradicts this conclusion.","step":2,"t":"2026-09-18T01:25:55.633Z"}
{"level":"info","event":"action","runId":"40c259db-65ae-42ca-b7e5-f9f8737200ca","type":"challenge","rationale":"No counterexample found in accessed primary sources. This is not proof that the conclusion is true.","step":3,"t":"2026-09-18T01:25:55.654Z"}
{"level":"info","event":"action","runId":"40c259db-65ae-42ca-b7e5-f9f8737200ca","type":"synthesize","rationale":"inaccessible_or_unresolved_gap:primary source is inaccessible","step":4,"t":"2026-09-18T01:25:55.667Z"}
{"level":"info","event":"action","runId":"bedeb284-37e9-481e-9560-f332fd55dd4f","type":"search","rationale":"Investigate an uncovered required question","step":0,"t":"2026-09-18T01:25:56.469Z"}
{"level":"info","event":"action","runId":"bedeb284-37e9-481e-9560-f332fd55dd4f","type":"fetch","rationale":"Inspect the preferred source type (vendor-docs) before more weak sources","step":1,"t":"2026-09-18T01:25:56.495Z"}
{"level":"info","event":"action","runId":"bedeb284-37e9-481e-9560-f332fd55dd4f","type":"fetch","rationale":"Inspect the preferred source type (vendor-docs) before more weak sources","step":2,"t":"2026-09-18T01:25:56.513Z"}
{"level":"info","event":"action","runId":"bedeb284-37e9-481e-9560-f332fd55dd4f","type":"verify","rationale":"Scope-check contradiction on value before treating newest as correct","step":3,"t":"2026-09-18T01:25:56.534Z"}
{"level":"info","event":"action","runId":"bedeb284-37e9-481e-9560-f332fd55dd4f","type":"challenge","rationale":"Disconfirm material conclusion: A primary source that directly contradicts this conclusion.","step":4,"t":"2026-09-18T01:25:56.550Z"}
{"level":"info","event":"action","runId":"bedeb284-37e9-481e-9560-f332fd55dd4f","type":"challenge","rationale":"No counterexample found in accessed primary sources. This is not proof that the conclusion is true.","step":5,"t":"2026-09-18T01:25:56.567Z"}
{"level":"info","event":"action","runId":"bedeb284-37e9-481e-9560-f332fd55dd4f","type":"synthesize","rationale":"decision_critical_gaps_resolved_or_unresolvable; high-impact claims supported or qualified; contradictions handled; remaining actions low expected value","step":6,"t":"2026-09-18T01:25:56.585Z"}
{"level":"info","event":"action","runId":"b1a5bcf4-8979-4685-8a02-c315da3d5665","type":"search","rationale":"Investigate an uncovered required question","step":0,"t":"2026-09-18T01:25:57.180Z"}
{"level":"info","event":"action","runId":"b1a5bcf4-8979-4685-8a02-c315da3d5665","type":"fetch","rationale":"Inspect an already-known source before another generic query","step":1,"t":"2026-09-18T01:25:57.204Z"}
{"level":"info","event":"action","runId":"b1a5bcf4-8979-4685-8a02-c315da3d5665","type":"synthesize","rationale":"budget requires finishing with available evidence","step":2,"t":"2026-09-18T01:25:57.217Z"}
{"level":"info","event":"action","runId":"5b4bd4df-830d-4c8f-83ab-ca176573e049","type":"search","rationale":"Investigate an uncovered required question","step":0,"t":"2026-09-18T01:25:57.792Z"}
{"level":"info","event":"action","runId":"5b4bd4df-830d-4c8f-83ab-ca176573e049","type":"fetch","rationale":"Inspect an already-known source before another generic query","step":1,"t":"2026-09-18T01:25:57.818Z"}
{"level":"info","event":"action","runId":"5b4bd4df-830d-4c8f-83ab-ca176573e049","type":"fetch","rationale":"Inspect an already-known source before another generic query","step":2,"t":"2026-09-18T01:25:57.833Z"}
{"level":"info","event":"action","runId":"5b4bd4df-830d-4c8f-83ab-ca176573e049","type":"fetch","rationale":"Inspect an already-known source before another generic query","step":3,"t":"2026-09-18T01:25:57.851Z"}
{"level":"info","event":"action","runId":"5b4bd4df-830d-4c8f-83ab-ca176573e049","type":"challenge","rationale":"Disconfirm material conclusion: A primary source that directly contradicts this conclusion.","step":4,"t":"2026-09-18T01:25:57.872Z"}
{"level":"info","event":"action","runId":"5b4bd4df-830d-4c8f-83ab-ca176573e049","type":"challenge","rationale":"No counterexample found in accessed primary sources. This is not proof that the conclusion is true.","step":5,"t":"2026-09-18T01:25:57.887Z"}
{"level":"info","event":"action","runId":"5b4bd4df-830d-4c8f-83ab-ca176573e049","type":"synthesize","rationale":"decision_critical_gaps_resolved_or_unresolvable; high-impact claims supported or qualified; contradictions handled; remaining actions low expected value","step":6,"t":"2026-09-18T01:25:57.901Z"}
{"level":"info","event":"action","runId":"aa7207b2-561a-4874-a6f4-536b555a17bf","type":"search","rationale":"Investigate an uncovered required question","step":0,"t":"2026-09-18T01:25:58.478Z"}
{"level":"info","event":"action","runId":"aa7207b2-561a-4874-a6f4-536b555a17bf","type":"search","rationale":"Decision-blocking gap: authoritative compatibility limitation. Switching source type to vendor-matrix.","step":1,"t":"2026-09-18T01:25:58.501Z"}
{"level":"info","event":"action","runId":"aa7207b2-561a-4874-a6f4-536b555a17bf","type":"fetch","rationale":"Inspect the preferred source type (vendor-matrix) before more weak sources","step":2,"t":"2026-09-18T01:25:58.520Z"}
{"level":"info","event":"action","runId":"aa7207b2-561a-4874-a6f4-536b555a17bf","type":"fetch","rationale":"Inspect an already-known source before another generic query","step":3,"t":"2026-09-18T01:25:58.534Z"}
{"level":"info","event":"action","runId":"aa7207b2-561a-4874-a6f4-536b555a17bf","type":"fetch","rationale":"Inspect an already-known source before another generic query","step":4,"t":"2026-09-18T01:25:58.550Z"}
{"level":"info","event":"action","runId":"aa7207b2-561a-4874-a6f4-536b555a17bf","type":"fetch","rationale":"Inspect an already-known source before another generic query","step":5,"t":"2026-09-18T01:25:58.582Z"}
{"level":"info","event":"action","runId":"aa7207b2-561a-4874-a6f4-536b555a17bf","type":"verify","rationale":"Scope-check contradiction on compatibility before treating newest as correct","step":6,"t":"2026-09-18T01:25:58.596Z"}
{"level":"info","event":"action","runId":"aa7207b2-561a-4874-a6f4-536b555a17bf","type":"challenge","rationale":"Disconfirm material conclusion: Official compatibility documentation that lists the named version as supported.","step":7,"t":"2026-09-18T01:25:58.609Z"}
{"level":"info","event":"action","runId":"aa7207b2-561a-4874-a6f4-536b555a17bf","type":"challenge","rationale":"No counterexample found in accessed primary sources. This is not proof that the conclusion is true.","step":8,"t":"2026-09-18T01:25:58.626Z"}
{"level":"info","event":"action","runId":"aa7207b2-561a-4874-a6f4-536b555a17bf","type":"synthesize","rationale":"decision_critical_gaps_resolved_or_unresolvable; high-impact claims supported or qualified; contradictions handled; remaining actions low expected value","step":9,"t":"2026-09-18T01:25:58.641Z"}
{"level":"info","event":"action","runId":"057a7251-1696-4155-8df2-4cb521855a37","type":"search","rationale":"Investigate an uncovered required question","step":0,"t":"2026-09-18T01:25:59.272Z"}
{"level":"info","event":"action","runId":"057a7251-1696-4155-8df2-4cb521855a37","type":"search","rationale":"Decision-blocking gap: authoritative compatibility limitation. Switching source type to vendor-matrix.","step":1,"t":"2026-09-18T01:25:59.292Z"}
{"level":"info","event":"action","runId":"057a7251-1696-4155-8df2-4cb521855a37","type":"fetch","rationale":"Inspect the preferred source type (vendor-matrix) before more weak sources","step":2,"t":"2026-09-18T01:25:59.309Z"}
{"level":"info","event":"action","runId":"057a7251-1696-4155-8df2-4cb521855a37","type":"fetch","rationale":"Inspect an already-known source before another generic query","step":3,"t":"2026-09-18T01:25:59.322Z"}
{"level":"info","event":"action","runId":"057a7251-1696-4155-8df2-4cb521855a37","type":"fetch","rationale":"Inspect an already-known source before another generic query","step":4,"t":"2026-09-18T01:25:59.337Z"}
{"level":"info","event":"action","runId":"057a7251-1696-4155-8df2-4cb521855a37","type":"fetch","rationale":"Inspect an already-known source before another generic query","step":5,"t":"2026-09-18T01:25:59.352Z"}
{"level":"info","event":"action","runId":"057a7251-1696-4155-8df2-4cb521855a37","type":"verify","rationale":"Scope-check contradiction on compatibility before treating newest as correct","step":6,"t":"2026-09-18T01:25:59.366Z"}
{"level":"info","event":"action","runId":"057a7251-1696-4155-8df2-4cb521855a37","type":"challenge","rationale":"Disconfirm material conclusion: Official compatibility documentation that lists the named version as supported.","step":7,"t":"2026-09-18T01:25:59.377Z"}
{"level":"info","event":"action","runId":"057a7251-1696-4155-8df2-4cb521855a37","type":"challenge","rationale":"No counterexample found in accessed primary sources. This is not proof that the conclusion is true.","step":8,"t":"2026-09-18T01:25:59.392Z"}
{"level":"info","event":"action","runId":"057a7251-1696-4155-8df2-4cb521855a37","type":"synthesize","rationale":"decision_critical_gaps_resolved_or_unresolvable; high-impact claims supported or qualified; contradictions handled; remaining actions low expected value","step":9,"t":"2026-09-18T01:25:59.403Z"}
{"level":"info","event":"action","runId":"b6b7027f-29f0-49ab-8bdd-3857d2c08396","type":"search","rationale":"Investigate an uncovered required question","step":0,"t":"2026-09-18T01:26:00.093Z"}
{"level":"info","event":"action","runId":"b6b7027f-29f0-49ab-8bdd-3857d2c08396","type":"fetch","rationale":"Inspect an already-known source before another generic query","step":1,"t":"2026-09-18T01:26:00.120Z"}
{"level":"info","event":"action","runId":"b6b7027f-29f0-49ab-8bdd-3857d2c08396","type":"fetch","rationale":"Inspect an already-known source before another generic query","step":2,"t":"2026-09-18T01:26:00.137Z"}
{"level":"info","event":"action","runId":"b6b7027f-29f0-49ab-8bdd-3857d2c08396","type":"fetch","rationale":"Inspect an already-known source before another generic query","step":3,"t":"2026-09-18T01:26:00.154Z"}
{"level":"info","event":"action","runId":"b6b7027f-29f0-49ab-8bdd-3857d2c08396","type":"challenge","rationale":"Disconfirm material conclusion: A primary source that directly contradicts this conclusion.","step":4,"t":"2026-09-18T01:26:00.175Z"}
{"level":"info","event":"action","runId":"b6b7027f-29f0-49ab-8bdd-3857d2c08396","type":"challenge","rationale":"No counterexample found in accessed primary sources. This is not proof that the conclusion is true.","step":5,"t":"2026-09-18T01:26:00.192Z"}
{"level":"info","event":"action","runId":"b6b7027f-29f0-49ab-8bdd-3857d2c08396","type":"synthesize","rationale":"decision_critical_gaps_resolved_or_unresolvable; high-impact claims supported or qualified; contradictions handled; remaining actions low expected value","step":6,"t":"2026-09-18T01:26:00.206Z"}
{"level":"info","event":"action","runId":"eb6322dc-ffa2-4b09-ac15-f12141b5c2c0","type":"search","rationale":"Investigate an uncovered required question","step":0,"t":"2026-09-18T01:26:00.528Z"}
{"level":"info","event":"action","runId":"eb6322dc-ffa2-4b09-ac15-f12141b5c2c0","type":"fetch","rationale":"Inspect an already-known source before another generic query","step":1,"t":"2026-09-18T01:26:00.549Z"}
{"level":"info","event":"action","runId":"eb6322dc-ffa2-4b09-ac15-f12141b5c2c0","type":"fetch","rationale":"Inspect an already-known source before another generic query","step":2,"t":"2026-09-18T01:26:00.565Z"}
{"level":"info","event":"action","runId":"eb6322dc-ffa2-4b09-ac15-f12141b5c2c0","type":"fetch","rationale":"Inspect an already-known source before another generic query","step":3,"t":"2026-09-18T01:26:00.582Z"}
{"level":"info","event":"action","runId":"eb6322dc-ffa2-4b09-ac15-f12141b5c2c0","type":"challenge","rationale":"Disconfirm material conclusion: A hard-constraint violation for a candidate currently marked eligible.","step":4,"t":"2026-09-18T01:26:00.598Z"}
{"level":"info","event":"action","runId":"eb6322dc-ffa2-4b09-ac15-f12141b5c2c0","type":"challenge","rationale":"No counterexample found in accessed primary sources. This is not proof that the conclusion is true.","step":5,"t":"2026-09-18T01:26:00.615Z"}
{"level":"info","event":"action","runId":"eb6322dc-ffa2-4b09-ac15-f12141b5c2c0","type":"synthesize","rationale":"decision_critical_gaps_resolved_or_unresolvable; high-impact claims supported or qualified; contradictions handled; remaining actions low expected value","step":6,"t":"2026-09-18T01:26:00.629Z"}
{"level":"info","event":"action","runId":"75c44e98-a034-4ad4-8543-3ba644a8b6cb","type":"search","rationale":"Investigate an uncovered required question","step":0,"t":"2026-09-18T01:26:01.451Z"}
{"level":"info","event":"action","runId":"75c44e98-a034-4ad4-8543-3ba644a8b6cb","type":"fetch","rationale":"Inspect an already-known source before another generic query","step":1,"t":"2026-09-18T01:26:01.470Z"}
{"level":"info","event":"action","runId":"75c44e98-a034-4ad4-8543-3ba644a8b6cb","type":"challenge","rationale":"Disconfirm material conclusion: A primary source that directly contradicts this conclusion.","step":2,"t":"2026-09-18T01:26:01.484Z"}
{"level":"info","event":"action","runId":"75c44e98-a034-4ad4-8543-3ba644a8b6cb","type":"challenge","rationale":"No counterexample found in accessed primary sources. This is not proof that the conclusion is true.","step":3,"t":"2026-09-18T01:26:01.499Z"}
{"level":"info","event":"action","runId":"75c44e98-a034-4ad4-8543-3ba644a8b6cb","type":"synthesize","rationale":"decision_critical_gaps_resolved_or_unresolvable; high-impact claims supported or qualified; contradictions handled; remaining actions low expected value","step":4,"t":"2026-09-18T01:26:01.511Z"}
{"level":"info","event":"action","runId":"aca66852-5f27-4de3-a87c-0e45bdfb3eca","type":"search","rationale":"Investigate an uncovered required question","step":0,"t":"2026-09-18T01:26:01.807Z"}
{"level":"info","event":"action","runId":"aca66852-5f27-4de3-a87c-0e45bdfb3eca","type":"fetch","rationale":"Inspect an already-known source before another generic query","step":1,"t":"2026-09-18T01:26:01.822Z"}
{"level":"info","event":"action","runId":"aca66852-5f27-4de3-a87c-0e45bdfb3eca","type":"challenge","rationale":"Disconfirm material conclusion: A primary source that directly contradicts this conclusion.","step":2,"t":"2026-09-18T01:26:01.837Z"}
{"level":"info","event":"action","runId":"aca66852-5f27-4de3-a87c-0e45bdfb3eca","type":"challenge","rationale":"No counterexample found in accessed primary sources. This is not proof that the conclusion is true.","step":3,"t":"2026-09-18T01:26:01.853Z"}
{"level":"info","event":"action","runId":"aca66852-5f27-4de3-a87c-0e45bdfb3eca","type":"synthesize","rationale":"decision_critical_gaps_resolved_or_unresolvable; high-impact claims supported or qualified; contradictions handled; remaining actions low expected value","step":4,"t":"2026-09-18T01:26:01.866Z"}
{"level":"info","event":"action","runId":"54806a44-477e-4082-966a-866ec0488e8c","type":"search","rationale":"Investigate an uncovered required question","step":0,"t":"2026-09-18T01:26:02.684Z"}
{"level":"info","event":"action","runId":"54806a44-477e-4082-966a-866ec0488e8c","type":"fetch","rationale":"Inspect an already-known source before another generic query","step":1,"t":"2026-09-18T01:26:02.716Z"}
{"level":"info","event":"action","runId":"54806a44-477e-4082-966a-866ec0488e8c","type":"fetch","rationale":"Inspect an already-known source before another generic query","step":2,"t":"2026-09-18T01:26:02.738Z"}
{"level":"info","event":"action","runId":"54806a44-477e-4082-966a-866ec0488e8c","type":"fetch","rationale":"Inspect an already-known source before another generic query","step":3,"t":"2026-09-18T01:26:02.753Z"}
{"level":"info","event":"action","runId":"54806a44-477e-4082-966a-866ec0488e8c","type":"challenge","rationale":"Disconfirm material conclusion: A primary source that directly contradicts this conclusion.","step":4,"t":"2026-09-18T01:26:02.772Z"}
{"level":"info","event":"action","runId":"54806a44-477e-4082-966a-866ec0488e8c","type":"challenge","rationale":"No counterexample found in accessed primary sources. This is not proof that the conclusion is true.","step":5,"t":"2026-09-18T01:26:02.786Z"}
{"level":"info","event":"action","runId":"54806a44-477e-4082-966a-866ec0488e8c","type":"synthesize","rationale":"decision_critical_gaps_resolved_or_unresolvable; high-impact claims supported or qualified; contradictions handled; remaining actions low expected value","step":6,"t":"2026-09-18T01:26:02.797Z"}
{"level":"info","event":"action","runId":"ee4ed6d0-67ee-4b25-a987-8988fe95912e","type":"search","rationale":"Investigate an uncovered required question","step":0,"t":"2026-09-18T01:26:03.088Z"}
{"level":"info","event":"action","runId":"ee4ed6d0-67ee-4b25-a987-8988fe95912e","type":"fetch","rationale":"Inspect an already-known source before another generic query","step":1,"t":"2026-09-18T01:26:03.107Z"}
{"level":"info","event":"action","runId":"ee4ed6d0-67ee-4b25-a987-8988fe95912e","type":"fetch","rationale":"Inspect an already-known source before another generic query","step":2,"t":"2026-09-18T01:26:03.121Z"}
{"level":"info","event":"action","runId":"ee4ed6d0-67ee-4b25-a987-8988fe95912e","type":"fetch","rationale":"Inspect an already-known source before another generic query","step":3,"t":"2026-09-18T01:26:03.135Z"}
{"level":"info","event":"action","runId":"ee4ed6d0-67ee-4b25-a987-8988fe95912e","type":"challenge","rationale":"Disconfirm material conclusion: A primary source that directly contradicts this conclusion.","step":4,"t":"2026-09-18T01:26:03.154Z"}
{"level":"info","event":"action","runId":"ee4ed6d0-67ee-4b25-a987-8988fe95912e","type":"challenge","rationale":"Disconfirm material conclusion: A primary source that directly contradicts this conclusion.","step":5,"t":"2026-09-18T01:26:03.168Z"}
{"level":"info","event":"action","runId":"ee4ed6d0-67ee-4b25-a987-8988fe95912e","type":"challenge","rationale":"Disconfirm material conclusion: A primary source that directly contradicts this conclusion.","step":6,"t":"2026-09-18T01:26:03.184Z"}
{"level":"info","event":"action","runId":"ee4ed6d0-67ee-4b25-a987-8988fe95912e","type":"challenge","rationale":"Disconfirm material conclusion: A primary source that directly contradicts this conclusion.","step":7,"t":"2026-09-18T01:26:03.203Z"}
{"level":"info","event":"action","runId":"ee4ed6d0-67ee-4b25-a987-8988fe95912e","type":"challenge","rationale":"Disconfirm material conclusion: A primary source that directly contradicts this conclusion.","step":8,"t":"2026-09-18T01:26:03.221Z"}
{"level":"info","event":"action","runId":"ee4ed6d0-67ee-4b25-a987-8988fe95912e","type":"challenge","rationale":"Disconfirm material conclusion: A primary source that directly contradicts this conclusion.","step":9,"t":"2026-09-18T01:26:03.236Z"}
{"level":"info","event":"action","runId":"ee4ed6d0-67ee-4b25-a987-8988fe95912e","type":"challenge","rationale":"Disconfirm material conclusion: A primary source that directly contradicts this conclusion.","step":10,"t":"2026-09-18T01:26:03.255Z"}
{"level":"info","event":"action","runId":"ee4ed6d0-67ee-4b25-a987-8988fe95912e","type":"challenge","rationale":"No counterexample found in accessed primary sources. This is not proof that the conclusion is true.","step":11,"t":"2026-09-18T01:26:03.271Z"}
{"level":"info","event":"action","runId":"ee4ed6d0-67ee-4b25-a987-8988fe95912e","type":"stop","rationale":"Repeated searches returned no novel source family or coverage progress","step":12,"t":"2026-09-18T01:26:03.283Z"}
{"level":"info","event":"action","runId":"f064a179-ee50-4bb7-a78c-a9be17cfc6c7","type":"search","rationale":"Investigate an uncovered required question","step":0,"t":"2026-09-18T01:26:04.055Z"}
{"level":"info","event":"action","runId":"f064a179-ee50-4bb7-a78c-a9be17cfc6c7","type":"fetch","rationale":"Inspect an already-known source before another generic query","step":1,"t":"2026-09-18T01:26:04.078Z"}
{"level":"info","event":"action","runId":"f064a179-ee50-4bb7-a78c-a9be17cfc6c7","type":"fetch","rationale":"Inspect an already-known source before another generic query","step":2,"t":"2026-09-18T01:26:04.093Z"}
{"level":"info","event":"action","runId":"f064a179-ee50-4bb7-a78c-a9be17cfc6c7","type":"fetch","rationale":"Inspect an already-known source before another generic query","step":3,"t":"2026-09-18T01:26:04.109Z"}
{"level":"info","event":"action","runId":"f064a179-ee50-4bb7-a78c-a9be17cfc6c7","type":"challenge","rationale":"Disconfirm material conclusion: A primary source that directly contradicts this conclusion.","step":4,"t":"2026-09-18T01:26:04.129Z"}
{"level":"info","event":"action","runId":"f064a179-ee50-4bb7-a78c-a9be17cfc6c7","type":"challenge","rationale":"No counterexample found in accessed primary sources. This is not proof that the conclusion is true.","step":5,"t":"2026-09-18T01:26:04.144Z"}
{"level":"info","event":"action","runId":"f064a179-ee50-4bb7-a78c-a9be17cfc6c7","type":"synthesize","rationale":"decision_critical_gaps_resolved_or_unresolvable; high-impact claims supported or qualified; contradictions handled; remaining actions low expected value","step":6,"t":"2026-09-18T01:26:04.158Z"}
{"level":"info","event":"action","runId":"48e17f2a-6aab-4edc-993d-df15a45979ab","type":"search","rationale":"Investigate an uncovered required question","step":0,"t":"2026-09-18T01:26:04.461Z"}
{"level":"info","event":"action","runId":"48e17f2a-6aab-4edc-993d-df15a45979ab","type":"fetch","rationale":"Inspect an already-known source before another generic query","step":1,"t":"2026-09-18T01:26:04.480Z"}
{"level":"info","event":"action","runId":"48e17f2a-6aab-4edc-993d-df15a45979ab","type":"fetch","rationale":"Inspect an already-known source before another generic query","step":2,"t":"2026-09-18T01:26:04.494Z"}
{"level":"info","event":"action","runId":"48e17f2a-6aab-4edc-993d-df15a45979ab","type":"fetch","rationale":"Inspect an already-known source before another generic query","step":3,"t":"2026-09-18T01:26:04.509Z"}
{"level":"info","event":"action","runId":"48e17f2a-6aab-4edc-993d-df15a45979ab","type":"challenge","rationale":"Disconfirm material conclusion: A hard-constraint violation for a candidate currently marked eligible.","step":4,"t":"2026-09-18T01:26:04.525Z"}
{"level":"info","event":"action","runId":"48e17f2a-6aab-4edc-993d-df15a45979ab","type":"challenge","rationale":"No counterexample found in accessed primary sources. This is not proof that the conclusion is true.","step":5,"t":"2026-09-18T01:26:04.541Z"}
{"level":"info","event":"action","runId":"48e17f2a-6aab-4edc-993d-df15a45979ab","type":"synthesize","rationale":"decision_critical_gaps_resolved_or_unresolvable; high-impact claims supported or qualified; contradictions handled; remaining actions low expected value","step":6,"t":"2026-09-18T01:26:04.555Z"}
{"level":"info","event":"action","runId":"0738608d-d2c9-4f00-a8d1-4026131a5866","type":"search","rationale":"Investigate an uncovered required question","step":0,"t":"2026-09-18T01:26:04.856Z"}
{"level":"info","event":"action","runId":"0738608d-d2c9-4f00-a8d1-4026131a5866","type":"fetch","rationale":"Inspect an already-known source before another generic query","step":1,"t":"2026-09-18T01:26:04.879Z"}
{"level":"info","event":"action","runId":"0738608d-d2c9-4f00-a8d1-4026131a5866","type":"fetch","rationale":"Inspect an already-known source before another generic query","step":2,"t":"2026-09-18T01:26:04.894Z"}
{"level":"info","event":"action","runId":"0738608d-d2c9-4f00-a8d1-4026131a5866","type":"fetch","rationale":"Inspect an already-known source before another generic query","step":3,"t":"2026-09-18T01:26:04.909Z"}
{"level":"info","event":"action","runId":"0738608d-d2c9-4f00-a8d1-4026131a5866","type":"challenge","rationale":"Disconfirm material conclusion: A primary source that directly contradicts this conclusion.","step":4,"t":"2026-09-18T01:26:04.929Z"}
{"level":"info","event":"action","runId":"0738608d-d2c9-4f00-a8d1-4026131a5866","type":"challenge","rationale":"No counterexample found in accessed primary sources. This is not proof that the conclusion is true.","step":5,"t":"2026-09-18T01:26:04.945Z"}
{"level":"info","event":"action","runId":"0738608d-d2c9-4f00-a8d1-4026131a5866","type":"synthesize","rationale":"decision_critical_gaps_resolved_or_unresolvable; high-impact claims supported or qualified; contradictions handled; remaining actions low expected value","step":6,"t":"2026-09-18T01:26:04.958Z"}
{"level":"info","event":"action","runId":"7df090b9-5213-4a6e-bec2-cb7bfadb536c","type":"search","rationale":"Investigate an uncovered required question","step":0,"t":"2026-09-18T01:26:05.265Z"}
{"level":"info","event":"action","runId":"7df090b9-5213-4a6e-bec2-cb7bfadb536c","type":"fetch","rationale":"Inspect an already-known source before another generic query","step":1,"t":"2026-09-18T01:26:05.283Z"}
{"level":"info","event":"action","runId":"7df090b9-5213-4a6e-bec2-cb7bfadb536c","type":"fetch","rationale":"Inspect an already-known source before another generic query","step":2,"t":"2026-09-18T01:26:05.298Z"}
{"level":"info","event":"action","runId":"7df090b9-5213-4a6e-bec2-cb7bfadb536c","type":"fetch","rationale":"Inspect an already-known source before another generic query","step":3,"t":"2026-09-18T01:26:05.313Z"}
{"level":"info","event":"action","runId":"7df090b9-5213-4a6e-bec2-cb7bfadb536c","type":"challenge","rationale":"Disconfirm material conclusion: A hard-constraint violation for a candidate currently marked eligible.","step":4,"t":"2026-09-18T01:26:05.328Z"}
{"level":"info","event":"action","runId":"7df090b9-5213-4a6e-bec2-cb7bfadb536c","type":"challenge","rationale":"No counterexample found in accessed primary sources. This is not proof that the conclusion is true.","step":5,"t":"2026-09-18T01:26:05.344Z"}
{"level":"info","event":"action","runId":"7df090b9-5213-4a6e-bec2-cb7bfadb536c","type":"synthesize","rationale":"decision_critical_gaps_resolved_or_unresolvable; high-impact claims supported or qualified; contradictions handled; remaining actions low expected value","step":6,"t":"2026-09-18T01:26:05.357Z"}
{"level":"info","event":"action","runId":"7e8b1ec9-6ce8-4c07-a031-aeb3e8c0d1b0","type":"search","rationale":"Investigate an uncovered required question","step":0,"t":"2026-09-18T01:26:06.245Z"}
{"level":"info","event":"action","runId":"7e8b1ec9-6ce8-4c07-a031-aeb3e8c0d1b0","type":"fetch","rationale":"Inspect an already-known source before another generic query","step":1,"t":"2026-09-18T01:26:06.273Z"}
{"level":"info","event":"action","runId":"7e8b1ec9-6ce8-4c07-a031-aeb3e8c0d1b0","type":"fetch","rationale":"Inspect an already-known source before another generic query","step":2,"t":"2026-09-18T01:26:06.288Z"}
{"level":"info","event":"action","runId":"7e8b1ec9-6ce8-4c07-a031-aeb3e8c0d1b0","type":"fetch","rationale":"Inspect an already-known source before another generic query","step":3,"t":"2026-09-18T01:26:06.302Z"}
{"level":"info","event":"action","runId":"7e8b1ec9-6ce8-4c07-a031-aeb3e8c0d1b0","type":"challenge","rationale":"Disconfirm material conclusion: A primary source that directly contradicts this conclusion.","step":4,"t":"2026-09-18T01:26:06.321Z"}
{"level":"info","event":"action","runId":"7e8b1ec9-6ce8-4c07-a031-aeb3e8c0d1b0","type":"challenge","rationale":"No counterexample found in accessed primary sources. This is not proof that the conclusion is true.","step":5,"t":"2026-09-18T01:26:06.336Z"}
{"level":"info","event":"action","runId":"7e8b1ec9-6ce8-4c07-a031-aeb3e8c0d1b0","type":"synthesize","rationale":"decision_critical_gaps_resolved_or_unresolvable; high-impact claims supported or qualified; contradictions handled; remaining actions low expected value","step":6,"t":"2026-09-18T01:26:06.348Z"}
{"level":"info","event":"action","runId":"f4828131-5382-4183-bf3d-b7e56ec629dd","type":"search","rationale":"Investigate an uncovered required question","step":0,"t":"2026-09-18T01:26:06.643Z"}
{"level":"info","event":"action","runId":"f4828131-5382-4183-bf3d-b7e56ec629dd","type":"fetch","rationale":"Inspect an already-known source before another generic query","step":1,"t":"2026-09-18T01:26:06.659Z"}
{"level":"info","event":"action","runId":"f4828131-5382-4183-bf3d-b7e56ec629dd","type":"fetch","rationale":"Inspect an already-known source before another generic query","step":2,"t":"2026-09-18T01:26:06.684Z"}
{"level":"info","event":"action","runId":"f4828131-5382-4183-bf3d-b7e56ec629dd","type":"challenge","rationale":"Disconfirm material conclusion: A primary source that directly contradicts this conclusion.","step":3,"t":"2026-09-18T01:26:06.701Z"}
{"level":"info","event":"action","runId":"f4828131-5382-4183-bf3d-b7e56ec629dd","type":"challenge","rationale":"Disconfirm material conclusion: A primary source that directly contradicts this conclusion.","step":4,"t":"2026-09-18T01:26:06.719Z"}
{"level":"info","event":"action","runId":"f4828131-5382-4183-bf3d-b7e56ec629dd","type":"challenge","rationale":"Disconfirm material conclusion: A primary source that directly contradicts this conclusion.","step":5,"t":"2026-09-18T01:26:06.737Z"}
{"level":"info","event":"action","runId":"f4828131-5382-4183-bf3d-b7e56ec629dd","type":"challenge","rationale":"Disconfirm material conclusion: A primary source that directly contradicts this conclusion.","step":6,"t":"2026-09-18T01:26:06.754Z"}
{"level":"info","event":"action","runId":"f4828131-5382-4183-bf3d-b7e56ec629dd","type":"challenge","rationale":"Disconfirm material conclusion: A primary source that directly contradicts this conclusion.","step":7,"t":"2026-09-18T01:26:06.770Z"}
{"level":"info","event":"action","runId":"f4828131-5382-4183-bf3d-b7e56ec629dd","type":"challenge","rationale":"Disconfirm material conclusion: A primary source that directly contradicts this conclusion.","step":8,"t":"2026-09-18T01:26:06.786Z"}
{"level":"info","event":"action","runId":"f4828131-5382-4183-bf3d-b7e56ec629dd","type":"challenge","rationale":"Disconfirm material conclusion: A primary source that directly contradicts this conclusion.","step":9,"t":"2026-09-18T01:26:06.802Z"}
{"level":"info","event":"action","runId":"f4828131-5382-4183-bf3d-b7e56ec629dd","type":"challenge","rationale":"No counterexample found in accessed primary sources. This is not proof that the conclusion is true.","step":10,"t":"2026-09-18T01:26:06.819Z"}
{"level":"info","event":"action","runId":"f4828131-5382-4183-bf3d-b7e56ec629dd","type":"stop","rationale":"Repeated searches returned no novel source family or coverage progress","step":11,"t":"2026-09-18T01:26:06.832Z"}
{"level":"info","event":"action","runId":"9c3e8113-1a0b-42ae-b6df-ec741b09a33d","type":"search","rationale":"Investigate an uncovered required question","step":0,"t":"2026-09-18T01:26:07.681Z"}
{"level":"info","event":"action","runId":"9c3e8113-1a0b-42ae-b6df-ec741b09a33d","type":"fetch","rationale":"Inspect an already-known source before another generic query","step":1,"t":"2026-09-18T01:26:07.710Z"}
{"level":"info","event":"action","runId":"9c3e8113-1a0b-42ae-b6df-ec741b09a33d","type":"fetch","rationale":"Inspect an already-known source before another generic query","step":2,"t":"2026-09-18T01:26:07.725Z"}
{"level":"info","event":"action","runId":"9c3e8113-1a0b-42ae-b6df-ec741b09a33d","type":"fetch","rationale":"Inspect an already-known source before another generic query","step":3,"t":"2026-09-18T01:26:07.742Z"}
{"level":"info","event":"action","runId":"9c3e8113-1a0b-42ae-b6df-ec741b09a33d","type":"challenge","rationale":"Disconfirm material conclusion: A primary source that directly contradicts this conclusion.","step":4,"t":"2026-09-18T01:26:07.765Z"}
{"level":"info","event":"action","runId":"9c3e8113-1a0b-42ae-b6df-ec741b09a33d","type":"challenge","rationale":"No counterexample found in accessed primary sources. This is not proof that the conclusion is true.","step":5,"t":"2026-09-18T01:26:07.783Z"}
{"level":"info","event":"action","runId":"9c3e8113-1a0b-42ae-b6df-ec741b09a33d","type":"synthesize","rationale":"decision_critical_gaps_resolved_or_unresolvable; high-impact claims supported or qualified; contradictions handled; remaining actions low expected value","step":6,"t":"2026-09-18T01:26:07.799Z"}
{"level":"info","event":"action","runId":"cfa9d4b7-5aaa-4c6d-b509-362c887888ac","type":"search","rationale":"Investigate an uncovered required question","step":0,"t":"2026-09-18T01:26:08.641Z"}
{"level":"info","event":"action","runId":"cfa9d4b7-5aaa-4c6d-b509-362c887888ac","type":"fetch","rationale":"Inspect an already-known source before another generic query","step":1,"t":"2026-09-18T01:26:08.664Z"}
{"level":"info","event":"action","runId":"cfa9d4b7-5aaa-4c6d-b509-362c887888ac","type":"fetch","rationale":"Inspect an already-known source before another generic query","step":2,"t":"2026-09-18T01:26:08.678Z"}
{"level":"info","event":"action","runId":"cfa9d4b7-5aaa-4c6d-b509-362c887888ac","type":"fetch","rationale":"Inspect an already-known source before another generic query","step":3,"t":"2026-09-18T01:26:08.693Z"}
{"level":"info","event":"action","runId":"cfa9d4b7-5aaa-4c6d-b509-362c887888ac","type":"fetch","rationale":"Inspect an already-known source before another generic query","step":4,"t":"2026-09-18T01:26:08.708Z"}
{"level":"info","event":"action","runId":"cfa9d4b7-5aaa-4c6d-b509-362c887888ac","type":"fetch","rationale":"Inspect an already-known source before another generic query","step":5,"t":"2026-09-18T01:26:08.723Z"}
{"level":"info","event":"action","runId":"cfa9d4b7-5aaa-4c6d-b509-362c887888ac","type":"challenge","rationale":"Disconfirm material conclusion: A primary source that directly contradicts this conclusion.","step":6,"t":"2026-09-18T01:26:08.737Z"}
{"level":"info","event":"action","runId":"cfa9d4b7-5aaa-4c6d-b509-362c887888ac","type":"challenge","rationale":"No counterexample found in accessed primary sources. This is not proof that the conclusion is true.","step":7,"t":"2026-09-18T01:26:08.753Z"}
{"level":"info","event":"action","runId":"cfa9d4b7-5aaa-4c6d-b509-362c887888ac","type":"synthesize","rationale":"decision_critical_gaps_resolved_or_unresolvable; high-impact claims supported or qualified; contradictions handled; remaining actions low expected value","step":8,"t":"2026-09-18T01:26:08.764Z"}
{"level":"info","event":"action","runId":"b902264e-1299-4777-b736-5c220ea351a5","type":"search","rationale":"Investigate an uncovered required question","step":0,"t":"2026-09-18T01:26:09.617Z"}
{"level":"info","event":"action","runId":"b902264e-1299-4777-b736-5c220ea351a5","type":"fetch","rationale":"Inspect an already-known source before another generic query","step":1,"t":"2026-09-18T01:26:09.635Z"}
{"level":"info","event":"action","runId":"b902264e-1299-4777-b736-5c220ea351a5","type":"challenge","rationale":"Disconfirm material conclusion: A primary source that directly contradicts this conclusion.","step":2,"t":"2026-09-18T01:26:09.649Z"}
{"level":"info","event":"action","runId":"b902264e-1299-4777-b736-5c220ea351a5","type":"challenge","rationale":"No counterexample found in accessed primary sources. This is not proof that the conclusion is true.","step":3,"t":"2026-09-18T01:26:09.662Z"}
{"level":"info","event":"action","runId":"b902264e-1299-4777-b736-5c220ea351a5","type":"synthesize","rationale":"decision_critical_gaps_resolved_or_unresolvable; high-impact claims supported or qualified; contradictions handled; remaining actions low expected value","step":4,"t":"2026-09-18T01:26:09.673Z"}
{"level":"info","event":"action","runId":"f7382cab-ff89-4f10-8dc4-cab7e68155f9","type":"search","rationale":"Investigate an uncovered required question","step":0,"t":"2026-09-18T01:26:11.555Z"}
{"level":"info","event":"action","runId":"f7382cab-ff89-4f10-8dc4-cab7e68155f9","type":"fetch","rationale":"Inspect an already-known source before another generic query","step":1,"t":"2026-09-18T01:26:11.578Z"}
{"level":"info","event":"action","runId":"f7382cab-ff89-4f10-8dc4-cab7e68155f9","type":"fetch","rationale":"Inspect an already-known source before another generic query","step":2,"t":"2026-09-18T01:26:11.593Z"}
{"level":"info","event":"action","runId":"f7382cab-ff89-4f10-8dc4-cab7e68155f9","type":"fetch","rationale":"Inspect an already-known source before another generic query","step":3,"t":"2026-09-18T01:26:11.607Z"}
{"level":"info","event":"action","runId":"f7382cab-ff89-4f10-8dc4-cab7e68155f9","type":"fetch","rationale":"Inspect an already-known source before another generic query","step":4,"t":"2026-09-18T01:26:11.622Z"}
{"level":"info","event":"action","runId":"f7382cab-ff89-4f10-8dc4-cab7e68155f9","type":"fetch","rationale":"Inspect an already-known source before another generic query","step":5,"t":"2026-09-18T01:26:11.637Z"}
{"level":"info","event":"action","runId":"f7382cab-ff89-4f10-8dc4-cab7e68155f9","type":"challenge","rationale":"Disconfirm material conclusion: A primary source that directly contradicts this conclusion.","step":6,"t":"2026-09-18T01:26:11.652Z"}
{"level":"info","event":"action","runId":"f7382cab-ff89-4f10-8dc4-cab7e68155f9","type":"challenge","rationale":"No counterexample found in accessed primary sources. This is not proof that the conclusion is true.","step":7,"t":"2026-09-18T01:26:11.667Z"}
{"level":"info","event":"action","runId":"f7382cab-ff89-4f10-8dc4-cab7e68155f9","type":"synthesize","rationale":"decision_critical_gaps_resolved_or_unresolvable; high-impact claims supported or qualified; contradictions handled; remaining actions low expected value","step":8,"t":"2026-09-18T01:26:11.679Z"}
 ✓ test/launch-scope.integration.test.ts (19 tests) 19000ms
   ✓ launch-scope fixture/postgres cases > R02 asks a jurisdiction question when it would change the answer  686ms
   ✓ launch-scope fixture/postgres cases > R03 does not interview a clear comparison over style  1001ms
   ✓ launch-scope fixture/postgres cases > R07 keeps a paywalled page snippet-only and does not claim a full read  946ms
   ✓ launch-scope fixture/postgres cases > R11 records a real price contradiction without averaging  929ms
   ✓ launch-scope fixture/postgres cases > R14 budget-limited outcome is not marked comprehensive  611ms
   ✓ launch-scope fixture/postgres cases > R22 preserves a reproducible annual cost calculation  693ms
   ✓ launch-scope fixture/postgres cases > V2-01 uses the compatibility matrix, not summary count  758ms
   ✓ launch-scope fixture/postgres cases > V2-02 / R08 switches source type after summary-family saturation  759ms
   ✓ launch-scope fixture/postgres cases > V2-04 relaxed budget discovers a previously omitted candidate  1229ms
   ✓ launch-scope fixture/postgres cases > V2-05 recomputes a corrected numeric unit  1208ms
   ✓ launch-scope fixture/postgres cases > V2-06 unknown dependency completeness forces a full rerun flag  1426ms
   ✓ launch-scope fixture/postgres cases > P2 selective budget reopen is not a full rerun; unknown-dependency correction is; both 120 EUR paths find Vendor C  2102ms
   ✓ launch-scope fixture/postgres cases > P2 a non-budget correction does not reopen candidate discovery or add Vendor C  1452ms
   ✓ launch-scope fixture/postgres cases > V2-18 distinguishes no eligible inspected option from universal absence  994ms
   ✓ launch-scope fixture/postgres cases > E07 denies another account's evidence id  943ms
   ✓ launch-scope fixture/postgres cases > S04 does not leave raw script markup in the canonical report  883ms
   ✓ launch-scope fixture/postgres cases > S11 revoked consent blocks new runs  497ms
   ✓ launch-scope fixture/postgres cases > J09 concurrent reservations cannot exceed the remaining allowance  576ms
   ✓ launch-scope fixture/postgres cases > challenge and markdown export use the same stored report  1001ms
{"level":"info","event":"action","runId":"340c8213-a424-4ca7-a5bb-9eae0a7c75b5","type":"search","rationale":"Investigate an uncovered required question","step":0,"t":"2026-09-18T01:26:13.522Z"}
{"level":"info","event":"action","runId":"340c8213-a424-4ca7-a5bb-9eae0a7c75b5","type":"fetch","rationale":"Inspect an already-known source before another generic query","step":1,"t":"2026-09-18T01:26:13.567Z"}
{"level":"info","event":"action","runId":"340c8213-a424-4ca7-a5bb-9eae0a7c75b5","type":"fetch","rationale":"Inspect an already-known source before another generic query","step":2,"t":"2026-09-18T01:26:13.589Z"}
{"level":"info","event":"action","runId":"340c8213-a424-4ca7-a5bb-9eae0a7c75b5","type":"fetch","rationale":"Inspect an already-known source before another generic query","step":3,"t":"2026-09-18T01:26:13.608Z"}
{"level":"info","event":"action","runId":"340c8213-a424-4ca7-a5bb-9eae0a7c75b5","type":"fetch","rationale":"Inspect an already-known source before another generic query","step":4,"t":"2026-09-18T01:26:13.627Z"}
{"level":"info","event":"action","runId":"340c8213-a424-4ca7-a5bb-9eae0a7c75b5","type":"fetch","rationale":"Inspect an already-known source before another generic query","step":5,"t":"2026-09-18T01:26:13.648Z"}
{"level":"info","event":"action","runId":"340c8213-a424-4ca7-a5bb-9eae0a7c75b5","type":"challenge","rationale":"Disconfirm material conclusion: A primary source that directly contradicts this conclusion.","step":6,"t":"2026-09-18T01:26:13.671Z"}
{"level":"info","event":"action","runId":"340c8213-a424-4ca7-a5bb-9eae0a7c75b5","type":"challenge","rationale":"No counterexample found in accessed primary sources. This is not proof that the conclusion is true.","step":7,"t":"2026-09-18T01:26:13.694Z"}
{"level":"info","event":"action","runId":"340c8213-a424-4ca7-a5bb-9eae0a7c75b5","type":"synthesize","rationale":"decision_critical_gaps_resolved_or_unresolvable; high-impact claims supported or qualified; contradictions handled; remaining actions low expected value","step":8,"t":"2026-09-18T01:26:13.710Z"}
{"level":"info","event":"action","runId":"e22cecef-fc75-4498-8c87-c498debc7193","type":"challenge","rationale":"Disconfirm material conclusion: A primary source that directly contradicts this conclusion.","step":0,"t":"2026-09-18T01:26:14.721Z"}
{"level":"info","event":"action","runId":"e22cecef-fc75-4498-8c87-c498debc7193","type":"fetch","rationale":"Inspect an already-known source before another generic query","step":1,"t":"2026-09-18T01:26:14.751Z"}
{"level":"info","event":"action","runId":"e22cecef-fc75-4498-8c87-c498debc7193","type":"fetch","rationale":"Inspect an already-known source before another generic query","step":2,"t":"2026-09-18T01:26:14.769Z"}
{"level":"info","event":"action","runId":"e22cecef-fc75-4498-8c87-c498debc7193","type":"fetch","rationale":"Inspect an already-known source before another generic query","step":3,"t":"2026-09-18T01:26:14.787Z"}
{"level":"info","event":"action","runId":"e22cecef-fc75-4498-8c87-c498debc7193","type":"challenge","rationale":"No counterexample found in accessed primary sources. This is not proof that the conclusion is true.","step":4,"t":"2026-09-18T01:26:14.811Z"}
{"level":"info","event":"action","runId":"e22cecef-fc75-4498-8c87-c498debc7193","type":"synthesize","rationale":"decision_critical_gaps_resolved_or_unresolvable; high-impact claims supported or qualified; contradictions handled; remaining actions low expected value","step":5,"t":"2026-09-18T01:26:14.825Z"}
{"level":"info","event":"action","runId":"8a78c5eb-fd73-4b03-836a-dd004f6e69e2","type":"search","rationale":"Investigate an uncovered required question","step":0,"t":"2026-09-18T01:26:15.666Z"}
{"level":"info","event":"action","runId":"8a78c5eb-fd73-4b03-836a-dd004f6e69e2","type":"fetch","rationale":"Inspect an already-known source before another generic query","step":1,"t":"2026-09-18T01:26:15.691Z"}
{"level":"info","event":"action","runId":"8a78c5eb-fd73-4b03-836a-dd004f6e69e2","type":"fetch","rationale":"Inspect an already-known source before another generic query","step":2,"t":"2026-09-18T01:26:15.710Z"}
{"level":"info","event":"action","runId":"8a78c5eb-fd73-4b03-836a-dd004f6e69e2","type":"fetch","rationale":"Inspect an already-known source before another generic query","step":3,"t":"2026-09-18T01:26:15.726Z"}
{"level":"info","event":"action","runId":"8a78c5eb-fd73-4b03-836a-dd004f6e69e2","type":"challenge","rationale":"Disconfirm material conclusion: A primary source that directly contradicts this conclusion.","step":4,"t":"2026-09-18T01:26:15.749Z"}
{"level":"info","event":"action","runId":"8a78c5eb-fd73-4b03-836a-dd004f6e69e2","type":"challenge","rationale":"No counterexample found in accessed primary sources. This is not proof that the conclusion is true.","step":5,"t":"2026-09-18T01:26:15.764Z"}
{"level":"info","event":"action","runId":"8a78c5eb-fd73-4b03-836a-dd004f6e69e2","type":"synthesize","rationale":"decision_critical_gaps_resolved_or_unresolvable; high-impact claims supported or qualified; contradictions handled; remaining actions low expected value","step":6,"t":"2026-09-18T01:26:15.776Z"}
{"level":"info","event":"action","runId":"e2ae0eb9-049a-4c63-92f3-c1509614bb04","type":"challenge","rationale":"Disconfirm material conclusion: A primary source that directly contradicts this conclusion.","step":0,"t":"2026-09-18T01:26:16.427Z"}
{"level":"info","event":"action","runId":"e2ae0eb9-049a-4c63-92f3-c1509614bb04","type":"fetch","rationale":"Inspect an already-known source before another generic query","step":1,"t":"2026-09-18T01:26:16.456Z"}
{"level":"info","event":"action","runId":"e2ae0eb9-049a-4c63-92f3-c1509614bb04","type":"fetch","rationale":"Inspect an already-known source before another generic query","step":2,"t":"2026-09-18T01:26:16.474Z"}
{"level":"info","event":"action","runId":"e2ae0eb9-049a-4c63-92f3-c1509614bb04","type":"fetch","rationale":"Inspect an already-known source before another generic query","step":3,"t":"2026-09-18T01:26:16.492Z"}
{"level":"info","event":"action","runId":"e2ae0eb9-049a-4c63-92f3-c1509614bb04","type":"challenge","rationale":"No counterexample found in accessed primary sources. This is not proof that the conclusion is true.","step":4,"t":"2026-09-18T01:26:16.513Z"}
{"level":"info","event":"action","runId":"e2ae0eb9-049a-4c63-92f3-c1509614bb04","type":"synthesize","rationale":"decision_critical_gaps_resolved_or_unresolvable; high-impact claims supported or qualified; contradictions handled; remaining actions low expected value","step":5,"t":"2026-09-18T01:26:16.529Z"}
{"level":"info","event":"action","runId":"14e1dbc7-ffc0-4e97-aad6-ee0761e8f60a","type":"search","rationale":"Investigate an uncovered required question","step":0,"t":"2026-09-18T01:26:17.174Z"}
{"level":"info","event":"action","runId":"14e1dbc7-ffc0-4e97-aad6-ee0761e8f60a","type":"fetch","rationale":"Inspect an already-known source before another generic query","step":1,"t":"2026-09-18T01:26:17.203Z"}
{"level":"info","event":"action","runId":"14e1dbc7-ffc0-4e97-aad6-ee0761e8f60a","type":"fetch","rationale":"Inspect an already-known source before another generic query","step":2,"t":"2026-09-18T01:26:17.220Z"}
{"level":"info","event":"action","runId":"14e1dbc7-ffc0-4e97-aad6-ee0761e8f60a","type":"fetch","rationale":"Inspect an already-known source before another generic query","step":3,"t":"2026-09-18T01:26:17.236Z"}
{"level":"info","event":"action","runId":"14e1dbc7-ffc0-4e97-aad6-ee0761e8f60a","type":"challenge","rationale":"Disconfirm material conclusion: A primary source that directly contradicts this conclusion.","step":4,"t":"2026-09-18T01:26:17.257Z"}
{"level":"info","event":"action","runId":"14e1dbc7-ffc0-4e97-aad6-ee0761e8f60a","type":"challenge","rationale":"No counterexample found in accessed primary sources. This is not proof that the conclusion is true.","step":5,"t":"2026-09-18T01:26:17.277Z"}
{"level":"info","event":"action","runId":"14e1dbc7-ffc0-4e97-aad6-ee0761e8f60a","type":"synthesize","rationale":"decision_critical_gaps_resolved_or_unresolvable; high-impact claims supported or qualified; contradictions handled; remaining actions low expected value","step":6,"t":"2026-09-18T01:26:17.291Z"}
{"level":"info","event":"action","runId":"cefe3ad1-978b-4859-a998-dbeb78881982","type":"search","rationale":"Investigate an uncovered required question","step":0,"t":"2026-09-18T01:26:17.921Z"}
{"level":"info","event":"action","runId":"cefe3ad1-978b-4859-a998-dbeb78881982","type":"fetch","rationale":"Inspect an already-known source before another generic query","step":1,"t":"2026-09-18T01:26:17.952Z"}
{"level":"info","event":"action","runId":"cefe3ad1-978b-4859-a998-dbeb78881982","type":"fetch","rationale":"Inspect an already-known source before another generic query","step":2,"t":"2026-09-18T01:26:17.968Z"}
{"level":"info","event":"action","runId":"cefe3ad1-978b-4859-a998-dbeb78881982","type":"fetch","rationale":"Inspect an already-known source before another generic query","step":3,"t":"2026-09-18T01:26:17.987Z"}
{"level":"info","event":"action","runId":"cefe3ad1-978b-4859-a998-dbeb78881982","type":"fetch","rationale":"Inspect an already-known source before another generic query","step":4,"t":"2026-09-18T01:26:18.002Z"}
{"level":"info","event":"action","runId":"cefe3ad1-978b-4859-a998-dbeb78881982","type":"fetch","rationale":"Inspect an already-known source before another generic query","step":5,"t":"2026-09-18T01:26:18.017Z"}
{"level":"info","event":"action","runId":"cefe3ad1-978b-4859-a998-dbeb78881982","type":"challenge","rationale":"Disconfirm material conclusion: A primary source that directly contradicts this conclusion.","step":6,"t":"2026-09-18T01:26:18.032Z"}
{"level":"info","event":"action","runId":"cefe3ad1-978b-4859-a998-dbeb78881982","type":"challenge","rationale":"No counterexample found in accessed primary sources. This is not proof that the conclusion is true.","step":7,"t":"2026-09-18T01:26:18.050Z"}
{"level":"info","event":"action","runId":"cefe3ad1-978b-4859-a998-dbeb78881982","type":"synthesize","rationale":"decision_critical_gaps_resolved_or_unresolvable; high-impact claims supported or qualified; contradictions handled; remaining actions low expected value","step":8,"t":"2026-09-18T01:26:18.064Z"}
{"level":"info","event":"action","runId":"37d663dc-29ad-4154-89fe-a7b54578c009","type":"search","rationale":"Investigate an uncovered required question","step":0,"t":"2026-09-18T01:26:18.922Z"}
{"level":"info","event":"action","runId":"37d663dc-29ad-4154-89fe-a7b54578c009","type":"fetch","rationale":"Inspect an already-known source before another generic query","step":1,"t":"2026-09-18T01:26:18.946Z"}
{"level":"info","event":"action","runId":"37d663dc-29ad-4154-89fe-a7b54578c009","type":"fetch","rationale":"Inspect an already-known source before another generic query","step":2,"t":"2026-09-18T01:26:18.963Z"}
{"level":"info","event":"action","runId":"37d663dc-29ad-4154-89fe-a7b54578c009","type":"fetch","rationale":"Inspect an already-known source before another generic query","step":3,"t":"2026-09-18T01:26:18.980Z"}
{"level":"info","event":"action","runId":"37d663dc-29ad-4154-89fe-a7b54578c009","type":"fetch","rationale":"Inspect an already-known source before another generic query","step":4,"t":"2026-09-18T01:26:18.999Z"}
{"level":"info","event":"action","runId":"37d663dc-29ad-4154-89fe-a7b54578c009","type":"fetch","rationale":"Inspect an already-known source before another generic query","step":5,"t":"2026-09-18T01:26:19.017Z"}
{"level":"info","event":"action","runId":"37d663dc-29ad-4154-89fe-a7b54578c009","type":"challenge","rationale":"Disconfirm material conclusion: A primary source that directly contradicts this conclusion.","step":6,"t":"2026-09-18T01:26:19.035Z"}
{"level":"info","event":"action","runId":"37d663dc-29ad-4154-89fe-a7b54578c009","type":"challenge","rationale":"No counterexample found in accessed primary sources. This is not proof that the conclusion is true.","step":7,"t":"2026-09-18T01:26:19.053Z"}
{"level":"info","event":"action","runId":"37d663dc-29ad-4154-89fe-a7b54578c009","type":"synthesize","rationale":"decision_critical_gaps_resolved_or_unresolvable; high-impact claims supported or qualified; contradictions handled; remaining actions low expected value","step":8,"t":"2026-09-18T01:26:19.067Z"}
{"level":"info","event":"action","runId":"66b39f11-ab73-4862-a0e2-d81b9cb706db","type":"search","rationale":"Investigate an uncovered required question","step":0,"t":"2026-09-18T01:26:19.857Z"}
{"level":"info","event":"action","runId":"66b39f11-ab73-4862-a0e2-d81b9cb706db","type":"fetch","rationale":"Inspect an already-known source before another generic query","step":1,"t":"2026-09-18T01:26:19.881Z"}
{"level":"info","event":"action","runId":"66b39f11-ab73-4862-a0e2-d81b9cb706db","type":"fetch","rationale":"Inspect an already-known source before another generic query","step":2,"t":"2026-09-18T01:26:19.894Z"}
{"level":"info","event":"action","runId":"66b39f11-ab73-4862-a0e2-d81b9cb706db","type":"fetch","rationale":"Inspect an already-known source before another generic query","step":3,"t":"2026-09-18T01:26:19.909Z"}
{"level":"info","event":"action","runId":"66b39f11-ab73-4862-a0e2-d81b9cb706db","type":"challenge","rationale":"Disconfirm material conclusion: A primary source that directly contradicts this conclusion.","step":4,"t":"2026-09-18T01:26:19.927Z"}
{"level":"info","event":"action","runId":"66b39f11-ab73-4862-a0e2-d81b9cb706db","type":"challenge","rationale":"No counterexample found in accessed primary sources. This is not proof that the conclusion is true.","step":5,"t":"2026-09-18T01:26:19.942Z"}
{"level":"info","event":"action","runId":"66b39f11-ab73-4862-a0e2-d81b9cb706db","type":"synthesize","rationale":"decision_critical_gaps_resolved_or_unresolvable; high-impact claims supported or qualified; contradictions handled; remaining actions low expected value","step":6,"t":"2026-09-18T01:26:19.955Z"}
{"level":"info","event":"action","runId":"9d8322e2-6303-4ebf-8ad5-870756488afb","type":"search","rationale":"Investigate an uncovered required question","step":0,"t":"2026-09-18T01:26:20.613Z"}
{"level":"info","event":"action","runId":"9d8322e2-6303-4ebf-8ad5-870756488afb","type":"fetch","rationale":"Inspect an already-known source before another generic query","step":1,"t":"2026-09-18T01:26:20.642Z"}
{"level":"info","event":"action","runId":"9d8322e2-6303-4ebf-8ad5-870756488afb","type":"fetch","rationale":"Inspect an already-known source before another generic query","step":2,"t":"2026-09-18T01:26:20.658Z"}
{"level":"info","event":"action","runId":"9d8322e2-6303-4ebf-8ad5-870756488afb","type":"fetch","rationale":"Inspect an already-known source before another generic query","step":3,"t":"2026-09-18T01:26:20.675Z"}
{"level":"info","event":"action","runId":"9d8322e2-6303-4ebf-8ad5-870756488afb","type":"challenge","rationale":"Disconfirm material conclusion: A primary source that directly contradicts this conclusion.","step":4,"t":"2026-09-18T01:26:20.696Z"}
{"level":"info","event":"action","runId":"9d8322e2-6303-4ebf-8ad5-870756488afb","type":"challenge","rationale":"No counterexample found in accessed primary sources. This is not proof that the conclusion is true.","step":5,"t":"2026-09-18T01:26:20.713Z"}
{"level":"info","event":"action","runId":"9d8322e2-6303-4ebf-8ad5-870756488afb","type":"synthesize","rationale":"decision_critical_gaps_resolved_or_unresolvable; high-impact claims supported or qualified; contradictions handled; remaining actions low expected value","step":6,"t":"2026-09-18T01:26:20.728Z"}
 ✓ test/g01-g02.integration.test.ts (9 tests) 8226ms
   ✓ G01 safety policy > G01-cross-user: another account cannot read run, events, report, source, export, or mutate  1203ms
   ✓ G01 safety policy > G01-private-to-public: attachment canary is stored as evidence and omitted from search queries  1057ms
   ✓ G01 safety policy > G01-consent: missing, declined, and revoked consent cannot start or continue processing  716ms
   ✓ G01 safety policy > G01-deletion: derived text is purged and a late worker cannot resurrect it  798ms
   ✓ G02 engineering requirement > G02-unknown-citation: invented passage IDs cannot publish  699ms
   ✓ G02 engineering requirement > G02-lost-run: an accepted create remains recoverable from the server after the client drops state  986ms
   ✓ G02 engineering requirement > G02-duplicate-debit: replayed completion and idempotent create settle once  1014ms
   ✓ G02 engineering requirement > G02-stale-revision: obsolete brief, evidence, or lease cannot publish  702ms
   ✓ G02 engineering requirement > G02-cancel-writing: cancel during writing rejects late publication  760ms
 ✓ test/source-deletion.integration.test.ts (6 tests) 1818ms
   ✓ W03/W06 deletes owned source and reused descendants, preserving unrelated raw evidence and accounts  568ms
 ✓ test/provider-reconciliation.integration.test.ts (13 tests) 1636ms
{"level":"info","event":"action","runId":"ea63e095-7512-4c33-8f66-20199ec393fc","type":"challenge","rationale":"Disconfirm material conclusion: A primary source that directly contradicts this conclusion.","step":0,"t":"2026-09-18T01:26:26.496Z"}
{"level":"info","event":"action","runId":"ea63e095-7512-4c33-8f66-20199ec393fc","type":"fetch","rationale":"Inspect an already-known source before another generic query","step":1,"t":"2026-09-18T01:26:26.543Z"}
{"level":"info","event":"action","runId":"ea63e095-7512-4c33-8f66-20199ec393fc","type":"fetch","rationale":"Inspect an already-known source before another generic query","step":2,"t":"2026-09-18T01:26:26.570Z"}
{"level":"info","event":"action","runId":"ea63e095-7512-4c33-8f66-20199ec393fc","type":"fetch","rationale":"Inspect an already-known source before another generic query","step":3,"t":"2026-09-18T01:26:26.594Z"}
{"level":"info","event":"action","runId":"ea63e095-7512-4c33-8f66-20199ec393fc","type":"challenge","rationale":"Disconfirm material conclusion: A primary source that directly contradicts this conclusion.","step":4,"t":"2026-09-18T01:26:26.624Z"}
{"level":"info","event":"action","runId":"ea63e095-7512-4c33-8f66-20199ec393fc","type":"challenge","rationale":"Disconfirm material conclusion: A primary source that directly contradicts this conclusion.","step":5,"t":"2026-09-18T01:26:26.648Z"}
{"level":"info","event":"action","runId":"ea63e095-7512-4c33-8f66-20199ec393fc","type":"challenge","rationale":"Disconfirm material conclusion: A primary source that directly contradicts this conclusion.","step":6,"t":"2026-09-18T01:26:26.673Z"}
{"level":"info","event":"action","runId":"ea63e095-7512-4c33-8f66-20199ec393fc","type":"challenge","rationale":"Disconfirm material conclusion: A primary source that directly contradicts this conclusion.","step":7,"t":"2026-09-18T01:26:26.694Z"}
{"level":"info","event":"action","runId":"ea63e095-7512-4c33-8f66-20199ec393fc","type":"challenge","rationale":"Disconfirm material conclusion: A primary source that directly contradicts this conclusion.","step":8,"t":"2026-09-18T01:26:26.717Z"}
{"level":"info","event":"action","runId":"ea63e095-7512-4c33-8f66-20199ec393fc","type":"challenge","rationale":"Disconfirm material conclusion: A primary source that directly contradicts this conclusion.","step":9,"t":"2026-09-18T01:26:26.740Z"}
{"level":"info","event":"action","runId":"ea63e095-7512-4c33-8f66-20199ec393fc","type":"challenge","rationale":"Disconfirm material conclusion: A primary source that directly contradicts this conclusion.","step":10,"t":"2026-09-18T01:26:26.764Z"}
{"level":"info","event":"action","runId":"ea63e095-7512-4c33-8f66-20199ec393fc","type":"challenge","rationale":"No counterexample found in accessed primary sources. This is not proof that the conclusion is true.","step":11,"t":"2026-09-18T01:26:26.789Z"}
{"level":"info","event":"action","runId":"ea63e095-7512-4c33-8f66-20199ec393fc","type":"stop","rationale":"Repeated searches returned no novel source family or coverage progress","step":12,"t":"2026-09-18T01:26:26.811Z"}
{"level":"info","event":"action","runId":"77bca168-65e9-4f71-af9e-315ab0a6fcc1","type":"search","rationale":"Investigate an uncovered required question","step":0,"t":"2026-09-18T01:26:27.304Z"}
{"level":"info","event":"action","runId":"77bca168-65e9-4f71-af9e-315ab0a6fcc1","type":"fetch","rationale":"Inspect an already-known source before another generic query","step":1,"t":"2026-09-18T01:26:27.341Z"}
{"level":"info","event":"action","runId":"77bca168-65e9-4f71-af9e-315ab0a6fcc1","type":"fetch","rationale":"Inspect an already-known source before another generic query","step":2,"t":"2026-09-18T01:26:27.367Z"}
{"level":"info","event":"action","runId":"77bca168-65e9-4f71-af9e-315ab0a6fcc1","type":"fetch","rationale":"Inspect an already-known source before another generic query","step":3,"t":"2026-09-18T01:26:27.387Z"}
{"level":"info","event":"action","runId":"77bca168-65e9-4f71-af9e-315ab0a6fcc1","type":"challenge","rationale":"Disconfirm material conclusion: A primary source that directly contradicts this conclusion.","step":4,"t":"2026-09-18T01:26:27.409Z"}
{"level":"info","event":"action","runId":"77bca168-65e9-4f71-af9e-315ab0a6fcc1","type":"challenge","rationale":"No counterexample found in accessed primary sources. This is not proof that the conclusion is true.","step":5,"t":"2026-09-18T01:26:27.430Z"}
{"level":"info","event":"action","runId":"77bca168-65e9-4f71-af9e-315ab0a6fcc1","type":"synthesize","rationale":"decision_critical_gaps_resolved_or_unresolvable; high-impact claims supported or qualified; contradictions handled; remaining actions low expected value","step":6,"t":"2026-09-18T01:26:27.448Z"}
 ✓ test/v6-deletion.integration.test.ts (9 tests) 2001ms
   ✓ W03 deletion removes raw attachments and private text from every owned research store  750ms
   ✓ W03 a challenges request authenticated before deletion cannot restore private content  440ms
{"level":"info","event":"action","runId":"2fdbc2f1-f82a-443f-b7d7-9beccce53e5d","type":"search","rationale":"Investigate an uncovered required question","step":0,"t":"2026-09-18T01:26:29.604Z"}
{"level":"info","event":"action","runId":"2fdbc2f1-f82a-443f-b7d7-9beccce53e5d","type":"stop","rationale":"action type reveal_keys is not a permitted research action","step":1,"t":"2026-09-18T01:26:29.632Z"}
{"level":"info","event":"action","runId":"3011c376-2877-461d-b038-d5f38232dc77","type":"search","rationale":"Investigate an uncovered required question","step":0,"t":"2026-09-18T01:26:30.487Z"}
{"level":"info","event":"action","runId":"3011c376-2877-461d-b038-d5f38232dc77","type":"search","rationale":"Decision-blocking gap: authoritative compatibility limitation. Switching source type to vendor-matrix.","step":1,"t":"2026-09-18T01:26:30.516Z"}
{"level":"info","event":"action","runId":"3011c376-2877-461d-b038-d5f38232dc77","type":"fetch","rationale":"Inspect the preferred source type (vendor-matrix) before more weak sources","step":2,"t":"2026-09-18T01:26:30.539Z"}
{"level":"info","event":"action","runId":"3011c376-2877-461d-b038-d5f38232dc77","type":"fetch","rationale":"Inspect an already-known source before another generic query","step":3,"t":"2026-09-18T01:26:30.562Z"}
{"level":"info","event":"action","runId":"3011c376-2877-461d-b038-d5f38232dc77","type":"fetch","rationale":"Inspect an already-known source before another generic query","step":4,"t":"2026-09-18T01:26:30.582Z"}
{"level":"info","event":"action","runId":"3011c376-2877-461d-b038-d5f38232dc77","type":"fetch","rationale":"Inspect an already-known source before another generic query","step":5,"t":"2026-09-18T01:26:30.603Z"}
{"level":"info","event":"action","runId":"3011c376-2877-461d-b038-d5f38232dc77","type":"verify","rationale":"Scope-check contradiction on compatibility before treating newest as correct","step":6,"t":"2026-09-18T01:26:30.624Z"}
{"level":"info","event":"action","runId":"3011c376-2877-461d-b038-d5f38232dc77","type":"challenge","rationale":"Disconfirm material conclusion: Official compatibility documentation that lists the named version as supported.","step":7,"t":"2026-09-18T01:26:30.644Z"}
{"level":"info","event":"action","runId":"3011c376-2877-461d-b038-d5f38232dc77","type":"challenge","rationale":"No counterexample found in accessed primary sources. This is not proof that the conclusion is true.","step":8,"t":"2026-09-18T01:26:30.668Z"}
{"level":"info","event":"action","runId":"3011c376-2877-461d-b038-d5f38232dc77","type":"synthesize","rationale":"decision_critical_gaps_resolved_or_unresolvable; high-impact claims supported or qualified; contradictions handled; remaining actions low expected value","step":9,"t":"2026-09-18T01:26:30.686Z"}
{"level":"info","event":"action","runId":"aa2c0c02-0784-4059-96e6-aaed8c0c0fb2","type":"search","rationale":"Investigate an uncovered required question","step":0,"t":"2026-09-18T01:26:31.542Z"}
{"level":"info","event":"action","runId":"aa2c0c02-0784-4059-96e6-aaed8c0c0fb2","type":"fetch","rationale":"Inspect an already-known source before another generic query","step":1,"t":"2026-09-18T01:26:31.572Z"}
{"level":"info","event":"action","runId":"aa2c0c02-0784-4059-96e6-aaed8c0c0fb2","type":"fetch","rationale":"Inspect an already-known source before another generic query","step":2,"t":"2026-09-18T01:26:31.589Z"}
{"level":"info","event":"action","runId":"aa2c0c02-0784-4059-96e6-aaed8c0c0fb2","type":"fetch","rationale":"Inspect an already-known source before another generic query","step":3,"t":"2026-09-18T01:26:31.612Z"}
{"level":"info","event":"action","runId":"aa2c0c02-0784-4059-96e6-aaed8c0c0fb2","type":"challenge","rationale":"Disconfirm material conclusion: A primary source that directly contradicts this conclusion.","step":4,"t":"2026-09-18T01:26:31.633Z"}
{"level":"info","event":"action","runId":"aa2c0c02-0784-4059-96e6-aaed8c0c0fb2","type":"challenge","rationale":"No counterexample found in accessed primary sources. This is not proof that the conclusion is true.","step":5,"t":"2026-09-18T01:26:31.653Z"}
{"level":"info","event":"action","runId":"aa2c0c02-0784-4059-96e6-aaed8c0c0fb2","type":"synthesize","rationale":"decision_critical_gaps_resolved_or_unresolvable; high-impact claims supported or qualified; contradictions handled; remaining actions low expected value","step":6,"t":"2026-09-18T01:26:31.666Z"}
{"level":"info","event":"action","runId":"cd68caa1-0120-411e-ac5e-990cc266caa4","type":"search","rationale":"Investigate an uncovered required question","step":0,"t":"2026-09-18T01:26:32.365Z"}
{"level":"info","event":"action","runId":"cd68caa1-0120-411e-ac5e-990cc266caa4","type":"search","rationale":"Investigate an uncovered required question","step":1,"t":"2026-09-18T01:26:32.405Z"}
{"level":"info","event":"action","runId":"e6029a43-df1f-435a-897c-1cc29e2ac9cf","type":"search","rationale":"Investigate an uncovered required question","step":0,"t":"2026-09-18T01:26:32.776Z"}
{"level":"info","event":"action","runId":"22a5182a-86a4-4048-a68b-a69ce5c2bad3","type":"search","rationale":"Investigate an uncovered required question","step":0,"t":"2026-09-18T01:26:33.141Z"}
{"level":"info","event":"action","runId":"469dcad7-0bbf-427b-83e0-ef4aa64c7a8b","type":"search","rationale":"Investigate an uncovered required question","step":0,"t":"2026-09-18T01:26:33.516Z"}
{"level":"info","event":"action","runId":"77fd5960-c83f-4a65-8c90-800eda4bdaca","type":"search","rationale":"Investigate an uncovered required question","step":0,"t":"2026-09-18T01:26:33.899Z"}
{"level":"info","event":"action","runId":"c616700c-7873-481e-8694-2e945e9cdc4b","type":"search","rationale":"Investigate an uncovered required question","step":0,"t":"2026-09-18T01:26:34.320Z"}
{"level":"info","event":"action","runId":"6ce5936b-1b4a-421b-a660-e9d1f81e3c96","type":"search","rationale":"Investigate an uncovered required question","step":0,"t":"2026-09-18T01:26:34.915Z"}
 ✓ test/controller-admission.integration.test.ts (11 tests) 6796ms
   ✓ controller admission on the fixture worker path > rejects injected privileged proposals and still inspects remaining sources  982ms
   ✓ controller admission on the fixture worker path > records a source-type pivot and stop reason for a compatibility gap  1072ms
   ✓ controller admission on the fixture worker path > unknown-dependency correction forces a full rerun  965ms
   ✓ controller admission on the fixture worker path > processRun records an issued live intent before the provider call for a well-formed search  467ms
   ✓ controller admission on the fixture worker path > does not count http_failure as a completed search  377ms
   ✓ controller admission on the fixture worker path > does not count unknown_cost as a completed search  365ms
   ✓ controller admission on the fixture worker path > does not count timeout as a completed search  379ms
   ✓ controller admission on the fixture worker path > does not count prior_attempt as a completed search  376ms
   ✓ controller admission on the fixture worker path > does not count prior_confirmed_attempt as a completed search  428ms
   ✓ controller admission on the fixture worker path > default run allowance blocks a larger provider reserve before any network call  584ms
   ✓ controller admission on the fixture worker path > issued then failed live intents still consume the reservation  515ms
{"level":"info","event":"action","runId":"53e23c3d-baa8-4b22-bf2f-5b62e28a7eee","type":"search","rationale":"Investigate an uncovered required question","step":0,"t":"2026-09-18T01:26:37.573Z"}
{"level":"info","event":"action","runId":"53e23c3d-baa8-4b22-bf2f-5b62e28a7eee","type":"fetch","rationale":"Inspect an already-known source before another generic query","step":1,"t":"2026-09-18T01:26:37.620Z"}
{"level":"info","event":"action","runId":"53e23c3d-baa8-4b22-bf2f-5b62e28a7eee","type":"fetch","rationale":"Inspect an already-known source before another generic query","step":2,"t":"2026-09-18T01:26:37.642Z"}
{"level":"info","event":"action","runId":"53e23c3d-baa8-4b22-bf2f-5b62e28a7eee","type":"fetch","rationale":"Inspect an already-known source before another generic query","step":3,"t":"2026-09-18T01:26:37.662Z"}
{"level":"info","event":"action","runId":"53e23c3d-baa8-4b22-bf2f-5b62e28a7eee","type":"fetch","rationale":"Inspect an already-known source before another generic query","step":4,"t":"2026-09-18T01:26:37.684Z"}
{"level":"info","event":"action","runId":"53e23c3d-baa8-4b22-bf2f-5b62e28a7eee","type":"fetch","rationale":"Inspect an already-known source before another generic query","step":5,"t":"2026-09-18T01:26:37.703Z"}
{"level":"info","event":"action","runId":"53e23c3d-baa8-4b22-bf2f-5b62e28a7eee","type":"challenge","rationale":"Disconfirm material conclusion: A primary source that directly contradicts this conclusion.","step":6,"t":"2026-09-18T01:26:37.725Z"}
{"level":"info","event":"action","runId":"53e23c3d-baa8-4b22-bf2f-5b62e28a7eee","type":"challenge","rationale":"No counterexample found in accessed primary sources. This is not proof that the conclusion is true.","step":7,"t":"2026-09-18T01:26:37.749Z"}
{"level":"info","event":"action","runId":"53e23c3d-baa8-4b22-bf2f-5b62e28a7eee","type":"synthesize","rationale":"decision_critical_gaps_resolved_or_unresolvable; high-impact claims supported or qualified; contradictions handled; remaining actions low expected value","step":8,"t":"2026-09-18T01:26:37.766Z"}
{"level":"info","event":"action","runId":"22b753b2-93be-446d-9757-ccef8d629816","type":"search","rationale":"Investigate an uncovered required question","step":0,"t":"2026-09-18T01:26:38.130Z"}
{"level":"info","event":"action","runId":"22b753b2-93be-446d-9757-ccef8d629816","type":"fetch","rationale":"Inspect an already-known source before another generic query","step":1,"t":"2026-09-18T01:26:38.156Z"}
{"level":"info","event":"action","runId":"22b753b2-93be-446d-9757-ccef8d629816","type":"fetch","rationale":"Inspect an already-known source before another generic query","step":2,"t":"2026-09-18T01:26:38.175Z"}
{"level":"info","event":"action","runId":"22b753b2-93be-446d-9757-ccef8d629816","type":"fetch","rationale":"Inspect an already-known source before another generic query","step":3,"t":"2026-09-18T01:26:38.194Z"}
{"level":"info","event":"action","runId":"22b753b2-93be-446d-9757-ccef8d629816","type":"fetch","rationale":"Inspect an already-known source before another generic query","step":4,"t":"2026-09-18T01:26:38.214Z"}
{"level":"info","event":"action","runId":"22b753b2-93be-446d-9757-ccef8d629816","type":"fetch","rationale":"Inspect an already-known source before another generic query","step":5,"t":"2026-09-18T01:26:38.232Z"}
{"level":"info","event":"action","runId":"22b753b2-93be-446d-9757-ccef8d629816","type":"challenge","rationale":"Disconfirm material conclusion: A primary source that directly contradicts this conclusion.","step":6,"t":"2026-09-18T01:26:38.251Z"}
{"level":"info","event":"action","runId":"22b753b2-93be-446d-9757-ccef8d629816","type":"challenge","rationale":"No counterexample found in accessed primary sources. This is not proof that the conclusion is true.","step":7,"t":"2026-09-18T01:26:38.271Z"}
{"level":"info","event":"action","runId":"22b753b2-93be-446d-9757-ccef8d629816","type":"synthesize","rationale":"decision_critical_gaps_resolved_or_unresolvable; high-impact claims supported or qualified; contradictions handled; remaining actions low expected value","step":8,"t":"2026-09-18T01:26:38.290Z"}
 ✓ test/g07-output.integration.test.ts (3 tests) 3109ms
   ✓ G07 / M10 in-app output reporting and privacy disclosure > GET /v1/settings exposes privacy disclosure and output-reporting categories; purchases stay gated  645ms
   ✓ G07 / M10 in-app output reporting and privacy disclosure > M10 includeExcerpt stores owned answer text; omitting it stores no excerpt; other accounts are denied  1635ms
   ✓ G07 / M10 in-app output reporting and privacy disclosure > restore purchases stays gated and grants no entitlement  542ms
 ✓ test/v6-publication.integration.test.ts (19 tests) 705ms
{"level":"info","event":"action","runId":"9f664803-970f-4a39-a42e-5a16a132f31a","type":"search","rationale":"Investigate an uncovered required question","step":0,"t":"2026-09-18T01:26:41.883Z"}
{"level":"info","event":"action","runId":"9f664803-970f-4a39-a42e-5a16a132f31a","type":"fetch","rationale":"Inspect an already-known source before another generic query","step":0,"t":"2026-09-18T01:26:41.960Z"}
{"level":"info","event":"action","runId":"9f664803-970f-4a39-a42e-5a16a132f31a","type":"fetch","rationale":"Inspect an already-known source before another generic query","step":1,"t":"2026-09-18T01:26:41.983Z"}
{"level":"info","event":"action","runId":"9f664803-970f-4a39-a42e-5a16a132f31a","type":"fetch","rationale":"Inspect an already-known source before another generic query","step":2,"t":"2026-09-18T01:26:42.005Z"}
{"level":"info","event":"action","runId":"9f664803-970f-4a39-a42e-5a16a132f31a","type":"challenge","rationale":"Disconfirm material conclusion: A primary source that directly contradicts this conclusion.","step":3,"t":"2026-09-18T01:26:42.037Z"}
{"level":"info","event":"action","runId":"9f664803-970f-4a39-a42e-5a16a132f31a","type":"challenge","rationale":"No counterexample found in accessed primary sources. This is not proof that the conclusion is true.","step":4,"t":"2026-09-18T01:26:42.061Z"}
{"level":"info","event":"action","runId":"9f664803-970f-4a39-a42e-5a16a132f31a","type":"synthesize","rationale":"decision_critical_gaps_resolved_or_unresolvable; high-impact claims supported or qualified; contradictions handled; remaining actions low expected value","step":5,"t":"2026-09-18T01:26:42.081Z"}
{"level":"info","event":"action","runId":"5f558202-61e6-49e9-98db-5dec1d92129b","type":"search","rationale":"Investigate an uncovered required question","step":0,"t":"2026-09-18T01:26:43.003Z"}
{"level":"info","event":"action","runId":"5f558202-61e6-49e9-98db-5dec1d92129b","type":"fetch","rationale":"Inspect an already-known source before another generic query","step":1,"t":"2026-09-18T01:26:43.036Z"}
{"level":"info","event":"action","runId":"5f558202-61e6-49e9-98db-5dec1d92129b","type":"fetch","rationale":"Inspect an already-known source before another generic query","step":2,"t":"2026-09-18T01:26:43.057Z"}
{"level":"info","event":"action","runId":"5f558202-61e6-49e9-98db-5dec1d92129b","type":"fetch","rationale":"Inspect an already-known source before another generic query","step":3,"t":"2026-09-18T01:26:43.074Z"}
{"level":"info","event":"action","runId":"5f558202-61e6-49e9-98db-5dec1d92129b","type":"challenge","rationale":"Disconfirm material conclusion: A primary source that directly contradicts this conclusion.","step":4,"t":"2026-09-18T01:26:43.097Z"}
{"level":"info","event":"action","runId":"5f558202-61e6-49e9-98db-5dec1d92129b","type":"challenge","rationale":"No counterexample found in accessed primary sources. This is not proof that the conclusion is true.","step":5,"t":"2026-09-18T01:26:43.116Z"}
{"level":"info","event":"action","runId":"5f558202-61e6-49e9-98db-5dec1d92129b","type":"synthesize","rationale":"decision_critical_gaps_resolved_or_unresolvable; high-impact claims supported or qualified; contradictions handled; remaining actions low expected value","step":6,"t":"2026-09-18T01:26:43.131Z"}
{"level":"info","event":"action","runId":"5f558202-61e6-49e9-98db-5dec1d92129b","type":"synthesize","rationale":"decision_critical_gaps_resolved_or_unresolvable; high-impact claims supported or qualified; contradictions handled; remaining actions low expected value","step":0,"t":"2026-09-18T01:26:43.370Z"}
 ✓ test/p4-recovery.integration.test.ts (2 tests) 2738ms
   ✓ P4 recovery drill against shipped worker/Postgres > crash after fetch: evidence kept, live lease not stolen, expired lease recovered without double-settle  1204ms
   ✓ P4 recovery drill against shipped worker/Postgres > crash before publish then expired-lease failover: one report and one settlement  1238ms
{"level":"info","event":"action","runId":"7281fce5-8d39-44c1-aaf1-b367ed07fab8","type":"search","rationale":"Investigate an uncovered required question","step":0,"t":"2026-09-18T01:26:45.558Z"}
{"level":"info","event":"action","runId":"7281fce5-8d39-44c1-aaf1-b367ed07fab8","type":"fetch","rationale":"Inspect an already-known source before another generic query","step":1,"t":"2026-09-18T01:26:45.598Z"}
{"level":"info","event":"action","runId":"7281fce5-8d39-44c1-aaf1-b367ed07fab8","type":"fetch","rationale":"Inspect an already-known source before another generic query","step":2,"t":"2026-09-18T01:26:45.620Z"}
{"level":"info","event":"action","runId":"7281fce5-8d39-44c1-aaf1-b367ed07fab8","type":"fetch","rationale":"Inspect an already-known source before another generic query","step":3,"t":"2026-09-18T01:26:45.640Z"}
{"level":"info","event":"action","runId":"7281fce5-8d39-44c1-aaf1-b367ed07fab8","type":"challenge","rationale":"Disconfirm material conclusion: A primary source that directly contradicts this conclusion.","step":4,"t":"2026-09-18T01:26:45.665Z"}
{"level":"info","event":"action","runId":"7281fce5-8d39-44c1-aaf1-b367ed07fab8","type":"challenge","rationale":"No counterexample found in accessed primary sources. This is not proof that the conclusion is true.","step":5,"t":"2026-09-18T01:26:45.687Z"}
{"level":"info","event":"action","runId":"7281fce5-8d39-44c1-aaf1-b367ed07fab8","type":"synthesize","rationale":"decision_critical_gaps_resolved_or_unresolvable; high-impact claims supported or qualified; contradictions handled; remaining actions low expected value","step":6,"t":"2026-09-18T01:26:45.704Z"}
 ✓ test/g06-cost.integration.test.ts (2 tests) 1794ms
   ✓ G06 local capability probe and measured fixture cost > GET /v1/routes/capabilities pins fixture tariffs and does not enable a live paid probe  649ms
   ✓ G06 local capability probe and measured fixture cost > GET /v1/runs/:id/cost reconciles spent_micro to fixture intents and denies other accounts  859ms
 ✓ test/v6-identity.integration.test.ts (3 tests) 524ms
 ✓ test/v6-ingestion.integration.test.ts (1 test) 247ms
 ✓ test/research-strategy.integration.test.ts (1 test) 542ms
 ✓ test/v6-upload.integration.test.ts (2 tests) 372ms
 ✓ test/pinned-http.integration.test.ts (3 tests) 101ms

 Test Files  19 passed (19)
      Tests  328 passed (328)
   Start at  19:21:58
   Duration  291.56s (transform 1.41s, setup 0ms, collect 7.36s, tests 279.75s, environment 5ms, prepare 1.63s)

