
> deep-research-mobile@0.1.0 test:integration /home/oranolio/Desktop/Deep
> pnpm --filter @deep/backend test:integration


> @deep/backend@0.1.0 test:integration /home/oranolio/Desktop/Deep/apps/backend
> vitest run --config vitest.integration.config.ts


 RUN  v3.2.7 /home/oranolio/Desktop/Deep/apps/backend

 ✓ test/v6-execution.integration.test.ts (22 tests) 905ms
{"level":"info","event":"action","runId":"99cc7041-b95a-4a31-8fdf-4b4809cc31be","type":"search","rationale":"Investigate an uncovered required question","step":0,"t":"2026-09-17T20:00:24.066Z"}
{"level":"info","event":"action","runId":"99cc7041-b95a-4a31-8fdf-4b4809cc31be","type":"fetch","rationale":"Inspect an already-known source before another generic query","step":1,"t":"2026-09-17T20:00:24.110Z"}
{"level":"info","event":"action","runId":"99cc7041-b95a-4a31-8fdf-4b4809cc31be","type":"fetch","rationale":"Inspect an already-known source before another generic query","step":2,"t":"2026-09-17T20:00:24.132Z"}
{"level":"info","event":"action","runId":"99cc7041-b95a-4a31-8fdf-4b4809cc31be","type":"fetch","rationale":"Inspect an already-known source before another generic query","step":3,"t":"2026-09-17T20:00:24.153Z"}
{"level":"info","event":"action","runId":"99cc7041-b95a-4a31-8fdf-4b4809cc31be","type":"challenge","rationale":"Disconfirm material conclusion: A primary source that directly contradicts this conclusion.","step":4,"t":"2026-09-17T20:00:24.181Z"}
{"level":"info","event":"action","runId":"99cc7041-b95a-4a31-8fdf-4b4809cc31be","type":"challenge","rationale":"No counterexample found in accessed primary sources. This is not proof that the conclusion is true.","step":5,"t":"2026-09-17T20:00:24.205Z"}
{"level":"info","event":"action","runId":"99cc7041-b95a-4a31-8fdf-4b4809cc31be","type":"synthesize","rationale":"decision_critical_gaps_resolved_or_unresolvable; high-impact claims supported or qualified; contradictions handled; remaining actions low expected value","step":6,"t":"2026-09-17T20:00:24.222Z"}
{"level":"info","event":"action","runId":"278a02c5-9110-4814-9c1c-692f7a2728a3","type":"search","rationale":"Investigate an uncovered required question","step":0,"t":"2026-09-17T20:00:24.776Z"}
{"level":"info","event":"action","runId":"278a02c5-9110-4814-9c1c-692f7a2728a3","type":"fetch","rationale":"Inspect an already-known source before another generic query","step":1,"t":"2026-09-17T20:00:24.803Z"}
{"level":"info","event":"action","runId":"278a02c5-9110-4814-9c1c-692f7a2728a3","type":"fetch","rationale":"Inspect an already-known source before another generic query","step":2,"t":"2026-09-17T20:00:24.822Z"}
{"level":"info","event":"action","runId":"278a02c5-9110-4814-9c1c-692f7a2728a3","type":"challenge","rationale":"Disconfirm material conclusion: A primary source that directly contradicts this conclusion.","step":3,"t":"2026-09-17T20:00:24.840Z"}
{"level":"info","event":"action","runId":"278a02c5-9110-4814-9c1c-692f7a2728a3","type":"challenge","rationale":"No counterexample found in accessed primary sources. This is not proof that the conclusion is true.","step":4,"t":"2026-09-17T20:00:24.859Z"}
{"level":"info","event":"action","runId":"278a02c5-9110-4814-9c1c-692f7a2728a3","type":"synthesize","rationale":"decision_critical_gaps_resolved_or_unresolvable; high-impact claims supported or qualified; contradictions handled; remaining actions low expected value","step":5,"t":"2026-09-17T20:00:24.874Z"}
{"level":"info","event":"action","runId":"418fa773-9ee5-4d6b-8a06-f5c5a6a2d76e","type":"search","rationale":"Investigate an uncovered required question","step":0,"t":"2026-09-17T20:00:25.369Z"}
{"level":"info","event":"action","runId":"418fa773-9ee5-4d6b-8a06-f5c5a6a2d76e","type":"fetch","rationale":"Inspect an already-known source before another generic query","step":1,"t":"2026-09-17T20:00:25.403Z"}
{"level":"info","event":"action","runId":"418fa773-9ee5-4d6b-8a06-f5c5a6a2d76e","type":"fetch","rationale":"Inspect an already-known source before another generic query","step":2,"t":"2026-09-17T20:00:25.423Z"}
{"level":"info","event":"action","runId":"418fa773-9ee5-4d6b-8a06-f5c5a6a2d76e","type":"fetch","rationale":"Inspect an already-known source before another generic query","step":3,"t":"2026-09-17T20:00:25.441Z"}
{"level":"info","event":"action","runId":"418fa773-9ee5-4d6b-8a06-f5c5a6a2d76e","type":"challenge","rationale":"Disconfirm material conclusion: A primary source that directly contradicts this conclusion.","step":4,"t":"2026-09-17T20:00:25.461Z"}
{"level":"info","event":"action","runId":"418fa773-9ee5-4d6b-8a06-f5c5a6a2d76e","type":"challenge","rationale":"No counterexample found in accessed primary sources. This is not proof that the conclusion is true.","step":5,"t":"2026-09-17T20:00:25.480Z"}
{"level":"info","event":"action","runId":"418fa773-9ee5-4d6b-8a06-f5c5a6a2d76e","type":"synthesize","rationale":"decision_critical_gaps_resolved_or_unresolvable; high-impact claims supported or qualified; contradictions handled; remaining actions low expected value","step":6,"t":"2026-09-17T20:00:25.493Z"}
{"level":"info","event":"action","runId":"e36f4ee2-320c-4636-8658-594f033d73cc","type":"search","rationale":"Investigate an uncovered required question","step":0,"t":"2026-09-17T20:00:26.041Z"}
{"level":"info","event":"action","runId":"e36f4ee2-320c-4636-8658-594f033d73cc","type":"fetch","rationale":"Inspect an already-known source before another generic query","step":1,"t":"2026-09-17T20:00:26.062Z"}
{"level":"info","event":"action","runId":"e36f4ee2-320c-4636-8658-594f033d73cc","type":"fetch","rationale":"Inspect an already-known source before another generic query","step":2,"t":"2026-09-17T20:00:26.079Z"}
{"level":"info","event":"action","runId":"e36f4ee2-320c-4636-8658-594f033d73cc","type":"challenge","rationale":"Disconfirm material conclusion: A primary source that directly contradicts this conclusion.","step":3,"t":"2026-09-17T20:00:26.094Z"}
{"level":"info","event":"action","runId":"e36f4ee2-320c-4636-8658-594f033d73cc","type":"challenge","rationale":"No counterexample found in accessed primary sources. This is not proof that the conclusion is true.","step":4,"t":"2026-09-17T20:00:26.111Z"}
{"level":"info","event":"action","runId":"e36f4ee2-320c-4636-8658-594f033d73cc","type":"synthesize","rationale":"decision_critical_gaps_resolved_or_unresolvable; high-impact claims supported or qualified; contradictions handled; remaining actions low expected value","step":5,"t":"2026-09-17T20:00:26.123Z"}
{"level":"info","event":"action","runId":"01d85e4d-942c-45e2-959b-056935ff70b4","type":"search","rationale":"Investigate an uncovered required question","step":0,"t":"2026-09-17T20:00:26.622Z"}
{"level":"info","event":"action","runId":"01d85e4d-942c-45e2-959b-056935ff70b4","type":"fetch","rationale":"Inspect an already-known source before another generic query","step":1,"t":"2026-09-17T20:00:26.642Z"}
{"level":"info","event":"action","runId":"01d85e4d-942c-45e2-959b-056935ff70b4","type":"challenge","rationale":"Disconfirm material conclusion: A primary source that directly contradicts this conclusion.","step":2,"t":"2026-09-17T20:00:26.657Z"}
{"level":"info","event":"action","runId":"01d85e4d-942c-45e2-959b-056935ff70b4","type":"challenge","rationale":"No counterexample found in accessed primary sources. This is not proof that the conclusion is true.","step":3,"t":"2026-09-17T20:00:26.673Z"}
{"level":"info","event":"action","runId":"01d85e4d-942c-45e2-959b-056935ff70b4","type":"synthesize","rationale":"decision_critical_gaps_resolved_or_unresolvable; high-impact claims supported or qualified; contradictions handled; remaining actions low expected value","step":4,"t":"2026-09-17T20:00:26.687Z"}
{"level":"info","event":"action","runId":"afdf40a3-f79b-42fb-b12d-2afd62d8ba2b","type":"search","rationale":"Investigate an uncovered required question","step":0,"t":"2026-09-17T20:00:27.208Z"}
{"level":"info","event":"action","runId":"afdf40a3-f79b-42fb-b12d-2afd62d8ba2b","type":"fetch","rationale":"Inspect an already-known source before another generic query","step":1,"t":"2026-09-17T20:00:27.233Z"}
{"level":"info","event":"action","runId":"afdf40a3-f79b-42fb-b12d-2afd62d8ba2b","type":"fetch","rationale":"Inspect an already-known source before another generic query","step":2,"t":"2026-09-17T20:00:27.250Z"}
{"level":"info","event":"action","runId":"afdf40a3-f79b-42fb-b12d-2afd62d8ba2b","type":"fetch","rationale":"Inspect an already-known source before another generic query","step":3,"t":"2026-09-17T20:00:27.266Z"}
{"level":"info","event":"action","runId":"afdf40a3-f79b-42fb-b12d-2afd62d8ba2b","type":"challenge","rationale":"Disconfirm material conclusion: A primary source that directly contradicts this conclusion.","step":4,"t":"2026-09-17T20:00:27.286Z"}
{"level":"info","event":"action","runId":"afdf40a3-f79b-42fb-b12d-2afd62d8ba2b","type":"challenge","rationale":"No counterexample found in accessed primary sources. This is not proof that the conclusion is true.","step":5,"t":"2026-09-17T20:00:27.301Z"}
{"level":"info","event":"action","runId":"afdf40a3-f79b-42fb-b12d-2afd62d8ba2b","type":"synthesize","rationale":"decision_critical_gaps_resolved_or_unresolvable; high-impact claims supported or qualified; contradictions handled; remaining actions low expected value","step":6,"t":"2026-09-17T20:00:27.313Z"}
{"level":"info","event":"action","runId":"9f71fab2-4fdc-454d-bce0-dc80abd6978e","type":"search","rationale":"Investigate an uncovered required question","step":0,"t":"2026-09-17T20:00:27.835Z"}
{"level":"info","event":"action","runId":"9f71fab2-4fdc-454d-bce0-dc80abd6978e","type":"fetch","rationale":"Inspect an already-known source before another generic query","step":1,"t":"2026-09-17T20:00:27.861Z"}
{"level":"info","event":"action","runId":"9f71fab2-4fdc-454d-bce0-dc80abd6978e","type":"fetch","rationale":"Inspect an already-known source before another generic query","step":2,"t":"2026-09-17T20:00:27.876Z"}
{"level":"info","event":"action","runId":"9f71fab2-4fdc-454d-bce0-dc80abd6978e","type":"fetch","rationale":"Inspect an already-known source before another generic query","step":3,"t":"2026-09-17T20:00:27.892Z"}
{"level":"info","event":"action","runId":"9f71fab2-4fdc-454d-bce0-dc80abd6978e","type":"fetch","rationale":"Inspect an already-known source before another generic query","step":4,"t":"2026-09-17T20:00:27.909Z"}
{"level":"info","event":"action","runId":"9f71fab2-4fdc-454d-bce0-dc80abd6978e","type":"fetch","rationale":"Inspect an already-known source before another generic query","step":5,"t":"2026-09-17T20:00:27.924Z"}
{"level":"info","event":"action","runId":"9f71fab2-4fdc-454d-bce0-dc80abd6978e","type":"challenge","rationale":"Disconfirm material conclusion: A primary source that directly contradicts this conclusion.","step":6,"t":"2026-09-17T20:00:27.939Z"}
{"level":"info","event":"action","runId":"9f71fab2-4fdc-454d-bce0-dc80abd6978e","type":"challenge","rationale":"No counterexample found in accessed primary sources. This is not proof that the conclusion is true.","step":7,"t":"2026-09-17T20:00:27.962Z"}
{"level":"info","event":"action","runId":"9f71fab2-4fdc-454d-bce0-dc80abd6978e","type":"synthesize","rationale":"decision_critical_gaps_resolved_or_unresolvable; high-impact claims supported or qualified; contradictions handled; remaining actions low expected value","step":8,"t":"2026-09-17T20:00:27.989Z"}
{"level":"info","event":"action","runId":"16e60e8e-e4bd-4d9b-9a4b-535cd24fc7ea","type":"challenge","rationale":"Disconfirm material conclusion: A primary source that directly contradicts this conclusion.","step":0,"t":"2026-09-17T20:00:28.504Z"}
{"level":"info","event":"action","runId":"16e60e8e-e4bd-4d9b-9a4b-535cd24fc7ea","type":"fetch","rationale":"Inspect an already-known source before another generic query","step":1,"t":"2026-09-17T20:00:28.530Z"}
{"level":"info","event":"action","runId":"16e60e8e-e4bd-4d9b-9a4b-535cd24fc7ea","type":"fetch","rationale":"Inspect an already-known source before another generic query","step":2,"t":"2026-09-17T20:00:28.544Z"}
{"level":"info","event":"action","runId":"16e60e8e-e4bd-4d9b-9a4b-535cd24fc7ea","type":"fetch","rationale":"Inspect an already-known source before another generic query","step":3,"t":"2026-09-17T20:00:28.559Z"}
{"level":"info","event":"action","runId":"16e60e8e-e4bd-4d9b-9a4b-535cd24fc7ea","type":"challenge","rationale":"No counterexample found in accessed primary sources. This is not proof that the conclusion is true.","step":4,"t":"2026-09-17T20:00:28.578Z"}
{"level":"info","event":"action","runId":"16e60e8e-e4bd-4d9b-9a4b-535cd24fc7ea","type":"synthesize","rationale":"decision_critical_gaps_resolved_or_unresolvable; high-impact claims supported or qualified; contradictions handled; remaining actions low expected value","step":5,"t":"2026-09-17T20:00:28.591Z"}
{"level":"info","event":"action","runId":"3e0a27b4-0a34-4aa9-a5ad-387a3f8fdd64","type":"search","rationale":"Investigate an uncovered required question","step":0,"t":"2026-09-17T20:00:29.127Z"}
{"level":"info","event":"action","runId":"3e0a27b4-0a34-4aa9-a5ad-387a3f8fdd64","type":"fetch","rationale":"Inspect an already-known source before another generic query","step":1,"t":"2026-09-17T20:00:29.148Z"}
{"level":"info","event":"action","runId":"3e0a27b4-0a34-4aa9-a5ad-387a3f8fdd64","type":"fetch","rationale":"Inspect an already-known source before another generic query","step":2,"t":"2026-09-17T20:00:29.163Z"}
{"level":"info","event":"action","runId":"3e0a27b4-0a34-4aa9-a5ad-387a3f8fdd64","type":"fetch","rationale":"Inspect an already-known source before another generic query","step":3,"t":"2026-09-17T20:00:29.177Z"}
{"level":"info","event":"action","runId":"3e0a27b4-0a34-4aa9-a5ad-387a3f8fdd64","type":"challenge","rationale":"Disconfirm material conclusion: A hard-constraint violation for a candidate currently marked eligible.","step":4,"t":"2026-09-17T20:00:29.193Z"}
{"level":"info","event":"action","runId":"3e0a27b4-0a34-4aa9-a5ad-387a3f8fdd64","type":"challenge","rationale":"No counterexample found in accessed primary sources. This is not proof that the conclusion is true.","step":5,"t":"2026-09-17T20:00:29.209Z"}
{"level":"info","event":"action","runId":"3e0a27b4-0a34-4aa9-a5ad-387a3f8fdd64","type":"synthesize","rationale":"decision_critical_gaps_resolved_or_unresolvable; high-impact claims supported or qualified; contradictions handled; remaining actions low expected value","step":6,"t":"2026-09-17T20:00:29.225Z"}
{"level":"info","event":"action","runId":"70203fab-8931-4df9-9ca5-de98e20c95dc","type":"search","rationale":"Investigate an uncovered required question","step":0,"t":"2026-09-17T20:00:29.720Z"}
{"level":"info","event":"action","runId":"70203fab-8931-4df9-9ca5-de98e20c95dc","type":"fetch","rationale":"Inspect an already-known source before another generic query","step":1,"t":"2026-09-17T20:00:29.741Z"}
{"level":"info","event":"action","runId":"70203fab-8931-4df9-9ca5-de98e20c95dc","type":"fetch","rationale":"Inspect an already-known source before another generic query","step":2,"t":"2026-09-17T20:00:29.755Z"}
{"level":"info","event":"action","runId":"70203fab-8931-4df9-9ca5-de98e20c95dc","type":"fetch","rationale":"Inspect an already-known source before another generic query","step":3,"t":"2026-09-17T20:00:29.769Z"}
{"level":"info","event":"action","runId":"70203fab-8931-4df9-9ca5-de98e20c95dc","type":"challenge","rationale":"Disconfirm material conclusion: A hard-constraint violation for a candidate currently marked eligible.","step":4,"t":"2026-09-17T20:00:29.785Z"}
{"level":"info","event":"action","runId":"70203fab-8931-4df9-9ca5-de98e20c95dc","type":"challenge","rationale":"No counterexample found in accessed primary sources. This is not proof that the conclusion is true.","step":5,"t":"2026-09-17T20:00:29.800Z"}
{"level":"info","event":"action","runId":"70203fab-8931-4df9-9ca5-de98e20c95dc","type":"synthesize","rationale":"decision_critical_gaps_resolved_or_unresolvable; high-impact claims supported or qualified; contradictions handled; remaining actions low expected value","step":6,"t":"2026-09-17T20:00:29.818Z"}
{"level":"info","event":"action","runId":"9aef23ef-41e3-4705-8d82-c07541d5605a","type":"search","rationale":"Investigate an uncovered required question","step":0,"t":"2026-09-17T20:00:30.097Z"}
{"level":"info","event":"action","runId":"9aef23ef-41e3-4705-8d82-c07541d5605a","type":"fetch","rationale":"Inspect an already-known source before another generic query","step":1,"t":"2026-09-17T20:00:30.113Z"}
{"level":"info","event":"action","runId":"9aef23ef-41e3-4705-8d82-c07541d5605a","type":"fetch","rationale":"Inspect an already-known source before another generic query","step":2,"t":"2026-09-17T20:00:30.128Z"}
{"level":"info","event":"action","runId":"9aef23ef-41e3-4705-8d82-c07541d5605a","type":"fetch","rationale":"Inspect an already-known source before another generic query","step":3,"t":"2026-09-17T20:00:30.144Z"}
{"level":"info","event":"action","runId":"9aef23ef-41e3-4705-8d82-c07541d5605a","type":"challenge","rationale":"Disconfirm material conclusion: A hard-constraint violation for a candidate currently marked eligible.","step":4,"t":"2026-09-17T20:00:30.159Z"}
{"level":"info","event":"action","runId":"9aef23ef-41e3-4705-8d82-c07541d5605a","type":"challenge","rationale":"Disconfirm material conclusion: A hard-constraint violation for a candidate currently marked eligible.","step":5,"t":"2026-09-17T20:00:30.174Z"}
{"level":"info","event":"action","runId":"9aef23ef-41e3-4705-8d82-c07541d5605a","type":"challenge","rationale":"Disconfirm material conclusion: A hard-constraint violation for a candidate currently marked eligible.","step":6,"t":"2026-09-17T20:00:30.190Z"}
{"level":"info","event":"action","runId":"9aef23ef-41e3-4705-8d82-c07541d5605a","type":"challenge","rationale":"Disconfirm material conclusion: A hard-constraint violation for a candidate currently marked eligible.","step":7,"t":"2026-09-17T20:00:30.206Z"}
{"level":"info","event":"action","runId":"9aef23ef-41e3-4705-8d82-c07541d5605a","type":"challenge","rationale":"Disconfirm material conclusion: A hard-constraint violation for a candidate currently marked eligible.","step":8,"t":"2026-09-17T20:00:30.222Z"}
{"level":"info","event":"action","runId":"9aef23ef-41e3-4705-8d82-c07541d5605a","type":"challenge","rationale":"Disconfirm material conclusion: A hard-constraint violation for a candidate currently marked eligible.","step":9,"t":"2026-09-17T20:00:30.237Z"}
{"level":"info","event":"action","runId":"9aef23ef-41e3-4705-8d82-c07541d5605a","type":"challenge","rationale":"Disconfirm material conclusion: A hard-constraint violation for a candidate currently marked eligible.","step":10,"t":"2026-09-17T20:00:30.253Z"}
{"level":"info","event":"action","runId":"9aef23ef-41e3-4705-8d82-c07541d5605a","type":"challenge","rationale":"No counterexample found in accessed primary sources. This is not proof that the conclusion is true.","step":11,"t":"2026-09-17T20:00:30.269Z"}
{"level":"info","event":"action","runId":"9aef23ef-41e3-4705-8d82-c07541d5605a","type":"stop","rationale":"Repeated searches returned no novel source family or coverage progress","step":12,"t":"2026-09-17T20:00:30.282Z"}
{"level":"info","event":"action","runId":"dd2b1c21-f49b-40e6-b2e6-4e8a0606be26","type":"search","rationale":"Investigate an uncovered required question","step":0,"t":"2026-09-17T20:00:30.796Z"}
{"level":"info","event":"action","runId":"dd2b1c21-f49b-40e6-b2e6-4e8a0606be26","type":"fetch","rationale":"Inspect an already-known source before another generic query","step":1,"t":"2026-09-17T20:00:30.816Z"}
{"level":"info","event":"action","runId":"dd2b1c21-f49b-40e6-b2e6-4e8a0606be26","type":"fetch","rationale":"Inspect an already-known source before another generic query","step":2,"t":"2026-09-17T20:00:30.832Z"}
{"level":"info","event":"action","runId":"dd2b1c21-f49b-40e6-b2e6-4e8a0606be26","type":"fetch","rationale":"Inspect an already-known source before another generic query","step":3,"t":"2026-09-17T20:00:30.847Z"}
{"level":"info","event":"action","runId":"dd2b1c21-f49b-40e6-b2e6-4e8a0606be26","type":"challenge","rationale":"Disconfirm material conclusion: A hard-constraint violation for a candidate currently marked eligible.","step":4,"t":"2026-09-17T20:00:30.864Z"}
{"level":"info","event":"action","runId":"dd2b1c21-f49b-40e6-b2e6-4e8a0606be26","type":"challenge","rationale":"No counterexample found in accessed primary sources. This is not proof that the conclusion is true.","step":5,"t":"2026-09-17T20:00:30.880Z"}
{"level":"info","event":"action","runId":"dd2b1c21-f49b-40e6-b2e6-4e8a0606be26","type":"synthesize","rationale":"decision_critical_gaps_resolved_or_unresolvable; high-impact claims supported or qualified; contradictions handled; remaining actions low expected value","step":6,"t":"2026-09-17T20:00:30.893Z"}
{"level":"info","event":"action","runId":"c777b72b-4693-4d9f-ad78-f16739252e0c","type":"search","rationale":"Investigate an uncovered required question","step":0,"t":"2026-09-17T20:00:31.155Z"}
{"level":"info","event":"action","runId":"c777b72b-4693-4d9f-ad78-f16739252e0c","type":"fetch","rationale":"Inspect an already-known source before another generic query","step":1,"t":"2026-09-17T20:00:31.172Z"}
{"level":"info","event":"action","runId":"c777b72b-4693-4d9f-ad78-f16739252e0c","type":"fetch","rationale":"Inspect an already-known source before another generic query","step":2,"t":"2026-09-17T20:00:31.186Z"}
{"level":"info","event":"action","runId":"c777b72b-4693-4d9f-ad78-f16739252e0c","type":"fetch","rationale":"Inspect an already-known source before another generic query","step":3,"t":"2026-09-17T20:00:31.200Z"}
{"level":"info","event":"action","runId":"c777b72b-4693-4d9f-ad78-f16739252e0c","type":"challenge","rationale":"Disconfirm material conclusion: A hard-constraint violation for a candidate currently marked eligible.","step":4,"t":"2026-09-17T20:00:31.215Z"}
{"level":"info","event":"action","runId":"c777b72b-4693-4d9f-ad78-f16739252e0c","type":"challenge","rationale":"Disconfirm material conclusion: A hard-constraint violation for a candidate currently marked eligible.","step":5,"t":"2026-09-17T20:00:31.231Z"}
{"level":"info","event":"action","runId":"c777b72b-4693-4d9f-ad78-f16739252e0c","type":"challenge","rationale":"Disconfirm material conclusion: A hard-constraint violation for a candidate currently marked eligible.","step":6,"t":"2026-09-17T20:00:31.246Z"}
{"level":"info","event":"action","runId":"c777b72b-4693-4d9f-ad78-f16739252e0c","type":"challenge","rationale":"Disconfirm material conclusion: A hard-constraint violation for a candidate currently marked eligible.","step":7,"t":"2026-09-17T20:00:31.259Z"}
{"level":"info","event":"action","runId":"c777b72b-4693-4d9f-ad78-f16739252e0c","type":"challenge","rationale":"Disconfirm material conclusion: A hard-constraint violation for a candidate currently marked eligible.","step":8,"t":"2026-09-17T20:00:31.275Z"}
{"level":"info","event":"action","runId":"c777b72b-4693-4d9f-ad78-f16739252e0c","type":"challenge","rationale":"Disconfirm material conclusion: A hard-constraint violation for a candidate currently marked eligible.","step":9,"t":"2026-09-17T20:00:31.289Z"}
{"level":"info","event":"action","runId":"c777b72b-4693-4d9f-ad78-f16739252e0c","type":"challenge","rationale":"Disconfirm material conclusion: A hard-constraint violation for a candidate currently marked eligible.","step":10,"t":"2026-09-17T20:00:31.304Z"}
{"level":"info","event":"action","runId":"c777b72b-4693-4d9f-ad78-f16739252e0c","type":"challenge","rationale":"No counterexample found in accessed primary sources. This is not proof that the conclusion is true.","step":11,"t":"2026-09-17T20:00:31.317Z"}
{"level":"info","event":"action","runId":"c777b72b-4693-4d9f-ad78-f16739252e0c","type":"stop","rationale":"Repeated searches returned no novel source family or coverage progress","step":12,"t":"2026-09-17T20:00:31.327Z"}
{"level":"info","event":"action","runId":"359bda7e-ad20-4ef7-b927-6d8f9d1fffa6","type":"challenge","rationale":"Disconfirm material conclusion: A primary source that directly contradicts this conclusion.","step":0,"t":"2026-09-17T20:00:31.826Z"}
{"level":"info","event":"action","runId":"359bda7e-ad20-4ef7-b927-6d8f9d1fffa6","type":"fetch","rationale":"Inspect an already-known source before another generic query","step":1,"t":"2026-09-17T20:00:31.850Z"}
{"level":"info","event":"action","runId":"359bda7e-ad20-4ef7-b927-6d8f9d1fffa6","type":"fetch","rationale":"Inspect an already-known source before another generic query","step":2,"t":"2026-09-17T20:00:31.866Z"}
{"level":"info","event":"action","runId":"359bda7e-ad20-4ef7-b927-6d8f9d1fffa6","type":"fetch","rationale":"Inspect an already-known source before another generic query","step":3,"t":"2026-09-17T20:00:31.882Z"}
{"level":"info","event":"action","runId":"359bda7e-ad20-4ef7-b927-6d8f9d1fffa6","type":"challenge","rationale":"No counterexample found in accessed primary sources. This is not proof that the conclusion is true.","step":4,"t":"2026-09-17T20:00:31.900Z"}
{"level":"info","event":"action","runId":"359bda7e-ad20-4ef7-b927-6d8f9d1fffa6","type":"synthesize","rationale":"decision_critical_gaps_resolved_or_unresolvable; high-impact claims supported or qualified; contradictions handled; remaining actions low expected value","step":5,"t":"2026-09-17T20:00:31.913Z"}
{"level":"info","event":"action","runId":"27691a10-87e7-4414-9fab-f91c404d261c","type":"search","rationale":"Investigate an uncovered required question","step":0,"t":"2026-09-17T20:00:32.446Z"}
{"level":"info","event":"action","runId":"27691a10-87e7-4414-9fab-f91c404d261c","type":"fetch","rationale":"Inspect an already-known source before another generic query","step":1,"t":"2026-09-17T20:00:32.471Z"}
{"level":"info","event":"action","runId":"27691a10-87e7-4414-9fab-f91c404d261c","type":"fetch","rationale":"Inspect an already-known source before another generic query","step":2,"t":"2026-09-17T20:00:32.485Z"}
{"level":"info","event":"action","runId":"27691a10-87e7-4414-9fab-f91c404d261c","type":"fetch","rationale":"Inspect an already-known source before another generic query","step":3,"t":"2026-09-17T20:00:32.502Z"}
{"level":"info","event":"action","runId":"27691a10-87e7-4414-9fab-f91c404d261c","type":"challenge","rationale":"Disconfirm material conclusion: A primary source that directly contradicts this conclusion.","step":4,"t":"2026-09-17T20:00:32.521Z"}
{"level":"info","event":"action","runId":"27691a10-87e7-4414-9fab-f91c404d261c","type":"challenge","rationale":"No counterexample found in accessed primary sources. This is not proof that the conclusion is true.","step":5,"t":"2026-09-17T20:00:32.537Z"}
{"level":"info","event":"action","runId":"27691a10-87e7-4414-9fab-f91c404d261c","type":"synthesize","rationale":"decision_critical_gaps_resolved_or_unresolvable; high-impact claims supported or qualified; contradictions handled; remaining actions low expected value","step":6,"t":"2026-09-17T20:00:32.548Z"}
{"level":"info","event":"action","runId":"6c5f3413-49c7-452e-90be-a0cce0ec96c0","type":"search","rationale":"Investigate an uncovered required question","step":0,"t":"2026-09-17T20:00:33.051Z"}
{"level":"info","event":"action","runId":"6c5f3413-49c7-452e-90be-a0cce0ec96c0","type":"fetch","rationale":"Inspect an already-known source before another generic query","step":1,"t":"2026-09-17T20:00:33.081Z"}
{"level":"info","event":"action","runId":"6c5f3413-49c7-452e-90be-a0cce0ec96c0","type":"fetch","rationale":"Inspect an already-known source before another generic query","step":2,"t":"2026-09-17T20:00:33.095Z"}
{"level":"info","event":"action","runId":"6c5f3413-49c7-452e-90be-a0cce0ec96c0","type":"fetch","rationale":"Inspect an already-known source before another generic query","step":3,"t":"2026-09-17T20:00:33.112Z"}
{"level":"info","event":"action","runId":"6c5f3413-49c7-452e-90be-a0cce0ec96c0","type":"fetch","rationale":"Inspect an already-known source before another generic query","step":4,"t":"2026-09-17T20:00:33.126Z"}
{"level":"info","event":"action","runId":"6c5f3413-49c7-452e-90be-a0cce0ec96c0","type":"fetch","rationale":"Inspect an already-known source before another generic query","step":5,"t":"2026-09-17T20:00:33.139Z"}
{"level":"info","event":"action","runId":"6c5f3413-49c7-452e-90be-a0cce0ec96c0","type":"challenge","rationale":"Disconfirm material conclusion: A primary source that directly contradicts this conclusion.","step":6,"t":"2026-09-17T20:00:33.153Z"}
{"level":"info","event":"action","runId":"6c5f3413-49c7-452e-90be-a0cce0ec96c0","type":"challenge","rationale":"No counterexample found in accessed primary sources. This is not proof that the conclusion is true.","step":7,"t":"2026-09-17T20:00:33.168Z"}
{"level":"info","event":"action","runId":"6c5f3413-49c7-452e-90be-a0cce0ec96c0","type":"synthesize","rationale":"decision_critical_gaps_resolved_or_unresolvable; high-impact claims supported or qualified; contradictions handled; remaining actions low expected value","step":8,"t":"2026-09-17T20:00:33.179Z"}
{"level":"info","event":"action","runId":"034432e8-6da4-4deb-a15a-aca4aff91a0d","type":"search","rationale":"Investigate an uncovered required question","step":0,"t":"2026-09-17T20:00:33.676Z"}
{"level":"info","event":"action","runId":"034432e8-6da4-4deb-a15a-aca4aff91a0d","type":"fetch","rationale":"Inspect an already-known source before another generic query","step":1,"t":"2026-09-17T20:00:33.700Z"}
{"level":"info","event":"action","runId":"034432e8-6da4-4deb-a15a-aca4aff91a0d","type":"fetch","rationale":"Inspect an already-known source before another generic query","step":2,"t":"2026-09-17T20:00:33.715Z"}
{"level":"info","event":"action","runId":"034432e8-6da4-4deb-a15a-aca4aff91a0d","type":"fetch","rationale":"Inspect an already-known source before another generic query","step":3,"t":"2026-09-17T20:00:33.729Z"}
{"level":"info","event":"action","runId":"034432e8-6da4-4deb-a15a-aca4aff91a0d","type":"challenge","rationale":"Disconfirm material conclusion: A primary source that directly contradicts this conclusion.","step":4,"t":"2026-09-17T20:00:33.749Z"}
{"level":"info","event":"action","runId":"034432e8-6da4-4deb-a15a-aca4aff91a0d","type":"challenge","rationale":"No counterexample found in accessed primary sources. This is not proof that the conclusion is true.","step":5,"t":"2026-09-17T20:00:33.763Z"}
{"level":"info","event":"action","runId":"034432e8-6da4-4deb-a15a-aca4aff91a0d","type":"synthesize","rationale":"decision_critical_gaps_resolved_or_unresolvable; high-impact claims supported or qualified; contradictions handled; remaining actions low expected value","step":6,"t":"2026-09-17T20:00:33.775Z"}
{"level":"info","event":"action","runId":"5cd3134f-5729-4d84-b664-62a72d9b99c5","type":"search","rationale":"Investigate an uncovered required question","step":0,"t":"2026-09-17T20:00:34.287Z"}
{"level":"info","event":"action","runId":"5cd3134f-5729-4d84-b664-62a72d9b99c5","type":"fetch","rationale":"Inspect an already-known source before another generic query","step":1,"t":"2026-09-17T20:00:34.311Z"}
{"level":"info","event":"action","runId":"5cd3134f-5729-4d84-b664-62a72d9b99c5","type":"fetch","rationale":"Inspect an already-known source before another generic query","step":2,"t":"2026-09-17T20:00:34.330Z"}
{"level":"info","event":"action","runId":"5cd3134f-5729-4d84-b664-62a72d9b99c5","type":"fetch","rationale":"Inspect an already-known source before another generic query","step":3,"t":"2026-09-17T20:00:34.349Z"}
{"level":"info","event":"action","runId":"5cd3134f-5729-4d84-b664-62a72d9b99c5","type":"fetch","rationale":"Inspect an already-known source before another generic query","step":4,"t":"2026-09-17T20:00:34.365Z"}
{"level":"info","event":"action","runId":"5cd3134f-5729-4d84-b664-62a72d9b99c5","type":"fetch","rationale":"Inspect an already-known source before another generic query","step":5,"t":"2026-09-17T20:00:34.379Z"}
{"level":"info","event":"action","runId":"5cd3134f-5729-4d84-b664-62a72d9b99c5","type":"challenge","rationale":"Disconfirm material conclusion: A primary source that directly contradicts this conclusion.","step":6,"t":"2026-09-17T20:00:34.395Z"}
{"level":"info","event":"action","runId":"5cd3134f-5729-4d84-b664-62a72d9b99c5","type":"challenge","rationale":"No counterexample found in accessed primary sources. This is not proof that the conclusion is true.","step":7,"t":"2026-09-17T20:00:34.409Z"}
{"level":"info","event":"action","runId":"5cd3134f-5729-4d84-b664-62a72d9b99c5","type":"synthesize","rationale":"decision_critical_gaps_resolved_or_unresolvable; high-impact claims supported or qualified; contradictions handled; remaining actions low expected value","step":8,"t":"2026-09-17T20:00:34.421Z"}
{"level":"info","event":"action","runId":"95840e08-8631-45d0-a4ee-f1a6a6a5d863","type":"search","rationale":"Investigate an uncovered required question","step":0,"t":"2026-09-17T20:00:35.150Z"}
{"level":"info","event":"action","runId":"95840e08-8631-45d0-a4ee-f1a6a6a5d863","type":"fetch","rationale":"Inspect an already-known source before another generic query","step":1,"t":"2026-09-17T20:00:35.172Z"}
{"level":"info","event":"action","runId":"95840e08-8631-45d0-a4ee-f1a6a6a5d863","type":"fetch","rationale":"Inspect an already-known source before another generic query","step":2,"t":"2026-09-17T20:00:35.187Z"}
{"level":"info","event":"action","runId":"95840e08-8631-45d0-a4ee-f1a6a6a5d863","type":"fetch","rationale":"Inspect an already-known source before another generic query","step":3,"t":"2026-09-17T20:00:35.201Z"}
{"level":"info","event":"action","runId":"95840e08-8631-45d0-a4ee-f1a6a6a5d863","type":"fetch","rationale":"Inspect an already-known source before another generic query","step":4,"t":"2026-09-17T20:00:35.215Z"}
{"level":"info","event":"action","runId":"95840e08-8631-45d0-a4ee-f1a6a6a5d863","type":"fetch","rationale":"Inspect an already-known source before another generic query","step":5,"t":"2026-09-17T20:00:35.230Z"}
{"level":"info","event":"action","runId":"95840e08-8631-45d0-a4ee-f1a6a6a5d863","type":"challenge","rationale":"Disconfirm material conclusion: A primary source that directly contradicts this conclusion.","step":6,"t":"2026-09-17T20:00:35.243Z"}
{"level":"info","event":"action","runId":"95840e08-8631-45d0-a4ee-f1a6a6a5d863","type":"challenge","rationale":"No counterexample found in accessed primary sources. This is not proof that the conclusion is true.","step":7,"t":"2026-09-17T20:00:35.257Z"}
{"level":"info","event":"action","runId":"95840e08-8631-45d0-a4ee-f1a6a6a5d863","type":"synthesize","rationale":"decision_critical_gaps_resolved_or_unresolvable; high-impact claims supported or qualified; contradictions handled; remaining actions low expected value","step":8,"t":"2026-09-17T20:00:35.270Z"}
{"level":"info","event":"action","runId":"13dc103a-6d1f-4db2-bf32-f29980cb9a15","type":"search","rationale":"Investigate an uncovered required question","step":0,"t":"2026-09-17T20:00:35.770Z"}
{"level":"info","event":"action","runId":"13dc103a-6d1f-4db2-bf32-f29980cb9a15","type":"fetch","rationale":"Inspect an already-known source before another generic query","step":1,"t":"2026-09-17T20:00:35.794Z"}
{"level":"info","event":"action","runId":"13dc103a-6d1f-4db2-bf32-f29980cb9a15","type":"fetch","rationale":"Inspect an already-known source before another generic query","step":2,"t":"2026-09-17T20:00:35.807Z"}
{"level":"info","event":"action","runId":"13dc103a-6d1f-4db2-bf32-f29980cb9a15","type":"fetch","rationale":"Inspect an already-known source before another generic query","step":3,"t":"2026-09-17T20:00:35.822Z"}
{"level":"info","event":"action","runId":"13dc103a-6d1f-4db2-bf32-f29980cb9a15","type":"fetch","rationale":"Inspect an already-known source before another generic query","step":4,"t":"2026-09-17T20:00:35.836Z"}
{"level":"info","event":"action","runId":"13dc103a-6d1f-4db2-bf32-f29980cb9a15","type":"fetch","rationale":"Inspect an already-known source before another generic query","step":5,"t":"2026-09-17T20:00:35.851Z"}
{"level":"info","event":"action","runId":"13dc103a-6d1f-4db2-bf32-f29980cb9a15","type":"challenge","rationale":"Disconfirm material conclusion: A primary source that directly contradicts this conclusion.","step":6,"t":"2026-09-17T20:00:35.866Z"}
{"level":"info","event":"action","runId":"13dc103a-6d1f-4db2-bf32-f29980cb9a15","type":"challenge","rationale":"No counterexample found in accessed primary sources. This is not proof that the conclusion is true.","step":7,"t":"2026-09-17T20:00:35.883Z"}
{"level":"info","event":"action","runId":"13dc103a-6d1f-4db2-bf32-f29980cb9a15","type":"synthesize","rationale":"decision_critical_gaps_resolved_or_unresolvable; high-impact claims supported or qualified; contradictions handled; remaining actions low expected value","step":8,"t":"2026-09-17T20:00:35.895Z"}
{"level":"info","event":"action","runId":"a7c3aaac-7739-466b-9681-62afde9b78b5","type":"search","rationale":"Investigate an uncovered required question","step":0,"t":"2026-09-17T20:00:36.382Z"}
{"level":"info","event":"action","runId":"a7c3aaac-7739-466b-9681-62afde9b78b5","type":"fetch","rationale":"Inspect an already-known source before another generic query","step":1,"t":"2026-09-17T20:00:36.404Z"}
{"level":"info","event":"action","runId":"a7c3aaac-7739-466b-9681-62afde9b78b5","type":"fetch","rationale":"Inspect an already-known source before another generic query","step":2,"t":"2026-09-17T20:00:36.418Z"}
{"level":"info","event":"action","runId":"a7c3aaac-7739-466b-9681-62afde9b78b5","type":"fetch","rationale":"Inspect an already-known source before another generic query","step":3,"t":"2026-09-17T20:00:36.431Z"}
{"level":"info","event":"action","runId":"a7c3aaac-7739-466b-9681-62afde9b78b5","type":"fetch","rationale":"Inspect an already-known source before another generic query","step":4,"t":"2026-09-17T20:00:36.446Z"}
{"level":"info","event":"action","runId":"a7c3aaac-7739-466b-9681-62afde9b78b5","type":"fetch","rationale":"Inspect an already-known source before another generic query","step":5,"t":"2026-09-17T20:00:36.462Z"}
{"level":"info","event":"action","runId":"a7c3aaac-7739-466b-9681-62afde9b78b5","type":"challenge","rationale":"Disconfirm material conclusion: A primary source that directly contradicts this conclusion.","step":6,"t":"2026-09-17T20:00:36.475Z"}
{"level":"info","event":"action","runId":"a7c3aaac-7739-466b-9681-62afde9b78b5","type":"challenge","rationale":"No counterexample found in accessed primary sources. This is not proof that the conclusion is true.","step":7,"t":"2026-09-17T20:00:36.491Z"}
{"level":"info","event":"action","runId":"a7c3aaac-7739-466b-9681-62afde9b78b5","type":"synthesize","rationale":"decision_critical_gaps_resolved_or_unresolvable; high-impact claims supported or qualified; contradictions handled; remaining actions low expected value","step":8,"t":"2026-09-17T20:00:36.503Z"}
{"level":"info","event":"action","runId":"ac08ab38-b433-479a-97cd-0532f80ceb84","type":"search","rationale":"Investigate an uncovered required question","step":0,"t":"2026-09-17T20:00:37.231Z"}
{"level":"info","event":"action","runId":"ac08ab38-b433-479a-97cd-0532f80ceb84","type":"fetch","rationale":"Inspect an already-known source before another generic query","step":1,"t":"2026-09-17T20:00:37.252Z"}
{"level":"info","event":"action","runId":"ac08ab38-b433-479a-97cd-0532f80ceb84","type":"fetch","rationale":"Inspect an already-known source before another generic query","step":2,"t":"2026-09-17T20:00:37.266Z"}
{"level":"info","event":"action","runId":"ac08ab38-b433-479a-97cd-0532f80ceb84","type":"fetch","rationale":"Inspect an already-known source before another generic query","step":3,"t":"2026-09-17T20:00:37.279Z"}
{"level":"info","event":"action","runId":"ac08ab38-b433-479a-97cd-0532f80ceb84","type":"fetch","rationale":"Inspect an already-known source before another generic query","step":4,"t":"2026-09-17T20:00:37.293Z"}
{"level":"info","event":"action","runId":"ac08ab38-b433-479a-97cd-0532f80ceb84","type":"fetch","rationale":"Inspect an already-known source before another generic query","step":5,"t":"2026-09-17T20:00:37.308Z"}
{"level":"info","event":"action","runId":"ac08ab38-b433-479a-97cd-0532f80ceb84","type":"challenge","rationale":"Disconfirm material conclusion: A primary source that directly contradicts this conclusion.","step":6,"t":"2026-09-17T20:00:37.322Z"}
{"level":"info","event":"action","runId":"ac08ab38-b433-479a-97cd-0532f80ceb84","type":"challenge","rationale":"No counterexample found in accessed primary sources. This is not proof that the conclusion is true.","step":7,"t":"2026-09-17T20:00:37.337Z"}
{"level":"info","event":"action","runId":"ac08ab38-b433-479a-97cd-0532f80ceb84","type":"synthesize","rationale":"decision_critical_gaps_resolved_or_unresolvable; high-impact claims supported or qualified; contradictions handled; remaining actions low expected value","step":8,"t":"2026-09-17T20:00:37.348Z"}
{"level":"info","event":"action","runId":"23d7e52a-e698-4d7d-845c-c56ee350a5dc","type":"search","rationale":"Investigate an uncovered required question","step":0,"t":"2026-09-17T20:00:38.306Z"}
{"level":"info","event":"action","runId":"23d7e52a-e698-4d7d-845c-c56ee350a5dc","type":"fetch","rationale":"Inspect an already-known source before another generic query","step":1,"t":"2026-09-17T20:00:38.328Z"}
{"level":"info","event":"action","runId":"23d7e52a-e698-4d7d-845c-c56ee350a5dc","type":"fetch","rationale":"Inspect an already-known source before another generic query","step":2,"t":"2026-09-17T20:00:38.343Z"}
{"level":"info","event":"action","runId":"23d7e52a-e698-4d7d-845c-c56ee350a5dc","type":"fetch","rationale":"Inspect an already-known source before another generic query","step":3,"t":"2026-09-17T20:00:38.356Z"}
{"level":"info","event":"action","runId":"23d7e52a-e698-4d7d-845c-c56ee350a5dc","type":"fetch","rationale":"Inspect an already-known source before another generic query","step":4,"t":"2026-09-17T20:00:38.371Z"}
{"level":"info","event":"action","runId":"23d7e52a-e698-4d7d-845c-c56ee350a5dc","type":"fetch","rationale":"Inspect an already-known source before another generic query","step":5,"t":"2026-09-17T20:00:38.388Z"}
{"level":"info","event":"action","runId":"23d7e52a-e698-4d7d-845c-c56ee350a5dc","type":"challenge","rationale":"Disconfirm material conclusion: A primary source that directly contradicts this conclusion.","step":6,"t":"2026-09-17T20:00:38.406Z"}
{"level":"info","event":"action","runId":"23d7e52a-e698-4d7d-845c-c56ee350a5dc","type":"challenge","rationale":"No counterexample found in accessed primary sources. This is not proof that the conclusion is true.","step":7,"t":"2026-09-17T20:00:38.425Z"}
{"level":"info","event":"action","runId":"23d7e52a-e698-4d7d-845c-c56ee350a5dc","type":"synthesize","rationale":"decision_critical_gaps_resolved_or_unresolvable; high-impact claims supported or qualified; contradictions handled; remaining actions low expected value","step":8,"t":"2026-09-17T20:00:38.440Z"}
{"level":"info","event":"action","runId":"4720f7ad-45af-47dd-b4d6-0881ed7fd7f8","type":"search","rationale":"Investigate an uncovered required question","step":0,"t":"2026-09-17T20:00:38.937Z"}
{"level":"info","event":"action","runId":"4720f7ad-45af-47dd-b4d6-0881ed7fd7f8","type":"fetch","rationale":"Inspect an already-known source before another generic query","step":1,"t":"2026-09-17T20:00:38.961Z"}
{"level":"info","event":"action","runId":"4720f7ad-45af-47dd-b4d6-0881ed7fd7f8","type":"fetch","rationale":"Inspect an already-known source before another generic query","step":2,"t":"2026-09-17T20:00:38.975Z"}
{"level":"info","event":"action","runId":"4720f7ad-45af-47dd-b4d6-0881ed7fd7f8","type":"fetch","rationale":"Inspect an already-known source before another generic query","step":3,"t":"2026-09-17T20:00:38.988Z"}
{"level":"info","event":"action","runId":"4720f7ad-45af-47dd-b4d6-0881ed7fd7f8","type":"fetch","rationale":"Inspect an already-known source before another generic query","step":4,"t":"2026-09-17T20:00:39.001Z"}
{"level":"info","event":"action","runId":"4720f7ad-45af-47dd-b4d6-0881ed7fd7f8","type":"fetch","rationale":"Inspect an already-known source before another generic query","step":5,"t":"2026-09-17T20:00:39.017Z"}
{"level":"info","event":"action","runId":"4720f7ad-45af-47dd-b4d6-0881ed7fd7f8","type":"challenge","rationale":"Disconfirm material conclusion: A primary source that directly contradicts this conclusion.","step":6,"t":"2026-09-17T20:00:39.030Z"}
{"level":"info","event":"action","runId":"4720f7ad-45af-47dd-b4d6-0881ed7fd7f8","type":"challenge","rationale":"No counterexample found in accessed primary sources. This is not proof that the conclusion is true.","step":7,"t":"2026-09-17T20:00:39.044Z"}
{"level":"info","event":"action","runId":"4720f7ad-45af-47dd-b4d6-0881ed7fd7f8","type":"synthesize","rationale":"decision_critical_gaps_resolved_or_unresolvable; high-impact claims supported or qualified; contradictions handled; remaining actions low expected value","step":8,"t":"2026-09-17T20:00:39.056Z"}
{"level":"info","event":"action","runId":"7cd06ebc-b795-4e23-9bdd-ea7ce7b1b682","type":"search","rationale":"Investigate an uncovered required question","step":0,"t":"2026-09-17T20:00:39.532Z"}
{"level":"info","event":"action","runId":"7cd06ebc-b795-4e23-9bdd-ea7ce7b1b682","type":"fetch","rationale":"Inspect an already-known source before another generic query","step":1,"t":"2026-09-17T20:00:39.548Z"}
{"level":"info","event":"action","runId":"7cd06ebc-b795-4e23-9bdd-ea7ce7b1b682","type":"challenge","rationale":"Disconfirm material conclusion: A primary source that directly contradicts this conclusion.","step":2,"t":"2026-09-17T20:00:39.561Z"}
{"level":"info","event":"action","runId":"7cd06ebc-b795-4e23-9bdd-ea7ce7b1b682","type":"challenge","rationale":"No counterexample found in accessed primary sources. This is not proof that the conclusion is true.","step":3,"t":"2026-09-17T20:00:39.576Z"}
{"level":"info","event":"action","runId":"7cd06ebc-b795-4e23-9bdd-ea7ce7b1b682","type":"synthesize","rationale":"decision_critical_gaps_resolved_or_unresolvable; high-impact claims supported or qualified; contradictions handled; remaining actions low expected value","step":4,"t":"2026-09-17T20:00:39.586Z"}
{"level":"info","event":"action","runId":"5abd3e5e-83ae-4d83-bb4c-8f18ecc2d5c2","type":"search","rationale":"Investigate an uncovered required question","step":0,"t":"2026-09-17T20:00:40.067Z"}
{"level":"info","event":"action","runId":"5abd3e5e-83ae-4d83-bb4c-8f18ecc2d5c2","type":"fetch","rationale":"Inspect an already-known source before another generic query","step":1,"t":"2026-09-17T20:00:40.089Z"}
{"level":"info","event":"action","runId":"5abd3e5e-83ae-4d83-bb4c-8f18ecc2d5c2","type":"fetch","rationale":"Inspect an already-known source before another generic query","step":2,"t":"2026-09-17T20:00:40.103Z"}
{"level":"info","event":"action","runId":"5abd3e5e-83ae-4d83-bb4c-8f18ecc2d5c2","type":"fetch","rationale":"Inspect an already-known source before another generic query","step":3,"t":"2026-09-17T20:00:40.118Z"}
{"level":"info","event":"action","runId":"5abd3e5e-83ae-4d83-bb4c-8f18ecc2d5c2","type":"challenge","rationale":"Disconfirm material conclusion: A primary source that directly contradicts this conclusion.","step":4,"t":"2026-09-17T20:00:40.135Z"}
{"level":"info","event":"action","runId":"5abd3e5e-83ae-4d83-bb4c-8f18ecc2d5c2","type":"challenge","rationale":"No counterexample found in accessed primary sources. This is not proof that the conclusion is true.","step":5,"t":"2026-09-17T20:00:40.147Z"}
{"level":"info","event":"action","runId":"5abd3e5e-83ae-4d83-bb4c-8f18ecc2d5c2","type":"synthesize","rationale":"decision_critical_gaps_resolved_or_unresolvable; high-impact claims supported or qualified; contradictions handled; remaining actions low expected value","step":6,"t":"2026-09-17T20:00:40.159Z"}
{"level":"info","event":"action","runId":"532fc5c3-d715-4fbe-a1a0-f3ed5b7ddfc4","type":"search","rationale":"Investigate an uncovered required question","step":0,"t":"2026-09-17T20:00:40.668Z"}
{"level":"info","event":"action","runId":"532fc5c3-d715-4fbe-a1a0-f3ed5b7ddfc4","type":"fetch","rationale":"Inspect an already-known source before another generic query","step":1,"t":"2026-09-17T20:00:40.692Z"}
{"level":"info","event":"action","runId":"532fc5c3-d715-4fbe-a1a0-f3ed5b7ddfc4","type":"fetch","rationale":"Inspect an already-known source before another generic query","step":2,"t":"2026-09-17T20:00:40.707Z"}
{"level":"info","event":"action","runId":"532fc5c3-d715-4fbe-a1a0-f3ed5b7ddfc4","type":"fetch","rationale":"Inspect an already-known source before another generic query","step":3,"t":"2026-09-17T20:00:40.721Z"}
{"level":"info","event":"action","runId":"532fc5c3-d715-4fbe-a1a0-f3ed5b7ddfc4","type":"challenge","rationale":"Disconfirm material conclusion: A primary source that directly contradicts this conclusion.","step":4,"t":"2026-09-17T20:00:40.739Z"}
{"level":"info","event":"action","runId":"532fc5c3-d715-4fbe-a1a0-f3ed5b7ddfc4","type":"challenge","rationale":"No counterexample found in accessed primary sources. This is not proof that the conclusion is true.","step":5,"t":"2026-09-17T20:00:40.752Z"}
{"level":"info","event":"action","runId":"532fc5c3-d715-4fbe-a1a0-f3ed5b7ddfc4","type":"synthesize","rationale":"decision_critical_gaps_resolved_or_unresolvable; high-impact claims supported or qualified; contradictions handled; remaining actions low expected value","step":6,"t":"2026-09-17T20:00:40.764Z"}
{"level":"info","event":"action","runId":"03007018-1812-4d20-bbf5-f25aa8987b31","type":"search","rationale":"Investigate an uncovered required question","step":0,"t":"2026-09-17T20:00:41.249Z"}
{"level":"info","event":"action","runId":"03007018-1812-4d20-bbf5-f25aa8987b31","type":"fetch","rationale":"Inspect an already-known source before another generic query","step":1,"t":"2026-09-17T20:00:41.276Z"}
{"level":"info","event":"action","runId":"03007018-1812-4d20-bbf5-f25aa8987b31","type":"fetch","rationale":"Inspect an already-known source before another generic query","step":2,"t":"2026-09-17T20:00:41.290Z"}
{"level":"info","event":"action","runId":"03007018-1812-4d20-bbf5-f25aa8987b31","type":"fetch","rationale":"Inspect an already-known source before another generic query","step":3,"t":"2026-09-17T20:00:41.304Z"}
{"level":"info","event":"action","runId":"03007018-1812-4d20-bbf5-f25aa8987b31","type":"fetch","rationale":"Inspect an already-known source before another generic query","step":4,"t":"2026-09-17T20:00:41.318Z"}
{"level":"info","event":"action","runId":"03007018-1812-4d20-bbf5-f25aa8987b31","type":"fetch","rationale":"Inspect an already-known source before another generic query","step":5,"t":"2026-09-17T20:00:41.331Z"}
{"level":"info","event":"action","runId":"03007018-1812-4d20-bbf5-f25aa8987b31","type":"challenge","rationale":"Disconfirm material conclusion: A primary source that directly contradicts this conclusion.","step":6,"t":"2026-09-17T20:00:41.346Z"}
{"level":"info","event":"action","runId":"03007018-1812-4d20-bbf5-f25aa8987b31","type":"challenge","rationale":"No counterexample found in accessed primary sources. This is not proof that the conclusion is true.","step":7,"t":"2026-09-17T20:00:41.361Z"}
{"level":"info","event":"action","runId":"03007018-1812-4d20-bbf5-f25aa8987b31","type":"synthesize","rationale":"decision_critical_gaps_resolved_or_unresolvable; high-impact claims supported or qualified; contradictions handled; remaining actions low expected value","step":8,"t":"2026-09-17T20:00:41.374Z"}
{"level":"info","event":"action","runId":"da7d3a44-409b-4c96-b936-46e6d666c996","type":"search","rationale":"Investigate an uncovered required question","step":0,"t":"2026-09-17T20:00:41.620Z"}
{"level":"info","event":"action","runId":"da7d3a44-409b-4c96-b936-46e6d666c996","type":"fetch","rationale":"Inspect an already-known source before another generic query","step":1,"t":"2026-09-17T20:00:41.639Z"}
{"level":"info","event":"action","runId":"da7d3a44-409b-4c96-b936-46e6d666c996","type":"fetch","rationale":"Inspect an already-known source before another generic query","step":2,"t":"2026-09-17T20:00:41.653Z"}
{"level":"info","event":"action","runId":"da7d3a44-409b-4c96-b936-46e6d666c996","type":"fetch","rationale":"Inspect an already-known source before another generic query","step":3,"t":"2026-09-17T20:00:41.667Z"}
{"level":"info","event":"action","runId":"da7d3a44-409b-4c96-b936-46e6d666c996","type":"fetch","rationale":"Inspect an already-known source before another generic query","step":4,"t":"2026-09-17T20:00:41.680Z"}
{"level":"info","event":"action","runId":"da7d3a44-409b-4c96-b936-46e6d666c996","type":"fetch","rationale":"Inspect an already-known source before another generic query","step":5,"t":"2026-09-17T20:00:41.695Z"}
{"level":"info","event":"action","runId":"da7d3a44-409b-4c96-b936-46e6d666c996","type":"challenge","rationale":"Disconfirm material conclusion: A primary source that directly contradicts this conclusion.","step":6,"t":"2026-09-17T20:00:41.710Z"}
{"level":"info","event":"action","runId":"da7d3a44-409b-4c96-b936-46e6d666c996","type":"challenge","rationale":"Disconfirm material conclusion: A primary source that directly contradicts this conclusion.","step":7,"t":"2026-09-17T20:00:41.726Z"}
{"level":"info","event":"action","runId":"da7d3a44-409b-4c96-b936-46e6d666c996","type":"challenge","rationale":"Disconfirm material conclusion: A primary source that directly contradicts this conclusion.","step":8,"t":"2026-09-17T20:00:41.741Z"}
{"level":"info","event":"action","runId":"da7d3a44-409b-4c96-b936-46e6d666c996","type":"challenge","rationale":"Disconfirm material conclusion: A primary source that directly contradicts this conclusion.","step":9,"t":"2026-09-17T20:00:41.756Z"}
{"level":"info","event":"action","runId":"da7d3a44-409b-4c96-b936-46e6d666c996","type":"challenge","rationale":"Disconfirm material conclusion: A primary source that directly contradicts this conclusion.","step":10,"t":"2026-09-17T20:00:41.772Z"}
{"level":"info","event":"action","runId":"da7d3a44-409b-4c96-b936-46e6d666c996","type":"challenge","rationale":"Disconfirm material conclusion: A primary source that directly contradicts this conclusion.","step":11,"t":"2026-09-17T20:00:41.786Z"}
{"level":"info","event":"action","runId":"da7d3a44-409b-4c96-b936-46e6d666c996","type":"challenge","rationale":"Disconfirm material conclusion: A primary source that directly contradicts this conclusion.","step":12,"t":"2026-09-17T20:00:41.801Z"}
{"level":"info","event":"action","runId":"da7d3a44-409b-4c96-b936-46e6d666c996","type":"challenge","rationale":"No counterexample found in accessed primary sources. This is not proof that the conclusion is true.","step":13,"t":"2026-09-17T20:00:41.816Z"}
{"level":"info","event":"action","runId":"da7d3a44-409b-4c96-b936-46e6d666c996","type":"stop","rationale":"Repeated searches returned no novel source family or coverage progress","step":14,"t":"2026-09-17T20:00:41.827Z"}
{"level":"info","event":"action","runId":"8a2f6edb-86cb-49c7-8048-227f2c3ea3a6","type":"search","rationale":"Investigate an uncovered required question","step":0,"t":"2026-09-17T20:00:42.344Z"}
{"level":"info","event":"action","runId":"8a2f6edb-86cb-49c7-8048-227f2c3ea3a6","type":"fetch","rationale":"Inspect an already-known source before another generic query","step":1,"t":"2026-09-17T20:00:42.362Z"}
{"level":"info","event":"action","runId":"8a2f6edb-86cb-49c7-8048-227f2c3ea3a6","type":"fetch","rationale":"Inspect an already-known source before another generic query","step":2,"t":"2026-09-17T20:00:42.376Z"}
{"level":"info","event":"action","runId":"8a2f6edb-86cb-49c7-8048-227f2c3ea3a6","type":"challenge","rationale":"Disconfirm material conclusion: A primary source that directly contradicts this conclusion.","step":3,"t":"2026-09-17T20:00:42.389Z"}
{"level":"info","event":"action","runId":"8a2f6edb-86cb-49c7-8048-227f2c3ea3a6","type":"challenge","rationale":"No counterexample found in accessed primary sources. This is not proof that the conclusion is true.","step":4,"t":"2026-09-17T20:00:42.404Z"}
{"level":"info","event":"action","runId":"8a2f6edb-86cb-49c7-8048-227f2c3ea3a6","type":"synthesize","rationale":"decision_critical_gaps_resolved_or_unresolvable; high-impact claims supported or qualified; contradictions handled; remaining actions low expected value","step":5,"t":"2026-09-17T20:00:42.415Z"}
{"level":"info","event":"action","runId":"ef3dc84c-7d6a-498d-8831-6764736456b3","type":"search","rationale":"Investigate an uncovered required question","step":0,"t":"2026-09-17T20:00:42.906Z"}
{"level":"info","event":"action","runId":"ef3dc84c-7d6a-498d-8831-6764736456b3","type":"fetch","rationale":"Inspect an already-known source before another generic query","step":1,"t":"2026-09-17T20:00:42.922Z"}
{"level":"info","event":"action","runId":"ef3dc84c-7d6a-498d-8831-6764736456b3","type":"challenge","rationale":"Disconfirm material conclusion: A primary source that directly contradicts this conclusion.","step":2,"t":"2026-09-17T20:00:42.937Z"}
{"level":"info","event":"action","runId":"ef3dc84c-7d6a-498d-8831-6764736456b3","type":"challenge","rationale":"No counterexample found in accessed primary sources. This is not proof that the conclusion is true.","step":3,"t":"2026-09-17T20:00:42.951Z"}
{"level":"info","event":"action","runId":"ef3dc84c-7d6a-498d-8831-6764736456b3","type":"synthesize","rationale":"decision_critical_gaps_resolved_or_unresolvable; high-impact claims supported or qualified; contradictions handled; remaining actions low expected value","step":4,"t":"2026-09-17T20:00:42.961Z"}
{"level":"info","event":"action","runId":"7329f8d5-1904-43f1-9bcf-701fc351cb81","type":"search","rationale":"Investigate an uncovered required question","step":0,"t":"2026-09-17T20:00:43.440Z"}
{"level":"info","event":"action","runId":"7329f8d5-1904-43f1-9bcf-701fc351cb81","type":"fetch","rationale":"Inspect an already-known source before another generic query","step":1,"t":"2026-09-17T20:00:43.456Z"}
{"level":"info","event":"action","runId":"7329f8d5-1904-43f1-9bcf-701fc351cb81","type":"challenge","rationale":"Disconfirm material conclusion: A primary source that directly contradicts this conclusion.","step":2,"t":"2026-09-17T20:00:43.469Z"}
{"level":"info","event":"action","runId":"7329f8d5-1904-43f1-9bcf-701fc351cb81","type":"challenge","rationale":"No counterexample found in accessed primary sources. This is not proof that the conclusion is true.","step":3,"t":"2026-09-17T20:00:43.482Z"}
{"level":"info","event":"action","runId":"7329f8d5-1904-43f1-9bcf-701fc351cb81","type":"synthesize","rationale":"decision_critical_gaps_resolved_or_unresolvable; high-impact claims supported or qualified; contradictions handled; remaining actions low expected value","step":4,"t":"2026-09-17T20:00:43.492Z"}
{"level":"info","event":"action","runId":"91f50fde-02d0-4d3a-ab04-3bf15f50fe26","type":"search","rationale":"Investigate an uncovered required question","step":0,"t":"2026-09-17T20:00:43.962Z"}
{"level":"info","event":"action","runId":"91f50fde-02d0-4d3a-ab04-3bf15f50fe26","type":"fetch","rationale":"Inspect an already-known source before another generic query","step":1,"t":"2026-09-17T20:00:43.978Z"}
{"level":"info","event":"action","runId":"91f50fde-02d0-4d3a-ab04-3bf15f50fe26","type":"challenge","rationale":"Disconfirm material conclusion: A primary source that directly contradicts this conclusion.","step":2,"t":"2026-09-17T20:00:44.003Z"}
{"level":"info","event":"action","runId":"91f50fde-02d0-4d3a-ab04-3bf15f50fe26","type":"challenge","rationale":"No counterexample found in accessed primary sources. This is not proof that the conclusion is true.","step":3,"t":"2026-09-17T20:00:44.016Z"}
{"level":"info","event":"action","runId":"91f50fde-02d0-4d3a-ab04-3bf15f50fe26","type":"synthesize","rationale":"decision_critical_gaps_resolved_or_unresolvable; high-impact claims supported or qualified; contradictions handled; remaining actions low expected value","step":4,"t":"2026-09-17T20:00:44.026Z"}
{"level":"info","event":"action","runId":"a3cfe6e9-8be0-4adf-ab1b-2197f493dc92","type":"search","rationale":"Investigate an uncovered required question","step":0,"t":"2026-09-17T20:00:44.494Z"}
{"level":"info","event":"action","runId":"a3cfe6e9-8be0-4adf-ab1b-2197f493dc92","type":"fetch","rationale":"Inspect an already-known source before another generic query","step":1,"t":"2026-09-17T20:00:44.515Z"}
{"level":"info","event":"action","runId":"a3cfe6e9-8be0-4adf-ab1b-2197f493dc92","type":"challenge","rationale":"Disconfirm material conclusion: A primary source that directly contradicts this conclusion.","step":2,"t":"2026-09-17T20:00:44.529Z"}
{"level":"info","event":"action","runId":"a3cfe6e9-8be0-4adf-ab1b-2197f493dc92","type":"challenge","rationale":"No counterexample found in accessed primary sources. This is not proof that the conclusion is true.","step":3,"t":"2026-09-17T20:00:44.547Z"}
{"level":"info","event":"action","runId":"a3cfe6e9-8be0-4adf-ab1b-2197f493dc92","type":"synthesize","rationale":"decision_critical_gaps_resolved_or_unresolvable; high-impact claims supported or qualified; contradictions handled; remaining actions low expected value","step":4,"t":"2026-09-17T20:00:44.558Z"}
{"level":"info","event":"action","runId":"8cddd3a4-d9a1-4efa-b07d-3bea7497fccd","type":"search","rationale":"Investigate an uncovered required question","step":0,"t":"2026-09-17T20:00:45.045Z"}
{"level":"info","event":"action","runId":"8cddd3a4-d9a1-4efa-b07d-3bea7497fccd","type":"fetch","rationale":"Inspect an already-known source before another generic query","step":1,"t":"2026-09-17T20:00:45.067Z"}
{"level":"info","event":"action","runId":"8cddd3a4-d9a1-4efa-b07d-3bea7497fccd","type":"fetch","rationale":"Inspect an already-known source before another generic query","step":2,"t":"2026-09-17T20:00:45.080Z"}
{"level":"info","event":"action","runId":"8cddd3a4-d9a1-4efa-b07d-3bea7497fccd","type":"fetch","rationale":"Inspect an already-known source before another generic query","step":3,"t":"2026-09-17T20:00:45.094Z"}
{"level":"info","event":"action","runId":"8cddd3a4-d9a1-4efa-b07d-3bea7497fccd","type":"fetch","rationale":"Inspect an already-known source before another generic query","step":4,"t":"2026-09-17T20:00:45.108Z"}
{"level":"info","event":"action","runId":"8cddd3a4-d9a1-4efa-b07d-3bea7497fccd","type":"fetch","rationale":"Inspect an already-known source before another generic query","step":5,"t":"2026-09-17T20:00:45.121Z"}
{"level":"info","event":"action","runId":"8cddd3a4-d9a1-4efa-b07d-3bea7497fccd","type":"challenge","rationale":"Disconfirm material conclusion: A primary source that directly contradicts this conclusion.","step":6,"t":"2026-09-17T20:00:45.134Z"}
{"level":"info","event":"action","runId":"8cddd3a4-d9a1-4efa-b07d-3bea7497fccd","type":"challenge","rationale":"No counterexample found in accessed primary sources. This is not proof that the conclusion is true.","step":7,"t":"2026-09-17T20:00:45.146Z"}
{"level":"info","event":"action","runId":"8cddd3a4-d9a1-4efa-b07d-3bea7497fccd","type":"synthesize","rationale":"decision_critical_gaps_resolved_or_unresolvable; high-impact claims supported or qualified; contradictions handled; remaining actions low expected value","step":8,"t":"2026-09-17T20:00:45.157Z"}
{"level":"info","event":"action","runId":"9b7c83c9-5061-4749-9e96-de87c39ae5f2","type":"search","rationale":"Investigate an uncovered required question","step":0,"t":"2026-09-17T20:00:45.599Z"}
{"level":"info","event":"action","runId":"9b7c83c9-5061-4749-9e96-de87c39ae5f2","type":"fetch","rationale":"Inspect an already-known source before another generic query","step":1,"t":"2026-09-17T20:00:45.621Z"}
{"level":"info","event":"action","runId":"9b7c83c9-5061-4749-9e96-de87c39ae5f2","type":"synthesize","rationale":"budget requires finishing with available evidence","step":2,"t":"2026-09-17T20:00:45.634Z"}
{"level":"info","event":"action","runId":"24f79565-b56b-479f-822e-7622082a40b7","type":"search","rationale":"Investigate an uncovered required question","step":0,"t":"2026-09-17T20:00:46.106Z"}
{"level":"info","event":"action","runId":"24f79565-b56b-479f-822e-7622082a40b7","type":"fetch","rationale":"Inspect an already-known source before another generic query","step":1,"t":"2026-09-17T20:00:46.129Z"}
{"level":"info","event":"action","runId":"24f79565-b56b-479f-822e-7622082a40b7","type":"fetch","rationale":"Inspect an already-known source before another generic query","step":2,"t":"2026-09-17T20:00:46.142Z"}
{"level":"info","event":"action","runId":"24f79565-b56b-479f-822e-7622082a40b7","type":"fetch","rationale":"Inspect an already-known source before another generic query","step":3,"t":"2026-09-17T20:00:46.156Z"}
{"level":"info","event":"action","runId":"24f79565-b56b-479f-822e-7622082a40b7","type":"fetch","rationale":"Inspect an already-known source before another generic query","step":4,"t":"2026-09-17T20:00:46.168Z"}
{"level":"info","event":"action","runId":"24f79565-b56b-479f-822e-7622082a40b7","type":"fetch","rationale":"Inspect an already-known source before another generic query","step":5,"t":"2026-09-17T20:00:46.184Z"}
{"level":"info","event":"action","runId":"24f79565-b56b-479f-822e-7622082a40b7","type":"challenge","rationale":"Disconfirm material conclusion: A primary source that directly contradicts this conclusion.","step":6,"t":"2026-09-17T20:00:46.198Z"}
{"level":"info","event":"action","runId":"24f79565-b56b-479f-822e-7622082a40b7","type":"challenge","rationale":"No counterexample found in accessed primary sources. This is not proof that the conclusion is true.","step":7,"t":"2026-09-17T20:00:46.210Z"}
{"level":"info","event":"action","runId":"24f79565-b56b-479f-822e-7622082a40b7","type":"synthesize","rationale":"decision_critical_gaps_resolved_or_unresolvable; high-impact claims supported or qualified; contradictions handled; remaining actions low expected value","step":8,"t":"2026-09-17T20:00:46.221Z"}
{"level":"info","event":"action","runId":"bf953b6b-6105-4613-8aa2-40277c694202","type":"search","rationale":"Investigate an uncovered required question","step":0,"t":"2026-09-17T20:00:46.941Z"}
{"level":"info","event":"action","runId":"bf953b6b-6105-4613-8aa2-40277c694202","type":"fetch","rationale":"Inspect an already-known source before another generic query","step":1,"t":"2026-09-17T20:00:46.966Z"}
{"level":"info","event":"action","runId":"bf953b6b-6105-4613-8aa2-40277c694202","type":"fetch","rationale":"Inspect an already-known source before another generic query","step":2,"t":"2026-09-17T20:00:46.979Z"}
{"level":"info","event":"action","runId":"bf953b6b-6105-4613-8aa2-40277c694202","type":"fetch","rationale":"Inspect an already-known source before another generic query","step":3,"t":"2026-09-17T20:00:46.993Z"}
{"level":"info","event":"action","runId":"bf953b6b-6105-4613-8aa2-40277c694202","type":"fetch","rationale":"Inspect an already-known source before another generic query","step":4,"t":"2026-09-17T20:00:47.006Z"}
{"level":"info","event":"action","runId":"bf953b6b-6105-4613-8aa2-40277c694202","type":"fetch","rationale":"Inspect an already-known source before another generic query","step":5,"t":"2026-09-17T20:00:47.020Z"}
{"level":"info","event":"action","runId":"bf953b6b-6105-4613-8aa2-40277c694202","type":"challenge","rationale":"Disconfirm material conclusion: A primary source that directly contradicts this conclusion.","step":6,"t":"2026-09-17T20:00:47.032Z"}
{"level":"info","event":"action","runId":"bf953b6b-6105-4613-8aa2-40277c694202","type":"challenge","rationale":"No counterexample found in accessed primary sources. This is not proof that the conclusion is true.","step":7,"t":"2026-09-17T20:00:47.047Z"}
{"level":"info","event":"action","runId":"bf953b6b-6105-4613-8aa2-40277c694202","type":"synthesize","rationale":"decision_critical_gaps_resolved_or_unresolvable; high-impact claims supported or qualified; contradictions handled; remaining actions low expected value","step":8,"t":"2026-09-17T20:00:47.059Z"}
{"level":"info","event":"action","runId":"31199f67-5dd4-4084-b35d-1f23d03d0353","type":"challenge","rationale":"Disconfirm material conclusion: A primary source that directly contradicts this conclusion.","step":0,"t":"2026-09-17T20:00:47.783Z"}
{"level":"info","event":"action","runId":"31199f67-5dd4-4084-b35d-1f23d03d0353","type":"fetch","rationale":"Inspect an already-known source before another generic query","step":1,"t":"2026-09-17T20:00:47.808Z"}
{"level":"info","event":"action","runId":"31199f67-5dd4-4084-b35d-1f23d03d0353","type":"fetch","rationale":"Inspect an already-known source before another generic query","step":2,"t":"2026-09-17T20:00:47.824Z"}
{"level":"info","event":"action","runId":"31199f67-5dd4-4084-b35d-1f23d03d0353","type":"fetch","rationale":"Inspect an already-known source before another generic query","step":3,"t":"2026-09-17T20:00:47.837Z"}
{"level":"info","event":"action","runId":"31199f67-5dd4-4084-b35d-1f23d03d0353","type":"challenge","rationale":"No counterexample found in accessed primary sources. This is not proof that the conclusion is true.","step":4,"t":"2026-09-17T20:00:47.855Z"}
{"level":"info","event":"action","runId":"31199f67-5dd4-4084-b35d-1f23d03d0353","type":"synthesize","rationale":"decision_critical_gaps_resolved_or_unresolvable; high-impact claims supported or qualified; contradictions handled; remaining actions low expected value","step":5,"t":"2026-09-17T20:00:47.867Z"}
{"level":"info","event":"action","runId":"589fafe3-3007-4486-b0c2-558ed6969886","type":"challenge","rationale":"Disconfirm material conclusion: A primary source that directly contradicts this conclusion.","step":0,"t":"2026-09-17T20:00:48.430Z"}
{"level":"info","event":"action","runId":"589fafe3-3007-4486-b0c2-558ed6969886","type":"fetch","rationale":"Inspect an already-known source before another generic query","step":1,"t":"2026-09-17T20:00:48.453Z"}
{"level":"info","event":"action","runId":"589fafe3-3007-4486-b0c2-558ed6969886","type":"fetch","rationale":"Inspect an already-known source before another generic query","step":2,"t":"2026-09-17T20:00:48.468Z"}
{"level":"info","event":"action","runId":"589fafe3-3007-4486-b0c2-558ed6969886","type":"fetch","rationale":"Inspect an already-known source before another generic query","step":3,"t":"2026-09-17T20:00:48.484Z"}
{"level":"info","event":"action","runId":"589fafe3-3007-4486-b0c2-558ed6969886","type":"challenge","rationale":"No counterexample found in accessed primary sources. This is not proof that the conclusion is true.","step":4,"t":"2026-09-17T20:00:48.501Z"}
{"level":"info","event":"action","runId":"589fafe3-3007-4486-b0c2-558ed6969886","type":"synthesize","rationale":"decision_critical_gaps_resolved_or_unresolvable; high-impact claims supported or qualified; contradictions handled; remaining actions low expected value","step":5,"t":"2026-09-17T20:00:48.513Z"}
{"level":"info","event":"action","runId":"45a269a8-b55a-4c71-a0a2-0aa0100c9e0d","type":"search","rationale":"Investigate an uncovered required question","step":0,"t":"2026-09-17T20:00:48.843Z"}
{"level":"info","event":"action","runId":"45a269a8-b55a-4c71-a0a2-0aa0100c9e0d","type":"fetch","rationale":"Inspect an already-known source before another generic query","step":1,"t":"2026-09-17T20:00:48.866Z"}
{"level":"info","event":"action","runId":"45a269a8-b55a-4c71-a0a2-0aa0100c9e0d","type":"fetch","rationale":"Inspect an already-known source before another generic query","step":2,"t":"2026-09-17T20:00:48.879Z"}
{"level":"info","event":"action","runId":"45a269a8-b55a-4c71-a0a2-0aa0100c9e0d","type":"fetch","rationale":"Inspect an already-known source before another generic query","step":3,"t":"2026-09-17T20:00:48.894Z"}
{"level":"info","event":"action","runId":"45a269a8-b55a-4c71-a0a2-0aa0100c9e0d","type":"fetch","rationale":"Inspect an already-known source before another generic query","step":4,"t":"2026-09-17T20:00:48.908Z"}
{"level":"info","event":"action","runId":"45a269a8-b55a-4c71-a0a2-0aa0100c9e0d","type":"fetch","rationale":"Inspect an already-known source before another generic query","step":5,"t":"2026-09-17T20:00:48.923Z"}
{"level":"info","event":"action","runId":"45a269a8-b55a-4c71-a0a2-0aa0100c9e0d","type":"challenge","rationale":"Disconfirm material conclusion: A primary source that directly contradicts this conclusion.","step":6,"t":"2026-09-17T20:00:48.937Z"}
{"level":"info","event":"action","runId":"45a269a8-b55a-4c71-a0a2-0aa0100c9e0d","type":"challenge","rationale":"No counterexample found in accessed primary sources. This is not proof that the conclusion is true.","step":7,"t":"2026-09-17T20:00:48.952Z"}
{"level":"info","event":"action","runId":"45a269a8-b55a-4c71-a0a2-0aa0100c9e0d","type":"synthesize","rationale":"decision_critical_gaps_resolved_or_unresolvable; high-impact claims supported or qualified; contradictions handled; remaining actions low expected value","step":8,"t":"2026-09-17T20:00:48.963Z"}
{"level":"info","event":"action","runId":"eeadbd9b-347c-42d2-83f5-f58b96d1e948","type":"search","rationale":"Investigate an uncovered required question","step":0,"t":"2026-09-17T20:00:49.470Z"}
{"level":"info","event":"action","runId":"eeadbd9b-347c-42d2-83f5-f58b96d1e948","type":"fetch","rationale":"Inspect an already-known source before another generic query","step":1,"t":"2026-09-17T20:00:49.492Z"}
{"level":"info","event":"action","runId":"eeadbd9b-347c-42d2-83f5-f58b96d1e948","type":"fetch","rationale":"Inspect an already-known source before another generic query","step":2,"t":"2026-09-17T20:00:49.507Z"}
{"level":"info","event":"action","runId":"eeadbd9b-347c-42d2-83f5-f58b96d1e948","type":"fetch","rationale":"Inspect an already-known source before another generic query","step":3,"t":"2026-09-17T20:00:49.522Z"}
{"level":"info","event":"action","runId":"eeadbd9b-347c-42d2-83f5-f58b96d1e948","type":"fetch","rationale":"Inspect an already-known source before another generic query","step":4,"t":"2026-09-17T20:00:49.536Z"}
{"level":"info","event":"action","runId":"eeadbd9b-347c-42d2-83f5-f58b96d1e948","type":"fetch","rationale":"Inspect an already-known source before another generic query","step":5,"t":"2026-09-17T20:00:49.550Z"}
{"level":"info","event":"action","runId":"eeadbd9b-347c-42d2-83f5-f58b96d1e948","type":"challenge","rationale":"Disconfirm material conclusion: A primary source that directly contradicts this conclusion.","step":6,"t":"2026-09-17T20:00:49.563Z"}
{"level":"info","event":"action","runId":"eeadbd9b-347c-42d2-83f5-f58b96d1e948","type":"challenge","rationale":"No counterexample found in accessed primary sources. This is not proof that the conclusion is true.","step":7,"t":"2026-09-17T20:00:49.577Z"}
{"level":"info","event":"action","runId":"eeadbd9b-347c-42d2-83f5-f58b96d1e948","type":"synthesize","rationale":"decision_critical_gaps_resolved_or_unresolvable; high-impact claims supported or qualified; contradictions handled; remaining actions low expected value","step":8,"t":"2026-09-17T20:00:49.588Z"}
{"level":"info","event":"action","runId":"7930f9eb-ab36-44fa-b805-efa551bd48d9","type":"clarify","rationale":"A blocking field is unspecified and would change the answer","step":0,"t":"2026-09-17T20:00:50.611Z"}
{"level":"info","event":"action","runId":"ccfee8bb-f8a9-4aea-a3cd-b772604e2c96","type":"clarify","rationale":"A blocking field is unspecified and would change the answer","step":0,"t":"2026-09-17T20:00:50.904Z"}
{"level":"info","event":"action","runId":"ccfee8bb-f8a9-4aea-a3cd-b772604e2c96","type":"search","rationale":"Investigate an uncovered required question","step":0,"t":"2026-09-17T20:00:50.931Z"}
{"level":"info","event":"action","runId":"ccfee8bb-f8a9-4aea-a3cd-b772604e2c96","type":"fetch","rationale":"Inspect an already-known source before another generic query","step":1,"t":"2026-09-17T20:00:50.949Z"}
{"level":"info","event":"action","runId":"ccfee8bb-f8a9-4aea-a3cd-b772604e2c96","type":"challenge","rationale":"Disconfirm material conclusion: A primary source that directly contradicts this conclusion.","step":2,"t":"2026-09-17T20:00:50.963Z"}
{"level":"info","event":"action","runId":"ccfee8bb-f8a9-4aea-a3cd-b772604e2c96","type":"challenge","rationale":"Disconfirm material conclusion: A primary source that directly contradicts this conclusion.","step":3,"t":"2026-09-17T20:00:50.977Z"}
{"level":"info","event":"action","runId":"ccfee8bb-f8a9-4aea-a3cd-b772604e2c96","type":"challenge","rationale":"Disconfirm material conclusion: A primary source that directly contradicts this conclusion.","step":4,"t":"2026-09-17T20:00:50.993Z"}
{"level":"info","event":"action","runId":"ccfee8bb-f8a9-4aea-a3cd-b772604e2c96","type":"challenge","rationale":"Disconfirm material conclusion: A primary source that directly contradicts this conclusion.","step":5,"t":"2026-09-17T20:00:51.007Z"}
{"level":"info","event":"action","runId":"ccfee8bb-f8a9-4aea-a3cd-b772604e2c96","type":"challenge","rationale":"Disconfirm material conclusion: A primary source that directly contradicts this conclusion.","step":6,"t":"2026-09-17T20:00:51.022Z"}
{"level":"info","event":"action","runId":"ccfee8bb-f8a9-4aea-a3cd-b772604e2c96","type":"challenge","rationale":"Disconfirm material conclusion: A primary source that directly contradicts this conclusion.","step":7,"t":"2026-09-17T20:00:51.036Z"}
{"level":"info","event":"action","runId":"ccfee8bb-f8a9-4aea-a3cd-b772604e2c96","type":"challenge","rationale":"Disconfirm material conclusion: A primary source that directly contradicts this conclusion.","step":8,"t":"2026-09-17T20:00:51.052Z"}
{"level":"info","event":"action","runId":"ccfee8bb-f8a9-4aea-a3cd-b772604e2c96","type":"challenge","rationale":"No counterexample found in accessed primary sources. This is not proof that the conclusion is true.","step":9,"t":"2026-09-17T20:00:51.066Z"}
{"level":"info","event":"action","runId":"ccfee8bb-f8a9-4aea-a3cd-b772604e2c96","type":"stop","rationale":"Repeated searches returned no novel source family or coverage progress","step":10,"t":"2026-09-17T20:00:51.077Z"}
{"level":"info","event":"action","runId":"e2fa4352-603b-4190-87f1-6728c550adac","type":"clarify","rationale":"A blocking field is unspecified and would change the answer","step":0,"t":"2026-09-17T20:00:51.586Z"}
{"level":"info","event":"action","runId":"e2fa4352-603b-4190-87f1-6728c550adac","type":"search","rationale":"Investigate an uncovered required question","step":0,"t":"2026-09-17T20:00:51.611Z"}
{"level":"info","event":"action","runId":"e2fa4352-603b-4190-87f1-6728c550adac","type":"fetch","rationale":"Inspect an already-known source before another generic query","step":1,"t":"2026-09-17T20:00:51.629Z"}
{"level":"info","event":"action","runId":"e2fa4352-603b-4190-87f1-6728c550adac","type":"challenge","rationale":"Disconfirm material conclusion: A primary source that directly contradicts this conclusion.","step":2,"t":"2026-09-17T20:00:51.642Z"}
{"level":"info","event":"action","runId":"e2fa4352-603b-4190-87f1-6728c550adac","type":"challenge","rationale":"Disconfirm material conclusion: A primary source that directly contradicts this conclusion.","step":3,"t":"2026-09-17T20:00:51.656Z"}
{"level":"info","event":"action","runId":"e2fa4352-603b-4190-87f1-6728c550adac","type":"challenge","rationale":"Disconfirm material conclusion: A primary source that directly contradicts this conclusion.","step":4,"t":"2026-09-17T20:00:51.670Z"}
{"level":"info","event":"action","runId":"e2fa4352-603b-4190-87f1-6728c550adac","type":"challenge","rationale":"Disconfirm material conclusion: A primary source that directly contradicts this conclusion.","step":5,"t":"2026-09-17T20:00:51.685Z"}
{"level":"info","event":"action","runId":"e2fa4352-603b-4190-87f1-6728c550adac","type":"challenge","rationale":"Disconfirm material conclusion: A primary source that directly contradicts this conclusion.","step":6,"t":"2026-09-17T20:00:51.699Z"}
{"level":"info","event":"action","runId":"e2fa4352-603b-4190-87f1-6728c550adac","type":"challenge","rationale":"Disconfirm material conclusion: A primary source that directly contradicts this conclusion.","step":7,"t":"2026-09-17T20:00:51.711Z"}
{"level":"info","event":"action","runId":"e2fa4352-603b-4190-87f1-6728c550adac","type":"challenge","rationale":"Disconfirm material conclusion: A primary source that directly contradicts this conclusion.","step":8,"t":"2026-09-17T20:00:51.725Z"}
{"level":"info","event":"action","runId":"e2fa4352-603b-4190-87f1-6728c550adac","type":"challenge","rationale":"No counterexample found in accessed primary sources. This is not proof that the conclusion is true.","step":9,"t":"2026-09-17T20:00:51.740Z"}
{"level":"info","event":"action","runId":"e2fa4352-603b-4190-87f1-6728c550adac","type":"stop","rationale":"Repeated searches returned no novel source family or coverage progress","step":10,"t":"2026-09-17T20:00:51.752Z"}
{"level":"info","event":"action","runId":"3a4044a2-55af-4029-aa26-61a15135466a","type":"clarify","rationale":"A blocking field is unspecified and would change the answer","step":0,"t":"2026-09-17T20:00:52.255Z"}
{"level":"info","event":"action","runId":"3a4044a2-55af-4029-aa26-61a15135466a","type":"search","rationale":"Investigate an uncovered required question","step":0,"t":"2026-09-17T20:00:52.280Z"}
{"level":"info","event":"action","runId":"3a4044a2-55af-4029-aa26-61a15135466a","type":"fetch","rationale":"Inspect an already-known source before another generic query","step":1,"t":"2026-09-17T20:00:52.299Z"}
{"level":"info","event":"action","runId":"3a4044a2-55af-4029-aa26-61a15135466a","type":"challenge","rationale":"Disconfirm material conclusion: A primary source that directly contradicts this conclusion.","step":2,"t":"2026-09-17T20:00:52.313Z"}
{"level":"info","event":"action","runId":"3a4044a2-55af-4029-aa26-61a15135466a","type":"challenge","rationale":"Disconfirm material conclusion: A primary source that directly contradicts this conclusion.","step":3,"t":"2026-09-17T20:00:52.327Z"}
{"level":"info","event":"action","runId":"3a4044a2-55af-4029-aa26-61a15135466a","type":"challenge","rationale":"Disconfirm material conclusion: A primary source that directly contradicts this conclusion.","step":4,"t":"2026-09-17T20:00:52.341Z"}
{"level":"info","event":"action","runId":"3a4044a2-55af-4029-aa26-61a15135466a","type":"challenge","rationale":"Disconfirm material conclusion: A primary source that directly contradicts this conclusion.","step":5,"t":"2026-09-17T20:00:52.355Z"}
{"level":"info","event":"action","runId":"3a4044a2-55af-4029-aa26-61a15135466a","type":"challenge","rationale":"Disconfirm material conclusion: A primary source that directly contradicts this conclusion.","step":6,"t":"2026-09-17T20:00:52.369Z"}
{"level":"info","event":"action","runId":"3a4044a2-55af-4029-aa26-61a15135466a","type":"challenge","rationale":"Disconfirm material conclusion: A primary source that directly contradicts this conclusion.","step":7,"t":"2026-09-17T20:00:52.382Z"}
{"level":"info","event":"action","runId":"3a4044a2-55af-4029-aa26-61a15135466a","type":"challenge","rationale":"Disconfirm material conclusion: A primary source that directly contradicts this conclusion.","step":8,"t":"2026-09-17T20:00:52.397Z"}
{"level":"info","event":"action","runId":"3a4044a2-55af-4029-aa26-61a15135466a","type":"challenge","rationale":"No counterexample found in accessed primary sources. This is not proof that the conclusion is true.","step":9,"t":"2026-09-17T20:00:52.410Z"}
{"level":"info","event":"action","runId":"3a4044a2-55af-4029-aa26-61a15135466a","type":"stop","rationale":"Repeated searches returned no novel source family or coverage progress","step":10,"t":"2026-09-17T20:00:52.421Z"}
 ✓ test/p3-remaining.integration.test.ts (51 tests) 29176ms
   ✓ remaining launch-scope IDs > M04 fixture comparison publishes a wide table, code listing, unicode-safe text, and many citations  804ms
   ✓ remaining launch-scope IDs > R06 preserves event date vs publication date  606ms
   ✓ remaining launch-scope IDs > R10 declines an unrelated celebrity branch from page content  656ms
   ✓ remaining launch-scope IDs > R12 explains different percentage denominators instead of averaging  597ms
   ✓ remaining launch-scope IDs > R15 states unknown without a fake probability  563ms
   ✓ remaining launch-scope IDs > R16 comparison names the requested entities and constraints  640ms
   ✓ remaining launch-scope IDs > E05 new source version does not rewrite the original report citation  664ms
   ✓ remaining launch-scope IDs > V2-13 private canary is stored as evidence, omitted from public queries, and denied to another account  628ms
   ✓ remaining launch-scope IDs > JOB-1 eligibility-aware comparison under platform and export constraints  613ms
   ✓ remaining launch-scope IDs > JOB-1 adding Linux as a hard requirement excludes NoteKeep and keeps NoteAll  1053ms
   ✓ remaining launch-scope IDs > JOB-1 removing Linux as a requirement makes NoteKeep eligible again  1031ms
   ✓ remaining launch-scope IDs > JOB-2 attached document text is stored as supplied evidence and not used as a public query  606ms
   ✓ remaining launch-scope IDs > E06 actual PDF with no readable evidence is disclosed as unread pages  628ms
   ✓ remaining launch-scope IDs > E08 quoted report text is taken from the stored passage  617ms
   ✓ remaining launch-scope IDs > E09 export citation anchors resolve to owned passages  620ms
   ✓ remaining launch-scope IDs > J02 a second processRun after completion does not duplicate the report or settlement  624ms
   ✓ remaining launch-scope IDs > J06 cancel after completion keeps the published report  633ms
   ✓ remaining launch-scope IDs > J08 event cursor returns only later sequences  625ms
   ✓ remaining launch-scope IDs > J13 live spend kill switch blocks new paid routes but keeps saved reports  593ms
   ✓ remaining launch-scope IDs > S07 cross-account reports are denied  620ms
   ✓ remaining launch-scope IDs > V2-10 a later unavailable fetch does not retract last-access evidence  626ms
   ✓ remaining launch-scope IDs > V2-11 concise view uses the same answer citations as the body  614ms
   ✓ remaining launch-scope IDs > V2-19 scanned tables stay unread rather than guessed  531ms
   ✓ remaining launch-scope IDs > R17 concise request still keeps limitations  592ms
   ✓ remaining launch-scope IDs > R18 compacted checkpoint still lists stored passage ids  597ms
   ✓ remaining launch-scope IDs > R19 follow-up verifies one claim and keeps the parent report  1056ms
   ✓ remaining launch-scope IDs > R20 dates a retrieved price and keeps a founding year as history  595ms
   ✓ remaining launch-scope IDs > R21 labels a German original as a translation  528ms
   ✓ remaining launch-scope IDs > E03 preserves the adults-over-65 qualifier  528ms
   ✓ remaining launch-scope IDs > E04 report uses the table's 24% rather than 42%  532ms
   ✓ remaining launch-scope IDs > E10 withdraws the conclusion when the asserted 42% is unsupported by the 24% table  536ms
   ✓ remaining launch-scope IDs > J07 expired lease is reclaimed; a live lease is not stolen  565ms
   ✓ remaining launch-scope IDs > J10 a tight budget still publishes a written report  504ms
   ✓ remaining launch-scope IDs > J11 reports that app counters are not provider-internal guarantees  590ms
   ✓ remaining launch-scope IDs > J14 duplicate completion epochs share one outbox row and omit query text  593ms
   ✓ remaining launch-scope IDs > V2-09 deleted attachment text is not left in reports  640ms
   ✓ remaining launch-scope IDs > V2-09 late worker cannot republish deleted private text even if it claims deleted=false  437ms
   ✓ remaining launch-scope IDs > expired session cannot read library or reports  627ms
   ✓ remaining launch-scope IDs > library lists report_id for a completed run so share can resolve  610ms
   ✓ remaining launch-scope IDs > clarification continue records geography and resumes  686ms
   ✓ remaining launch-scope IDs > R02 continue with France records France and does not invent Germany  675ms
   ✓ remaining launch-scope IDs > R02 after France continue discovery uses France evidence not the Germany default note  666ms
{"level":"info","event":"action","runId":"5ee7889c-b5ad-4324-a8ae-44ebe6dec1ed","type":"search","rationale":"Investigate an uncovered required question","step":0,"t":"2026-09-17T20:00:53.854Z"}
{"level":"info","event":"action","runId":"5ee7889c-b5ad-4324-a8ae-44ebe6dec1ed","type":"fetch","rationale":"Inspect an already-known source before another generic query","step":1,"t":"2026-09-17T20:00:53.894Z"}
{"level":"info","event":"action","runId":"5ee7889c-b5ad-4324-a8ae-44ebe6dec1ed","type":"fetch","rationale":"Inspect an already-known source before another generic query","step":2,"t":"2026-09-17T20:00:53.916Z"}
{"level":"info","event":"action","runId":"5ee7889c-b5ad-4324-a8ae-44ebe6dec1ed","type":"fetch","rationale":"Inspect an already-known source before another generic query","step":3,"t":"2026-09-17T20:00:53.937Z"}
{"level":"info","event":"action","runId":"5ee7889c-b5ad-4324-a8ae-44ebe6dec1ed","type":"fetch","rationale":"Inspect an already-known source before another generic query","step":4,"t":"2026-09-17T20:00:53.957Z"}
{"level":"info","event":"action","runId":"5ee7889c-b5ad-4324-a8ae-44ebe6dec1ed","type":"fetch","rationale":"Inspect an already-known source before another generic query","step":5,"t":"2026-09-17T20:00:53.976Z"}
{"level":"info","event":"action","runId":"5ee7889c-b5ad-4324-a8ae-44ebe6dec1ed","type":"challenge","rationale":"Disconfirm material conclusion: A primary source that directly contradicts this conclusion.","step":6,"t":"2026-09-17T20:00:53.999Z"}
{"level":"info","event":"action","runId":"5ee7889c-b5ad-4324-a8ae-44ebe6dec1ed","type":"challenge","rationale":"No counterexample found in accessed primary sources. This is not proof that the conclusion is true.","step":7,"t":"2026-09-17T20:00:54.022Z"}
{"level":"info","event":"action","runId":"5ee7889c-b5ad-4324-a8ae-44ebe6dec1ed","type":"synthesize","rationale":"decision_critical_gaps_resolved_or_unresolvable; high-impact claims supported or qualified; contradictions handled; remaining actions low expected value","step":8,"t":"2026-09-17T20:00:54.039Z"}
{"level":"info","event":"action","runId":"b88cb2af-406a-4045-a2b0-545bf18daedc","type":"challenge","rationale":"Disconfirm material conclusion: A primary source that directly contradicts this conclusion.","step":0,"t":"2026-09-17T20:00:54.651Z"}
{"level":"info","event":"action","runId":"b88cb2af-406a-4045-a2b0-545bf18daedc","type":"fetch","rationale":"Inspect an already-known source before another generic query","step":1,"t":"2026-09-17T20:00:54.684Z"}
{"level":"info","event":"action","runId":"b88cb2af-406a-4045-a2b0-545bf18daedc","type":"fetch","rationale":"Inspect an already-known source before another generic query","step":2,"t":"2026-09-17T20:00:54.705Z"}
{"level":"info","event":"action","runId":"b88cb2af-406a-4045-a2b0-545bf18daedc","type":"fetch","rationale":"Inspect an already-known source before another generic query","step":3,"t":"2026-09-17T20:00:54.724Z"}
{"level":"info","event":"action","runId":"b88cb2af-406a-4045-a2b0-545bf18daedc","type":"challenge","rationale":"No counterexample found in accessed primary sources. This is not proof that the conclusion is true.","step":4,"t":"2026-09-17T20:00:54.749Z"}
{"level":"info","event":"action","runId":"b88cb2af-406a-4045-a2b0-545bf18daedc","type":"synthesize","rationale":"decision_critical_gaps_resolved_or_unresolvable; high-impact claims supported or qualified; contradictions handled; remaining actions low expected value","step":5,"t":"2026-09-17T20:00:54.765Z"}
{"level":"info","event":"action","runId":"3fbeb20e-9e04-43a2-9e0a-93db6e0d8735","type":"search","rationale":"Investigate an uncovered required question","step":0,"t":"2026-09-17T20:00:55.312Z"}
{"level":"info","event":"action","runId":"3fbeb20e-9e04-43a2-9e0a-93db6e0d8735","type":"fetch","rationale":"Inspect an already-known source before another generic query","step":1,"t":"2026-09-17T20:00:55.346Z"}
{"level":"info","event":"action","runId":"3fbeb20e-9e04-43a2-9e0a-93db6e0d8735","type":"fetch","rationale":"Inspect an already-known source before another generic query","step":2,"t":"2026-09-17T20:00:55.361Z"}
{"level":"info","event":"action","runId":"3fbeb20e-9e04-43a2-9e0a-93db6e0d8735","type":"fetch","rationale":"Inspect an already-known source before another generic query","step":3,"t":"2026-09-17T20:00:55.379Z"}
{"level":"info","event":"action","runId":"3fbeb20e-9e04-43a2-9e0a-93db6e0d8735","type":"challenge","rationale":"Disconfirm material conclusion: A primary source that directly contradicts this conclusion.","step":4,"t":"2026-09-17T20:00:55.402Z"}
{"level":"info","event":"action","runId":"3fbeb20e-9e04-43a2-9e0a-93db6e0d8735","type":"challenge","rationale":"No counterexample found in accessed primary sources. This is not proof that the conclusion is true.","step":5,"t":"2026-09-17T20:00:55.419Z"}
{"level":"info","event":"action","runId":"3fbeb20e-9e04-43a2-9e0a-93db6e0d8735","type":"synthesize","rationale":"decision_critical_gaps_resolved_or_unresolvable; high-impact claims supported or qualified; contradictions handled; remaining actions low expected value","step":6,"t":"2026-09-17T20:00:55.433Z"}
{"level":"info","event":"action","runId":"443edaff-1007-46da-846e-951c64d32a15","type":"challenge","rationale":"Disconfirm material conclusion: A primary source that directly contradicts this conclusion.","step":0,"t":"2026-09-17T20:00:55.775Z"}
{"level":"info","event":"action","runId":"443edaff-1007-46da-846e-951c64d32a15","type":"fetch","rationale":"Inspect an already-known source before another generic query","step":1,"t":"2026-09-17T20:00:55.803Z"}
{"level":"info","event":"action","runId":"443edaff-1007-46da-846e-951c64d32a15","type":"fetch","rationale":"Inspect an already-known source before another generic query","step":2,"t":"2026-09-17T20:00:55.820Z"}
{"level":"info","event":"action","runId":"443edaff-1007-46da-846e-951c64d32a15","type":"fetch","rationale":"Inspect an already-known source before another generic query","step":3,"t":"2026-09-17T20:00:55.836Z"}
{"level":"info","event":"action","runId":"443edaff-1007-46da-846e-951c64d32a15","type":"challenge","rationale":"No counterexample found in accessed primary sources. This is not proof that the conclusion is true.","step":4,"t":"2026-09-17T20:00:55.856Z"}
{"level":"info","event":"action","runId":"443edaff-1007-46da-846e-951c64d32a15","type":"synthesize","rationale":"decision_critical_gaps_resolved_or_unresolvable; high-impact claims supported or qualified; contradictions handled; remaining actions low expected value","step":5,"t":"2026-09-17T20:00:55.869Z"}
{"level":"info","event":"action","runId":"3cf4d60d-878f-44b1-8f86-a5bc7d667cf4","type":"search","rationale":"Investigate an uncovered required question","step":0,"t":"2026-09-17T20:00:56.206Z"}
{"level":"info","event":"action","runId":"3cf4d60d-878f-44b1-8f86-a5bc7d667cf4","type":"fetch","rationale":"Inspect an already-known source before another generic query","step":1,"t":"2026-09-17T20:00:56.238Z"}
{"level":"info","event":"action","runId":"3cf4d60d-878f-44b1-8f86-a5bc7d667cf4","type":"fetch","rationale":"Inspect an already-known source before another generic query","step":2,"t":"2026-09-17T20:00:56.254Z"}
{"level":"info","event":"action","runId":"3cf4d60d-878f-44b1-8f86-a5bc7d667cf4","type":"fetch","rationale":"Inspect an already-known source before another generic query","step":3,"t":"2026-09-17T20:00:56.269Z"}
{"level":"info","event":"action","runId":"3cf4d60d-878f-44b1-8f86-a5bc7d667cf4","type":"challenge","rationale":"Disconfirm material conclusion: A primary source that directly contradicts this conclusion.","step":4,"t":"2026-09-17T20:00:56.291Z"}
{"level":"info","event":"action","runId":"3cf4d60d-878f-44b1-8f86-a5bc7d667cf4","type":"challenge","rationale":"No counterexample found in accessed primary sources. This is not proof that the conclusion is true.","step":5,"t":"2026-09-17T20:00:56.308Z"}
{"level":"info","event":"action","runId":"3cf4d60d-878f-44b1-8f86-a5bc7d667cf4","type":"synthesize","rationale":"decision_critical_gaps_resolved_or_unresolvable; high-impact claims supported or qualified; contradictions handled; remaining actions low expected value","step":6,"t":"2026-09-17T20:00:56.320Z"}
{"level":"info","event":"action","runId":"b940dcca-66ff-4270-b592-17a95d1202ee","type":"search","rationale":"Investigate an uncovered required question","step":0,"t":"2026-09-17T20:00:56.636Z"}
{"level":"info","event":"action","runId":"b940dcca-66ff-4270-b592-17a95d1202ee","type":"fetch","rationale":"Inspect an already-known source before another generic query","step":1,"t":"2026-09-17T20:00:56.659Z"}
{"level":"info","event":"action","runId":"b940dcca-66ff-4270-b592-17a95d1202ee","type":"fetch","rationale":"Inspect an already-known source before another generic query","step":2,"t":"2026-09-17T20:00:56.676Z"}
{"level":"info","event":"action","runId":"b940dcca-66ff-4270-b592-17a95d1202ee","type":"fetch","rationale":"Inspect an already-known source before another generic query","step":3,"t":"2026-09-17T20:00:56.691Z"}
{"level":"info","event":"action","runId":"b940dcca-66ff-4270-b592-17a95d1202ee","type":"fetch","rationale":"Inspect an already-known source before another generic query","step":4,"t":"2026-09-17T20:00:56.708Z"}
{"level":"info","event":"action","runId":"b940dcca-66ff-4270-b592-17a95d1202ee","type":"fetch","rationale":"Inspect an already-known source before another generic query","step":5,"t":"2026-09-17T20:00:56.727Z"}
{"level":"info","event":"action","runId":"b940dcca-66ff-4270-b592-17a95d1202ee","type":"challenge","rationale":"Disconfirm material conclusion: A primary source that directly contradicts this conclusion.","step":6,"t":"2026-09-17T20:00:56.745Z"}
{"level":"info","event":"action","runId":"b940dcca-66ff-4270-b592-17a95d1202ee","type":"challenge","rationale":"No counterexample found in accessed primary sources. This is not proof that the conclusion is true.","step":7,"t":"2026-09-17T20:00:56.765Z"}
{"level":"info","event":"action","runId":"b940dcca-66ff-4270-b592-17a95d1202ee","type":"synthesize","rationale":"decision_critical_gaps_resolved_or_unresolvable; high-impact claims supported or qualified; contradictions handled; remaining actions low expected value","step":8,"t":"2026-09-17T20:00:56.783Z"}
{"level":"info","event":"action","runId":"a406ecd7-52c0-4291-8aac-f28ae182837b","type":"search","rationale":"Investigate an uncovered required question","step":0,"t":"2026-09-17T20:00:57.347Z"}
{"level":"info","event":"action","runId":"a406ecd7-52c0-4291-8aac-f28ae182837b","type":"fetch","rationale":"Inspect an already-known source before another generic query","step":1,"t":"2026-09-17T20:00:57.375Z"}
{"level":"info","event":"action","runId":"a406ecd7-52c0-4291-8aac-f28ae182837b","type":"fetch","rationale":"Inspect an already-known source before another generic query","step":2,"t":"2026-09-17T20:00:57.390Z"}
{"level":"info","event":"action","runId":"a406ecd7-52c0-4291-8aac-f28ae182837b","type":"fetch","rationale":"Inspect an already-known source before another generic query","step":3,"t":"2026-09-17T20:00:57.408Z"}
{"level":"info","event":"action","runId":"a406ecd7-52c0-4291-8aac-f28ae182837b","type":"fetch","rationale":"Inspect an already-known source before another generic query","step":4,"t":"2026-09-17T20:00:57.426Z"}
{"level":"info","event":"action","runId":"a406ecd7-52c0-4291-8aac-f28ae182837b","type":"fetch","rationale":"Inspect an already-known source before another generic query","step":5,"t":"2026-09-17T20:00:57.443Z"}
{"level":"info","event":"action","runId":"a406ecd7-52c0-4291-8aac-f28ae182837b","type":"challenge","rationale":"Disconfirm material conclusion: A primary source that directly contradicts this conclusion.","step":6,"t":"2026-09-17T20:00:57.465Z"}
{"level":"info","event":"action","runId":"a406ecd7-52c0-4291-8aac-f28ae182837b","type":"challenge","rationale":"No counterexample found in accessed primary sources. This is not proof that the conclusion is true.","step":7,"t":"2026-09-17T20:00:57.490Z"}
{"level":"info","event":"action","runId":"a406ecd7-52c0-4291-8aac-f28ae182837b","type":"synthesize","rationale":"decision_critical_gaps_resolved_or_unresolvable; high-impact claims supported or qualified; contradictions handled; remaining actions low expected value","step":8,"t":"2026-09-17T20:00:57.506Z"}
{"level":"info","event":"action","runId":"2bb330e4-7746-48b6-b17c-0d2b2983dd4a","type":"search","rationale":"Investigate an uncovered required question","step":0,"t":"2026-09-17T20:00:58.027Z"}
{"level":"info","event":"action","runId":"2bb330e4-7746-48b6-b17c-0d2b2983dd4a","type":"fetch","rationale":"Inspect an already-known source before another generic query","step":1,"t":"2026-09-17T20:00:58.052Z"}
{"level":"info","event":"action","runId":"2bb330e4-7746-48b6-b17c-0d2b2983dd4a","type":"fetch","rationale":"Inspect an already-known source before another generic query","step":2,"t":"2026-09-17T20:00:58.065Z"}
{"level":"info","event":"action","runId":"2bb330e4-7746-48b6-b17c-0d2b2983dd4a","type":"fetch","rationale":"Inspect an already-known source before another generic query","step":3,"t":"2026-09-17T20:00:58.080Z"}
{"level":"info","event":"action","runId":"2bb330e4-7746-48b6-b17c-0d2b2983dd4a","type":"challenge","rationale":"Disconfirm material conclusion: A primary source that directly contradicts this conclusion.","step":4,"t":"2026-09-17T20:00:58.098Z"}
{"level":"info","event":"action","runId":"2bb330e4-7746-48b6-b17c-0d2b2983dd4a","type":"challenge","rationale":"No counterexample found in accessed primary sources. This is not proof that the conclusion is true.","step":5,"t":"2026-09-17T20:00:58.115Z"}
{"level":"info","event":"action","runId":"2bb330e4-7746-48b6-b17c-0d2b2983dd4a","type":"synthesize","rationale":"decision_critical_gaps_resolved_or_unresolvable; high-impact claims supported or qualified; contradictions handled; remaining actions low expected value","step":6,"t":"2026-09-17T20:00:58.127Z"}
{"level":"info","event":"action","runId":"48c440af-6176-4248-b5ec-b92d60122539","type":"search","rationale":"Investigate an uncovered required question","step":0,"t":"2026-09-17T20:00:58.439Z"}
{"level":"info","event":"action","runId":"48c440af-6176-4248-b5ec-b92d60122539","type":"fetch","rationale":"Inspect an already-known source before another generic query","step":1,"t":"2026-09-17T20:00:58.462Z"}
{"level":"info","event":"action","runId":"48c440af-6176-4248-b5ec-b92d60122539","type":"fetch","rationale":"Inspect an already-known source before another generic query","step":2,"t":"2026-09-17T20:00:58.477Z"}
{"level":"info","event":"action","runId":"48c440af-6176-4248-b5ec-b92d60122539","type":"fetch","rationale":"Inspect an already-known source before another generic query","step":3,"t":"2026-09-17T20:00:58.492Z"}
{"level":"info","event":"action","runId":"48c440af-6176-4248-b5ec-b92d60122539","type":"challenge","rationale":"Disconfirm material conclusion: A primary source that directly contradicts this conclusion.","step":4,"t":"2026-09-17T20:00:58.510Z"}
{"level":"info","event":"action","runId":"48c440af-6176-4248-b5ec-b92d60122539","type":"challenge","rationale":"No counterexample found in accessed primary sources. This is not proof that the conclusion is true.","step":5,"t":"2026-09-17T20:00:58.526Z"}
{"level":"info","event":"action","runId":"48c440af-6176-4248-b5ec-b92d60122539","type":"synthesize","rationale":"decision_critical_gaps_resolved_or_unresolvable; high-impact claims supported or qualified; contradictions handled; remaining actions low expected value","step":6,"t":"2026-09-17T20:00:58.536Z"}
 ✓ test/g01-g02.integration.test.ts (9 tests) 5326ms
   ✓ G01 safety policy > G01-cross-user: another account cannot read run, events, report, source, export, or mutate  853ms
   ✓ G01 safety policy > G01-private-to-public: attachment canary is stored as evidence and omitted from search queries  691ms
   ✓ G01 safety policy > G01-consent: missing, declined, and revoked consent cannot start or continue processing  456ms
   ✓ G01 safety policy > G01-deletion: derived text is purged and a late worker cannot resurrect it  464ms
   ✓ G02 engineering requirement > G02-unknown-citation: invented passage IDs cannot publish  396ms
   ✓ G02 engineering requirement > G02-lost-run: an accepted create remains recoverable from the server after the client drops state  675ms
   ✓ G02 engineering requirement > G02-duplicate-debit: replayed completion and idempotent create settle once  724ms
   ✓ G02 engineering requirement > G02-stale-revision: obsolete brief, evidence, or lease cannot publish  429ms
   ✓ G02 engineering requirement > G02-cancel-writing: cancel during writing rejects late publication  405ms
{"level":"info","event":"action","runId":"63c73a3b-058a-4ae4-a40b-71f067974d54","type":"search","rationale":"Investigate an uncovered required question","step":0,"t":"2026-09-17T20:00:59.884Z"}
{"level":"info","event":"action","runId":"63c73a3b-058a-4ae4-a40b-71f067974d54","type":"fetch","rationale":"Inspect an already-known source before another generic query","step":1,"t":"2026-09-17T20:00:59.935Z"}
{"level":"info","event":"action","runId":"63c73a3b-058a-4ae4-a40b-71f067974d54","type":"fetch","rationale":"Inspect an already-known source before another generic query","step":2,"t":"2026-09-17T20:00:59.959Z"}
{"level":"info","event":"action","runId":"63c73a3b-058a-4ae4-a40b-71f067974d54","type":"fetch","rationale":"Inspect an already-known source before another generic query","step":3,"t":"2026-09-17T20:00:59.981Z"}
{"level":"info","event":"action","runId":"63c73a3b-058a-4ae4-a40b-71f067974d54","type":"challenge","rationale":"Disconfirm material conclusion: A primary source that directly contradicts this conclusion.","step":4,"t":"2026-09-17T20:01:00.011Z"}
{"level":"info","event":"action","runId":"63c73a3b-058a-4ae4-a40b-71f067974d54","type":"challenge","rationale":"No counterexample found in accessed primary sources. This is not proof that the conclusion is true.","step":5,"t":"2026-09-17T20:01:00.036Z"}
{"level":"info","event":"action","runId":"63c73a3b-058a-4ae4-a40b-71f067974d54","type":"synthesize","rationale":"decision_critical_gaps_resolved_or_unresolvable; high-impact claims supported or qualified; contradictions handled; remaining actions low expected value","step":6,"t":"2026-09-17T20:01:00.055Z"}
{"level":"info","event":"action","runId":"2f6dba1e-c2d0-4aab-9a30-1dc8e68a0189","type":"search","rationale":"Investigate an uncovered required question","step":0,"t":"2026-09-17T20:01:00.662Z"}
{"level":"info","event":"action","runId":"2f6dba1e-c2d0-4aab-9a30-1dc8e68a0189","type":"fetch","rationale":"Inspect an already-known source before another generic query","step":1,"t":"2026-09-17T20:01:00.687Z"}
{"level":"info","event":"action","runId":"2f6dba1e-c2d0-4aab-9a30-1dc8e68a0189","type":"challenge","rationale":"Disconfirm material conclusion: A current official catalog entry for the named product.","step":2,"t":"2026-09-17T20:01:00.707Z"}
{"level":"info","event":"action","runId":"2f6dba1e-c2d0-4aab-9a30-1dc8e68a0189","type":"challenge","rationale":"No counterexample found in accessed primary sources. This is not proof that the conclusion is true.","step":3,"t":"2026-09-17T20:01:00.725Z"}
{"level":"info","event":"action","runId":"2f6dba1e-c2d0-4aab-9a30-1dc8e68a0189","type":"synthesize","rationale":"decision_critical_gaps_resolved_or_unresolvable; high-impact claims supported or qualified; contradictions handled; remaining actions low expected value","step":4,"t":"2026-09-17T20:01:00.739Z"}
{"level":"info","event":"action","runId":"2da33b9e-73a6-451a-b4dd-3dddda6aaf6c","type":"search","rationale":"Investigate an uncovered required question","step":0,"t":"2026-09-17T20:01:01.256Z"}
{"level":"info","event":"action","runId":"2da33b9e-73a6-451a-b4dd-3dddda6aaf6c","type":"fetch","rationale":"Inspect an already-known source before another generic query","step":1,"t":"2026-09-17T20:01:01.288Z"}
{"level":"info","event":"action","runId":"2da33b9e-73a6-451a-b4dd-3dddda6aaf6c","type":"fetch","rationale":"Inspect an already-known source before another generic query","step":2,"t":"2026-09-17T20:01:01.308Z"}
{"level":"info","event":"action","runId":"2da33b9e-73a6-451a-b4dd-3dddda6aaf6c","type":"fetch","rationale":"Inspect an already-known source before another generic query","step":3,"t":"2026-09-17T20:01:01.333Z"}
{"level":"info","event":"action","runId":"2da33b9e-73a6-451a-b4dd-3dddda6aaf6c","type":"fetch","rationale":"Inspect an already-known source before another generic query","step":4,"t":"2026-09-17T20:01:01.354Z"}
{"level":"info","event":"action","runId":"2da33b9e-73a6-451a-b4dd-3dddda6aaf6c","type":"fetch","rationale":"Inspect an already-known source before another generic query","step":5,"t":"2026-09-17T20:01:01.371Z"}
{"level":"info","event":"action","runId":"2da33b9e-73a6-451a-b4dd-3dddda6aaf6c","type":"challenge","rationale":"Disconfirm material conclusion: A primary source that directly contradicts this conclusion.","step":6,"t":"2026-09-17T20:01:01.397Z"}
{"level":"info","event":"action","runId":"2da33b9e-73a6-451a-b4dd-3dddda6aaf6c","type":"challenge","rationale":"No counterexample found in accessed primary sources. This is not proof that the conclusion is true.","step":7,"t":"2026-09-17T20:01:01.422Z"}
{"level":"info","event":"action","runId":"2da33b9e-73a6-451a-b4dd-3dddda6aaf6c","type":"synthesize","rationale":"decision_critical_gaps_resolved_or_unresolvable; high-impact claims supported or qualified; contradictions handled; remaining actions low expected value","step":8,"t":"2026-09-17T20:01:01.437Z"}
{"level":"info","event":"action","runId":"f6af7213-41f3-4cb9-92c3-0b70ccd14091","type":"search","rationale":"Initial dataset excludes the user's stated population; pivot source type","step":0,"t":"2026-09-17T20:01:01.956Z"}
{"level":"info","event":"action","runId":"f6af7213-41f3-4cb9-92c3-0b70ccd14091","type":"search","rationale":"Decision-blocking gap: population-specific evidence. Switching source type to population-specific.","step":1,"t":"2026-09-17T20:01:01.976Z"}
{"level":"info","event":"action","runId":"f6af7213-41f3-4cb9-92c3-0b70ccd14091","type":"search","rationale":"Decision-blocking gap: population-specific evidence. Switching source type to population-specific.","step":2,"t":"2026-09-17T20:01:01.993Z"}
{"level":"info","event":"action","runId":"f6af7213-41f3-4cb9-92c3-0b70ccd14091","type":"search","rationale":"Decision-blocking gap: population-specific evidence. Switching source type to population-specific.","step":3,"t":"2026-09-17T20:01:02.008Z"}
{"level":"info","event":"action","runId":"f6af7213-41f3-4cb9-92c3-0b70ccd14091","type":"search","rationale":"Decision-blocking gap: population-specific evidence. Switching source type to population-specific.","step":4,"t":"2026-09-17T20:01:02.023Z"}
{"level":"info","event":"action","runId":"f6af7213-41f3-4cb9-92c3-0b70ccd14091","type":"search","rationale":"Decision-blocking gap: population-specific evidence. Switching source type to population-specific.","step":5,"t":"2026-09-17T20:01:02.037Z"}
{"level":"info","event":"action","runId":"f6af7213-41f3-4cb9-92c3-0b70ccd14091","type":"search","rationale":"Decision-blocking gap: population-specific evidence. Switching source type to population-specific.","step":6,"t":"2026-09-17T20:01:02.052Z"}
{"level":"info","event":"action","runId":"f6af7213-41f3-4cb9-92c3-0b70ccd14091","type":"search","rationale":"Decision-blocking gap: population-specific evidence. Switching source type to population-specific.","step":7,"t":"2026-09-17T20:01:02.065Z"}
{"level":"info","event":"action","runId":"f6af7213-41f3-4cb9-92c3-0b70ccd14091","type":"fetch","rationale":"Inspect an already-known source before another generic query","step":8,"t":"2026-09-17T20:01:02.081Z"}
{"level":"info","event":"action","runId":"f6af7213-41f3-4cb9-92c3-0b70ccd14091","type":"fetch","rationale":"Inspect an already-known source before another generic query","step":9,"t":"2026-09-17T20:01:02.099Z"}
{"level":"info","event":"action","runId":"f6af7213-41f3-4cb9-92c3-0b70ccd14091","type":"challenge","rationale":"No counterexample found in accessed primary sources. This is not proof that the conclusion is true.","step":10,"t":"2026-09-17T20:01:02.116Z"}
{"level":"info","event":"action","runId":"f6af7213-41f3-4cb9-92c3-0b70ccd14091","type":"stop","rationale":"Repeated searches returned no novel source family or coverage progress","step":11,"t":"2026-09-17T20:01:02.129Z"}
{"level":"info","event":"action","runId":"5da987c2-d1ea-43cf-a688-618b89feb698","type":"search","rationale":"Investigate an uncovered required question","step":0,"t":"2026-09-17T20:01:02.623Z"}
{"level":"info","event":"action","runId":"5da987c2-d1ea-43cf-a688-618b89feb698","type":"fetch","rationale":"Inspect an already-known source before another generic query","step":1,"t":"2026-09-17T20:01:02.642Z"}
{"level":"info","event":"action","runId":"5da987c2-d1ea-43cf-a688-618b89feb698","type":"challenge","rationale":"Disconfirm material conclusion: A primary source that directly contradicts this conclusion.","step":2,"t":"2026-09-17T20:01:02.656Z"}
{"level":"info","event":"action","runId":"5da987c2-d1ea-43cf-a688-618b89feb698","type":"challenge","rationale":"No counterexample found in accessed primary sources. This is not proof that the conclusion is true.","step":3,"t":"2026-09-17T20:01:02.672Z"}
{"level":"info","event":"action","runId":"5da987c2-d1ea-43cf-a688-618b89feb698","type":"synthesize","rationale":"decision_critical_gaps_resolved_or_unresolvable; high-impact claims supported or qualified; contradictions handled; remaining actions low expected value","step":4,"t":"2026-09-17T20:01:02.687Z"}
{"level":"info","event":"action","runId":"2cff4f61-5593-4a3f-a752-fd38d6f41c54","type":"search","rationale":"Investigate an uncovered required question","step":0,"t":"2026-09-17T20:01:03.179Z"}
{"level":"info","event":"action","runId":"2cff4f61-5593-4a3f-a752-fd38d6f41c54","type":"fetch","rationale":"Inspect an already-known source before another generic query","step":1,"t":"2026-09-17T20:01:03.205Z"}
{"level":"info","event":"action","runId":"2cff4f61-5593-4a3f-a752-fd38d6f41c54","type":"fetch","rationale":"Inspect an already-known source before another generic query","step":2,"t":"2026-09-17T20:01:03.219Z"}
{"level":"info","event":"action","runId":"2cff4f61-5593-4a3f-a752-fd38d6f41c54","type":"fetch","rationale":"Inspect an already-known source before another generic query","step":3,"t":"2026-09-17T20:01:03.235Z"}
{"level":"info","event":"action","runId":"2cff4f61-5593-4a3f-a752-fd38d6f41c54","type":"challenge","rationale":"Disconfirm material conclusion: A primary source that directly contradicts this conclusion.","step":4,"t":"2026-09-17T20:01:03.254Z"}
{"level":"info","event":"action","runId":"2cff4f61-5593-4a3f-a752-fd38d6f41c54","type":"challenge","rationale":"No counterexample found in accessed primary sources. This is not proof that the conclusion is true.","step":5,"t":"2026-09-17T20:01:03.271Z"}
{"level":"info","event":"action","runId":"2cff4f61-5593-4a3f-a752-fd38d6f41c54","type":"synthesize","rationale":"decision_critical_gaps_resolved_or_unresolvable; high-impact claims supported or qualified; contradictions handled; remaining actions low expected value","step":6,"t":"2026-09-17T20:01:03.286Z"}
{"level":"info","event":"action","runId":"dba0322c-00d1-4619-8306-10f02190525a","type":"search","rationale":"Investigate an uncovered required question","step":0,"t":"2026-09-17T20:01:03.823Z"}
{"level":"info","event":"action","runId":"dba0322c-00d1-4619-8306-10f02190525a","type":"fetch","rationale":"Inspect an already-known source before another generic query","step":1,"t":"2026-09-17T20:01:03.853Z"}
{"level":"info","event":"action","runId":"dba0322c-00d1-4619-8306-10f02190525a","type":"fetch","rationale":"Inspect an already-known source before another generic query","step":2,"t":"2026-09-17T20:01:03.870Z"}
{"level":"info","event":"action","runId":"dba0322c-00d1-4619-8306-10f02190525a","type":"fetch","rationale":"Inspect an already-known source before another generic query","step":3,"t":"2026-09-17T20:01:03.885Z"}
{"level":"info","event":"action","runId":"dba0322c-00d1-4619-8306-10f02190525a","type":"fetch","rationale":"Inspect an already-known source before another generic query","step":4,"t":"2026-09-17T20:01:03.900Z"}
{"level":"info","event":"action","runId":"dba0322c-00d1-4619-8306-10f02190525a","type":"fetch","rationale":"Inspect an already-known source before another generic query","step":5,"t":"2026-09-17T20:01:03.914Z"}
{"level":"info","event":"action","runId":"dba0322c-00d1-4619-8306-10f02190525a","type":"challenge","rationale":"Disconfirm material conclusion: A primary source that directly contradicts this conclusion.","step":6,"t":"2026-09-17T20:01:03.927Z"}
{"level":"info","event":"action","runId":"dba0322c-00d1-4619-8306-10f02190525a","type":"challenge","rationale":"No counterexample found in accessed primary sources. This is not proof that the conclusion is true.","step":7,"t":"2026-09-17T20:01:03.943Z"}
{"level":"info","event":"action","runId":"dba0322c-00d1-4619-8306-10f02190525a","type":"synthesize","rationale":"decision_critical_gaps_resolved_or_unresolvable; high-impact claims supported or qualified; contradictions handled; remaining actions low expected value","step":8,"t":"2026-09-17T20:01:03.955Z"}
{"level":"info","event":"action","runId":"9d312a6b-8818-469c-bb58-6ee8b860029e","type":"search","rationale":"Investigate an uncovered required question","step":0,"t":"2026-09-17T20:01:04.709Z"}
{"level":"info","event":"action","runId":"9d312a6b-8818-469c-bb58-6ee8b860029e","type":"fetch","rationale":"Inspect an already-known source before another generic query","step":0,"t":"2026-09-17T20:01:04.740Z"}
{"level":"info","event":"action","runId":"9d312a6b-8818-469c-bb58-6ee8b860029e","type":"fetch","rationale":"Inspect an already-known source before another generic query","step":1,"t":"2026-09-17T20:01:04.754Z"}
{"level":"info","event":"action","runId":"9d312a6b-8818-469c-bb58-6ee8b860029e","type":"fetch","rationale":"Inspect an already-known source before another generic query","step":2,"t":"2026-09-17T20:01:04.768Z"}
{"level":"info","event":"action","runId":"9d312a6b-8818-469c-bb58-6ee8b860029e","type":"challenge","rationale":"Disconfirm material conclusion: A primary source that directly contradicts this conclusion.","step":3,"t":"2026-09-17T20:01:04.786Z"}
{"level":"info","event":"action","runId":"9d312a6b-8818-469c-bb58-6ee8b860029e","type":"challenge","rationale":"No counterexample found in accessed primary sources. This is not proof that the conclusion is true.","step":4,"t":"2026-09-17T20:01:04.800Z"}
{"level":"info","event":"action","runId":"9d312a6b-8818-469c-bb58-6ee8b860029e","type":"synthesize","rationale":"decision_critical_gaps_resolved_or_unresolvable; high-impact claims supported or qualified; contradictions handled; remaining actions low expected value","step":5,"t":"2026-09-17T20:01:04.811Z"}
{"level":"info","event":"action","runId":"89dc7885-8cf3-463d-a676-b84acf026655","type":"search","rationale":"Investigate an uncovered required question","step":0,"t":"2026-09-17T20:01:05.303Z"}
{"level":"info","event":"action","runId":"89dc7885-8cf3-463d-a676-b84acf026655","type":"fetch","rationale":"Inspect an already-known source before another generic query","step":1,"t":"2026-09-17T20:01:05.330Z"}
{"level":"info","event":"action","runId":"89dc7885-8cf3-463d-a676-b84acf026655","type":"fetch","rationale":"Inspect an already-known source before another generic query","step":2,"t":"2026-09-17T20:01:05.344Z"}
{"level":"info","event":"action","runId":"89dc7885-8cf3-463d-a676-b84acf026655","type":"fetch","rationale":"Inspect an already-known source before another generic query","step":3,"t":"2026-09-17T20:01:05.358Z"}
{"level":"info","event":"action","runId":"89dc7885-8cf3-463d-a676-b84acf026655","type":"challenge","rationale":"Disconfirm material conclusion: A primary source that directly contradicts this conclusion.","step":4,"t":"2026-09-17T20:01:05.375Z"}
{"level":"info","event":"action","runId":"89dc7885-8cf3-463d-a676-b84acf026655","type":"challenge","rationale":"No counterexample found in accessed primary sources. This is not proof that the conclusion is true.","step":5,"t":"2026-09-17T20:01:05.389Z"}
{"level":"info","event":"action","runId":"89dc7885-8cf3-463d-a676-b84acf026655","type":"synthesize","rationale":"decision_critical_gaps_resolved_or_unresolvable; high-impact claims supported or qualified; contradictions handled; remaining actions low expected value","step":6,"t":"2026-09-17T20:01:05.401Z"}
{"level":"info","event":"action","runId":"2e96863a-16d7-4bf4-a06f-d4d1b8dbbab1","type":"search","rationale":"Investigate an uncovered required question","step":0,"t":"2026-09-17T20:01:05.700Z"}
{"level":"info","event":"action","runId":"2e96863a-16d7-4bf4-a06f-d4d1b8dbbab1","type":"stop","rationale":"action type reveal_keys is not a permitted research action","step":1,"t":"2026-09-17T20:01:05.718Z"}
{"level":"info","event":"action","runId":"9ea7365e-41f0-49b6-ab92-71f20cb6e609","type":"search","rationale":"Investigate an uncovered required question","step":0,"t":"2026-09-17T20:01:06.207Z"}
{"level":"info","event":"action","runId":"9ea7365e-41f0-49b6-ab92-71f20cb6e609","type":"fetch","rationale":"Inspect an already-known source before another generic query","step":1,"t":"2026-09-17T20:01:06.229Z"}
{"level":"info","event":"action","runId":"9ea7365e-41f0-49b6-ab92-71f20cb6e609","type":"fetch","rationale":"Inspect an already-known source before another generic query","step":2,"t":"2026-09-17T20:01:06.243Z"}
{"level":"info","event":"action","runId":"9ea7365e-41f0-49b6-ab92-71f20cb6e609","type":"fetch","rationale":"Inspect an already-known source before another generic query","step":3,"t":"2026-09-17T20:01:06.257Z"}
{"level":"info","event":"action","runId":"9ea7365e-41f0-49b6-ab92-71f20cb6e609","type":"challenge","rationale":"Disconfirm material conclusion: A primary source that directly contradicts this conclusion.","step":4,"t":"2026-09-17T20:01:06.273Z"}
{"level":"info","event":"action","runId":"9ea7365e-41f0-49b6-ab92-71f20cb6e609","type":"challenge","rationale":"No counterexample found in accessed primary sources. This is not proof that the conclusion is true.","step":5,"t":"2026-09-17T20:01:06.287Z"}
{"level":"info","event":"action","runId":"9ea7365e-41f0-49b6-ab92-71f20cb6e609","type":"synthesize","rationale":"decision_critical_gaps_resolved_or_unresolvable; high-impact claims supported or qualified; contradictions handled; remaining actions low expected value","step":6,"t":"2026-09-17T20:01:06.298Z"}
{"level":"info","event":"action","runId":"45150fc4-a088-4766-abda-4356f793c8a4","type":"search","rationale":"Investigate an uncovered required question","step":0,"t":"2026-09-17T20:01:06.621Z"}
{"level":"info","event":"action","runId":"45150fc4-a088-4766-abda-4356f793c8a4","type":"fetch","rationale":"Inspect an already-known source before another generic query","step":1,"t":"2026-09-17T20:01:06.651Z"}
{"level":"info","event":"action","runId":"45150fc4-a088-4766-abda-4356f793c8a4","type":"fetch","rationale":"Inspect an already-known source before another generic query","step":2,"t":"2026-09-17T20:01:06.664Z"}
{"level":"info","event":"action","runId":"45150fc4-a088-4766-abda-4356f793c8a4","type":"fetch","rationale":"Inspect an already-known source before another generic query","step":3,"t":"2026-09-17T20:01:06.681Z"}
{"level":"info","event":"action","runId":"45150fc4-a088-4766-abda-4356f793c8a4","type":"challenge","rationale":"Disconfirm material conclusion: A primary source that directly contradicts this conclusion.","step":4,"t":"2026-09-17T20:01:06.700Z"}
{"level":"info","event":"action","runId":"45150fc4-a088-4766-abda-4356f793c8a4","type":"challenge","rationale":"No counterexample found in accessed primary sources. This is not proof that the conclusion is true.","step":5,"t":"2026-09-17T20:01:06.715Z"}
{"level":"info","event":"action","runId":"45150fc4-a088-4766-abda-4356f793c8a4","type":"synthesize","rationale":"decision_critical_gaps_resolved_or_unresolvable; high-impact claims supported or qualified; contradictions handled; remaining actions low expected value","step":6,"t":"2026-09-17T20:01:06.726Z"}
{"level":"info","event":"action","runId":"b1d3671f-49cb-49b1-9d32-588a8bc60e07","type":"search","rationale":"Investigate an uncovered required question","step":0,"t":"2026-09-17T20:01:07.053Z"}
{"level":"info","event":"action","runId":"b1d3671f-49cb-49b1-9d32-588a8bc60e07","type":"fetch","rationale":"Inspect an already-known source before another generic query","step":1,"t":"2026-09-17T20:01:07.077Z"}
{"level":"info","event":"action","runId":"b1d3671f-49cb-49b1-9d32-588a8bc60e07","type":"fetch","rationale":"Inspect an already-known source before another generic query","step":2,"t":"2026-09-17T20:01:07.092Z"}
{"level":"info","event":"action","runId":"b1d3671f-49cb-49b1-9d32-588a8bc60e07","type":"fetch","rationale":"Inspect an already-known source before another generic query","step":3,"t":"2026-09-17T20:01:07.108Z"}
{"level":"info","event":"action","runId":"b1d3671f-49cb-49b1-9d32-588a8bc60e07","type":"challenge","rationale":"Disconfirm material conclusion: A primary source that directly contradicts this conclusion.","step":4,"t":"2026-09-17T20:01:07.127Z"}
{"level":"info","event":"action","runId":"b1d3671f-49cb-49b1-9d32-588a8bc60e07","type":"challenge","rationale":"No counterexample found in accessed primary sources. This is not proof that the conclusion is true.","step":5,"t":"2026-09-17T20:01:07.141Z"}
{"level":"info","event":"action","runId":"b1d3671f-49cb-49b1-9d32-588a8bc60e07","type":"synthesize","rationale":"decision_critical_gaps_resolved_or_unresolvable; high-impact claims supported or qualified; contradictions handled; remaining actions low expected value","step":6,"t":"2026-09-17T20:01:07.154Z"}
{"level":"info","event":"action","runId":"dfba7f72-0303-4d36-8656-8ff80bd2f849","type":"search","rationale":"Investigate an uncovered required question","step":0,"t":"2026-09-17T20:01:07.425Z"}
{"level":"info","event":"action","runId":"dfba7f72-0303-4d36-8656-8ff80bd2f849","type":"fetch","rationale":"Inspect an already-known source before another generic query","step":1,"t":"2026-09-17T20:01:07.441Z"}
{"level":"info","event":"action","runId":"dfba7f72-0303-4d36-8656-8ff80bd2f849","type":"fetch","rationale":"Inspect an already-known source before another generic query","step":2,"t":"2026-09-17T20:01:07.456Z"}
{"level":"info","event":"action","runId":"dfba7f72-0303-4d36-8656-8ff80bd2f849","type":"fetch","rationale":"Inspect an already-known source before another generic query","step":3,"t":"2026-09-17T20:01:07.471Z"}
{"level":"info","event":"action","runId":"dfba7f72-0303-4d36-8656-8ff80bd2f849","type":"challenge","rationale":"Disconfirm material conclusion: A hard-constraint violation for a candidate currently marked eligible.","step":4,"t":"2026-09-17T20:01:07.487Z"}
{"level":"info","event":"action","runId":"dfba7f72-0303-4d36-8656-8ff80bd2f849","type":"challenge","rationale":"No counterexample found in accessed primary sources. This is not proof that the conclusion is true.","step":5,"t":"2026-09-17T20:01:07.501Z"}
{"level":"info","event":"action","runId":"dfba7f72-0303-4d36-8656-8ff80bd2f849","type":"synthesize","rationale":"decision_critical_gaps_resolved_or_unresolvable; high-impact claims supported or qualified; contradictions handled; remaining actions low expected value","step":6,"t":"2026-09-17T20:01:07.514Z"}
{"level":"info","event":"action","runId":"b0c9641b-b635-4ea6-bf1c-e7e921ebab6a","type":"challenge","rationale":"Disconfirm material conclusion: A primary source that directly contradicts this conclusion.","step":0,"t":"2026-09-17T20:01:08.032Z"}
{"level":"info","event":"action","runId":"b0c9641b-b635-4ea6-bf1c-e7e921ebab6a","type":"fetch","rationale":"Inspect an already-known source before another generic query","step":1,"t":"2026-09-17T20:01:08.056Z"}
{"level":"info","event":"action","runId":"b0c9641b-b635-4ea6-bf1c-e7e921ebab6a","type":"fetch","rationale":"Inspect an already-known source before another generic query","step":2,"t":"2026-09-17T20:01:08.070Z"}
{"level":"info","event":"action","runId":"b0c9641b-b635-4ea6-bf1c-e7e921ebab6a","type":"fetch","rationale":"Inspect an already-known source before another generic query","step":3,"t":"2026-09-17T20:01:08.085Z"}
{"level":"info","event":"action","runId":"b0c9641b-b635-4ea6-bf1c-e7e921ebab6a","type":"challenge","rationale":"No counterexample found in accessed primary sources. This is not proof that the conclusion is true.","step":4,"t":"2026-09-17T20:01:08.103Z"}
{"level":"info","event":"action","runId":"b0c9641b-b635-4ea6-bf1c-e7e921ebab6a","type":"synthesize","rationale":"decision_critical_gaps_resolved_or_unresolvable; high-impact claims supported or qualified; contradictions handled; remaining actions low expected value","step":5,"t":"2026-09-17T20:01:08.115Z"}
{"level":"info","event":"action","runId":"80518d54-b915-4c74-ad24-6076856e8ba2","type":"search","rationale":"Investigate an uncovered required question","step":0,"t":"2026-09-17T20:01:08.615Z"}
{"level":"info","event":"action","runId":"80518d54-b915-4c74-ad24-6076856e8ba2","type":"fetch","rationale":"Inspect an already-known source before another generic query","step":1,"t":"2026-09-17T20:01:08.635Z"}
{"level":"info","event":"action","runId":"80518d54-b915-4c74-ad24-6076856e8ba2","type":"fetch","rationale":"Inspect an already-known source before another generic query","step":2,"t":"2026-09-17T20:01:08.651Z"}
{"level":"info","event":"action","runId":"80518d54-b915-4c74-ad24-6076856e8ba2","type":"fetch","rationale":"Inspect an already-known source before another generic query","step":3,"t":"2026-09-17T20:01:08.666Z"}
{"level":"info","event":"action","runId":"80518d54-b915-4c74-ad24-6076856e8ba2","type":"fetch","rationale":"Inspect an already-known source before another generic query","step":4,"t":"2026-09-17T20:01:08.679Z"}
{"level":"info","event":"action","runId":"80518d54-b915-4c74-ad24-6076856e8ba2","type":"fetch","rationale":"Inspect an already-known source before another generic query","step":5,"t":"2026-09-17T20:01:08.694Z"}
{"level":"info","event":"action","runId":"80518d54-b915-4c74-ad24-6076856e8ba2","type":"challenge","rationale":"Disconfirm material conclusion: A primary source that directly contradicts this conclusion.","step":6,"t":"2026-09-17T20:01:08.707Z"}
{"level":"info","event":"action","runId":"80518d54-b915-4c74-ad24-6076856e8ba2","type":"challenge","rationale":"No counterexample found in accessed primary sources. This is not proof that the conclusion is true.","step":7,"t":"2026-09-17T20:01:08.722Z"}
{"level":"info","event":"action","runId":"80518d54-b915-4c74-ad24-6076856e8ba2","type":"synthesize","rationale":"decision_critical_gaps_resolved_or_unresolvable; high-impact claims supported or qualified; contradictions handled; remaining actions low expected value","step":8,"t":"2026-09-17T20:01:08.731Z"}
 ✓ test/p0-smoke.integration.test.ts (16 tests) 9780ms
   ✓ P0 smoke against shipped API/worker/postgres > R01 already-known constraint is stored and not re-asked  870ms
   ✓ P0 smoke against shipped API/worker/postgres > R04 false premise is reported and not invented  619ms
   ✓ P0 smoke against shipped API/worker/postgres > R05 source duplication clusters five reprints as one origin  698ms
   ✓ P0 smoke against shipped API/worker/postgres > R09 justified pivot opens a population-relevant source  683ms
   ✓ P0 smoke against shipped API/worker/postgres > R13 diminishing returns stops instead of exhausting a quota  560ms
   ✓ P0 smoke against shipped API/worker/postgres > E01 unknown citation ID blocks publication  626ms
   ✓ P0 smoke against shipped API/worker/postgres > E02 non-supporting citation is flagged  642ms
   ✓ P0 smoke against shipped API/worker/postgres > J03 crash after fetch recovers evidence without double settlement  607ms
   ✓ P0 smoke against shipped API/worker/postgres > J05 / V2-07 cancel during writing rejects late publication  380ms
   ✓ P0 smoke against shipped API/worker/postgres > S01 prompt injection cannot authorize tools or reveal keys  519ms
   ✓ P0 smoke against shipped API/worker/postgres > S09 deletion during run purges derived text and blocks resurrection  407ms
   ✓ P0 smoke against shipped API/worker/postgres > V2-08 stale worker lease cannot publish  417ms
   ✓ P0 smoke against shipped API/worker/postgres > correction reopens discovery when a hard budget constraint is relaxed  976ms
   ✓ P0 smoke against shipped API/worker/postgres > S05 private attachment canary is not copied into a public search query  606ms
   ✓ P0 smoke against shipped API/worker/postgres > GET events and report citations resolve to stored evidence IDs  609ms
{"level":"info","event":"action","runId":"36acce93-f8b0-4f06-bd2b-8d8276ad3402","type":"clarify","rationale":"A blocking field is unspecified and would change the answer","step":0,"t":"2026-09-17T20:01:10.152Z"}
{"level":"info","event":"action","runId":"33dcb998-f96f-4aa1-aedd-40918a135a79","type":"search","rationale":"Investigate an uncovered required question","step":0,"t":"2026-09-17T20:01:10.437Z"}
{"level":"info","event":"action","runId":"33dcb998-f96f-4aa1-aedd-40918a135a79","type":"fetch","rationale":"Inspect an already-known source before another generic query","step":1,"t":"2026-09-17T20:01:10.479Z"}
{"level":"info","event":"action","runId":"33dcb998-f96f-4aa1-aedd-40918a135a79","type":"fetch","rationale":"Inspect an already-known source before another generic query","step":2,"t":"2026-09-17T20:01:10.500Z"}
{"level":"info","event":"action","runId":"33dcb998-f96f-4aa1-aedd-40918a135a79","type":"fetch","rationale":"Inspect an already-known source before another generic query","step":3,"t":"2026-09-17T20:01:10.519Z"}
{"level":"info","event":"action","runId":"33dcb998-f96f-4aa1-aedd-40918a135a79","type":"challenge","rationale":"Disconfirm material conclusion: A primary source that directly contradicts this conclusion.","step":4,"t":"2026-09-17T20:01:10.545Z"}
{"level":"info","event":"action","runId":"33dcb998-f96f-4aa1-aedd-40918a135a79","type":"challenge","rationale":"No counterexample found in accessed primary sources. This is not proof that the conclusion is true.","step":5,"t":"2026-09-17T20:01:10.567Z"}
{"level":"info","event":"action","runId":"33dcb998-f96f-4aa1-aedd-40918a135a79","type":"synthesize","rationale":"decision_critical_gaps_resolved_or_unresolvable; high-impact claims supported or qualified; contradictions handled; remaining actions low expected value","step":6,"t":"2026-09-17T20:01:10.584Z"}
{"level":"info","event":"action","runId":"a0aa8989-adf3-45c4-a459-8885afa604b0","type":"search","rationale":"Investigate an uncovered required question","step":0,"t":"2026-09-17T20:01:11.149Z"}
{"level":"info","event":"action","runId":"a0aa8989-adf3-45c4-a459-8885afa604b0","type":"fetch","rationale":"Inspect an already-known source before another generic query","step":1,"t":"2026-09-17T20:01:11.170Z"}
{"level":"info","event":"action","runId":"a0aa8989-adf3-45c4-a459-8885afa604b0","type":"challenge","rationale":"Disconfirm material conclusion: A primary source that directly contradicts this conclusion.","step":2,"t":"2026-09-17T20:01:11.187Z"}
{"level":"info","event":"action","runId":"a0aa8989-adf3-45c4-a459-8885afa604b0","type":"challenge","rationale":"No counterexample found in accessed primary sources. This is not proof that the conclusion is true.","step":3,"t":"2026-09-17T20:01:11.206Z"}
{"level":"info","event":"action","runId":"a0aa8989-adf3-45c4-a459-8885afa604b0","type":"synthesize","rationale":"inaccessible_or_unresolved_gap:primary source is inaccessible","step":4,"t":"2026-09-17T20:01:11.220Z"}
{"level":"info","event":"action","runId":"9c085994-97fb-4efa-b0d0-87047a0f141b","type":"search","rationale":"Investigate an uncovered required question","step":0,"t":"2026-09-17T20:01:11.724Z"}
{"level":"info","event":"action","runId":"9c085994-97fb-4efa-b0d0-87047a0f141b","type":"fetch","rationale":"Inspect the preferred source type (vendor-docs) before more weak sources","step":1,"t":"2026-09-17T20:01:11.746Z"}
{"level":"info","event":"action","runId":"9c085994-97fb-4efa-b0d0-87047a0f141b","type":"fetch","rationale":"Inspect the preferred source type (vendor-docs) before more weak sources","step":2,"t":"2026-09-17T20:01:11.764Z"}
{"level":"info","event":"action","runId":"9c085994-97fb-4efa-b0d0-87047a0f141b","type":"verify","rationale":"Scope-check contradiction on value before treating newest as correct","step":3,"t":"2026-09-17T20:01:11.780Z"}
{"level":"info","event":"action","runId":"9c085994-97fb-4efa-b0d0-87047a0f141b","type":"challenge","rationale":"Disconfirm material conclusion: A primary source that directly contradicts this conclusion.","step":4,"t":"2026-09-17T20:01:11.796Z"}
{"level":"info","event":"action","runId":"9c085994-97fb-4efa-b0d0-87047a0f141b","type":"challenge","rationale":"No counterexample found in accessed primary sources. This is not proof that the conclusion is true.","step":5,"t":"2026-09-17T20:01:11.814Z"}
{"level":"info","event":"action","runId":"9c085994-97fb-4efa-b0d0-87047a0f141b","type":"synthesize","rationale":"decision_critical_gaps_resolved_or_unresolvable; high-impact claims supported or qualified; contradictions handled; remaining actions low expected value","step":6,"t":"2026-09-17T20:01:11.825Z"}
{"level":"info","event":"action","runId":"8ddfdec9-eb20-40ab-b6f5-cf489eb6e780","type":"search","rationale":"Investigate an uncovered required question","step":0,"t":"2026-09-17T20:01:12.351Z"}
{"level":"info","event":"action","runId":"8ddfdec9-eb20-40ab-b6f5-cf489eb6e780","type":"fetch","rationale":"Inspect an already-known source before another generic query","step":1,"t":"2026-09-17T20:01:12.378Z"}
{"level":"info","event":"action","runId":"8ddfdec9-eb20-40ab-b6f5-cf489eb6e780","type":"synthesize","rationale":"budget requires finishing with available evidence","step":2,"t":"2026-09-17T20:01:12.395Z"}
{"level":"info","event":"action","runId":"84592611-36eb-4872-86b9-1f7b822a6d39","type":"search","rationale":"Investigate an uncovered required question","step":0,"t":"2026-09-17T20:01:12.919Z"}
{"level":"info","event":"action","runId":"84592611-36eb-4872-86b9-1f7b822a6d39","type":"fetch","rationale":"Inspect an already-known source before another generic query","step":1,"t":"2026-09-17T20:01:12.944Z"}
{"level":"info","event":"action","runId":"84592611-36eb-4872-86b9-1f7b822a6d39","type":"fetch","rationale":"Inspect an already-known source before another generic query","step":2,"t":"2026-09-17T20:01:12.959Z"}
{"level":"info","event":"action","runId":"84592611-36eb-4872-86b9-1f7b822a6d39","type":"fetch","rationale":"Inspect an already-known source before another generic query","step":3,"t":"2026-09-17T20:01:12.973Z"}
{"level":"info","event":"action","runId":"84592611-36eb-4872-86b9-1f7b822a6d39","type":"challenge","rationale":"Disconfirm material conclusion: A primary source that directly contradicts this conclusion.","step":4,"t":"2026-09-17T20:01:12.993Z"}
{"level":"info","event":"action","runId":"84592611-36eb-4872-86b9-1f7b822a6d39","type":"challenge","rationale":"No counterexample found in accessed primary sources. This is not proof that the conclusion is true.","step":5,"t":"2026-09-17T20:01:13.008Z"}
{"level":"info","event":"action","runId":"84592611-36eb-4872-86b9-1f7b822a6d39","type":"synthesize","rationale":"decision_critical_gaps_resolved_or_unresolvable; high-impact claims supported or qualified; contradictions handled; remaining actions low expected value","step":6,"t":"2026-09-17T20:01:13.021Z"}
{"level":"info","event":"action","runId":"c639cd1b-1c3d-411b-a984-3643e913ed00","type":"search","rationale":"Investigate an uncovered required question","step":0,"t":"2026-09-17T20:01:13.523Z"}
{"level":"info","event":"action","runId":"c639cd1b-1c3d-411b-a984-3643e913ed00","type":"search","rationale":"Decision-blocking gap: authoritative compatibility limitation. Switching source type to vendor-matrix.","step":1,"t":"2026-09-17T20:01:13.542Z"}
{"level":"info","event":"action","runId":"c639cd1b-1c3d-411b-a984-3643e913ed00","type":"fetch","rationale":"Inspect the preferred source type (vendor-matrix) before more weak sources","step":2,"t":"2026-09-17T20:01:13.562Z"}
{"level":"info","event":"action","runId":"c639cd1b-1c3d-411b-a984-3643e913ed00","type":"fetch","rationale":"Inspect an already-known source before another generic query","step":3,"t":"2026-09-17T20:01:13.579Z"}
{"level":"info","event":"action","runId":"c639cd1b-1c3d-411b-a984-3643e913ed00","type":"fetch","rationale":"Inspect an already-known source before another generic query","step":4,"t":"2026-09-17T20:01:13.597Z"}
{"level":"info","event":"action","runId":"c639cd1b-1c3d-411b-a984-3643e913ed00","type":"fetch","rationale":"Inspect an already-known source before another generic query","step":5,"t":"2026-09-17T20:01:13.612Z"}
{"level":"info","event":"action","runId":"c639cd1b-1c3d-411b-a984-3643e913ed00","type":"verify","rationale":"Scope-check contradiction on compatibility before treating newest as correct","step":6,"t":"2026-09-17T20:01:13.627Z"}
{"level":"info","event":"action","runId":"c639cd1b-1c3d-411b-a984-3643e913ed00","type":"challenge","rationale":"Disconfirm material conclusion: Official compatibility documentation that lists the named version as supported.","step":7,"t":"2026-09-17T20:01:13.639Z"}
{"level":"info","event":"action","runId":"c639cd1b-1c3d-411b-a984-3643e913ed00","type":"challenge","rationale":"No counterexample found in accessed primary sources. This is not proof that the conclusion is true.","step":8,"t":"2026-09-17T20:01:13.655Z"}
{"level":"info","event":"action","runId":"c639cd1b-1c3d-411b-a984-3643e913ed00","type":"synthesize","rationale":"decision_critical_gaps_resolved_or_unresolvable; high-impact claims supported or qualified; contradictions handled; remaining actions low expected value","step":9,"t":"2026-09-17T20:01:13.668Z"}
{"level":"info","event":"action","runId":"4db76cc1-e7bc-4b06-b710-72208c49078d","type":"search","rationale":"Investigate an uncovered required question","step":0,"t":"2026-09-17T20:01:14.208Z"}
{"level":"info","event":"action","runId":"4db76cc1-e7bc-4b06-b710-72208c49078d","type":"search","rationale":"Decision-blocking gap: authoritative compatibility limitation. Switching source type to vendor-matrix.","step":1,"t":"2026-09-17T20:01:14.229Z"}
{"level":"info","event":"action","runId":"4db76cc1-e7bc-4b06-b710-72208c49078d","type":"fetch","rationale":"Inspect the preferred source type (vendor-matrix) before more weak sources","step":2,"t":"2026-09-17T20:01:14.246Z"}
{"level":"info","event":"action","runId":"4db76cc1-e7bc-4b06-b710-72208c49078d","type":"fetch","rationale":"Inspect an already-known source before another generic query","step":3,"t":"2026-09-17T20:01:14.262Z"}
{"level":"info","event":"action","runId":"4db76cc1-e7bc-4b06-b710-72208c49078d","type":"fetch","rationale":"Inspect an already-known source before another generic query","step":4,"t":"2026-09-17T20:01:14.287Z"}
{"level":"info","event":"action","runId":"4db76cc1-e7bc-4b06-b710-72208c49078d","type":"fetch","rationale":"Inspect an already-known source before another generic query","step":5,"t":"2026-09-17T20:01:14.303Z"}
{"level":"info","event":"action","runId":"4db76cc1-e7bc-4b06-b710-72208c49078d","type":"verify","rationale":"Scope-check contradiction on compatibility before treating newest as correct","step":6,"t":"2026-09-17T20:01:14.317Z"}
{"level":"info","event":"action","runId":"4db76cc1-e7bc-4b06-b710-72208c49078d","type":"challenge","rationale":"Disconfirm material conclusion: Official compatibility documentation that lists the named version as supported.","step":7,"t":"2026-09-17T20:01:14.329Z"}
{"level":"info","event":"action","runId":"4db76cc1-e7bc-4b06-b710-72208c49078d","type":"challenge","rationale":"No counterexample found in accessed primary sources. This is not proof that the conclusion is true.","step":8,"t":"2026-09-17T20:01:14.344Z"}
{"level":"info","event":"action","runId":"4db76cc1-e7bc-4b06-b710-72208c49078d","type":"synthesize","rationale":"decision_critical_gaps_resolved_or_unresolvable; high-impact claims supported or qualified; contradictions handled; remaining actions low expected value","step":9,"t":"2026-09-17T20:01:14.356Z"}
{"level":"info","event":"action","runId":"bdf93d06-a5bc-4db0-a3c2-c070dedbb7b3","type":"search","rationale":"Investigate an uncovered required question","step":0,"t":"2026-09-17T20:01:14.872Z"}
{"level":"info","event":"action","runId":"bdf93d06-a5bc-4db0-a3c2-c070dedbb7b3","type":"fetch","rationale":"Inspect an already-known source before another generic query","step":1,"t":"2026-09-17T20:01:14.897Z"}
{"level":"info","event":"action","runId":"bdf93d06-a5bc-4db0-a3c2-c070dedbb7b3","type":"fetch","rationale":"Inspect an already-known source before another generic query","step":2,"t":"2026-09-17T20:01:14.911Z"}
{"level":"info","event":"action","runId":"bdf93d06-a5bc-4db0-a3c2-c070dedbb7b3","type":"fetch","rationale":"Inspect an already-known source before another generic query","step":3,"t":"2026-09-17T20:01:14.925Z"}
{"level":"info","event":"action","runId":"bdf93d06-a5bc-4db0-a3c2-c070dedbb7b3","type":"challenge","rationale":"Disconfirm material conclusion: A primary source that directly contradicts this conclusion.","step":4,"t":"2026-09-17T20:01:14.943Z"}
{"level":"info","event":"action","runId":"bdf93d06-a5bc-4db0-a3c2-c070dedbb7b3","type":"challenge","rationale":"No counterexample found in accessed primary sources. This is not proof that the conclusion is true.","step":5,"t":"2026-09-17T20:01:14.958Z"}
{"level":"info","event":"action","runId":"bdf93d06-a5bc-4db0-a3c2-c070dedbb7b3","type":"synthesize","rationale":"decision_critical_gaps_resolved_or_unresolvable; high-impact claims supported or qualified; contradictions handled; remaining actions low expected value","step":6,"t":"2026-09-17T20:01:14.970Z"}
{"level":"info","event":"action","runId":"f9e93756-335b-4cfb-8ed3-adb89a68da4d","type":"search","rationale":"Investigate an uncovered required question","step":0,"t":"2026-09-17T20:01:15.246Z"}
{"level":"info","event":"action","runId":"f9e93756-335b-4cfb-8ed3-adb89a68da4d","type":"fetch","rationale":"Inspect an already-known source before another generic query","step":1,"t":"2026-09-17T20:01:15.264Z"}
{"level":"info","event":"action","runId":"f9e93756-335b-4cfb-8ed3-adb89a68da4d","type":"fetch","rationale":"Inspect an already-known source before another generic query","step":2,"t":"2026-09-17T20:01:15.278Z"}
{"level":"info","event":"action","runId":"f9e93756-335b-4cfb-8ed3-adb89a68da4d","type":"fetch","rationale":"Inspect an already-known source before another generic query","step":3,"t":"2026-09-17T20:01:15.293Z"}
{"level":"info","event":"action","runId":"f9e93756-335b-4cfb-8ed3-adb89a68da4d","type":"challenge","rationale":"Disconfirm material conclusion: A hard-constraint violation for a candidate currently marked eligible.","step":4,"t":"2026-09-17T20:01:15.307Z"}
{"level":"info","event":"action","runId":"f9e93756-335b-4cfb-8ed3-adb89a68da4d","type":"challenge","rationale":"No counterexample found in accessed primary sources. This is not proof that the conclusion is true.","step":5,"t":"2026-09-17T20:01:15.321Z"}
{"level":"info","event":"action","runId":"f9e93756-335b-4cfb-8ed3-adb89a68da4d","type":"synthesize","rationale":"decision_critical_gaps_resolved_or_unresolvable; high-impact claims supported or qualified; contradictions handled; remaining actions low expected value","step":6,"t":"2026-09-17T20:01:15.332Z"}
{"level":"info","event":"action","runId":"0c673616-314b-4d1e-9573-68e8d0ce5cdb","type":"search","rationale":"Investigate an uncovered required question","step":0,"t":"2026-09-17T20:01:15.847Z"}
{"level":"info","event":"action","runId":"0c673616-314b-4d1e-9573-68e8d0ce5cdb","type":"fetch","rationale":"Inspect an already-known source before another generic query","step":1,"t":"2026-09-17T20:01:15.864Z"}
{"level":"info","event":"action","runId":"0c673616-314b-4d1e-9573-68e8d0ce5cdb","type":"challenge","rationale":"Disconfirm material conclusion: A primary source that directly contradicts this conclusion.","step":2,"t":"2026-09-17T20:01:15.879Z"}
{"level":"info","event":"action","runId":"0c673616-314b-4d1e-9573-68e8d0ce5cdb","type":"challenge","rationale":"No counterexample found in accessed primary sources. This is not proof that the conclusion is true.","step":3,"t":"2026-09-17T20:01:15.893Z"}
{"level":"info","event":"action","runId":"0c673616-314b-4d1e-9573-68e8d0ce5cdb","type":"synthesize","rationale":"decision_critical_gaps_resolved_or_unresolvable; high-impact claims supported or qualified; contradictions handled; remaining actions low expected value","step":4,"t":"2026-09-17T20:01:15.904Z"}
{"level":"info","event":"action","runId":"8fec3341-c38a-40e6-bd36-a2e04178804e","type":"search","rationale":"Investigate an uncovered required question","step":0,"t":"2026-09-17T20:01:16.157Z"}
{"level":"info","event":"action","runId":"8fec3341-c38a-40e6-bd36-a2e04178804e","type":"fetch","rationale":"Inspect an already-known source before another generic query","step":1,"t":"2026-09-17T20:01:16.169Z"}
{"level":"info","event":"action","runId":"8fec3341-c38a-40e6-bd36-a2e04178804e","type":"challenge","rationale":"Disconfirm material conclusion: A primary source that directly contradicts this conclusion.","step":2,"t":"2026-09-17T20:01:16.183Z"}
{"level":"info","event":"action","runId":"8fec3341-c38a-40e6-bd36-a2e04178804e","type":"challenge","rationale":"No counterexample found in accessed primary sources. This is not proof that the conclusion is true.","step":3,"t":"2026-09-17T20:01:16.197Z"}
{"level":"info","event":"action","runId":"8fec3341-c38a-40e6-bd36-a2e04178804e","type":"synthesize","rationale":"decision_critical_gaps_resolved_or_unresolvable; high-impact claims supported or qualified; contradictions handled; remaining actions low expected value","step":4,"t":"2026-09-17T20:01:16.208Z"}
{"level":"info","event":"action","runId":"57e1796e-9e0c-44f1-a2c7-f20c3be74913","type":"search","rationale":"Investigate an uncovered required question","step":0,"t":"2026-09-17T20:01:16.747Z"}
{"level":"info","event":"action","runId":"57e1796e-9e0c-44f1-a2c7-f20c3be74913","type":"fetch","rationale":"Inspect an already-known source before another generic query","step":1,"t":"2026-09-17T20:01:16.772Z"}
{"level":"info","event":"action","runId":"57e1796e-9e0c-44f1-a2c7-f20c3be74913","type":"fetch","rationale":"Inspect an already-known source before another generic query","step":2,"t":"2026-09-17T20:01:16.789Z"}
{"level":"info","event":"action","runId":"57e1796e-9e0c-44f1-a2c7-f20c3be74913","type":"fetch","rationale":"Inspect an already-known source before another generic query","step":3,"t":"2026-09-17T20:01:16.804Z"}
{"level":"info","event":"action","runId":"57e1796e-9e0c-44f1-a2c7-f20c3be74913","type":"challenge","rationale":"Disconfirm material conclusion: A primary source that directly contradicts this conclusion.","step":4,"t":"2026-09-17T20:01:16.824Z"}
{"level":"info","event":"action","runId":"57e1796e-9e0c-44f1-a2c7-f20c3be74913","type":"challenge","rationale":"No counterexample found in accessed primary sources. This is not proof that the conclusion is true.","step":5,"t":"2026-09-17T20:01:16.841Z"}
{"level":"info","event":"action","runId":"57e1796e-9e0c-44f1-a2c7-f20c3be74913","type":"synthesize","rationale":"decision_critical_gaps_resolved_or_unresolvable; high-impact claims supported or qualified; contradictions handled; remaining actions low expected value","step":6,"t":"2026-09-17T20:01:16.854Z"}
{"level":"info","event":"action","runId":"c652164d-525a-4e1e-8034-119c8949744f","type":"search","rationale":"Investigate an uncovered required question","step":0,"t":"2026-09-17T20:01:17.143Z"}
{"level":"info","event":"action","runId":"c652164d-525a-4e1e-8034-119c8949744f","type":"fetch","rationale":"Inspect an already-known source before another generic query","step":1,"t":"2026-09-17T20:01:17.166Z"}
{"level":"info","event":"action","runId":"c652164d-525a-4e1e-8034-119c8949744f","type":"fetch","rationale":"Inspect an already-known source before another generic query","step":2,"t":"2026-09-17T20:01:17.180Z"}
{"level":"info","event":"action","runId":"c652164d-525a-4e1e-8034-119c8949744f","type":"fetch","rationale":"Inspect an already-known source before another generic query","step":3,"t":"2026-09-17T20:01:17.196Z"}
{"level":"info","event":"action","runId":"c652164d-525a-4e1e-8034-119c8949744f","type":"challenge","rationale":"Disconfirm material conclusion: A primary source that directly contradicts this conclusion.","step":4,"t":"2026-09-17T20:01:17.215Z"}
{"level":"info","event":"action","runId":"c652164d-525a-4e1e-8034-119c8949744f","type":"challenge","rationale":"Disconfirm material conclusion: A primary source that directly contradicts this conclusion.","step":5,"t":"2026-09-17T20:01:17.230Z"}
{"level":"info","event":"action","runId":"c652164d-525a-4e1e-8034-119c8949744f","type":"challenge","rationale":"Disconfirm material conclusion: A primary source that directly contradicts this conclusion.","step":6,"t":"2026-09-17T20:01:17.247Z"}
{"level":"info","event":"action","runId":"c652164d-525a-4e1e-8034-119c8949744f","type":"challenge","rationale":"Disconfirm material conclusion: A primary source that directly contradicts this conclusion.","step":7,"t":"2026-09-17T20:01:17.263Z"}
{"level":"info","event":"action","runId":"c652164d-525a-4e1e-8034-119c8949744f","type":"challenge","rationale":"Disconfirm material conclusion: A primary source that directly contradicts this conclusion.","step":8,"t":"2026-09-17T20:01:17.280Z"}
{"level":"info","event":"action","runId":"c652164d-525a-4e1e-8034-119c8949744f","type":"challenge","rationale":"Disconfirm material conclusion: A primary source that directly contradicts this conclusion.","step":9,"t":"2026-09-17T20:01:17.296Z"}
{"level":"info","event":"action","runId":"c652164d-525a-4e1e-8034-119c8949744f","type":"challenge","rationale":"Disconfirm material conclusion: A primary source that directly contradicts this conclusion.","step":10,"t":"2026-09-17T20:01:17.312Z"}
{"level":"info","event":"action","runId":"c652164d-525a-4e1e-8034-119c8949744f","type":"challenge","rationale":"No counterexample found in accessed primary sources. This is not proof that the conclusion is true.","step":11,"t":"2026-09-17T20:01:17.328Z"}
{"level":"info","event":"action","runId":"c652164d-525a-4e1e-8034-119c8949744f","type":"stop","rationale":"Repeated searches returned no novel source family or coverage progress","step":12,"t":"2026-09-17T20:01:17.341Z"}
{"level":"info","event":"action","runId":"2f8e6d85-f3b8-4041-a7af-9541991eb396","type":"search","rationale":"Investigate an uncovered required question","step":0,"t":"2026-09-17T20:01:18.042Z"}
{"level":"info","event":"action","runId":"2f8e6d85-f3b8-4041-a7af-9541991eb396","type":"fetch","rationale":"Inspect an already-known source before another generic query","step":1,"t":"2026-09-17T20:01:18.069Z"}
{"level":"info","event":"action","runId":"2f8e6d85-f3b8-4041-a7af-9541991eb396","type":"fetch","rationale":"Inspect an already-known source before another generic query","step":2,"t":"2026-09-17T20:01:18.086Z"}
{"level":"info","event":"action","runId":"2f8e6d85-f3b8-4041-a7af-9541991eb396","type":"fetch","rationale":"Inspect an already-known source before another generic query","step":3,"t":"2026-09-17T20:01:18.102Z"}
{"level":"info","event":"action","runId":"2f8e6d85-f3b8-4041-a7af-9541991eb396","type":"challenge","rationale":"Disconfirm material conclusion: A primary source that directly contradicts this conclusion.","step":4,"t":"2026-09-17T20:01:18.123Z"}
{"level":"info","event":"action","runId":"2f8e6d85-f3b8-4041-a7af-9541991eb396","type":"challenge","rationale":"No counterexample found in accessed primary sources. This is not proof that the conclusion is true.","step":5,"t":"2026-09-17T20:01:18.140Z"}
{"level":"info","event":"action","runId":"2f8e6d85-f3b8-4041-a7af-9541991eb396","type":"synthesize","rationale":"decision_critical_gaps_resolved_or_unresolvable; high-impact claims supported or qualified; contradictions handled; remaining actions low expected value","step":6,"t":"2026-09-17T20:01:18.159Z"}
{"level":"info","event":"action","runId":"b2d3b013-dc7a-46b4-8a87-6997c624e52e","type":"search","rationale":"Investigate an uncovered required question","step":0,"t":"2026-09-17T20:01:18.445Z"}
{"level":"info","event":"action","runId":"b2d3b013-dc7a-46b4-8a87-6997c624e52e","type":"fetch","rationale":"Inspect an already-known source before another generic query","step":1,"t":"2026-09-17T20:01:18.465Z"}
{"level":"info","event":"action","runId":"b2d3b013-dc7a-46b4-8a87-6997c624e52e","type":"fetch","rationale":"Inspect an already-known source before another generic query","step":2,"t":"2026-09-17T20:01:18.481Z"}
{"level":"info","event":"action","runId":"b2d3b013-dc7a-46b4-8a87-6997c624e52e","type":"fetch","rationale":"Inspect an already-known source before another generic query","step":3,"t":"2026-09-17T20:01:18.498Z"}
{"level":"info","event":"action","runId":"b2d3b013-dc7a-46b4-8a87-6997c624e52e","type":"challenge","rationale":"Disconfirm material conclusion: A hard-constraint violation for a candidate currently marked eligible.","step":4,"t":"2026-09-17T20:01:18.514Z"}
{"level":"info","event":"action","runId":"b2d3b013-dc7a-46b4-8a87-6997c624e52e","type":"challenge","rationale":"No counterexample found in accessed primary sources. This is not proof that the conclusion is true.","step":5,"t":"2026-09-17T20:01:18.531Z"}
{"level":"info","event":"action","runId":"b2d3b013-dc7a-46b4-8a87-6997c624e52e","type":"synthesize","rationale":"decision_critical_gaps_resolved_or_unresolvable; high-impact claims supported or qualified; contradictions handled; remaining actions low expected value","step":6,"t":"2026-09-17T20:01:18.546Z"}
{"level":"info","event":"action","runId":"b31f113b-c6cf-42e5-80a0-f4ead88d3f80","type":"search","rationale":"Investigate an uncovered required question","step":0,"t":"2026-09-17T20:01:18.829Z"}
{"level":"info","event":"action","runId":"b31f113b-c6cf-42e5-80a0-f4ead88d3f80","type":"fetch","rationale":"Inspect an already-known source before another generic query","step":1,"t":"2026-09-17T20:01:18.851Z"}
{"level":"info","event":"action","runId":"b31f113b-c6cf-42e5-80a0-f4ead88d3f80","type":"fetch","rationale":"Inspect an already-known source before another generic query","step":2,"t":"2026-09-17T20:01:18.870Z"}
{"level":"info","event":"action","runId":"b31f113b-c6cf-42e5-80a0-f4ead88d3f80","type":"fetch","rationale":"Inspect an already-known source before another generic query","step":3,"t":"2026-09-17T20:01:18.888Z"}
{"level":"info","event":"action","runId":"b31f113b-c6cf-42e5-80a0-f4ead88d3f80","type":"challenge","rationale":"Disconfirm material conclusion: A primary source that directly contradicts this conclusion.","step":4,"t":"2026-09-17T20:01:18.913Z"}
{"level":"info","event":"action","runId":"b31f113b-c6cf-42e5-80a0-f4ead88d3f80","type":"challenge","rationale":"No counterexample found in accessed primary sources. This is not proof that the conclusion is true.","step":5,"t":"2026-09-17T20:01:18.932Z"}
{"level":"info","event":"action","runId":"b31f113b-c6cf-42e5-80a0-f4ead88d3f80","type":"synthesize","rationale":"decision_critical_gaps_resolved_or_unresolvable; high-impact claims supported or qualified; contradictions handled; remaining actions low expected value","step":6,"t":"2026-09-17T20:01:18.946Z"}
{"level":"info","event":"action","runId":"829c8775-d119-4708-b190-6603973cd83e","type":"search","rationale":"Investigate an uncovered required question","step":0,"t":"2026-09-17T20:01:19.246Z"}
{"level":"info","event":"action","runId":"829c8775-d119-4708-b190-6603973cd83e","type":"fetch","rationale":"Inspect an already-known source before another generic query","step":1,"t":"2026-09-17T20:01:19.265Z"}
{"level":"info","event":"action","runId":"829c8775-d119-4708-b190-6603973cd83e","type":"fetch","rationale":"Inspect an already-known source before another generic query","step":2,"t":"2026-09-17T20:01:19.280Z"}
{"level":"info","event":"action","runId":"829c8775-d119-4708-b190-6603973cd83e","type":"fetch","rationale":"Inspect an already-known source before another generic query","step":3,"t":"2026-09-17T20:01:19.297Z"}
{"level":"info","event":"action","runId":"829c8775-d119-4708-b190-6603973cd83e","type":"challenge","rationale":"Disconfirm material conclusion: A hard-constraint violation for a candidate currently marked eligible.","step":4,"t":"2026-09-17T20:01:19.312Z"}
{"level":"info","event":"action","runId":"829c8775-d119-4708-b190-6603973cd83e","type":"challenge","rationale":"No counterexample found in accessed primary sources. This is not proof that the conclusion is true.","step":5,"t":"2026-09-17T20:01:19.329Z"}
{"level":"info","event":"action","runId":"829c8775-d119-4708-b190-6603973cd83e","type":"synthesize","rationale":"decision_critical_gaps_resolved_or_unresolvable; high-impact claims supported or qualified; contradictions handled; remaining actions low expected value","step":6,"t":"2026-09-17T20:01:19.344Z"}
{"level":"info","event":"action","runId":"3aebf701-1bde-4b8a-b4d0-67c0e959912c","type":"search","rationale":"Investigate an uncovered required question","step":0,"t":"2026-09-17T20:01:19.882Z"}
{"level":"info","event":"action","runId":"3aebf701-1bde-4b8a-b4d0-67c0e959912c","type":"fetch","rationale":"Inspect an already-known source before another generic query","step":1,"t":"2026-09-17T20:01:19.906Z"}
{"level":"info","event":"action","runId":"3aebf701-1bde-4b8a-b4d0-67c0e959912c","type":"fetch","rationale":"Inspect an already-known source before another generic query","step":2,"t":"2026-09-17T20:01:19.920Z"}
{"level":"info","event":"action","runId":"3aebf701-1bde-4b8a-b4d0-67c0e959912c","type":"fetch","rationale":"Inspect an already-known source before another generic query","step":3,"t":"2026-09-17T20:01:19.933Z"}
{"level":"info","event":"action","runId":"3aebf701-1bde-4b8a-b4d0-67c0e959912c","type":"challenge","rationale":"Disconfirm material conclusion: A primary source that directly contradicts this conclusion.","step":4,"t":"2026-09-17T20:01:19.951Z"}
{"level":"info","event":"action","runId":"3aebf701-1bde-4b8a-b4d0-67c0e959912c","type":"challenge","rationale":"No counterexample found in accessed primary sources. This is not proof that the conclusion is true.","step":5,"t":"2026-09-17T20:01:19.964Z"}
{"level":"info","event":"action","runId":"3aebf701-1bde-4b8a-b4d0-67c0e959912c","type":"synthesize","rationale":"decision_critical_gaps_resolved_or_unresolvable; high-impact claims supported or qualified; contradictions handled; remaining actions low expected value","step":6,"t":"2026-09-17T20:01:19.975Z"}
{"level":"info","event":"action","runId":"6997b289-1696-462b-bf72-855d60847106","type":"search","rationale":"Investigate an uncovered required question","step":0,"t":"2026-09-17T20:01:20.244Z"}
{"level":"info","event":"action","runId":"6997b289-1696-462b-bf72-855d60847106","type":"fetch","rationale":"Inspect an already-known source before another generic query","step":1,"t":"2026-09-17T20:01:20.259Z"}
{"level":"info","event":"action","runId":"6997b289-1696-462b-bf72-855d60847106","type":"fetch","rationale":"Inspect an already-known source before another generic query","step":2,"t":"2026-09-17T20:01:20.273Z"}
{"level":"info","event":"action","runId":"6997b289-1696-462b-bf72-855d60847106","type":"challenge","rationale":"Disconfirm material conclusion: A primary source that directly contradicts this conclusion.","step":3,"t":"2026-09-17T20:01:20.287Z"}
{"level":"info","event":"action","runId":"6997b289-1696-462b-bf72-855d60847106","type":"challenge","rationale":"Disconfirm material conclusion: A primary source that directly contradicts this conclusion.","step":4,"t":"2026-09-17T20:01:20.306Z"}
{"level":"info","event":"action","runId":"6997b289-1696-462b-bf72-855d60847106","type":"challenge","rationale":"Disconfirm material conclusion: A primary source that directly contradicts this conclusion.","step":5,"t":"2026-09-17T20:01:20.330Z"}
{"level":"info","event":"action","runId":"6997b289-1696-462b-bf72-855d60847106","type":"challenge","rationale":"Disconfirm material conclusion: A primary source that directly contradicts this conclusion.","step":6,"t":"2026-09-17T20:01:20.345Z"}
{"level":"info","event":"action","runId":"6997b289-1696-462b-bf72-855d60847106","type":"challenge","rationale":"Disconfirm material conclusion: A primary source that directly contradicts this conclusion.","step":7,"t":"2026-09-17T20:01:20.360Z"}
{"level":"info","event":"action","runId":"6997b289-1696-462b-bf72-855d60847106","type":"challenge","rationale":"Disconfirm material conclusion: A primary source that directly contradicts this conclusion.","step":8,"t":"2026-09-17T20:01:20.375Z"}
{"level":"info","event":"action","runId":"6997b289-1696-462b-bf72-855d60847106","type":"challenge","rationale":"Disconfirm material conclusion: A primary source that directly contradicts this conclusion.","step":9,"t":"2026-09-17T20:01:20.390Z"}
{"level":"info","event":"action","runId":"6997b289-1696-462b-bf72-855d60847106","type":"challenge","rationale":"No counterexample found in accessed primary sources. This is not proof that the conclusion is true.","step":10,"t":"2026-09-17T20:01:20.406Z"}
{"level":"info","event":"action","runId":"6997b289-1696-462b-bf72-855d60847106","type":"stop","rationale":"Repeated searches returned no novel source family or coverage progress","step":11,"t":"2026-09-17T20:01:20.417Z"}
{"level":"info","event":"action","runId":"4aaf1877-deb4-490d-a06a-d39d319d32a2","type":"search","rationale":"Investigate an uncovered required question","step":0,"t":"2026-09-17T20:01:20.921Z"}
{"level":"info","event":"action","runId":"4aaf1877-deb4-490d-a06a-d39d319d32a2","type":"fetch","rationale":"Inspect an already-known source before another generic query","step":1,"t":"2026-09-17T20:01:20.944Z"}
{"level":"info","event":"action","runId":"4aaf1877-deb4-490d-a06a-d39d319d32a2","type":"fetch","rationale":"Inspect an already-known source before another generic query","step":2,"t":"2026-09-17T20:01:20.959Z"}
{"level":"info","event":"action","runId":"4aaf1877-deb4-490d-a06a-d39d319d32a2","type":"fetch","rationale":"Inspect an already-known source before another generic query","step":3,"t":"2026-09-17T20:01:20.975Z"}
{"level":"info","event":"action","runId":"4aaf1877-deb4-490d-a06a-d39d319d32a2","type":"challenge","rationale":"Disconfirm material conclusion: A primary source that directly contradicts this conclusion.","step":4,"t":"2026-09-17T20:01:20.992Z"}
{"level":"info","event":"action","runId":"4aaf1877-deb4-490d-a06a-d39d319d32a2","type":"challenge","rationale":"No counterexample found in accessed primary sources. This is not proof that the conclusion is true.","step":5,"t":"2026-09-17T20:01:21.007Z"}
{"level":"info","event":"action","runId":"4aaf1877-deb4-490d-a06a-d39d319d32a2","type":"synthesize","rationale":"decision_critical_gaps_resolved_or_unresolvable; high-impact claims supported or qualified; contradictions handled; remaining actions low expected value","step":6,"t":"2026-09-17T20:01:21.020Z"}
{"level":"info","event":"action","runId":"935472ad-5465-42ad-8734-5a089648e1c0","type":"search","rationale":"Investigate an uncovered required question","step":0,"t":"2026-09-17T20:01:21.533Z"}
{"level":"info","event":"action","runId":"935472ad-5465-42ad-8734-5a089648e1c0","type":"fetch","rationale":"Inspect an already-known source before another generic query","step":1,"t":"2026-09-17T20:01:21.555Z"}
{"level":"info","event":"action","runId":"935472ad-5465-42ad-8734-5a089648e1c0","type":"fetch","rationale":"Inspect an already-known source before another generic query","step":2,"t":"2026-09-17T20:01:21.571Z"}
{"level":"info","event":"action","runId":"935472ad-5465-42ad-8734-5a089648e1c0","type":"fetch","rationale":"Inspect an already-known source before another generic query","step":3,"t":"2026-09-17T20:01:21.584Z"}
{"level":"info","event":"action","runId":"935472ad-5465-42ad-8734-5a089648e1c0","type":"fetch","rationale":"Inspect an already-known source before another generic query","step":4,"t":"2026-09-17T20:01:21.598Z"}
{"level":"info","event":"action","runId":"935472ad-5465-42ad-8734-5a089648e1c0","type":"fetch","rationale":"Inspect an already-known source before another generic query","step":5,"t":"2026-09-17T20:01:21.612Z"}
{"level":"info","event":"action","runId":"935472ad-5465-42ad-8734-5a089648e1c0","type":"challenge","rationale":"Disconfirm material conclusion: A primary source that directly contradicts this conclusion.","step":6,"t":"2026-09-17T20:01:21.624Z"}
{"level":"info","event":"action","runId":"935472ad-5465-42ad-8734-5a089648e1c0","type":"challenge","rationale":"No counterexample found in accessed primary sources. This is not proof that the conclusion is true.","step":7,"t":"2026-09-17T20:01:21.641Z"}
{"level":"info","event":"action","runId":"935472ad-5465-42ad-8734-5a089648e1c0","type":"synthesize","rationale":"decision_critical_gaps_resolved_or_unresolvable; high-impact claims supported or qualified; contradictions handled; remaining actions low expected value","step":8,"t":"2026-09-17T20:01:21.653Z"}
{"level":"info","event":"action","runId":"8e6cf682-585e-4c1c-a1c2-ddd2190febc9","type":"search","rationale":"Investigate an uncovered required question","step":0,"t":"2026-09-17T20:01:22.149Z"}
{"level":"info","event":"action","runId":"8e6cf682-585e-4c1c-a1c2-ddd2190febc9","type":"fetch","rationale":"Inspect an already-known source before another generic query","step":1,"t":"2026-09-17T20:01:22.167Z"}
{"level":"info","event":"action","runId":"8e6cf682-585e-4c1c-a1c2-ddd2190febc9","type":"challenge","rationale":"Disconfirm material conclusion: A primary source that directly contradicts this conclusion.","step":2,"t":"2026-09-17T20:01:22.180Z"}
{"level":"info","event":"action","runId":"8e6cf682-585e-4c1c-a1c2-ddd2190febc9","type":"challenge","rationale":"No counterexample found in accessed primary sources. This is not proof that the conclusion is true.","step":3,"t":"2026-09-17T20:01:22.194Z"}
{"level":"info","event":"action","runId":"8e6cf682-585e-4c1c-a1c2-ddd2190febc9","type":"synthesize","rationale":"decision_critical_gaps_resolved_or_unresolvable; high-impact claims supported or qualified; contradictions handled; remaining actions low expected value","step":4,"t":"2026-09-17T20:01:22.209Z"}
{"level":"info","event":"action","runId":"dbd29428-bad7-4934-88f7-362040df2c10","type":"search","rationale":"Investigate an uncovered required question","step":0,"t":"2026-09-17T20:01:23.262Z"}
{"level":"info","event":"action","runId":"dbd29428-bad7-4934-88f7-362040df2c10","type":"fetch","rationale":"Inspect an already-known source before another generic query","step":1,"t":"2026-09-17T20:01:23.292Z"}
{"level":"info","event":"action","runId":"dbd29428-bad7-4934-88f7-362040df2c10","type":"fetch","rationale":"Inspect an already-known source before another generic query","step":2,"t":"2026-09-17T20:01:23.307Z"}
{"level":"info","event":"action","runId":"dbd29428-bad7-4934-88f7-362040df2c10","type":"fetch","rationale":"Inspect an already-known source before another generic query","step":3,"t":"2026-09-17T20:01:23.324Z"}
{"level":"info","event":"action","runId":"dbd29428-bad7-4934-88f7-362040df2c10","type":"fetch","rationale":"Inspect an already-known source before another generic query","step":4,"t":"2026-09-17T20:01:23.340Z"}
{"level":"info","event":"action","runId":"dbd29428-bad7-4934-88f7-362040df2c10","type":"fetch","rationale":"Inspect an already-known source before another generic query","step":5,"t":"2026-09-17T20:01:23.356Z"}
{"level":"info","event":"action","runId":"dbd29428-bad7-4934-88f7-362040df2c10","type":"challenge","rationale":"Disconfirm material conclusion: A primary source that directly contradicts this conclusion.","step":6,"t":"2026-09-17T20:01:23.370Z"}
{"level":"info","event":"action","runId":"dbd29428-bad7-4934-88f7-362040df2c10","type":"challenge","rationale":"No counterexample found in accessed primary sources. This is not proof that the conclusion is true.","step":7,"t":"2026-09-17T20:01:23.386Z"}
{"level":"info","event":"action","runId":"dbd29428-bad7-4934-88f7-362040df2c10","type":"synthesize","rationale":"decision_critical_gaps_resolved_or_unresolvable; high-impact claims supported or qualified; contradictions handled; remaining actions low expected value","step":8,"t":"2026-09-17T20:01:23.398Z"}
 ✓ test/launch-scope.integration.test.ts (19 tests) 14096ms
   ✓ launch-scope fixture/postgres cases > R02 asks a jurisdiction question when it would change the answer  377ms
   ✓ launch-scope fixture/postgres cases > R03 does not interview a clear comparison over style  692ms
   ✓ launch-scope fixture/postgres cases > R07 keeps a paywalled page snippet-only and does not claim a full read  608ms
   ✓ launch-scope fixture/postgres cases > R11 records a real price contradiction without averaging  624ms
   ✓ launch-scope fixture/postgres cases > R14 budget-limited outcome is not marked comprehensive  551ms
   ✓ launch-scope fixture/postgres cases > R22 preserves a reproducible annual cost calculation  625ms
   ✓ launch-scope fixture/postgres cases > V2-01 uses the compatibility matrix, not summary count  664ms
   ✓ launch-scope fixture/postgres cases > V2-02 / R08 switches source type after summary-family saturation  682ms
   ✓ launch-scope fixture/postgres cases > V2-04 relaxed budget discovers a previously omitted candidate  958ms
   ✓ launch-scope fixture/postgres cases > V2-05 recomputes a corrected numeric unit  855ms
   ✓ launch-scope fixture/postgres cases > V2-06 unknown dependency completeness forces a full rerun flag  1162ms
   ✓ launch-scope fixture/postgres cases > P2 selective budget reopen is not a full rerun; unknown-dependency correction is; both 120 EUR paths find Vendor C  2012ms
   ✓ launch-scope fixture/postgres cases > P2 a non-budget correction does not reopen candidate discovery or add Vendor C  1051ms
   ✓ launch-scope fixture/postgres cases > V2-18 distinguishes no eligible inspected option from universal absence  624ms
   ✓ launch-scope fixture/postgres cases > E07 denies another account's evidence id  609ms
   ✓ launch-scope fixture/postgres cases > S04 does not leave raw script markup in the canonical report  569ms
   ✓ launch-scope fixture/postgres cases > challenge and markdown export use the same stored report  672ms
{"level":"info","event":"action","runId":"7efd7b59-c1b1-4fc1-aa49-642f23641519","type":"search","rationale":"Investigate an uncovered required question","step":0,"t":"2026-09-17T20:01:25.075Z"}
{"level":"info","event":"action","runId":"7efd7b59-c1b1-4fc1-aa49-642f23641519","type":"fetch","rationale":"Inspect an already-known source before another generic query","step":1,"t":"2026-09-17T20:01:25.122Z"}
{"level":"info","event":"action","runId":"7efd7b59-c1b1-4fc1-aa49-642f23641519","type":"fetch","rationale":"Inspect an already-known source before another generic query","step":2,"t":"2026-09-17T20:01:25.142Z"}
{"level":"info","event":"action","runId":"7efd7b59-c1b1-4fc1-aa49-642f23641519","type":"fetch","rationale":"Inspect an already-known source before another generic query","step":3,"t":"2026-09-17T20:01:25.163Z"}
{"level":"info","event":"action","runId":"7efd7b59-c1b1-4fc1-aa49-642f23641519","type":"challenge","rationale":"Disconfirm material conclusion: A primary source that directly contradicts this conclusion.","step":4,"t":"2026-09-17T20:01:25.190Z"}
{"level":"info","event":"action","runId":"7efd7b59-c1b1-4fc1-aa49-642f23641519","type":"challenge","rationale":"No counterexample found in accessed primary sources. This is not proof that the conclusion is true.","step":5,"t":"2026-09-17T20:01:25.211Z"}
{"level":"info","event":"action","runId":"7efd7b59-c1b1-4fc1-aa49-642f23641519","type":"synthesize","rationale":"decision_critical_gaps_resolved_or_unresolvable; high-impact claims supported or qualified; contradictions handled; remaining actions low expected value","step":6,"t":"2026-09-17T20:01:25.228Z"}
 ✓ test/g06-cost.integration.test.ts (2 tests) 1334ms
   ✓ G06 local capability probe and measured fixture cost > GET /v1/routes/capabilities pins fixture tariffs and does not enable a live paid probe  305ms
   ✓ G06 local capability probe and measured fixture cost > GET /v1/runs/:id/cost reconciles spent_micro to fixture intents and denies other accounts  786ms
{"level":"info","event":"action","runId":"8f9c5abb-9b9e-4ba4-9fea-de4afe158eb0","type":"search","rationale":"Investigate an uncovered required question","step":0,"t":"2026-09-17T20:01:26.899Z"}
{"level":"info","event":"action","runId":"8f9c5abb-9b9e-4ba4-9fea-de4afe158eb0","type":"fetch","rationale":"Inspect an already-known source before another generic query","step":0,"t":"2026-09-17T20:01:26.979Z"}
{"level":"info","event":"action","runId":"8f9c5abb-9b9e-4ba4-9fea-de4afe158eb0","type":"fetch","rationale":"Inspect an already-known source before another generic query","step":1,"t":"2026-09-17T20:01:27.004Z"}
{"level":"info","event":"action","runId":"8f9c5abb-9b9e-4ba4-9fea-de4afe158eb0","type":"fetch","rationale":"Inspect an already-known source before another generic query","step":2,"t":"2026-09-17T20:01:27.028Z"}
{"level":"info","event":"action","runId":"8f9c5abb-9b9e-4ba4-9fea-de4afe158eb0","type":"challenge","rationale":"Disconfirm material conclusion: A primary source that directly contradicts this conclusion.","step":3,"t":"2026-09-17T20:01:27.058Z"}
{"level":"info","event":"action","runId":"8f9c5abb-9b9e-4ba4-9fea-de4afe158eb0","type":"challenge","rationale":"No counterexample found in accessed primary sources. This is not proof that the conclusion is true.","step":4,"t":"2026-09-17T20:01:27.082Z"}
{"level":"info","event":"action","runId":"8f9c5abb-9b9e-4ba4-9fea-de4afe158eb0","type":"synthesize","rationale":"decision_critical_gaps_resolved_or_unresolvable; high-impact claims supported or qualified; contradictions handled; remaining actions low expected value","step":5,"t":"2026-09-17T20:01:27.101Z"}
{"level":"info","event":"action","runId":"75822fd4-64c1-4051-b581-a04a510c6c3c","type":"search","rationale":"Investigate an uncovered required question","step":0,"t":"2026-09-17T20:01:27.856Z"}
{"level":"info","event":"action","runId":"75822fd4-64c1-4051-b581-a04a510c6c3c","type":"fetch","rationale":"Inspect an already-known source before another generic query","step":1,"t":"2026-09-17T20:01:27.889Z"}
{"level":"info","event":"action","runId":"75822fd4-64c1-4051-b581-a04a510c6c3c","type":"fetch","rationale":"Inspect an already-known source before another generic query","step":2,"t":"2026-09-17T20:01:27.908Z"}
{"level":"info","event":"action","runId":"75822fd4-64c1-4051-b581-a04a510c6c3c","type":"fetch","rationale":"Inspect an already-known source before another generic query","step":3,"t":"2026-09-17T20:01:27.927Z"}
{"level":"info","event":"action","runId":"75822fd4-64c1-4051-b581-a04a510c6c3c","type":"challenge","rationale":"Disconfirm material conclusion: A primary source that directly contradicts this conclusion.","step":4,"t":"2026-09-17T20:01:27.951Z"}
{"level":"info","event":"action","runId":"75822fd4-64c1-4051-b581-a04a510c6c3c","type":"challenge","rationale":"No counterexample found in accessed primary sources. This is not proof that the conclusion is true.","step":5,"t":"2026-09-17T20:01:27.969Z"}
{"level":"info","event":"action","runId":"75822fd4-64c1-4051-b581-a04a510c6c3c","type":"synthesize","rationale":"decision_critical_gaps_resolved_or_unresolvable; high-impact claims supported or qualified; contradictions handled; remaining actions low expected value","step":6,"t":"2026-09-17T20:01:27.986Z"}
{"level":"info","event":"action","runId":"75822fd4-64c1-4051-b581-a04a510c6c3c","type":"synthesize","rationale":"decision_critical_gaps_resolved_or_unresolvable; high-impact claims supported or qualified; contradictions handled; remaining actions low expected value","step":0,"t":"2026-09-17T20:01:28.227Z"}
 ✓ test/p4-recovery.integration.test.ts (2 tests) 2412ms
   ✓ P4 recovery drill against shipped worker/Postgres > crash after fetch: evidence kept, live lease not stolen, expired lease recovered without double-settle  1080ms
   ✓ P4 recovery drill against shipped worker/Postgres > crash before publish then expired-lease failover: one report and one settlement  1083ms
{"level":"info","event":"action","runId":"1a8b044f-46c9-4493-9d9a-ac9ecfc71749","type":"search","rationale":"Investigate an uncovered required question","step":0,"t":"2026-09-17T20:01:29.655Z"}
{"level":"info","event":"action","runId":"1a8b044f-46c9-4493-9d9a-ac9ecfc71749","type":"stop","rationale":"action type reveal_keys is not a permitted research action","step":1,"t":"2026-09-17T20:01:29.682Z"}
{"level":"info","event":"action","runId":"a7863266-ffd1-4073-8298-bd7175e613cf","type":"search","rationale":"Investigate an uncovered required question","step":0,"t":"2026-09-17T20:01:30.205Z"}
{"level":"info","event":"action","runId":"a7863266-ffd1-4073-8298-bd7175e613cf","type":"search","rationale":"Decision-blocking gap: authoritative compatibility limitation. Switching source type to vendor-matrix.","step":1,"t":"2026-09-17T20:01:30.234Z"}
{"level":"info","event":"action","runId":"a7863266-ffd1-4073-8298-bd7175e613cf","type":"fetch","rationale":"Inspect the preferred source type (vendor-matrix) before more weak sources","step":2,"t":"2026-09-17T20:01:30.256Z"}
{"level":"info","event":"action","runId":"a7863266-ffd1-4073-8298-bd7175e613cf","type":"fetch","rationale":"Inspect an already-known source before another generic query","step":3,"t":"2026-09-17T20:01:30.274Z"}
{"level":"info","event":"action","runId":"a7863266-ffd1-4073-8298-bd7175e613cf","type":"fetch","rationale":"Inspect an already-known source before another generic query","step":4,"t":"2026-09-17T20:01:30.294Z"}
{"level":"info","event":"action","runId":"a7863266-ffd1-4073-8298-bd7175e613cf","type":"fetch","rationale":"Inspect an already-known source before another generic query","step":5,"t":"2026-09-17T20:01:30.315Z"}
{"level":"info","event":"action","runId":"a7863266-ffd1-4073-8298-bd7175e613cf","type":"verify","rationale":"Scope-check contradiction on compatibility before treating newest as correct","step":6,"t":"2026-09-17T20:01:30.335Z"}
{"level":"info","event":"action","runId":"a7863266-ffd1-4073-8298-bd7175e613cf","type":"challenge","rationale":"Disconfirm material conclusion: Official compatibility documentation that lists the named version as supported.","step":7,"t":"2026-09-17T20:01:30.356Z"}
{"level":"info","event":"action","runId":"a7863266-ffd1-4073-8298-bd7175e613cf","type":"challenge","rationale":"No counterexample found in accessed primary sources. This is not proof that the conclusion is true.","step":8,"t":"2026-09-17T20:01:30.378Z"}
{"level":"info","event":"action","runId":"a7863266-ffd1-4073-8298-bd7175e613cf","type":"synthesize","rationale":"decision_critical_gaps_resolved_or_unresolvable; high-impact claims supported or qualified; contradictions handled; remaining actions low expected value","step":9,"t":"2026-09-17T20:01:30.397Z"}
{"level":"info","event":"action","runId":"db12c141-86ee-48b8-a3c2-e0cc96cce661","type":"search","rationale":"Investigate an uncovered required question","step":0,"t":"2026-09-17T20:01:30.945Z"}
{"level":"info","event":"action","runId":"db12c141-86ee-48b8-a3c2-e0cc96cce661","type":"fetch","rationale":"Inspect an already-known source before another generic query","step":1,"t":"2026-09-17T20:01:30.976Z"}
{"level":"info","event":"action","runId":"db12c141-86ee-48b8-a3c2-e0cc96cce661","type":"fetch","rationale":"Inspect an already-known source before another generic query","step":2,"t":"2026-09-17T20:01:30.995Z"}
{"level":"info","event":"action","runId":"db12c141-86ee-48b8-a3c2-e0cc96cce661","type":"fetch","rationale":"Inspect an already-known source before another generic query","step":3,"t":"2026-09-17T20:01:31.015Z"}
{"level":"info","event":"action","runId":"db12c141-86ee-48b8-a3c2-e0cc96cce661","type":"challenge","rationale":"Disconfirm material conclusion: A primary source that directly contradicts this conclusion.","step":4,"t":"2026-09-17T20:01:31.035Z"}
{"level":"info","event":"action","runId":"db12c141-86ee-48b8-a3c2-e0cc96cce661","type":"challenge","rationale":"No counterexample found in accessed primary sources. This is not proof that the conclusion is true.","step":5,"t":"2026-09-17T20:01:31.053Z"}
{"level":"info","event":"action","runId":"db12c141-86ee-48b8-a3c2-e0cc96cce661","type":"synthesize","rationale":"decision_critical_gaps_resolved_or_unresolvable; high-impact claims supported or qualified; contradictions handled; remaining actions low expected value","step":6,"t":"2026-09-17T20:01:31.068Z"}
{"level":"info","event":"action","runId":"baf0c808-7887-4b11-994e-8688b4bb6130","type":"search","rationale":"Investigate an uncovered required question","step":0,"t":"2026-09-17T20:01:31.621Z"}
{"level":"info","event":"action","runId":"baf0c808-7887-4b11-994e-8688b4bb6130","type":"search","rationale":"Investigate an uncovered required question","step":1,"t":"2026-09-17T20:01:31.660Z"}
{"level":"info","event":"action","runId":"5eb88245-906a-43df-8d47-2a6f3c1003d7","type":"search","rationale":"Investigate an uncovered required question","step":0,"t":"2026-09-17T20:01:31.954Z"}
{"level":"info","event":"action","runId":"c0cd66a6-6857-43ac-9c80-c969bf01609d","type":"search","rationale":"Investigate an uncovered required question","step":0,"t":"2026-09-17T20:01:32.270Z"}
{"level":"info","event":"action","runId":"8992e069-5213-45ef-82f1-df5315bec83e","type":"search","rationale":"Investigate an uncovered required question","step":0,"t":"2026-09-17T20:01:32.573Z"}
{"level":"info","event":"action","runId":"ac46672f-90f8-482e-b799-14d4012109b7","type":"search","rationale":"Investigate an uncovered required question","step":0,"t":"2026-09-17T20:01:32.858Z"}
{"level":"info","event":"action","runId":"7e1b7144-562a-44e4-9397-9d7137ec2fca","type":"search","rationale":"Investigate an uncovered required question","step":0,"t":"2026-09-17T20:01:33.146Z"}
{"level":"info","event":"action","runId":"43f6f427-01c6-435e-8826-431034478851","type":"search","rationale":"Investigate an uncovered required question","step":0,"t":"2026-09-17T20:01:33.431Z"}
 ✓ test/controller-admission.integration.test.ts (11 tests) 4638ms
   ✓ controller admission on the fixture worker path > rejects injected privileged proposals and still inspects remaining sources  659ms
   ✓ controller admission on the fixture worker path > records a source-type pivot and stop reason for a compatibility gap  745ms
   ✓ controller admission on the fixture worker path > unknown-dependency correction forces a full rerun  662ms
   ✓ controller admission on the fixture worker path > processRun records an issued live intent before the provider call for a well-formed search  340ms
   ✓ controller admission on the fixture worker path > does not count unknown_cost as a completed search  319ms
   ✓ controller admission on the fixture worker path > does not count timeout as a completed search  300ms
{"level":"info","event":"action","runId":"33df661a-aa38-448c-9237-460f8159c9d6","type":"search","rationale":"Investigate an uncovered required question","step":0,"t":"2026-09-17T20:01:35.120Z"}
{"level":"info","event":"action","runId":"33df661a-aa38-448c-9237-460f8159c9d6","type":"fetch","rationale":"Inspect an already-known source before another generic query","step":1,"t":"2026-09-17T20:01:35.160Z"}
{"level":"info","event":"action","runId":"33df661a-aa38-448c-9237-460f8159c9d6","type":"fetch","rationale":"Inspect an already-known source before another generic query","step":2,"t":"2026-09-17T20:01:35.181Z"}
{"level":"info","event":"action","runId":"33df661a-aa38-448c-9237-460f8159c9d6","type":"fetch","rationale":"Inspect an already-known source before another generic query","step":3,"t":"2026-09-17T20:01:35.201Z"}
{"level":"info","event":"action","runId":"33df661a-aa38-448c-9237-460f8159c9d6","type":"fetch","rationale":"Inspect an already-known source before another generic query","step":4,"t":"2026-09-17T20:01:35.219Z"}
{"level":"info","event":"action","runId":"33df661a-aa38-448c-9237-460f8159c9d6","type":"fetch","rationale":"Inspect an already-known source before another generic query","step":5,"t":"2026-09-17T20:01:35.238Z"}
{"level":"info","event":"action","runId":"33df661a-aa38-448c-9237-460f8159c9d6","type":"challenge","rationale":"Disconfirm material conclusion: A primary source that directly contradicts this conclusion.","step":6,"t":"2026-09-17T20:01:35.258Z"}
{"level":"info","event":"action","runId":"33df661a-aa38-448c-9237-460f8159c9d6","type":"challenge","rationale":"No counterexample found in accessed primary sources. This is not proof that the conclusion is true.","step":7,"t":"2026-09-17T20:01:35.281Z"}
{"level":"info","event":"action","runId":"33df661a-aa38-448c-9237-460f8159c9d6","type":"synthesize","rationale":"decision_critical_gaps_resolved_or_unresolvable; high-impact claims supported or qualified; contradictions handled; remaining actions low expected value","step":8,"t":"2026-09-17T20:01:35.297Z"}
{"level":"info","event":"action","runId":"bdaaca8a-1df3-495f-9693-2952938c0f78","type":"search","rationale":"Investigate an uncovered required question","step":0,"t":"2026-09-17T20:01:35.624Z"}
{"level":"info","event":"action","runId":"bdaaca8a-1df3-495f-9693-2952938c0f78","type":"fetch","rationale":"Inspect an already-known source before another generic query","step":1,"t":"2026-09-17T20:01:35.651Z"}
{"level":"info","event":"action","runId":"bdaaca8a-1df3-495f-9693-2952938c0f78","type":"fetch","rationale":"Inspect an already-known source before another generic query","step":2,"t":"2026-09-17T20:01:35.681Z"}
{"level":"info","event":"action","runId":"bdaaca8a-1df3-495f-9693-2952938c0f78","type":"fetch","rationale":"Inspect an already-known source before another generic query","step":3,"t":"2026-09-17T20:01:35.701Z"}
{"level":"info","event":"action","runId":"bdaaca8a-1df3-495f-9693-2952938c0f78","type":"fetch","rationale":"Inspect an already-known source before another generic query","step":4,"t":"2026-09-17T20:01:35.721Z"}
{"level":"info","event":"action","runId":"bdaaca8a-1df3-495f-9693-2952938c0f78","type":"fetch","rationale":"Inspect an already-known source before another generic query","step":5,"t":"2026-09-17T20:01:35.740Z"}
{"level":"info","event":"action","runId":"bdaaca8a-1df3-495f-9693-2952938c0f78","type":"challenge","rationale":"Disconfirm material conclusion: A primary source that directly contradicts this conclusion.","step":6,"t":"2026-09-17T20:01:35.761Z"}
{"level":"info","event":"action","runId":"bdaaca8a-1df3-495f-9693-2952938c0f78","type":"challenge","rationale":"No counterexample found in accessed primary sources. This is not proof that the conclusion is true.","step":7,"t":"2026-09-17T20:01:35.781Z"}
{"level":"info","event":"action","runId":"bdaaca8a-1df3-495f-9693-2952938c0f78","type":"synthesize","rationale":"decision_critical_gaps_resolved_or_unresolvable; high-impact claims supported or qualified; contradictions handled; remaining actions low expected value","step":8,"t":"2026-09-17T20:01:35.798Z"}
 ✓ test/g07-output.integration.test.ts (3 tests) 2239ms
   ✓ G07 / M10 in-app output reporting and privacy disclosure > M10 includeExcerpt stores owned answer text; omitting it stores no excerpt; other accounts are denied  1299ms
   ✓ G07 / M10 in-app output reporting and privacy disclosure > restore purchases stays gated and grants no entitlement  416ms
 ✓ test/model-gateway.integration.test.ts (56 tests) 10566ms
   ✓ W05 generic writer, exact final wording and canonical publication > writes changed prose, checks it separately, publishes and reopens its premise lineage  548ms
   ✓ W05 generic writer, exact final wording and canonical publication > keeps supported synthesis while blocking a made-up heading, paragraph and limitation  550ms
   ✓ W05 generic writer, exact final wording and canonical publication > reuses a durable draft after restart without another writer request  380ms
   ✓ W05 generic writer, exact final wording and canonical publication > purges drafts and composed claim text on account deletion  548ms
   ✓ W05 durable criterion coverage review > executes review once, stores exact claim revisions and revalidates replay  406ms
{"level":"info","event":"action","runId":"0ec005a5-630f-4153-9f5f-f652b1e4ba34","type":"challenge","rationale":"Disconfirm material conclusion: A primary source that directly contradicts this conclusion.","step":0,"t":"2026-09-17T20:01:48.670Z"}
{"level":"info","event":"action","runId":"0ec005a5-630f-4153-9f5f-f652b1e4ba34","type":"fetch","rationale":"Inspect an already-known source before another generic query","step":1,"t":"2026-09-17T20:01:48.719Z"}
{"level":"info","event":"action","runId":"0ec005a5-630f-4153-9f5f-f652b1e4ba34","type":"fetch","rationale":"Inspect an already-known source before another generic query","step":2,"t":"2026-09-17T20:01:48.743Z"}
{"level":"info","event":"action","runId":"0ec005a5-630f-4153-9f5f-f652b1e4ba34","type":"fetch","rationale":"Inspect an already-known source before another generic query","step":3,"t":"2026-09-17T20:01:48.770Z"}
{"level":"info","event":"action","runId":"0ec005a5-630f-4153-9f5f-f652b1e4ba34","type":"challenge","rationale":"Disconfirm material conclusion: A primary source that directly contradicts this conclusion.","step":4,"t":"2026-09-17T20:01:48.807Z"}
{"level":"info","event":"action","runId":"0ec005a5-630f-4153-9f5f-f652b1e4ba34","type":"challenge","rationale":"Disconfirm material conclusion: A primary source that directly contradicts this conclusion.","step":5,"t":"2026-09-17T20:01:48.832Z"}
{"level":"info","event":"action","runId":"0ec005a5-630f-4153-9f5f-f652b1e4ba34","type":"challenge","rationale":"Disconfirm material conclusion: A primary source that directly contradicts this conclusion.","step":6,"t":"2026-09-17T20:01:48.855Z"}
{"level":"info","event":"action","runId":"0ec005a5-630f-4153-9f5f-f652b1e4ba34","type":"challenge","rationale":"Disconfirm material conclusion: A primary source that directly contradicts this conclusion.","step":7,"t":"2026-09-17T20:01:48.881Z"}
{"level":"info","event":"action","runId":"0ec005a5-630f-4153-9f5f-f652b1e4ba34","type":"challenge","rationale":"Disconfirm material conclusion: A primary source that directly contradicts this conclusion.","step":8,"t":"2026-09-17T20:01:48.908Z"}
{"level":"info","event":"action","runId":"0ec005a5-630f-4153-9f5f-f652b1e4ba34","type":"challenge","rationale":"Disconfirm material conclusion: A primary source that directly contradicts this conclusion.","step":9,"t":"2026-09-17T20:01:48.929Z"}
{"level":"info","event":"action","runId":"0ec005a5-630f-4153-9f5f-f652b1e4ba34","type":"challenge","rationale":"Disconfirm material conclusion: A primary source that directly contradicts this conclusion.","step":10,"t":"2026-09-17T20:01:48.950Z"}
{"level":"info","event":"action","runId":"0ec005a5-630f-4153-9f5f-f652b1e4ba34","type":"challenge","rationale":"No counterexample found in accessed primary sources. This is not proof that the conclusion is true.","step":11,"t":"2026-09-17T20:01:48.976Z"}
{"level":"info","event":"action","runId":"0ec005a5-630f-4153-9f5f-f652b1e4ba34","type":"stop","rationale":"Repeated searches returned no novel source family or coverage progress","step":12,"t":"2026-09-17T20:01:48.995Z"}
{"level":"info","event":"action","runId":"d747ab7c-afb0-4cf3-b65c-c7b4b36fba09","type":"search","rationale":"Investigate an uncovered required question","step":0,"t":"2026-09-17T20:01:49.403Z"}
{"level":"info","event":"action","runId":"d747ab7c-afb0-4cf3-b65c-c7b4b36fba09","type":"fetch","rationale":"Inspect an already-known source before another generic query","step":1,"t":"2026-09-17T20:01:49.434Z"}
{"level":"info","event":"action","runId":"d747ab7c-afb0-4cf3-b65c-c7b4b36fba09","type":"fetch","rationale":"Inspect an already-known source before another generic query","step":2,"t":"2026-09-17T20:01:49.452Z"}
{"level":"info","event":"action","runId":"d747ab7c-afb0-4cf3-b65c-c7b4b36fba09","type":"fetch","rationale":"Inspect an already-known source before another generic query","step":3,"t":"2026-09-17T20:01:49.472Z"}
{"level":"info","event":"action","runId":"d747ab7c-afb0-4cf3-b65c-c7b4b36fba09","type":"challenge","rationale":"Disconfirm material conclusion: A primary source that directly contradicts this conclusion.","step":4,"t":"2026-09-17T20:01:49.508Z"}
{"level":"info","event":"action","runId":"d747ab7c-afb0-4cf3-b65c-c7b4b36fba09","type":"challenge","rationale":"No counterexample found in accessed primary sources. This is not proof that the conclusion is true.","step":5,"t":"2026-09-17T20:01:49.530Z"}
{"level":"info","event":"action","runId":"d747ab7c-afb0-4cf3-b65c-c7b4b36fba09","type":"synthesize","rationale":"decision_critical_gaps_resolved_or_unresolvable; high-impact claims supported or qualified; contradictions handled; remaining actions low expected value","step":6,"t":"2026-09-17T20:01:49.549Z"}
 ✓ test/v6-deletion.integration.test.ts (9 tests) 1730ms
   ✓ W03 deletion removes raw attachments and private text from every owned research store  700ms
   ✓ W03 a challenges request authenticated before deletion cannot restore private content  394ms
 ✓ test/v6-ingestion.integration.test.ts (1 test) 180ms
 ✓ test/v6-publication.integration.test.ts (19 tests) 522ms
 ✓ test/v6-upload.integration.test.ts (2 tests) 331ms
 ✓ test/v6-identity.integration.test.ts (3 tests) 460ms
 ✓ test/pinned-http.integration.test.ts (3 tests) 98ms

 Test Files  16 passed (16)
      Tests  228 passed (228)
   Start at  14:00:20
   Duration  93.00s (transform 1.13s, setup 0ms, collect 5.39s, tests 83.79s, environment 4ms, prepare 1.39s)

