
> deep-research-mobile@0.1.0 test:integration /home/oranolio/Desktop/Deep
> pnpm --filter @deep/backend test:integration


> @deep/backend@0.1.0 test:integration /home/oranolio/Desktop/Deep/apps/backend
> vitest run --config vitest.integration.config.ts


 RUN  v3.2.7 /home/oranolio/Desktop/Deep/apps/backend

 ✓ test/model-gateway.integration.test.ts (104 tests) 51707ms
   ✓ W05 evidence-bound arbitrary assertion extraction > retains all selected passages even when output has no assertions  323ms
   ✓ W05 substantive support execution and persisted revisions > performs and stores scoped checks with stable claim revisions on replay  328ms
   ✓ W05 substantive support execution and persisted revisions > does not reuse corrupted claim revisions or support receipts  470ms
   ✓ W01/W05 scoped support at the real publication gate > publishes a checked paraphrase and preserves canonical assertion identity on reopen  351ms
   ✓ W01/W05 scoped support at the real publication gate > does not fall back to literal support when a managed assertion is partial  371ms
   ✓ W01/W05 scoped support at the real publication gate > rejects altered assertion text and unmapped extra prose  357ms
   ✓ W01/W05 scoped support at the real publication gate > refuses corrupted persisted checks instead of trusting an approval flag  314ms
   ✓ W05 generic writer, exact final wording and canonical publication > writes changed prose, checks it separately, publishes and reopens its premise lineage  1392ms
   ✓ W05 generic writer, exact final wording and canonical publication > keeps supported synthesis while blocking a made-up heading, paragraph and limitation  1634ms
   ✓ W05 generic writer, exact final wording and canonical publication > reuses a durable draft after restart without another writer request  745ms
   ✓ W05 generic writer, exact final wording and canonical publication > rejects invented premise keys and publishes no report  318ms
   ✓ W05 generic writer, exact final wording and canonical publication > blocks an oversized final assertion set without truncation or a second paid attempt  438ms
   ✓ W05 generic writer, exact final wording and canonical publication > rejects draft self-reference before dispatch  438ms
   ✓ W05 generic writer, exact final wording and canonical publication > purges drafts and composed claim text on account deletion  1486ms
   ✓ W05 generic writer, exact final wording and canonical publication > adds a new checker result without overwriting an older version or paying again  455ms
   ✓ W05 durable criterion coverage review > executes review once, stores exact claim revisions and revalidates replay  678ms
   ✓ W05 durable criterion coverage review > vetoes supported coverage when named assertions failed substantive checks  381ms
   ✓ W05 durable criterion coverage review > rejects missing question reviews without recording coverage  324ms
   ✓ W05 durable criterion coverage review > rejects changed evidence before saving coverage while retaining cost  363ms
   ✓ W05 durable criterion coverage review > purges saved coverage on account deletion  586ms
   ✓ W05 report completion requires exact final coverage > completes and reopens a report only after final assertion coverage executes  2936ms
   ✓ W05 report completion requires exact final coverage > does not publish when the required review returns invalid output  789ms
   ✓ W05 publication rejects a forged complete outcome without a review while preserving limited publication  390ms
   ✓ W05 structured services through production processRun > runs arbitrary evidence through criteria, extraction, substantive checks and cited publication  1468ms
   ✓ W05 structured services through production processRun > does not turn a failed assertion into a verified event or template report  400ms
   ✓ W05 structured writing pause supports resume without repeating evidence work  2211ms
   ✓ W05 structured writing pause supports cancel without repeating evidence work  495ms
   ✓ W04/W05 durable discovered source reading > production worker reads discovered evidence; readable=true  2382ms
   ✓ W05 unresolved criteria trigger a distinct public query and rechecked synthesis  5450ms
   ✓ W06 immutable correction evidence membership > reuses exact passage/version identities but recomputes child claims through production worker  4027ms
   ✓ W06 fresh cited versions change evidence without claiming changed assertion wording  3056ms
   ✓ W06 missing parent publication cannot produce an unchanged comparison  1617ms
   ✓ W05 executed scope comparisons > persists exact revisions and reuses the result without a provider call; writer receives it  670ms
   ✓ W05 executed scope comparisons > rejects foreign owners, wrong revisions, unknown targets and extra authority  309ms
   ✓ W05 executed scope comparisons > corrupt comparison output cannot be reused or passed to the writer  584ms
   ✓ W05 executed scope comparisons > changed claim revision invalidates a comparison and deletion removes derived records  583ms
   ✓ W05 concurrent scope comparison execution produces one durable result  369ms
   ✓ W02/W05 unknown prior writer attempt blocks a context upgrade without releasing its hold  314ms
   ✓ W05 legacy comparison preserves its original writer representation even with an unknown attempt  860ms
   ✓ W05 projection metadata and model-bound pair tampering fail closed  574ms
   ✓ W05 evidence-bound calculation execution > computes from exact supported revisions, binds numeric spans and replays without provider work  499ms
   ✓ W05 evidence-bound calculation execution > a model-supported year cannot masquerade as an area input  431ms
   ✓ W05 evidence-bound calculation execution > rejects foreign/versioned targets, caller values and corrupt results  519ms
   ✓ W05 evidence-bound calculation execution > changed input revision invalidates the proof and account deletion removes it  600ms
   ✓ W05 evidence-bound calculation execution > concurrent attempts share one durable calculation  822ms
{"level":"info","event":"action","runId":"0f4603a2-018f-4e17-b220-7f8f6476f420","type":"search","rationale":"Investigate an uncovered required question","step":0,"t":"2026-09-17T22:38:02.445Z"}
{"level":"info","event":"action","runId":"0f4603a2-018f-4e17-b220-7f8f6476f420","type":"fetch","rationale":"Inspect an already-known source before another generic query","step":1,"t":"2026-09-17T22:38:02.488Z"}
{"level":"info","event":"action","runId":"0f4603a2-018f-4e17-b220-7f8f6476f420","type":"fetch","rationale":"Inspect an already-known source before another generic query","step":2,"t":"2026-09-17T22:38:02.508Z"}
{"level":"info","event":"action","runId":"0f4603a2-018f-4e17-b220-7f8f6476f420","type":"fetch","rationale":"Inspect an already-known source before another generic query","step":3,"t":"2026-09-17T22:38:02.530Z"}
{"level":"info","event":"action","runId":"0f4603a2-018f-4e17-b220-7f8f6476f420","type":"challenge","rationale":"Disconfirm material conclusion: A primary source that directly contradicts this conclusion.","step":4,"t":"2026-09-17T22:38:02.575Z"}
{"level":"info","event":"action","runId":"0f4603a2-018f-4e17-b220-7f8f6476f420","type":"challenge","rationale":"No counterexample found in accessed primary sources. This is not proof that the conclusion is true.","step":5,"t":"2026-09-17T22:38:02.617Z"}
{"level":"info","event":"action","runId":"0f4603a2-018f-4e17-b220-7f8f6476f420","type":"synthesize","rationale":"decision_critical_gaps_resolved_or_unresolvable; high-impact claims supported or qualified; contradictions handled; remaining actions low expected value","step":6,"t":"2026-09-17T22:38:02.637Z"}
{"level":"info","event":"action","runId":"31d0d744-a781-4a5f-8ebb-5103ee164046","type":"search","rationale":"Investigate an uncovered required question","step":0,"t":"2026-09-17T22:38:03.300Z"}
{"level":"info","event":"action","runId":"31d0d744-a781-4a5f-8ebb-5103ee164046","type":"fetch","rationale":"Inspect an already-known source before another generic query","step":1,"t":"2026-09-17T22:38:03.321Z"}
{"level":"info","event":"action","runId":"31d0d744-a781-4a5f-8ebb-5103ee164046","type":"fetch","rationale":"Inspect an already-known source before another generic query","step":2,"t":"2026-09-17T22:38:03.338Z"}
{"level":"info","event":"action","runId":"31d0d744-a781-4a5f-8ebb-5103ee164046","type":"challenge","rationale":"Disconfirm material conclusion: A primary source that directly contradicts this conclusion.","step":3,"t":"2026-09-17T22:38:03.353Z"}
{"level":"info","event":"action","runId":"31d0d744-a781-4a5f-8ebb-5103ee164046","type":"challenge","rationale":"No counterexample found in accessed primary sources. This is not proof that the conclusion is true.","step":4,"t":"2026-09-17T22:38:03.368Z"}
{"level":"info","event":"action","runId":"31d0d744-a781-4a5f-8ebb-5103ee164046","type":"synthesize","rationale":"decision_critical_gaps_resolved_or_unresolvable; high-impact claims supported or qualified; contradictions handled; remaining actions low expected value","step":5,"t":"2026-09-17T22:38:03.383Z"}
{"level":"info","event":"action","runId":"a1af414d-bd98-43f1-9956-9665aab28ae6","type":"search","rationale":"Investigate an uncovered required question","step":0,"t":"2026-09-17T22:38:03.902Z"}
{"level":"info","event":"action","runId":"a1af414d-bd98-43f1-9956-9665aab28ae6","type":"fetch","rationale":"Inspect an already-known source before another generic query","step":1,"t":"2026-09-17T22:38:03.924Z"}
{"level":"info","event":"action","runId":"a1af414d-bd98-43f1-9956-9665aab28ae6","type":"fetch","rationale":"Inspect an already-known source before another generic query","step":2,"t":"2026-09-17T22:38:03.938Z"}
{"level":"info","event":"action","runId":"a1af414d-bd98-43f1-9956-9665aab28ae6","type":"fetch","rationale":"Inspect an already-known source before another generic query","step":3,"t":"2026-09-17T22:38:03.951Z"}
{"level":"info","event":"action","runId":"a1af414d-bd98-43f1-9956-9665aab28ae6","type":"challenge","rationale":"Disconfirm material conclusion: A primary source that directly contradicts this conclusion.","step":4,"t":"2026-09-17T22:38:03.968Z"}
{"level":"info","event":"action","runId":"a1af414d-bd98-43f1-9956-9665aab28ae6","type":"challenge","rationale":"No counterexample found in accessed primary sources. This is not proof that the conclusion is true.","step":5,"t":"2026-09-17T22:38:03.985Z"}
{"level":"info","event":"action","runId":"a1af414d-bd98-43f1-9956-9665aab28ae6","type":"synthesize","rationale":"decision_critical_gaps_resolved_or_unresolvable; high-impact claims supported or qualified; contradictions handled; remaining actions low expected value","step":6,"t":"2026-09-17T22:38:03.998Z"}
{"level":"info","event":"action","runId":"cbeb8641-a357-4ee9-a9ba-96c8ffc074ae","type":"search","rationale":"Investigate an uncovered required question","step":0,"t":"2026-09-17T22:38:04.540Z"}
{"level":"info","event":"action","runId":"cbeb8641-a357-4ee9-a9ba-96c8ffc074ae","type":"fetch","rationale":"Inspect an already-known source before another generic query","step":1,"t":"2026-09-17T22:38:04.564Z"}
{"level":"info","event":"action","runId":"cbeb8641-a357-4ee9-a9ba-96c8ffc074ae","type":"fetch","rationale":"Inspect an already-known source before another generic query","step":2,"t":"2026-09-17T22:38:04.585Z"}
{"level":"info","event":"action","runId":"cbeb8641-a357-4ee9-a9ba-96c8ffc074ae","type":"challenge","rationale":"Disconfirm material conclusion: A primary source that directly contradicts this conclusion.","step":3,"t":"2026-09-17T22:38:04.611Z"}
{"level":"info","event":"action","runId":"cbeb8641-a357-4ee9-a9ba-96c8ffc074ae","type":"challenge","rationale":"No counterexample found in accessed primary sources. This is not proof that the conclusion is true.","step":4,"t":"2026-09-17T22:38:04.629Z"}
{"level":"info","event":"action","runId":"cbeb8641-a357-4ee9-a9ba-96c8ffc074ae","type":"synthesize","rationale":"decision_critical_gaps_resolved_or_unresolvable; high-impact claims supported or qualified; contradictions handled; remaining actions low expected value","step":5,"t":"2026-09-17T22:38:04.640Z"}
{"level":"info","event":"action","runId":"01c61603-c531-4522-89be-81d483463695","type":"search","rationale":"Investigate an uncovered required question","step":0,"t":"2026-09-17T22:38:05.284Z"}
{"level":"info","event":"action","runId":"01c61603-c531-4522-89be-81d483463695","type":"fetch","rationale":"Inspect an already-known source before another generic query","step":1,"t":"2026-09-17T22:38:05.319Z"}
{"level":"info","event":"action","runId":"01c61603-c531-4522-89be-81d483463695","type":"challenge","rationale":"Disconfirm material conclusion: A primary source that directly contradicts this conclusion.","step":2,"t":"2026-09-17T22:38:05.347Z"}
{"level":"info","event":"action","runId":"01c61603-c531-4522-89be-81d483463695","type":"challenge","rationale":"No counterexample found in accessed primary sources. This is not proof that the conclusion is true.","step":3,"t":"2026-09-17T22:38:05.386Z"}
{"level":"info","event":"action","runId":"01c61603-c531-4522-89be-81d483463695","type":"synthesize","rationale":"decision_critical_gaps_resolved_or_unresolvable; high-impact claims supported or qualified; contradictions handled; remaining actions low expected value","step":4,"t":"2026-09-17T22:38:05.404Z"}
{"level":"info","event":"action","runId":"62123e20-c406-40cb-bac3-2d889a8ebcba","type":"search","rationale":"Investigate an uncovered required question","step":0,"t":"2026-09-17T22:38:05.941Z"}
{"level":"info","event":"action","runId":"62123e20-c406-40cb-bac3-2d889a8ebcba","type":"fetch","rationale":"Inspect an already-known source before another generic query","step":1,"t":"2026-09-17T22:38:05.969Z"}
{"level":"info","event":"action","runId":"62123e20-c406-40cb-bac3-2d889a8ebcba","type":"fetch","rationale":"Inspect an already-known source before another generic query","step":2,"t":"2026-09-17T22:38:05.983Z"}
{"level":"info","event":"action","runId":"62123e20-c406-40cb-bac3-2d889a8ebcba","type":"fetch","rationale":"Inspect an already-known source before another generic query","step":3,"t":"2026-09-17T22:38:05.997Z"}
{"level":"info","event":"action","runId":"62123e20-c406-40cb-bac3-2d889a8ebcba","type":"challenge","rationale":"Disconfirm material conclusion: A primary source that directly contradicts this conclusion.","step":4,"t":"2026-09-17T22:38:06.015Z"}
{"level":"info","event":"action","runId":"62123e20-c406-40cb-bac3-2d889a8ebcba","type":"challenge","rationale":"No counterexample found in accessed primary sources. This is not proof that the conclusion is true.","step":5,"t":"2026-09-17T22:38:06.030Z"}
{"level":"info","event":"action","runId":"62123e20-c406-40cb-bac3-2d889a8ebcba","type":"synthesize","rationale":"decision_critical_gaps_resolved_or_unresolvable; high-impact claims supported or qualified; contradictions handled; remaining actions low expected value","step":6,"t":"2026-09-17T22:38:06.043Z"}
{"level":"info","event":"action","runId":"ca126f57-2738-4df1-a5ed-fef8628d0ce6","type":"search","rationale":"Investigate an uncovered required question","step":0,"t":"2026-09-17T22:38:06.593Z"}
{"level":"info","event":"action","runId":"ca126f57-2738-4df1-a5ed-fef8628d0ce6","type":"fetch","rationale":"Inspect an already-known source before another generic query","step":1,"t":"2026-09-17T22:38:06.617Z"}
{"level":"info","event":"action","runId":"ca126f57-2738-4df1-a5ed-fef8628d0ce6","type":"fetch","rationale":"Inspect an already-known source before another generic query","step":2,"t":"2026-09-17T22:38:06.632Z"}
{"level":"info","event":"action","runId":"ca126f57-2738-4df1-a5ed-fef8628d0ce6","type":"fetch","rationale":"Inspect an already-known source before another generic query","step":3,"t":"2026-09-17T22:38:06.645Z"}
{"level":"info","event":"action","runId":"ca126f57-2738-4df1-a5ed-fef8628d0ce6","type":"fetch","rationale":"Inspect an already-known source before another generic query","step":4,"t":"2026-09-17T22:38:06.657Z"}
{"level":"info","event":"action","runId":"ca126f57-2738-4df1-a5ed-fef8628d0ce6","type":"fetch","rationale":"Inspect an already-known source before another generic query","step":5,"t":"2026-09-17T22:38:06.670Z"}
{"level":"info","event":"action","runId":"ca126f57-2738-4df1-a5ed-fef8628d0ce6","type":"challenge","rationale":"Disconfirm material conclusion: A primary source that directly contradicts this conclusion.","step":6,"t":"2026-09-17T22:38:06.684Z"}
{"level":"info","event":"action","runId":"ca126f57-2738-4df1-a5ed-fef8628d0ce6","type":"challenge","rationale":"No counterexample found in accessed primary sources. This is not proof that the conclusion is true.","step":7,"t":"2026-09-17T22:38:06.704Z"}
{"level":"info","event":"action","runId":"ca126f57-2738-4df1-a5ed-fef8628d0ce6","type":"synthesize","rationale":"decision_critical_gaps_resolved_or_unresolvable; high-impact claims supported or qualified; contradictions handled; remaining actions low expected value","step":8,"t":"2026-09-17T22:38:06.720Z"}
{"level":"info","event":"action","runId":"64000a09-b4e9-4cc6-8515-735ac010f785","type":"challenge","rationale":"Disconfirm material conclusion: A primary source that directly contradicts this conclusion.","step":0,"t":"2026-09-17T22:38:07.338Z"}
{"level":"info","event":"action","runId":"64000a09-b4e9-4cc6-8515-735ac010f785","type":"fetch","rationale":"Inspect an already-known source before another generic query","step":1,"t":"2026-09-17T22:38:07.365Z"}
{"level":"info","event":"action","runId":"64000a09-b4e9-4cc6-8515-735ac010f785","type":"fetch","rationale":"Inspect an already-known source before another generic query","step":2,"t":"2026-09-17T22:38:07.379Z"}
{"level":"info","event":"action","runId":"64000a09-b4e9-4cc6-8515-735ac010f785","type":"fetch","rationale":"Inspect an already-known source before another generic query","step":3,"t":"2026-09-17T22:38:07.394Z"}
{"level":"info","event":"action","runId":"64000a09-b4e9-4cc6-8515-735ac010f785","type":"challenge","rationale":"No counterexample found in accessed primary sources. This is not proof that the conclusion is true.","step":4,"t":"2026-09-17T22:38:07.413Z"}
{"level":"info","event":"action","runId":"64000a09-b4e9-4cc6-8515-735ac010f785","type":"synthesize","rationale":"decision_critical_gaps_resolved_or_unresolvable; high-impact claims supported or qualified; contradictions handled; remaining actions low expected value","step":5,"t":"2026-09-17T22:38:07.423Z"}
{"level":"info","event":"action","runId":"84d3e7a5-3325-4153-b481-802e7899ae4d","type":"search","rationale":"Investigate an uncovered required question","step":0,"t":"2026-09-17T22:38:07.967Z"}
{"level":"info","event":"action","runId":"84d3e7a5-3325-4153-b481-802e7899ae4d","type":"fetch","rationale":"Inspect an already-known source before another generic query","step":1,"t":"2026-09-17T22:38:07.986Z"}
{"level":"info","event":"action","runId":"84d3e7a5-3325-4153-b481-802e7899ae4d","type":"fetch","rationale":"Inspect an already-known source before another generic query","step":2,"t":"2026-09-17T22:38:08.001Z"}
{"level":"info","event":"action","runId":"84d3e7a5-3325-4153-b481-802e7899ae4d","type":"fetch","rationale":"Inspect an already-known source before another generic query","step":3,"t":"2026-09-17T22:38:08.013Z"}
{"level":"info","event":"action","runId":"84d3e7a5-3325-4153-b481-802e7899ae4d","type":"challenge","rationale":"Disconfirm material conclusion: A hard-constraint violation for a candidate currently marked eligible.","step":4,"t":"2026-09-17T22:38:08.027Z"}
{"level":"info","event":"action","runId":"84d3e7a5-3325-4153-b481-802e7899ae4d","type":"challenge","rationale":"No counterexample found in accessed primary sources. This is not proof that the conclusion is true.","step":5,"t":"2026-09-17T22:38:08.040Z"}
{"level":"info","event":"action","runId":"84d3e7a5-3325-4153-b481-802e7899ae4d","type":"synthesize","rationale":"decision_critical_gaps_resolved_or_unresolvable; high-impact claims supported or qualified; contradictions handled; remaining actions low expected value","step":6,"t":"2026-09-17T22:38:08.050Z"}
{"level":"info","event":"action","runId":"637b019c-55e2-4f66-b440-8f7b6d2ca2fa","type":"search","rationale":"Investigate an uncovered required question","step":0,"t":"2026-09-17T22:38:08.608Z"}
{"level":"info","event":"action","runId":"637b019c-55e2-4f66-b440-8f7b6d2ca2fa","type":"fetch","rationale":"Inspect an already-known source before another generic query","step":1,"t":"2026-09-17T22:38:08.628Z"}
{"level":"info","event":"action","runId":"637b019c-55e2-4f66-b440-8f7b6d2ca2fa","type":"fetch","rationale":"Inspect an already-known source before another generic query","step":2,"t":"2026-09-17T22:38:08.641Z"}
{"level":"info","event":"action","runId":"637b019c-55e2-4f66-b440-8f7b6d2ca2fa","type":"fetch","rationale":"Inspect an already-known source before another generic query","step":3,"t":"2026-09-17T22:38:08.656Z"}
{"level":"info","event":"action","runId":"637b019c-55e2-4f66-b440-8f7b6d2ca2fa","type":"challenge","rationale":"Disconfirm material conclusion: A hard-constraint violation for a candidate currently marked eligible.","step":4,"t":"2026-09-17T22:38:08.672Z"}
{"level":"info","event":"action","runId":"637b019c-55e2-4f66-b440-8f7b6d2ca2fa","type":"challenge","rationale":"No counterexample found in accessed primary sources. This is not proof that the conclusion is true.","step":5,"t":"2026-09-17T22:38:08.690Z"}
{"level":"info","event":"action","runId":"637b019c-55e2-4f66-b440-8f7b6d2ca2fa","type":"synthesize","rationale":"decision_critical_gaps_resolved_or_unresolvable; high-impact claims supported or qualified; contradictions handled; remaining actions low expected value","step":6,"t":"2026-09-17T22:38:08.707Z"}
{"level":"info","event":"action","runId":"a799094a-63a7-416b-89e5-e515e0e51ec6","type":"search","rationale":"Investigate an uncovered required question","step":0,"t":"2026-09-17T22:38:08.979Z"}
{"level":"info","event":"action","runId":"a799094a-63a7-416b-89e5-e515e0e51ec6","type":"fetch","rationale":"Inspect an already-known source before another generic query","step":1,"t":"2026-09-17T22:38:08.995Z"}
{"level":"info","event":"action","runId":"a799094a-63a7-416b-89e5-e515e0e51ec6","type":"fetch","rationale":"Inspect an already-known source before another generic query","step":2,"t":"2026-09-17T22:38:09.010Z"}
{"level":"info","event":"action","runId":"a799094a-63a7-416b-89e5-e515e0e51ec6","type":"fetch","rationale":"Inspect an already-known source before another generic query","step":3,"t":"2026-09-17T22:38:09.023Z"}
{"level":"info","event":"action","runId":"a799094a-63a7-416b-89e5-e515e0e51ec6","type":"challenge","rationale":"Disconfirm material conclusion: A hard-constraint violation for a candidate currently marked eligible.","step":4,"t":"2026-09-17T22:38:09.035Z"}
{"level":"info","event":"action","runId":"a799094a-63a7-416b-89e5-e515e0e51ec6","type":"challenge","rationale":"Disconfirm material conclusion: A hard-constraint violation for a candidate currently marked eligible.","step":5,"t":"2026-09-17T22:38:09.047Z"}
{"level":"info","event":"action","runId":"a799094a-63a7-416b-89e5-e515e0e51ec6","type":"challenge","rationale":"Disconfirm material conclusion: A hard-constraint violation for a candidate currently marked eligible.","step":6,"t":"2026-09-17T22:38:09.059Z"}
{"level":"info","event":"action","runId":"a799094a-63a7-416b-89e5-e515e0e51ec6","type":"challenge","rationale":"Disconfirm material conclusion: A hard-constraint violation for a candidate currently marked eligible.","step":7,"t":"2026-09-17T22:38:09.071Z"}
{"level":"info","event":"action","runId":"a799094a-63a7-416b-89e5-e515e0e51ec6","type":"challenge","rationale":"Disconfirm material conclusion: A hard-constraint violation for a candidate currently marked eligible.","step":8,"t":"2026-09-17T22:38:09.083Z"}
{"level":"info","event":"action","runId":"a799094a-63a7-416b-89e5-e515e0e51ec6","type":"challenge","rationale":"Disconfirm material conclusion: A hard-constraint violation for a candidate currently marked eligible.","step":9,"t":"2026-09-17T22:38:09.095Z"}
{"level":"info","event":"action","runId":"a799094a-63a7-416b-89e5-e515e0e51ec6","type":"challenge","rationale":"Disconfirm material conclusion: A hard-constraint violation for a candidate currently marked eligible.","step":10,"t":"2026-09-17T22:38:09.109Z"}
{"level":"info","event":"action","runId":"a799094a-63a7-416b-89e5-e515e0e51ec6","type":"challenge","rationale":"No counterexample found in accessed primary sources. This is not proof that the conclusion is true.","step":11,"t":"2026-09-17T22:38:09.124Z"}
{"level":"info","event":"action","runId":"a799094a-63a7-416b-89e5-e515e0e51ec6","type":"stop","rationale":"Repeated searches returned no novel source family or coverage progress","step":12,"t":"2026-09-17T22:38:09.134Z"}
{"level":"info","event":"action","runId":"7dffb785-a51d-462a-91dd-decd83b96c6d","type":"search","rationale":"Investigate an uncovered required question","step":0,"t":"2026-09-17T22:38:09.641Z"}
{"level":"info","event":"action","runId":"7dffb785-a51d-462a-91dd-decd83b96c6d","type":"fetch","rationale":"Inspect an already-known source before another generic query","step":1,"t":"2026-09-17T22:38:09.663Z"}
{"level":"info","event":"action","runId":"7dffb785-a51d-462a-91dd-decd83b96c6d","type":"fetch","rationale":"Inspect an already-known source before another generic query","step":2,"t":"2026-09-17T22:38:09.684Z"}
{"level":"info","event":"action","runId":"7dffb785-a51d-462a-91dd-decd83b96c6d","type":"fetch","rationale":"Inspect an already-known source before another generic query","step":3,"t":"2026-09-17T22:38:09.697Z"}
{"level":"info","event":"action","runId":"7dffb785-a51d-462a-91dd-decd83b96c6d","type":"challenge","rationale":"Disconfirm material conclusion: A hard-constraint violation for a candidate currently marked eligible.","step":4,"t":"2026-09-17T22:38:09.710Z"}
{"level":"info","event":"action","runId":"7dffb785-a51d-462a-91dd-decd83b96c6d","type":"challenge","rationale":"No counterexample found in accessed primary sources. This is not proof that the conclusion is true.","step":5,"t":"2026-09-17T22:38:09.724Z"}
{"level":"info","event":"action","runId":"7dffb785-a51d-462a-91dd-decd83b96c6d","type":"synthesize","rationale":"decision_critical_gaps_resolved_or_unresolvable; high-impact claims supported or qualified; contradictions handled; remaining actions low expected value","step":6,"t":"2026-09-17T22:38:09.735Z"}
{"level":"info","event":"action","runId":"857810b4-aa7c-48b4-bab4-fff3ebbbf888","type":"search","rationale":"Investigate an uncovered required question","step":0,"t":"2026-09-17T22:38:09.999Z"}
{"level":"info","event":"action","runId":"857810b4-aa7c-48b4-bab4-fff3ebbbf888","type":"fetch","rationale":"Inspect an already-known source before another generic query","step":1,"t":"2026-09-17T22:38:10.013Z"}
{"level":"info","event":"action","runId":"857810b4-aa7c-48b4-bab4-fff3ebbbf888","type":"fetch","rationale":"Inspect an already-known source before another generic query","step":2,"t":"2026-09-17T22:38:10.025Z"}
{"level":"info","event":"action","runId":"857810b4-aa7c-48b4-bab4-fff3ebbbf888","type":"fetch","rationale":"Inspect an already-known source before another generic query","step":3,"t":"2026-09-17T22:38:10.037Z"}
{"level":"info","event":"action","runId":"857810b4-aa7c-48b4-bab4-fff3ebbbf888","type":"challenge","rationale":"Disconfirm material conclusion: A hard-constraint violation for a candidate currently marked eligible.","step":4,"t":"2026-09-17T22:38:10.051Z"}
{"level":"info","event":"action","runId":"857810b4-aa7c-48b4-bab4-fff3ebbbf888","type":"challenge","rationale":"Disconfirm material conclusion: A hard-constraint violation for a candidate currently marked eligible.","step":5,"t":"2026-09-17T22:38:10.064Z"}
{"level":"info","event":"action","runId":"857810b4-aa7c-48b4-bab4-fff3ebbbf888","type":"challenge","rationale":"Disconfirm material conclusion: A hard-constraint violation for a candidate currently marked eligible.","step":6,"t":"2026-09-17T22:38:10.077Z"}
{"level":"info","event":"action","runId":"857810b4-aa7c-48b4-bab4-fff3ebbbf888","type":"challenge","rationale":"Disconfirm material conclusion: A hard-constraint violation for a candidate currently marked eligible.","step":7,"t":"2026-09-17T22:38:10.090Z"}
{"level":"info","event":"action","runId":"857810b4-aa7c-48b4-bab4-fff3ebbbf888","type":"challenge","rationale":"Disconfirm material conclusion: A hard-constraint violation for a candidate currently marked eligible.","step":8,"t":"2026-09-17T22:38:10.103Z"}
{"level":"info","event":"action","runId":"857810b4-aa7c-48b4-bab4-fff3ebbbf888","type":"challenge","rationale":"Disconfirm material conclusion: A hard-constraint violation for a candidate currently marked eligible.","step":9,"t":"2026-09-17T22:38:10.116Z"}
{"level":"info","event":"action","runId":"857810b4-aa7c-48b4-bab4-fff3ebbbf888","type":"challenge","rationale":"Disconfirm material conclusion: A hard-constraint violation for a candidate currently marked eligible.","step":10,"t":"2026-09-17T22:38:10.129Z"}
{"level":"info","event":"action","runId":"857810b4-aa7c-48b4-bab4-fff3ebbbf888","type":"challenge","rationale":"No counterexample found in accessed primary sources. This is not proof that the conclusion is true.","step":11,"t":"2026-09-17T22:38:10.141Z"}
{"level":"info","event":"action","runId":"857810b4-aa7c-48b4-bab4-fff3ebbbf888","type":"stop","rationale":"Repeated searches returned no novel source family or coverage progress","step":12,"t":"2026-09-17T22:38:10.154Z"}
{"level":"info","event":"action","runId":"ea983972-74a9-4354-8410-98f390cb9260","type":"challenge","rationale":"Disconfirm material conclusion: A primary source that directly contradicts this conclusion.","step":0,"t":"2026-09-17T22:38:10.713Z"}
{"level":"info","event":"action","runId":"ea983972-74a9-4354-8410-98f390cb9260","type":"fetch","rationale":"Inspect an already-known source before another generic query","step":1,"t":"2026-09-17T22:38:10.738Z"}
{"level":"info","event":"action","runId":"ea983972-74a9-4354-8410-98f390cb9260","type":"fetch","rationale":"Inspect an already-known source before another generic query","step":2,"t":"2026-09-17T22:38:10.755Z"}
{"level":"info","event":"action","runId":"ea983972-74a9-4354-8410-98f390cb9260","type":"fetch","rationale":"Inspect an already-known source before another generic query","step":3,"t":"2026-09-17T22:38:10.769Z"}
{"level":"info","event":"action","runId":"ea983972-74a9-4354-8410-98f390cb9260","type":"challenge","rationale":"No counterexample found in accessed primary sources. This is not proof that the conclusion is true.","step":4,"t":"2026-09-17T22:38:10.788Z"}
{"level":"info","event":"action","runId":"ea983972-74a9-4354-8410-98f390cb9260","type":"synthesize","rationale":"decision_critical_gaps_resolved_or_unresolvable; high-impact claims supported or qualified; contradictions handled; remaining actions low expected value","step":5,"t":"2026-09-17T22:38:10.800Z"}
{"level":"info","event":"action","runId":"264ccfbc-57fe-47a2-b712-e0a2d42ea4b5","type":"search","rationale":"Investigate an uncovered required question","step":0,"t":"2026-09-17T22:38:11.328Z"}
{"level":"info","event":"action","runId":"264ccfbc-57fe-47a2-b712-e0a2d42ea4b5","type":"fetch","rationale":"Inspect an already-known source before another generic query","step":1,"t":"2026-09-17T22:38:11.347Z"}
{"level":"info","event":"action","runId":"264ccfbc-57fe-47a2-b712-e0a2d42ea4b5","type":"fetch","rationale":"Inspect an already-known source before another generic query","step":2,"t":"2026-09-17T22:38:11.359Z"}
{"level":"info","event":"action","runId":"264ccfbc-57fe-47a2-b712-e0a2d42ea4b5","type":"fetch","rationale":"Inspect an already-known source before another generic query","step":3,"t":"2026-09-17T22:38:11.372Z"}
{"level":"info","event":"action","runId":"264ccfbc-57fe-47a2-b712-e0a2d42ea4b5","type":"challenge","rationale":"Disconfirm material conclusion: A primary source that directly contradicts this conclusion.","step":4,"t":"2026-09-17T22:38:11.388Z"}
{"level":"info","event":"action","runId":"264ccfbc-57fe-47a2-b712-e0a2d42ea4b5","type":"challenge","rationale":"No counterexample found in accessed primary sources. This is not proof that the conclusion is true.","step":5,"t":"2026-09-17T22:38:11.403Z"}
{"level":"info","event":"action","runId":"264ccfbc-57fe-47a2-b712-e0a2d42ea4b5","type":"synthesize","rationale":"decision_critical_gaps_resolved_or_unresolvable; high-impact claims supported or qualified; contradictions handled; remaining actions low expected value","step":6,"t":"2026-09-17T22:38:11.414Z"}
{"level":"info","event":"action","runId":"611cb12a-06c4-4d85-bedd-2292bf89a209","type":"search","rationale":"Investigate an uncovered required question","step":0,"t":"2026-09-17T22:38:11.949Z"}
{"level":"info","event":"action","runId":"611cb12a-06c4-4d85-bedd-2292bf89a209","type":"fetch","rationale":"Inspect an already-known source before another generic query","step":1,"t":"2026-09-17T22:38:11.970Z"}
{"level":"info","event":"action","runId":"611cb12a-06c4-4d85-bedd-2292bf89a209","type":"fetch","rationale":"Inspect an already-known source before another generic query","step":2,"t":"2026-09-17T22:38:11.984Z"}
{"level":"info","event":"action","runId":"611cb12a-06c4-4d85-bedd-2292bf89a209","type":"fetch","rationale":"Inspect an already-known source before another generic query","step":3,"t":"2026-09-17T22:38:11.996Z"}
{"level":"info","event":"action","runId":"611cb12a-06c4-4d85-bedd-2292bf89a209","type":"fetch","rationale":"Inspect an already-known source before another generic query","step":4,"t":"2026-09-17T22:38:12.010Z"}
{"level":"info","event":"action","runId":"611cb12a-06c4-4d85-bedd-2292bf89a209","type":"fetch","rationale":"Inspect an already-known source before another generic query","step":5,"t":"2026-09-17T22:38:12.021Z"}
{"level":"info","event":"action","runId":"611cb12a-06c4-4d85-bedd-2292bf89a209","type":"challenge","rationale":"Disconfirm material conclusion: A primary source that directly contradicts this conclusion.","step":6,"t":"2026-09-17T22:38:12.034Z"}
{"level":"info","event":"action","runId":"611cb12a-06c4-4d85-bedd-2292bf89a209","type":"challenge","rationale":"No counterexample found in accessed primary sources. This is not proof that the conclusion is true.","step":7,"t":"2026-09-17T22:38:12.045Z"}
{"level":"info","event":"action","runId":"611cb12a-06c4-4d85-bedd-2292bf89a209","type":"synthesize","rationale":"decision_critical_gaps_resolved_or_unresolvable; high-impact claims supported or qualified; contradictions handled; remaining actions low expected value","step":8,"t":"2026-09-17T22:38:12.054Z"}
{"level":"info","event":"action","runId":"03a5d9c9-d858-4f04-93b4-688b4eaa7810","type":"search","rationale":"Investigate an uncovered required question","step":0,"t":"2026-09-17T22:38:12.540Z"}
{"level":"info","event":"action","runId":"03a5d9c9-d858-4f04-93b4-688b4eaa7810","type":"fetch","rationale":"Inspect an already-known source before another generic query","step":1,"t":"2026-09-17T22:38:12.559Z"}
{"level":"info","event":"action","runId":"03a5d9c9-d858-4f04-93b4-688b4eaa7810","type":"fetch","rationale":"Inspect an already-known source before another generic query","step":2,"t":"2026-09-17T22:38:12.571Z"}
{"level":"info","event":"action","runId":"03a5d9c9-d858-4f04-93b4-688b4eaa7810","type":"fetch","rationale":"Inspect an already-known source before another generic query","step":3,"t":"2026-09-17T22:38:12.583Z"}
{"level":"info","event":"action","runId":"03a5d9c9-d858-4f04-93b4-688b4eaa7810","type":"challenge","rationale":"Disconfirm material conclusion: A primary source that directly contradicts this conclusion.","step":4,"t":"2026-09-17T22:38:12.599Z"}
{"level":"info","event":"action","runId":"03a5d9c9-d858-4f04-93b4-688b4eaa7810","type":"challenge","rationale":"No counterexample found in accessed primary sources. This is not proof that the conclusion is true.","step":5,"t":"2026-09-17T22:38:12.617Z"}
{"level":"info","event":"action","runId":"03a5d9c9-d858-4f04-93b4-688b4eaa7810","type":"synthesize","rationale":"decision_critical_gaps_resolved_or_unresolvable; high-impact claims supported or qualified; contradictions handled; remaining actions low expected value","step":6,"t":"2026-09-17T22:38:12.628Z"}
{"level":"info","event":"action","runId":"ca1b86e9-cdeb-4bc5-acab-73c13cfdefa5","type":"search","rationale":"Investigate an uncovered required question","step":0,"t":"2026-09-17T22:38:13.239Z"}
{"level":"info","event":"action","runId":"ca1b86e9-cdeb-4bc5-acab-73c13cfdefa5","type":"fetch","rationale":"Inspect an already-known source before another generic query","step":1,"t":"2026-09-17T22:38:13.259Z"}
{"level":"info","event":"action","runId":"ca1b86e9-cdeb-4bc5-acab-73c13cfdefa5","type":"fetch","rationale":"Inspect an already-known source before another generic query","step":2,"t":"2026-09-17T22:38:13.271Z"}
{"level":"info","event":"action","runId":"ca1b86e9-cdeb-4bc5-acab-73c13cfdefa5","type":"fetch","rationale":"Inspect an already-known source before another generic query","step":3,"t":"2026-09-17T22:38:13.289Z"}
{"level":"info","event":"action","runId":"ca1b86e9-cdeb-4bc5-acab-73c13cfdefa5","type":"fetch","rationale":"Inspect an already-known source before another generic query","step":4,"t":"2026-09-17T22:38:13.301Z"}
{"level":"info","event":"action","runId":"ca1b86e9-cdeb-4bc5-acab-73c13cfdefa5","type":"fetch","rationale":"Inspect an already-known source before another generic query","step":5,"t":"2026-09-17T22:38:13.312Z"}
{"level":"info","event":"action","runId":"ca1b86e9-cdeb-4bc5-acab-73c13cfdefa5","type":"challenge","rationale":"Disconfirm material conclusion: A primary source that directly contradicts this conclusion.","step":6,"t":"2026-09-17T22:38:13.324Z"}
{"level":"info","event":"action","runId":"ca1b86e9-cdeb-4bc5-acab-73c13cfdefa5","type":"challenge","rationale":"No counterexample found in accessed primary sources. This is not proof that the conclusion is true.","step":7,"t":"2026-09-17T22:38:13.337Z"}
{"level":"info","event":"action","runId":"ca1b86e9-cdeb-4bc5-acab-73c13cfdefa5","type":"synthesize","rationale":"decision_critical_gaps_resolved_or_unresolvable; high-impact claims supported or qualified; contradictions handled; remaining actions low expected value","step":8,"t":"2026-09-17T22:38:13.347Z"}
{"level":"info","event":"action","runId":"7a5c3fb1-0dc3-462c-826c-445d590b083e","type":"search","rationale":"Investigate an uncovered required question","step":0,"t":"2026-09-17T22:38:14.095Z"}
{"level":"info","event":"action","runId":"7a5c3fb1-0dc3-462c-826c-445d590b083e","type":"fetch","rationale":"Inspect an already-known source before another generic query","step":1,"t":"2026-09-17T22:38:14.116Z"}
{"level":"info","event":"action","runId":"7a5c3fb1-0dc3-462c-826c-445d590b083e","type":"fetch","rationale":"Inspect an already-known source before another generic query","step":2,"t":"2026-09-17T22:38:14.130Z"}
{"level":"info","event":"action","runId":"7a5c3fb1-0dc3-462c-826c-445d590b083e","type":"fetch","rationale":"Inspect an already-known source before another generic query","step":3,"t":"2026-09-17T22:38:14.139Z"}
{"level":"info","event":"action","runId":"7a5c3fb1-0dc3-462c-826c-445d590b083e","type":"fetch","rationale":"Inspect an already-known source before another generic query","step":4,"t":"2026-09-17T22:38:14.151Z"}
{"level":"info","event":"action","runId":"7a5c3fb1-0dc3-462c-826c-445d590b083e","type":"fetch","rationale":"Inspect an already-known source before another generic query","step":5,"t":"2026-09-17T22:38:14.162Z"}
{"level":"info","event":"action","runId":"7a5c3fb1-0dc3-462c-826c-445d590b083e","type":"challenge","rationale":"Disconfirm material conclusion: A primary source that directly contradicts this conclusion.","step":6,"t":"2026-09-17T22:38:14.172Z"}
{"level":"info","event":"action","runId":"7a5c3fb1-0dc3-462c-826c-445d590b083e","type":"challenge","rationale":"No counterexample found in accessed primary sources. This is not proof that the conclusion is true.","step":7,"t":"2026-09-17T22:38:14.184Z"}
{"level":"info","event":"action","runId":"7a5c3fb1-0dc3-462c-826c-445d590b083e","type":"synthesize","rationale":"decision_critical_gaps_resolved_or_unresolvable; high-impact claims supported or qualified; contradictions handled; remaining actions low expected value","step":8,"t":"2026-09-17T22:38:14.193Z"}
{"level":"info","event":"action","runId":"d4eefaf1-98cf-46d3-94fe-5e421ad69723","type":"search","rationale":"Investigate an uncovered required question","step":0,"t":"2026-09-17T22:38:14.688Z"}
{"level":"info","event":"action","runId":"d4eefaf1-98cf-46d3-94fe-5e421ad69723","type":"fetch","rationale":"Inspect an already-known source before another generic query","step":1,"t":"2026-09-17T22:38:14.709Z"}
{"level":"info","event":"action","runId":"d4eefaf1-98cf-46d3-94fe-5e421ad69723","type":"fetch","rationale":"Inspect an already-known source before another generic query","step":2,"t":"2026-09-17T22:38:14.723Z"}
{"level":"info","event":"action","runId":"d4eefaf1-98cf-46d3-94fe-5e421ad69723","type":"fetch","rationale":"Inspect an already-known source before another generic query","step":3,"t":"2026-09-17T22:38:14.735Z"}
{"level":"info","event":"action","runId":"d4eefaf1-98cf-46d3-94fe-5e421ad69723","type":"fetch","rationale":"Inspect an already-known source before another generic query","step":4,"t":"2026-09-17T22:38:14.748Z"}
{"level":"info","event":"action","runId":"d4eefaf1-98cf-46d3-94fe-5e421ad69723","type":"fetch","rationale":"Inspect an already-known source before another generic query","step":5,"t":"2026-09-17T22:38:14.764Z"}
{"level":"info","event":"action","runId":"d4eefaf1-98cf-46d3-94fe-5e421ad69723","type":"challenge","rationale":"Disconfirm material conclusion: A primary source that directly contradicts this conclusion.","step":6,"t":"2026-09-17T22:38:14.778Z"}
{"level":"info","event":"action","runId":"d4eefaf1-98cf-46d3-94fe-5e421ad69723","type":"challenge","rationale":"No counterexample found in accessed primary sources. This is not proof that the conclusion is true.","step":7,"t":"2026-09-17T22:38:14.793Z"}
{"level":"info","event":"action","runId":"d4eefaf1-98cf-46d3-94fe-5e421ad69723","type":"synthesize","rationale":"decision_critical_gaps_resolved_or_unresolvable; high-impact claims supported or qualified; contradictions handled; remaining actions low expected value","step":8,"t":"2026-09-17T22:38:14.806Z"}
{"level":"info","event":"action","runId":"fca7568b-441a-4ee2-93a0-bfc44de591e4","type":"search","rationale":"Investigate an uncovered required question","step":0,"t":"2026-09-17T22:38:15.317Z"}
{"level":"info","event":"action","runId":"fca7568b-441a-4ee2-93a0-bfc44de591e4","type":"fetch","rationale":"Inspect an already-known source before another generic query","step":1,"t":"2026-09-17T22:38:15.339Z"}
{"level":"info","event":"action","runId":"fca7568b-441a-4ee2-93a0-bfc44de591e4","type":"fetch","rationale":"Inspect an already-known source before another generic query","step":2,"t":"2026-09-17T22:38:15.351Z"}
{"level":"info","event":"action","runId":"fca7568b-441a-4ee2-93a0-bfc44de591e4","type":"fetch","rationale":"Inspect an already-known source before another generic query","step":3,"t":"2026-09-17T22:38:15.364Z"}
{"level":"info","event":"action","runId":"fca7568b-441a-4ee2-93a0-bfc44de591e4","type":"fetch","rationale":"Inspect an already-known source before another generic query","step":4,"t":"2026-09-17T22:38:15.375Z"}
{"level":"info","event":"action","runId":"fca7568b-441a-4ee2-93a0-bfc44de591e4","type":"fetch","rationale":"Inspect an already-known source before another generic query","step":5,"t":"2026-09-17T22:38:15.387Z"}
{"level":"info","event":"action","runId":"fca7568b-441a-4ee2-93a0-bfc44de591e4","type":"challenge","rationale":"Disconfirm material conclusion: A primary source that directly contradicts this conclusion.","step":6,"t":"2026-09-17T22:38:15.399Z"}
{"level":"info","event":"action","runId":"fca7568b-441a-4ee2-93a0-bfc44de591e4","type":"challenge","rationale":"No counterexample found in accessed primary sources. This is not proof that the conclusion is true.","step":7,"t":"2026-09-17T22:38:15.412Z"}
{"level":"info","event":"action","runId":"fca7568b-441a-4ee2-93a0-bfc44de591e4","type":"synthesize","rationale":"decision_critical_gaps_resolved_or_unresolvable; high-impact claims supported or qualified; contradictions handled; remaining actions low expected value","step":8,"t":"2026-09-17T22:38:15.425Z"}
{"level":"info","event":"action","runId":"99c9bc76-6d0a-42f4-b0bf-6af5ab3ddca3","type":"search","rationale":"Investigate an uncovered required question","step":0,"t":"2026-09-17T22:38:16.178Z"}
{"level":"info","event":"action","runId":"99c9bc76-6d0a-42f4-b0bf-6af5ab3ddca3","type":"fetch","rationale":"Inspect an already-known source before another generic query","step":1,"t":"2026-09-17T22:38:16.196Z"}
{"level":"info","event":"action","runId":"99c9bc76-6d0a-42f4-b0bf-6af5ab3ddca3","type":"fetch","rationale":"Inspect an already-known source before another generic query","step":2,"t":"2026-09-17T22:38:16.208Z"}
{"level":"info","event":"action","runId":"99c9bc76-6d0a-42f4-b0bf-6af5ab3ddca3","type":"fetch","rationale":"Inspect an already-known source before another generic query","step":3,"t":"2026-09-17T22:38:16.218Z"}
{"level":"info","event":"action","runId":"99c9bc76-6d0a-42f4-b0bf-6af5ab3ddca3","type":"fetch","rationale":"Inspect an already-known source before another generic query","step":4,"t":"2026-09-17T22:38:16.233Z"}
{"level":"info","event":"action","runId":"99c9bc76-6d0a-42f4-b0bf-6af5ab3ddca3","type":"fetch","rationale":"Inspect an already-known source before another generic query","step":5,"t":"2026-09-17T22:38:16.245Z"}
{"level":"info","event":"action","runId":"99c9bc76-6d0a-42f4-b0bf-6af5ab3ddca3","type":"challenge","rationale":"Disconfirm material conclusion: A primary source that directly contradicts this conclusion.","step":6,"t":"2026-09-17T22:38:16.255Z"}
{"level":"info","event":"action","runId":"99c9bc76-6d0a-42f4-b0bf-6af5ab3ddca3","type":"challenge","rationale":"No counterexample found in accessed primary sources. This is not proof that the conclusion is true.","step":7,"t":"2026-09-17T22:38:16.268Z"}
{"level":"info","event":"action","runId":"99c9bc76-6d0a-42f4-b0bf-6af5ab3ddca3","type":"synthesize","rationale":"decision_critical_gaps_resolved_or_unresolvable; high-impact claims supported or qualified; contradictions handled; remaining actions low expected value","step":8,"t":"2026-09-17T22:38:16.277Z"}
{"level":"info","event":"action","runId":"8ad83a06-ede6-4ca5-9329-65f8855da35f","type":"search","rationale":"Investigate an uncovered required question","step":0,"t":"2026-09-17T22:38:17.281Z"}
{"level":"info","event":"action","runId":"8ad83a06-ede6-4ca5-9329-65f8855da35f","type":"fetch","rationale":"Inspect an already-known source before another generic query","step":1,"t":"2026-09-17T22:38:17.300Z"}
{"level":"info","event":"action","runId":"8ad83a06-ede6-4ca5-9329-65f8855da35f","type":"fetch","rationale":"Inspect an already-known source before another generic query","step":2,"t":"2026-09-17T22:38:17.313Z"}
{"level":"info","event":"action","runId":"8ad83a06-ede6-4ca5-9329-65f8855da35f","type":"fetch","rationale":"Inspect an already-known source before another generic query","step":3,"t":"2026-09-17T22:38:17.325Z"}
{"level":"info","event":"action","runId":"8ad83a06-ede6-4ca5-9329-65f8855da35f","type":"fetch","rationale":"Inspect an already-known source before another generic query","step":4,"t":"2026-09-17T22:38:17.339Z"}
{"level":"info","event":"action","runId":"8ad83a06-ede6-4ca5-9329-65f8855da35f","type":"fetch","rationale":"Inspect an already-known source before another generic query","step":5,"t":"2026-09-17T22:38:17.351Z"}
{"level":"info","event":"action","runId":"8ad83a06-ede6-4ca5-9329-65f8855da35f","type":"challenge","rationale":"Disconfirm material conclusion: A primary source that directly contradicts this conclusion.","step":6,"t":"2026-09-17T22:38:17.363Z"}
{"level":"info","event":"action","runId":"8ad83a06-ede6-4ca5-9329-65f8855da35f","type":"challenge","rationale":"No counterexample found in accessed primary sources. This is not proof that the conclusion is true.","step":7,"t":"2026-09-17T22:38:17.376Z"}
{"level":"info","event":"action","runId":"8ad83a06-ede6-4ca5-9329-65f8855da35f","type":"synthesize","rationale":"decision_critical_gaps_resolved_or_unresolvable; high-impact claims supported or qualified; contradictions handled; remaining actions low expected value","step":8,"t":"2026-09-17T22:38:17.385Z"}
{"level":"info","event":"action","runId":"530e602e-9f09-4697-8aee-8c39d25ba518","type":"search","rationale":"Investigate an uncovered required question","step":0,"t":"2026-09-17T22:38:17.907Z"}
{"level":"info","event":"action","runId":"530e602e-9f09-4697-8aee-8c39d25ba518","type":"fetch","rationale":"Inspect an already-known source before another generic query","step":1,"t":"2026-09-17T22:38:17.927Z"}
{"level":"info","event":"action","runId":"530e602e-9f09-4697-8aee-8c39d25ba518","type":"fetch","rationale":"Inspect an already-known source before another generic query","step":2,"t":"2026-09-17T22:38:17.943Z"}
{"level":"info","event":"action","runId":"530e602e-9f09-4697-8aee-8c39d25ba518","type":"fetch","rationale":"Inspect an already-known source before another generic query","step":3,"t":"2026-09-17T22:38:17.955Z"}
{"level":"info","event":"action","runId":"530e602e-9f09-4697-8aee-8c39d25ba518","type":"fetch","rationale":"Inspect an already-known source before another generic query","step":4,"t":"2026-09-17T22:38:17.972Z"}
{"level":"info","event":"action","runId":"530e602e-9f09-4697-8aee-8c39d25ba518","type":"fetch","rationale":"Inspect an already-known source before another generic query","step":5,"t":"2026-09-17T22:38:17.986Z"}
{"level":"info","event":"action","runId":"530e602e-9f09-4697-8aee-8c39d25ba518","type":"challenge","rationale":"Disconfirm material conclusion: A primary source that directly contradicts this conclusion.","step":6,"t":"2026-09-17T22:38:18.000Z"}
{"level":"info","event":"action","runId":"530e602e-9f09-4697-8aee-8c39d25ba518","type":"challenge","rationale":"No counterexample found in accessed primary sources. This is not proof that the conclusion is true.","step":7,"t":"2026-09-17T22:38:18.013Z"}
{"level":"info","event":"action","runId":"530e602e-9f09-4697-8aee-8c39d25ba518","type":"synthesize","rationale":"decision_critical_gaps_resolved_or_unresolvable; high-impact claims supported or qualified; contradictions handled; remaining actions low expected value","step":8,"t":"2026-09-17T22:38:18.023Z"}
{"level":"info","event":"action","runId":"7ee9f6f8-d29c-470d-8ccb-55ff52295bdb","type":"search","rationale":"Investigate an uncovered required question","step":0,"t":"2026-09-17T22:38:18.517Z"}
{"level":"info","event":"action","runId":"7ee9f6f8-d29c-470d-8ccb-55ff52295bdb","type":"fetch","rationale":"Inspect an already-known source before another generic query","step":1,"t":"2026-09-17T22:38:18.531Z"}
{"level":"info","event":"action","runId":"7ee9f6f8-d29c-470d-8ccb-55ff52295bdb","type":"challenge","rationale":"Disconfirm material conclusion: A primary source that directly contradicts this conclusion.","step":2,"t":"2026-09-17T22:38:18.546Z"}
{"level":"info","event":"action","runId":"7ee9f6f8-d29c-470d-8ccb-55ff52295bdb","type":"challenge","rationale":"No counterexample found in accessed primary sources. This is not proof that the conclusion is true.","step":3,"t":"2026-09-17T22:38:18.558Z"}
{"level":"info","event":"action","runId":"7ee9f6f8-d29c-470d-8ccb-55ff52295bdb","type":"synthesize","rationale":"decision_critical_gaps_resolved_or_unresolvable; high-impact claims supported or qualified; contradictions handled; remaining actions low expected value","step":4,"t":"2026-09-17T22:38:18.567Z"}
{"level":"info","event":"action","runId":"0c81f84f-4730-49c5-83a3-b8aca7d88fa9","type":"search","rationale":"Investigate an uncovered required question","step":0,"t":"2026-09-17T22:38:19.058Z"}
{"level":"info","event":"action","runId":"0c81f84f-4730-49c5-83a3-b8aca7d88fa9","type":"fetch","rationale":"Inspect an already-known source before another generic query","step":1,"t":"2026-09-17T22:38:19.078Z"}
{"level":"info","event":"action","runId":"0c81f84f-4730-49c5-83a3-b8aca7d88fa9","type":"fetch","rationale":"Inspect an already-known source before another generic query","step":2,"t":"2026-09-17T22:38:19.090Z"}
{"level":"info","event":"action","runId":"0c81f84f-4730-49c5-83a3-b8aca7d88fa9","type":"fetch","rationale":"Inspect an already-known source before another generic query","step":3,"t":"2026-09-17T22:38:19.104Z"}
{"level":"info","event":"action","runId":"0c81f84f-4730-49c5-83a3-b8aca7d88fa9","type":"challenge","rationale":"Disconfirm material conclusion: A primary source that directly contradicts this conclusion.","step":4,"t":"2026-09-17T22:38:19.118Z"}
{"level":"info","event":"action","runId":"0c81f84f-4730-49c5-83a3-b8aca7d88fa9","type":"challenge","rationale":"No counterexample found in accessed primary sources. This is not proof that the conclusion is true.","step":5,"t":"2026-09-17T22:38:19.129Z"}
{"level":"info","event":"action","runId":"0c81f84f-4730-49c5-83a3-b8aca7d88fa9","type":"synthesize","rationale":"decision_critical_gaps_resolved_or_unresolvable; high-impact claims supported or qualified; contradictions handled; remaining actions low expected value","step":6,"t":"2026-09-17T22:38:19.139Z"}
{"level":"info","event":"action","runId":"28148164-cfdb-43e9-810d-ca111cb1538e","type":"search","rationale":"Investigate an uncovered required question","step":0,"t":"2026-09-17T22:38:19.633Z"}
{"level":"info","event":"action","runId":"28148164-cfdb-43e9-810d-ca111cb1538e","type":"fetch","rationale":"Inspect an already-known source before another generic query","step":1,"t":"2026-09-17T22:38:19.654Z"}
{"level":"info","event":"action","runId":"28148164-cfdb-43e9-810d-ca111cb1538e","type":"fetch","rationale":"Inspect an already-known source before another generic query","step":2,"t":"2026-09-17T22:38:19.667Z"}
{"level":"info","event":"action","runId":"28148164-cfdb-43e9-810d-ca111cb1538e","type":"fetch","rationale":"Inspect an already-known source before another generic query","step":3,"t":"2026-09-17T22:38:19.678Z"}
{"level":"info","event":"action","runId":"28148164-cfdb-43e9-810d-ca111cb1538e","type":"challenge","rationale":"Disconfirm material conclusion: A primary source that directly contradicts this conclusion.","step":4,"t":"2026-09-17T22:38:19.693Z"}
{"level":"info","event":"action","runId":"28148164-cfdb-43e9-810d-ca111cb1538e","type":"challenge","rationale":"No counterexample found in accessed primary sources. This is not proof that the conclusion is true.","step":5,"t":"2026-09-17T22:38:19.704Z"}
{"level":"info","event":"action","runId":"28148164-cfdb-43e9-810d-ca111cb1538e","type":"synthesize","rationale":"decision_critical_gaps_resolved_or_unresolvable; high-impact claims supported or qualified; contradictions handled; remaining actions low expected value","step":6,"t":"2026-09-17T22:38:19.713Z"}
{"level":"info","event":"action","runId":"bc0f64c9-d04d-4208-af8c-1ed0f1747410","type":"search","rationale":"Investigate an uncovered required question","step":0,"t":"2026-09-17T22:38:20.211Z"}
{"level":"info","event":"action","runId":"bc0f64c9-d04d-4208-af8c-1ed0f1747410","type":"fetch","rationale":"Inspect an already-known source before another generic query","step":1,"t":"2026-09-17T22:38:20.231Z"}
{"level":"info","event":"action","runId":"bc0f64c9-d04d-4208-af8c-1ed0f1747410","type":"fetch","rationale":"Inspect an already-known source before another generic query","step":2,"t":"2026-09-17T22:38:20.243Z"}
{"level":"info","event":"action","runId":"bc0f64c9-d04d-4208-af8c-1ed0f1747410","type":"fetch","rationale":"Inspect an already-known source before another generic query","step":3,"t":"2026-09-17T22:38:20.257Z"}
{"level":"info","event":"action","runId":"bc0f64c9-d04d-4208-af8c-1ed0f1747410","type":"fetch","rationale":"Inspect an already-known source before another generic query","step":4,"t":"2026-09-17T22:38:20.268Z"}
{"level":"info","event":"action","runId":"bc0f64c9-d04d-4208-af8c-1ed0f1747410","type":"fetch","rationale":"Inspect an already-known source before another generic query","step":5,"t":"2026-09-17T22:38:20.280Z"}
{"level":"info","event":"action","runId":"bc0f64c9-d04d-4208-af8c-1ed0f1747410","type":"challenge","rationale":"Disconfirm material conclusion: A primary source that directly contradicts this conclusion.","step":6,"t":"2026-09-17T22:38:20.291Z"}
{"level":"info","event":"action","runId":"bc0f64c9-d04d-4208-af8c-1ed0f1747410","type":"challenge","rationale":"No counterexample found in accessed primary sources. This is not proof that the conclusion is true.","step":7,"t":"2026-09-17T22:38:20.306Z"}
{"level":"info","event":"action","runId":"bc0f64c9-d04d-4208-af8c-1ed0f1747410","type":"synthesize","rationale":"decision_critical_gaps_resolved_or_unresolvable; high-impact claims supported or qualified; contradictions handled; remaining actions low expected value","step":8,"t":"2026-09-17T22:38:20.317Z"}
{"level":"info","event":"action","runId":"a41b2f7b-baa8-4f6c-8b81-31f4a8f7ff14","type":"search","rationale":"Investigate an uncovered required question","step":0,"t":"2026-09-17T22:38:20.608Z"}
{"level":"info","event":"action","runId":"a41b2f7b-baa8-4f6c-8b81-31f4a8f7ff14","type":"fetch","rationale":"Inspect an already-known source before another generic query","step":1,"t":"2026-09-17T22:38:20.629Z"}
{"level":"info","event":"action","runId":"a41b2f7b-baa8-4f6c-8b81-31f4a8f7ff14","type":"fetch","rationale":"Inspect an already-known source before another generic query","step":2,"t":"2026-09-17T22:38:20.646Z"}
{"level":"info","event":"action","runId":"a41b2f7b-baa8-4f6c-8b81-31f4a8f7ff14","type":"fetch","rationale":"Inspect an already-known source before another generic query","step":3,"t":"2026-09-17T22:38:20.663Z"}
{"level":"info","event":"action","runId":"a41b2f7b-baa8-4f6c-8b81-31f4a8f7ff14","type":"fetch","rationale":"Inspect an already-known source before another generic query","step":4,"t":"2026-09-17T22:38:20.677Z"}
{"level":"info","event":"action","runId":"a41b2f7b-baa8-4f6c-8b81-31f4a8f7ff14","type":"fetch","rationale":"Inspect an already-known source before another generic query","step":5,"t":"2026-09-17T22:38:20.695Z"}
{"level":"info","event":"action","runId":"a41b2f7b-baa8-4f6c-8b81-31f4a8f7ff14","type":"challenge","rationale":"Disconfirm material conclusion: A primary source that directly contradicts this conclusion.","step":6,"t":"2026-09-17T22:38:20.710Z"}
{"level":"info","event":"action","runId":"a41b2f7b-baa8-4f6c-8b81-31f4a8f7ff14","type":"challenge","rationale":"Disconfirm material conclusion: A primary source that directly contradicts this conclusion.","step":7,"t":"2026-09-17T22:38:20.725Z"}
{"level":"info","event":"action","runId":"a41b2f7b-baa8-4f6c-8b81-31f4a8f7ff14","type":"challenge","rationale":"Disconfirm material conclusion: A primary source that directly contradicts this conclusion.","step":8,"t":"2026-09-17T22:38:20.747Z"}
{"level":"info","event":"action","runId":"a41b2f7b-baa8-4f6c-8b81-31f4a8f7ff14","type":"challenge","rationale":"Disconfirm material conclusion: A primary source that directly contradicts this conclusion.","step":9,"t":"2026-09-17T22:38:20.769Z"}
{"level":"info","event":"action","runId":"a41b2f7b-baa8-4f6c-8b81-31f4a8f7ff14","type":"challenge","rationale":"Disconfirm material conclusion: A primary source that directly contradicts this conclusion.","step":10,"t":"2026-09-17T22:38:20.788Z"}
{"level":"info","event":"action","runId":"a41b2f7b-baa8-4f6c-8b81-31f4a8f7ff14","type":"challenge","rationale":"Disconfirm material conclusion: A primary source that directly contradicts this conclusion.","step":11,"t":"2026-09-17T22:38:20.812Z"}
{"level":"info","event":"action","runId":"a41b2f7b-baa8-4f6c-8b81-31f4a8f7ff14","type":"challenge","rationale":"Disconfirm material conclusion: A primary source that directly contradicts this conclusion.","step":12,"t":"2026-09-17T22:38:20.834Z"}
{"level":"info","event":"action","runId":"a41b2f7b-baa8-4f6c-8b81-31f4a8f7ff14","type":"challenge","rationale":"No counterexample found in accessed primary sources. This is not proof that the conclusion is true.","step":13,"t":"2026-09-17T22:38:20.862Z"}
{"level":"info","event":"action","runId":"a41b2f7b-baa8-4f6c-8b81-31f4a8f7ff14","type":"stop","rationale":"Repeated searches returned no novel source family or coverage progress","step":14,"t":"2026-09-17T22:38:20.905Z"}
{"level":"info","event":"action","runId":"fe564ecb-396f-4f14-92b0-85ab36a0b343","type":"search","rationale":"Investigate an uncovered required question","step":0,"t":"2026-09-17T22:38:21.621Z"}
{"level":"info","event":"action","runId":"fe564ecb-396f-4f14-92b0-85ab36a0b343","type":"fetch","rationale":"Inspect an already-known source before another generic query","step":1,"t":"2026-09-17T22:38:21.656Z"}
{"level":"info","event":"action","runId":"fe564ecb-396f-4f14-92b0-85ab36a0b343","type":"fetch","rationale":"Inspect an already-known source before another generic query","step":2,"t":"2026-09-17T22:38:21.680Z"}
{"level":"info","event":"action","runId":"fe564ecb-396f-4f14-92b0-85ab36a0b343","type":"challenge","rationale":"Disconfirm material conclusion: A primary source that directly contradicts this conclusion.","step":3,"t":"2026-09-17T22:38:21.708Z"}
{"level":"info","event":"action","runId":"fe564ecb-396f-4f14-92b0-85ab36a0b343","type":"challenge","rationale":"No counterexample found in accessed primary sources. This is not proof that the conclusion is true.","step":4,"t":"2026-09-17T22:38:21.736Z"}
{"level":"info","event":"action","runId":"fe564ecb-396f-4f14-92b0-85ab36a0b343","type":"synthesize","rationale":"decision_critical_gaps_resolved_or_unresolvable; high-impact claims supported or qualified; contradictions handled; remaining actions low expected value","step":5,"t":"2026-09-17T22:38:21.762Z"}
{"level":"info","event":"action","runId":"3368a981-d977-4473-affa-5401a7525c61","type":"search","rationale":"Investigate an uncovered required question","step":0,"t":"2026-09-17T22:38:22.362Z"}
{"level":"info","event":"action","runId":"3368a981-d977-4473-affa-5401a7525c61","type":"fetch","rationale":"Inspect an already-known source before another generic query","step":1,"t":"2026-09-17T22:38:22.382Z"}
{"level":"info","event":"action","runId":"3368a981-d977-4473-affa-5401a7525c61","type":"challenge","rationale":"Disconfirm material conclusion: A primary source that directly contradicts this conclusion.","step":2,"t":"2026-09-17T22:38:22.396Z"}
{"level":"info","event":"action","runId":"3368a981-d977-4473-affa-5401a7525c61","type":"challenge","rationale":"No counterexample found in accessed primary sources. This is not proof that the conclusion is true.","step":3,"t":"2026-09-17T22:38:22.408Z"}
{"level":"info","event":"action","runId":"3368a981-d977-4473-affa-5401a7525c61","type":"synthesize","rationale":"decision_critical_gaps_resolved_or_unresolvable; high-impact claims supported or qualified; contradictions handled; remaining actions low expected value","step":4,"t":"2026-09-17T22:38:22.420Z"}
{"level":"info","event":"action","runId":"59c1841f-a16e-4865-bba4-f064456870b6","type":"search","rationale":"Investigate an uncovered required question","step":0,"t":"2026-09-17T22:38:23.020Z"}
{"level":"info","event":"action","runId":"59c1841f-a16e-4865-bba4-f064456870b6","type":"fetch","rationale":"Inspect an already-known source before another generic query","step":1,"t":"2026-09-17T22:38:23.043Z"}
{"level":"info","event":"action","runId":"59c1841f-a16e-4865-bba4-f064456870b6","type":"challenge","rationale":"Disconfirm material conclusion: A primary source that directly contradicts this conclusion.","step":2,"t":"2026-09-17T22:38:23.057Z"}
{"level":"info","event":"action","runId":"59c1841f-a16e-4865-bba4-f064456870b6","type":"challenge","rationale":"No counterexample found in accessed primary sources. This is not proof that the conclusion is true.","step":3,"t":"2026-09-17T22:38:23.083Z"}
{"level":"info","event":"action","runId":"59c1841f-a16e-4865-bba4-f064456870b6","type":"synthesize","rationale":"decision_critical_gaps_resolved_or_unresolvable; high-impact claims supported or qualified; contradictions handled; remaining actions low expected value","step":4,"t":"2026-09-17T22:38:23.095Z"}
{"level":"info","event":"action","runId":"7f929c05-d50a-48f4-9247-6d6048364c4d","type":"search","rationale":"Investigate an uncovered required question","step":0,"t":"2026-09-17T22:38:23.732Z"}
{"level":"info","event":"action","runId":"7f929c05-d50a-48f4-9247-6d6048364c4d","type":"fetch","rationale":"Inspect an already-known source before another generic query","step":1,"t":"2026-09-17T22:38:23.759Z"}
{"level":"info","event":"action","runId":"7f929c05-d50a-48f4-9247-6d6048364c4d","type":"challenge","rationale":"Disconfirm material conclusion: A primary source that directly contradicts this conclusion.","step":2,"t":"2026-09-17T22:38:23.775Z"}
{"level":"info","event":"action","runId":"7f929c05-d50a-48f4-9247-6d6048364c4d","type":"challenge","rationale":"No counterexample found in accessed primary sources. This is not proof that the conclusion is true.","step":3,"t":"2026-09-17T22:38:23.796Z"}
{"level":"info","event":"action","runId":"7f929c05-d50a-48f4-9247-6d6048364c4d","type":"synthesize","rationale":"decision_critical_gaps_resolved_or_unresolvable; high-impact claims supported or qualified; contradictions handled; remaining actions low expected value","step":4,"t":"2026-09-17T22:38:23.808Z"}
{"level":"info","event":"action","runId":"91fdef22-da25-4e3b-beb7-282acc76e75c","type":"search","rationale":"Investigate an uncovered required question","step":0,"t":"2026-09-17T22:38:24.388Z"}
{"level":"info","event":"action","runId":"91fdef22-da25-4e3b-beb7-282acc76e75c","type":"fetch","rationale":"Inspect an already-known source before another generic query","step":1,"t":"2026-09-17T22:38:24.407Z"}
{"level":"info","event":"action","runId":"91fdef22-da25-4e3b-beb7-282acc76e75c","type":"challenge","rationale":"Disconfirm material conclusion: A primary source that directly contradicts this conclusion.","step":2,"t":"2026-09-17T22:38:24.418Z"}
{"level":"info","event":"action","runId":"91fdef22-da25-4e3b-beb7-282acc76e75c","type":"challenge","rationale":"No counterexample found in accessed primary sources. This is not proof that the conclusion is true.","step":3,"t":"2026-09-17T22:38:24.432Z"}
{"level":"info","event":"action","runId":"91fdef22-da25-4e3b-beb7-282acc76e75c","type":"synthesize","rationale":"decision_critical_gaps_resolved_or_unresolvable; high-impact claims supported or qualified; contradictions handled; remaining actions low expected value","step":4,"t":"2026-09-17T22:38:24.441Z"}
{"level":"info","event":"action","runId":"185907a2-e761-442e-8ee4-b399a99b91cc","type":"search","rationale":"Investigate an uncovered required question","step":0,"t":"2026-09-17T22:38:24.946Z"}
{"level":"info","event":"action","runId":"185907a2-e761-442e-8ee4-b399a99b91cc","type":"fetch","rationale":"Inspect an already-known source before another generic query","step":1,"t":"2026-09-17T22:38:24.964Z"}
{"level":"info","event":"action","runId":"185907a2-e761-442e-8ee4-b399a99b91cc","type":"fetch","rationale":"Inspect an already-known source before another generic query","step":2,"t":"2026-09-17T22:38:24.975Z"}
{"level":"info","event":"action","runId":"185907a2-e761-442e-8ee4-b399a99b91cc","type":"fetch","rationale":"Inspect an already-known source before another generic query","step":3,"t":"2026-09-17T22:38:24.986Z"}
{"level":"info","event":"action","runId":"185907a2-e761-442e-8ee4-b399a99b91cc","type":"fetch","rationale":"Inspect an already-known source before another generic query","step":4,"t":"2026-09-17T22:38:25.001Z"}
{"level":"info","event":"action","runId":"185907a2-e761-442e-8ee4-b399a99b91cc","type":"fetch","rationale":"Inspect an already-known source before another generic query","step":5,"t":"2026-09-17T22:38:25.013Z"}
{"level":"info","event":"action","runId":"185907a2-e761-442e-8ee4-b399a99b91cc","type":"challenge","rationale":"Disconfirm material conclusion: A primary source that directly contradicts this conclusion.","step":6,"t":"2026-09-17T22:38:25.024Z"}
{"level":"info","event":"action","runId":"185907a2-e761-442e-8ee4-b399a99b91cc","type":"challenge","rationale":"No counterexample found in accessed primary sources. This is not proof that the conclusion is true.","step":7,"t":"2026-09-17T22:38:25.036Z"}
{"level":"info","event":"action","runId":"185907a2-e761-442e-8ee4-b399a99b91cc","type":"synthesize","rationale":"decision_critical_gaps_resolved_or_unresolvable; high-impact claims supported or qualified; contradictions handled; remaining actions low expected value","step":8,"t":"2026-09-17T22:38:25.045Z"}
{"level":"info","event":"action","runId":"d8cf5810-de02-47a6-ad41-9a63e007878d","type":"search","rationale":"Investigate an uncovered required question","step":0,"t":"2026-09-17T22:38:25.523Z"}
{"level":"info","event":"action","runId":"d8cf5810-de02-47a6-ad41-9a63e007878d","type":"fetch","rationale":"Inspect an already-known source before another generic query","step":1,"t":"2026-09-17T22:38:25.548Z"}
{"level":"info","event":"action","runId":"d8cf5810-de02-47a6-ad41-9a63e007878d","type":"synthesize","rationale":"budget requires finishing with available evidence","step":2,"t":"2026-09-17T22:38:25.562Z"}
{"level":"info","event":"action","runId":"986dcf37-b704-4469-a694-39890b6aa445","type":"search","rationale":"Investigate an uncovered required question","step":0,"t":"2026-09-17T22:38:26.065Z"}
{"level":"info","event":"action","runId":"986dcf37-b704-4469-a694-39890b6aa445","type":"fetch","rationale":"Inspect an already-known source before another generic query","step":1,"t":"2026-09-17T22:38:26.085Z"}
{"level":"info","event":"action","runId":"986dcf37-b704-4469-a694-39890b6aa445","type":"fetch","rationale":"Inspect an already-known source before another generic query","step":2,"t":"2026-09-17T22:38:26.098Z"}
{"level":"info","event":"action","runId":"986dcf37-b704-4469-a694-39890b6aa445","type":"fetch","rationale":"Inspect an already-known source before another generic query","step":3,"t":"2026-09-17T22:38:26.109Z"}
{"level":"info","event":"action","runId":"986dcf37-b704-4469-a694-39890b6aa445","type":"fetch","rationale":"Inspect an already-known source before another generic query","step":4,"t":"2026-09-17T22:38:26.121Z"}
{"level":"info","event":"action","runId":"986dcf37-b704-4469-a694-39890b6aa445","type":"fetch","rationale":"Inspect an already-known source before another generic query","step":5,"t":"2026-09-17T22:38:26.135Z"}
{"level":"info","event":"action","runId":"986dcf37-b704-4469-a694-39890b6aa445","type":"challenge","rationale":"Disconfirm material conclusion: A primary source that directly contradicts this conclusion.","step":6,"t":"2026-09-17T22:38:26.147Z"}
{"level":"info","event":"action","runId":"986dcf37-b704-4469-a694-39890b6aa445","type":"challenge","rationale":"No counterexample found in accessed primary sources. This is not proof that the conclusion is true.","step":7,"t":"2026-09-17T22:38:26.160Z"}
{"level":"info","event":"action","runId":"986dcf37-b704-4469-a694-39890b6aa445","type":"synthesize","rationale":"decision_critical_gaps_resolved_or_unresolvable; high-impact claims supported or qualified; contradictions handled; remaining actions low expected value","step":8,"t":"2026-09-17T22:38:26.169Z"}
{"level":"info","event":"action","runId":"0de72cb1-d656-4f71-820e-58c5752b7c00","type":"search","rationale":"Investigate an uncovered required question","step":0,"t":"2026-09-17T22:38:27.035Z"}
{"level":"info","event":"action","runId":"0de72cb1-d656-4f71-820e-58c5752b7c00","type":"fetch","rationale":"Inspect an already-known source before another generic query","step":1,"t":"2026-09-17T22:38:27.055Z"}
{"level":"info","event":"action","runId":"0de72cb1-d656-4f71-820e-58c5752b7c00","type":"fetch","rationale":"Inspect an already-known source before another generic query","step":2,"t":"2026-09-17T22:38:27.068Z"}
{"level":"info","event":"action","runId":"0de72cb1-d656-4f71-820e-58c5752b7c00","type":"fetch","rationale":"Inspect an already-known source before another generic query","step":3,"t":"2026-09-17T22:38:27.080Z"}
{"level":"info","event":"action","runId":"0de72cb1-d656-4f71-820e-58c5752b7c00","type":"fetch","rationale":"Inspect an already-known source before another generic query","step":4,"t":"2026-09-17T22:38:27.091Z"}
{"level":"info","event":"action","runId":"0de72cb1-d656-4f71-820e-58c5752b7c00","type":"fetch","rationale":"Inspect an already-known source before another generic query","step":5,"t":"2026-09-17T22:38:27.105Z"}
{"level":"info","event":"action","runId":"0de72cb1-d656-4f71-820e-58c5752b7c00","type":"challenge","rationale":"Disconfirm material conclusion: A primary source that directly contradicts this conclusion.","step":6,"t":"2026-09-17T22:38:27.117Z"}
{"level":"info","event":"action","runId":"0de72cb1-d656-4f71-820e-58c5752b7c00","type":"challenge","rationale":"No counterexample found in accessed primary sources. This is not proof that the conclusion is true.","step":7,"t":"2026-09-17T22:38:27.129Z"}
{"level":"info","event":"action","runId":"0de72cb1-d656-4f71-820e-58c5752b7c00","type":"synthesize","rationale":"decision_critical_gaps_resolved_or_unresolvable; high-impact claims supported or qualified; contradictions handled; remaining actions low expected value","step":8,"t":"2026-09-17T22:38:27.142Z"}
{"level":"info","event":"action","runId":"5519f9e2-0cb9-4294-9810-b9089ff8a801","type":"challenge","rationale":"Disconfirm material conclusion: A primary source that directly contradicts this conclusion.","step":0,"t":"2026-09-17T22:38:28.040Z"}
{"level":"info","event":"action","runId":"5519f9e2-0cb9-4294-9810-b9089ff8a801","type":"fetch","rationale":"Inspect an already-known source before another generic query","step":1,"t":"2026-09-17T22:38:28.070Z"}
{"level":"info","event":"action","runId":"5519f9e2-0cb9-4294-9810-b9089ff8a801","type":"fetch","rationale":"Inspect an already-known source before another generic query","step":2,"t":"2026-09-17T22:38:28.089Z"}
{"level":"info","event":"action","runId":"5519f9e2-0cb9-4294-9810-b9089ff8a801","type":"fetch","rationale":"Inspect an already-known source before another generic query","step":3,"t":"2026-09-17T22:38:28.104Z"}
{"level":"info","event":"action","runId":"5519f9e2-0cb9-4294-9810-b9089ff8a801","type":"challenge","rationale":"No counterexample found in accessed primary sources. This is not proof that the conclusion is true.","step":4,"t":"2026-09-17T22:38:28.122Z"}
{"level":"info","event":"action","runId":"5519f9e2-0cb9-4294-9810-b9089ff8a801","type":"synthesize","rationale":"decision_critical_gaps_resolved_or_unresolvable; high-impact claims supported or qualified; contradictions handled; remaining actions low expected value","step":5,"t":"2026-09-17T22:38:28.133Z"}
{"level":"info","event":"action","runId":"4e9907c9-a737-49cf-a830-ee6c48d2c52c","type":"challenge","rationale":"Disconfirm material conclusion: A primary source that directly contradicts this conclusion.","step":0,"t":"2026-09-17T22:38:28.795Z"}
{"level":"info","event":"action","runId":"4e9907c9-a737-49cf-a830-ee6c48d2c52c","type":"fetch","rationale":"Inspect an already-known source before another generic query","step":1,"t":"2026-09-17T22:38:28.835Z"}
{"level":"info","event":"action","runId":"4e9907c9-a737-49cf-a830-ee6c48d2c52c","type":"fetch","rationale":"Inspect an already-known source before another generic query","step":2,"t":"2026-09-17T22:38:28.851Z"}
{"level":"info","event":"action","runId":"4e9907c9-a737-49cf-a830-ee6c48d2c52c","type":"fetch","rationale":"Inspect an already-known source before another generic query","step":3,"t":"2026-09-17T22:38:28.868Z"}
{"level":"info","event":"action","runId":"4e9907c9-a737-49cf-a830-ee6c48d2c52c","type":"challenge","rationale":"No counterexample found in accessed primary sources. This is not proof that the conclusion is true.","step":4,"t":"2026-09-17T22:38:28.885Z"}
{"level":"info","event":"action","runId":"4e9907c9-a737-49cf-a830-ee6c48d2c52c","type":"synthesize","rationale":"decision_critical_gaps_resolved_or_unresolvable; high-impact claims supported or qualified; contradictions handled; remaining actions low expected value","step":5,"t":"2026-09-17T22:38:28.897Z"}
{"level":"info","event":"action","runId":"cc589f93-ca63-481f-83a0-2c20e10e3ebd","type":"search","rationale":"Investigate an uncovered required question","step":0,"t":"2026-09-17T22:38:29.264Z"}
{"level":"info","event":"action","runId":"cc589f93-ca63-481f-83a0-2c20e10e3ebd","type":"fetch","rationale":"Inspect an already-known source before another generic query","step":1,"t":"2026-09-17T22:38:29.285Z"}
{"level":"info","event":"action","runId":"cc589f93-ca63-481f-83a0-2c20e10e3ebd","type":"fetch","rationale":"Inspect an already-known source before another generic query","step":2,"t":"2026-09-17T22:38:29.297Z"}
{"level":"info","event":"action","runId":"cc589f93-ca63-481f-83a0-2c20e10e3ebd","type":"fetch","rationale":"Inspect an already-known source before another generic query","step":3,"t":"2026-09-17T22:38:29.311Z"}
{"level":"info","event":"action","runId":"cc589f93-ca63-481f-83a0-2c20e10e3ebd","type":"fetch","rationale":"Inspect an already-known source before another generic query","step":4,"t":"2026-09-17T22:38:29.323Z"}
{"level":"info","event":"action","runId":"cc589f93-ca63-481f-83a0-2c20e10e3ebd","type":"fetch","rationale":"Inspect an already-known source before another generic query","step":5,"t":"2026-09-17T22:38:29.337Z"}
{"level":"info","event":"action","runId":"cc589f93-ca63-481f-83a0-2c20e10e3ebd","type":"challenge","rationale":"Disconfirm material conclusion: A primary source that directly contradicts this conclusion.","step":6,"t":"2026-09-17T22:38:29.350Z"}
{"level":"info","event":"action","runId":"cc589f93-ca63-481f-83a0-2c20e10e3ebd","type":"challenge","rationale":"No counterexample found in accessed primary sources. This is not proof that the conclusion is true.","step":7,"t":"2026-09-17T22:38:29.364Z"}
{"level":"info","event":"action","runId":"cc589f93-ca63-481f-83a0-2c20e10e3ebd","type":"synthesize","rationale":"decision_critical_gaps_resolved_or_unresolvable; high-impact claims supported or qualified; contradictions handled; remaining actions low expected value","step":8,"t":"2026-09-17T22:38:29.376Z"}
{"level":"info","event":"action","runId":"1789e33d-2389-4426-8a14-805efc30696e","type":"search","rationale":"Investigate an uncovered required question","step":0,"t":"2026-09-17T22:38:29.922Z"}
{"level":"info","event":"action","runId":"1789e33d-2389-4426-8a14-805efc30696e","type":"fetch","rationale":"Inspect an already-known source before another generic query","step":1,"t":"2026-09-17T22:38:29.943Z"}
{"level":"info","event":"action","runId":"1789e33d-2389-4426-8a14-805efc30696e","type":"fetch","rationale":"Inspect an already-known source before another generic query","step":2,"t":"2026-09-17T22:38:29.955Z"}
{"level":"info","event":"action","runId":"1789e33d-2389-4426-8a14-805efc30696e","type":"fetch","rationale":"Inspect an already-known source before another generic query","step":3,"t":"2026-09-17T22:38:29.968Z"}
{"level":"info","event":"action","runId":"1789e33d-2389-4426-8a14-805efc30696e","type":"fetch","rationale":"Inspect an already-known source before another generic query","step":4,"t":"2026-09-17T22:38:29.981Z"}
{"level":"info","event":"action","runId":"1789e33d-2389-4426-8a14-805efc30696e","type":"fetch","rationale":"Inspect an already-known source before another generic query","step":5,"t":"2026-09-17T22:38:29.993Z"}
{"level":"info","event":"action","runId":"1789e33d-2389-4426-8a14-805efc30696e","type":"challenge","rationale":"Disconfirm material conclusion: A primary source that directly contradicts this conclusion.","step":6,"t":"2026-09-17T22:38:30.006Z"}
{"level":"info","event":"action","runId":"1789e33d-2389-4426-8a14-805efc30696e","type":"challenge","rationale":"No counterexample found in accessed primary sources. This is not proof that the conclusion is true.","step":7,"t":"2026-09-17T22:38:30.021Z"}
{"level":"info","event":"action","runId":"1789e33d-2389-4426-8a14-805efc30696e","type":"synthesize","rationale":"decision_critical_gaps_resolved_or_unresolvable; high-impact claims supported or qualified; contradictions handled; remaining actions low expected value","step":8,"t":"2026-09-17T22:38:30.033Z"}
{"level":"info","event":"action","runId":"73c12222-3299-4e1f-a07b-5a81d3042110","type":"clarify","rationale":"A blocking field is unspecified and would change the answer","step":0,"t":"2026-09-17T22:38:31.542Z"}
{"level":"info","event":"action","runId":"62c7f5c4-fcbf-4816-9e6f-e3e61e48fdad","type":"clarify","rationale":"A blocking field is unspecified and would change the answer","step":0,"t":"2026-09-17T22:38:32.090Z"}
{"level":"info","event":"action","runId":"62c7f5c4-fcbf-4816-9e6f-e3e61e48fdad","type":"search","rationale":"Investigate an uncovered required question","step":0,"t":"2026-09-17T22:38:32.180Z"}
{"level":"info","event":"action","runId":"62c7f5c4-fcbf-4816-9e6f-e3e61e48fdad","type":"fetch","rationale":"Inspect an already-known source before another generic query","step":1,"t":"2026-09-17T22:38:32.219Z"}
{"level":"info","event":"action","runId":"62c7f5c4-fcbf-4816-9e6f-e3e61e48fdad","type":"challenge","rationale":"Disconfirm material conclusion: A primary source that directly contradicts this conclusion.","step":2,"t":"2026-09-17T22:38:32.242Z"}
{"level":"info","event":"action","runId":"62c7f5c4-fcbf-4816-9e6f-e3e61e48fdad","type":"challenge","rationale":"Disconfirm material conclusion: A primary source that directly contradicts this conclusion.","step":3,"t":"2026-09-17T22:38:32.266Z"}
{"level":"info","event":"action","runId":"62c7f5c4-fcbf-4816-9e6f-e3e61e48fdad","type":"challenge","rationale":"Disconfirm material conclusion: A primary source that directly contradicts this conclusion.","step":4,"t":"2026-09-17T22:38:32.286Z"}
{"level":"info","event":"action","runId":"62c7f5c4-fcbf-4816-9e6f-e3e61e48fdad","type":"challenge","rationale":"Disconfirm material conclusion: A primary source that directly contradicts this conclusion.","step":5,"t":"2026-09-17T22:38:32.313Z"}
{"level":"info","event":"action","runId":"62c7f5c4-fcbf-4816-9e6f-e3e61e48fdad","type":"challenge","rationale":"Disconfirm material conclusion: A primary source that directly contradicts this conclusion.","step":6,"t":"2026-09-17T22:38:32.333Z"}
{"level":"info","event":"action","runId":"62c7f5c4-fcbf-4816-9e6f-e3e61e48fdad","type":"challenge","rationale":"Disconfirm material conclusion: A primary source that directly contradicts this conclusion.","step":7,"t":"2026-09-17T22:38:32.352Z"}
{"level":"info","event":"action","runId":"62c7f5c4-fcbf-4816-9e6f-e3e61e48fdad","type":"challenge","rationale":"Disconfirm material conclusion: A primary source that directly contradicts this conclusion.","step":8,"t":"2026-09-17T22:38:32.373Z"}
{"level":"info","event":"action","runId":"62c7f5c4-fcbf-4816-9e6f-e3e61e48fdad","type":"challenge","rationale":"No counterexample found in accessed primary sources. This is not proof that the conclusion is true.","step":9,"t":"2026-09-17T22:38:32.397Z"}
{"level":"info","event":"action","runId":"62c7f5c4-fcbf-4816-9e6f-e3e61e48fdad","type":"stop","rationale":"Repeated searches returned no novel source family or coverage progress","step":10,"t":"2026-09-17T22:38:32.420Z"}
{"level":"info","event":"action","runId":"6d36411d-8aa8-4217-b508-16fca4b2df23","type":"clarify","rationale":"A blocking field is unspecified and would change the answer","step":0,"t":"2026-09-17T22:38:33.222Z"}
{"level":"info","event":"action","runId":"6d36411d-8aa8-4217-b508-16fca4b2df23","type":"search","rationale":"Investigate an uncovered required question","step":0,"t":"2026-09-17T22:38:33.259Z"}
{"level":"info","event":"action","runId":"6d36411d-8aa8-4217-b508-16fca4b2df23","type":"fetch","rationale":"Inspect an already-known source before another generic query","step":1,"t":"2026-09-17T22:38:33.295Z"}
{"level":"info","event":"action","runId":"6d36411d-8aa8-4217-b508-16fca4b2df23","type":"challenge","rationale":"Disconfirm material conclusion: A primary source that directly contradicts this conclusion.","step":2,"t":"2026-09-17T22:38:33.322Z"}
{"level":"info","event":"action","runId":"6d36411d-8aa8-4217-b508-16fca4b2df23","type":"challenge","rationale":"Disconfirm material conclusion: A primary source that directly contradicts this conclusion.","step":3,"t":"2026-09-17T22:38:33.353Z"}
{"level":"info","event":"action","runId":"6d36411d-8aa8-4217-b508-16fca4b2df23","type":"challenge","rationale":"Disconfirm material conclusion: A primary source that directly contradicts this conclusion.","step":4,"t":"2026-09-17T22:38:33.401Z"}
{"level":"info","event":"action","runId":"6d36411d-8aa8-4217-b508-16fca4b2df23","type":"challenge","rationale":"Disconfirm material conclusion: A primary source that directly contradicts this conclusion.","step":5,"t":"2026-09-17T22:38:33.431Z"}
{"level":"info","event":"action","runId":"6d36411d-8aa8-4217-b508-16fca4b2df23","type":"challenge","rationale":"Disconfirm material conclusion: A primary source that directly contradicts this conclusion.","step":6,"t":"2026-09-17T22:38:33.449Z"}
{"level":"info","event":"action","runId":"6d36411d-8aa8-4217-b508-16fca4b2df23","type":"challenge","rationale":"Disconfirm material conclusion: A primary source that directly contradicts this conclusion.","step":7,"t":"2026-09-17T22:38:33.469Z"}
{"level":"info","event":"action","runId":"6d36411d-8aa8-4217-b508-16fca4b2df23","type":"challenge","rationale":"Disconfirm material conclusion: A primary source that directly contradicts this conclusion.","step":8,"t":"2026-09-17T22:38:33.494Z"}
{"level":"info","event":"action","runId":"6d36411d-8aa8-4217-b508-16fca4b2df23","type":"challenge","rationale":"No counterexample found in accessed primary sources. This is not proof that the conclusion is true.","step":9,"t":"2026-09-17T22:38:33.518Z"}
{"level":"info","event":"action","runId":"6d36411d-8aa8-4217-b508-16fca4b2df23","type":"stop","rationale":"Repeated searches returned no novel source family or coverage progress","step":10,"t":"2026-09-17T22:38:33.534Z"}
{"level":"info","event":"action","runId":"ed78667d-764d-47a2-a825-ed6828e44d8f","type":"clarify","rationale":"A blocking field is unspecified and would change the answer","step":0,"t":"2026-09-17T22:38:34.185Z"}
{"level":"info","event":"action","runId":"ed78667d-764d-47a2-a825-ed6828e44d8f","type":"search","rationale":"Investigate an uncovered required question","step":0,"t":"2026-09-17T22:38:34.234Z"}
{"level":"info","event":"action","runId":"ed78667d-764d-47a2-a825-ed6828e44d8f","type":"fetch","rationale":"Inspect an already-known source before another generic query","step":1,"t":"2026-09-17T22:38:34.278Z"}
{"level":"info","event":"action","runId":"ed78667d-764d-47a2-a825-ed6828e44d8f","type":"challenge","rationale":"Disconfirm material conclusion: A primary source that directly contradicts this conclusion.","step":2,"t":"2026-09-17T22:38:34.324Z"}
{"level":"info","event":"action","runId":"ed78667d-764d-47a2-a825-ed6828e44d8f","type":"challenge","rationale":"Disconfirm material conclusion: A primary source that directly contradicts this conclusion.","step":3,"t":"2026-09-17T22:38:34.387Z"}
{"level":"info","event":"action","runId":"ed78667d-764d-47a2-a825-ed6828e44d8f","type":"challenge","rationale":"Disconfirm material conclusion: A primary source that directly contradicts this conclusion.","step":4,"t":"2026-09-17T22:38:34.427Z"}
{"level":"info","event":"action","runId":"ed78667d-764d-47a2-a825-ed6828e44d8f","type":"challenge","rationale":"Disconfirm material conclusion: A primary source that directly contradicts this conclusion.","step":5,"t":"2026-09-17T22:38:34.470Z"}
{"level":"info","event":"action","runId":"ed78667d-764d-47a2-a825-ed6828e44d8f","type":"challenge","rationale":"Disconfirm material conclusion: A primary source that directly contradicts this conclusion.","step":6,"t":"2026-09-17T22:38:34.518Z"}
{"level":"info","event":"action","runId":"ed78667d-764d-47a2-a825-ed6828e44d8f","type":"challenge","rationale":"Disconfirm material conclusion: A primary source that directly contradicts this conclusion.","step":7,"t":"2026-09-17T22:38:34.574Z"}
{"level":"info","event":"action","runId":"ed78667d-764d-47a2-a825-ed6828e44d8f","type":"challenge","rationale":"Disconfirm material conclusion: A primary source that directly contradicts this conclusion.","step":8,"t":"2026-09-17T22:38:34.617Z"}
{"level":"info","event":"action","runId":"ed78667d-764d-47a2-a825-ed6828e44d8f","type":"challenge","rationale":"No counterexample found in accessed primary sources. This is not proof that the conclusion is true.","step":9,"t":"2026-09-17T22:38:34.651Z"}
{"level":"info","event":"action","runId":"ed78667d-764d-47a2-a825-ed6828e44d8f","type":"stop","rationale":"Repeated searches returned no novel source family or coverage progress","step":10,"t":"2026-09-17T22:38:34.677Z"}
 ✓ test/p3-remaining.integration.test.ts (51 tests) 33158ms
   ✓ remaining launch-scope IDs > M04 fixture comparison publishes a wide table, code listing, unicode-safe text, and many citations  950ms
   ✓ remaining launch-scope IDs > R06 preserves event date vs publication date  635ms
   ✓ remaining launch-scope IDs > R10 declines an unrelated celebrity branch from page content  621ms
   ✓ remaining launch-scope IDs > R12 explains different percentage denominators instead of averaging  657ms
   ✓ remaining launch-scope IDs > R15 states unknown without a fake probability  747ms
   ✓ remaining launch-scope IDs > R16 comparison names the requested entities and constraints  644ms
   ✓ remaining launch-scope IDs > E05 new source version does not rewrite the original report citation  711ms
   ✓ remaining launch-scope IDs > V2-13 private canary is stored as evidence, omitted from public queries, and denied to another account  682ms
   ✓ remaining launch-scope IDs > JOB-1 eligibility-aware comparison under platform and export constraints  614ms
   ✓ remaining launch-scope IDs > JOB-1 adding Linux as a hard requirement excludes NoteKeep and keeps NoteAll  1064ms
   ✓ remaining launch-scope IDs > JOB-1 removing Linux as a requirement makes NoteKeep eligible again  1023ms
   ✓ remaining launch-scope IDs > JOB-2 attached document text is stored as supplied evidence and not used as a public query  650ms
   ✓ remaining launch-scope IDs > E06 actual PDF with no readable evidence is disclosed as unread pages  621ms
   ✓ remaining launch-scope IDs > E08 quoted report text is taken from the stored passage  620ms
   ✓ remaining launch-scope IDs > E09 export citation anchors resolve to owned passages  672ms
   ✓ remaining launch-scope IDs > J02 a second processRun after completion does not duplicate the report or settlement  618ms
   ✓ remaining launch-scope IDs > J06 cancel after completion keeps the published report  614ms
   ✓ remaining launch-scope IDs > J08 event cursor returns only later sequences  614ms
   ✓ remaining launch-scope IDs > J13 live spend kill switch blocks new paid routes but keeps saved reports  611ms
   ✓ remaining launch-scope IDs > S07 cross-account reports are denied  607ms
   ✓ remaining launch-scope IDs > V2-10 a later unavailable fetch does not retract last-access evidence  609ms
   ✓ remaining launch-scope IDs > V2-11 concise view uses the same answer citations as the body  634ms
   ✓ remaining launch-scope IDs > V2-19 scanned tables stay unread rather than guessed  541ms
   ✓ remaining launch-scope IDs > R17 concise request still keeps limitations  582ms
   ✓ remaining launch-scope IDs > R18 compacted checkpoint still lists stored passage ids  574ms
   ✓ remaining launch-scope IDs > R19 follow-up verifies one claim and keeps the parent report  1255ms
   ✓ remaining launch-scope IDs > R20 dates a retrieved price and keeps a founding year as history  835ms
   ✓ remaining launch-scope IDs > R21 labels a German original as a translation  658ms
   ✓ remaining launch-scope IDs > E03 preserves the adults-over-65 qualifier  647ms
   ✓ remaining launch-scope IDs > E04 report uses the table's 24% rather than 42%  699ms
   ✓ remaining launch-scope IDs > E10 withdraws the conclusion when the asserted 42% is unsupported by the 24% table  636ms
   ✓ remaining launch-scope IDs > J07 expired lease is reclaimed; a live lease is not stolen  556ms
   ✓ remaining launch-scope IDs > J10 a tight budget still publishes a written report  553ms
   ✓ remaining launch-scope IDs > J11 reports that app counters are not provider-internal guarantees  600ms
   ✓ remaining launch-scope IDs > J12 confirmed usage does not rewrite the historical estimate  336ms
   ✓ remaining launch-scope IDs > J14 duplicate completion epochs share one outbox row and omit query text  670ms
   ✓ remaining launch-scope IDs > V2-09 deleted attachment text is not left in reports  752ms
   ✓ remaining launch-scope IDs > V2-09 late worker cannot republish deleted private text even if it claims deleted=false  541ms
   ✓ remaining launch-scope IDs > expired session cannot read library or reports  637ms
   ✓ remaining launch-scope IDs > library lists report_id for a completed run so share can resolve  686ms
   ✓ remaining launch-scope IDs > M09 web deletion page is reachable without the app and deletes with a session token  502ms
   ✓ remaining launch-scope IDs > R02 continue without geography is rejected and does not invent Germany  471ms
   ✓ remaining launch-scope IDs > clarification continue records geography and resumes  1193ms
   ✓ remaining launch-scope IDs > R02 continue with France records France and does not invent Germany  1046ms
   ✓ remaining launch-scope IDs > R02 after France continue discovery uses France evidence not the Germany default note  1173ms
{"level":"info","event":"action","runId":"800db4c4-2de8-4b01-9f5f-73011c233fb6","type":"clarify","rationale":"A blocking field is unspecified and would change the answer","step":0,"t":"2026-09-17T22:38:36.561Z"}
{"level":"info","event":"action","runId":"0c7a9beb-fc99-4087-947d-17b97fd7d1b3","type":"search","rationale":"Investigate an uncovered required question","step":0,"t":"2026-09-17T22:38:36.853Z"}
{"level":"info","event":"action","runId":"0c7a9beb-fc99-4087-947d-17b97fd7d1b3","type":"fetch","rationale":"Inspect an already-known source before another generic query","step":1,"t":"2026-09-17T22:38:36.892Z"}
{"level":"info","event":"action","runId":"0c7a9beb-fc99-4087-947d-17b97fd7d1b3","type":"fetch","rationale":"Inspect an already-known source before another generic query","step":2,"t":"2026-09-17T22:38:36.907Z"}
{"level":"info","event":"action","runId":"0c7a9beb-fc99-4087-947d-17b97fd7d1b3","type":"fetch","rationale":"Inspect an already-known source before another generic query","step":3,"t":"2026-09-17T22:38:36.922Z"}
{"level":"info","event":"action","runId":"0c7a9beb-fc99-4087-947d-17b97fd7d1b3","type":"challenge","rationale":"Disconfirm material conclusion: A primary source that directly contradicts this conclusion.","step":4,"t":"2026-09-17T22:38:36.943Z"}
{"level":"info","event":"action","runId":"0c7a9beb-fc99-4087-947d-17b97fd7d1b3","type":"challenge","rationale":"No counterexample found in accessed primary sources. This is not proof that the conclusion is true.","step":5,"t":"2026-09-17T22:38:36.962Z"}
{"level":"info","event":"action","runId":"0c7a9beb-fc99-4087-947d-17b97fd7d1b3","type":"synthesize","rationale":"decision_critical_gaps_resolved_or_unresolvable; high-impact claims supported or qualified; contradictions handled; remaining actions low expected value","step":6,"t":"2026-09-17T22:38:36.973Z"}
{"level":"info","event":"action","runId":"c0d50bb9-b250-4e67-ad03-def352dc4e84","type":"search","rationale":"Investigate an uncovered required question","step":0,"t":"2026-09-17T22:38:37.533Z"}
{"level":"info","event":"action","runId":"c0d50bb9-b250-4e67-ad03-def352dc4e84","type":"fetch","rationale":"Inspect an already-known source before another generic query","step":1,"t":"2026-09-17T22:38:37.551Z"}
{"level":"info","event":"action","runId":"c0d50bb9-b250-4e67-ad03-def352dc4e84","type":"challenge","rationale":"Disconfirm material conclusion: A primary source that directly contradicts this conclusion.","step":2,"t":"2026-09-17T22:38:37.566Z"}
{"level":"info","event":"action","runId":"c0d50bb9-b250-4e67-ad03-def352dc4e84","type":"challenge","rationale":"No counterexample found in accessed primary sources. This is not proof that the conclusion is true.","step":3,"t":"2026-09-17T22:38:37.581Z"}
{"level":"info","event":"action","runId":"c0d50bb9-b250-4e67-ad03-def352dc4e84","type":"synthesize","rationale":"inaccessible_or_unresolved_gap:primary source is inaccessible","step":4,"t":"2026-09-17T22:38:37.592Z"}
{"level":"info","event":"action","runId":"dc21a238-7fae-4d75-bbba-71a3e5ddf3ce","type":"search","rationale":"Investigate an uncovered required question","step":0,"t":"2026-09-17T22:38:38.097Z"}
{"level":"info","event":"action","runId":"dc21a238-7fae-4d75-bbba-71a3e5ddf3ce","type":"fetch","rationale":"Inspect the preferred source type (vendor-docs) before more weak sources","step":1,"t":"2026-09-17T22:38:38.115Z"}
{"level":"info","event":"action","runId":"dc21a238-7fae-4d75-bbba-71a3e5ddf3ce","type":"fetch","rationale":"Inspect the preferred source type (vendor-docs) before more weak sources","step":2,"t":"2026-09-17T22:38:38.130Z"}
{"level":"info","event":"action","runId":"dc21a238-7fae-4d75-bbba-71a3e5ddf3ce","type":"verify","rationale":"Scope-check contradiction on value before treating newest as correct","step":3,"t":"2026-09-17T22:38:38.144Z"}
{"level":"info","event":"action","runId":"dc21a238-7fae-4d75-bbba-71a3e5ddf3ce","type":"challenge","rationale":"Disconfirm material conclusion: A primary source that directly contradicts this conclusion.","step":4,"t":"2026-09-17T22:38:38.157Z"}
{"level":"info","event":"action","runId":"dc21a238-7fae-4d75-bbba-71a3e5ddf3ce","type":"challenge","rationale":"No counterexample found in accessed primary sources. This is not proof that the conclusion is true.","step":5,"t":"2026-09-17T22:38:38.170Z"}
{"level":"info","event":"action","runId":"dc21a238-7fae-4d75-bbba-71a3e5ddf3ce","type":"synthesize","rationale":"decision_critical_gaps_resolved_or_unresolvable; high-impact claims supported or qualified; contradictions handled; remaining actions low expected value","step":6,"t":"2026-09-17T22:38:38.181Z"}
{"level":"info","event":"action","runId":"7c455e82-108f-4bd6-83f9-cf953644fff9","type":"search","rationale":"Investigate an uncovered required question","step":0,"t":"2026-09-17T22:38:38.705Z"}
{"level":"info","event":"action","runId":"7c455e82-108f-4bd6-83f9-cf953644fff9","type":"fetch","rationale":"Inspect an already-known source before another generic query","step":1,"t":"2026-09-17T22:38:38.724Z"}
{"level":"info","event":"action","runId":"7c455e82-108f-4bd6-83f9-cf953644fff9","type":"synthesize","rationale":"budget requires finishing with available evidence","step":2,"t":"2026-09-17T22:38:38.737Z"}
{"level":"info","event":"action","runId":"c6bd34e7-5406-4d4b-ad81-3d26ff2d3fb7","type":"search","rationale":"Investigate an uncovered required question","step":0,"t":"2026-09-17T22:38:39.277Z"}
{"level":"info","event":"action","runId":"c6bd34e7-5406-4d4b-ad81-3d26ff2d3fb7","type":"fetch","rationale":"Inspect an already-known source before another generic query","step":1,"t":"2026-09-17T22:38:39.305Z"}
{"level":"info","event":"action","runId":"c6bd34e7-5406-4d4b-ad81-3d26ff2d3fb7","type":"fetch","rationale":"Inspect an already-known source before another generic query","step":2,"t":"2026-09-17T22:38:39.317Z"}
{"level":"info","event":"action","runId":"c6bd34e7-5406-4d4b-ad81-3d26ff2d3fb7","type":"fetch","rationale":"Inspect an already-known source before another generic query","step":3,"t":"2026-09-17T22:38:39.330Z"}
{"level":"info","event":"action","runId":"c6bd34e7-5406-4d4b-ad81-3d26ff2d3fb7","type":"challenge","rationale":"Disconfirm material conclusion: A primary source that directly contradicts this conclusion.","step":4,"t":"2026-09-17T22:38:39.348Z"}
{"level":"info","event":"action","runId":"c6bd34e7-5406-4d4b-ad81-3d26ff2d3fb7","type":"challenge","rationale":"No counterexample found in accessed primary sources. This is not proof that the conclusion is true.","step":5,"t":"2026-09-17T22:38:39.361Z"}
{"level":"info","event":"action","runId":"c6bd34e7-5406-4d4b-ad81-3d26ff2d3fb7","type":"synthesize","rationale":"decision_critical_gaps_resolved_or_unresolvable; high-impact claims supported or qualified; contradictions handled; remaining actions low expected value","step":6,"t":"2026-09-17T22:38:39.372Z"}
{"level":"info","event":"action","runId":"471b20be-8360-465b-a755-4e5ec9cece61","type":"search","rationale":"Investigate an uncovered required question","step":0,"t":"2026-09-17T22:38:39.938Z"}
{"level":"info","event":"action","runId":"471b20be-8360-465b-a755-4e5ec9cece61","type":"search","rationale":"Decision-blocking gap: authoritative compatibility limitation. Switching source type to vendor-matrix.","step":1,"t":"2026-09-17T22:38:39.957Z"}
{"level":"info","event":"action","runId":"471b20be-8360-465b-a755-4e5ec9cece61","type":"fetch","rationale":"Inspect the preferred source type (vendor-matrix) before more weak sources","step":2,"t":"2026-09-17T22:38:39.972Z"}
{"level":"info","event":"action","runId":"471b20be-8360-465b-a755-4e5ec9cece61","type":"fetch","rationale":"Inspect an already-known source before another generic query","step":3,"t":"2026-09-17T22:38:39.986Z"}
{"level":"info","event":"action","runId":"471b20be-8360-465b-a755-4e5ec9cece61","type":"fetch","rationale":"Inspect an already-known source before another generic query","step":4,"t":"2026-09-17T22:38:40.002Z"}
{"level":"info","event":"action","runId":"471b20be-8360-465b-a755-4e5ec9cece61","type":"fetch","rationale":"Inspect an already-known source before another generic query","step":5,"t":"2026-09-17T22:38:40.016Z"}
{"level":"info","event":"action","runId":"471b20be-8360-465b-a755-4e5ec9cece61","type":"verify","rationale":"Scope-check contradiction on compatibility before treating newest as correct","step":6,"t":"2026-09-17T22:38:40.029Z"}
{"level":"info","event":"action","runId":"471b20be-8360-465b-a755-4e5ec9cece61","type":"challenge","rationale":"Disconfirm material conclusion: Official compatibility documentation that lists the named version as supported.","step":7,"t":"2026-09-17T22:38:40.039Z"}
{"level":"info","event":"action","runId":"471b20be-8360-465b-a755-4e5ec9cece61","type":"challenge","rationale":"No counterexample found in accessed primary sources. This is not proof that the conclusion is true.","step":8,"t":"2026-09-17T22:38:40.054Z"}
{"level":"info","event":"action","runId":"471b20be-8360-465b-a755-4e5ec9cece61","type":"synthesize","rationale":"decision_critical_gaps_resolved_or_unresolvable; high-impact claims supported or qualified; contradictions handled; remaining actions low expected value","step":9,"t":"2026-09-17T22:38:40.075Z"}
{"level":"info","event":"action","runId":"0b6ece23-fb3e-4520-ba21-d9fea6e8b385","type":"search","rationale":"Investigate an uncovered required question","step":0,"t":"2026-09-17T22:38:40.800Z"}
{"level":"info","event":"action","runId":"0b6ece23-fb3e-4520-ba21-d9fea6e8b385","type":"search","rationale":"Decision-blocking gap: authoritative compatibility limitation. Switching source type to vendor-matrix.","step":1,"t":"2026-09-17T22:38:40.823Z"}
{"level":"info","event":"action","runId":"0b6ece23-fb3e-4520-ba21-d9fea6e8b385","type":"fetch","rationale":"Inspect the preferred source type (vendor-matrix) before more weak sources","step":2,"t":"2026-09-17T22:38:40.840Z"}
{"level":"info","event":"action","runId":"0b6ece23-fb3e-4520-ba21-d9fea6e8b385","type":"fetch","rationale":"Inspect an already-known source before another generic query","step":3,"t":"2026-09-17T22:38:40.856Z"}
{"level":"info","event":"action","runId":"0b6ece23-fb3e-4520-ba21-d9fea6e8b385","type":"fetch","rationale":"Inspect an already-known source before another generic query","step":4,"t":"2026-09-17T22:38:40.871Z"}
{"level":"info","event":"action","runId":"0b6ece23-fb3e-4520-ba21-d9fea6e8b385","type":"fetch","rationale":"Inspect an already-known source before another generic query","step":5,"t":"2026-09-17T22:38:40.886Z"}
{"level":"info","event":"action","runId":"0b6ece23-fb3e-4520-ba21-d9fea6e8b385","type":"verify","rationale":"Scope-check contradiction on compatibility before treating newest as correct","step":6,"t":"2026-09-17T22:38:40.904Z"}
{"level":"info","event":"action","runId":"0b6ece23-fb3e-4520-ba21-d9fea6e8b385","type":"challenge","rationale":"Disconfirm material conclusion: Official compatibility documentation that lists the named version as supported.","step":7,"t":"2026-09-17T22:38:40.918Z"}
{"level":"info","event":"action","runId":"0b6ece23-fb3e-4520-ba21-d9fea6e8b385","type":"challenge","rationale":"No counterexample found in accessed primary sources. This is not proof that the conclusion is true.","step":8,"t":"2026-09-17T22:38:40.934Z"}
{"level":"info","event":"action","runId":"0b6ece23-fb3e-4520-ba21-d9fea6e8b385","type":"synthesize","rationale":"decision_critical_gaps_resolved_or_unresolvable; high-impact claims supported or qualified; contradictions handled; remaining actions low expected value","step":9,"t":"2026-09-17T22:38:40.947Z"}
{"level":"info","event":"action","runId":"e201c5db-36b8-497f-81be-91fed36bc84d","type":"search","rationale":"Investigate an uncovered required question","step":0,"t":"2026-09-17T22:38:41.511Z"}
{"level":"info","event":"action","runId":"e201c5db-36b8-497f-81be-91fed36bc84d","type":"fetch","rationale":"Inspect an already-known source before another generic query","step":1,"t":"2026-09-17T22:38:41.534Z"}
{"level":"info","event":"action","runId":"e201c5db-36b8-497f-81be-91fed36bc84d","type":"fetch","rationale":"Inspect an already-known source before another generic query","step":2,"t":"2026-09-17T22:38:41.547Z"}
{"level":"info","event":"action","runId":"e201c5db-36b8-497f-81be-91fed36bc84d","type":"fetch","rationale":"Inspect an already-known source before another generic query","step":3,"t":"2026-09-17T22:38:41.559Z"}
{"level":"info","event":"action","runId":"e201c5db-36b8-497f-81be-91fed36bc84d","type":"challenge","rationale":"Disconfirm material conclusion: A primary source that directly contradicts this conclusion.","step":4,"t":"2026-09-17T22:38:41.576Z"}
{"level":"info","event":"action","runId":"e201c5db-36b8-497f-81be-91fed36bc84d","type":"challenge","rationale":"No counterexample found in accessed primary sources. This is not proof that the conclusion is true.","step":5,"t":"2026-09-17T22:38:41.591Z"}
{"level":"info","event":"action","runId":"e201c5db-36b8-497f-81be-91fed36bc84d","type":"synthesize","rationale":"decision_critical_gaps_resolved_or_unresolvable; high-impact claims supported or qualified; contradictions handled; remaining actions low expected value","step":6,"t":"2026-09-17T22:38:41.602Z"}
{"level":"info","event":"action","runId":"9a0a82e2-cd05-4b1a-9a8b-816884af9f4c","type":"search","rationale":"Investigate an uncovered required question","step":0,"t":"2026-09-17T22:38:41.884Z"}
{"level":"info","event":"action","runId":"9a0a82e2-cd05-4b1a-9a8b-816884af9f4c","type":"fetch","rationale":"Inspect an already-known source before another generic query","step":1,"t":"2026-09-17T22:38:41.901Z"}
{"level":"info","event":"action","runId":"9a0a82e2-cd05-4b1a-9a8b-816884af9f4c","type":"fetch","rationale":"Inspect an already-known source before another generic query","step":2,"t":"2026-09-17T22:38:41.914Z"}
{"level":"info","event":"action","runId":"9a0a82e2-cd05-4b1a-9a8b-816884af9f4c","type":"fetch","rationale":"Inspect an already-known source before another generic query","step":3,"t":"2026-09-17T22:38:41.927Z"}
{"level":"info","event":"action","runId":"9a0a82e2-cd05-4b1a-9a8b-816884af9f4c","type":"challenge","rationale":"Disconfirm material conclusion: A hard-constraint violation for a candidate currently marked eligible.","step":4,"t":"2026-09-17T22:38:41.946Z"}
{"level":"info","event":"action","runId":"9a0a82e2-cd05-4b1a-9a8b-816884af9f4c","type":"challenge","rationale":"No counterexample found in accessed primary sources. This is not proof that the conclusion is true.","step":5,"t":"2026-09-17T22:38:41.961Z"}
{"level":"info","event":"action","runId":"9a0a82e2-cd05-4b1a-9a8b-816884af9f4c","type":"synthesize","rationale":"decision_critical_gaps_resolved_or_unresolvable; high-impact claims supported or qualified; contradictions handled; remaining actions low expected value","step":6,"t":"2026-09-17T22:38:41.972Z"}
{"level":"info","event":"action","runId":"459bf917-4a99-4972-b552-d7a574e600dc","type":"search","rationale":"Investigate an uncovered required question","step":0,"t":"2026-09-17T22:38:42.500Z"}
{"level":"info","event":"action","runId":"459bf917-4a99-4972-b552-d7a574e600dc","type":"fetch","rationale":"Inspect an already-known source before another generic query","step":1,"t":"2026-09-17T22:38:42.518Z"}
{"level":"info","event":"action","runId":"459bf917-4a99-4972-b552-d7a574e600dc","type":"challenge","rationale":"Disconfirm material conclusion: A primary source that directly contradicts this conclusion.","step":2,"t":"2026-09-17T22:38:42.531Z"}
{"level":"info","event":"action","runId":"459bf917-4a99-4972-b552-d7a574e600dc","type":"challenge","rationale":"No counterexample found in accessed primary sources. This is not proof that the conclusion is true.","step":3,"t":"2026-09-17T22:38:42.545Z"}
{"level":"info","event":"action","runId":"459bf917-4a99-4972-b552-d7a574e600dc","type":"synthesize","rationale":"decision_critical_gaps_resolved_or_unresolvable; high-impact claims supported or qualified; contradictions handled; remaining actions low expected value","step":4,"t":"2026-09-17T22:38:42.555Z"}
{"level":"info","event":"action","runId":"f157cb49-6af4-41e8-ab8e-22cc49f1c8d3","type":"search","rationale":"Investigate an uncovered required question","step":0,"t":"2026-09-17T22:38:42.810Z"}
{"level":"info","event":"action","runId":"f157cb49-6af4-41e8-ab8e-22cc49f1c8d3","type":"fetch","rationale":"Inspect an already-known source before another generic query","step":1,"t":"2026-09-17T22:38:42.821Z"}
{"level":"info","event":"action","runId":"f157cb49-6af4-41e8-ab8e-22cc49f1c8d3","type":"challenge","rationale":"Disconfirm material conclusion: A primary source that directly contradicts this conclusion.","step":2,"t":"2026-09-17T22:38:42.836Z"}
{"level":"info","event":"action","runId":"f157cb49-6af4-41e8-ab8e-22cc49f1c8d3","type":"challenge","rationale":"No counterexample found in accessed primary sources. This is not proof that the conclusion is true.","step":3,"t":"2026-09-17T22:38:42.849Z"}
{"level":"info","event":"action","runId":"f157cb49-6af4-41e8-ab8e-22cc49f1c8d3","type":"synthesize","rationale":"decision_critical_gaps_resolved_or_unresolvable; high-impact claims supported or qualified; contradictions handled; remaining actions low expected value","step":4,"t":"2026-09-17T22:38:42.858Z"}
{"level":"info","event":"action","runId":"91f400bf-8759-4008-ad37-3eadef114a13","type":"search","rationale":"Investigate an uncovered required question","step":0,"t":"2026-09-17T22:38:43.441Z"}
{"level":"info","event":"action","runId":"91f400bf-8759-4008-ad37-3eadef114a13","type":"fetch","rationale":"Inspect an already-known source before another generic query","step":1,"t":"2026-09-17T22:38:43.465Z"}
{"level":"info","event":"action","runId":"91f400bf-8759-4008-ad37-3eadef114a13","type":"fetch","rationale":"Inspect an already-known source before another generic query","step":2,"t":"2026-09-17T22:38:43.479Z"}
{"level":"info","event":"action","runId":"91f400bf-8759-4008-ad37-3eadef114a13","type":"fetch","rationale":"Inspect an already-known source before another generic query","step":3,"t":"2026-09-17T22:38:43.492Z"}
{"level":"info","event":"action","runId":"91f400bf-8759-4008-ad37-3eadef114a13","type":"challenge","rationale":"Disconfirm material conclusion: A primary source that directly contradicts this conclusion.","step":4,"t":"2026-09-17T22:38:43.516Z"}
{"level":"info","event":"action","runId":"91f400bf-8759-4008-ad37-3eadef114a13","type":"challenge","rationale":"No counterexample found in accessed primary sources. This is not proof that the conclusion is true.","step":5,"t":"2026-09-17T22:38:43.531Z"}
{"level":"info","event":"action","runId":"91f400bf-8759-4008-ad37-3eadef114a13","type":"synthesize","rationale":"decision_critical_gaps_resolved_or_unresolvable; high-impact claims supported or qualified; contradictions handled; remaining actions low expected value","step":6,"t":"2026-09-17T22:38:43.544Z"}
{"level":"info","event":"action","runId":"5156ae70-faa2-410d-9b00-5def2a42d982","type":"search","rationale":"Investigate an uncovered required question","step":0,"t":"2026-09-17T22:38:43.883Z"}
{"level":"info","event":"action","runId":"5156ae70-faa2-410d-9b00-5def2a42d982","type":"fetch","rationale":"Inspect an already-known source before another generic query","step":1,"t":"2026-09-17T22:38:43.948Z"}
{"level":"info","event":"action","runId":"5156ae70-faa2-410d-9b00-5def2a42d982","type":"fetch","rationale":"Inspect an already-known source before another generic query","step":2,"t":"2026-09-17T22:38:43.999Z"}
{"level":"info","event":"action","runId":"5156ae70-faa2-410d-9b00-5def2a42d982","type":"fetch","rationale":"Inspect an already-known source before another generic query","step":3,"t":"2026-09-17T22:38:44.030Z"}
{"level":"info","event":"action","runId":"5156ae70-faa2-410d-9b00-5def2a42d982","type":"challenge","rationale":"Disconfirm material conclusion: A primary source that directly contradicts this conclusion.","step":4,"t":"2026-09-17T22:38:44.072Z"}
{"level":"info","event":"action","runId":"5156ae70-faa2-410d-9b00-5def2a42d982","type":"challenge","rationale":"Disconfirm material conclusion: A primary source that directly contradicts this conclusion.","step":5,"t":"2026-09-17T22:38:44.091Z"}
{"level":"info","event":"action","runId":"5156ae70-faa2-410d-9b00-5def2a42d982","type":"challenge","rationale":"Disconfirm material conclusion: A primary source that directly contradicts this conclusion.","step":6,"t":"2026-09-17T22:38:44.108Z"}
{"level":"info","event":"action","runId":"5156ae70-faa2-410d-9b00-5def2a42d982","type":"challenge","rationale":"Disconfirm material conclusion: A primary source that directly contradicts this conclusion.","step":7,"t":"2026-09-17T22:38:44.127Z"}
{"level":"info","event":"action","runId":"5156ae70-faa2-410d-9b00-5def2a42d982","type":"challenge","rationale":"Disconfirm material conclusion: A primary source that directly contradicts this conclusion.","step":8,"t":"2026-09-17T22:38:44.146Z"}
{"level":"info","event":"action","runId":"5156ae70-faa2-410d-9b00-5def2a42d982","type":"challenge","rationale":"Disconfirm material conclusion: A primary source that directly contradicts this conclusion.","step":9,"t":"2026-09-17T22:38:44.163Z"}
{"level":"info","event":"action","runId":"5156ae70-faa2-410d-9b00-5def2a42d982","type":"challenge","rationale":"Disconfirm material conclusion: A primary source that directly contradicts this conclusion.","step":10,"t":"2026-09-17T22:38:44.179Z"}
{"level":"info","event":"action","runId":"5156ae70-faa2-410d-9b00-5def2a42d982","type":"challenge","rationale":"No counterexample found in accessed primary sources. This is not proof that the conclusion is true.","step":11,"t":"2026-09-17T22:38:44.195Z"}
{"level":"info","event":"action","runId":"5156ae70-faa2-410d-9b00-5def2a42d982","type":"stop","rationale":"Repeated searches returned no novel source family or coverage progress","step":12,"t":"2026-09-17T22:38:44.207Z"}
{"level":"info","event":"action","runId":"cfe6f853-13b8-4db7-b64e-d245a9568ebf","type":"search","rationale":"Investigate an uncovered required question","step":0,"t":"2026-09-17T22:38:44.709Z"}
{"level":"info","event":"action","runId":"cfe6f853-13b8-4db7-b64e-d245a9568ebf","type":"fetch","rationale":"Inspect an already-known source before another generic query","step":1,"t":"2026-09-17T22:38:44.728Z"}
{"level":"info","event":"action","runId":"cfe6f853-13b8-4db7-b64e-d245a9568ebf","type":"fetch","rationale":"Inspect an already-known source before another generic query","step":2,"t":"2026-09-17T22:38:44.740Z"}
{"level":"info","event":"action","runId":"cfe6f853-13b8-4db7-b64e-d245a9568ebf","type":"fetch","rationale":"Inspect an already-known source before another generic query","step":3,"t":"2026-09-17T22:38:44.752Z"}
{"level":"info","event":"action","runId":"cfe6f853-13b8-4db7-b64e-d245a9568ebf","type":"challenge","rationale":"Disconfirm material conclusion: A primary source that directly contradicts this conclusion.","step":4,"t":"2026-09-17T22:38:44.769Z"}
{"level":"info","event":"action","runId":"cfe6f853-13b8-4db7-b64e-d245a9568ebf","type":"challenge","rationale":"No counterexample found in accessed primary sources. This is not proof that the conclusion is true.","step":5,"t":"2026-09-17T22:38:44.787Z"}
{"level":"info","event":"action","runId":"cfe6f853-13b8-4db7-b64e-d245a9568ebf","type":"synthesize","rationale":"decision_critical_gaps_resolved_or_unresolvable; high-impact claims supported or qualified; contradictions handled; remaining actions low expected value","step":6,"t":"2026-09-17T22:38:44.800Z"}
{"level":"info","event":"action","runId":"5064a91a-7d51-4943-831a-b842f4e935b0","type":"search","rationale":"Investigate an uncovered required question","step":0,"t":"2026-09-17T22:38:45.073Z"}
{"level":"info","event":"action","runId":"5064a91a-7d51-4943-831a-b842f4e935b0","type":"fetch","rationale":"Inspect an already-known source before another generic query","step":1,"t":"2026-09-17T22:38:45.091Z"}
{"level":"info","event":"action","runId":"5064a91a-7d51-4943-831a-b842f4e935b0","type":"fetch","rationale":"Inspect an already-known source before another generic query","step":2,"t":"2026-09-17T22:38:45.110Z"}
{"level":"info","event":"action","runId":"5064a91a-7d51-4943-831a-b842f4e935b0","type":"fetch","rationale":"Inspect an already-known source before another generic query","step":3,"t":"2026-09-17T22:38:45.130Z"}
{"level":"info","event":"action","runId":"5064a91a-7d51-4943-831a-b842f4e935b0","type":"challenge","rationale":"Disconfirm material conclusion: A hard-constraint violation for a candidate currently marked eligible.","step":4,"t":"2026-09-17T22:38:45.146Z"}
{"level":"info","event":"action","runId":"5064a91a-7d51-4943-831a-b842f4e935b0","type":"challenge","rationale":"No counterexample found in accessed primary sources. This is not proof that the conclusion is true.","step":5,"t":"2026-09-17T22:38:45.158Z"}
{"level":"info","event":"action","runId":"5064a91a-7d51-4943-831a-b842f4e935b0","type":"synthesize","rationale":"decision_critical_gaps_resolved_or_unresolvable; high-impact claims supported or qualified; contradictions handled; remaining actions low expected value","step":6,"t":"2026-09-17T22:38:45.172Z"}
{"level":"info","event":"action","runId":"849929fb-c68c-4e36-b5bf-6ed43d57529c","type":"search","rationale":"Investigate an uncovered required question","step":0,"t":"2026-09-17T22:38:45.560Z"}
{"level":"info","event":"action","runId":"849929fb-c68c-4e36-b5bf-6ed43d57529c","type":"fetch","rationale":"Inspect an already-known source before another generic query","step":1,"t":"2026-09-17T22:38:45.601Z"}
{"level":"info","event":"action","runId":"849929fb-c68c-4e36-b5bf-6ed43d57529c","type":"fetch","rationale":"Inspect an already-known source before another generic query","step":2,"t":"2026-09-17T22:38:45.634Z"}
{"level":"info","event":"action","runId":"849929fb-c68c-4e36-b5bf-6ed43d57529c","type":"fetch","rationale":"Inspect an already-known source before another generic query","step":3,"t":"2026-09-17T22:38:45.672Z"}
{"level":"info","event":"action","runId":"849929fb-c68c-4e36-b5bf-6ed43d57529c","type":"challenge","rationale":"Disconfirm material conclusion: A primary source that directly contradicts this conclusion.","step":4,"t":"2026-09-17T22:38:45.709Z"}
{"level":"info","event":"action","runId":"849929fb-c68c-4e36-b5bf-6ed43d57529c","type":"challenge","rationale":"No counterexample found in accessed primary sources. This is not proof that the conclusion is true.","step":5,"t":"2026-09-17T22:38:45.737Z"}
{"level":"info","event":"action","runId":"849929fb-c68c-4e36-b5bf-6ed43d57529c","type":"synthesize","rationale":"decision_critical_gaps_resolved_or_unresolvable; high-impact claims supported or qualified; contradictions handled; remaining actions low expected value","step":6,"t":"2026-09-17T22:38:45.762Z"}
{"level":"info","event":"action","runId":"22915322-0c9e-49f8-afbf-c1993f6352b3","type":"search","rationale":"Investigate an uncovered required question","step":0,"t":"2026-09-17T22:38:46.071Z"}
{"level":"info","event":"action","runId":"22915322-0c9e-49f8-afbf-c1993f6352b3","type":"fetch","rationale":"Inspect an already-known source before another generic query","step":1,"t":"2026-09-17T22:38:46.087Z"}
{"level":"info","event":"action","runId":"22915322-0c9e-49f8-afbf-c1993f6352b3","type":"fetch","rationale":"Inspect an already-known source before another generic query","step":2,"t":"2026-09-17T22:38:46.103Z"}
{"level":"info","event":"action","runId":"22915322-0c9e-49f8-afbf-c1993f6352b3","type":"fetch","rationale":"Inspect an already-known source before another generic query","step":3,"t":"2026-09-17T22:38:46.117Z"}
{"level":"info","event":"action","runId":"22915322-0c9e-49f8-afbf-c1993f6352b3","type":"challenge","rationale":"Disconfirm material conclusion: A hard-constraint violation for a candidate currently marked eligible.","step":4,"t":"2026-09-17T22:38:46.131Z"}
{"level":"info","event":"action","runId":"22915322-0c9e-49f8-afbf-c1993f6352b3","type":"challenge","rationale":"No counterexample found in accessed primary sources. This is not proof that the conclusion is true.","step":5,"t":"2026-09-17T22:38:46.146Z"}
{"level":"info","event":"action","runId":"22915322-0c9e-49f8-afbf-c1993f6352b3","type":"synthesize","rationale":"decision_critical_gaps_resolved_or_unresolvable; high-impact claims supported or qualified; contradictions handled; remaining actions low expected value","step":6,"t":"2026-09-17T22:38:46.157Z"}
{"level":"info","event":"action","runId":"11150a2c-0075-47b1-b89c-e5b01b15ec6d","type":"search","rationale":"Investigate an uncovered required question","step":0,"t":"2026-09-17T22:38:46.682Z"}
{"level":"info","event":"action","runId":"11150a2c-0075-47b1-b89c-e5b01b15ec6d","type":"fetch","rationale":"Inspect an already-known source before another generic query","step":1,"t":"2026-09-17T22:38:46.705Z"}
{"level":"info","event":"action","runId":"11150a2c-0075-47b1-b89c-e5b01b15ec6d","type":"fetch","rationale":"Inspect an already-known source before another generic query","step":2,"t":"2026-09-17T22:38:46.721Z"}
{"level":"info","event":"action","runId":"11150a2c-0075-47b1-b89c-e5b01b15ec6d","type":"fetch","rationale":"Inspect an already-known source before another generic query","step":3,"t":"2026-09-17T22:38:46.737Z"}
{"level":"info","event":"action","runId":"11150a2c-0075-47b1-b89c-e5b01b15ec6d","type":"challenge","rationale":"Disconfirm material conclusion: A primary source that directly contradicts this conclusion.","step":4,"t":"2026-09-17T22:38:46.754Z"}
{"level":"info","event":"action","runId":"11150a2c-0075-47b1-b89c-e5b01b15ec6d","type":"challenge","rationale":"No counterexample found in accessed primary sources. This is not proof that the conclusion is true.","step":5,"t":"2026-09-17T22:38:46.767Z"}
{"level":"info","event":"action","runId":"11150a2c-0075-47b1-b89c-e5b01b15ec6d","type":"synthesize","rationale":"decision_critical_gaps_resolved_or_unresolvable; high-impact claims supported or qualified; contradictions handled; remaining actions low expected value","step":6,"t":"2026-09-17T22:38:46.777Z"}
{"level":"info","event":"action","runId":"6808f25e-c8a3-4eee-8bc2-2ea1d3b34675","type":"search","rationale":"Investigate an uncovered required question","step":0,"t":"2026-09-17T22:38:47.071Z"}
{"level":"info","event":"action","runId":"6808f25e-c8a3-4eee-8bc2-2ea1d3b34675","type":"fetch","rationale":"Inspect an already-known source before another generic query","step":1,"t":"2026-09-17T22:38:47.090Z"}
{"level":"info","event":"action","runId":"6808f25e-c8a3-4eee-8bc2-2ea1d3b34675","type":"fetch","rationale":"Inspect an already-known source before another generic query","step":2,"t":"2026-09-17T22:38:47.105Z"}
{"level":"info","event":"action","runId":"6808f25e-c8a3-4eee-8bc2-2ea1d3b34675","type":"challenge","rationale":"Disconfirm material conclusion: A primary source that directly contradicts this conclusion.","step":3,"t":"2026-09-17T22:38:47.120Z"}
{"level":"info","event":"action","runId":"6808f25e-c8a3-4eee-8bc2-2ea1d3b34675","type":"challenge","rationale":"Disconfirm material conclusion: A primary source that directly contradicts this conclusion.","step":4,"t":"2026-09-17T22:38:47.139Z"}
{"level":"info","event":"action","runId":"6808f25e-c8a3-4eee-8bc2-2ea1d3b34675","type":"challenge","rationale":"Disconfirm material conclusion: A primary source that directly contradicts this conclusion.","step":5,"t":"2026-09-17T22:38:47.157Z"}
{"level":"info","event":"action","runId":"6808f25e-c8a3-4eee-8bc2-2ea1d3b34675","type":"challenge","rationale":"Disconfirm material conclusion: A primary source that directly contradicts this conclusion.","step":6,"t":"2026-09-17T22:38:47.172Z"}
{"level":"info","event":"action","runId":"6808f25e-c8a3-4eee-8bc2-2ea1d3b34675","type":"challenge","rationale":"Disconfirm material conclusion: A primary source that directly contradicts this conclusion.","step":7,"t":"2026-09-17T22:38:47.185Z"}
{"level":"info","event":"action","runId":"6808f25e-c8a3-4eee-8bc2-2ea1d3b34675","type":"challenge","rationale":"Disconfirm material conclusion: A primary source that directly contradicts this conclusion.","step":8,"t":"2026-09-17T22:38:47.199Z"}
{"level":"info","event":"action","runId":"6808f25e-c8a3-4eee-8bc2-2ea1d3b34675","type":"challenge","rationale":"Disconfirm material conclusion: A primary source that directly contradicts this conclusion.","step":9,"t":"2026-09-17T22:38:47.213Z"}
{"level":"info","event":"action","runId":"6808f25e-c8a3-4eee-8bc2-2ea1d3b34675","type":"challenge","rationale":"No counterexample found in accessed primary sources. This is not proof that the conclusion is true.","step":10,"t":"2026-09-17T22:38:47.232Z"}
{"level":"info","event":"action","runId":"6808f25e-c8a3-4eee-8bc2-2ea1d3b34675","type":"stop","rationale":"Repeated searches returned no novel source family or coverage progress","step":11,"t":"2026-09-17T22:38:47.242Z"}
{"level":"info","event":"action","runId":"1c2892a3-3732-4614-83ce-8cd9db60f26e","type":"search","rationale":"Investigate an uncovered required question","step":0,"t":"2026-09-17T22:38:47.755Z"}
{"level":"info","event":"action","runId":"1c2892a3-3732-4614-83ce-8cd9db60f26e","type":"fetch","rationale":"Inspect an already-known source before another generic query","step":1,"t":"2026-09-17T22:38:47.775Z"}
{"level":"info","event":"action","runId":"1c2892a3-3732-4614-83ce-8cd9db60f26e","type":"fetch","rationale":"Inspect an already-known source before another generic query","step":2,"t":"2026-09-17T22:38:47.787Z"}
{"level":"info","event":"action","runId":"1c2892a3-3732-4614-83ce-8cd9db60f26e","type":"fetch","rationale":"Inspect an already-known source before another generic query","step":3,"t":"2026-09-17T22:38:47.799Z"}
{"level":"info","event":"action","runId":"1c2892a3-3732-4614-83ce-8cd9db60f26e","type":"challenge","rationale":"Disconfirm material conclusion: A primary source that directly contradicts this conclusion.","step":4,"t":"2026-09-17T22:38:47.817Z"}
{"level":"info","event":"action","runId":"1c2892a3-3732-4614-83ce-8cd9db60f26e","type":"challenge","rationale":"No counterexample found in accessed primary sources. This is not proof that the conclusion is true.","step":5,"t":"2026-09-17T22:38:47.829Z"}
{"level":"info","event":"action","runId":"1c2892a3-3732-4614-83ce-8cd9db60f26e","type":"synthesize","rationale":"decision_critical_gaps_resolved_or_unresolvable; high-impact claims supported or qualified; contradictions handled; remaining actions low expected value","step":6,"t":"2026-09-17T22:38:47.838Z"}
{"level":"info","event":"action","runId":"fcdb9e3f-3955-4bae-91c8-b35c7c1bd62a","type":"search","rationale":"Investigate an uncovered required question","step":0,"t":"2026-09-17T22:38:48.343Z"}
{"level":"info","event":"action","runId":"fcdb9e3f-3955-4bae-91c8-b35c7c1bd62a","type":"fetch","rationale":"Inspect an already-known source before another generic query","step":1,"t":"2026-09-17T22:38:48.361Z"}
{"level":"info","event":"action","runId":"fcdb9e3f-3955-4bae-91c8-b35c7c1bd62a","type":"fetch","rationale":"Inspect an already-known source before another generic query","step":2,"t":"2026-09-17T22:38:48.372Z"}
{"level":"info","event":"action","runId":"fcdb9e3f-3955-4bae-91c8-b35c7c1bd62a","type":"fetch","rationale":"Inspect an already-known source before another generic query","step":3,"t":"2026-09-17T22:38:48.384Z"}
{"level":"info","event":"action","runId":"fcdb9e3f-3955-4bae-91c8-b35c7c1bd62a","type":"fetch","rationale":"Inspect an already-known source before another generic query","step":4,"t":"2026-09-17T22:38:48.394Z"}
{"level":"info","event":"action","runId":"fcdb9e3f-3955-4bae-91c8-b35c7c1bd62a","type":"fetch","rationale":"Inspect an already-known source before another generic query","step":5,"t":"2026-09-17T22:38:48.408Z"}
{"level":"info","event":"action","runId":"fcdb9e3f-3955-4bae-91c8-b35c7c1bd62a","type":"challenge","rationale":"Disconfirm material conclusion: A primary source that directly contradicts this conclusion.","step":6,"t":"2026-09-17T22:38:48.421Z"}
{"level":"info","event":"action","runId":"fcdb9e3f-3955-4bae-91c8-b35c7c1bd62a","type":"challenge","rationale":"No counterexample found in accessed primary sources. This is not proof that the conclusion is true.","step":7,"t":"2026-09-17T22:38:48.434Z"}
{"level":"info","event":"action","runId":"fcdb9e3f-3955-4bae-91c8-b35c7c1bd62a","type":"synthesize","rationale":"decision_critical_gaps_resolved_or_unresolvable; high-impact claims supported or qualified; contradictions handled; remaining actions low expected value","step":8,"t":"2026-09-17T22:38:48.446Z"}
{"level":"info","event":"action","runId":"5db8e4fc-c535-41ff-8d9d-b961f70be908","type":"search","rationale":"Investigate an uncovered required question","step":0,"t":"2026-09-17T22:38:48.949Z"}
{"level":"info","event":"action","runId":"5db8e4fc-c535-41ff-8d9d-b961f70be908","type":"fetch","rationale":"Inspect an already-known source before another generic query","step":1,"t":"2026-09-17T22:38:48.961Z"}
{"level":"info","event":"action","runId":"5db8e4fc-c535-41ff-8d9d-b961f70be908","type":"challenge","rationale":"Disconfirm material conclusion: A primary source that directly contradicts this conclusion.","step":2,"t":"2026-09-17T22:38:48.972Z"}
{"level":"info","event":"action","runId":"5db8e4fc-c535-41ff-8d9d-b961f70be908","type":"challenge","rationale":"No counterexample found in accessed primary sources. This is not proof that the conclusion is true.","step":3,"t":"2026-09-17T22:38:48.984Z"}
{"level":"info","event":"action","runId":"5db8e4fc-c535-41ff-8d9d-b961f70be908","type":"synthesize","rationale":"decision_critical_gaps_resolved_or_unresolvable; high-impact claims supported or qualified; contradictions handled; remaining actions low expected value","step":4,"t":"2026-09-17T22:38:48.993Z"}
{"level":"info","event":"action","runId":"0f209ca7-e799-4989-b511-098f5c2445b8","type":"search","rationale":"Investigate an uncovered required question","step":0,"t":"2026-09-17T22:38:49.994Z"}
{"level":"info","event":"action","runId":"0f209ca7-e799-4989-b511-098f5c2445b8","type":"fetch","rationale":"Inspect an already-known source before another generic query","step":1,"t":"2026-09-17T22:38:50.015Z"}
{"level":"info","event":"action","runId":"0f209ca7-e799-4989-b511-098f5c2445b8","type":"fetch","rationale":"Inspect an already-known source before another generic query","step":2,"t":"2026-09-17T22:38:50.028Z"}
{"level":"info","event":"action","runId":"0f209ca7-e799-4989-b511-098f5c2445b8","type":"fetch","rationale":"Inspect an already-known source before another generic query","step":3,"t":"2026-09-17T22:38:50.039Z"}
{"level":"info","event":"action","runId":"0f209ca7-e799-4989-b511-098f5c2445b8","type":"fetch","rationale":"Inspect an already-known source before another generic query","step":4,"t":"2026-09-17T22:38:50.050Z"}
{"level":"info","event":"action","runId":"0f209ca7-e799-4989-b511-098f5c2445b8","type":"fetch","rationale":"Inspect an already-known source before another generic query","step":5,"t":"2026-09-17T22:38:50.062Z"}
{"level":"info","event":"action","runId":"0f209ca7-e799-4989-b511-098f5c2445b8","type":"challenge","rationale":"Disconfirm material conclusion: A primary source that directly contradicts this conclusion.","step":6,"t":"2026-09-17T22:38:50.073Z"}
{"level":"info","event":"action","runId":"0f209ca7-e799-4989-b511-098f5c2445b8","type":"challenge","rationale":"No counterexample found in accessed primary sources. This is not proof that the conclusion is true.","step":7,"t":"2026-09-17T22:38:50.085Z"}
{"level":"info","event":"action","runId":"0f209ca7-e799-4989-b511-098f5c2445b8","type":"synthesize","rationale":"decision_critical_gaps_resolved_or_unresolvable; high-impact claims supported or qualified; contradictions handled; remaining actions low expected value","step":8,"t":"2026-09-17T22:38:50.095Z"}
 ✓ test/launch-scope.integration.test.ts (19 tests) 14488ms
   ✓ launch-scope fixture/postgres cases > R02 asks a jurisdiction question when it would change the answer  401ms
   ✓ launch-scope fixture/postgres cases > R03 does not interview a clear comparison over style  674ms
   ✓ launch-scope fixture/postgres cases > R07 keeps a paywalled page snippet-only and does not claim a full read  583ms
   ✓ launch-scope fixture/postgres cases > R11 records a real price contradiction without averaging  594ms
   ✓ launch-scope fixture/postgres cases > R14 budget-limited outcome is not marked comprehensive  547ms
   ✓ launch-scope fixture/postgres cases > R22 preserves a reproducible annual cost calculation  654ms
   ✓ launch-scope fixture/postgres cases > V2-01 uses the compatibility matrix, not summary count  852ms
   ✓ launch-scope fixture/postgres cases > V2-02 / R08 switches source type after summary-family saturation  729ms
   ✓ launch-scope fixture/postgres cases > V2-04 relaxed budget discovers a previously omitted candidate  1002ms
   ✓ launch-scope fixture/postgres cases > V2-05 recomputes a corrected numeric unit  867ms
   ✓ launch-scope fixture/postgres cases > V2-06 unknown dependency completeness forces a full rerun flag  1363ms
   ✓ launch-scope fixture/postgres cases > P2 selective budget reopen is not a full rerun; unknown-dependency correction is; both 120 EUR paths find Vendor C  1966ms
   ✓ launch-scope fixture/postgres cases > P2 a non-budget correction does not reopen candidate discovery or add Vendor C  1077ms
   ✓ launch-scope fixture/postgres cases > V2-18 distinguishes no eligible inspected option from universal absence  599ms
   ✓ launch-scope fixture/postgres cases > E07 denies another account's evidence id  595ms
   ✓ launch-scope fixture/postgres cases > S04 does not leave raw script markup in the canonical report  538ms
   ✓ launch-scope fixture/postgres cases > challenge and markdown export use the same stored report  624ms
{"level":"info","event":"action","runId":"6ab75bc8-083c-404a-b379-93dca7ab7d49","type":"search","rationale":"Investigate an uncovered required question","step":0,"t":"2026-09-17T22:38:51.306Z"}
{"level":"info","event":"action","runId":"6ab75bc8-083c-404a-b379-93dca7ab7d49","type":"fetch","rationale":"Inspect an already-known source before another generic query","step":1,"t":"2026-09-17T22:38:51.341Z"}
{"level":"info","event":"action","runId":"6ab75bc8-083c-404a-b379-93dca7ab7d49","type":"fetch","rationale":"Inspect an already-known source before another generic query","step":2,"t":"2026-09-17T22:38:51.358Z"}
{"level":"info","event":"action","runId":"6ab75bc8-083c-404a-b379-93dca7ab7d49","type":"fetch","rationale":"Inspect an already-known source before another generic query","step":3,"t":"2026-09-17T22:38:51.373Z"}
{"level":"info","event":"action","runId":"6ab75bc8-083c-404a-b379-93dca7ab7d49","type":"challenge","rationale":"Disconfirm material conclusion: A primary source that directly contradicts this conclusion.","step":4,"t":"2026-09-17T22:38:51.394Z"}
{"level":"info","event":"action","runId":"6ab75bc8-083c-404a-b379-93dca7ab7d49","type":"challenge","rationale":"No counterexample found in accessed primary sources. This is not proof that the conclusion is true.","step":5,"t":"2026-09-17T22:38:51.410Z"}
{"level":"info","event":"action","runId":"6ab75bc8-083c-404a-b379-93dca7ab7d49","type":"synthesize","rationale":"decision_critical_gaps_resolved_or_unresolvable; high-impact claims supported or qualified; contradictions handled; remaining actions low expected value","step":6,"t":"2026-09-17T22:38:51.426Z"}
{"level":"info","event":"action","runId":"967d046a-1520-49f7-8196-d32ac06ac09a","type":"search","rationale":"Investigate an uncovered required question","step":0,"t":"2026-09-17T22:38:51.968Z"}
{"level":"info","event":"action","runId":"967d046a-1520-49f7-8196-d32ac06ac09a","type":"fetch","rationale":"Inspect an already-known source before another generic query","step":1,"t":"2026-09-17T22:38:51.985Z"}
{"level":"info","event":"action","runId":"967d046a-1520-49f7-8196-d32ac06ac09a","type":"challenge","rationale":"Disconfirm material conclusion: A current official catalog entry for the named product.","step":2,"t":"2026-09-17T22:38:51.999Z"}
{"level":"info","event":"action","runId":"967d046a-1520-49f7-8196-d32ac06ac09a","type":"challenge","rationale":"No counterexample found in accessed primary sources. This is not proof that the conclusion is true.","step":3,"t":"2026-09-17T22:38:52.013Z"}
{"level":"info","event":"action","runId":"967d046a-1520-49f7-8196-d32ac06ac09a","type":"synthesize","rationale":"decision_critical_gaps_resolved_or_unresolvable; high-impact claims supported or qualified; contradictions handled; remaining actions low expected value","step":4,"t":"2026-09-17T22:38:52.026Z"}
{"level":"info","event":"action","runId":"bc88d244-528e-45f1-bb9c-847b67bd2166","type":"search","rationale":"Investigate an uncovered required question","step":0,"t":"2026-09-17T22:38:52.546Z"}
{"level":"info","event":"action","runId":"bc88d244-528e-45f1-bb9c-847b67bd2166","type":"fetch","rationale":"Inspect an already-known source before another generic query","step":1,"t":"2026-09-17T22:38:52.567Z"}
{"level":"info","event":"action","runId":"bc88d244-528e-45f1-bb9c-847b67bd2166","type":"fetch","rationale":"Inspect an already-known source before another generic query","step":2,"t":"2026-09-17T22:38:52.580Z"}
{"level":"info","event":"action","runId":"bc88d244-528e-45f1-bb9c-847b67bd2166","type":"fetch","rationale":"Inspect an already-known source before another generic query","step":3,"t":"2026-09-17T22:38:52.594Z"}
{"level":"info","event":"action","runId":"bc88d244-528e-45f1-bb9c-847b67bd2166","type":"fetch","rationale":"Inspect an already-known source before another generic query","step":4,"t":"2026-09-17T22:38:52.607Z"}
{"level":"info","event":"action","runId":"bc88d244-528e-45f1-bb9c-847b67bd2166","type":"fetch","rationale":"Inspect an already-known source before another generic query","step":5,"t":"2026-09-17T22:38:52.620Z"}
{"level":"info","event":"action","runId":"bc88d244-528e-45f1-bb9c-847b67bd2166","type":"challenge","rationale":"Disconfirm material conclusion: A primary source that directly contradicts this conclusion.","step":6,"t":"2026-09-17T22:38:52.637Z"}
{"level":"info","event":"action","runId":"bc88d244-528e-45f1-bb9c-847b67bd2166","type":"challenge","rationale":"No counterexample found in accessed primary sources. This is not proof that the conclusion is true.","step":7,"t":"2026-09-17T22:38:52.650Z"}
{"level":"info","event":"action","runId":"bc88d244-528e-45f1-bb9c-847b67bd2166","type":"synthesize","rationale":"decision_critical_gaps_resolved_or_unresolvable; high-impact claims supported or qualified; contradictions handled; remaining actions low expected value","step":8,"t":"2026-09-17T22:38:52.660Z"}
{"level":"info","event":"action","runId":"1dad6512-cfb7-4dc6-b0a7-607b728afeec","type":"search","rationale":"Initial dataset excludes the user's stated population; pivot source type","step":0,"t":"2026-09-17T22:38:53.158Z"}
{"level":"info","event":"action","runId":"1dad6512-cfb7-4dc6-b0a7-607b728afeec","type":"search","rationale":"Decision-blocking gap: population-specific evidence. Switching source type to population-specific.","step":1,"t":"2026-09-17T22:38:53.174Z"}
{"level":"info","event":"action","runId":"1dad6512-cfb7-4dc6-b0a7-607b728afeec","type":"search","rationale":"Decision-blocking gap: population-specific evidence. Switching source type to population-specific.","step":2,"t":"2026-09-17T22:38:53.186Z"}
{"level":"info","event":"action","runId":"1dad6512-cfb7-4dc6-b0a7-607b728afeec","type":"search","rationale":"Decision-blocking gap: population-specific evidence. Switching source type to population-specific.","step":3,"t":"2026-09-17T22:38:53.198Z"}
{"level":"info","event":"action","runId":"1dad6512-cfb7-4dc6-b0a7-607b728afeec","type":"search","rationale":"Decision-blocking gap: population-specific evidence. Switching source type to population-specific.","step":4,"t":"2026-09-17T22:38:53.210Z"}
{"level":"info","event":"action","runId":"1dad6512-cfb7-4dc6-b0a7-607b728afeec","type":"search","rationale":"Decision-blocking gap: population-specific evidence. Switching source type to population-specific.","step":5,"t":"2026-09-17T22:38:53.222Z"}
{"level":"info","event":"action","runId":"1dad6512-cfb7-4dc6-b0a7-607b728afeec","type":"search","rationale":"Decision-blocking gap: population-specific evidence. Switching source type to population-specific.","step":6,"t":"2026-09-17T22:38:53.236Z"}
{"level":"info","event":"action","runId":"1dad6512-cfb7-4dc6-b0a7-607b728afeec","type":"search","rationale":"Decision-blocking gap: population-specific evidence. Switching source type to population-specific.","step":7,"t":"2026-09-17T22:38:53.249Z"}
{"level":"info","event":"action","runId":"1dad6512-cfb7-4dc6-b0a7-607b728afeec","type":"fetch","rationale":"Inspect an already-known source before another generic query","step":8,"t":"2026-09-17T22:38:53.261Z"}
{"level":"info","event":"action","runId":"1dad6512-cfb7-4dc6-b0a7-607b728afeec","type":"fetch","rationale":"Inspect an already-known source before another generic query","step":9,"t":"2026-09-17T22:38:53.274Z"}
{"level":"info","event":"action","runId":"1dad6512-cfb7-4dc6-b0a7-607b728afeec","type":"challenge","rationale":"No counterexample found in accessed primary sources. This is not proof that the conclusion is true.","step":10,"t":"2026-09-17T22:38:53.287Z"}
{"level":"info","event":"action","runId":"1dad6512-cfb7-4dc6-b0a7-607b728afeec","type":"stop","rationale":"Repeated searches returned no novel source family or coverage progress","step":11,"t":"2026-09-17T22:38:53.297Z"}
{"level":"info","event":"action","runId":"231a91e9-632c-468e-a5e8-a96169093d25","type":"search","rationale":"Investigate an uncovered required question","step":0,"t":"2026-09-17T22:38:53.795Z"}
{"level":"info","event":"action","runId":"231a91e9-632c-468e-a5e8-a96169093d25","type":"fetch","rationale":"Inspect an already-known source before another generic query","step":1,"t":"2026-09-17T22:38:53.810Z"}
{"level":"info","event":"action","runId":"231a91e9-632c-468e-a5e8-a96169093d25","type":"challenge","rationale":"Disconfirm material conclusion: A primary source that directly contradicts this conclusion.","step":2,"t":"2026-09-17T22:38:53.821Z"}
{"level":"info","event":"action","runId":"231a91e9-632c-468e-a5e8-a96169093d25","type":"challenge","rationale":"No counterexample found in accessed primary sources. This is not proof that the conclusion is true.","step":3,"t":"2026-09-17T22:38:53.837Z"}
{"level":"info","event":"action","runId":"231a91e9-632c-468e-a5e8-a96169093d25","type":"synthesize","rationale":"decision_critical_gaps_resolved_or_unresolvable; high-impact claims supported or qualified; contradictions handled; remaining actions low expected value","step":4,"t":"2026-09-17T22:38:53.848Z"}
{"level":"info","event":"action","runId":"6f240995-69f9-4184-a61a-58ea5ac9fbd6","type":"search","rationale":"Investigate an uncovered required question","step":0,"t":"2026-09-17T22:38:54.340Z"}
{"level":"info","event":"action","runId":"6f240995-69f9-4184-a61a-58ea5ac9fbd6","type":"fetch","rationale":"Inspect an already-known source before another generic query","step":1,"t":"2026-09-17T22:38:54.360Z"}
{"level":"info","event":"action","runId":"6f240995-69f9-4184-a61a-58ea5ac9fbd6","type":"fetch","rationale":"Inspect an already-known source before another generic query","step":2,"t":"2026-09-17T22:38:54.371Z"}
{"level":"info","event":"action","runId":"6f240995-69f9-4184-a61a-58ea5ac9fbd6","type":"fetch","rationale":"Inspect an already-known source before another generic query","step":3,"t":"2026-09-17T22:38:54.383Z"}
{"level":"info","event":"action","runId":"6f240995-69f9-4184-a61a-58ea5ac9fbd6","type":"challenge","rationale":"Disconfirm material conclusion: A primary source that directly contradicts this conclusion.","step":4,"t":"2026-09-17T22:38:54.398Z"}
{"level":"info","event":"action","runId":"6f240995-69f9-4184-a61a-58ea5ac9fbd6","type":"challenge","rationale":"No counterexample found in accessed primary sources. This is not proof that the conclusion is true.","step":5,"t":"2026-09-17T22:38:54.410Z"}
{"level":"info","event":"action","runId":"6f240995-69f9-4184-a61a-58ea5ac9fbd6","type":"synthesize","rationale":"decision_critical_gaps_resolved_or_unresolvable; high-impact claims supported or qualified; contradictions handled; remaining actions low expected value","step":6,"t":"2026-09-17T22:38:54.420Z"}
{"level":"info","event":"action","runId":"79a88a12-2b4e-4e4e-bde9-7422ba65b66c","type":"search","rationale":"Investigate an uncovered required question","step":0,"t":"2026-09-17T22:38:54.947Z"}
{"level":"info","event":"action","runId":"79a88a12-2b4e-4e4e-bde9-7422ba65b66c","type":"fetch","rationale":"Inspect an already-known source before another generic query","step":1,"t":"2026-09-17T22:38:54.966Z"}
{"level":"info","event":"action","runId":"79a88a12-2b4e-4e4e-bde9-7422ba65b66c","type":"fetch","rationale":"Inspect an already-known source before another generic query","step":2,"t":"2026-09-17T22:38:54.977Z"}
{"level":"info","event":"action","runId":"79a88a12-2b4e-4e4e-bde9-7422ba65b66c","type":"fetch","rationale":"Inspect an already-known source before another generic query","step":3,"t":"2026-09-17T22:38:54.989Z"}
{"level":"info","event":"action","runId":"79a88a12-2b4e-4e4e-bde9-7422ba65b66c","type":"fetch","rationale":"Inspect an already-known source before another generic query","step":4,"t":"2026-09-17T22:38:55.000Z"}
{"level":"info","event":"action","runId":"79a88a12-2b4e-4e4e-bde9-7422ba65b66c","type":"fetch","rationale":"Inspect an already-known source before another generic query","step":5,"t":"2026-09-17T22:38:55.011Z"}
{"level":"info","event":"action","runId":"79a88a12-2b4e-4e4e-bde9-7422ba65b66c","type":"challenge","rationale":"Disconfirm material conclusion: A primary source that directly contradicts this conclusion.","step":6,"t":"2026-09-17T22:38:55.021Z"}
{"level":"info","event":"action","runId":"79a88a12-2b4e-4e4e-bde9-7422ba65b66c","type":"challenge","rationale":"No counterexample found in accessed primary sources. This is not proof that the conclusion is true.","step":7,"t":"2026-09-17T22:38:55.033Z"}
{"level":"info","event":"action","runId":"79a88a12-2b4e-4e4e-bde9-7422ba65b66c","type":"synthesize","rationale":"decision_critical_gaps_resolved_or_unresolvable; high-impact claims supported or qualified; contradictions handled; remaining actions low expected value","step":8,"t":"2026-09-17T22:38:55.045Z"}
{"level":"info","event":"action","runId":"e3942d8d-0846-428e-8d05-594967404fcd","type":"search","rationale":"Investigate an uncovered required question","step":0,"t":"2026-09-17T22:38:55.813Z"}
{"level":"info","event":"action","runId":"e3942d8d-0846-428e-8d05-594967404fcd","type":"fetch","rationale":"Inspect an already-known source before another generic query","step":0,"t":"2026-09-17T22:38:55.840Z"}
{"level":"info","event":"action","runId":"e3942d8d-0846-428e-8d05-594967404fcd","type":"fetch","rationale":"Inspect an already-known source before another generic query","step":1,"t":"2026-09-17T22:38:55.853Z"}
{"level":"info","event":"action","runId":"e3942d8d-0846-428e-8d05-594967404fcd","type":"fetch","rationale":"Inspect an already-known source before another generic query","step":2,"t":"2026-09-17T22:38:55.865Z"}
{"level":"info","event":"action","runId":"e3942d8d-0846-428e-8d05-594967404fcd","type":"challenge","rationale":"Disconfirm material conclusion: A primary source that directly contradicts this conclusion.","step":3,"t":"2026-09-17T22:38:55.879Z"}
{"level":"info","event":"action","runId":"e3942d8d-0846-428e-8d05-594967404fcd","type":"challenge","rationale":"No counterexample found in accessed primary sources. This is not proof that the conclusion is true.","step":4,"t":"2026-09-17T22:38:55.890Z"}
{"level":"info","event":"action","runId":"e3942d8d-0846-428e-8d05-594967404fcd","type":"synthesize","rationale":"decision_critical_gaps_resolved_or_unresolvable; high-impact claims supported or qualified; contradictions handled; remaining actions low expected value","step":5,"t":"2026-09-17T22:38:55.899Z"}
{"level":"info","event":"action","runId":"35a7f077-2654-4902-b507-c65e16c49038","type":"search","rationale":"Investigate an uncovered required question","step":0,"t":"2026-09-17T22:38:56.398Z"}
{"level":"info","event":"action","runId":"35a7f077-2654-4902-b507-c65e16c49038","type":"fetch","rationale":"Inspect an already-known source before another generic query","step":1,"t":"2026-09-17T22:38:56.416Z"}
{"level":"info","event":"action","runId":"35a7f077-2654-4902-b507-c65e16c49038","type":"fetch","rationale":"Inspect an already-known source before another generic query","step":2,"t":"2026-09-17T22:38:56.427Z"}
{"level":"info","event":"action","runId":"35a7f077-2654-4902-b507-c65e16c49038","type":"fetch","rationale":"Inspect an already-known source before another generic query","step":3,"t":"2026-09-17T22:38:56.439Z"}
{"level":"info","event":"action","runId":"35a7f077-2654-4902-b507-c65e16c49038","type":"challenge","rationale":"Disconfirm material conclusion: A primary source that directly contradicts this conclusion.","step":4,"t":"2026-09-17T22:38:56.455Z"}
{"level":"info","event":"action","runId":"35a7f077-2654-4902-b507-c65e16c49038","type":"challenge","rationale":"No counterexample found in accessed primary sources. This is not proof that the conclusion is true.","step":5,"t":"2026-09-17T22:38:56.467Z"}
{"level":"info","event":"action","runId":"35a7f077-2654-4902-b507-c65e16c49038","type":"synthesize","rationale":"decision_critical_gaps_resolved_or_unresolvable; high-impact claims supported or qualified; contradictions handled; remaining actions low expected value","step":6,"t":"2026-09-17T22:38:56.488Z"}
{"level":"info","event":"action","runId":"ebee92ec-b358-40e3-a66e-e132fd22cb1a","type":"search","rationale":"Investigate an uncovered required question","step":0,"t":"2026-09-17T22:38:56.786Z"}
{"level":"info","event":"action","runId":"ebee92ec-b358-40e3-a66e-e132fd22cb1a","type":"stop","rationale":"action type reveal_keys is not a permitted research action","step":1,"t":"2026-09-17T22:38:56.799Z"}
{"level":"info","event":"action","runId":"8bf44de2-114e-4db3-8594-d78c67c24d6c","type":"search","rationale":"Investigate an uncovered required question","step":0,"t":"2026-09-17T22:38:57.281Z"}
{"level":"info","event":"action","runId":"8bf44de2-114e-4db3-8594-d78c67c24d6c","type":"fetch","rationale":"Inspect an already-known source before another generic query","step":1,"t":"2026-09-17T22:38:57.300Z"}
{"level":"info","event":"action","runId":"8bf44de2-114e-4db3-8594-d78c67c24d6c","type":"fetch","rationale":"Inspect an already-known source before another generic query","step":2,"t":"2026-09-17T22:38:57.311Z"}
{"level":"info","event":"action","runId":"8bf44de2-114e-4db3-8594-d78c67c24d6c","type":"fetch","rationale":"Inspect an already-known source before another generic query","step":3,"t":"2026-09-17T22:38:57.321Z"}
{"level":"info","event":"action","runId":"8bf44de2-114e-4db3-8594-d78c67c24d6c","type":"challenge","rationale":"Disconfirm material conclusion: A primary source that directly contradicts this conclusion.","step":4,"t":"2026-09-17T22:38:57.335Z"}
{"level":"info","event":"action","runId":"8bf44de2-114e-4db3-8594-d78c67c24d6c","type":"challenge","rationale":"No counterexample found in accessed primary sources. This is not proof that the conclusion is true.","step":5,"t":"2026-09-17T22:38:57.346Z"}
{"level":"info","event":"action","runId":"8bf44de2-114e-4db3-8594-d78c67c24d6c","type":"synthesize","rationale":"decision_critical_gaps_resolved_or_unresolvable; high-impact claims supported or qualified; contradictions handled; remaining actions low expected value","step":6,"t":"2026-09-17T22:38:57.358Z"}
{"level":"info","event":"action","runId":"76103622-d948-408c-8aed-4572c12e6c92","type":"search","rationale":"Investigate an uncovered required question","step":0,"t":"2026-09-17T22:38:57.678Z"}
{"level":"info","event":"action","runId":"76103622-d948-408c-8aed-4572c12e6c92","type":"fetch","rationale":"Inspect an already-known source before another generic query","step":1,"t":"2026-09-17T22:38:57.696Z"}
{"level":"info","event":"action","runId":"76103622-d948-408c-8aed-4572c12e6c92","type":"fetch","rationale":"Inspect an already-known source before another generic query","step":2,"t":"2026-09-17T22:38:57.707Z"}
{"level":"info","event":"action","runId":"76103622-d948-408c-8aed-4572c12e6c92","type":"fetch","rationale":"Inspect an already-known source before another generic query","step":3,"t":"2026-09-17T22:38:57.718Z"}
{"level":"info","event":"action","runId":"76103622-d948-408c-8aed-4572c12e6c92","type":"challenge","rationale":"Disconfirm material conclusion: A primary source that directly contradicts this conclusion.","step":4,"t":"2026-09-17T22:38:57.732Z"}
{"level":"info","event":"action","runId":"76103622-d948-408c-8aed-4572c12e6c92","type":"challenge","rationale":"No counterexample found in accessed primary sources. This is not proof that the conclusion is true.","step":5,"t":"2026-09-17T22:38:57.744Z"}
{"level":"info","event":"action","runId":"76103622-d948-408c-8aed-4572c12e6c92","type":"synthesize","rationale":"decision_critical_gaps_resolved_or_unresolvable; high-impact claims supported or qualified; contradictions handled; remaining actions low expected value","step":6,"t":"2026-09-17T22:38:57.753Z"}
{"level":"info","event":"action","runId":"f8458ca0-4412-4dc5-944b-500e4f843e7a","type":"search","rationale":"Investigate an uncovered required question","step":0,"t":"2026-09-17T22:38:58.036Z"}
{"level":"info","event":"action","runId":"f8458ca0-4412-4dc5-944b-500e4f843e7a","type":"fetch","rationale":"Inspect an already-known source before another generic query","step":1,"t":"2026-09-17T22:38:58.057Z"}
{"level":"info","event":"action","runId":"f8458ca0-4412-4dc5-944b-500e4f843e7a","type":"fetch","rationale":"Inspect an already-known source before another generic query","step":2,"t":"2026-09-17T22:38:58.069Z"}
{"level":"info","event":"action","runId":"f8458ca0-4412-4dc5-944b-500e4f843e7a","type":"fetch","rationale":"Inspect an already-known source before another generic query","step":3,"t":"2026-09-17T22:38:58.081Z"}
{"level":"info","event":"action","runId":"f8458ca0-4412-4dc5-944b-500e4f843e7a","type":"challenge","rationale":"Disconfirm material conclusion: A primary source that directly contradicts this conclusion.","step":4,"t":"2026-09-17T22:38:58.095Z"}
{"level":"info","event":"action","runId":"f8458ca0-4412-4dc5-944b-500e4f843e7a","type":"challenge","rationale":"No counterexample found in accessed primary sources. This is not proof that the conclusion is true.","step":5,"t":"2026-09-17T22:38:58.106Z"}
{"level":"info","event":"action","runId":"f8458ca0-4412-4dc5-944b-500e4f843e7a","type":"synthesize","rationale":"decision_critical_gaps_resolved_or_unresolvable; high-impact claims supported or qualified; contradictions handled; remaining actions low expected value","step":6,"t":"2026-09-17T22:38:58.116Z"}
{"level":"info","event":"action","runId":"76047d8a-a55f-41b7-bbff-8150ece6fe15","type":"search","rationale":"Investigate an uncovered required question","step":0,"t":"2026-09-17T22:38:58.374Z"}
{"level":"info","event":"action","runId":"76047d8a-a55f-41b7-bbff-8150ece6fe15","type":"fetch","rationale":"Inspect an already-known source before another generic query","step":1,"t":"2026-09-17T22:38:58.387Z"}
{"level":"info","event":"action","runId":"76047d8a-a55f-41b7-bbff-8150ece6fe15","type":"fetch","rationale":"Inspect an already-known source before another generic query","step":2,"t":"2026-09-17T22:38:58.399Z"}
{"level":"info","event":"action","runId":"76047d8a-a55f-41b7-bbff-8150ece6fe15","type":"fetch","rationale":"Inspect an already-known source before another generic query","step":3,"t":"2026-09-17T22:38:58.410Z"}
{"level":"info","event":"action","runId":"76047d8a-a55f-41b7-bbff-8150ece6fe15","type":"challenge","rationale":"Disconfirm material conclusion: A hard-constraint violation for a candidate currently marked eligible.","step":4,"t":"2026-09-17T22:38:58.421Z"}
{"level":"info","event":"action","runId":"76047d8a-a55f-41b7-bbff-8150ece6fe15","type":"challenge","rationale":"No counterexample found in accessed primary sources. This is not proof that the conclusion is true.","step":5,"t":"2026-09-17T22:38:58.433Z"}
{"level":"info","event":"action","runId":"76047d8a-a55f-41b7-bbff-8150ece6fe15","type":"synthesize","rationale":"decision_critical_gaps_resolved_or_unresolvable; high-impact claims supported or qualified; contradictions handled; remaining actions low expected value","step":6,"t":"2026-09-17T22:38:58.443Z"}
{"level":"info","event":"action","runId":"78c5d082-ce59-4b53-9488-b9bab2bec641","type":"challenge","rationale":"Disconfirm material conclusion: A primary source that directly contradicts this conclusion.","step":0,"t":"2026-09-17T22:38:58.954Z"}
{"level":"info","event":"action","runId":"78c5d082-ce59-4b53-9488-b9bab2bec641","type":"fetch","rationale":"Inspect an already-known source before another generic query","step":1,"t":"2026-09-17T22:38:58.974Z"}
{"level":"info","event":"action","runId":"78c5d082-ce59-4b53-9488-b9bab2bec641","type":"fetch","rationale":"Inspect an already-known source before another generic query","step":2,"t":"2026-09-17T22:38:58.985Z"}
{"level":"info","event":"action","runId":"78c5d082-ce59-4b53-9488-b9bab2bec641","type":"fetch","rationale":"Inspect an already-known source before another generic query","step":3,"t":"2026-09-17T22:38:58.996Z"}
{"level":"info","event":"action","runId":"78c5d082-ce59-4b53-9488-b9bab2bec641","type":"challenge","rationale":"No counterexample found in accessed primary sources. This is not proof that the conclusion is true.","step":4,"t":"2026-09-17T22:38:59.009Z"}
{"level":"info","event":"action","runId":"78c5d082-ce59-4b53-9488-b9bab2bec641","type":"synthesize","rationale":"decision_critical_gaps_resolved_or_unresolvable; high-impact claims supported or qualified; contradictions handled; remaining actions low expected value","step":5,"t":"2026-09-17T22:38:59.018Z"}
{"level":"info","event":"action","runId":"c53eea1d-0022-4d9e-a91c-1aedd6bbc0b3","type":"search","rationale":"Investigate an uncovered required question","step":0,"t":"2026-09-17T22:38:59.506Z"}
{"level":"info","event":"action","runId":"c53eea1d-0022-4d9e-a91c-1aedd6bbc0b3","type":"fetch","rationale":"Inspect an already-known source before another generic query","step":1,"t":"2026-09-17T22:38:59.529Z"}
{"level":"info","event":"action","runId":"c53eea1d-0022-4d9e-a91c-1aedd6bbc0b3","type":"fetch","rationale":"Inspect an already-known source before another generic query","step":2,"t":"2026-09-17T22:38:59.540Z"}
{"level":"info","event":"action","runId":"c53eea1d-0022-4d9e-a91c-1aedd6bbc0b3","type":"fetch","rationale":"Inspect an already-known source before another generic query","step":3,"t":"2026-09-17T22:38:59.551Z"}
{"level":"info","event":"action","runId":"c53eea1d-0022-4d9e-a91c-1aedd6bbc0b3","type":"fetch","rationale":"Inspect an already-known source before another generic query","step":4,"t":"2026-09-17T22:38:59.564Z"}
{"level":"info","event":"action","runId":"c53eea1d-0022-4d9e-a91c-1aedd6bbc0b3","type":"fetch","rationale":"Inspect an already-known source before another generic query","step":5,"t":"2026-09-17T22:38:59.575Z"}
{"level":"info","event":"action","runId":"c53eea1d-0022-4d9e-a91c-1aedd6bbc0b3","type":"challenge","rationale":"Disconfirm material conclusion: A primary source that directly contradicts this conclusion.","step":6,"t":"2026-09-17T22:38:59.586Z"}
{"level":"info","event":"action","runId":"c53eea1d-0022-4d9e-a91c-1aedd6bbc0b3","type":"challenge","rationale":"No counterexample found in accessed primary sources. This is not proof that the conclusion is true.","step":7,"t":"2026-09-17T22:38:59.597Z"}
{"level":"info","event":"action","runId":"c53eea1d-0022-4d9e-a91c-1aedd6bbc0b3","type":"synthesize","rationale":"decision_critical_gaps_resolved_or_unresolvable; high-impact claims supported or qualified; contradictions handled; remaining actions low expected value","step":8,"t":"2026-09-17T22:38:59.606Z"}
 ✓ test/p0-smoke.integration.test.ts (16 tests) 9038ms
   ✓ P0 smoke against shipped API/worker/postgres > R01 already-known constraint is stored and not re-asked  731ms
   ✓ P0 smoke against shipped API/worker/postgres > R04 false premise is reported and not invented  560ms
   ✓ P0 smoke against shipped API/worker/postgres > R05 source duplication clusters five reprints as one origin  625ms
   ✓ P0 smoke against shipped API/worker/postgres > R09 justified pivot opens a population-relevant source  633ms
   ✓ P0 smoke against shipped API/worker/postgres > R13 diminishing returns stops instead of exhausting a quota  550ms
   ✓ P0 smoke against shipped API/worker/postgres > E01 unknown citation ID blocks publication  597ms
   ✓ P0 smoke against shipped API/worker/postgres > E02 non-supporting citation is flagged  606ms
   ✓ P0 smoke against shipped API/worker/postgres > J03 crash after fetch recovers evidence without double settlement  593ms
   ✓ P0 smoke against shipped API/worker/postgres > J05 / V2-07 cancel during writing rejects late publication  382ms
   ✓ P0 smoke against shipped API/worker/postgres > S01 prompt injection cannot authorize tools or reveal keys  508ms
   ✓ P0 smoke against shipped API/worker/postgres > S09 deletion during run purges derived text and blocks resurrection  384ms
   ✓ P0 smoke against shipped API/worker/postgres > V2-08 stale worker lease cannot publish  374ms
   ✓ P0 smoke against shipped API/worker/postgres > correction reopens discovery when a hard budget constraint is relaxed  892ms
   ✓ P0 smoke against shipped API/worker/postgres > S05 private attachment canary is not copied into a public search query  572ms
   ✓ P0 smoke against shipped API/worker/postgres > GET events and report citations resolve to stored evidence IDs  588ms
{"level":"info","event":"action","runId":"87fac444-eb06-4d12-9bda-1e623a5b5a1b","type":"search","rationale":"Investigate an uncovered required question","step":0,"t":"2026-09-17T22:39:00.838Z"}
{"level":"info","event":"action","runId":"87fac444-eb06-4d12-9bda-1e623a5b5a1b","type":"fetch","rationale":"Inspect an already-known source before another generic query","step":1,"t":"2026-09-17T22:39:00.874Z"}
{"level":"info","event":"action","runId":"87fac444-eb06-4d12-9bda-1e623a5b5a1b","type":"fetch","rationale":"Inspect an already-known source before another generic query","step":2,"t":"2026-09-17T22:39:00.890Z"}
{"level":"info","event":"action","runId":"87fac444-eb06-4d12-9bda-1e623a5b5a1b","type":"fetch","rationale":"Inspect an already-known source before another generic query","step":3,"t":"2026-09-17T22:39:00.905Z"}
{"level":"info","event":"action","runId":"87fac444-eb06-4d12-9bda-1e623a5b5a1b","type":"fetch","rationale":"Inspect an already-known source before another generic query","step":4,"t":"2026-09-17T22:39:00.919Z"}
{"level":"info","event":"action","runId":"87fac444-eb06-4d12-9bda-1e623a5b5a1b","type":"fetch","rationale":"Inspect an already-known source before another generic query","step":5,"t":"2026-09-17T22:39:00.934Z"}
{"level":"info","event":"action","runId":"87fac444-eb06-4d12-9bda-1e623a5b5a1b","type":"challenge","rationale":"Disconfirm material conclusion: A primary source that directly contradicts this conclusion.","step":6,"t":"2026-09-17T22:39:00.948Z"}
{"level":"info","event":"action","runId":"87fac444-eb06-4d12-9bda-1e623a5b5a1b","type":"challenge","rationale":"No counterexample found in accessed primary sources. This is not proof that the conclusion is true.","step":7,"t":"2026-09-17T22:39:00.966Z"}
{"level":"info","event":"action","runId":"87fac444-eb06-4d12-9bda-1e623a5b5a1b","type":"synthesize","rationale":"decision_critical_gaps_resolved_or_unresolvable; high-impact claims supported or qualified; contradictions handled; remaining actions low expected value","step":8,"t":"2026-09-17T22:39:00.980Z"}
{"level":"info","event":"action","runId":"13782e41-1a1b-48d0-8257-77010167e52b","type":"challenge","rationale":"Disconfirm material conclusion: A primary source that directly contradicts this conclusion.","step":0,"t":"2026-09-17T22:39:01.558Z"}
{"level":"info","event":"action","runId":"13782e41-1a1b-48d0-8257-77010167e52b","type":"fetch","rationale":"Inspect an already-known source before another generic query","step":1,"t":"2026-09-17T22:39:01.589Z"}
{"level":"info","event":"action","runId":"13782e41-1a1b-48d0-8257-77010167e52b","type":"fetch","rationale":"Inspect an already-known source before another generic query","step":2,"t":"2026-09-17T22:39:01.604Z"}
{"level":"info","event":"action","runId":"13782e41-1a1b-48d0-8257-77010167e52b","type":"fetch","rationale":"Inspect an already-known source before another generic query","step":3,"t":"2026-09-17T22:39:01.618Z"}
{"level":"info","event":"action","runId":"13782e41-1a1b-48d0-8257-77010167e52b","type":"challenge","rationale":"No counterexample found in accessed primary sources. This is not proof that the conclusion is true.","step":4,"t":"2026-09-17T22:39:01.637Z"}
{"level":"info","event":"action","runId":"13782e41-1a1b-48d0-8257-77010167e52b","type":"synthesize","rationale":"decision_critical_gaps_resolved_or_unresolvable; high-impact claims supported or qualified; contradictions handled; remaining actions low expected value","step":5,"t":"2026-09-17T22:39:01.648Z"}
{"level":"info","event":"action","runId":"5445a551-a53f-4585-94c1-e6d309d976b3","type":"search","rationale":"Investigate an uncovered required question","step":0,"t":"2026-09-17T22:39:02.197Z"}
{"level":"info","event":"action","runId":"5445a551-a53f-4585-94c1-e6d309d976b3","type":"fetch","rationale":"Inspect an already-known source before another generic query","step":1,"t":"2026-09-17T22:39:02.218Z"}
{"level":"info","event":"action","runId":"5445a551-a53f-4585-94c1-e6d309d976b3","type":"fetch","rationale":"Inspect an already-known source before another generic query","step":2,"t":"2026-09-17T22:39:02.230Z"}
{"level":"info","event":"action","runId":"5445a551-a53f-4585-94c1-e6d309d976b3","type":"fetch","rationale":"Inspect an already-known source before another generic query","step":3,"t":"2026-09-17T22:39:02.243Z"}
{"level":"info","event":"action","runId":"5445a551-a53f-4585-94c1-e6d309d976b3","type":"challenge","rationale":"Disconfirm material conclusion: A primary source that directly contradicts this conclusion.","step":4,"t":"2026-09-17T22:39:02.260Z"}
{"level":"info","event":"action","runId":"5445a551-a53f-4585-94c1-e6d309d976b3","type":"challenge","rationale":"No counterexample found in accessed primary sources. This is not proof that the conclusion is true.","step":5,"t":"2026-09-17T22:39:02.274Z"}
{"level":"info","event":"action","runId":"5445a551-a53f-4585-94c1-e6d309d976b3","type":"synthesize","rationale":"decision_critical_gaps_resolved_or_unresolvable; high-impact claims supported or qualified; contradictions handled; remaining actions low expected value","step":6,"t":"2026-09-17T22:39:02.285Z"}
{"level":"info","event":"action","runId":"25b6d756-d00f-4d76-b0ca-1fc61bdb6105","type":"challenge","rationale":"Disconfirm material conclusion: A primary source that directly contradicts this conclusion.","step":0,"t":"2026-09-17T22:39:02.616Z"}
{"level":"info","event":"action","runId":"25b6d756-d00f-4d76-b0ca-1fc61bdb6105","type":"fetch","rationale":"Inspect an already-known source before another generic query","step":1,"t":"2026-09-17T22:39:02.637Z"}
{"level":"info","event":"action","runId":"25b6d756-d00f-4d76-b0ca-1fc61bdb6105","type":"fetch","rationale":"Inspect an already-known source before another generic query","step":2,"t":"2026-09-17T22:39:02.649Z"}
{"level":"info","event":"action","runId":"25b6d756-d00f-4d76-b0ca-1fc61bdb6105","type":"fetch","rationale":"Inspect an already-known source before another generic query","step":3,"t":"2026-09-17T22:39:02.662Z"}
{"level":"info","event":"action","runId":"25b6d756-d00f-4d76-b0ca-1fc61bdb6105","type":"challenge","rationale":"No counterexample found in accessed primary sources. This is not proof that the conclusion is true.","step":4,"t":"2026-09-17T22:39:02.680Z"}
{"level":"info","event":"action","runId":"25b6d756-d00f-4d76-b0ca-1fc61bdb6105","type":"synthesize","rationale":"decision_critical_gaps_resolved_or_unresolvable; high-impact claims supported or qualified; contradictions handled; remaining actions low expected value","step":5,"t":"2026-09-17T22:39:02.691Z"}
{"level":"info","event":"action","runId":"71f5417a-276f-47d7-a887-b0cc00304de6","type":"search","rationale":"Investigate an uncovered required question","step":0,"t":"2026-09-17T22:39:03.025Z"}
{"level":"info","event":"action","runId":"71f5417a-276f-47d7-a887-b0cc00304de6","type":"fetch","rationale":"Inspect an already-known source before another generic query","step":1,"t":"2026-09-17T22:39:03.046Z"}
{"level":"info","event":"action","runId":"71f5417a-276f-47d7-a887-b0cc00304de6","type":"fetch","rationale":"Inspect an already-known source before another generic query","step":2,"t":"2026-09-17T22:39:03.058Z"}
{"level":"info","event":"action","runId":"71f5417a-276f-47d7-a887-b0cc00304de6","type":"fetch","rationale":"Inspect an already-known source before another generic query","step":3,"t":"2026-09-17T22:39:03.071Z"}
{"level":"info","event":"action","runId":"71f5417a-276f-47d7-a887-b0cc00304de6","type":"challenge","rationale":"Disconfirm material conclusion: A primary source that directly contradicts this conclusion.","step":4,"t":"2026-09-17T22:39:03.089Z"}
{"level":"info","event":"action","runId":"71f5417a-276f-47d7-a887-b0cc00304de6","type":"challenge","rationale":"No counterexample found in accessed primary sources. This is not proof that the conclusion is true.","step":5,"t":"2026-09-17T22:39:03.102Z"}
{"level":"info","event":"action","runId":"71f5417a-276f-47d7-a887-b0cc00304de6","type":"synthesize","rationale":"decision_critical_gaps_resolved_or_unresolvable; high-impact claims supported or qualified; contradictions handled; remaining actions low expected value","step":6,"t":"2026-09-17T22:39:03.112Z"}
{"level":"info","event":"action","runId":"cca7433c-1089-40d3-a712-18e5cee880f3","type":"search","rationale":"Investigate an uncovered required question","step":0,"t":"2026-09-17T22:39:03.418Z"}
{"level":"info","event":"action","runId":"cca7433c-1089-40d3-a712-18e5cee880f3","type":"fetch","rationale":"Inspect an already-known source before another generic query","step":1,"t":"2026-09-17T22:39:03.438Z"}
{"level":"info","event":"action","runId":"cca7433c-1089-40d3-a712-18e5cee880f3","type":"fetch","rationale":"Inspect an already-known source before another generic query","step":2,"t":"2026-09-17T22:39:03.450Z"}
{"level":"info","event":"action","runId":"cca7433c-1089-40d3-a712-18e5cee880f3","type":"fetch","rationale":"Inspect an already-known source before another generic query","step":3,"t":"2026-09-17T22:39:03.462Z"}
{"level":"info","event":"action","runId":"cca7433c-1089-40d3-a712-18e5cee880f3","type":"fetch","rationale":"Inspect an already-known source before another generic query","step":4,"t":"2026-09-17T22:39:03.474Z"}
{"level":"info","event":"action","runId":"cca7433c-1089-40d3-a712-18e5cee880f3","type":"fetch","rationale":"Inspect an already-known source before another generic query","step":5,"t":"2026-09-17T22:39:03.504Z"}
{"level":"info","event":"action","runId":"cca7433c-1089-40d3-a712-18e5cee880f3","type":"challenge","rationale":"Disconfirm material conclusion: A primary source that directly contradicts this conclusion.","step":6,"t":"2026-09-17T22:39:03.516Z"}
{"level":"info","event":"action","runId":"cca7433c-1089-40d3-a712-18e5cee880f3","type":"challenge","rationale":"No counterexample found in accessed primary sources. This is not proof that the conclusion is true.","step":7,"t":"2026-09-17T22:39:03.530Z"}
{"level":"info","event":"action","runId":"cca7433c-1089-40d3-a712-18e5cee880f3","type":"synthesize","rationale":"decision_critical_gaps_resolved_or_unresolvable; high-impact claims supported or qualified; contradictions handled; remaining actions low expected value","step":8,"t":"2026-09-17T22:39:03.539Z"}
{"level":"info","event":"action","runId":"75d07e2d-f025-4670-a8e1-ba1ad5285fc6","type":"search","rationale":"Investigate an uncovered required question","step":0,"t":"2026-09-17T22:39:04.047Z"}
{"level":"info","event":"action","runId":"75d07e2d-f025-4670-a8e1-ba1ad5285fc6","type":"fetch","rationale":"Inspect an already-known source before another generic query","step":1,"t":"2026-09-17T22:39:04.066Z"}
{"level":"info","event":"action","runId":"75d07e2d-f025-4670-a8e1-ba1ad5285fc6","type":"fetch","rationale":"Inspect an already-known source before another generic query","step":2,"t":"2026-09-17T22:39:04.079Z"}
{"level":"info","event":"action","runId":"75d07e2d-f025-4670-a8e1-ba1ad5285fc6","type":"fetch","rationale":"Inspect an already-known source before another generic query","step":3,"t":"2026-09-17T22:39:04.094Z"}
{"level":"info","event":"action","runId":"75d07e2d-f025-4670-a8e1-ba1ad5285fc6","type":"fetch","rationale":"Inspect an already-known source before another generic query","step":4,"t":"2026-09-17T22:39:04.106Z"}
{"level":"info","event":"action","runId":"75d07e2d-f025-4670-a8e1-ba1ad5285fc6","type":"fetch","rationale":"Inspect an already-known source before another generic query","step":5,"t":"2026-09-17T22:39:04.119Z"}
{"level":"info","event":"action","runId":"75d07e2d-f025-4670-a8e1-ba1ad5285fc6","type":"challenge","rationale":"Disconfirm material conclusion: A primary source that directly contradicts this conclusion.","step":6,"t":"2026-09-17T22:39:04.130Z"}
{"level":"info","event":"action","runId":"75d07e2d-f025-4670-a8e1-ba1ad5285fc6","type":"challenge","rationale":"No counterexample found in accessed primary sources. This is not proof that the conclusion is true.","step":7,"t":"2026-09-17T22:39:04.141Z"}
{"level":"info","event":"action","runId":"75d07e2d-f025-4670-a8e1-ba1ad5285fc6","type":"synthesize","rationale":"decision_critical_gaps_resolved_or_unresolvable; high-impact claims supported or qualified; contradictions handled; remaining actions low expected value","step":8,"t":"2026-09-17T22:39:04.151Z"}
{"level":"info","event":"action","runId":"317b60f4-505f-47c4-9d64-9649b1464402","type":"search","rationale":"Investigate an uncovered required question","step":0,"t":"2026-09-17T22:39:04.649Z"}
{"level":"info","event":"action","runId":"317b60f4-505f-47c4-9d64-9649b1464402","type":"fetch","rationale":"Inspect an already-known source before another generic query","step":1,"t":"2026-09-17T22:39:04.669Z"}
{"level":"info","event":"action","runId":"317b60f4-505f-47c4-9d64-9649b1464402","type":"fetch","rationale":"Inspect an already-known source before another generic query","step":2,"t":"2026-09-17T22:39:04.680Z"}
{"level":"info","event":"action","runId":"317b60f4-505f-47c4-9d64-9649b1464402","type":"fetch","rationale":"Inspect an already-known source before another generic query","step":3,"t":"2026-09-17T22:39:04.695Z"}
{"level":"info","event":"action","runId":"317b60f4-505f-47c4-9d64-9649b1464402","type":"challenge","rationale":"Disconfirm material conclusion: A primary source that directly contradicts this conclusion.","step":4,"t":"2026-09-17T22:39:04.710Z"}
{"level":"info","event":"action","runId":"317b60f4-505f-47c4-9d64-9649b1464402","type":"challenge","rationale":"No counterexample found in accessed primary sources. This is not proof that the conclusion is true.","step":5,"t":"2026-09-17T22:39:04.721Z"}
{"level":"info","event":"action","runId":"317b60f4-505f-47c4-9d64-9649b1464402","type":"synthesize","rationale":"decision_critical_gaps_resolved_or_unresolvable; high-impact claims supported or qualified; contradictions handled; remaining actions low expected value","step":6,"t":"2026-09-17T22:39:04.730Z"}
{"level":"info","event":"action","runId":"e55c27a2-a295-4179-af7a-6bb944c4cdd3","type":"search","rationale":"Investigate an uncovered required question","step":0,"t":"2026-09-17T22:39:05.039Z"}
{"level":"info","event":"action","runId":"e55c27a2-a295-4179-af7a-6bb944c4cdd3","type":"fetch","rationale":"Inspect an already-known source before another generic query","step":1,"t":"2026-09-17T22:39:05.058Z"}
{"level":"info","event":"action","runId":"e55c27a2-a295-4179-af7a-6bb944c4cdd3","type":"fetch","rationale":"Inspect an already-known source before another generic query","step":2,"t":"2026-09-17T22:39:05.069Z"}
{"level":"info","event":"action","runId":"e55c27a2-a295-4179-af7a-6bb944c4cdd3","type":"fetch","rationale":"Inspect an already-known source before another generic query","step":3,"t":"2026-09-17T22:39:05.081Z"}
{"level":"info","event":"action","runId":"e55c27a2-a295-4179-af7a-6bb944c4cdd3","type":"challenge","rationale":"Disconfirm material conclusion: A primary source that directly contradicts this conclusion.","step":4,"t":"2026-09-17T22:39:05.099Z"}
{"level":"info","event":"action","runId":"e55c27a2-a295-4179-af7a-6bb944c4cdd3","type":"challenge","rationale":"No counterexample found in accessed primary sources. This is not proof that the conclusion is true.","step":5,"t":"2026-09-17T22:39:05.110Z"}
{"level":"info","event":"action","runId":"e55c27a2-a295-4179-af7a-6bb944c4cdd3","type":"synthesize","rationale":"decision_critical_gaps_resolved_or_unresolvable; high-impact claims supported or qualified; contradictions handled; remaining actions low expected value","step":6,"t":"2026-09-17T22:39:05.119Z"}
 ✓ test/g01-g02.integration.test.ts (9 tests) 4860ms
   ✓ G01 safety policy > G01-cross-user: another account cannot read run, events, report, source, export, or mutate  778ms
   ✓ G01 safety policy > G01-private-to-public: attachment canary is stored as evidence and omitted from search queries  641ms
   ✓ G01 safety policy > G01-consent: missing, declined, and revoked consent cannot start or continue processing  426ms
   ✓ G01 safety policy > G01-deletion: derived text is purged and a late worker cannot resurrect it  435ms
   ✓ G02 engineering requirement > G02-unknown-citation: invented passage IDs cannot publish  378ms
   ✓ G02 engineering requirement > G02-lost-run: an accepted create remains recoverable from the server after the client drops state  624ms
   ✓ G02 engineering requirement > G02-duplicate-debit: replayed completion and idempotent create settle once  603ms
   ✓ G02 engineering requirement > G02-stale-revision: obsolete brief, evidence, or lease cannot publish  415ms
   ✓ G02 engineering requirement > G02-cancel-writing: cancel during writing rejects late publication  376ms
{"level":"info","event":"action","runId":"32783058-f48a-4015-8f0e-e72af104848e","type":"search","rationale":"Investigate an uncovered required question","step":0,"t":"2026-09-17T22:39:06.109Z"}
{"level":"info","event":"action","runId":"32783058-f48a-4015-8f0e-e72af104848e","type":"stop","rationale":"action type reveal_keys is not a permitted research action","step":1,"t":"2026-09-17T22:39:06.129Z"}
{"level":"info","event":"action","runId":"a0e1dbc3-9e7f-4b38-b48b-deb713b2a840","type":"search","rationale":"Investigate an uncovered required question","step":0,"t":"2026-09-17T22:39:06.639Z"}
{"level":"info","event":"action","runId":"a0e1dbc3-9e7f-4b38-b48b-deb713b2a840","type":"search","rationale":"Decision-blocking gap: authoritative compatibility limitation. Switching source type to vendor-matrix.","step":1,"t":"2026-09-17T22:39:06.660Z"}
{"level":"info","event":"action","runId":"a0e1dbc3-9e7f-4b38-b48b-deb713b2a840","type":"fetch","rationale":"Inspect the preferred source type (vendor-matrix) before more weak sources","step":2,"t":"2026-09-17T22:39:06.676Z"}
{"level":"info","event":"action","runId":"a0e1dbc3-9e7f-4b38-b48b-deb713b2a840","type":"fetch","rationale":"Inspect an already-known source before another generic query","step":3,"t":"2026-09-17T22:39:06.692Z"}
{"level":"info","event":"action","runId":"a0e1dbc3-9e7f-4b38-b48b-deb713b2a840","type":"fetch","rationale":"Inspect an already-known source before another generic query","step":4,"t":"2026-09-17T22:39:06.709Z"}
{"level":"info","event":"action","runId":"a0e1dbc3-9e7f-4b38-b48b-deb713b2a840","type":"fetch","rationale":"Inspect an already-known source before another generic query","step":5,"t":"2026-09-17T22:39:06.726Z"}
{"level":"info","event":"action","runId":"a0e1dbc3-9e7f-4b38-b48b-deb713b2a840","type":"verify","rationale":"Scope-check contradiction on compatibility before treating newest as correct","step":6,"t":"2026-09-17T22:39:06.743Z"}
{"level":"info","event":"action","runId":"a0e1dbc3-9e7f-4b38-b48b-deb713b2a840","type":"challenge","rationale":"Disconfirm material conclusion: Official compatibility documentation that lists the named version as supported.","step":7,"t":"2026-09-17T22:39:06.763Z"}
{"level":"info","event":"action","runId":"a0e1dbc3-9e7f-4b38-b48b-deb713b2a840","type":"challenge","rationale":"No counterexample found in accessed primary sources. This is not proof that the conclusion is true.","step":8,"t":"2026-09-17T22:39:06.782Z"}
{"level":"info","event":"action","runId":"a0e1dbc3-9e7f-4b38-b48b-deb713b2a840","type":"synthesize","rationale":"decision_critical_gaps_resolved_or_unresolvable; high-impact claims supported or qualified; contradictions handled; remaining actions low expected value","step":9,"t":"2026-09-17T22:39:06.793Z"}
{"level":"info","event":"action","runId":"3453ee3f-004e-48ec-bea4-ebe8aa61d42c","type":"search","rationale":"Investigate an uncovered required question","step":0,"t":"2026-09-17T22:39:07.345Z"}
{"level":"info","event":"action","runId":"3453ee3f-004e-48ec-bea4-ebe8aa61d42c","type":"fetch","rationale":"Inspect an already-known source before another generic query","step":1,"t":"2026-09-17T22:39:07.368Z"}
{"level":"info","event":"action","runId":"3453ee3f-004e-48ec-bea4-ebe8aa61d42c","type":"fetch","rationale":"Inspect an already-known source before another generic query","step":2,"t":"2026-09-17T22:39:07.382Z"}
{"level":"info","event":"action","runId":"3453ee3f-004e-48ec-bea4-ebe8aa61d42c","type":"fetch","rationale":"Inspect an already-known source before another generic query","step":3,"t":"2026-09-17T22:39:07.395Z"}
{"level":"info","event":"action","runId":"3453ee3f-004e-48ec-bea4-ebe8aa61d42c","type":"challenge","rationale":"Disconfirm material conclusion: A primary source that directly contradicts this conclusion.","step":4,"t":"2026-09-17T22:39:07.414Z"}
{"level":"info","event":"action","runId":"3453ee3f-004e-48ec-bea4-ebe8aa61d42c","type":"challenge","rationale":"No counterexample found in accessed primary sources. This is not proof that the conclusion is true.","step":5,"t":"2026-09-17T22:39:07.431Z"}
{"level":"info","event":"action","runId":"3453ee3f-004e-48ec-bea4-ebe8aa61d42c","type":"synthesize","rationale":"decision_critical_gaps_resolved_or_unresolvable; high-impact claims supported or qualified; contradictions handled; remaining actions low expected value","step":6,"t":"2026-09-17T22:39:07.441Z"}
{"level":"info","event":"action","runId":"7fe338e8-d7df-42dc-ada4-e7abb80f6487","type":"search","rationale":"Investigate an uncovered required question","step":0,"t":"2026-09-17T22:39:07.979Z"}
{"level":"info","event":"action","runId":"7fe338e8-d7df-42dc-ada4-e7abb80f6487","type":"search","rationale":"Investigate an uncovered required question","step":1,"t":"2026-09-17T22:39:08.011Z"}
{"level":"info","event":"action","runId":"c7f3f0c1-12a1-4da4-8521-d35d56bbb0c9","type":"search","rationale":"Investigate an uncovered required question","step":0,"t":"2026-09-17T22:39:08.316Z"}
{"level":"info","event":"action","runId":"b7a991be-3e5d-4434-b4cb-8b5d0d04a9c9","type":"search","rationale":"Investigate an uncovered required question","step":0,"t":"2026-09-17T22:39:08.612Z"}
{"level":"info","event":"action","runId":"7c579a39-5a9d-45b4-af89-fd596db0db62","type":"search","rationale":"Investigate an uncovered required question","step":0,"t":"2026-09-17T22:39:08.899Z"}
{"level":"info","event":"action","runId":"a97b12bd-d4fc-4483-9222-0e4d1b36f6db","type":"search","rationale":"Investigate an uncovered required question","step":0,"t":"2026-09-17T22:39:09.194Z"}
{"level":"info","event":"action","runId":"7ae37a83-9334-434b-bdc6-14e2d55d8b38","type":"search","rationale":"Investigate an uncovered required question","step":0,"t":"2026-09-17T22:39:09.486Z"}
{"level":"info","event":"action","runId":"7d2090ac-b7b4-481f-8692-92cc264f4251","type":"search","rationale":"Investigate an uncovered required question","step":0,"t":"2026-09-17T22:39:09.773Z"}
 ✓ test/controller-admission.integration.test.ts (11 tests) 4433ms
   ✓ controller admission on the fixture worker path > rejects injected privileged proposals and still inspects remaining sources  595ms
   ✓ controller admission on the fixture worker path > records a source-type pivot and stop reason for a compatibility gap  686ms
   ✓ controller admission on the fixture worker path > unknown-dependency correction forces a full rerun  652ms
   ✓ controller admission on the fixture worker path > processRun records an issued live intent before the provider call for a well-formed search  316ms
   ✓ controller admission on the fixture worker path > does not count http_failure as a completed search  311ms
{"level":"info","event":"action","runId":"243d0506-018e-4c4b-854a-709c37c24a59","type":"challenge","rationale":"Disconfirm material conclusion: A primary source that directly contradicts this conclusion.","step":0,"t":"2026-09-17T22:39:10.790Z"}
{"level":"info","event":"action","runId":"243d0506-018e-4c4b-854a-709c37c24a59","type":"fetch","rationale":"Inspect an already-known source before another generic query","step":1,"t":"2026-09-17T22:39:10.825Z"}
{"level":"info","event":"action","runId":"243d0506-018e-4c4b-854a-709c37c24a59","type":"fetch","rationale":"Inspect an already-known source before another generic query","step":2,"t":"2026-09-17T22:39:10.841Z"}
{"level":"info","event":"action","runId":"243d0506-018e-4c4b-854a-709c37c24a59","type":"fetch","rationale":"Inspect an already-known source before another generic query","step":3,"t":"2026-09-17T22:39:10.857Z"}
{"level":"info","event":"action","runId":"243d0506-018e-4c4b-854a-709c37c24a59","type":"challenge","rationale":"Disconfirm material conclusion: A primary source that directly contradicts this conclusion.","step":4,"t":"2026-09-17T22:39:10.877Z"}
{"level":"info","event":"action","runId":"243d0506-018e-4c4b-854a-709c37c24a59","type":"challenge","rationale":"Disconfirm material conclusion: A primary source that directly contradicts this conclusion.","step":5,"t":"2026-09-17T22:39:10.893Z"}
{"level":"info","event":"action","runId":"243d0506-018e-4c4b-854a-709c37c24a59","type":"challenge","rationale":"Disconfirm material conclusion: A primary source that directly contradicts this conclusion.","step":6,"t":"2026-09-17T22:39:10.910Z"}
{"level":"info","event":"action","runId":"243d0506-018e-4c4b-854a-709c37c24a59","type":"challenge","rationale":"Disconfirm material conclusion: A primary source that directly contradicts this conclusion.","step":7,"t":"2026-09-17T22:39:10.929Z"}
{"level":"info","event":"action","runId":"243d0506-018e-4c4b-854a-709c37c24a59","type":"challenge","rationale":"Disconfirm material conclusion: A primary source that directly contradicts this conclusion.","step":8,"t":"2026-09-17T22:39:10.944Z"}
{"level":"info","event":"action","runId":"243d0506-018e-4c4b-854a-709c37c24a59","type":"challenge","rationale":"Disconfirm material conclusion: A primary source that directly contradicts this conclusion.","step":9,"t":"2026-09-17T22:39:10.959Z"}
{"level":"info","event":"action","runId":"243d0506-018e-4c4b-854a-709c37c24a59","type":"challenge","rationale":"Disconfirm material conclusion: A primary source that directly contradicts this conclusion.","step":10,"t":"2026-09-17T22:39:10.976Z"}
{"level":"info","event":"action","runId":"243d0506-018e-4c4b-854a-709c37c24a59","type":"challenge","rationale":"No counterexample found in accessed primary sources. This is not proof that the conclusion is true.","step":11,"t":"2026-09-17T22:39:10.992Z"}
{"level":"info","event":"action","runId":"243d0506-018e-4c4b-854a-709c37c24a59","type":"stop","rationale":"Repeated searches returned no novel source family or coverage progress","step":12,"t":"2026-09-17T22:39:11.007Z"}
{"level":"info","event":"action","runId":"5aaab1a5-ee34-44c8-99b6-c1114387ec8a","type":"search","rationale":"Investigate an uncovered required question","step":0,"t":"2026-09-17T22:39:11.328Z"}
{"level":"info","event":"action","runId":"5aaab1a5-ee34-44c8-99b6-c1114387ec8a","type":"fetch","rationale":"Inspect an already-known source before another generic query","step":1,"t":"2026-09-17T22:39:11.349Z"}
{"level":"info","event":"action","runId":"5aaab1a5-ee34-44c8-99b6-c1114387ec8a","type":"fetch","rationale":"Inspect an already-known source before another generic query","step":2,"t":"2026-09-17T22:39:11.364Z"}
{"level":"info","event":"action","runId":"5aaab1a5-ee34-44c8-99b6-c1114387ec8a","type":"fetch","rationale":"Inspect an already-known source before another generic query","step":3,"t":"2026-09-17T22:39:11.378Z"}
{"level":"info","event":"action","runId":"5aaab1a5-ee34-44c8-99b6-c1114387ec8a","type":"challenge","rationale":"Disconfirm material conclusion: A primary source that directly contradicts this conclusion.","step":4,"t":"2026-09-17T22:39:11.396Z"}
{"level":"info","event":"action","runId":"5aaab1a5-ee34-44c8-99b6-c1114387ec8a","type":"challenge","rationale":"No counterexample found in accessed primary sources. This is not proof that the conclusion is true.","step":5,"t":"2026-09-17T22:39:11.408Z"}
{"level":"info","event":"action","runId":"5aaab1a5-ee34-44c8-99b6-c1114387ec8a","type":"synthesize","rationale":"decision_critical_gaps_resolved_or_unresolvable; high-impact claims supported or qualified; contradictions handled; remaining actions low expected value","step":6,"t":"2026-09-17T22:39:11.420Z"}
 ✓ test/v6-deletion.integration.test.ts (9 tests) 1328ms
   ✓ W03 deletion removes raw attachments and private text from every owned research store  535ms
{"level":"info","event":"action","runId":"7ee81979-c4d6-40d6-8cdb-8f03240a5f40","type":"search","rationale":"Investigate an uncovered required question","step":0,"t":"2026-09-17T22:39:12.833Z"}
{"level":"info","event":"action","runId":"7ee81979-c4d6-40d6-8cdb-8f03240a5f40","type":"fetch","rationale":"Inspect an already-known source before another generic query","step":0,"t":"2026-09-17T22:39:12.892Z"}
{"level":"info","event":"action","runId":"7ee81979-c4d6-40d6-8cdb-8f03240a5f40","type":"fetch","rationale":"Inspect an already-known source before another generic query","step":1,"t":"2026-09-17T22:39:12.909Z"}
{"level":"info","event":"action","runId":"7ee81979-c4d6-40d6-8cdb-8f03240a5f40","type":"fetch","rationale":"Inspect an already-known source before another generic query","step":2,"t":"2026-09-17T22:39:12.924Z"}
{"level":"info","event":"action","runId":"7ee81979-c4d6-40d6-8cdb-8f03240a5f40","type":"challenge","rationale":"Disconfirm material conclusion: A primary source that directly contradicts this conclusion.","step":3,"t":"2026-09-17T22:39:12.948Z"}
{"level":"info","event":"action","runId":"7ee81979-c4d6-40d6-8cdb-8f03240a5f40","type":"challenge","rationale":"No counterexample found in accessed primary sources. This is not proof that the conclusion is true.","step":4,"t":"2026-09-17T22:39:12.966Z"}
{"level":"info","event":"action","runId":"7ee81979-c4d6-40d6-8cdb-8f03240a5f40","type":"synthesize","rationale":"decision_critical_gaps_resolved_or_unresolvable; high-impact claims supported or qualified; contradictions handled; remaining actions low expected value","step":5,"t":"2026-09-17T22:39:12.979Z"}
{"level":"info","event":"action","runId":"869ff96c-fb86-423f-93c1-68879c7b4b77","type":"search","rationale":"Investigate an uncovered required question","step":0,"t":"2026-09-17T22:39:13.514Z"}
{"level":"info","event":"action","runId":"869ff96c-fb86-423f-93c1-68879c7b4b77","type":"fetch","rationale":"Inspect an already-known source before another generic query","step":1,"t":"2026-09-17T22:39:13.538Z"}
{"level":"info","event":"action","runId":"869ff96c-fb86-423f-93c1-68879c7b4b77","type":"fetch","rationale":"Inspect an already-known source before another generic query","step":2,"t":"2026-09-17T22:39:13.553Z"}
{"level":"info","event":"action","runId":"869ff96c-fb86-423f-93c1-68879c7b4b77","type":"fetch","rationale":"Inspect an already-known source before another generic query","step":3,"t":"2026-09-17T22:39:13.566Z"}
{"level":"info","event":"action","runId":"869ff96c-fb86-423f-93c1-68879c7b4b77","type":"challenge","rationale":"Disconfirm material conclusion: A primary source that directly contradicts this conclusion.","step":4,"t":"2026-09-17T22:39:13.583Z"}
{"level":"info","event":"action","runId":"869ff96c-fb86-423f-93c1-68879c7b4b77","type":"challenge","rationale":"No counterexample found in accessed primary sources. This is not proof that the conclusion is true.","step":5,"t":"2026-09-17T22:39:13.597Z"}
{"level":"info","event":"action","runId":"869ff96c-fb86-423f-93c1-68879c7b4b77","type":"synthesize","rationale":"decision_critical_gaps_resolved_or_unresolvable; high-impact claims supported or qualified; contradictions handled; remaining actions low expected value","step":6,"t":"2026-09-17T22:39:13.609Z"}
{"level":"info","event":"action","runId":"869ff96c-fb86-423f-93c1-68879c7b4b77","type":"synthesize","rationale":"decision_critical_gaps_resolved_or_unresolvable; high-impact claims supported or qualified; contradictions handled; remaining actions low expected value","step":0,"t":"2026-09-17T22:39:13.826Z"}
 ✓ test/p4-recovery.integration.test.ts (2 tests) 1791ms
   ✓ P4 recovery drill against shipped worker/Postgres > crash after fetch: evidence kept, live lease not stolen, expired lease recovered without double-settle  767ms
   ✓ P4 recovery drill against shipped worker/Postgres > crash before publish then expired-lease failover: one report and one settlement  831ms
{"level":"info","event":"action","runId":"5a09cf5e-e03e-454e-9021-b43edf8d7d2b","type":"search","rationale":"Investigate an uncovered required question","step":0,"t":"2026-09-17T22:39:15.308Z"}
{"level":"info","event":"action","runId":"5a09cf5e-e03e-454e-9021-b43edf8d7d2b","type":"fetch","rationale":"Inspect an already-known source before another generic query","step":1,"t":"2026-09-17T22:39:15.341Z"}
{"level":"info","event":"action","runId":"5a09cf5e-e03e-454e-9021-b43edf8d7d2b","type":"fetch","rationale":"Inspect an already-known source before another generic query","step":2,"t":"2026-09-17T22:39:15.360Z"}
{"level":"info","event":"action","runId":"5a09cf5e-e03e-454e-9021-b43edf8d7d2b","type":"fetch","rationale":"Inspect an already-known source before another generic query","step":3,"t":"2026-09-17T22:39:15.375Z"}
{"level":"info","event":"action","runId":"5a09cf5e-e03e-454e-9021-b43edf8d7d2b","type":"fetch","rationale":"Inspect an already-known source before another generic query","step":4,"t":"2026-09-17T22:39:15.391Z"}
{"level":"info","event":"action","runId":"5a09cf5e-e03e-454e-9021-b43edf8d7d2b","type":"fetch","rationale":"Inspect an already-known source before another generic query","step":5,"t":"2026-09-17T22:39:15.406Z"}
{"level":"info","event":"action","runId":"5a09cf5e-e03e-454e-9021-b43edf8d7d2b","type":"challenge","rationale":"Disconfirm material conclusion: A primary source that directly contradicts this conclusion.","step":6,"t":"2026-09-17T22:39:15.422Z"}
{"level":"info","event":"action","runId":"5a09cf5e-e03e-454e-9021-b43edf8d7d2b","type":"challenge","rationale":"No counterexample found in accessed primary sources. This is not proof that the conclusion is true.","step":7,"t":"2026-09-17T22:39:15.438Z"}
{"level":"info","event":"action","runId":"5a09cf5e-e03e-454e-9021-b43edf8d7d2b","type":"synthesize","rationale":"decision_critical_gaps_resolved_or_unresolvable; high-impact claims supported or qualified; contradictions handled; remaining actions low expected value","step":8,"t":"2026-09-17T22:39:15.453Z"}
{"level":"info","event":"action","runId":"5096b878-158d-4941-9c2f-da00ba4ae9e5","type":"search","rationale":"Investigate an uncovered required question","step":0,"t":"2026-09-17T22:39:15.788Z"}
{"level":"info","event":"action","runId":"5096b878-158d-4941-9c2f-da00ba4ae9e5","type":"fetch","rationale":"Inspect an already-known source before another generic query","step":1,"t":"2026-09-17T22:39:15.808Z"}
{"level":"info","event":"action","runId":"5096b878-158d-4941-9c2f-da00ba4ae9e5","type":"fetch","rationale":"Inspect an already-known source before another generic query","step":2,"t":"2026-09-17T22:39:15.821Z"}
{"level":"info","event":"action","runId":"5096b878-158d-4941-9c2f-da00ba4ae9e5","type":"fetch","rationale":"Inspect an already-known source before another generic query","step":3,"t":"2026-09-17T22:39:15.835Z"}
{"level":"info","event":"action","runId":"5096b878-158d-4941-9c2f-da00ba4ae9e5","type":"fetch","rationale":"Inspect an already-known source before another generic query","step":4,"t":"2026-09-17T22:39:15.849Z"}
{"level":"info","event":"action","runId":"5096b878-158d-4941-9c2f-da00ba4ae9e5","type":"fetch","rationale":"Inspect an already-known source before another generic query","step":5,"t":"2026-09-17T22:39:15.865Z"}
{"level":"info","event":"action","runId":"5096b878-158d-4941-9c2f-da00ba4ae9e5","type":"challenge","rationale":"Disconfirm material conclusion: A primary source that directly contradicts this conclusion.","step":6,"t":"2026-09-17T22:39:15.882Z"}
{"level":"info","event":"action","runId":"5096b878-158d-4941-9c2f-da00ba4ae9e5","type":"challenge","rationale":"No counterexample found in accessed primary sources. This is not proof that the conclusion is true.","step":7,"t":"2026-09-17T22:39:15.898Z"}
{"level":"info","event":"action","runId":"5096b878-158d-4941-9c2f-da00ba4ae9e5","type":"synthesize","rationale":"decision_critical_gaps_resolved_or_unresolvable; high-impact claims supported or qualified; contradictions handled; remaining actions low expected value","step":8,"t":"2026-09-17T22:39:15.910Z"}
 ✓ test/g07-output.integration.test.ts (3 tests) 1908ms
   ✓ G07 / M10 in-app output reporting and privacy disclosure > M10 includeExcerpt stores owned answer text; omitting it stores no excerpt; other accounts are denied  1167ms
 ✓ test/v6-execution.integration.test.ts (22 tests) 1065ms
{"level":"info","event":"action","runId":"69e5f576-e4e4-4654-b678-03bcace7802d","type":"search","rationale":"Investigate an uncovered required question","step":0,"t":"2026-09-17T22:39:19.261Z"}
{"level":"info","event":"action","runId":"69e5f576-e4e4-4654-b678-03bcace7802d","type":"fetch","rationale":"Inspect an already-known source before another generic query","step":1,"t":"2026-09-17T22:39:19.299Z"}
{"level":"info","event":"action","runId":"69e5f576-e4e4-4654-b678-03bcace7802d","type":"fetch","rationale":"Inspect an already-known source before another generic query","step":2,"t":"2026-09-17T22:39:19.317Z"}
{"level":"info","event":"action","runId":"69e5f576-e4e4-4654-b678-03bcace7802d","type":"fetch","rationale":"Inspect an already-known source before another generic query","step":3,"t":"2026-09-17T22:39:19.334Z"}
{"level":"info","event":"action","runId":"69e5f576-e4e4-4654-b678-03bcace7802d","type":"challenge","rationale":"Disconfirm material conclusion: A primary source that directly contradicts this conclusion.","step":4,"t":"2026-09-17T22:39:19.356Z"}
{"level":"info","event":"action","runId":"69e5f576-e4e4-4654-b678-03bcace7802d","type":"challenge","rationale":"No counterexample found in accessed primary sources. This is not proof that the conclusion is true.","step":5,"t":"2026-09-17T22:39:19.378Z"}
{"level":"info","event":"action","runId":"69e5f576-e4e4-4654-b678-03bcace7802d","type":"synthesize","rationale":"decision_critical_gaps_resolved_or_unresolvable; high-impact claims supported or qualified; contradictions handled; remaining actions low expected value","step":6,"t":"2026-09-17T22:39:19.394Z"}
 ✓ test/g06-cost.integration.test.ts (2 tests) 1279ms
   ✓ G06 local capability probe and measured fixture cost > GET /v1/routes/capabilities pins fixture tariffs and does not enable a live paid probe  311ms
   ✓ G06 local capability probe and measured fixture cost > GET /v1/runs/:id/cost reconciles spent_micro to fixture intents and denies other accounts  747ms
 ✓ test/v6-publication.integration.test.ts (19 tests) 575ms
 ✓ test/v6-identity.integration.test.ts (3 tests) 445ms
 ✓ test/v6-upload.integration.test.ts (2 tests) 292ms
 ✓ test/v6-ingestion.integration.test.ts (1 test) 179ms
 ✓ test/pinned-http.integration.test.ts (3 tests) 93ms

 Test Files  16 passed (16)
      Tests  276 passed (276)
   Start at  16:37:07
   Duration  135.29s (transform 1.16s, setup 0ms, collect 5.18s, tests 126.64s, environment 4ms, prepare 1.26s)

