
> deep-research-mobile@0.1.0 test:integration /home/oranolio/Desktop/Deep
> pnpm --filter @deep/backend test:integration


> @deep/backend@0.1.0 test:integration /home/oranolio/Desktop/Deep/apps/backend
> vitest run --config vitest.integration.config.ts


 RUN  v3.2.7 /home/oranolio/Desktop/Deep/apps/backend

{"level":"info","event":"action","runId":"6fa33f51-e803-41c7-b1e5-d40529535900","type":"search","rationale":"Investigate an uncovered required question","step":0,"t":"2026-09-17T19:46:29.724Z"}
{"level":"info","event":"action","runId":"6fa33f51-e803-41c7-b1e5-d40529535900","type":"fetch","rationale":"Inspect an already-known source before another generic query","step":1,"t":"2026-09-17T19:46:29.844Z"}
{"level":"info","event":"action","runId":"6fa33f51-e803-41c7-b1e5-d40529535900","type":"fetch","rationale":"Inspect an already-known source before another generic query","step":2,"t":"2026-09-17T19:46:29.893Z"}
{"level":"info","event":"action","runId":"6fa33f51-e803-41c7-b1e5-d40529535900","type":"fetch","rationale":"Inspect an already-known source before another generic query","step":3,"t":"2026-09-17T19:46:29.935Z"}
{"level":"info","event":"action","runId":"6fa33f51-e803-41c7-b1e5-d40529535900","type":"challenge","rationale":"Disconfirm material conclusion: A primary source that directly contradicts this conclusion.","step":4,"t":"2026-09-17T19:46:29.986Z"}
{"level":"info","event":"action","runId":"6fa33f51-e803-41c7-b1e5-d40529535900","type":"challenge","rationale":"No counterexample found in accessed primary sources. This is not proof that the conclusion is true.","step":5,"t":"2026-09-17T19:46:30.037Z"}
{"level":"info","event":"action","runId":"6fa33f51-e803-41c7-b1e5-d40529535900","type":"synthesize","rationale":"decision_critical_gaps_resolved_or_unresolvable; high-impact claims supported or qualified; contradictions handled; remaining actions low expected value","step":6,"t":"2026-09-17T19:46:30.069Z"}
{"level":"info","event":"action","runId":"75c52d8b-bb91-4a96-af91-8b862368d543","type":"search","rationale":"Investigate an uncovered required question","step":0,"t":"2026-09-17T19:46:30.901Z"}
{"level":"info","event":"action","runId":"75c52d8b-bb91-4a96-af91-8b862368d543","type":"fetch","rationale":"Inspect an already-known source before another generic query","step":1,"t":"2026-09-17T19:46:30.959Z"}
{"level":"info","event":"action","runId":"75c52d8b-bb91-4a96-af91-8b862368d543","type":"fetch","rationale":"Inspect an already-known source before another generic query","step":2,"t":"2026-09-17T19:46:30.990Z"}
{"level":"info","event":"action","runId":"75c52d8b-bb91-4a96-af91-8b862368d543","type":"challenge","rationale":"Disconfirm material conclusion: A primary source that directly contradicts this conclusion.","step":3,"t":"2026-09-17T19:46:31.029Z"}
{"level":"info","event":"action","runId":"75c52d8b-bb91-4a96-af91-8b862368d543","type":"challenge","rationale":"No counterexample found in accessed primary sources. This is not proof that the conclusion is true.","step":4,"t":"2026-09-17T19:46:31.060Z"}
{"level":"info","event":"action","runId":"75c52d8b-bb91-4a96-af91-8b862368d543","type":"synthesize","rationale":"decision_critical_gaps_resolved_or_unresolvable; high-impact claims supported or qualified; contradictions handled; remaining actions low expected value","step":5,"t":"2026-09-17T19:46:31.090Z"}
{"level":"info","event":"action","runId":"f2343c7a-181e-446e-8291-449730544844","type":"search","rationale":"Investigate an uncovered required question","step":0,"t":"2026-09-17T19:46:31.827Z"}
{"level":"info","event":"action","runId":"f2343c7a-181e-446e-8291-449730544844","type":"fetch","rationale":"Inspect an already-known source before another generic query","step":1,"t":"2026-09-17T19:46:31.875Z"}
{"level":"info","event":"action","runId":"f2343c7a-181e-446e-8291-449730544844","type":"fetch","rationale":"Inspect an already-known source before another generic query","step":2,"t":"2026-09-17T19:46:31.902Z"}
{"level":"info","event":"action","runId":"f2343c7a-181e-446e-8291-449730544844","type":"fetch","rationale":"Inspect an already-known source before another generic query","step":3,"t":"2026-09-17T19:46:31.931Z"}
{"level":"info","event":"action","runId":"f2343c7a-181e-446e-8291-449730544844","type":"challenge","rationale":"Disconfirm material conclusion: A primary source that directly contradicts this conclusion.","step":4,"t":"2026-09-17T19:46:31.966Z"}
{"level":"info","event":"action","runId":"f2343c7a-181e-446e-8291-449730544844","type":"challenge","rationale":"No counterexample found in accessed primary sources. This is not proof that the conclusion is true.","step":5,"t":"2026-09-17T19:46:31.997Z"}
{"level":"info","event":"action","runId":"f2343c7a-181e-446e-8291-449730544844","type":"synthesize","rationale":"decision_critical_gaps_resolved_or_unresolvable; high-impact claims supported or qualified; contradictions handled; remaining actions low expected value","step":6,"t":"2026-09-17T19:46:32.031Z"}
{"level":"info","event":"action","runId":"2803dfe8-c74a-4161-a55c-79bf3cc630c3","type":"search","rationale":"Investigate an uncovered required question","step":0,"t":"2026-09-17T19:46:33.019Z"}
{"level":"info","event":"action","runId":"2803dfe8-c74a-4161-a55c-79bf3cc630c3","type":"fetch","rationale":"Inspect an already-known source before another generic query","step":1,"t":"2026-09-17T19:46:33.081Z"}
{"level":"info","event":"action","runId":"2803dfe8-c74a-4161-a55c-79bf3cc630c3","type":"fetch","rationale":"Inspect an already-known source before another generic query","step":2,"t":"2026-09-17T19:46:33.147Z"}
{"level":"info","event":"action","runId":"2803dfe8-c74a-4161-a55c-79bf3cc630c3","type":"challenge","rationale":"Disconfirm material conclusion: A primary source that directly contradicts this conclusion.","step":3,"t":"2026-09-17T19:46:33.189Z"}
{"level":"info","event":"action","runId":"2803dfe8-c74a-4161-a55c-79bf3cc630c3","type":"challenge","rationale":"No counterexample found in accessed primary sources. This is not proof that the conclusion is true.","step":4,"t":"2026-09-17T19:46:33.247Z"}
{"level":"info","event":"action","runId":"2803dfe8-c74a-4161-a55c-79bf3cc630c3","type":"synthesize","rationale":"decision_critical_gaps_resolved_or_unresolvable; high-impact claims supported or qualified; contradictions handled; remaining actions low expected value","step":5,"t":"2026-09-17T19:46:33.287Z"}
{"level":"info","event":"action","runId":"939b84ab-2749-45ac-a3e9-35ffaeb69192","type":"search","rationale":"Investigate an uncovered required question","step":0,"t":"2026-09-17T19:46:34.130Z"}
{"level":"info","event":"action","runId":"939b84ab-2749-45ac-a3e9-35ffaeb69192","type":"fetch","rationale":"Inspect an already-known source before another generic query","step":1,"t":"2026-09-17T19:46:34.200Z"}
{"level":"info","event":"action","runId":"939b84ab-2749-45ac-a3e9-35ffaeb69192","type":"challenge","rationale":"Disconfirm material conclusion: A primary source that directly contradicts this conclusion.","step":2,"t":"2026-09-17T19:46:34.259Z"}
{"level":"info","event":"action","runId":"939b84ab-2749-45ac-a3e9-35ffaeb69192","type":"challenge","rationale":"No counterexample found in accessed primary sources. This is not proof that the conclusion is true.","step":3,"t":"2026-09-17T19:46:34.297Z"}
{"level":"info","event":"action","runId":"939b84ab-2749-45ac-a3e9-35ffaeb69192","type":"synthesize","rationale":"decision_critical_gaps_resolved_or_unresolvable; high-impact claims supported or qualified; contradictions handled; remaining actions low expected value","step":4,"t":"2026-09-17T19:46:34.329Z"}
{"level":"info","event":"action","runId":"15a5b2d1-e571-41aa-9f90-751425a8d88e","type":"search","rationale":"Investigate an uncovered required question","step":0,"t":"2026-09-17T19:46:35.157Z"}
{"level":"info","event":"action","runId":"15a5b2d1-e571-41aa-9f90-751425a8d88e","type":"fetch","rationale":"Inspect an already-known source before another generic query","step":1,"t":"2026-09-17T19:46:35.220Z"}
{"level":"info","event":"action","runId":"15a5b2d1-e571-41aa-9f90-751425a8d88e","type":"fetch","rationale":"Inspect an already-known source before another generic query","step":2,"t":"2026-09-17T19:46:35.260Z"}
{"level":"info","event":"action","runId":"15a5b2d1-e571-41aa-9f90-751425a8d88e","type":"fetch","rationale":"Inspect an already-known source before another generic query","step":3,"t":"2026-09-17T19:46:35.293Z"}
{"level":"info","event":"action","runId":"15a5b2d1-e571-41aa-9f90-751425a8d88e","type":"challenge","rationale":"Disconfirm material conclusion: A primary source that directly contradicts this conclusion.","step":4,"t":"2026-09-17T19:46:35.330Z"}
{"level":"info","event":"action","runId":"15a5b2d1-e571-41aa-9f90-751425a8d88e","type":"challenge","rationale":"No counterexample found in accessed primary sources. This is not proof that the conclusion is true.","step":5,"t":"2026-09-17T19:46:35.368Z"}
{"level":"info","event":"action","runId":"15a5b2d1-e571-41aa-9f90-751425a8d88e","type":"synthesize","rationale":"decision_critical_gaps_resolved_or_unresolvable; high-impact claims supported or qualified; contradictions handled; remaining actions low expected value","step":6,"t":"2026-09-17T19:46:35.397Z"}
{"level":"info","event":"action","runId":"c560d0e8-a79d-4a53-ab79-e675d4772452","type":"search","rationale":"Investigate an uncovered required question","step":0,"t":"2026-09-17T19:46:36.271Z"}
{"level":"info","event":"action","runId":"c560d0e8-a79d-4a53-ab79-e675d4772452","type":"fetch","rationale":"Inspect an already-known source before another generic query","step":1,"t":"2026-09-17T19:46:36.362Z"}
{"level":"info","event":"action","runId":"c560d0e8-a79d-4a53-ab79-e675d4772452","type":"fetch","rationale":"Inspect an already-known source before another generic query","step":2,"t":"2026-09-17T19:46:36.404Z"}
{"level":"info","event":"action","runId":"c560d0e8-a79d-4a53-ab79-e675d4772452","type":"fetch","rationale":"Inspect an already-known source before another generic query","step":3,"t":"2026-09-17T19:46:36.436Z"}
{"level":"info","event":"action","runId":"c560d0e8-a79d-4a53-ab79-e675d4772452","type":"fetch","rationale":"Inspect an already-known source before another generic query","step":4,"t":"2026-09-17T19:46:36.479Z"}
{"level":"info","event":"action","runId":"c560d0e8-a79d-4a53-ab79-e675d4772452","type":"fetch","rationale":"Inspect an already-known source before another generic query","step":5,"t":"2026-09-17T19:46:36.519Z"}
{"level":"info","event":"action","runId":"c560d0e8-a79d-4a53-ab79-e675d4772452","type":"challenge","rationale":"Disconfirm material conclusion: A primary source that directly contradicts this conclusion.","step":6,"t":"2026-09-17T19:46:36.567Z"}
{"level":"info","event":"action","runId":"c560d0e8-a79d-4a53-ab79-e675d4772452","type":"challenge","rationale":"No counterexample found in accessed primary sources. This is not proof that the conclusion is true.","step":7,"t":"2026-09-17T19:46:36.621Z"}
{"level":"info","event":"action","runId":"c560d0e8-a79d-4a53-ab79-e675d4772452","type":"synthesize","rationale":"decision_critical_gaps_resolved_or_unresolvable; high-impact claims supported or qualified; contradictions handled; remaining actions low expected value","step":8,"t":"2026-09-17T19:46:36.664Z"}
{"level":"info","event":"action","runId":"5e10a6a6-575f-4e5f-937d-cb6137656918","type":"challenge","rationale":"Disconfirm material conclusion: A primary source that directly contradicts this conclusion.","step":0,"t":"2026-09-17T19:46:37.579Z"}
{"level":"info","event":"action","runId":"5e10a6a6-575f-4e5f-937d-cb6137656918","type":"fetch","rationale":"Inspect an already-known source before another generic query","step":1,"t":"2026-09-17T19:46:37.648Z"}
{"level":"info","event":"action","runId":"5e10a6a6-575f-4e5f-937d-cb6137656918","type":"fetch","rationale":"Inspect an already-known source before another generic query","step":2,"t":"2026-09-17T19:46:37.696Z"}
{"level":"info","event":"action","runId":"5e10a6a6-575f-4e5f-937d-cb6137656918","type":"fetch","rationale":"Inspect an already-known source before another generic query","step":3,"t":"2026-09-17T19:46:37.743Z"}
{"level":"info","event":"action","runId":"5e10a6a6-575f-4e5f-937d-cb6137656918","type":"challenge","rationale":"No counterexample found in accessed primary sources. This is not proof that the conclusion is true.","step":4,"t":"2026-09-17T19:46:37.805Z"}
{"level":"info","event":"action","runId":"5e10a6a6-575f-4e5f-937d-cb6137656918","type":"synthesize","rationale":"decision_critical_gaps_resolved_or_unresolvable; high-impact claims supported or qualified; contradictions handled; remaining actions low expected value","step":5,"t":"2026-09-17T19:46:37.840Z"}
{"level":"info","event":"action","runId":"d37135bd-0405-4c94-b0b7-6b71e7553fa8","type":"search","rationale":"Investigate an uncovered required question","step":0,"t":"2026-09-17T19:46:38.710Z"}
{"level":"info","event":"action","runId":"d37135bd-0405-4c94-b0b7-6b71e7553fa8","type":"fetch","rationale":"Inspect an already-known source before another generic query","step":1,"t":"2026-09-17T19:46:38.775Z"}
{"level":"info","event":"action","runId":"d37135bd-0405-4c94-b0b7-6b71e7553fa8","type":"fetch","rationale":"Inspect an already-known source before another generic query","step":2,"t":"2026-09-17T19:46:38.818Z"}
{"level":"info","event":"action","runId":"d37135bd-0405-4c94-b0b7-6b71e7553fa8","type":"fetch","rationale":"Inspect an already-known source before another generic query","step":3,"t":"2026-09-17T19:46:38.868Z"}
{"level":"info","event":"action","runId":"d37135bd-0405-4c94-b0b7-6b71e7553fa8","type":"challenge","rationale":"Disconfirm material conclusion: A hard-constraint violation for a candidate currently marked eligible.","step":4,"t":"2026-09-17T19:46:38.921Z"}
{"level":"info","event":"action","runId":"d37135bd-0405-4c94-b0b7-6b71e7553fa8","type":"challenge","rationale":"No counterexample found in accessed primary sources. This is not proof that the conclusion is true.","step":5,"t":"2026-09-17T19:46:38.982Z"}
{"level":"info","event":"action","runId":"d37135bd-0405-4c94-b0b7-6b71e7553fa8","type":"synthesize","rationale":"decision_critical_gaps_resolved_or_unresolvable; high-impact claims supported or qualified; contradictions handled; remaining actions low expected value","step":6,"t":"2026-09-17T19:46:39.031Z"}
{"level":"info","event":"action","runId":"8d1e2d13-b7e4-4167-80b2-14d9a3f31b81","type":"search","rationale":"Investigate an uncovered required question","step":0,"t":"2026-09-17T19:46:39.932Z"}
{"level":"info","event":"action","runId":"8d1e2d13-b7e4-4167-80b2-14d9a3f31b81","type":"fetch","rationale":"Inspect an already-known source before another generic query","step":1,"t":"2026-09-17T19:46:39.982Z"}
{"level":"info","event":"action","runId":"8d1e2d13-b7e4-4167-80b2-14d9a3f31b81","type":"fetch","rationale":"Inspect an already-known source before another generic query","step":2,"t":"2026-09-17T19:46:40.040Z"}
{"level":"info","event":"action","runId":"8d1e2d13-b7e4-4167-80b2-14d9a3f31b81","type":"fetch","rationale":"Inspect an already-known source before another generic query","step":3,"t":"2026-09-17T19:46:40.087Z"}
{"level":"info","event":"action","runId":"8d1e2d13-b7e4-4167-80b2-14d9a3f31b81","type":"challenge","rationale":"Disconfirm material conclusion: A hard-constraint violation for a candidate currently marked eligible.","step":4,"t":"2026-09-17T19:46:40.131Z"}
{"level":"info","event":"action","runId":"8d1e2d13-b7e4-4167-80b2-14d9a3f31b81","type":"challenge","rationale":"No counterexample found in accessed primary sources. This is not proof that the conclusion is true.","step":5,"t":"2026-09-17T19:46:40.191Z"}
{"level":"info","event":"action","runId":"8d1e2d13-b7e4-4167-80b2-14d9a3f31b81","type":"synthesize","rationale":"decision_critical_gaps_resolved_or_unresolvable; high-impact claims supported or qualified; contradictions handled; remaining actions low expected value","step":6,"t":"2026-09-17T19:46:40.240Z"}
{"level":"info","event":"action","runId":"09511cfe-4e89-4c30-a1ec-21af5a40224e","type":"search","rationale":"Investigate an uncovered required question","step":0,"t":"2026-09-17T19:46:40.707Z"}
{"level":"info","event":"action","runId":"09511cfe-4e89-4c30-a1ec-21af5a40224e","type":"fetch","rationale":"Inspect an already-known source before another generic query","step":1,"t":"2026-09-17T19:46:40.756Z"}
{"level":"info","event":"action","runId":"09511cfe-4e89-4c30-a1ec-21af5a40224e","type":"fetch","rationale":"Inspect an already-known source before another generic query","step":2,"t":"2026-09-17T19:46:40.797Z"}
{"level":"info","event":"action","runId":"09511cfe-4e89-4c30-a1ec-21af5a40224e","type":"fetch","rationale":"Inspect an already-known source before another generic query","step":3,"t":"2026-09-17T19:46:40.835Z"}
{"level":"info","event":"action","runId":"09511cfe-4e89-4c30-a1ec-21af5a40224e","type":"challenge","rationale":"Disconfirm material conclusion: A hard-constraint violation for a candidate currently marked eligible.","step":4,"t":"2026-09-17T19:46:40.880Z"}
{"level":"info","event":"action","runId":"09511cfe-4e89-4c30-a1ec-21af5a40224e","type":"challenge","rationale":"Disconfirm material conclusion: A hard-constraint violation for a candidate currently marked eligible.","step":5,"t":"2026-09-17T19:46:40.917Z"}
{"level":"info","event":"action","runId":"09511cfe-4e89-4c30-a1ec-21af5a40224e","type":"challenge","rationale":"Disconfirm material conclusion: A hard-constraint violation for a candidate currently marked eligible.","step":6,"t":"2026-09-17T19:46:40.965Z"}
{"level":"info","event":"action","runId":"09511cfe-4e89-4c30-a1ec-21af5a40224e","type":"challenge","rationale":"Disconfirm material conclusion: A hard-constraint violation for a candidate currently marked eligible.","step":7,"t":"2026-09-17T19:46:41.012Z"}
{"level":"info","event":"action","runId":"09511cfe-4e89-4c30-a1ec-21af5a40224e","type":"challenge","rationale":"Disconfirm material conclusion: A hard-constraint violation for a candidate currently marked eligible.","step":8,"t":"2026-09-17T19:46:41.060Z"}
{"level":"info","event":"action","runId":"09511cfe-4e89-4c30-a1ec-21af5a40224e","type":"challenge","rationale":"Disconfirm material conclusion: A hard-constraint violation for a candidate currently marked eligible.","step":9,"t":"2026-09-17T19:46:41.114Z"}
{"level":"info","event":"action","runId":"09511cfe-4e89-4c30-a1ec-21af5a40224e","type":"challenge","rationale":"Disconfirm material conclusion: A hard-constraint violation for a candidate currently marked eligible.","step":10,"t":"2026-09-17T19:46:41.165Z"}
{"level":"info","event":"action","runId":"09511cfe-4e89-4c30-a1ec-21af5a40224e","type":"challenge","rationale":"No counterexample found in accessed primary sources. This is not proof that the conclusion is true.","step":11,"t":"2026-09-17T19:46:41.219Z"}
{"level":"info","event":"action","runId":"09511cfe-4e89-4c30-a1ec-21af5a40224e","type":"stop","rationale":"Repeated searches returned no novel source family or coverage progress","step":12,"t":"2026-09-17T19:46:41.249Z"}
{"level":"info","event":"action","runId":"dbf6e070-7976-414e-8daa-143adf4155dc","type":"search","rationale":"Investigate an uncovered required question","step":0,"t":"2026-09-17T19:46:42.088Z"}
{"level":"info","event":"action","runId":"dbf6e070-7976-414e-8daa-143adf4155dc","type":"fetch","rationale":"Inspect an already-known source before another generic query","step":1,"t":"2026-09-17T19:46:42.127Z"}
{"level":"info","event":"action","runId":"dbf6e070-7976-414e-8daa-143adf4155dc","type":"fetch","rationale":"Inspect an already-known source before another generic query","step":2,"t":"2026-09-17T19:46:42.156Z"}
{"level":"info","event":"action","runId":"dbf6e070-7976-414e-8daa-143adf4155dc","type":"fetch","rationale":"Inspect an already-known source before another generic query","step":3,"t":"2026-09-17T19:46:42.182Z"}
{"level":"info","event":"action","runId":"dbf6e070-7976-414e-8daa-143adf4155dc","type":"challenge","rationale":"Disconfirm material conclusion: A hard-constraint violation for a candidate currently marked eligible.","step":4,"t":"2026-09-17T19:46:42.211Z"}
{"level":"info","event":"action","runId":"dbf6e070-7976-414e-8daa-143adf4155dc","type":"challenge","rationale":"No counterexample found in accessed primary sources. This is not proof that the conclusion is true.","step":5,"t":"2026-09-17T19:46:42.256Z"}
{"level":"info","event":"action","runId":"dbf6e070-7976-414e-8daa-143adf4155dc","type":"synthesize","rationale":"decision_critical_gaps_resolved_or_unresolvable; high-impact claims supported or qualified; contradictions handled; remaining actions low expected value","step":6,"t":"2026-09-17T19:46:42.283Z"}
{"level":"info","event":"action","runId":"85dc620c-9701-44de-b9e1-598650ea91aa","type":"search","rationale":"Investigate an uncovered required question","step":0,"t":"2026-09-17T19:46:42.751Z"}
{"level":"info","event":"action","runId":"85dc620c-9701-44de-b9e1-598650ea91aa","type":"fetch","rationale":"Inspect an already-known source before another generic query","step":1,"t":"2026-09-17T19:46:42.798Z"}
{"level":"info","event":"action","runId":"85dc620c-9701-44de-b9e1-598650ea91aa","type":"fetch","rationale":"Inspect an already-known source before another generic query","step":2,"t":"2026-09-17T19:46:42.837Z"}
{"level":"info","event":"action","runId":"85dc620c-9701-44de-b9e1-598650ea91aa","type":"fetch","rationale":"Inspect an already-known source before another generic query","step":3,"t":"2026-09-17T19:46:42.880Z"}
{"level":"info","event":"action","runId":"85dc620c-9701-44de-b9e1-598650ea91aa","type":"challenge","rationale":"Disconfirm material conclusion: A hard-constraint violation for a candidate currently marked eligible.","step":4,"t":"2026-09-17T19:46:42.921Z"}
{"level":"info","event":"action","runId":"85dc620c-9701-44de-b9e1-598650ea91aa","type":"challenge","rationale":"Disconfirm material conclusion: A hard-constraint violation for a candidate currently marked eligible.","step":5,"t":"2026-09-17T19:46:42.958Z"}
{"level":"info","event":"action","runId":"85dc620c-9701-44de-b9e1-598650ea91aa","type":"challenge","rationale":"Disconfirm material conclusion: A hard-constraint violation for a candidate currently marked eligible.","step":6,"t":"2026-09-17T19:46:43.000Z"}
{"level":"info","event":"action","runId":"85dc620c-9701-44de-b9e1-598650ea91aa","type":"challenge","rationale":"Disconfirm material conclusion: A hard-constraint violation for a candidate currently marked eligible.","step":7,"t":"2026-09-17T19:46:43.043Z"}
{"level":"info","event":"action","runId":"85dc620c-9701-44de-b9e1-598650ea91aa","type":"challenge","rationale":"Disconfirm material conclusion: A hard-constraint violation for a candidate currently marked eligible.","step":8,"t":"2026-09-17T19:46:43.079Z"}
{"level":"info","event":"action","runId":"85dc620c-9701-44de-b9e1-598650ea91aa","type":"challenge","rationale":"Disconfirm material conclusion: A hard-constraint violation for a candidate currently marked eligible.","step":9,"t":"2026-09-17T19:46:43.119Z"}
{"level":"info","event":"action","runId":"85dc620c-9701-44de-b9e1-598650ea91aa","type":"challenge","rationale":"Disconfirm material conclusion: A hard-constraint violation for a candidate currently marked eligible.","step":10,"t":"2026-09-17T19:46:43.156Z"}
{"level":"info","event":"action","runId":"85dc620c-9701-44de-b9e1-598650ea91aa","type":"challenge","rationale":"No counterexample found in accessed primary sources. This is not proof that the conclusion is true.","step":11,"t":"2026-09-17T19:46:43.188Z"}
{"level":"info","event":"action","runId":"85dc620c-9701-44de-b9e1-598650ea91aa","type":"stop","rationale":"Repeated searches returned no novel source family or coverage progress","step":12,"t":"2026-09-17T19:46:43.218Z"}
{"level":"info","event":"action","runId":"757b9a20-0a05-4eb8-a593-19d6af230380","type":"challenge","rationale":"Disconfirm material conclusion: A primary source that directly contradicts this conclusion.","step":0,"t":"2026-09-17T19:46:44.026Z"}
{"level":"info","event":"action","runId":"757b9a20-0a05-4eb8-a593-19d6af230380","type":"fetch","rationale":"Inspect an already-known source before another generic query","step":1,"t":"2026-09-17T19:46:44.088Z"}
{"level":"info","event":"action","runId":"757b9a20-0a05-4eb8-a593-19d6af230380","type":"fetch","rationale":"Inspect an already-known source before another generic query","step":2,"t":"2026-09-17T19:46:44.133Z"}
{"level":"info","event":"action","runId":"757b9a20-0a05-4eb8-a593-19d6af230380","type":"fetch","rationale":"Inspect an already-known source before another generic query","step":3,"t":"2026-09-17T19:46:44.178Z"}
{"level":"info","event":"action","runId":"757b9a20-0a05-4eb8-a593-19d6af230380","type":"challenge","rationale":"No counterexample found in accessed primary sources. This is not proof that the conclusion is true.","step":4,"t":"2026-09-17T19:46:44.223Z"}
{"level":"info","event":"action","runId":"757b9a20-0a05-4eb8-a593-19d6af230380","type":"synthesize","rationale":"decision_critical_gaps_resolved_or_unresolvable; high-impact claims supported or qualified; contradictions handled; remaining actions low expected value","step":5,"t":"2026-09-17T19:46:44.251Z"}
{"level":"info","event":"action","runId":"cdde843e-0f85-4fee-b092-00c95a0928d9","type":"search","rationale":"Investigate an uncovered required question","step":0,"t":"2026-09-17T19:46:45.236Z"}
{"level":"info","event":"action","runId":"cdde843e-0f85-4fee-b092-00c95a0928d9","type":"fetch","rationale":"Inspect an already-known source before another generic query","step":1,"t":"2026-09-17T19:46:45.296Z"}
{"level":"info","event":"action","runId":"cdde843e-0f85-4fee-b092-00c95a0928d9","type":"fetch","rationale":"Inspect an already-known source before another generic query","step":2,"t":"2026-09-17T19:46:45.348Z"}
{"level":"info","event":"action","runId":"cdde843e-0f85-4fee-b092-00c95a0928d9","type":"fetch","rationale":"Inspect an already-known source before another generic query","step":3,"t":"2026-09-17T19:46:45.416Z"}
{"level":"info","event":"action","runId":"cdde843e-0f85-4fee-b092-00c95a0928d9","type":"challenge","rationale":"Disconfirm material conclusion: A primary source that directly contradicts this conclusion.","step":4,"t":"2026-09-17T19:46:45.463Z"}
{"level":"info","event":"action","runId":"cdde843e-0f85-4fee-b092-00c95a0928d9","type":"challenge","rationale":"No counterexample found in accessed primary sources. This is not proof that the conclusion is true.","step":5,"t":"2026-09-17T19:46:45.493Z"}
{"level":"info","event":"action","runId":"cdde843e-0f85-4fee-b092-00c95a0928d9","type":"synthesize","rationale":"decision_critical_gaps_resolved_or_unresolvable; high-impact claims supported or qualified; contradictions handled; remaining actions low expected value","step":6,"t":"2026-09-17T19:46:45.519Z"}
{"level":"info","event":"action","runId":"656527f7-6530-4e93-84ec-c2e1b2d0c428","type":"search","rationale":"Investigate an uncovered required question","step":0,"t":"2026-09-17T19:46:46.438Z"}
{"level":"info","event":"action","runId":"656527f7-6530-4e93-84ec-c2e1b2d0c428","type":"fetch","rationale":"Inspect an already-known source before another generic query","step":1,"t":"2026-09-17T19:46:46.517Z"}
{"level":"info","event":"action","runId":"656527f7-6530-4e93-84ec-c2e1b2d0c428","type":"fetch","rationale":"Inspect an already-known source before another generic query","step":2,"t":"2026-09-17T19:46:46.564Z"}
{"level":"info","event":"action","runId":"656527f7-6530-4e93-84ec-c2e1b2d0c428","type":"fetch","rationale":"Inspect an already-known source before another generic query","step":3,"t":"2026-09-17T19:46:46.610Z"}
{"level":"info","event":"action","runId":"656527f7-6530-4e93-84ec-c2e1b2d0c428","type":"fetch","rationale":"Inspect an already-known source before another generic query","step":4,"t":"2026-09-17T19:46:46.659Z"}
{"level":"info","event":"action","runId":"656527f7-6530-4e93-84ec-c2e1b2d0c428","type":"fetch","rationale":"Inspect an already-known source before another generic query","step":5,"t":"2026-09-17T19:46:46.708Z"}
{"level":"info","event":"action","runId":"656527f7-6530-4e93-84ec-c2e1b2d0c428","type":"challenge","rationale":"Disconfirm material conclusion: A primary source that directly contradicts this conclusion.","step":6,"t":"2026-09-17T19:46:46.751Z"}
{"level":"info","event":"action","runId":"656527f7-6530-4e93-84ec-c2e1b2d0c428","type":"challenge","rationale":"No counterexample found in accessed primary sources. This is not proof that the conclusion is true.","step":7,"t":"2026-09-17T19:46:46.786Z"}
{"level":"info","event":"action","runId":"656527f7-6530-4e93-84ec-c2e1b2d0c428","type":"synthesize","rationale":"decision_critical_gaps_resolved_or_unresolvable; high-impact claims supported or qualified; contradictions handled; remaining actions low expected value","step":8,"t":"2026-09-17T19:46:46.821Z"}
{"level":"info","event":"action","runId":"14c2f7d6-3cae-419b-b7b7-48a642a522c4","type":"search","rationale":"Investigate an uncovered required question","step":0,"t":"2026-09-17T19:46:47.649Z"}
{"level":"info","event":"action","runId":"14c2f7d6-3cae-419b-b7b7-48a642a522c4","type":"fetch","rationale":"Inspect an already-known source before another generic query","step":1,"t":"2026-09-17T19:46:47.706Z"}
{"level":"info","event":"action","runId":"14c2f7d6-3cae-419b-b7b7-48a642a522c4","type":"fetch","rationale":"Inspect an already-known source before another generic query","step":2,"t":"2026-09-17T19:46:47.753Z"}
{"level":"info","event":"action","runId":"14c2f7d6-3cae-419b-b7b7-48a642a522c4","type":"fetch","rationale":"Inspect an already-known source before another generic query","step":3,"t":"2026-09-17T19:46:47.816Z"}
{"level":"info","event":"action","runId":"14c2f7d6-3cae-419b-b7b7-48a642a522c4","type":"challenge","rationale":"Disconfirm material conclusion: A primary source that directly contradicts this conclusion.","step":4,"t":"2026-09-17T19:46:47.895Z"}
{"level":"info","event":"action","runId":"14c2f7d6-3cae-419b-b7b7-48a642a522c4","type":"challenge","rationale":"No counterexample found in accessed primary sources. This is not proof that the conclusion is true.","step":5,"t":"2026-09-17T19:46:47.924Z"}
{"level":"info","event":"action","runId":"14c2f7d6-3cae-419b-b7b7-48a642a522c4","type":"synthesize","rationale":"decision_critical_gaps_resolved_or_unresolvable; high-impact claims supported or qualified; contradictions handled; remaining actions low expected value","step":6,"t":"2026-09-17T19:46:47.955Z"}
{"level":"info","event":"action","runId":"8f6a494d-11c0-4ace-8866-226581adabb4","type":"search","rationale":"Investigate an uncovered required question","step":0,"t":"2026-09-17T19:46:48.863Z"}
{"level":"info","event":"action","runId":"8f6a494d-11c0-4ace-8866-226581adabb4","type":"fetch","rationale":"Inspect an already-known source before another generic query","step":1,"t":"2026-09-17T19:46:48.945Z"}
{"level":"info","event":"action","runId":"8f6a494d-11c0-4ace-8866-226581adabb4","type":"fetch","rationale":"Inspect an already-known source before another generic query","step":2,"t":"2026-09-17T19:46:49.006Z"}
{"level":"info","event":"action","runId":"8f6a494d-11c0-4ace-8866-226581adabb4","type":"fetch","rationale":"Inspect an already-known source before another generic query","step":3,"t":"2026-09-17T19:46:49.062Z"}
{"level":"info","event":"action","runId":"8f6a494d-11c0-4ace-8866-226581adabb4","type":"fetch","rationale":"Inspect an already-known source before another generic query","step":4,"t":"2026-09-17T19:46:49.098Z"}
{"level":"info","event":"action","runId":"8f6a494d-11c0-4ace-8866-226581adabb4","type":"fetch","rationale":"Inspect an already-known source before another generic query","step":5,"t":"2026-09-17T19:46:49.139Z"}
{"level":"info","event":"action","runId":"8f6a494d-11c0-4ace-8866-226581adabb4","type":"challenge","rationale":"Disconfirm material conclusion: A primary source that directly contradicts this conclusion.","step":6,"t":"2026-09-17T19:46:49.181Z"}
{"level":"info","event":"action","runId":"8f6a494d-11c0-4ace-8866-226581adabb4","type":"challenge","rationale":"No counterexample found in accessed primary sources. This is not proof that the conclusion is true.","step":7,"t":"2026-09-17T19:46:49.246Z"}
{"level":"info","event":"action","runId":"8f6a494d-11c0-4ace-8866-226581adabb4","type":"synthesize","rationale":"decision_critical_gaps_resolved_or_unresolvable; high-impact claims supported or qualified; contradictions handled; remaining actions low expected value","step":8,"t":"2026-09-17T19:46:49.280Z"}
{"level":"info","event":"action","runId":"600e288f-bf68-41d7-98c7-cc7db58f377d","type":"search","rationale":"Investigate an uncovered required question","step":0,"t":"2026-09-17T19:46:50.576Z"}
{"level":"info","event":"action","runId":"600e288f-bf68-41d7-98c7-cc7db58f377d","type":"fetch","rationale":"Inspect an already-known source before another generic query","step":1,"t":"2026-09-17T19:46:50.657Z"}
{"level":"info","event":"action","runId":"600e288f-bf68-41d7-98c7-cc7db58f377d","type":"fetch","rationale":"Inspect an already-known source before another generic query","step":2,"t":"2026-09-17T19:46:50.697Z"}
{"level":"info","event":"action","runId":"600e288f-bf68-41d7-98c7-cc7db58f377d","type":"fetch","rationale":"Inspect an already-known source before another generic query","step":3,"t":"2026-09-17T19:46:50.730Z"}
{"level":"info","event":"action","runId":"600e288f-bf68-41d7-98c7-cc7db58f377d","type":"fetch","rationale":"Inspect an already-known source before another generic query","step":4,"t":"2026-09-17T19:46:50.761Z"}
{"level":"info","event":"action","runId":"600e288f-bf68-41d7-98c7-cc7db58f377d","type":"fetch","rationale":"Inspect an already-known source before another generic query","step":5,"t":"2026-09-17T19:46:50.798Z"}
{"level":"info","event":"action","runId":"600e288f-bf68-41d7-98c7-cc7db58f377d","type":"challenge","rationale":"Disconfirm material conclusion: A primary source that directly contradicts this conclusion.","step":6,"t":"2026-09-17T19:46:50.848Z"}
{"level":"info","event":"action","runId":"600e288f-bf68-41d7-98c7-cc7db58f377d","type":"challenge","rationale":"No counterexample found in accessed primary sources. This is not proof that the conclusion is true.","step":7,"t":"2026-09-17T19:46:50.892Z"}
{"level":"info","event":"action","runId":"600e288f-bf68-41d7-98c7-cc7db58f377d","type":"synthesize","rationale":"decision_critical_gaps_resolved_or_unresolvable; high-impact claims supported or qualified; contradictions handled; remaining actions low expected value","step":8,"t":"2026-09-17T19:46:50.926Z"}
{"level":"info","event":"action","runId":"f6381e88-9881-4192-92a1-954061fd2b9b","type":"search","rationale":"Investigate an uncovered required question","step":0,"t":"2026-09-17T19:46:51.820Z"}
{"level":"info","event":"action","runId":"f6381e88-9881-4192-92a1-954061fd2b9b","type":"fetch","rationale":"Inspect an already-known source before another generic query","step":1,"t":"2026-09-17T19:46:51.881Z"}
{"level":"info","event":"action","runId":"f6381e88-9881-4192-92a1-954061fd2b9b","type":"fetch","rationale":"Inspect an already-known source before another generic query","step":2,"t":"2026-09-17T19:46:51.921Z"}
{"level":"info","event":"action","runId":"f6381e88-9881-4192-92a1-954061fd2b9b","type":"fetch","rationale":"Inspect an already-known source before another generic query","step":3,"t":"2026-09-17T19:46:51.962Z"}
{"level":"info","event":"action","runId":"f6381e88-9881-4192-92a1-954061fd2b9b","type":"fetch","rationale":"Inspect an already-known source before another generic query","step":4,"t":"2026-09-17T19:46:51.998Z"}
{"level":"info","event":"action","runId":"f6381e88-9881-4192-92a1-954061fd2b9b","type":"fetch","rationale":"Inspect an already-known source before another generic query","step":5,"t":"2026-09-17T19:46:52.029Z"}
{"level":"info","event":"action","runId":"f6381e88-9881-4192-92a1-954061fd2b9b","type":"challenge","rationale":"Disconfirm material conclusion: A primary source that directly contradicts this conclusion.","step":6,"t":"2026-09-17T19:46:52.076Z"}
{"level":"info","event":"action","runId":"f6381e88-9881-4192-92a1-954061fd2b9b","type":"challenge","rationale":"No counterexample found in accessed primary sources. This is not proof that the conclusion is true.","step":7,"t":"2026-09-17T19:46:52.124Z"}
{"level":"info","event":"action","runId":"f6381e88-9881-4192-92a1-954061fd2b9b","type":"synthesize","rationale":"decision_critical_gaps_resolved_or_unresolvable; high-impact claims supported or qualified; contradictions handled; remaining actions low expected value","step":8,"t":"2026-09-17T19:46:52.153Z"}
{"level":"info","event":"action","runId":"96f1eb2a-250c-49ac-9658-3168c1090b70","type":"search","rationale":"Investigate an uncovered required question","step":0,"t":"2026-09-17T19:46:52.908Z"}
{"level":"info","event":"action","runId":"96f1eb2a-250c-49ac-9658-3168c1090b70","type":"fetch","rationale":"Inspect an already-known source before another generic query","step":1,"t":"2026-09-17T19:46:52.958Z"}
{"level":"info","event":"action","runId":"96f1eb2a-250c-49ac-9658-3168c1090b70","type":"fetch","rationale":"Inspect an already-known source before another generic query","step":2,"t":"2026-09-17T19:46:52.993Z"}
{"level":"info","event":"action","runId":"96f1eb2a-250c-49ac-9658-3168c1090b70","type":"fetch","rationale":"Inspect an already-known source before another generic query","step":3,"t":"2026-09-17T19:46:53.045Z"}
{"level":"info","event":"action","runId":"96f1eb2a-250c-49ac-9658-3168c1090b70","type":"fetch","rationale":"Inspect an already-known source before another generic query","step":4,"t":"2026-09-17T19:46:53.092Z"}
{"level":"info","event":"action","runId":"96f1eb2a-250c-49ac-9658-3168c1090b70","type":"fetch","rationale":"Inspect an already-known source before another generic query","step":5,"t":"2026-09-17T19:46:53.139Z"}
{"level":"info","event":"action","runId":"96f1eb2a-250c-49ac-9658-3168c1090b70","type":"challenge","rationale":"Disconfirm material conclusion: A primary source that directly contradicts this conclusion.","step":6,"t":"2026-09-17T19:46:53.182Z"}
{"level":"info","event":"action","runId":"96f1eb2a-250c-49ac-9658-3168c1090b70","type":"challenge","rationale":"No counterexample found in accessed primary sources. This is not proof that the conclusion is true.","step":7,"t":"2026-09-17T19:46:53.216Z"}
{"level":"info","event":"action","runId":"96f1eb2a-250c-49ac-9658-3168c1090b70","type":"synthesize","rationale":"decision_critical_gaps_resolved_or_unresolvable; high-impact claims supported or qualified; contradictions handled; remaining actions low expected value","step":8,"t":"2026-09-17T19:46:53.256Z"}
{"level":"info","event":"action","runId":"573b89c0-9f88-467b-8be2-6a0a88b6d161","type":"search","rationale":"Investigate an uncovered required question","step":0,"t":"2026-09-17T19:46:54.881Z"}
{"level":"info","event":"action","runId":"573b89c0-9f88-467b-8be2-6a0a88b6d161","type":"fetch","rationale":"Inspect an already-known source before another generic query","step":1,"t":"2026-09-17T19:46:54.948Z"}
{"level":"info","event":"action","runId":"573b89c0-9f88-467b-8be2-6a0a88b6d161","type":"fetch","rationale":"Inspect an already-known source before another generic query","step":2,"t":"2026-09-17T19:46:54.982Z"}
{"level":"info","event":"action","runId":"573b89c0-9f88-467b-8be2-6a0a88b6d161","type":"fetch","rationale":"Inspect an already-known source before another generic query","step":3,"t":"2026-09-17T19:46:55.038Z"}
{"level":"info","event":"action","runId":"573b89c0-9f88-467b-8be2-6a0a88b6d161","type":"fetch","rationale":"Inspect an already-known source before another generic query","step":4,"t":"2026-09-17T19:46:55.089Z"}
{"level":"info","event":"action","runId":"573b89c0-9f88-467b-8be2-6a0a88b6d161","type":"fetch","rationale":"Inspect an already-known source before another generic query","step":5,"t":"2026-09-17T19:46:55.131Z"}
{"level":"info","event":"action","runId":"573b89c0-9f88-467b-8be2-6a0a88b6d161","type":"challenge","rationale":"Disconfirm material conclusion: A primary source that directly contradicts this conclusion.","step":6,"t":"2026-09-17T19:46:55.176Z"}
{"level":"info","event":"action","runId":"573b89c0-9f88-467b-8be2-6a0a88b6d161","type":"challenge","rationale":"No counterexample found in accessed primary sources. This is not proof that the conclusion is true.","step":7,"t":"2026-09-17T19:46:55.220Z"}
{"level":"info","event":"action","runId":"573b89c0-9f88-467b-8be2-6a0a88b6d161","type":"synthesize","rationale":"decision_critical_gaps_resolved_or_unresolvable; high-impact claims supported or qualified; contradictions handled; remaining actions low expected value","step":8,"t":"2026-09-17T19:46:55.254Z"}
{"level":"info","event":"action","runId":"fbb63ad8-f51b-4117-8db8-b4a05bfdfd07","type":"search","rationale":"Investigate an uncovered required question","step":0,"t":"2026-09-17T19:46:56.688Z"}
{"level":"info","event":"action","runId":"fbb63ad8-f51b-4117-8db8-b4a05bfdfd07","type":"fetch","rationale":"Inspect an already-known source before another generic query","step":1,"t":"2026-09-17T19:46:56.724Z"}
{"level":"info","event":"action","runId":"fbb63ad8-f51b-4117-8db8-b4a05bfdfd07","type":"fetch","rationale":"Inspect an already-known source before another generic query","step":2,"t":"2026-09-17T19:46:56.746Z"}
{"level":"info","event":"action","runId":"fbb63ad8-f51b-4117-8db8-b4a05bfdfd07","type":"fetch","rationale":"Inspect an already-known source before another generic query","step":3,"t":"2026-09-17T19:46:56.765Z"}
{"level":"info","event":"action","runId":"fbb63ad8-f51b-4117-8db8-b4a05bfdfd07","type":"fetch","rationale":"Inspect an already-known source before another generic query","step":4,"t":"2026-09-17T19:46:56.788Z"}
{"level":"info","event":"action","runId":"fbb63ad8-f51b-4117-8db8-b4a05bfdfd07","type":"fetch","rationale":"Inspect an already-known source before another generic query","step":5,"t":"2026-09-17T19:46:56.809Z"}
{"level":"info","event":"action","runId":"fbb63ad8-f51b-4117-8db8-b4a05bfdfd07","type":"challenge","rationale":"Disconfirm material conclusion: A primary source that directly contradicts this conclusion.","step":6,"t":"2026-09-17T19:46:56.828Z"}
{"level":"info","event":"action","runId":"fbb63ad8-f51b-4117-8db8-b4a05bfdfd07","type":"challenge","rationale":"No counterexample found in accessed primary sources. This is not proof that the conclusion is true.","step":7,"t":"2026-09-17T19:46:56.852Z"}
{"level":"info","event":"action","runId":"fbb63ad8-f51b-4117-8db8-b4a05bfdfd07","type":"synthesize","rationale":"decision_critical_gaps_resolved_or_unresolvable; high-impact claims supported or qualified; contradictions handled; remaining actions low expected value","step":8,"t":"2026-09-17T19:46:56.867Z"}
{"level":"info","event":"action","runId":"cd596557-1a4f-4d94-bebf-4ae8ed3405bb","type":"search","rationale":"Investigate an uncovered required question","step":0,"t":"2026-09-17T19:46:57.490Z"}
{"level":"info","event":"action","runId":"cd596557-1a4f-4d94-bebf-4ae8ed3405bb","type":"fetch","rationale":"Inspect an already-known source before another generic query","step":1,"t":"2026-09-17T19:46:57.525Z"}
{"level":"info","event":"action","runId":"cd596557-1a4f-4d94-bebf-4ae8ed3405bb","type":"fetch","rationale":"Inspect an already-known source before another generic query","step":2,"t":"2026-09-17T19:46:57.547Z"}
{"level":"info","event":"action","runId":"cd596557-1a4f-4d94-bebf-4ae8ed3405bb","type":"fetch","rationale":"Inspect an already-known source before another generic query","step":3,"t":"2026-09-17T19:46:57.571Z"}
{"level":"info","event":"action","runId":"cd596557-1a4f-4d94-bebf-4ae8ed3405bb","type":"fetch","rationale":"Inspect an already-known source before another generic query","step":4,"t":"2026-09-17T19:46:57.606Z"}
{"level":"info","event":"action","runId":"cd596557-1a4f-4d94-bebf-4ae8ed3405bb","type":"fetch","rationale":"Inspect an already-known source before another generic query","step":5,"t":"2026-09-17T19:46:57.633Z"}
{"level":"info","event":"action","runId":"cd596557-1a4f-4d94-bebf-4ae8ed3405bb","type":"challenge","rationale":"Disconfirm material conclusion: A primary source that directly contradicts this conclusion.","step":6,"t":"2026-09-17T19:46:57.660Z"}
{"level":"info","event":"action","runId":"cd596557-1a4f-4d94-bebf-4ae8ed3405bb","type":"challenge","rationale":"No counterexample found in accessed primary sources. This is not proof that the conclusion is true.","step":7,"t":"2026-09-17T19:46:57.694Z"}
{"level":"info","event":"action","runId":"cd596557-1a4f-4d94-bebf-4ae8ed3405bb","type":"synthesize","rationale":"decision_critical_gaps_resolved_or_unresolvable; high-impact claims supported or qualified; contradictions handled; remaining actions low expected value","step":8,"t":"2026-09-17T19:46:57.725Z"}
{"level":"info","event":"action","runId":"5e138a9a-3fa2-4608-99aa-3b277dd0dc2f","type":"search","rationale":"Investigate an uncovered required question","step":0,"t":"2026-09-17T19:46:58.515Z"}
{"level":"info","event":"action","runId":"5e138a9a-3fa2-4608-99aa-3b277dd0dc2f","type":"fetch","rationale":"Inspect an already-known source before another generic query","step":1,"t":"2026-09-17T19:46:58.574Z"}
{"level":"info","event":"action","runId":"5e138a9a-3fa2-4608-99aa-3b277dd0dc2f","type":"challenge","rationale":"Disconfirm material conclusion: A primary source that directly contradicts this conclusion.","step":2,"t":"2026-09-17T19:46:58.611Z"}
{"level":"info","event":"action","runId":"5e138a9a-3fa2-4608-99aa-3b277dd0dc2f","type":"challenge","rationale":"No counterexample found in accessed primary sources. This is not proof that the conclusion is true.","step":3,"t":"2026-09-17T19:46:58.651Z"}
{"level":"info","event":"action","runId":"5e138a9a-3fa2-4608-99aa-3b277dd0dc2f","type":"synthesize","rationale":"decision_critical_gaps_resolved_or_unresolvable; high-impact claims supported or qualified; contradictions handled; remaining actions low expected value","step":4,"t":"2026-09-17T19:46:58.682Z"}
{"level":"info","event":"action","runId":"30575b49-e397-4129-a03d-558cd61c4018","type":"search","rationale":"Investigate an uncovered required question","step":0,"t":"2026-09-17T19:46:59.559Z"}
{"level":"info","event":"action","runId":"30575b49-e397-4129-a03d-558cd61c4018","type":"fetch","rationale":"Inspect an already-known source before another generic query","step":1,"t":"2026-09-17T19:46:59.628Z"}
{"level":"info","event":"action","runId":"30575b49-e397-4129-a03d-558cd61c4018","type":"fetch","rationale":"Inspect an already-known source before another generic query","step":2,"t":"2026-09-17T19:46:59.676Z"}
{"level":"info","event":"action","runId":"30575b49-e397-4129-a03d-558cd61c4018","type":"fetch","rationale":"Inspect an already-known source before another generic query","step":3,"t":"2026-09-17T19:46:59.727Z"}
{"level":"info","event":"action","runId":"30575b49-e397-4129-a03d-558cd61c4018","type":"challenge","rationale":"Disconfirm material conclusion: A primary source that directly contradicts this conclusion.","step":4,"t":"2026-09-17T19:46:59.789Z"}
{"level":"info","event":"action","runId":"30575b49-e397-4129-a03d-558cd61c4018","type":"challenge","rationale":"No counterexample found in accessed primary sources. This is not proof that the conclusion is true.","step":5,"t":"2026-09-17T19:46:59.839Z"}
{"level":"info","event":"action","runId":"30575b49-e397-4129-a03d-558cd61c4018","type":"synthesize","rationale":"decision_critical_gaps_resolved_or_unresolvable; high-impact claims supported or qualified; contradictions handled; remaining actions low expected value","step":6,"t":"2026-09-17T19:46:59.879Z"}
{"level":"info","event":"action","runId":"bcc6f33d-a998-4ccf-aed5-b919b2fa7d38","type":"search","rationale":"Investigate an uncovered required question","step":0,"t":"2026-09-17T19:47:00.833Z"}
{"level":"info","event":"action","runId":"bcc6f33d-a998-4ccf-aed5-b919b2fa7d38","type":"fetch","rationale":"Inspect an already-known source before another generic query","step":1,"t":"2026-09-17T19:47:00.893Z"}
{"level":"info","event":"action","runId":"bcc6f33d-a998-4ccf-aed5-b919b2fa7d38","type":"fetch","rationale":"Inspect an already-known source before another generic query","step":2,"t":"2026-09-17T19:47:00.934Z"}
{"level":"info","event":"action","runId":"bcc6f33d-a998-4ccf-aed5-b919b2fa7d38","type":"fetch","rationale":"Inspect an already-known source before another generic query","step":3,"t":"2026-09-17T19:47:00.980Z"}
{"level":"info","event":"action","runId":"bcc6f33d-a998-4ccf-aed5-b919b2fa7d38","type":"challenge","rationale":"Disconfirm material conclusion: A primary source that directly contradicts this conclusion.","step":4,"t":"2026-09-17T19:47:01.018Z"}
{"level":"info","event":"action","runId":"bcc6f33d-a998-4ccf-aed5-b919b2fa7d38","type":"challenge","rationale":"No counterexample found in accessed primary sources. This is not proof that the conclusion is true.","step":5,"t":"2026-09-17T19:47:01.043Z"}
{"level":"info","event":"action","runId":"bcc6f33d-a998-4ccf-aed5-b919b2fa7d38","type":"synthesize","rationale":"decision_critical_gaps_resolved_or_unresolvable; high-impact claims supported or qualified; contradictions handled; remaining actions low expected value","step":6,"t":"2026-09-17T19:47:01.064Z"}
{"level":"info","event":"action","runId":"6dbd8032-a4b3-44f7-9d82-e38b488d3104","type":"search","rationale":"Investigate an uncovered required question","step":0,"t":"2026-09-17T19:47:01.738Z"}
{"level":"info","event":"action","runId":"6dbd8032-a4b3-44f7-9d82-e38b488d3104","type":"fetch","rationale":"Inspect an already-known source before another generic query","step":1,"t":"2026-09-17T19:47:01.779Z"}
{"level":"info","event":"action","runId":"6dbd8032-a4b3-44f7-9d82-e38b488d3104","type":"fetch","rationale":"Inspect an already-known source before another generic query","step":2,"t":"2026-09-17T19:47:01.803Z"}
{"level":"info","event":"action","runId":"6dbd8032-a4b3-44f7-9d82-e38b488d3104","type":"fetch","rationale":"Inspect an already-known source before another generic query","step":3,"t":"2026-09-17T19:47:01.824Z"}
{"level":"info","event":"action","runId":"6dbd8032-a4b3-44f7-9d82-e38b488d3104","type":"fetch","rationale":"Inspect an already-known source before another generic query","step":4,"t":"2026-09-17T19:47:01.844Z"}
{"level":"info","event":"action","runId":"6dbd8032-a4b3-44f7-9d82-e38b488d3104","type":"fetch","rationale":"Inspect an already-known source before another generic query","step":5,"t":"2026-09-17T19:47:01.867Z"}
{"level":"info","event":"action","runId":"6dbd8032-a4b3-44f7-9d82-e38b488d3104","type":"challenge","rationale":"Disconfirm material conclusion: A primary source that directly contradicts this conclusion.","step":6,"t":"2026-09-17T19:47:01.891Z"}
{"level":"info","event":"action","runId":"6dbd8032-a4b3-44f7-9d82-e38b488d3104","type":"challenge","rationale":"No counterexample found in accessed primary sources. This is not proof that the conclusion is true.","step":7,"t":"2026-09-17T19:47:01.927Z"}
{"level":"info","event":"action","runId":"6dbd8032-a4b3-44f7-9d82-e38b488d3104","type":"synthesize","rationale":"decision_critical_gaps_resolved_or_unresolvable; high-impact claims supported or qualified; contradictions handled; remaining actions low expected value","step":8,"t":"2026-09-17T19:47:01.944Z"}
{"level":"info","event":"action","runId":"219e3e6b-08bf-403b-b7c0-0bcdc8ff300c","type":"search","rationale":"Investigate an uncovered required question","step":0,"t":"2026-09-17T19:47:02.252Z"}
{"level":"info","event":"action","runId":"219e3e6b-08bf-403b-b7c0-0bcdc8ff300c","type":"fetch","rationale":"Inspect an already-known source before another generic query","step":1,"t":"2026-09-17T19:47:02.299Z"}
{"level":"info","event":"action","runId":"219e3e6b-08bf-403b-b7c0-0bcdc8ff300c","type":"fetch","rationale":"Inspect an already-known source before another generic query","step":2,"t":"2026-09-17T19:47:02.335Z"}
{"level":"info","event":"action","runId":"219e3e6b-08bf-403b-b7c0-0bcdc8ff300c","type":"fetch","rationale":"Inspect an already-known source before another generic query","step":3,"t":"2026-09-17T19:47:02.361Z"}
{"level":"info","event":"action","runId":"219e3e6b-08bf-403b-b7c0-0bcdc8ff300c","type":"fetch","rationale":"Inspect an already-known source before another generic query","step":4,"t":"2026-09-17T19:47:02.389Z"}
{"level":"info","event":"action","runId":"219e3e6b-08bf-403b-b7c0-0bcdc8ff300c","type":"fetch","rationale":"Inspect an already-known source before another generic query","step":5,"t":"2026-09-17T19:47:02.415Z"}
{"level":"info","event":"action","runId":"219e3e6b-08bf-403b-b7c0-0bcdc8ff300c","type":"challenge","rationale":"Disconfirm material conclusion: A primary source that directly contradicts this conclusion.","step":6,"t":"2026-09-17T19:47:02.452Z"}
{"level":"info","event":"action","runId":"219e3e6b-08bf-403b-b7c0-0bcdc8ff300c","type":"challenge","rationale":"Disconfirm material conclusion: A primary source that directly contradicts this conclusion.","step":7,"t":"2026-09-17T19:47:02.489Z"}
{"level":"info","event":"action","runId":"219e3e6b-08bf-403b-b7c0-0bcdc8ff300c","type":"challenge","rationale":"Disconfirm material conclusion: A primary source that directly contradicts this conclusion.","step":8,"t":"2026-09-17T19:47:02.535Z"}
{"level":"info","event":"action","runId":"219e3e6b-08bf-403b-b7c0-0bcdc8ff300c","type":"challenge","rationale":"Disconfirm material conclusion: A primary source that directly contradicts this conclusion.","step":9,"t":"2026-09-17T19:47:02.577Z"}
{"level":"info","event":"action","runId":"219e3e6b-08bf-403b-b7c0-0bcdc8ff300c","type":"challenge","rationale":"Disconfirm material conclusion: A primary source that directly contradicts this conclusion.","step":10,"t":"2026-09-17T19:47:02.618Z"}
{"level":"info","event":"action","runId":"219e3e6b-08bf-403b-b7c0-0bcdc8ff300c","type":"challenge","rationale":"Disconfirm material conclusion: A primary source that directly contradicts this conclusion.","step":11,"t":"2026-09-17T19:47:02.660Z"}
{"level":"info","event":"action","runId":"219e3e6b-08bf-403b-b7c0-0bcdc8ff300c","type":"challenge","rationale":"Disconfirm material conclusion: A primary source that directly contradicts this conclusion.","step":12,"t":"2026-09-17T19:47:02.699Z"}
{"level":"info","event":"action","runId":"219e3e6b-08bf-403b-b7c0-0bcdc8ff300c","type":"challenge","rationale":"No counterexample found in accessed primary sources. This is not proof that the conclusion is true.","step":13,"t":"2026-09-17T19:47:02.751Z"}
{"level":"info","event":"action","runId":"219e3e6b-08bf-403b-b7c0-0bcdc8ff300c","type":"stop","rationale":"Repeated searches returned no novel source family or coverage progress","step":14,"t":"2026-09-17T19:47:02.788Z"}
{"level":"info","event":"action","runId":"5c15e0b6-4fb8-4586-b81e-ffdbe5ae20f7","type":"search","rationale":"Investigate an uncovered required question","step":0,"t":"2026-09-17T19:47:03.630Z"}
{"level":"info","event":"action","runId":"5c15e0b6-4fb8-4586-b81e-ffdbe5ae20f7","type":"fetch","rationale":"Inspect an already-known source before another generic query","step":1,"t":"2026-09-17T19:47:03.688Z"}
{"level":"info","event":"action","runId":"5c15e0b6-4fb8-4586-b81e-ffdbe5ae20f7","type":"fetch","rationale":"Inspect an already-known source before another generic query","step":2,"t":"2026-09-17T19:47:03.732Z"}
{"level":"info","event":"action","runId":"5c15e0b6-4fb8-4586-b81e-ffdbe5ae20f7","type":"challenge","rationale":"Disconfirm material conclusion: A primary source that directly contradicts this conclusion.","step":3,"t":"2026-09-17T19:47:03.776Z"}
{"level":"info","event":"action","runId":"5c15e0b6-4fb8-4586-b81e-ffdbe5ae20f7","type":"challenge","rationale":"No counterexample found in accessed primary sources. This is not proof that the conclusion is true.","step":4,"t":"2026-09-17T19:47:03.817Z"}
{"level":"info","event":"action","runId":"5c15e0b6-4fb8-4586-b81e-ffdbe5ae20f7","type":"synthesize","rationale":"decision_critical_gaps_resolved_or_unresolvable; high-impact claims supported or qualified; contradictions handled; remaining actions low expected value","step":5,"t":"2026-09-17T19:47:03.856Z"}
{"level":"info","event":"action","runId":"fd7cf8f2-9962-4e16-9947-e3a7cd58d495","type":"search","rationale":"Investigate an uncovered required question","step":0,"t":"2026-09-17T19:47:04.924Z"}
{"level":"info","event":"action","runId":"fd7cf8f2-9962-4e16-9947-e3a7cd58d495","type":"fetch","rationale":"Inspect an already-known source before another generic query","step":1,"t":"2026-09-17T19:47:04.967Z"}
{"level":"info","event":"action","runId":"fd7cf8f2-9962-4e16-9947-e3a7cd58d495","type":"challenge","rationale":"Disconfirm material conclusion: A primary source that directly contradicts this conclusion.","step":2,"t":"2026-09-17T19:47:05.001Z"}
{"level":"info","event":"action","runId":"fd7cf8f2-9962-4e16-9947-e3a7cd58d495","type":"challenge","rationale":"No counterexample found in accessed primary sources. This is not proof that the conclusion is true.","step":3,"t":"2026-09-17T19:47:05.044Z"}
{"level":"info","event":"action","runId":"fd7cf8f2-9962-4e16-9947-e3a7cd58d495","type":"synthesize","rationale":"decision_critical_gaps_resolved_or_unresolvable; high-impact claims supported or qualified; contradictions handled; remaining actions low expected value","step":4,"t":"2026-09-17T19:47:05.069Z"}
{"level":"info","event":"action","runId":"ee828bde-d509-4143-83ba-cd1d3142e8b0","type":"search","rationale":"Investigate an uncovered required question","step":0,"t":"2026-09-17T19:47:05.960Z"}
{"level":"info","event":"action","runId":"ee828bde-d509-4143-83ba-cd1d3142e8b0","type":"fetch","rationale":"Inspect an already-known source before another generic query","step":1,"t":"2026-09-17T19:47:06.017Z"}
{"level":"info","event":"action","runId":"ee828bde-d509-4143-83ba-cd1d3142e8b0","type":"challenge","rationale":"Disconfirm material conclusion: A primary source that directly contradicts this conclusion.","step":2,"t":"2026-09-17T19:47:06.061Z"}
{"level":"info","event":"action","runId":"ee828bde-d509-4143-83ba-cd1d3142e8b0","type":"challenge","rationale":"No counterexample found in accessed primary sources. This is not proof that the conclusion is true.","step":3,"t":"2026-09-17T19:47:06.104Z"}
{"level":"info","event":"action","runId":"ee828bde-d509-4143-83ba-cd1d3142e8b0","type":"synthesize","rationale":"decision_critical_gaps_resolved_or_unresolvable; high-impact claims supported or qualified; contradictions handled; remaining actions low expected value","step":4,"t":"2026-09-17T19:47:06.137Z"}
{"level":"info","event":"action","runId":"cc25fe7e-6709-49aa-8438-569d6883804d","type":"search","rationale":"Investigate an uncovered required question","step":0,"t":"2026-09-17T19:47:06.955Z"}
{"level":"info","event":"action","runId":"cc25fe7e-6709-49aa-8438-569d6883804d","type":"fetch","rationale":"Inspect an already-known source before another generic query","step":1,"t":"2026-09-17T19:47:06.991Z"}
{"level":"info","event":"action","runId":"cc25fe7e-6709-49aa-8438-569d6883804d","type":"challenge","rationale":"Disconfirm material conclusion: A primary source that directly contradicts this conclusion.","step":2,"t":"2026-09-17T19:47:07.019Z"}
{"level":"info","event":"action","runId":"cc25fe7e-6709-49aa-8438-569d6883804d","type":"challenge","rationale":"No counterexample found in accessed primary sources. This is not proof that the conclusion is true.","step":3,"t":"2026-09-17T19:47:07.045Z"}
{"level":"info","event":"action","runId":"cc25fe7e-6709-49aa-8438-569d6883804d","type":"synthesize","rationale":"decision_critical_gaps_resolved_or_unresolvable; high-impact claims supported or qualified; contradictions handled; remaining actions low expected value","step":4,"t":"2026-09-17T19:47:07.065Z"}
{"level":"info","event":"action","runId":"65f02f9e-e4f4-4e95-b48e-bdea1d21eb54","type":"search","rationale":"Investigate an uncovered required question","step":0,"t":"2026-09-17T19:47:07.663Z"}
{"level":"info","event":"action","runId":"65f02f9e-e4f4-4e95-b48e-bdea1d21eb54","type":"fetch","rationale":"Inspect an already-known source before another generic query","step":1,"t":"2026-09-17T19:47:07.694Z"}
{"level":"info","event":"action","runId":"65f02f9e-e4f4-4e95-b48e-bdea1d21eb54","type":"challenge","rationale":"Disconfirm material conclusion: A primary source that directly contradicts this conclusion.","step":2,"t":"2026-09-17T19:47:07.716Z"}
{"level":"info","event":"action","runId":"65f02f9e-e4f4-4e95-b48e-bdea1d21eb54","type":"challenge","rationale":"No counterexample found in accessed primary sources. This is not proof that the conclusion is true.","step":3,"t":"2026-09-17T19:47:07.738Z"}
{"level":"info","event":"action","runId":"65f02f9e-e4f4-4e95-b48e-bdea1d21eb54","type":"synthesize","rationale":"decision_critical_gaps_resolved_or_unresolvable; high-impact claims supported or qualified; contradictions handled; remaining actions low expected value","step":4,"t":"2026-09-17T19:47:07.757Z"}
{"level":"info","event":"action","runId":"80a7f1b2-a278-4c32-bb0a-93668693558d","type":"search","rationale":"Investigate an uncovered required question","step":0,"t":"2026-09-17T19:47:08.348Z"}
{"level":"info","event":"action","runId":"80a7f1b2-a278-4c32-bb0a-93668693558d","type":"fetch","rationale":"Inspect an already-known source before another generic query","step":1,"t":"2026-09-17T19:47:08.391Z"}
{"level":"info","event":"action","runId":"80a7f1b2-a278-4c32-bb0a-93668693558d","type":"fetch","rationale":"Inspect an already-known source before another generic query","step":2,"t":"2026-09-17T19:47:08.429Z"}
{"level":"info","event":"action","runId":"80a7f1b2-a278-4c32-bb0a-93668693558d","type":"fetch","rationale":"Inspect an already-known source before another generic query","step":3,"t":"2026-09-17T19:47:08.469Z"}
{"level":"info","event":"action","runId":"80a7f1b2-a278-4c32-bb0a-93668693558d","type":"fetch","rationale":"Inspect an already-known source before another generic query","step":4,"t":"2026-09-17T19:47:08.502Z"}
{"level":"info","event":"action","runId":"80a7f1b2-a278-4c32-bb0a-93668693558d","type":"fetch","rationale":"Inspect an already-known source before another generic query","step":5,"t":"2026-09-17T19:47:08.539Z"}
{"level":"info","event":"action","runId":"80a7f1b2-a278-4c32-bb0a-93668693558d","type":"challenge","rationale":"Disconfirm material conclusion: A primary source that directly contradicts this conclusion.","step":6,"t":"2026-09-17T19:47:08.579Z"}
{"level":"info","event":"action","runId":"80a7f1b2-a278-4c32-bb0a-93668693558d","type":"challenge","rationale":"No counterexample found in accessed primary sources. This is not proof that the conclusion is true.","step":7,"t":"2026-09-17T19:47:08.612Z"}
{"level":"info","event":"action","runId":"80a7f1b2-a278-4c32-bb0a-93668693558d","type":"synthesize","rationale":"decision_critical_gaps_resolved_or_unresolvable; high-impact claims supported or qualified; contradictions handled; remaining actions low expected value","step":8,"t":"2026-09-17T19:47:08.651Z"}
{"level":"info","event":"action","runId":"e71f5269-8eb1-409a-a6e0-3c9f9aeb11b8","type":"search","rationale":"Investigate an uncovered required question","step":0,"t":"2026-09-17T19:47:09.414Z"}
{"level":"info","event":"action","runId":"e71f5269-8eb1-409a-a6e0-3c9f9aeb11b8","type":"fetch","rationale":"Inspect an already-known source before another generic query","step":1,"t":"2026-09-17T19:47:09.489Z"}
{"level":"info","event":"action","runId":"e71f5269-8eb1-409a-a6e0-3c9f9aeb11b8","type":"synthesize","rationale":"budget requires finishing with available evidence","step":2,"t":"2026-09-17T19:47:09.535Z"}
{"level":"info","event":"action","runId":"6bbf5912-d4bf-4611-9307-7e62e33ac457","type":"search","rationale":"Investigate an uncovered required question","step":0,"t":"2026-09-17T19:47:10.279Z"}
{"level":"info","event":"action","runId":"6bbf5912-d4bf-4611-9307-7e62e33ac457","type":"fetch","rationale":"Inspect an already-known source before another generic query","step":1,"t":"2026-09-17T19:47:10.321Z"}
{"level":"info","event":"action","runId":"6bbf5912-d4bf-4611-9307-7e62e33ac457","type":"fetch","rationale":"Inspect an already-known source before another generic query","step":2,"t":"2026-09-17T19:47:10.353Z"}
{"level":"info","event":"action","runId":"6bbf5912-d4bf-4611-9307-7e62e33ac457","type":"fetch","rationale":"Inspect an already-known source before another generic query","step":3,"t":"2026-09-17T19:47:10.383Z"}
{"level":"info","event":"action","runId":"6bbf5912-d4bf-4611-9307-7e62e33ac457","type":"fetch","rationale":"Inspect an already-known source before another generic query","step":4,"t":"2026-09-17T19:47:10.406Z"}
{"level":"info","event":"action","runId":"6bbf5912-d4bf-4611-9307-7e62e33ac457","type":"fetch","rationale":"Inspect an already-known source before another generic query","step":5,"t":"2026-09-17T19:47:10.436Z"}
{"level":"info","event":"action","runId":"6bbf5912-d4bf-4611-9307-7e62e33ac457","type":"challenge","rationale":"Disconfirm material conclusion: A primary source that directly contradicts this conclusion.","step":6,"t":"2026-09-17T19:47:10.466Z"}
{"level":"info","event":"action","runId":"6bbf5912-d4bf-4611-9307-7e62e33ac457","type":"challenge","rationale":"No counterexample found in accessed primary sources. This is not proof that the conclusion is true.","step":7,"t":"2026-09-17T19:47:10.502Z"}
{"level":"info","event":"action","runId":"6bbf5912-d4bf-4611-9307-7e62e33ac457","type":"synthesize","rationale":"decision_critical_gaps_resolved_or_unresolvable; high-impact claims supported or qualified; contradictions handled; remaining actions low expected value","step":8,"t":"2026-09-17T19:47:10.524Z"}
{"level":"info","event":"action","runId":"653745ce-2560-48bd-b018-cfa0396a8d73","type":"search","rationale":"Investigate an uncovered required question","step":0,"t":"2026-09-17T19:47:11.600Z"}
{"level":"info","event":"action","runId":"653745ce-2560-48bd-b018-cfa0396a8d73","type":"fetch","rationale":"Inspect an already-known source before another generic query","step":1,"t":"2026-09-17T19:47:11.673Z"}
{"level":"info","event":"action","runId":"653745ce-2560-48bd-b018-cfa0396a8d73","type":"fetch","rationale":"Inspect an already-known source before another generic query","step":2,"t":"2026-09-17T19:47:11.720Z"}
{"level":"info","event":"action","runId":"653745ce-2560-48bd-b018-cfa0396a8d73","type":"fetch","rationale":"Inspect an already-known source before another generic query","step":3,"t":"2026-09-17T19:47:11.767Z"}
{"level":"info","event":"action","runId":"653745ce-2560-48bd-b018-cfa0396a8d73","type":"fetch","rationale":"Inspect an already-known source before another generic query","step":4,"t":"2026-09-17T19:47:11.813Z"}
{"level":"info","event":"action","runId":"653745ce-2560-48bd-b018-cfa0396a8d73","type":"fetch","rationale":"Inspect an already-known source before another generic query","step":5,"t":"2026-09-17T19:47:11.843Z"}
{"level":"info","event":"action","runId":"653745ce-2560-48bd-b018-cfa0396a8d73","type":"challenge","rationale":"Disconfirm material conclusion: A primary source that directly contradicts this conclusion.","step":6,"t":"2026-09-17T19:47:11.868Z"}
{"level":"info","event":"action","runId":"653745ce-2560-48bd-b018-cfa0396a8d73","type":"challenge","rationale":"No counterexample found in accessed primary sources. This is not proof that the conclusion is true.","step":7,"t":"2026-09-17T19:47:11.892Z"}
{"level":"info","event":"action","runId":"653745ce-2560-48bd-b018-cfa0396a8d73","type":"synthesize","rationale":"decision_critical_gaps_resolved_or_unresolvable; high-impact claims supported or qualified; contradictions handled; remaining actions low expected value","step":8,"t":"2026-09-17T19:47:11.910Z"}
{"level":"info","event":"action","runId":"4a238571-2b69-4e92-819d-8b2d24791807","type":"challenge","rationale":"Disconfirm material conclusion: A primary source that directly contradicts this conclusion.","step":0,"t":"2026-09-17T19:47:12.838Z"}
{"level":"info","event":"action","runId":"4a238571-2b69-4e92-819d-8b2d24791807","type":"fetch","rationale":"Inspect an already-known source before another generic query","step":1,"t":"2026-09-17T19:47:12.880Z"}
{"level":"info","event":"action","runId":"4a238571-2b69-4e92-819d-8b2d24791807","type":"fetch","rationale":"Inspect an already-known source before another generic query","step":2,"t":"2026-09-17T19:47:12.904Z"}
{"level":"info","event":"action","runId":"4a238571-2b69-4e92-819d-8b2d24791807","type":"fetch","rationale":"Inspect an already-known source before another generic query","step":3,"t":"2026-09-17T19:47:12.928Z"}
{"level":"info","event":"action","runId":"4a238571-2b69-4e92-819d-8b2d24791807","type":"challenge","rationale":"No counterexample found in accessed primary sources. This is not proof that the conclusion is true.","step":4,"t":"2026-09-17T19:47:12.956Z"}
{"level":"info","event":"action","runId":"4a238571-2b69-4e92-819d-8b2d24791807","type":"synthesize","rationale":"decision_critical_gaps_resolved_or_unresolvable; high-impact claims supported or qualified; contradictions handled; remaining actions low expected value","step":5,"t":"2026-09-17T19:47:12.973Z"}
{"level":"info","event":"action","runId":"c4a55ddd-bf40-4d7c-9226-81afd504298d","type":"challenge","rationale":"Disconfirm material conclusion: A primary source that directly contradicts this conclusion.","step":0,"t":"2026-09-17T19:47:13.780Z"}
{"level":"info","event":"action","runId":"c4a55ddd-bf40-4d7c-9226-81afd504298d","type":"fetch","rationale":"Inspect an already-known source before another generic query","step":1,"t":"2026-09-17T19:47:13.830Z"}
{"level":"info","event":"action","runId":"c4a55ddd-bf40-4d7c-9226-81afd504298d","type":"fetch","rationale":"Inspect an already-known source before another generic query","step":2,"t":"2026-09-17T19:47:13.854Z"}
{"level":"info","event":"action","runId":"c4a55ddd-bf40-4d7c-9226-81afd504298d","type":"fetch","rationale":"Inspect an already-known source before another generic query","step":3,"t":"2026-09-17T19:47:13.877Z"}
{"level":"info","event":"action","runId":"c4a55ddd-bf40-4d7c-9226-81afd504298d","type":"challenge","rationale":"No counterexample found in accessed primary sources. This is not proof that the conclusion is true.","step":4,"t":"2026-09-17T19:47:13.905Z"}
{"level":"info","event":"action","runId":"c4a55ddd-bf40-4d7c-9226-81afd504298d","type":"synthesize","rationale":"decision_critical_gaps_resolved_or_unresolvable; high-impact claims supported or qualified; contradictions handled; remaining actions low expected value","step":5,"t":"2026-09-17T19:47:13.925Z"}
{"level":"info","event":"action","runId":"efad631b-c545-4ccc-b500-4d99ac9dd569","type":"search","rationale":"Investigate an uncovered required question","step":0,"t":"2026-09-17T19:47:14.316Z"}
{"level":"info","event":"action","runId":"efad631b-c545-4ccc-b500-4d99ac9dd569","type":"fetch","rationale":"Inspect an already-known source before another generic query","step":1,"t":"2026-09-17T19:47:14.344Z"}
{"level":"info","event":"action","runId":"efad631b-c545-4ccc-b500-4d99ac9dd569","type":"fetch","rationale":"Inspect an already-known source before another generic query","step":2,"t":"2026-09-17T19:47:14.361Z"}
{"level":"info","event":"action","runId":"efad631b-c545-4ccc-b500-4d99ac9dd569","type":"fetch","rationale":"Inspect an already-known source before another generic query","step":3,"t":"2026-09-17T19:47:14.377Z"}
{"level":"info","event":"action","runId":"efad631b-c545-4ccc-b500-4d99ac9dd569","type":"fetch","rationale":"Inspect an already-known source before another generic query","step":4,"t":"2026-09-17T19:47:14.395Z"}
{"level":"info","event":"action","runId":"efad631b-c545-4ccc-b500-4d99ac9dd569","type":"fetch","rationale":"Inspect an already-known source before another generic query","step":5,"t":"2026-09-17T19:47:14.411Z"}
{"level":"info","event":"action","runId":"efad631b-c545-4ccc-b500-4d99ac9dd569","type":"challenge","rationale":"Disconfirm material conclusion: A primary source that directly contradicts this conclusion.","step":6,"t":"2026-09-17T19:47:14.427Z"}
{"level":"info","event":"action","runId":"efad631b-c545-4ccc-b500-4d99ac9dd569","type":"challenge","rationale":"No counterexample found in accessed primary sources. This is not proof that the conclusion is true.","step":7,"t":"2026-09-17T19:47:14.443Z"}
{"level":"info","event":"action","runId":"efad631b-c545-4ccc-b500-4d99ac9dd569","type":"synthesize","rationale":"decision_critical_gaps_resolved_or_unresolvable; high-impact claims supported or qualified; contradictions handled; remaining actions low expected value","step":8,"t":"2026-09-17T19:47:14.456Z"}
{"level":"info","event":"action","runId":"6ad990d9-c39c-44b4-8a91-29d85629e045","type":"search","rationale":"Investigate an uncovered required question","step":0,"t":"2026-09-17T19:47:14.956Z"}
{"level":"info","event":"action","runId":"6ad990d9-c39c-44b4-8a91-29d85629e045","type":"fetch","rationale":"Inspect an already-known source before another generic query","step":1,"t":"2026-09-17T19:47:14.979Z"}
{"level":"info","event":"action","runId":"6ad990d9-c39c-44b4-8a91-29d85629e045","type":"fetch","rationale":"Inspect an already-known source before another generic query","step":2,"t":"2026-09-17T19:47:14.994Z"}
{"level":"info","event":"action","runId":"6ad990d9-c39c-44b4-8a91-29d85629e045","type":"fetch","rationale":"Inspect an already-known source before another generic query","step":3,"t":"2026-09-17T19:47:15.008Z"}
{"level":"info","event":"action","runId":"6ad990d9-c39c-44b4-8a91-29d85629e045","type":"fetch","rationale":"Inspect an already-known source before another generic query","step":4,"t":"2026-09-17T19:47:15.023Z"}
{"level":"info","event":"action","runId":"6ad990d9-c39c-44b4-8a91-29d85629e045","type":"fetch","rationale":"Inspect an already-known source before another generic query","step":5,"t":"2026-09-17T19:47:15.038Z"}
{"level":"info","event":"action","runId":"6ad990d9-c39c-44b4-8a91-29d85629e045","type":"challenge","rationale":"Disconfirm material conclusion: A primary source that directly contradicts this conclusion.","step":6,"t":"2026-09-17T19:47:15.053Z"}
{"level":"info","event":"action","runId":"6ad990d9-c39c-44b4-8a91-29d85629e045","type":"challenge","rationale":"No counterexample found in accessed primary sources. This is not proof that the conclusion is true.","step":7,"t":"2026-09-17T19:47:15.068Z"}
{"level":"info","event":"action","runId":"6ad990d9-c39c-44b4-8a91-29d85629e045","type":"synthesize","rationale":"decision_critical_gaps_resolved_or_unresolvable; high-impact claims supported or qualified; contradictions handled; remaining actions low expected value","step":8,"t":"2026-09-17T19:47:15.080Z"}
{"level":"info","event":"action","runId":"937d2de0-7410-4fd2-8164-74c29c5dc65a","type":"clarify","rationale":"A blocking field is unspecified and would change the answer","step":0,"t":"2026-09-17T19:47:16.034Z"}
{"level":"info","event":"action","runId":"3841d7fb-8378-4dc2-aaa2-ebda31f29bd4","type":"clarify","rationale":"A blocking field is unspecified and would change the answer","step":0,"t":"2026-09-17T19:47:16.293Z"}
{"level":"info","event":"action","runId":"3841d7fb-8378-4dc2-aaa2-ebda31f29bd4","type":"search","rationale":"Investigate an uncovered required question","step":0,"t":"2026-09-17T19:47:16.317Z"}
{"level":"info","event":"action","runId":"3841d7fb-8378-4dc2-aaa2-ebda31f29bd4","type":"fetch","rationale":"Inspect an already-known source before another generic query","step":1,"t":"2026-09-17T19:47:16.333Z"}
{"level":"info","event":"action","runId":"3841d7fb-8378-4dc2-aaa2-ebda31f29bd4","type":"challenge","rationale":"Disconfirm material conclusion: A primary source that directly contradicts this conclusion.","step":2,"t":"2026-09-17T19:47:16.347Z"}
{"level":"info","event":"action","runId":"3841d7fb-8378-4dc2-aaa2-ebda31f29bd4","type":"challenge","rationale":"Disconfirm material conclusion: A primary source that directly contradicts this conclusion.","step":3,"t":"2026-09-17T19:47:16.360Z"}
{"level":"info","event":"action","runId":"3841d7fb-8378-4dc2-aaa2-ebda31f29bd4","type":"challenge","rationale":"Disconfirm material conclusion: A primary source that directly contradicts this conclusion.","step":4,"t":"2026-09-17T19:47:16.372Z"}
{"level":"info","event":"action","runId":"3841d7fb-8378-4dc2-aaa2-ebda31f29bd4","type":"challenge","rationale":"Disconfirm material conclusion: A primary source that directly contradicts this conclusion.","step":5,"t":"2026-09-17T19:47:16.385Z"}
{"level":"info","event":"action","runId":"3841d7fb-8378-4dc2-aaa2-ebda31f29bd4","type":"challenge","rationale":"Disconfirm material conclusion: A primary source that directly contradicts this conclusion.","step":6,"t":"2026-09-17T19:47:16.402Z"}
{"level":"info","event":"action","runId":"3841d7fb-8378-4dc2-aaa2-ebda31f29bd4","type":"challenge","rationale":"Disconfirm material conclusion: A primary source that directly contradicts this conclusion.","step":7,"t":"2026-09-17T19:47:16.416Z"}
{"level":"info","event":"action","runId":"3841d7fb-8378-4dc2-aaa2-ebda31f29bd4","type":"challenge","rationale":"Disconfirm material conclusion: A primary source that directly contradicts this conclusion.","step":8,"t":"2026-09-17T19:47:16.435Z"}
{"level":"info","event":"action","runId":"3841d7fb-8378-4dc2-aaa2-ebda31f29bd4","type":"challenge","rationale":"No counterexample found in accessed primary sources. This is not proof that the conclusion is true.","step":9,"t":"2026-09-17T19:47:16.452Z"}
{"level":"info","event":"action","runId":"3841d7fb-8378-4dc2-aaa2-ebda31f29bd4","type":"stop","rationale":"Repeated searches returned no novel source family or coverage progress","step":10,"t":"2026-09-17T19:47:16.464Z"}
{"level":"info","event":"action","runId":"e4a58d0e-f642-4540-a160-30b9aaf28dcb","type":"clarify","rationale":"A blocking field is unspecified and would change the answer","step":0,"t":"2026-09-17T19:47:16.959Z"}
{"level":"info","event":"action","runId":"e4a58d0e-f642-4540-a160-30b9aaf28dcb","type":"search","rationale":"Investigate an uncovered required question","step":0,"t":"2026-09-17T19:47:16.984Z"}
{"level":"info","event":"action","runId":"e4a58d0e-f642-4540-a160-30b9aaf28dcb","type":"fetch","rationale":"Inspect an already-known source before another generic query","step":1,"t":"2026-09-17T19:47:17.002Z"}
{"level":"info","event":"action","runId":"e4a58d0e-f642-4540-a160-30b9aaf28dcb","type":"challenge","rationale":"Disconfirm material conclusion: A primary source that directly contradicts this conclusion.","step":2,"t":"2026-09-17T19:47:17.015Z"}
{"level":"info","event":"action","runId":"e4a58d0e-f642-4540-a160-30b9aaf28dcb","type":"challenge","rationale":"Disconfirm material conclusion: A primary source that directly contradicts this conclusion.","step":3,"t":"2026-09-17T19:47:17.030Z"}
{"level":"info","event":"action","runId":"e4a58d0e-f642-4540-a160-30b9aaf28dcb","type":"challenge","rationale":"Disconfirm material conclusion: A primary source that directly contradicts this conclusion.","step":4,"t":"2026-09-17T19:47:17.042Z"}
{"level":"info","event":"action","runId":"e4a58d0e-f642-4540-a160-30b9aaf28dcb","type":"challenge","rationale":"Disconfirm material conclusion: A primary source that directly contradicts this conclusion.","step":5,"t":"2026-09-17T19:47:17.056Z"}
{"level":"info","event":"action","runId":"e4a58d0e-f642-4540-a160-30b9aaf28dcb","type":"challenge","rationale":"Disconfirm material conclusion: A primary source that directly contradicts this conclusion.","step":6,"t":"2026-09-17T19:47:17.070Z"}
{"level":"info","event":"action","runId":"e4a58d0e-f642-4540-a160-30b9aaf28dcb","type":"challenge","rationale":"Disconfirm material conclusion: A primary source that directly contradicts this conclusion.","step":7,"t":"2026-09-17T19:47:17.085Z"}
{"level":"info","event":"action","runId":"e4a58d0e-f642-4540-a160-30b9aaf28dcb","type":"challenge","rationale":"Disconfirm material conclusion: A primary source that directly contradicts this conclusion.","step":8,"t":"2026-09-17T19:47:17.100Z"}
{"level":"info","event":"action","runId":"e4a58d0e-f642-4540-a160-30b9aaf28dcb","type":"challenge","rationale":"No counterexample found in accessed primary sources. This is not proof that the conclusion is true.","step":9,"t":"2026-09-17T19:47:17.114Z"}
{"level":"info","event":"action","runId":"e4a58d0e-f642-4540-a160-30b9aaf28dcb","type":"stop","rationale":"Repeated searches returned no novel source family or coverage progress","step":10,"t":"2026-09-17T19:47:17.125Z"}
{"level":"info","event":"action","runId":"5a5d59ae-b4e1-4cf7-8a8b-32877e1e96c2","type":"clarify","rationale":"A blocking field is unspecified and would change the answer","step":0,"t":"2026-09-17T19:47:17.593Z"}
{"level":"info","event":"action","runId":"5a5d59ae-b4e1-4cf7-8a8b-32877e1e96c2","type":"search","rationale":"Investigate an uncovered required question","step":0,"t":"2026-09-17T19:47:17.618Z"}
{"level":"info","event":"action","runId":"5a5d59ae-b4e1-4cf7-8a8b-32877e1e96c2","type":"fetch","rationale":"Inspect an already-known source before another generic query","step":1,"t":"2026-09-17T19:47:17.634Z"}
{"level":"info","event":"action","runId":"5a5d59ae-b4e1-4cf7-8a8b-32877e1e96c2","type":"challenge","rationale":"Disconfirm material conclusion: A primary source that directly contradicts this conclusion.","step":2,"t":"2026-09-17T19:47:17.647Z"}
{"level":"info","event":"action","runId":"5a5d59ae-b4e1-4cf7-8a8b-32877e1e96c2","type":"challenge","rationale":"Disconfirm material conclusion: A primary source that directly contradicts this conclusion.","step":3,"t":"2026-09-17T19:47:17.662Z"}
{"level":"info","event":"action","runId":"5a5d59ae-b4e1-4cf7-8a8b-32877e1e96c2","type":"challenge","rationale":"Disconfirm material conclusion: A primary source that directly contradicts this conclusion.","step":4,"t":"2026-09-17T19:47:17.675Z"}
{"level":"info","event":"action","runId":"5a5d59ae-b4e1-4cf7-8a8b-32877e1e96c2","type":"challenge","rationale":"Disconfirm material conclusion: A primary source that directly contradicts this conclusion.","step":5,"t":"2026-09-17T19:47:17.689Z"}
{"level":"info","event":"action","runId":"5a5d59ae-b4e1-4cf7-8a8b-32877e1e96c2","type":"challenge","rationale":"Disconfirm material conclusion: A primary source that directly contradicts this conclusion.","step":6,"t":"2026-09-17T19:47:17.704Z"}
{"level":"info","event":"action","runId":"5a5d59ae-b4e1-4cf7-8a8b-32877e1e96c2","type":"challenge","rationale":"Disconfirm material conclusion: A primary source that directly contradicts this conclusion.","step":7,"t":"2026-09-17T19:47:17.717Z"}
{"level":"info","event":"action","runId":"5a5d59ae-b4e1-4cf7-8a8b-32877e1e96c2","type":"challenge","rationale":"Disconfirm material conclusion: A primary source that directly contradicts this conclusion.","step":8,"t":"2026-09-17T19:47:17.738Z"}
{"level":"info","event":"action","runId":"5a5d59ae-b4e1-4cf7-8a8b-32877e1e96c2","type":"challenge","rationale":"No counterexample found in accessed primary sources. This is not proof that the conclusion is true.","step":9,"t":"2026-09-17T19:47:17.756Z"}
{"level":"info","event":"action","runId":"5a5d59ae-b4e1-4cf7-8a8b-32877e1e96c2","type":"stop","rationale":"Repeated searches returned no novel source family or coverage progress","step":10,"t":"2026-09-17T19:47:17.768Z"}
 ✓ test/p3-remaining.integration.test.ts (51 tests) 49577ms
   ✓ remaining launch-scope IDs > M04 fixture comparison publishes a wide table, code listing, unicode-safe text, and many citations  1448ms
   ✓ remaining launch-scope IDs > R06 preserves event date vs publication date  940ms
   ✓ remaining launch-scope IDs > R10 declines an unrelated celebrity branch from page content  1047ms
   ✓ remaining launch-scope IDs > R12 explains different percentage denominators instead of averaging  1156ms
   ✓ remaining launch-scope IDs > R15 states unknown without a fake probability  1087ms
   ✓ remaining launch-scope IDs > R16 comparison names the requested entities and constraints  1015ms
   ✓ remaining launch-scope IDs > E05 new source version does not rewrite the original report citation  1304ms
   ✓ remaining launch-scope IDs > V2-13 private canary is stored as evidence, omitted from public queries, and denied to another account  1183ms
   ✓ remaining launch-scope IDs > JOB-1 eligibility-aware comparison under platform and export constraints  1223ms
   ✓ remaining launch-scope IDs > JOB-1 adding Linux as a hard requirement excludes NoteKeep and keeps NoteAll  2245ms
   ✓ remaining launch-scope IDs > JOB-1 removing Linux as a requirement makes NoteKeep eligible again  1855ms
   ✓ remaining launch-scope IDs > JOB-2 attached document text is stored as supplied evidence and not used as a public query  1150ms
   ✓ remaining launch-scope IDs > E06 actual PDF with no readable evidence is disclosed as unread pages  1230ms
   ✓ remaining launch-scope IDs > E08 quoted report text is taken from the stored passage  1255ms
   ✓ remaining launch-scope IDs > E09 export citation anchors resolve to owned passages  1195ms
   ✓ remaining launch-scope IDs > J02 a second processRun after completion does not duplicate the report or settlement  1277ms
   ✓ remaining launch-scope IDs > J04 timeout after issue is outcome-unknown, not assumed free  395ms
   ✓ remaining launch-scope IDs > J06 cancel after completion keeps the published report  1243ms
   ✓ remaining launch-scope IDs > J08 event cursor returns only later sequences  1175ms
   ✓ remaining launch-scope IDs > J13 live spend kill switch blocks new paid routes but keeps saved reports  1155ms
   ✓ remaining launch-scope IDs > S03 oversized attachments are rejected  529ms
   ✓ remaining launch-scope IDs > S07 cross-account reports are denied  1444ms
   ✓ remaining launch-scope IDs > S10 redacts tokens and question fields from logs  415ms
   ✓ remaining launch-scope IDs > S06 / V2-20 does not silently fall back to an unauthorized live processor  373ms
   ✓ remaining launch-scope IDs > V2-10 a later unavailable fetch does not retract last-access evidence  748ms
   ✓ remaining launch-scope IDs > V2-11 concise view uses the same answer citations as the body  916ms
   ✓ remaining launch-scope IDs > V2-19 scanned tables stay unread rather than guessed  969ms
   ✓ remaining launch-scope IDs > R17 concise request still keeps limitations  1350ms
   ✓ remaining launch-scope IDs > R18 compacted checkpoint still lists stored passage ids  1009ms
   ✓ remaining launch-scope IDs > R19 follow-up verifies one claim and keeps the parent report  1710ms
   ✓ remaining launch-scope IDs > R20 dates a retrieved price and keeps a founding year as history  1257ms
   ✓ remaining launch-scope IDs > R21 labels a German original as a translation  1129ms
   ✓ remaining launch-scope IDs > E03 preserves the adults-over-65 qualifier  1057ms
   ✓ remaining launch-scope IDs > E04 report uses the table's 24% rather than 42%  791ms
   ✓ remaining launch-scope IDs > E10 withdraws the conclusion when the asserted 42% is unsupported by the 24% table  688ms
   ✓ remaining launch-scope IDs > J07 expired lease is reclaimed; a live lease is not stolen  895ms
   ✓ remaining launch-scope IDs > J10 a tight budget still publishes a written report  959ms
   ✓ remaining launch-scope IDs > J11 reports that app counters are not provider-internal guarantees  944ms
   ✓ remaining launch-scope IDs > J12 confirmed usage does not rewrite the historical estimate  345ms
   ✓ remaining launch-scope IDs > J14 duplicate completion epochs share one outbox row and omit query text  1015ms
   ✓ remaining launch-scope IDs > V2-09 deleted attachment text is not left in reports  876ms
   ✓ remaining launch-scope IDs > V2-09 late worker cannot republish deleted private text even if it claims deleted=false  689ms
   ✓ remaining launch-scope IDs > expired session cannot read library or reports  661ms
   ✓ remaining launch-scope IDs > library lists report_id for a completed run so share can resolve  614ms
   ✓ remaining launch-scope IDs > clarification continue records geography and resumes  659ms
   ✓ remaining launch-scope IDs > R02 continue with France records France and does not invent Germany  655ms
   ✓ remaining launch-scope IDs > R02 after France continue discovery uses France evidence not the Germany default note  639ms
{"level":"info","event":"action","runId":"46931189-cb9c-46ad-afc6-a500f90cf4bf","type":"clarify","rationale":"A blocking field is unspecified and would change the answer","step":0,"t":"2026-09-17T19:47:19.151Z"}
{"level":"info","event":"action","runId":"deb0f3db-f65c-4f36-9488-ecd97ca10ff9","type":"search","rationale":"Investigate an uncovered required question","step":0,"t":"2026-09-17T19:47:19.423Z"}
{"level":"info","event":"action","runId":"deb0f3db-f65c-4f36-9488-ecd97ca10ff9","type":"fetch","rationale":"Inspect an already-known source before another generic query","step":1,"t":"2026-09-17T19:47:19.474Z"}
{"level":"info","event":"action","runId":"deb0f3db-f65c-4f36-9488-ecd97ca10ff9","type":"fetch","rationale":"Inspect an already-known source before another generic query","step":2,"t":"2026-09-17T19:47:19.497Z"}
{"level":"info","event":"action","runId":"deb0f3db-f65c-4f36-9488-ecd97ca10ff9","type":"fetch","rationale":"Inspect an already-known source before another generic query","step":3,"t":"2026-09-17T19:47:19.522Z"}
{"level":"info","event":"action","runId":"deb0f3db-f65c-4f36-9488-ecd97ca10ff9","type":"challenge","rationale":"Disconfirm material conclusion: A primary source that directly contradicts this conclusion.","step":4,"t":"2026-09-17T19:47:19.548Z"}
{"level":"info","event":"action","runId":"deb0f3db-f65c-4f36-9488-ecd97ca10ff9","type":"challenge","rationale":"No counterexample found in accessed primary sources. This is not proof that the conclusion is true.","step":5,"t":"2026-09-17T19:47:19.574Z"}
{"level":"info","event":"action","runId":"deb0f3db-f65c-4f36-9488-ecd97ca10ff9","type":"synthesize","rationale":"decision_critical_gaps_resolved_or_unresolvable; high-impact claims supported or qualified; contradictions handled; remaining actions low expected value","step":6,"t":"2026-09-17T19:47:19.590Z"}
{"level":"info","event":"action","runId":"2387e685-f6be-470e-bac0-14ecee078ccd","type":"search","rationale":"Investigate an uncovered required question","step":0,"t":"2026-09-17T19:47:20.303Z"}
{"level":"info","event":"action","runId":"2387e685-f6be-470e-bac0-14ecee078ccd","type":"fetch","rationale":"Inspect an already-known source before another generic query","step":1,"t":"2026-09-17T19:47:20.326Z"}
{"level":"info","event":"action","runId":"2387e685-f6be-470e-bac0-14ecee078ccd","type":"challenge","rationale":"Disconfirm material conclusion: A primary source that directly contradicts this conclusion.","step":2,"t":"2026-09-17T19:47:20.348Z"}
{"level":"info","event":"action","runId":"2387e685-f6be-470e-bac0-14ecee078ccd","type":"challenge","rationale":"No counterexample found in accessed primary sources. This is not proof that the conclusion is true.","step":3,"t":"2026-09-17T19:47:20.370Z"}
{"level":"info","event":"action","runId":"2387e685-f6be-470e-bac0-14ecee078ccd","type":"synthesize","rationale":"inaccessible_or_unresolved_gap:primary source is inaccessible","step":4,"t":"2026-09-17T19:47:20.387Z"}
{"level":"info","event":"action","runId":"0e1285c4-50bf-4f1c-9b3f-09dd1d6fabe9","type":"search","rationale":"Investigate an uncovered required question","step":0,"t":"2026-09-17T19:47:21.123Z"}
{"level":"info","event":"action","runId":"0e1285c4-50bf-4f1c-9b3f-09dd1d6fabe9","type":"fetch","rationale":"Inspect the preferred source type (vendor-docs) before more weak sources","step":1,"t":"2026-09-17T19:47:21.144Z"}
{"level":"info","event":"action","runId":"0e1285c4-50bf-4f1c-9b3f-09dd1d6fabe9","type":"fetch","rationale":"Inspect the preferred source type (vendor-docs) before more weak sources","step":2,"t":"2026-09-17T19:47:21.160Z"}
{"level":"info","event":"action","runId":"0e1285c4-50bf-4f1c-9b3f-09dd1d6fabe9","type":"verify","rationale":"Scope-check contradiction on value before treating newest as correct","step":3,"t":"2026-09-17T19:47:21.177Z"}
{"level":"info","event":"action","runId":"0e1285c4-50bf-4f1c-9b3f-09dd1d6fabe9","type":"challenge","rationale":"Disconfirm material conclusion: A primary source that directly contradicts this conclusion.","step":4,"t":"2026-09-17T19:47:21.191Z"}
{"level":"info","event":"action","runId":"0e1285c4-50bf-4f1c-9b3f-09dd1d6fabe9","type":"challenge","rationale":"No counterexample found in accessed primary sources. This is not proof that the conclusion is true.","step":5,"t":"2026-09-17T19:47:21.208Z"}
{"level":"info","event":"action","runId":"0e1285c4-50bf-4f1c-9b3f-09dd1d6fabe9","type":"synthesize","rationale":"decision_critical_gaps_resolved_or_unresolvable; high-impact claims supported or qualified; contradictions handled; remaining actions low expected value","step":6,"t":"2026-09-17T19:47:21.220Z"}
{"level":"info","event":"action","runId":"61eec2cb-af27-4292-b481-724e6a2c9acf","type":"search","rationale":"Investigate an uncovered required question","step":0,"t":"2026-09-17T19:47:21.772Z"}
{"level":"info","event":"action","runId":"61eec2cb-af27-4292-b481-724e6a2c9acf","type":"fetch","rationale":"Inspect an already-known source before another generic query","step":1,"t":"2026-09-17T19:47:21.796Z"}
{"level":"info","event":"action","runId":"61eec2cb-af27-4292-b481-724e6a2c9acf","type":"synthesize","rationale":"budget requires finishing with available evidence","step":2,"t":"2026-09-17T19:47:21.811Z"}
{"level":"info","event":"action","runId":"bfc5f2a1-4fcf-4aec-85f0-66cc0c5ee543","type":"search","rationale":"Investigate an uncovered required question","step":0,"t":"2026-09-17T19:47:22.296Z"}
{"level":"info","event":"action","runId":"bfc5f2a1-4fcf-4aec-85f0-66cc0c5ee543","type":"fetch","rationale":"Inspect an already-known source before another generic query","step":1,"t":"2026-09-17T19:47:22.323Z"}
{"level":"info","event":"action","runId":"bfc5f2a1-4fcf-4aec-85f0-66cc0c5ee543","type":"fetch","rationale":"Inspect an already-known source before another generic query","step":2,"t":"2026-09-17T19:47:22.340Z"}
{"level":"info","event":"action","runId":"bfc5f2a1-4fcf-4aec-85f0-66cc0c5ee543","type":"fetch","rationale":"Inspect an already-known source before another generic query","step":3,"t":"2026-09-17T19:47:22.355Z"}
{"level":"info","event":"action","runId":"bfc5f2a1-4fcf-4aec-85f0-66cc0c5ee543","type":"challenge","rationale":"Disconfirm material conclusion: A primary source that directly contradicts this conclusion.","step":4,"t":"2026-09-17T19:47:22.374Z"}
{"level":"info","event":"action","runId":"bfc5f2a1-4fcf-4aec-85f0-66cc0c5ee543","type":"challenge","rationale":"No counterexample found in accessed primary sources. This is not proof that the conclusion is true.","step":5,"t":"2026-09-17T19:47:22.389Z"}
{"level":"info","event":"action","runId":"bfc5f2a1-4fcf-4aec-85f0-66cc0c5ee543","type":"synthesize","rationale":"decision_critical_gaps_resolved_or_unresolvable; high-impact claims supported or qualified; contradictions handled; remaining actions low expected value","step":6,"t":"2026-09-17T19:47:22.399Z"}
{"level":"info","event":"action","runId":"889855b3-25d1-4325-ad54-d16e15048790","type":"search","rationale":"Investigate an uncovered required question","step":0,"t":"2026-09-17T19:47:22.890Z"}
{"level":"info","event":"action","runId":"889855b3-25d1-4325-ad54-d16e15048790","type":"search","rationale":"Decision-blocking gap: authoritative compatibility limitation. Switching source type to vendor-matrix.","step":1,"t":"2026-09-17T19:47:22.912Z"}
{"level":"info","event":"action","runId":"889855b3-25d1-4325-ad54-d16e15048790","type":"fetch","rationale":"Inspect the preferred source type (vendor-matrix) before more weak sources","step":2,"t":"2026-09-17T19:47:22.929Z"}
{"level":"info","event":"action","runId":"889855b3-25d1-4325-ad54-d16e15048790","type":"fetch","rationale":"Inspect an already-known source before another generic query","step":3,"t":"2026-09-17T19:47:22.944Z"}
{"level":"info","event":"action","runId":"889855b3-25d1-4325-ad54-d16e15048790","type":"fetch","rationale":"Inspect an already-known source before another generic query","step":4,"t":"2026-09-17T19:47:22.958Z"}
{"level":"info","event":"action","runId":"889855b3-25d1-4325-ad54-d16e15048790","type":"fetch","rationale":"Inspect an already-known source before another generic query","step":5,"t":"2026-09-17T19:47:22.973Z"}
{"level":"info","event":"action","runId":"889855b3-25d1-4325-ad54-d16e15048790","type":"verify","rationale":"Scope-check contradiction on compatibility before treating newest as correct","step":6,"t":"2026-09-17T19:47:22.986Z"}
{"level":"info","event":"action","runId":"889855b3-25d1-4325-ad54-d16e15048790","type":"challenge","rationale":"Disconfirm material conclusion: Official compatibility documentation that lists the named version as supported.","step":7,"t":"2026-09-17T19:47:22.998Z"}
{"level":"info","event":"action","runId":"889855b3-25d1-4325-ad54-d16e15048790","type":"challenge","rationale":"No counterexample found in accessed primary sources. This is not proof that the conclusion is true.","step":8,"t":"2026-09-17T19:47:23.015Z"}
{"level":"info","event":"action","runId":"889855b3-25d1-4325-ad54-d16e15048790","type":"synthesize","rationale":"decision_critical_gaps_resolved_or_unresolvable; high-impact claims supported or qualified; contradictions handled; remaining actions low expected value","step":9,"t":"2026-09-17T19:47:23.027Z"}
{"level":"info","event":"action","runId":"de61556b-19ba-4285-a972-a0cde4a7a786","type":"search","rationale":"Investigate an uncovered required question","step":0,"t":"2026-09-17T19:47:23.532Z"}
{"level":"info","event":"action","runId":"de61556b-19ba-4285-a972-a0cde4a7a786","type":"search","rationale":"Decision-blocking gap: authoritative compatibility limitation. Switching source type to vendor-matrix.","step":1,"t":"2026-09-17T19:47:23.554Z"}
{"level":"info","event":"action","runId":"de61556b-19ba-4285-a972-a0cde4a7a786","type":"fetch","rationale":"Inspect the preferred source type (vendor-matrix) before more weak sources","step":2,"t":"2026-09-17T19:47:23.571Z"}
{"level":"info","event":"action","runId":"de61556b-19ba-4285-a972-a0cde4a7a786","type":"fetch","rationale":"Inspect an already-known source before another generic query","step":3,"t":"2026-09-17T19:47:23.585Z"}
{"level":"info","event":"action","runId":"de61556b-19ba-4285-a972-a0cde4a7a786","type":"fetch","rationale":"Inspect an already-known source before another generic query","step":4,"t":"2026-09-17T19:47:23.606Z"}
{"level":"info","event":"action","runId":"de61556b-19ba-4285-a972-a0cde4a7a786","type":"fetch","rationale":"Inspect an already-known source before another generic query","step":5,"t":"2026-09-17T19:47:23.626Z"}
{"level":"info","event":"action","runId":"de61556b-19ba-4285-a972-a0cde4a7a786","type":"verify","rationale":"Scope-check contradiction on compatibility before treating newest as correct","step":6,"t":"2026-09-17T19:47:23.640Z"}
{"level":"info","event":"action","runId":"de61556b-19ba-4285-a972-a0cde4a7a786","type":"challenge","rationale":"Disconfirm material conclusion: Official compatibility documentation that lists the named version as supported.","step":7,"t":"2026-09-17T19:47:23.652Z"}
{"level":"info","event":"action","runId":"de61556b-19ba-4285-a972-a0cde4a7a786","type":"challenge","rationale":"No counterexample found in accessed primary sources. This is not proof that the conclusion is true.","step":8,"t":"2026-09-17T19:47:23.669Z"}
{"level":"info","event":"action","runId":"de61556b-19ba-4285-a972-a0cde4a7a786","type":"synthesize","rationale":"decision_critical_gaps_resolved_or_unresolvable; high-impact claims supported or qualified; contradictions handled; remaining actions low expected value","step":9,"t":"2026-09-17T19:47:23.680Z"}
{"level":"info","event":"action","runId":"5f28437e-0fe7-4dc2-adec-90d87992bfb6","type":"search","rationale":"Investigate an uncovered required question","step":0,"t":"2026-09-17T19:47:24.167Z"}
{"level":"info","event":"action","runId":"5f28437e-0fe7-4dc2-adec-90d87992bfb6","type":"fetch","rationale":"Inspect an already-known source before another generic query","step":1,"t":"2026-09-17T19:47:24.192Z"}
{"level":"info","event":"action","runId":"5f28437e-0fe7-4dc2-adec-90d87992bfb6","type":"fetch","rationale":"Inspect an already-known source before another generic query","step":2,"t":"2026-09-17T19:47:24.206Z"}
{"level":"info","event":"action","runId":"5f28437e-0fe7-4dc2-adec-90d87992bfb6","type":"fetch","rationale":"Inspect an already-known source before another generic query","step":3,"t":"2026-09-17T19:47:24.220Z"}
{"level":"info","event":"action","runId":"5f28437e-0fe7-4dc2-adec-90d87992bfb6","type":"challenge","rationale":"Disconfirm material conclusion: A primary source that directly contradicts this conclusion.","step":4,"t":"2026-09-17T19:47:24.237Z"}
{"level":"info","event":"action","runId":"5f28437e-0fe7-4dc2-adec-90d87992bfb6","type":"challenge","rationale":"No counterexample found in accessed primary sources. This is not proof that the conclusion is true.","step":5,"t":"2026-09-17T19:47:24.251Z"}
{"level":"info","event":"action","runId":"5f28437e-0fe7-4dc2-adec-90d87992bfb6","type":"synthesize","rationale":"decision_critical_gaps_resolved_or_unresolvable; high-impact claims supported or qualified; contradictions handled; remaining actions low expected value","step":6,"t":"2026-09-17T19:47:24.263Z"}
{"level":"info","event":"action","runId":"7f332306-8187-43f8-ba73-57d26f2822b2","type":"search","rationale":"Investigate an uncovered required question","step":0,"t":"2026-09-17T19:47:24.532Z"}
{"level":"info","event":"action","runId":"7f332306-8187-43f8-ba73-57d26f2822b2","type":"fetch","rationale":"Inspect an already-known source before another generic query","step":1,"t":"2026-09-17T19:47:24.548Z"}
{"level":"info","event":"action","runId":"7f332306-8187-43f8-ba73-57d26f2822b2","type":"fetch","rationale":"Inspect an already-known source before another generic query","step":2,"t":"2026-09-17T19:47:24.562Z"}
{"level":"info","event":"action","runId":"7f332306-8187-43f8-ba73-57d26f2822b2","type":"fetch","rationale":"Inspect an already-known source before another generic query","step":3,"t":"2026-09-17T19:47:24.574Z"}
{"level":"info","event":"action","runId":"7f332306-8187-43f8-ba73-57d26f2822b2","type":"challenge","rationale":"Disconfirm material conclusion: A hard-constraint violation for a candidate currently marked eligible.","step":4,"t":"2026-09-17T19:47:24.588Z"}
{"level":"info","event":"action","runId":"7f332306-8187-43f8-ba73-57d26f2822b2","type":"challenge","rationale":"No counterexample found in accessed primary sources. This is not proof that the conclusion is true.","step":5,"t":"2026-09-17T19:47:24.602Z"}
{"level":"info","event":"action","runId":"7f332306-8187-43f8-ba73-57d26f2822b2","type":"synthesize","rationale":"decision_critical_gaps_resolved_or_unresolvable; high-impact claims supported or qualified; contradictions handled; remaining actions low expected value","step":6,"t":"2026-09-17T19:47:24.613Z"}
{"level":"info","event":"action","runId":"8c6f32ee-d9aa-42ad-8361-318f87580296","type":"search","rationale":"Investigate an uncovered required question","step":0,"t":"2026-09-17T19:47:25.093Z"}
{"level":"info","event":"action","runId":"8c6f32ee-d9aa-42ad-8361-318f87580296","type":"fetch","rationale":"Inspect an already-known source before another generic query","step":1,"t":"2026-09-17T19:47:25.110Z"}
{"level":"info","event":"action","runId":"8c6f32ee-d9aa-42ad-8361-318f87580296","type":"challenge","rationale":"Disconfirm material conclusion: A primary source that directly contradicts this conclusion.","step":2,"t":"2026-09-17T19:47:25.126Z"}
{"level":"info","event":"action","runId":"8c6f32ee-d9aa-42ad-8361-318f87580296","type":"challenge","rationale":"No counterexample found in accessed primary sources. This is not proof that the conclusion is true.","step":3,"t":"2026-09-17T19:47:25.140Z"}
{"level":"info","event":"action","runId":"8c6f32ee-d9aa-42ad-8361-318f87580296","type":"synthesize","rationale":"decision_critical_gaps_resolved_or_unresolvable; high-impact claims supported or qualified; contradictions handled; remaining actions low expected value","step":4,"t":"2026-09-17T19:47:25.150Z"}
{"level":"info","event":"action","runId":"0286789b-eaba-429e-84c4-52034d61c8c5","type":"search","rationale":"Investigate an uncovered required question","step":0,"t":"2026-09-17T19:47:25.410Z"}
{"level":"info","event":"action","runId":"0286789b-eaba-429e-84c4-52034d61c8c5","type":"fetch","rationale":"Inspect an already-known source before another generic query","step":1,"t":"2026-09-17T19:47:25.428Z"}
{"level":"info","event":"action","runId":"0286789b-eaba-429e-84c4-52034d61c8c5","type":"challenge","rationale":"Disconfirm material conclusion: A primary source that directly contradicts this conclusion.","step":2,"t":"2026-09-17T19:47:25.441Z"}
{"level":"info","event":"action","runId":"0286789b-eaba-429e-84c4-52034d61c8c5","type":"challenge","rationale":"No counterexample found in accessed primary sources. This is not proof that the conclusion is true.","step":3,"t":"2026-09-17T19:47:25.456Z"}
{"level":"info","event":"action","runId":"0286789b-eaba-429e-84c4-52034d61c8c5","type":"synthesize","rationale":"decision_critical_gaps_resolved_or_unresolvable; high-impact claims supported or qualified; contradictions handled; remaining actions low expected value","step":4,"t":"2026-09-17T19:47:25.468Z"}
{"level":"info","event":"action","runId":"98b09661-cb7a-4083-91cc-cecb31c263bb","type":"search","rationale":"Investigate an uncovered required question","step":0,"t":"2026-09-17T19:47:25.959Z"}
{"level":"info","event":"action","runId":"98b09661-cb7a-4083-91cc-cecb31c263bb","type":"fetch","rationale":"Inspect an already-known source before another generic query","step":1,"t":"2026-09-17T19:47:25.986Z"}
{"level":"info","event":"action","runId":"98b09661-cb7a-4083-91cc-cecb31c263bb","type":"fetch","rationale":"Inspect an already-known source before another generic query","step":2,"t":"2026-09-17T19:47:26.003Z"}
{"level":"info","event":"action","runId":"98b09661-cb7a-4083-91cc-cecb31c263bb","type":"fetch","rationale":"Inspect an already-known source before another generic query","step":3,"t":"2026-09-17T19:47:26.019Z"}
{"level":"info","event":"action","runId":"98b09661-cb7a-4083-91cc-cecb31c263bb","type":"challenge","rationale":"Disconfirm material conclusion: A primary source that directly contradicts this conclusion.","step":4,"t":"2026-09-17T19:47:26.039Z"}
{"level":"info","event":"action","runId":"98b09661-cb7a-4083-91cc-cecb31c263bb","type":"challenge","rationale":"No counterexample found in accessed primary sources. This is not proof that the conclusion is true.","step":5,"t":"2026-09-17T19:47:26.056Z"}
{"level":"info","event":"action","runId":"98b09661-cb7a-4083-91cc-cecb31c263bb","type":"synthesize","rationale":"decision_critical_gaps_resolved_or_unresolvable; high-impact claims supported or qualified; contradictions handled; remaining actions low expected value","step":6,"t":"2026-09-17T19:47:26.068Z"}
{"level":"info","event":"action","runId":"a61ed85f-30d3-4707-9011-24efa1587352","type":"search","rationale":"Investigate an uncovered required question","step":0,"t":"2026-09-17T19:47:26.334Z"}
{"level":"info","event":"action","runId":"a61ed85f-30d3-4707-9011-24efa1587352","type":"fetch","rationale":"Inspect an already-known source before another generic query","step":1,"t":"2026-09-17T19:47:26.356Z"}
{"level":"info","event":"action","runId":"a61ed85f-30d3-4707-9011-24efa1587352","type":"fetch","rationale":"Inspect an already-known source before another generic query","step":2,"t":"2026-09-17T19:47:26.369Z"}
{"level":"info","event":"action","runId":"a61ed85f-30d3-4707-9011-24efa1587352","type":"fetch","rationale":"Inspect an already-known source before another generic query","step":3,"t":"2026-09-17T19:47:26.383Z"}
{"level":"info","event":"action","runId":"a61ed85f-30d3-4707-9011-24efa1587352","type":"challenge","rationale":"Disconfirm material conclusion: A primary source that directly contradicts this conclusion.","step":4,"t":"2026-09-17T19:47:26.402Z"}
{"level":"info","event":"action","runId":"a61ed85f-30d3-4707-9011-24efa1587352","type":"challenge","rationale":"Disconfirm material conclusion: A primary source that directly contradicts this conclusion.","step":5,"t":"2026-09-17T19:47:26.416Z"}
{"level":"info","event":"action","runId":"a61ed85f-30d3-4707-9011-24efa1587352","type":"challenge","rationale":"Disconfirm material conclusion: A primary source that directly contradicts this conclusion.","step":6,"t":"2026-09-17T19:47:26.431Z"}
{"level":"info","event":"action","runId":"a61ed85f-30d3-4707-9011-24efa1587352","type":"challenge","rationale":"Disconfirm material conclusion: A primary source that directly contradicts this conclusion.","step":7,"t":"2026-09-17T19:47:26.448Z"}
{"level":"info","event":"action","runId":"a61ed85f-30d3-4707-9011-24efa1587352","type":"challenge","rationale":"Disconfirm material conclusion: A primary source that directly contradicts this conclusion.","step":8,"t":"2026-09-17T19:47:26.463Z"}
{"level":"info","event":"action","runId":"a61ed85f-30d3-4707-9011-24efa1587352","type":"challenge","rationale":"Disconfirm material conclusion: A primary source that directly contradicts this conclusion.","step":9,"t":"2026-09-17T19:47:26.479Z"}
{"level":"info","event":"action","runId":"a61ed85f-30d3-4707-9011-24efa1587352","type":"challenge","rationale":"Disconfirm material conclusion: A primary source that directly contradicts this conclusion.","step":10,"t":"2026-09-17T19:47:26.496Z"}
{"level":"info","event":"action","runId":"a61ed85f-30d3-4707-9011-24efa1587352","type":"challenge","rationale":"No counterexample found in accessed primary sources. This is not proof that the conclusion is true.","step":11,"t":"2026-09-17T19:47:26.514Z"}
{"level":"info","event":"action","runId":"a61ed85f-30d3-4707-9011-24efa1587352","type":"stop","rationale":"Repeated searches returned no novel source family or coverage progress","step":12,"t":"2026-09-17T19:47:26.526Z"}
{"level":"info","event":"action","runId":"e35e3fc7-47c1-4f84-a4fd-f23e90d7eb06","type":"search","rationale":"Investigate an uncovered required question","step":0,"t":"2026-09-17T19:47:27.012Z"}
{"level":"info","event":"action","runId":"e35e3fc7-47c1-4f84-a4fd-f23e90d7eb06","type":"fetch","rationale":"Inspect an already-known source before another generic query","step":1,"t":"2026-09-17T19:47:27.037Z"}
{"level":"info","event":"action","runId":"e35e3fc7-47c1-4f84-a4fd-f23e90d7eb06","type":"fetch","rationale":"Inspect an already-known source before another generic query","step":2,"t":"2026-09-17T19:47:27.052Z"}
{"level":"info","event":"action","runId":"e35e3fc7-47c1-4f84-a4fd-f23e90d7eb06","type":"fetch","rationale":"Inspect an already-known source before another generic query","step":3,"t":"2026-09-17T19:47:27.067Z"}
{"level":"info","event":"action","runId":"e35e3fc7-47c1-4f84-a4fd-f23e90d7eb06","type":"challenge","rationale":"Disconfirm material conclusion: A primary source that directly contradicts this conclusion.","step":4,"t":"2026-09-17T19:47:27.084Z"}
{"level":"info","event":"action","runId":"e35e3fc7-47c1-4f84-a4fd-f23e90d7eb06","type":"challenge","rationale":"No counterexample found in accessed primary sources. This is not proof that the conclusion is true.","step":5,"t":"2026-09-17T19:47:27.100Z"}
{"level":"info","event":"action","runId":"e35e3fc7-47c1-4f84-a4fd-f23e90d7eb06","type":"synthesize","rationale":"decision_critical_gaps_resolved_or_unresolvable; high-impact claims supported or qualified; contradictions handled; remaining actions low expected value","step":6,"t":"2026-09-17T19:47:27.112Z"}
{"level":"info","event":"action","runId":"df07ce12-e872-41cf-845c-c2cd32494cad","type":"search","rationale":"Investigate an uncovered required question","step":0,"t":"2026-09-17T19:47:27.379Z"}
{"level":"info","event":"action","runId":"df07ce12-e872-41cf-845c-c2cd32494cad","type":"fetch","rationale":"Inspect an already-known source before another generic query","step":1,"t":"2026-09-17T19:47:27.397Z"}
{"level":"info","event":"action","runId":"df07ce12-e872-41cf-845c-c2cd32494cad","type":"fetch","rationale":"Inspect an already-known source before another generic query","step":2,"t":"2026-09-17T19:47:27.412Z"}
{"level":"info","event":"action","runId":"df07ce12-e872-41cf-845c-c2cd32494cad","type":"fetch","rationale":"Inspect an already-known source before another generic query","step":3,"t":"2026-09-17T19:47:27.426Z"}
{"level":"info","event":"action","runId":"df07ce12-e872-41cf-845c-c2cd32494cad","type":"challenge","rationale":"Disconfirm material conclusion: A hard-constraint violation for a candidate currently marked eligible.","step":4,"t":"2026-09-17T19:47:27.441Z"}
{"level":"info","event":"action","runId":"df07ce12-e872-41cf-845c-c2cd32494cad","type":"challenge","rationale":"No counterexample found in accessed primary sources. This is not proof that the conclusion is true.","step":5,"t":"2026-09-17T19:47:27.455Z"}
{"level":"info","event":"action","runId":"df07ce12-e872-41cf-845c-c2cd32494cad","type":"synthesize","rationale":"decision_critical_gaps_resolved_or_unresolvable; high-impact claims supported or qualified; contradictions handled; remaining actions low expected value","step":6,"t":"2026-09-17T19:47:27.467Z"}
{"level":"info","event":"action","runId":"85cb937b-a7c4-41e6-ba01-c01d4aaae755","type":"search","rationale":"Investigate an uncovered required question","step":0,"t":"2026-09-17T19:47:27.728Z"}
{"level":"info","event":"action","runId":"85cb937b-a7c4-41e6-ba01-c01d4aaae755","type":"fetch","rationale":"Inspect an already-known source before another generic query","step":1,"t":"2026-09-17T19:47:27.750Z"}
{"level":"info","event":"action","runId":"85cb937b-a7c4-41e6-ba01-c01d4aaae755","type":"fetch","rationale":"Inspect an already-known source before another generic query","step":2,"t":"2026-09-17T19:47:27.764Z"}
{"level":"info","event":"action","runId":"85cb937b-a7c4-41e6-ba01-c01d4aaae755","type":"fetch","rationale":"Inspect an already-known source before another generic query","step":3,"t":"2026-09-17T19:47:27.779Z"}
{"level":"info","event":"action","runId":"85cb937b-a7c4-41e6-ba01-c01d4aaae755","type":"challenge","rationale":"Disconfirm material conclusion: A primary source that directly contradicts this conclusion.","step":4,"t":"2026-09-17T19:47:27.807Z"}
{"level":"info","event":"action","runId":"85cb937b-a7c4-41e6-ba01-c01d4aaae755","type":"challenge","rationale":"No counterexample found in accessed primary sources. This is not proof that the conclusion is true.","step":5,"t":"2026-09-17T19:47:27.826Z"}
{"level":"info","event":"action","runId":"85cb937b-a7c4-41e6-ba01-c01d4aaae755","type":"synthesize","rationale":"decision_critical_gaps_resolved_or_unresolvable; high-impact claims supported or qualified; contradictions handled; remaining actions low expected value","step":6,"t":"2026-09-17T19:47:27.839Z"}
{"level":"info","event":"action","runId":"fdcc0ea0-2196-41d0-9e33-30205befe15d","type":"search","rationale":"Investigate an uncovered required question","step":0,"t":"2026-09-17T19:47:28.144Z"}
{"level":"info","event":"action","runId":"fdcc0ea0-2196-41d0-9e33-30205befe15d","type":"fetch","rationale":"Inspect an already-known source before another generic query","step":1,"t":"2026-09-17T19:47:28.166Z"}
{"level":"info","event":"action","runId":"fdcc0ea0-2196-41d0-9e33-30205befe15d","type":"fetch","rationale":"Inspect an already-known source before another generic query","step":2,"t":"2026-09-17T19:47:28.184Z"}
{"level":"info","event":"action","runId":"fdcc0ea0-2196-41d0-9e33-30205befe15d","type":"fetch","rationale":"Inspect an already-known source before another generic query","step":3,"t":"2026-09-17T19:47:28.203Z"}
{"level":"info","event":"action","runId":"fdcc0ea0-2196-41d0-9e33-30205befe15d","type":"challenge","rationale":"Disconfirm material conclusion: A hard-constraint violation for a candidate currently marked eligible.","step":4,"t":"2026-09-17T19:47:28.220Z"}
{"level":"info","event":"action","runId":"fdcc0ea0-2196-41d0-9e33-30205befe15d","type":"challenge","rationale":"No counterexample found in accessed primary sources. This is not proof that the conclusion is true.","step":5,"t":"2026-09-17T19:47:28.238Z"}
{"level":"info","event":"action","runId":"fdcc0ea0-2196-41d0-9e33-30205befe15d","type":"synthesize","rationale":"decision_critical_gaps_resolved_or_unresolvable; high-impact claims supported or qualified; contradictions handled; remaining actions low expected value","step":6,"t":"2026-09-17T19:47:28.252Z"}
{"level":"info","event":"action","runId":"2bc9c1b8-e398-4281-a210-dcee24795be1","type":"search","rationale":"Investigate an uncovered required question","step":0,"t":"2026-09-17T19:47:28.944Z"}
{"level":"info","event":"action","runId":"2bc9c1b8-e398-4281-a210-dcee24795be1","type":"fetch","rationale":"Inspect an already-known source before another generic query","step":1,"t":"2026-09-17T19:47:28.968Z"}
{"level":"info","event":"action","runId":"2bc9c1b8-e398-4281-a210-dcee24795be1","type":"fetch","rationale":"Inspect an already-known source before another generic query","step":2,"t":"2026-09-17T19:47:28.986Z"}
{"level":"info","event":"action","runId":"2bc9c1b8-e398-4281-a210-dcee24795be1","type":"fetch","rationale":"Inspect an already-known source before another generic query","step":3,"t":"2026-09-17T19:47:29.006Z"}
{"level":"info","event":"action","runId":"2bc9c1b8-e398-4281-a210-dcee24795be1","type":"challenge","rationale":"Disconfirm material conclusion: A primary source that directly contradicts this conclusion.","step":4,"t":"2026-09-17T19:47:29.031Z"}
{"level":"info","event":"action","runId":"2bc9c1b8-e398-4281-a210-dcee24795be1","type":"challenge","rationale":"No counterexample found in accessed primary sources. This is not proof that the conclusion is true.","step":5,"t":"2026-09-17T19:47:29.051Z"}
{"level":"info","event":"action","runId":"2bc9c1b8-e398-4281-a210-dcee24795be1","type":"synthesize","rationale":"decision_critical_gaps_resolved_or_unresolvable; high-impact claims supported or qualified; contradictions handled; remaining actions low expected value","step":6,"t":"2026-09-17T19:47:29.066Z"}
{"level":"info","event":"action","runId":"888a4659-5cb7-4cd7-8b61-151e762f387b","type":"search","rationale":"Investigate an uncovered required question","step":0,"t":"2026-09-17T19:47:29.382Z"}
{"level":"info","event":"action","runId":"888a4659-5cb7-4cd7-8b61-151e762f387b","type":"fetch","rationale":"Inspect an already-known source before another generic query","step":1,"t":"2026-09-17T19:47:29.405Z"}
{"level":"info","event":"action","runId":"888a4659-5cb7-4cd7-8b61-151e762f387b","type":"fetch","rationale":"Inspect an already-known source before another generic query","step":2,"t":"2026-09-17T19:47:29.422Z"}
{"level":"info","event":"action","runId":"888a4659-5cb7-4cd7-8b61-151e762f387b","type":"challenge","rationale":"Disconfirm material conclusion: A primary source that directly contradicts this conclusion.","step":3,"t":"2026-09-17T19:47:29.440Z"}
{"level":"info","event":"action","runId":"888a4659-5cb7-4cd7-8b61-151e762f387b","type":"challenge","rationale":"Disconfirm material conclusion: A primary source that directly contradicts this conclusion.","step":4,"t":"2026-09-17T19:47:29.459Z"}
{"level":"info","event":"action","runId":"888a4659-5cb7-4cd7-8b61-151e762f387b","type":"challenge","rationale":"Disconfirm material conclusion: A primary source that directly contradicts this conclusion.","step":5,"t":"2026-09-17T19:47:29.480Z"}
{"level":"info","event":"action","runId":"888a4659-5cb7-4cd7-8b61-151e762f387b","type":"challenge","rationale":"Disconfirm material conclusion: A primary source that directly contradicts this conclusion.","step":6,"t":"2026-09-17T19:47:29.496Z"}
{"level":"info","event":"action","runId":"888a4659-5cb7-4cd7-8b61-151e762f387b","type":"challenge","rationale":"Disconfirm material conclusion: A primary source that directly contradicts this conclusion.","step":7,"t":"2026-09-17T19:47:29.513Z"}
{"level":"info","event":"action","runId":"888a4659-5cb7-4cd7-8b61-151e762f387b","type":"challenge","rationale":"Disconfirm material conclusion: A primary source that directly contradicts this conclusion.","step":8,"t":"2026-09-17T19:47:29.531Z"}
{"level":"info","event":"action","runId":"888a4659-5cb7-4cd7-8b61-151e762f387b","type":"challenge","rationale":"Disconfirm material conclusion: A primary source that directly contradicts this conclusion.","step":9,"t":"2026-09-17T19:47:29.548Z"}
{"level":"info","event":"action","runId":"888a4659-5cb7-4cd7-8b61-151e762f387b","type":"challenge","rationale":"No counterexample found in accessed primary sources. This is not proof that the conclusion is true.","step":10,"t":"2026-09-17T19:47:29.568Z"}
{"level":"info","event":"action","runId":"888a4659-5cb7-4cd7-8b61-151e762f387b","type":"stop","rationale":"Repeated searches returned no novel source family or coverage progress","step":11,"t":"2026-09-17T19:47:29.583Z"}
{"level":"info","event":"action","runId":"733b6986-ef1d-460e-bc67-800c9dd2626b","type":"search","rationale":"Investigate an uncovered required question","step":0,"t":"2026-09-17T19:47:30.319Z"}
{"level":"info","event":"action","runId":"733b6986-ef1d-460e-bc67-800c9dd2626b","type":"fetch","rationale":"Inspect an already-known source before another generic query","step":1,"t":"2026-09-17T19:47:30.345Z"}
{"level":"info","event":"action","runId":"733b6986-ef1d-460e-bc67-800c9dd2626b","type":"fetch","rationale":"Inspect an already-known source before another generic query","step":2,"t":"2026-09-17T19:47:30.360Z"}
{"level":"info","event":"action","runId":"733b6986-ef1d-460e-bc67-800c9dd2626b","type":"fetch","rationale":"Inspect an already-known source before another generic query","step":3,"t":"2026-09-17T19:47:30.376Z"}
{"level":"info","event":"action","runId":"733b6986-ef1d-460e-bc67-800c9dd2626b","type":"challenge","rationale":"Disconfirm material conclusion: A primary source that directly contradicts this conclusion.","step":4,"t":"2026-09-17T19:47:30.396Z"}
{"level":"info","event":"action","runId":"733b6986-ef1d-460e-bc67-800c9dd2626b","type":"challenge","rationale":"No counterexample found in accessed primary sources. This is not proof that the conclusion is true.","step":5,"t":"2026-09-17T19:47:30.411Z"}
{"level":"info","event":"action","runId":"733b6986-ef1d-460e-bc67-800c9dd2626b","type":"synthesize","rationale":"decision_critical_gaps_resolved_or_unresolvable; high-impact claims supported or qualified; contradictions handled; remaining actions low expected value","step":6,"t":"2026-09-17T19:47:30.423Z"}
{"level":"info","event":"action","runId":"eddb4297-8837-4aac-8176-17043aba3145","type":"search","rationale":"Investigate an uncovered required question","step":0,"t":"2026-09-17T19:47:31.038Z"}
{"level":"info","event":"action","runId":"eddb4297-8837-4aac-8176-17043aba3145","type":"fetch","rationale":"Inspect an already-known source before another generic query","step":1,"t":"2026-09-17T19:47:31.065Z"}
{"level":"info","event":"action","runId":"eddb4297-8837-4aac-8176-17043aba3145","type":"fetch","rationale":"Inspect an already-known source before another generic query","step":2,"t":"2026-09-17T19:47:31.079Z"}
{"level":"info","event":"action","runId":"eddb4297-8837-4aac-8176-17043aba3145","type":"fetch","rationale":"Inspect an already-known source before another generic query","step":3,"t":"2026-09-17T19:47:31.092Z"}
{"level":"info","event":"action","runId":"eddb4297-8837-4aac-8176-17043aba3145","type":"fetch","rationale":"Inspect an already-known source before another generic query","step":4,"t":"2026-09-17T19:47:31.106Z"}
{"level":"info","event":"action","runId":"eddb4297-8837-4aac-8176-17043aba3145","type":"fetch","rationale":"Inspect an already-known source before another generic query","step":5,"t":"2026-09-17T19:47:31.120Z"}
{"level":"info","event":"action","runId":"eddb4297-8837-4aac-8176-17043aba3145","type":"challenge","rationale":"Disconfirm material conclusion: A primary source that directly contradicts this conclusion.","step":6,"t":"2026-09-17T19:47:31.133Z"}
{"level":"info","event":"action","runId":"eddb4297-8837-4aac-8176-17043aba3145","type":"challenge","rationale":"No counterexample found in accessed primary sources. This is not proof that the conclusion is true.","step":7,"t":"2026-09-17T19:47:31.148Z"}
{"level":"info","event":"action","runId":"eddb4297-8837-4aac-8176-17043aba3145","type":"synthesize","rationale":"decision_critical_gaps_resolved_or_unresolvable; high-impact claims supported or qualified; contradictions handled; remaining actions low expected value","step":8,"t":"2026-09-17T19:47:31.159Z"}
{"level":"info","event":"action","runId":"67cca07b-473f-47b6-8b0d-5e1a3dfd99c1","type":"search","rationale":"Investigate an uncovered required question","step":0,"t":"2026-09-17T19:47:31.636Z"}
{"level":"info","event":"action","runId":"67cca07b-473f-47b6-8b0d-5e1a3dfd99c1","type":"fetch","rationale":"Inspect an already-known source before another generic query","step":1,"t":"2026-09-17T19:47:31.655Z"}
{"level":"info","event":"action","runId":"67cca07b-473f-47b6-8b0d-5e1a3dfd99c1","type":"challenge","rationale":"Disconfirm material conclusion: A primary source that directly contradicts this conclusion.","step":2,"t":"2026-09-17T19:47:31.669Z"}
{"level":"info","event":"action","runId":"67cca07b-473f-47b6-8b0d-5e1a3dfd99c1","type":"challenge","rationale":"No counterexample found in accessed primary sources. This is not proof that the conclusion is true.","step":3,"t":"2026-09-17T19:47:31.692Z"}
{"level":"info","event":"action","runId":"67cca07b-473f-47b6-8b0d-5e1a3dfd99c1","type":"synthesize","rationale":"decision_critical_gaps_resolved_or_unresolvable; high-impact claims supported or qualified; contradictions handled; remaining actions low expected value","step":4,"t":"2026-09-17T19:47:31.705Z"}
{"level":"info","event":"action","runId":"1494ff8b-e87a-4382-a01a-59390ee2e2f5","type":"search","rationale":"Investigate an uncovered required question","step":0,"t":"2026-09-17T19:47:32.707Z"}
{"level":"info","event":"action","runId":"1494ff8b-e87a-4382-a01a-59390ee2e2f5","type":"fetch","rationale":"Inspect an already-known source before another generic query","step":1,"t":"2026-09-17T19:47:32.731Z"}
{"level":"info","event":"action","runId":"1494ff8b-e87a-4382-a01a-59390ee2e2f5","type":"fetch","rationale":"Inspect an already-known source before another generic query","step":2,"t":"2026-09-17T19:47:32.745Z"}
{"level":"info","event":"action","runId":"1494ff8b-e87a-4382-a01a-59390ee2e2f5","type":"fetch","rationale":"Inspect an already-known source before another generic query","step":3,"t":"2026-09-17T19:47:32.761Z"}
{"level":"info","event":"action","runId":"1494ff8b-e87a-4382-a01a-59390ee2e2f5","type":"fetch","rationale":"Inspect an already-known source before another generic query","step":4,"t":"2026-09-17T19:47:32.775Z"}
{"level":"info","event":"action","runId":"1494ff8b-e87a-4382-a01a-59390ee2e2f5","type":"fetch","rationale":"Inspect an already-known source before another generic query","step":5,"t":"2026-09-17T19:47:32.789Z"}
{"level":"info","event":"action","runId":"1494ff8b-e87a-4382-a01a-59390ee2e2f5","type":"challenge","rationale":"Disconfirm material conclusion: A primary source that directly contradicts this conclusion.","step":6,"t":"2026-09-17T19:47:32.803Z"}
{"level":"info","event":"action","runId":"1494ff8b-e87a-4382-a01a-59390ee2e2f5","type":"challenge","rationale":"No counterexample found in accessed primary sources. This is not proof that the conclusion is true.","step":7,"t":"2026-09-17T19:47:32.816Z"}
{"level":"info","event":"action","runId":"1494ff8b-e87a-4382-a01a-59390ee2e2f5","type":"synthesize","rationale":"decision_critical_gaps_resolved_or_unresolvable; high-impact claims supported or qualified; contradictions handled; remaining actions low expected value","step":8,"t":"2026-09-17T19:47:32.828Z"}
 ✓ test/launch-scope.integration.test.ts (19 tests) 14516ms
   ✓ launch-scope fixture/postgres cases > R02 asks a jurisdiction question when it would change the answer  385ms
   ✓ launch-scope fixture/postgres cases > R03 does not interview a clear comparison over style  727ms
   ✓ launch-scope fixture/postgres cases > R07 keeps a paywalled page snippet-only and does not claim a full read  749ms
   ✓ launch-scope fixture/postgres cases > R11 records a real price contradiction without averaging  818ms
   ✓ launch-scope fixture/postgres cases > R14 budget-limited outcome is not marked comprehensive  585ms
   ✓ launch-scope fixture/postgres cases > R22 preserves a reproducible annual cost calculation  599ms
   ✓ launch-scope fixture/postgres cases > V2-01 uses the compatibility matrix, not summary count  632ms
   ✓ launch-scope fixture/postgres cases > V2-02 / R08 switches source type after summary-family saturation  647ms
   ✓ launch-scope fixture/postgres cases > V2-04 relaxed budget discovers a previously omitted candidate  925ms
   ✓ launch-scope fixture/postgres cases > V2-05 recomputes a corrected numeric unit  845ms
   ✓ launch-scope fixture/postgres cases > V2-06 unknown dependency completeness forces a full rerun flag  1064ms
   ✓ launch-scope fixture/postgres cases > P2 selective budget reopen is not a full rerun; unknown-dependency correction is; both 120 EUR paths find Vendor C  1772ms
   ✓ launch-scope fixture/postgres cases > P2 a non-budget correction does not reopen candidate discovery or add Vendor C  1304ms
   ✓ launch-scope fixture/postgres cases > V2-18 distinguishes no eligible inspected option from universal absence  830ms
   ✓ launch-scope fixture/postgres cases > E07 denies another account's evidence id  720ms
   ✓ launch-scope fixture/postgres cases > S04 does not leave raw script markup in the canonical report  552ms
   ✓ launch-scope fixture/postgres cases > challenge and markdown export use the same stored report  653ms
{"level":"info","event":"action","runId":"dbc93580-3617-4f94-96d1-613d24c57d91","type":"search","rationale":"Investigate an uncovered required question","step":0,"t":"2026-09-17T19:47:34.278Z"}
{"level":"info","event":"action","runId":"dbc93580-3617-4f94-96d1-613d24c57d91","type":"fetch","rationale":"Inspect an already-known source before another generic query","step":1,"t":"2026-09-17T19:47:34.324Z"}
{"level":"info","event":"action","runId":"dbc93580-3617-4f94-96d1-613d24c57d91","type":"fetch","rationale":"Inspect an already-known source before another generic query","step":2,"t":"2026-09-17T19:47:34.345Z"}
{"level":"info","event":"action","runId":"dbc93580-3617-4f94-96d1-613d24c57d91","type":"fetch","rationale":"Inspect an already-known source before another generic query","step":3,"t":"2026-09-17T19:47:34.366Z"}
{"level":"info","event":"action","runId":"dbc93580-3617-4f94-96d1-613d24c57d91","type":"challenge","rationale":"Disconfirm material conclusion: A primary source that directly contradicts this conclusion.","step":4,"t":"2026-09-17T19:47:34.394Z"}
{"level":"info","event":"action","runId":"dbc93580-3617-4f94-96d1-613d24c57d91","type":"challenge","rationale":"No counterexample found in accessed primary sources. This is not proof that the conclusion is true.","step":5,"t":"2026-09-17T19:47:34.417Z"}
{"level":"info","event":"action","runId":"dbc93580-3617-4f94-96d1-613d24c57d91","type":"synthesize","rationale":"decision_critical_gaps_resolved_or_unresolvable; high-impact claims supported or qualified; contradictions handled; remaining actions low expected value","step":6,"t":"2026-09-17T19:47:34.435Z"}
{"level":"info","event":"action","runId":"543ec988-1f9a-4ed4-b7c5-0622127a88bb","type":"search","rationale":"Investigate an uncovered required question","step":0,"t":"2026-09-17T19:47:34.999Z"}
{"level":"info","event":"action","runId":"543ec988-1f9a-4ed4-b7c5-0622127a88bb","type":"fetch","rationale":"Inspect an already-known source before another generic query","step":1,"t":"2026-09-17T19:47:35.023Z"}
{"level":"info","event":"action","runId":"543ec988-1f9a-4ed4-b7c5-0622127a88bb","type":"challenge","rationale":"Disconfirm material conclusion: A current official catalog entry for the named product.","step":2,"t":"2026-09-17T19:47:35.041Z"}
{"level":"info","event":"action","runId":"543ec988-1f9a-4ed4-b7c5-0622127a88bb","type":"challenge","rationale":"No counterexample found in accessed primary sources. This is not proof that the conclusion is true.","step":3,"t":"2026-09-17T19:47:35.059Z"}
{"level":"info","event":"action","runId":"543ec988-1f9a-4ed4-b7c5-0622127a88bb","type":"synthesize","rationale":"decision_critical_gaps_resolved_or_unresolvable; high-impact claims supported or qualified; contradictions handled; remaining actions low expected value","step":4,"t":"2026-09-17T19:47:35.073Z"}
{"level":"info","event":"action","runId":"cc4f4ccb-241b-417f-b55b-ebd32126ca30","type":"search","rationale":"Investigate an uncovered required question","step":0,"t":"2026-09-17T19:47:35.576Z"}
{"level":"info","event":"action","runId":"cc4f4ccb-241b-417f-b55b-ebd32126ca30","type":"fetch","rationale":"Inspect an already-known source before another generic query","step":1,"t":"2026-09-17T19:47:35.608Z"}
{"level":"info","event":"action","runId":"cc4f4ccb-241b-417f-b55b-ebd32126ca30","type":"fetch","rationale":"Inspect an already-known source before another generic query","step":2,"t":"2026-09-17T19:47:35.626Z"}
{"level":"info","event":"action","runId":"cc4f4ccb-241b-417f-b55b-ebd32126ca30","type":"fetch","rationale":"Inspect an already-known source before another generic query","step":3,"t":"2026-09-17T19:47:35.643Z"}
{"level":"info","event":"action","runId":"cc4f4ccb-241b-417f-b55b-ebd32126ca30","type":"fetch","rationale":"Inspect an already-known source before another generic query","step":4,"t":"2026-09-17T19:47:35.660Z"}
{"level":"info","event":"action","runId":"cc4f4ccb-241b-417f-b55b-ebd32126ca30","type":"fetch","rationale":"Inspect an already-known source before another generic query","step":5,"t":"2026-09-17T19:47:35.682Z"}
{"level":"info","event":"action","runId":"cc4f4ccb-241b-417f-b55b-ebd32126ca30","type":"challenge","rationale":"Disconfirm material conclusion: A primary source that directly contradicts this conclusion.","step":6,"t":"2026-09-17T19:47:35.706Z"}
{"level":"info","event":"action","runId":"cc4f4ccb-241b-417f-b55b-ebd32126ca30","type":"challenge","rationale":"No counterexample found in accessed primary sources. This is not proof that the conclusion is true.","step":7,"t":"2026-09-17T19:47:35.728Z"}
{"level":"info","event":"action","runId":"cc4f4ccb-241b-417f-b55b-ebd32126ca30","type":"synthesize","rationale":"decision_critical_gaps_resolved_or_unresolvable; high-impact claims supported or qualified; contradictions handled; remaining actions low expected value","step":8,"t":"2026-09-17T19:47:35.744Z"}
{"level":"info","event":"action","runId":"00a62021-c8bf-43e8-82f5-88bbc47a0a3a","type":"search","rationale":"Initial dataset excludes the user's stated population; pivot source type","step":0,"t":"2026-09-17T19:47:36.263Z"}
{"level":"info","event":"action","runId":"00a62021-c8bf-43e8-82f5-88bbc47a0a3a","type":"search","rationale":"Decision-blocking gap: population-specific evidence. Switching source type to population-specific.","step":1,"t":"2026-09-17T19:47:36.286Z"}
{"level":"info","event":"action","runId":"00a62021-c8bf-43e8-82f5-88bbc47a0a3a","type":"search","rationale":"Decision-blocking gap: population-specific evidence. Switching source type to population-specific.","step":2,"t":"2026-09-17T19:47:36.302Z"}
{"level":"info","event":"action","runId":"00a62021-c8bf-43e8-82f5-88bbc47a0a3a","type":"search","rationale":"Decision-blocking gap: population-specific evidence. Switching source type to population-specific.","step":3,"t":"2026-09-17T19:47:36.318Z"}
{"level":"info","event":"action","runId":"00a62021-c8bf-43e8-82f5-88bbc47a0a3a","type":"search","rationale":"Decision-blocking gap: population-specific evidence. Switching source type to population-specific.","step":4,"t":"2026-09-17T19:47:36.333Z"}
{"level":"info","event":"action","runId":"00a62021-c8bf-43e8-82f5-88bbc47a0a3a","type":"search","rationale":"Decision-blocking gap: population-specific evidence. Switching source type to population-specific.","step":5,"t":"2026-09-17T19:47:36.349Z"}
{"level":"info","event":"action","runId":"00a62021-c8bf-43e8-82f5-88bbc47a0a3a","type":"search","rationale":"Decision-blocking gap: population-specific evidence. Switching source type to population-specific.","step":6,"t":"2026-09-17T19:47:36.363Z"}
{"level":"info","event":"action","runId":"00a62021-c8bf-43e8-82f5-88bbc47a0a3a","type":"search","rationale":"Decision-blocking gap: population-specific evidence. Switching source type to population-specific.","step":7,"t":"2026-09-17T19:47:36.379Z"}
{"level":"info","event":"action","runId":"00a62021-c8bf-43e8-82f5-88bbc47a0a3a","type":"fetch","rationale":"Inspect an already-known source before another generic query","step":8,"t":"2026-09-17T19:47:36.396Z"}
{"level":"info","event":"action","runId":"00a62021-c8bf-43e8-82f5-88bbc47a0a3a","type":"fetch","rationale":"Inspect an already-known source before another generic query","step":9,"t":"2026-09-17T19:47:36.412Z"}
{"level":"info","event":"action","runId":"00a62021-c8bf-43e8-82f5-88bbc47a0a3a","type":"challenge","rationale":"No counterexample found in accessed primary sources. This is not proof that the conclusion is true.","step":10,"t":"2026-09-17T19:47:36.429Z"}
{"level":"info","event":"action","runId":"00a62021-c8bf-43e8-82f5-88bbc47a0a3a","type":"stop","rationale":"Repeated searches returned no novel source family or coverage progress","step":11,"t":"2026-09-17T19:47:36.443Z"}
{"level":"info","event":"action","runId":"f1e97366-ad0f-4e0e-b347-cd008195c597","type":"search","rationale":"Investigate an uncovered required question","step":0,"t":"2026-09-17T19:47:36.950Z"}
{"level":"info","event":"action","runId":"f1e97366-ad0f-4e0e-b347-cd008195c597","type":"fetch","rationale":"Inspect an already-known source before another generic query","step":1,"t":"2026-09-17T19:47:36.967Z"}
{"level":"info","event":"action","runId":"f1e97366-ad0f-4e0e-b347-cd008195c597","type":"challenge","rationale":"Disconfirm material conclusion: A primary source that directly contradicts this conclusion.","step":2,"t":"2026-09-17T19:47:36.982Z"}
{"level":"info","event":"action","runId":"f1e97366-ad0f-4e0e-b347-cd008195c597","type":"challenge","rationale":"No counterexample found in accessed primary sources. This is not proof that the conclusion is true.","step":3,"t":"2026-09-17T19:47:36.997Z"}
{"level":"info","event":"action","runId":"f1e97366-ad0f-4e0e-b347-cd008195c597","type":"synthesize","rationale":"decision_critical_gaps_resolved_or_unresolvable; high-impact claims supported or qualified; contradictions handled; remaining actions low expected value","step":4,"t":"2026-09-17T19:47:37.010Z"}
{"level":"info","event":"action","runId":"1b94e0fe-b095-43ea-b6ec-b69050d67233","type":"search","rationale":"Investigate an uncovered required question","step":0,"t":"2026-09-17T19:47:37.486Z"}
{"level":"info","event":"action","runId":"1b94e0fe-b095-43ea-b6ec-b69050d67233","type":"fetch","rationale":"Inspect an already-known source before another generic query","step":1,"t":"2026-09-17T19:47:37.513Z"}
{"level":"info","event":"action","runId":"1b94e0fe-b095-43ea-b6ec-b69050d67233","type":"fetch","rationale":"Inspect an already-known source before another generic query","step":2,"t":"2026-09-17T19:47:37.528Z"}
{"level":"info","event":"action","runId":"1b94e0fe-b095-43ea-b6ec-b69050d67233","type":"fetch","rationale":"Inspect an already-known source before another generic query","step":3,"t":"2026-09-17T19:47:37.544Z"}
{"level":"info","event":"action","runId":"1b94e0fe-b095-43ea-b6ec-b69050d67233","type":"challenge","rationale":"Disconfirm material conclusion: A primary source that directly contradicts this conclusion.","step":4,"t":"2026-09-17T19:47:37.564Z"}
{"level":"info","event":"action","runId":"1b94e0fe-b095-43ea-b6ec-b69050d67233","type":"challenge","rationale":"No counterexample found in accessed primary sources. This is not proof that the conclusion is true.","step":5,"t":"2026-09-17T19:47:37.581Z"}
{"level":"info","event":"action","runId":"1b94e0fe-b095-43ea-b6ec-b69050d67233","type":"synthesize","rationale":"decision_critical_gaps_resolved_or_unresolvable; high-impact claims supported or qualified; contradictions handled; remaining actions low expected value","step":6,"t":"2026-09-17T19:47:37.596Z"}
{"level":"info","event":"action","runId":"687214d3-53ea-4d98-ad79-859e74495448","type":"search","rationale":"Investigate an uncovered required question","step":0,"t":"2026-09-17T19:47:38.124Z"}
{"level":"info","event":"action","runId":"687214d3-53ea-4d98-ad79-859e74495448","type":"fetch","rationale":"Inspect an already-known source before another generic query","step":1,"t":"2026-09-17T19:47:38.147Z"}
{"level":"info","event":"action","runId":"687214d3-53ea-4d98-ad79-859e74495448","type":"fetch","rationale":"Inspect an already-known source before another generic query","step":2,"t":"2026-09-17T19:47:38.161Z"}
{"level":"info","event":"action","runId":"687214d3-53ea-4d98-ad79-859e74495448","type":"fetch","rationale":"Inspect an already-known source before another generic query","step":3,"t":"2026-09-17T19:47:38.176Z"}
{"level":"info","event":"action","runId":"687214d3-53ea-4d98-ad79-859e74495448","type":"fetch","rationale":"Inspect an already-known source before another generic query","step":4,"t":"2026-09-17T19:47:38.191Z"}
{"level":"info","event":"action","runId":"687214d3-53ea-4d98-ad79-859e74495448","type":"fetch","rationale":"Inspect an already-known source before another generic query","step":5,"t":"2026-09-17T19:47:38.205Z"}
{"level":"info","event":"action","runId":"687214d3-53ea-4d98-ad79-859e74495448","type":"challenge","rationale":"Disconfirm material conclusion: A primary source that directly contradicts this conclusion.","step":6,"t":"2026-09-17T19:47:38.220Z"}
{"level":"info","event":"action","runId":"687214d3-53ea-4d98-ad79-859e74495448","type":"challenge","rationale":"No counterexample found in accessed primary sources. This is not proof that the conclusion is true.","step":7,"t":"2026-09-17T19:47:38.234Z"}
{"level":"info","event":"action","runId":"687214d3-53ea-4d98-ad79-859e74495448","type":"synthesize","rationale":"decision_critical_gaps_resolved_or_unresolvable; high-impact claims supported or qualified; contradictions handled; remaining actions low expected value","step":8,"t":"2026-09-17T19:47:38.246Z"}
{"level":"info","event":"action","runId":"2d5b8cf3-5798-4523-b604-ce5f12903100","type":"search","rationale":"Investigate an uncovered required question","step":0,"t":"2026-09-17T19:47:38.997Z"}
{"level":"info","event":"action","runId":"2d5b8cf3-5798-4523-b604-ce5f12903100","type":"fetch","rationale":"Inspect an already-known source before another generic query","step":0,"t":"2026-09-17T19:47:39.031Z"}
{"level":"info","event":"action","runId":"2d5b8cf3-5798-4523-b604-ce5f12903100","type":"fetch","rationale":"Inspect an already-known source before another generic query","step":1,"t":"2026-09-17T19:47:39.045Z"}
{"level":"info","event":"action","runId":"2d5b8cf3-5798-4523-b604-ce5f12903100","type":"fetch","rationale":"Inspect an already-known source before another generic query","step":2,"t":"2026-09-17T19:47:39.060Z"}
{"level":"info","event":"action","runId":"2d5b8cf3-5798-4523-b604-ce5f12903100","type":"challenge","rationale":"Disconfirm material conclusion: A primary source that directly contradicts this conclusion.","step":3,"t":"2026-09-17T19:47:39.077Z"}
{"level":"info","event":"action","runId":"2d5b8cf3-5798-4523-b604-ce5f12903100","type":"challenge","rationale":"No counterexample found in accessed primary sources. This is not proof that the conclusion is true.","step":4,"t":"2026-09-17T19:47:39.093Z"}
{"level":"info","event":"action","runId":"2d5b8cf3-5798-4523-b604-ce5f12903100","type":"synthesize","rationale":"decision_critical_gaps_resolved_or_unresolvable; high-impact claims supported or qualified; contradictions handled; remaining actions low expected value","step":5,"t":"2026-09-17T19:47:39.104Z"}
{"level":"info","event":"action","runId":"2baeb45a-3383-407e-8e09-b2821e9d51e7","type":"search","rationale":"Investigate an uncovered required question","step":0,"t":"2026-09-17T19:47:39.744Z"}
{"level":"info","event":"action","runId":"2baeb45a-3383-407e-8e09-b2821e9d51e7","type":"fetch","rationale":"Inspect an already-known source before another generic query","step":1,"t":"2026-09-17T19:47:39.770Z"}
{"level":"info","event":"action","runId":"2baeb45a-3383-407e-8e09-b2821e9d51e7","type":"fetch","rationale":"Inspect an already-known source before another generic query","step":2,"t":"2026-09-17T19:47:39.783Z"}
{"level":"info","event":"action","runId":"2baeb45a-3383-407e-8e09-b2821e9d51e7","type":"fetch","rationale":"Inspect an already-known source before another generic query","step":3,"t":"2026-09-17T19:47:39.799Z"}
{"level":"info","event":"action","runId":"2baeb45a-3383-407e-8e09-b2821e9d51e7","type":"challenge","rationale":"Disconfirm material conclusion: A primary source that directly contradicts this conclusion.","step":4,"t":"2026-09-17T19:47:39.817Z"}
{"level":"info","event":"action","runId":"2baeb45a-3383-407e-8e09-b2821e9d51e7","type":"challenge","rationale":"No counterexample found in accessed primary sources. This is not proof that the conclusion is true.","step":5,"t":"2026-09-17T19:47:39.832Z"}
{"level":"info","event":"action","runId":"2baeb45a-3383-407e-8e09-b2821e9d51e7","type":"synthesize","rationale":"decision_critical_gaps_resolved_or_unresolvable; high-impact claims supported or qualified; contradictions handled; remaining actions low expected value","step":6,"t":"2026-09-17T19:47:39.843Z"}
{"level":"info","event":"action","runId":"2bc101da-d21b-4b0e-8a76-efc09fb571db","type":"search","rationale":"Investigate an uncovered required question","step":0,"t":"2026-09-17T19:47:40.281Z"}
{"level":"info","event":"action","runId":"2bc101da-d21b-4b0e-8a76-efc09fb571db","type":"stop","rationale":"action type reveal_keys is not a permitted research action","step":1,"t":"2026-09-17T19:47:40.302Z"}
{"level":"info","event":"action","runId":"2607bb1c-f7da-42fe-a955-3082304cb211","type":"search","rationale":"Investigate an uncovered required question","step":0,"t":"2026-09-17T19:47:41.010Z"}
{"level":"info","event":"action","runId":"2607bb1c-f7da-42fe-a955-3082304cb211","type":"fetch","rationale":"Inspect an already-known source before another generic query","step":1,"t":"2026-09-17T19:47:41.035Z"}
{"level":"info","event":"action","runId":"2607bb1c-f7da-42fe-a955-3082304cb211","type":"fetch","rationale":"Inspect an already-known source before another generic query","step":2,"t":"2026-09-17T19:47:41.049Z"}
{"level":"info","event":"action","runId":"2607bb1c-f7da-42fe-a955-3082304cb211","type":"fetch","rationale":"Inspect an already-known source before another generic query","step":3,"t":"2026-09-17T19:47:41.065Z"}
{"level":"info","event":"action","runId":"2607bb1c-f7da-42fe-a955-3082304cb211","type":"challenge","rationale":"Disconfirm material conclusion: A primary source that directly contradicts this conclusion.","step":4,"t":"2026-09-17T19:47:41.083Z"}
{"level":"info","event":"action","runId":"2607bb1c-f7da-42fe-a955-3082304cb211","type":"challenge","rationale":"No counterexample found in accessed primary sources. This is not proof that the conclusion is true.","step":5,"t":"2026-09-17T19:47:41.099Z"}
{"level":"info","event":"action","runId":"2607bb1c-f7da-42fe-a955-3082304cb211","type":"synthesize","rationale":"decision_critical_gaps_resolved_or_unresolvable; high-impact claims supported or qualified; contradictions handled; remaining actions low expected value","step":6,"t":"2026-09-17T19:47:41.110Z"}
{"level":"info","event":"action","runId":"b574a4e3-5c25-441e-8a21-9f656809243d","type":"search","rationale":"Investigate an uncovered required question","step":0,"t":"2026-09-17T19:47:41.594Z"}
{"level":"info","event":"action","runId":"b574a4e3-5c25-441e-8a21-9f656809243d","type":"fetch","rationale":"Inspect an already-known source before another generic query","step":1,"t":"2026-09-17T19:47:41.618Z"}
{"level":"info","event":"action","runId":"b574a4e3-5c25-441e-8a21-9f656809243d","type":"fetch","rationale":"Inspect an already-known source before another generic query","step":2,"t":"2026-09-17T19:47:41.633Z"}
{"level":"info","event":"action","runId":"b574a4e3-5c25-441e-8a21-9f656809243d","type":"fetch","rationale":"Inspect an already-known source before another generic query","step":3,"t":"2026-09-17T19:47:41.649Z"}
{"level":"info","event":"action","runId":"b574a4e3-5c25-441e-8a21-9f656809243d","type":"challenge","rationale":"Disconfirm material conclusion: A primary source that directly contradicts this conclusion.","step":4,"t":"2026-09-17T19:47:41.670Z"}
{"level":"info","event":"action","runId":"b574a4e3-5c25-441e-8a21-9f656809243d","type":"challenge","rationale":"No counterexample found in accessed primary sources. This is not proof that the conclusion is true.","step":5,"t":"2026-09-17T19:47:41.685Z"}
{"level":"info","event":"action","runId":"b574a4e3-5c25-441e-8a21-9f656809243d","type":"synthesize","rationale":"decision_critical_gaps_resolved_or_unresolvable; high-impact claims supported or qualified; contradictions handled; remaining actions low expected value","step":6,"t":"2026-09-17T19:47:41.699Z"}
{"level":"info","event":"action","runId":"5b2f7c70-f546-4f36-b9f1-3bb119a67492","type":"search","rationale":"Investigate an uncovered required question","step":0,"t":"2026-09-17T19:47:42.185Z"}
{"level":"info","event":"action","runId":"5b2f7c70-f546-4f36-b9f1-3bb119a67492","type":"fetch","rationale":"Inspect an already-known source before another generic query","step":1,"t":"2026-09-17T19:47:42.210Z"}
{"level":"info","event":"action","runId":"5b2f7c70-f546-4f36-b9f1-3bb119a67492","type":"fetch","rationale":"Inspect an already-known source before another generic query","step":2,"t":"2026-09-17T19:47:42.225Z"}
{"level":"info","event":"action","runId":"5b2f7c70-f546-4f36-b9f1-3bb119a67492","type":"fetch","rationale":"Inspect an already-known source before another generic query","step":3,"t":"2026-09-17T19:47:42.239Z"}
{"level":"info","event":"action","runId":"5b2f7c70-f546-4f36-b9f1-3bb119a67492","type":"challenge","rationale":"Disconfirm material conclusion: A primary source that directly contradicts this conclusion.","step":4,"t":"2026-09-17T19:47:42.257Z"}
{"level":"info","event":"action","runId":"5b2f7c70-f546-4f36-b9f1-3bb119a67492","type":"challenge","rationale":"No counterexample found in accessed primary sources. This is not proof that the conclusion is true.","step":5,"t":"2026-09-17T19:47:42.271Z"}
{"level":"info","event":"action","runId":"5b2f7c70-f546-4f36-b9f1-3bb119a67492","type":"synthesize","rationale":"decision_critical_gaps_resolved_or_unresolvable; high-impact claims supported or qualified; contradictions handled; remaining actions low expected value","step":6,"t":"2026-09-17T19:47:42.283Z"}
{"level":"info","event":"action","runId":"f6fd2a2f-3bf4-4065-9da3-4ed0bab441f8","type":"search","rationale":"Investigate an uncovered required question","step":0,"t":"2026-09-17T19:47:42.565Z"}
{"level":"info","event":"action","runId":"f6fd2a2f-3bf4-4065-9da3-4ed0bab441f8","type":"fetch","rationale":"Inspect an already-known source before another generic query","step":1,"t":"2026-09-17T19:47:42.586Z"}
{"level":"info","event":"action","runId":"f6fd2a2f-3bf4-4065-9da3-4ed0bab441f8","type":"fetch","rationale":"Inspect an already-known source before another generic query","step":2,"t":"2026-09-17T19:47:42.600Z"}
{"level":"info","event":"action","runId":"f6fd2a2f-3bf4-4065-9da3-4ed0bab441f8","type":"fetch","rationale":"Inspect an already-known source before another generic query","step":3,"t":"2026-09-17T19:47:42.615Z"}
{"level":"info","event":"action","runId":"f6fd2a2f-3bf4-4065-9da3-4ed0bab441f8","type":"challenge","rationale":"Disconfirm material conclusion: A hard-constraint violation for a candidate currently marked eligible.","step":4,"t":"2026-09-17T19:47:42.628Z"}
{"level":"info","event":"action","runId":"f6fd2a2f-3bf4-4065-9da3-4ed0bab441f8","type":"challenge","rationale":"No counterexample found in accessed primary sources. This is not proof that the conclusion is true.","step":5,"t":"2026-09-17T19:47:42.643Z"}
{"level":"info","event":"action","runId":"f6fd2a2f-3bf4-4065-9da3-4ed0bab441f8","type":"synthesize","rationale":"decision_critical_gaps_resolved_or_unresolvable; high-impact claims supported or qualified; contradictions handled; remaining actions low expected value","step":6,"t":"2026-09-17T19:47:42.655Z"}
{"level":"info","event":"action","runId":"6f911bb6-9010-4123-8d5f-d3d35c0d8099","type":"challenge","rationale":"Disconfirm material conclusion: A primary source that directly contradicts this conclusion.","step":0,"t":"2026-09-17T19:47:43.331Z"}
{"level":"info","event":"action","runId":"6f911bb6-9010-4123-8d5f-d3d35c0d8099","type":"fetch","rationale":"Inspect an already-known source before another generic query","step":1,"t":"2026-09-17T19:47:43.358Z"}
{"level":"info","event":"action","runId":"6f911bb6-9010-4123-8d5f-d3d35c0d8099","type":"fetch","rationale":"Inspect an already-known source before another generic query","step":2,"t":"2026-09-17T19:47:43.373Z"}
{"level":"info","event":"action","runId":"6f911bb6-9010-4123-8d5f-d3d35c0d8099","type":"fetch","rationale":"Inspect an already-known source before another generic query","step":3,"t":"2026-09-17T19:47:43.389Z"}
{"level":"info","event":"action","runId":"6f911bb6-9010-4123-8d5f-d3d35c0d8099","type":"challenge","rationale":"No counterexample found in accessed primary sources. This is not proof that the conclusion is true.","step":4,"t":"2026-09-17T19:47:43.411Z"}
{"level":"info","event":"action","runId":"6f911bb6-9010-4123-8d5f-d3d35c0d8099","type":"synthesize","rationale":"decision_critical_gaps_resolved_or_unresolvable; high-impact claims supported or qualified; contradictions handled; remaining actions low expected value","step":5,"t":"2026-09-17T19:47:43.426Z"}
{"level":"info","event":"action","runId":"319e9460-0349-4306-ab87-8c723ec25911","type":"search","rationale":"Investigate an uncovered required question","step":0,"t":"2026-09-17T19:47:44.136Z"}
{"level":"info","event":"action","runId":"319e9460-0349-4306-ab87-8c723ec25911","type":"fetch","rationale":"Inspect an already-known source before another generic query","step":1,"t":"2026-09-17T19:47:44.159Z"}
{"level":"info","event":"action","runId":"319e9460-0349-4306-ab87-8c723ec25911","type":"fetch","rationale":"Inspect an already-known source before another generic query","step":2,"t":"2026-09-17T19:47:44.175Z"}
{"level":"info","event":"action","runId":"319e9460-0349-4306-ab87-8c723ec25911","type":"fetch","rationale":"Inspect an already-known source before another generic query","step":3,"t":"2026-09-17T19:47:44.189Z"}
{"level":"info","event":"action","runId":"319e9460-0349-4306-ab87-8c723ec25911","type":"fetch","rationale":"Inspect an already-known source before another generic query","step":4,"t":"2026-09-17T19:47:44.204Z"}
{"level":"info","event":"action","runId":"319e9460-0349-4306-ab87-8c723ec25911","type":"fetch","rationale":"Inspect an already-known source before another generic query","step":5,"t":"2026-09-17T19:47:44.219Z"}
{"level":"info","event":"action","runId":"319e9460-0349-4306-ab87-8c723ec25911","type":"challenge","rationale":"Disconfirm material conclusion: A primary source that directly contradicts this conclusion.","step":6,"t":"2026-09-17T19:47:44.233Z"}
{"level":"info","event":"action","runId":"319e9460-0349-4306-ab87-8c723ec25911","type":"challenge","rationale":"No counterexample found in accessed primary sources. This is not proof that the conclusion is true.","step":7,"t":"2026-09-17T19:47:44.248Z"}
{"level":"info","event":"action","runId":"319e9460-0349-4306-ab87-8c723ec25911","type":"synthesize","rationale":"decision_critical_gaps_resolved_or_unresolvable; high-impact claims supported or qualified; contradictions handled; remaining actions low expected value","step":8,"t":"2026-09-17T19:47:44.261Z"}
 ✓ test/p0-smoke.integration.test.ts (16 tests) 10801ms
   ✓ P0 smoke against shipped API/worker/postgres > R01 already-known constraint is stored and not re-asked  798ms
   ✓ P0 smoke against shipped API/worker/postgres > R04 false premise is reported and not invented  593ms
   ✓ P0 smoke against shipped API/worker/postgres > R05 source duplication clusters five reprints as one origin  691ms
   ✓ P0 smoke against shipped API/worker/postgres > R09 justified pivot opens a population-relevant source  679ms
   ✓ P0 smoke against shipped API/worker/postgres > R13 diminishing returns stops instead of exhausting a quota  549ms
   ✓ P0 smoke against shipped API/worker/postgres > E01 unknown citation ID blocks publication  629ms
   ✓ P0 smoke against shipped API/worker/postgres > E02 non-supporting citation is flagged  613ms
   ✓ P0 smoke against shipped API/worker/postgres > J03 crash after fetch recovers evidence without double settlement  627ms
   ✓ P0 smoke against shipped API/worker/postgres > J05 / V2-07 cancel during writing rejects late publication  531ms
   ✓ P0 smoke against shipped API/worker/postgres > S01 prompt injection cannot authorize tools or reveal keys  679ms
   ✓ P0 smoke against shipped API/worker/postgres > S09 deletion during run purges derived text and blocks resurrection  619ms
   ✓ P0 smoke against shipped API/worker/postgres > V2-08 stale worker lease cannot publish  560ms
   ✓ P0 smoke against shipped API/worker/postgres > correction reopens discovery when a hard budget constraint is relaxed  1157ms
   ✓ P0 smoke against shipped API/worker/postgres > S05 private attachment canary is not copied into a public search query  800ms
   ✓ P0 smoke against shipped API/worker/postgres > GET events and report citations resolve to stored evidence IDs  803ms
 ✓ test/model-gateway.integration.test.ts (51 tests) 9450ms
   ✓ W05 generic writer, exact final wording and canonical publication > writes changed prose, checks it separately, publishes and reopens its premise lineage  568ms
   ✓ W05 generic writer, exact final wording and canonical publication > keeps supported synthesis while blocking a made-up heading, paragraph and limitation  584ms
   ✓ W05 generic writer, exact final wording and canonical publication > reuses a durable draft after restart without another writer request  380ms
   ✓ W05 generic writer, exact final wording and canonical publication > purges drafts and composed claim text on account deletion  570ms
{"level":"info","event":"action","runId":"420f51d6-5719-4338-a276-69d99fd853df","type":"search","rationale":"Investigate an uncovered required question","step":0,"t":"2026-09-17T19:47:55.774Z"}
{"level":"info","event":"action","runId":"420f51d6-5719-4338-a276-69d99fd853df","type":"fetch","rationale":"Inspect an already-known source before another generic query","step":1,"t":"2026-09-17T19:47:55.819Z"}
{"level":"info","event":"action","runId":"420f51d6-5719-4338-a276-69d99fd853df","type":"fetch","rationale":"Inspect an already-known source before another generic query","step":2,"t":"2026-09-17T19:47:55.840Z"}
{"level":"info","event":"action","runId":"420f51d6-5719-4338-a276-69d99fd853df","type":"fetch","rationale":"Inspect an already-known source before another generic query","step":3,"t":"2026-09-17T19:47:55.859Z"}
{"level":"info","event":"action","runId":"420f51d6-5719-4338-a276-69d99fd853df","type":"fetch","rationale":"Inspect an already-known source before another generic query","step":4,"t":"2026-09-17T19:47:55.878Z"}
{"level":"info","event":"action","runId":"420f51d6-5719-4338-a276-69d99fd853df","type":"fetch","rationale":"Inspect an already-known source before another generic query","step":5,"t":"2026-09-17T19:47:55.898Z"}
{"level":"info","event":"action","runId":"420f51d6-5719-4338-a276-69d99fd853df","type":"challenge","rationale":"Disconfirm material conclusion: A primary source that directly contradicts this conclusion.","step":6,"t":"2026-09-17T19:47:55.918Z"}
{"level":"info","event":"action","runId":"420f51d6-5719-4338-a276-69d99fd853df","type":"challenge","rationale":"No counterexample found in accessed primary sources. This is not proof that the conclusion is true.","step":7,"t":"2026-09-17T19:47:55.940Z"}
{"level":"info","event":"action","runId":"420f51d6-5719-4338-a276-69d99fd853df","type":"synthesize","rationale":"decision_critical_gaps_resolved_or_unresolvable; high-impact claims supported or qualified; contradictions handled; remaining actions low expected value","step":8,"t":"2026-09-17T19:47:55.956Z"}
{"level":"info","event":"action","runId":"1a0962d1-00f6-40f8-9abd-a36fff2af9b2","type":"challenge","rationale":"Disconfirm material conclusion: A primary source that directly contradicts this conclusion.","step":0,"t":"2026-09-17T19:47:56.549Z"}
{"level":"info","event":"action","runId":"1a0962d1-00f6-40f8-9abd-a36fff2af9b2","type":"fetch","rationale":"Inspect an already-known source before another generic query","step":1,"t":"2026-09-17T19:47:56.583Z"}
{"level":"info","event":"action","runId":"1a0962d1-00f6-40f8-9abd-a36fff2af9b2","type":"fetch","rationale":"Inspect an already-known source before another generic query","step":2,"t":"2026-09-17T19:47:56.603Z"}
{"level":"info","event":"action","runId":"1a0962d1-00f6-40f8-9abd-a36fff2af9b2","type":"fetch","rationale":"Inspect an already-known source before another generic query","step":3,"t":"2026-09-17T19:47:56.622Z"}
{"level":"info","event":"action","runId":"1a0962d1-00f6-40f8-9abd-a36fff2af9b2","type":"challenge","rationale":"No counterexample found in accessed primary sources. This is not proof that the conclusion is true.","step":4,"t":"2026-09-17T19:47:56.646Z"}
{"level":"info","event":"action","runId":"1a0962d1-00f6-40f8-9abd-a36fff2af9b2","type":"synthesize","rationale":"decision_critical_gaps_resolved_or_unresolvable; high-impact claims supported or qualified; contradictions handled; remaining actions low expected value","step":5,"t":"2026-09-17T19:47:56.663Z"}
{"level":"info","event":"action","runId":"c258aad9-5ef7-42cf-99da-c65166856f65","type":"search","rationale":"Investigate an uncovered required question","step":0,"t":"2026-09-17T19:47:57.202Z"}
{"level":"info","event":"action","runId":"c258aad9-5ef7-42cf-99da-c65166856f65","type":"fetch","rationale":"Inspect an already-known source before another generic query","step":1,"t":"2026-09-17T19:47:57.229Z"}
{"level":"info","event":"action","runId":"c258aad9-5ef7-42cf-99da-c65166856f65","type":"fetch","rationale":"Inspect an already-known source before another generic query","step":2,"t":"2026-09-17T19:47:57.245Z"}
{"level":"info","event":"action","runId":"c258aad9-5ef7-42cf-99da-c65166856f65","type":"fetch","rationale":"Inspect an already-known source before another generic query","step":3,"t":"2026-09-17T19:47:57.262Z"}
{"level":"info","event":"action","runId":"c258aad9-5ef7-42cf-99da-c65166856f65","type":"challenge","rationale":"Disconfirm material conclusion: A primary source that directly contradicts this conclusion.","step":4,"t":"2026-09-17T19:47:57.283Z"}
{"level":"info","event":"action","runId":"c258aad9-5ef7-42cf-99da-c65166856f65","type":"challenge","rationale":"No counterexample found in accessed primary sources. This is not proof that the conclusion is true.","step":5,"t":"2026-09-17T19:47:57.300Z"}
{"level":"info","event":"action","runId":"c258aad9-5ef7-42cf-99da-c65166856f65","type":"synthesize","rationale":"decision_critical_gaps_resolved_or_unresolvable; high-impact claims supported or qualified; contradictions handled; remaining actions low expected value","step":6,"t":"2026-09-17T19:47:57.312Z"}
{"level":"info","event":"action","runId":"6d9a25d5-bc62-4e37-9db0-c78c746ab220","type":"challenge","rationale":"Disconfirm material conclusion: A primary source that directly contradicts this conclusion.","step":0,"t":"2026-09-17T19:47:57.639Z"}
{"level":"info","event":"action","runId":"6d9a25d5-bc62-4e37-9db0-c78c746ab220","type":"fetch","rationale":"Inspect an already-known source before another generic query","step":1,"t":"2026-09-17T19:47:57.664Z"}
{"level":"info","event":"action","runId":"6d9a25d5-bc62-4e37-9db0-c78c746ab220","type":"fetch","rationale":"Inspect an already-known source before another generic query","step":2,"t":"2026-09-17T19:47:57.682Z"}
{"level":"info","event":"action","runId":"6d9a25d5-bc62-4e37-9db0-c78c746ab220","type":"fetch","rationale":"Inspect an already-known source before another generic query","step":3,"t":"2026-09-17T19:47:57.698Z"}
{"level":"info","event":"action","runId":"6d9a25d5-bc62-4e37-9db0-c78c746ab220","type":"challenge","rationale":"No counterexample found in accessed primary sources. This is not proof that the conclusion is true.","step":4,"t":"2026-09-17T19:47:57.721Z"}
{"level":"info","event":"action","runId":"6d9a25d5-bc62-4e37-9db0-c78c746ab220","type":"synthesize","rationale":"decision_critical_gaps_resolved_or_unresolvable; high-impact claims supported or qualified; contradictions handled; remaining actions low expected value","step":5,"t":"2026-09-17T19:47:57.735Z"}
{"level":"info","event":"action","runId":"6666de44-9496-495a-a326-ab234ca2f13d","type":"search","rationale":"Investigate an uncovered required question","step":0,"t":"2026-09-17T19:47:58.088Z"}
{"level":"info","event":"action","runId":"6666de44-9496-495a-a326-ab234ca2f13d","type":"fetch","rationale":"Inspect an already-known source before another generic query","step":1,"t":"2026-09-17T19:47:58.122Z"}
{"level":"info","event":"action","runId":"6666de44-9496-495a-a326-ab234ca2f13d","type":"fetch","rationale":"Inspect an already-known source before another generic query","step":2,"t":"2026-09-17T19:47:58.143Z"}
{"level":"info","event":"action","runId":"6666de44-9496-495a-a326-ab234ca2f13d","type":"fetch","rationale":"Inspect an already-known source before another generic query","step":3,"t":"2026-09-17T19:47:58.164Z"}
{"level":"info","event":"action","runId":"6666de44-9496-495a-a326-ab234ca2f13d","type":"challenge","rationale":"Disconfirm material conclusion: A primary source that directly contradicts this conclusion.","step":4,"t":"2026-09-17T19:47:58.191Z"}
{"level":"info","event":"action","runId":"6666de44-9496-495a-a326-ab234ca2f13d","type":"challenge","rationale":"No counterexample found in accessed primary sources. This is not proof that the conclusion is true.","step":5,"t":"2026-09-17T19:47:58.212Z"}
{"level":"info","event":"action","runId":"6666de44-9496-495a-a326-ab234ca2f13d","type":"synthesize","rationale":"decision_critical_gaps_resolved_or_unresolvable; high-impact claims supported or qualified; contradictions handled; remaining actions low expected value","step":6,"t":"2026-09-17T19:47:58.227Z"}
{"level":"info","event":"action","runId":"e55b77eb-18c5-4223-ba72-9c3e7c18ce18","type":"search","rationale":"Investigate an uncovered required question","step":0,"t":"2026-09-17T19:47:58.558Z"}
{"level":"info","event":"action","runId":"e55b77eb-18c5-4223-ba72-9c3e7c18ce18","type":"fetch","rationale":"Inspect an already-known source before another generic query","step":1,"t":"2026-09-17T19:47:58.593Z"}
{"level":"info","event":"action","runId":"e55b77eb-18c5-4223-ba72-9c3e7c18ce18","type":"fetch","rationale":"Inspect an already-known source before another generic query","step":2,"t":"2026-09-17T19:47:58.613Z"}
{"level":"info","event":"action","runId":"e55b77eb-18c5-4223-ba72-9c3e7c18ce18","type":"fetch","rationale":"Inspect an already-known source before another generic query","step":3,"t":"2026-09-17T19:47:58.630Z"}
{"level":"info","event":"action","runId":"e55b77eb-18c5-4223-ba72-9c3e7c18ce18","type":"fetch","rationale":"Inspect an already-known source before another generic query","step":4,"t":"2026-09-17T19:47:58.648Z"}
{"level":"info","event":"action","runId":"e55b77eb-18c5-4223-ba72-9c3e7c18ce18","type":"fetch","rationale":"Inspect an already-known source before another generic query","step":5,"t":"2026-09-17T19:47:58.665Z"}
{"level":"info","event":"action","runId":"e55b77eb-18c5-4223-ba72-9c3e7c18ce18","type":"challenge","rationale":"Disconfirm material conclusion: A primary source that directly contradicts this conclusion.","step":6,"t":"2026-09-17T19:47:58.684Z"}
{"level":"info","event":"action","runId":"e55b77eb-18c5-4223-ba72-9c3e7c18ce18","type":"challenge","rationale":"No counterexample found in accessed primary sources. This is not proof that the conclusion is true.","step":7,"t":"2026-09-17T19:47:58.703Z"}
{"level":"info","event":"action","runId":"e55b77eb-18c5-4223-ba72-9c3e7c18ce18","type":"synthesize","rationale":"decision_critical_gaps_resolved_or_unresolvable; high-impact claims supported or qualified; contradictions handled; remaining actions low expected value","step":8,"t":"2026-09-17T19:47:58.717Z"}
{"level":"info","event":"action","runId":"6a8ee646-bbd8-4f5f-9ec3-4dfc32fe22b8","type":"search","rationale":"Investigate an uncovered required question","step":0,"t":"2026-09-17T19:47:59.220Z"}
{"level":"info","event":"action","runId":"6a8ee646-bbd8-4f5f-9ec3-4dfc32fe22b8","type":"fetch","rationale":"Inspect an already-known source before another generic query","step":1,"t":"2026-09-17T19:47:59.259Z"}
{"level":"info","event":"action","runId":"6a8ee646-bbd8-4f5f-9ec3-4dfc32fe22b8","type":"fetch","rationale":"Inspect an already-known source before another generic query","step":2,"t":"2026-09-17T19:47:59.282Z"}
{"level":"info","event":"action","runId":"6a8ee646-bbd8-4f5f-9ec3-4dfc32fe22b8","type":"fetch","rationale":"Inspect an already-known source before another generic query","step":3,"t":"2026-09-17T19:47:59.302Z"}
{"level":"info","event":"action","runId":"6a8ee646-bbd8-4f5f-9ec3-4dfc32fe22b8","type":"fetch","rationale":"Inspect an already-known source before another generic query","step":4,"t":"2026-09-17T19:47:59.320Z"}
{"level":"info","event":"action","runId":"6a8ee646-bbd8-4f5f-9ec3-4dfc32fe22b8","type":"fetch","rationale":"Inspect an already-known source before another generic query","step":5,"t":"2026-09-17T19:47:59.336Z"}
{"level":"info","event":"action","runId":"6a8ee646-bbd8-4f5f-9ec3-4dfc32fe22b8","type":"challenge","rationale":"Disconfirm material conclusion: A primary source that directly contradicts this conclusion.","step":6,"t":"2026-09-17T19:47:59.354Z"}
{"level":"info","event":"action","runId":"6a8ee646-bbd8-4f5f-9ec3-4dfc32fe22b8","type":"challenge","rationale":"No counterexample found in accessed primary sources. This is not proof that the conclusion is true.","step":7,"t":"2026-09-17T19:47:59.370Z"}
{"level":"info","event":"action","runId":"6a8ee646-bbd8-4f5f-9ec3-4dfc32fe22b8","type":"synthesize","rationale":"decision_critical_gaps_resolved_or_unresolvable; high-impact claims supported or qualified; contradictions handled; remaining actions low expected value","step":8,"t":"2026-09-17T19:47:59.384Z"}
{"level":"info","event":"action","runId":"9608baa3-833a-422e-a8fb-b78b265c5ac7","type":"search","rationale":"Investigate an uncovered required question","step":0,"t":"2026-09-17T19:47:59.871Z"}
{"level":"info","event":"action","runId":"9608baa3-833a-422e-a8fb-b78b265c5ac7","type":"fetch","rationale":"Inspect an already-known source before another generic query","step":1,"t":"2026-09-17T19:47:59.896Z"}
{"level":"info","event":"action","runId":"9608baa3-833a-422e-a8fb-b78b265c5ac7","type":"fetch","rationale":"Inspect an already-known source before another generic query","step":2,"t":"2026-09-17T19:47:59.910Z"}
{"level":"info","event":"action","runId":"9608baa3-833a-422e-a8fb-b78b265c5ac7","type":"fetch","rationale":"Inspect an already-known source before another generic query","step":3,"t":"2026-09-17T19:47:59.924Z"}
{"level":"info","event":"action","runId":"9608baa3-833a-422e-a8fb-b78b265c5ac7","type":"challenge","rationale":"Disconfirm material conclusion: A primary source that directly contradicts this conclusion.","step":4,"t":"2026-09-17T19:47:59.941Z"}
{"level":"info","event":"action","runId":"9608baa3-833a-422e-a8fb-b78b265c5ac7","type":"challenge","rationale":"No counterexample found in accessed primary sources. This is not proof that the conclusion is true.","step":5,"t":"2026-09-17T19:47:59.956Z"}
{"level":"info","event":"action","runId":"9608baa3-833a-422e-a8fb-b78b265c5ac7","type":"synthesize","rationale":"decision_critical_gaps_resolved_or_unresolvable; high-impact claims supported or qualified; contradictions handled; remaining actions low expected value","step":6,"t":"2026-09-17T19:47:59.967Z"}
{"level":"info","event":"action","runId":"a7e566c1-4de2-40cc-9835-8a17e8fa43f9","type":"search","rationale":"Investigate an uncovered required question","step":0,"t":"2026-09-17T19:48:00.279Z"}
{"level":"info","event":"action","runId":"a7e566c1-4de2-40cc-9835-8a17e8fa43f9","type":"fetch","rationale":"Inspect an already-known source before another generic query","step":1,"t":"2026-09-17T19:48:00.307Z"}
{"level":"info","event":"action","runId":"a7e566c1-4de2-40cc-9835-8a17e8fa43f9","type":"fetch","rationale":"Inspect an already-known source before another generic query","step":2,"t":"2026-09-17T19:48:00.323Z"}
{"level":"info","event":"action","runId":"a7e566c1-4de2-40cc-9835-8a17e8fa43f9","type":"fetch","rationale":"Inspect an already-known source before another generic query","step":3,"t":"2026-09-17T19:48:00.339Z"}
{"level":"info","event":"action","runId":"a7e566c1-4de2-40cc-9835-8a17e8fa43f9","type":"challenge","rationale":"Disconfirm material conclusion: A primary source that directly contradicts this conclusion.","step":4,"t":"2026-09-17T19:48:00.358Z"}
{"level":"info","event":"action","runId":"a7e566c1-4de2-40cc-9835-8a17e8fa43f9","type":"challenge","rationale":"No counterexample found in accessed primary sources. This is not proof that the conclusion is true.","step":5,"t":"2026-09-17T19:48:00.372Z"}
{"level":"info","event":"action","runId":"a7e566c1-4de2-40cc-9835-8a17e8fa43f9","type":"synthesize","rationale":"decision_critical_gaps_resolved_or_unresolvable; high-impact claims supported or qualified; contradictions handled; remaining actions low expected value","step":6,"t":"2026-09-17T19:48:00.383Z"}
 ✓ test/g01-g02.integration.test.ts (9 tests) 5285ms
   ✓ G01 safety policy > G01-cross-user: another account cannot read run, events, report, source, export, or mutate  873ms
   ✓ G01 safety policy > G01-private-to-public: attachment canary is stored as evidence and omitted from search queries  659ms
   ✓ G01 safety policy > G01-consent: missing, declined, and revoked consent cannot start or continue processing  438ms
   ✓ G01 safety policy > G01-deletion: derived text is purged and a late worker cannot resurrect it  450ms
   ✓ G02 engineering requirement > G02-unknown-citation: invented passage IDs cannot publish  449ms
   ✓ G02 engineering requirement > G02-lost-run: an accepted create remains recoverable from the server after the client drops state  684ms
   ✓ G02 engineering requirement > G02-duplicate-debit: replayed completion and idempotent create settle once  669ms
   ✓ G02 engineering requirement > G02-stale-revision: obsolete brief, evidence, or lease cannot publish  404ms
   ✓ G02 engineering requirement > G02-cancel-writing: cancel during writing rejects late publication  413ms
{"level":"info","event":"action","runId":"66d1ccf8-3d47-4696-851d-75f40a32fe20","type":"search","rationale":"Investigate an uncovered required question","step":0,"t":"2026-09-17T19:48:01.660Z"}
{"level":"info","event":"action","runId":"66d1ccf8-3d47-4696-851d-75f40a32fe20","type":"stop","rationale":"action type reveal_keys is not a permitted research action","step":1,"t":"2026-09-17T19:48:01.691Z"}
{"level":"info","event":"action","runId":"64d457fb-e6aa-43bc-ae0b-c5084e71869a","type":"search","rationale":"Investigate an uncovered required question","step":0,"t":"2026-09-17T19:48:02.225Z"}
{"level":"info","event":"action","runId":"64d457fb-e6aa-43bc-ae0b-c5084e71869a","type":"search","rationale":"Decision-blocking gap: authoritative compatibility limitation. Switching source type to vendor-matrix.","step":1,"t":"2026-09-17T19:48:02.257Z"}
{"level":"info","event":"action","runId":"64d457fb-e6aa-43bc-ae0b-c5084e71869a","type":"fetch","rationale":"Inspect the preferred source type (vendor-matrix) before more weak sources","step":2,"t":"2026-09-17T19:48:02.282Z"}
{"level":"info","event":"action","runId":"64d457fb-e6aa-43bc-ae0b-c5084e71869a","type":"fetch","rationale":"Inspect an already-known source before another generic query","step":3,"t":"2026-09-17T19:48:02.306Z"}
{"level":"info","event":"action","runId":"64d457fb-e6aa-43bc-ae0b-c5084e71869a","type":"fetch","rationale":"Inspect an already-known source before another generic query","step":4,"t":"2026-09-17T19:48:02.329Z"}
{"level":"info","event":"action","runId":"64d457fb-e6aa-43bc-ae0b-c5084e71869a","type":"fetch","rationale":"Inspect an already-known source before another generic query","step":5,"t":"2026-09-17T19:48:02.352Z"}
{"level":"info","event":"action","runId":"64d457fb-e6aa-43bc-ae0b-c5084e71869a","type":"verify","rationale":"Scope-check contradiction on compatibility before treating newest as correct","step":6,"t":"2026-09-17T19:48:02.375Z"}
{"level":"info","event":"action","runId":"64d457fb-e6aa-43bc-ae0b-c5084e71869a","type":"challenge","rationale":"Disconfirm material conclusion: Official compatibility documentation that lists the named version as supported.","step":7,"t":"2026-09-17T19:48:02.394Z"}
{"level":"info","event":"action","runId":"64d457fb-e6aa-43bc-ae0b-c5084e71869a","type":"challenge","rationale":"No counterexample found in accessed primary sources. This is not proof that the conclusion is true.","step":8,"t":"2026-09-17T19:48:02.415Z"}
{"level":"info","event":"action","runId":"64d457fb-e6aa-43bc-ae0b-c5084e71869a","type":"synthesize","rationale":"decision_critical_gaps_resolved_or_unresolvable; high-impact claims supported or qualified; contradictions handled; remaining actions low expected value","step":9,"t":"2026-09-17T19:48:02.430Z"}
{"level":"info","event":"action","runId":"6c79d216-39ee-4c4e-aa5e-8371f2762860","type":"search","rationale":"Investigate an uncovered required question","step":0,"t":"2026-09-17T19:48:02.966Z"}
{"level":"info","event":"action","runId":"6c79d216-39ee-4c4e-aa5e-8371f2762860","type":"fetch","rationale":"Inspect an already-known source before another generic query","step":1,"t":"2026-09-17T19:48:02.998Z"}
{"level":"info","event":"action","runId":"6c79d216-39ee-4c4e-aa5e-8371f2762860","type":"fetch","rationale":"Inspect an already-known source before another generic query","step":2,"t":"2026-09-17T19:48:03.017Z"}
{"level":"info","event":"action","runId":"6c79d216-39ee-4c4e-aa5e-8371f2762860","type":"fetch","rationale":"Inspect an already-known source before another generic query","step":3,"t":"2026-09-17T19:48:03.035Z"}
{"level":"info","event":"action","runId":"6c79d216-39ee-4c4e-aa5e-8371f2762860","type":"challenge","rationale":"Disconfirm material conclusion: A primary source that directly contradicts this conclusion.","step":4,"t":"2026-09-17T19:48:03.056Z"}
{"level":"info","event":"action","runId":"6c79d216-39ee-4c4e-aa5e-8371f2762860","type":"challenge","rationale":"No counterexample found in accessed primary sources. This is not proof that the conclusion is true.","step":5,"t":"2026-09-17T19:48:03.074Z"}
{"level":"info","event":"action","runId":"6c79d216-39ee-4c4e-aa5e-8371f2762860","type":"synthesize","rationale":"decision_critical_gaps_resolved_or_unresolvable; high-impact claims supported or qualified; contradictions handled; remaining actions low expected value","step":6,"t":"2026-09-17T19:48:03.089Z"}
{"level":"info","event":"action","runId":"29ee0f78-93f1-4112-a25e-220ee7e63a20","type":"search","rationale":"Investigate an uncovered required question","step":0,"t":"2026-09-17T19:48:03.624Z"}
{"level":"info","event":"action","runId":"29ee0f78-93f1-4112-a25e-220ee7e63a20","type":"search","rationale":"Investigate an uncovered required question","step":1,"t":"2026-09-17T19:48:03.661Z"}
{"level":"info","event":"action","runId":"e6d63caa-9294-474d-9ca7-d5097f15f1cb","type":"search","rationale":"Investigate an uncovered required question","step":0,"t":"2026-09-17T19:48:03.963Z"}
{"level":"info","event":"action","runId":"283b5227-d05b-4fd7-b765-bc197eaf3938","type":"search","rationale":"Investigate an uncovered required question","step":0,"t":"2026-09-17T19:48:04.248Z"}
{"level":"info","event":"action","runId":"880d51a0-75a6-4a4b-9f28-558a63ac58bd","type":"search","rationale":"Investigate an uncovered required question","step":0,"t":"2026-09-17T19:48:04.551Z"}
{"level":"info","event":"action","runId":"484e356b-c302-4efc-8734-28cc86da7923","type":"search","rationale":"Investigate an uncovered required question","step":0,"t":"2026-09-17T19:48:04.840Z"}
{"level":"info","event":"action","runId":"698cc308-1858-4b67-a0d9-6d190c053a94","type":"search","rationale":"Investigate an uncovered required question","step":0,"t":"2026-09-17T19:48:05.125Z"}
{"level":"info","event":"action","runId":"af386fd0-132e-4850-9f08-f55d0451935b","type":"search","rationale":"Investigate an uncovered required question","step":0,"t":"2026-09-17T19:48:05.413Z"}
 ✓ test/controller-admission.integration.test.ts (11 tests) 4740ms
   ✓ controller admission on the fixture worker path > rejects injected privileged proposals and still inspects remaining sources  660ms
   ✓ controller admission on the fixture worker path > records a source-type pivot and stop reason for a compatibility gap  756ms
   ✓ controller admission on the fixture worker path > unknown-dependency correction forces a full rerun  666ms
   ✓ controller admission on the fixture worker path > processRun records an issued live intent before the provider call for a well-formed search  307ms
   ✓ controller admission on the fixture worker path > does not count http_failure as a completed search  303ms
   ✓ controller admission on the fixture worker path > does not count timeout as a completed search  303ms
   ✓ controller admission on the fixture worker path > issued then failed live intents still consume the reservation  353ms
{"level":"info","event":"action","runId":"ee7f7925-418f-4c07-b6fe-ba09c2a4850a","type":"search","rationale":"Investigate an uncovered required question","step":0,"t":"2026-09-17T19:48:07.505Z"}
{"level":"info","event":"action","runId":"ee7f7925-418f-4c07-b6fe-ba09c2a4850a","type":"fetch","rationale":"Inspect an already-known source before another generic query","step":1,"t":"2026-09-17T19:48:07.547Z"}
{"level":"info","event":"action","runId":"ee7f7925-418f-4c07-b6fe-ba09c2a4850a","type":"fetch","rationale":"Inspect an already-known source before another generic query","step":2,"t":"2026-09-17T19:48:07.568Z"}
{"level":"info","event":"action","runId":"ee7f7925-418f-4c07-b6fe-ba09c2a4850a","type":"fetch","rationale":"Inspect an already-known source before another generic query","step":3,"t":"2026-09-17T19:48:07.588Z"}
{"level":"info","event":"action","runId":"ee7f7925-418f-4c07-b6fe-ba09c2a4850a","type":"fetch","rationale":"Inspect an already-known source before another generic query","step":4,"t":"2026-09-17T19:48:07.610Z"}
{"level":"info","event":"action","runId":"ee7f7925-418f-4c07-b6fe-ba09c2a4850a","type":"fetch","rationale":"Inspect an already-known source before another generic query","step":5,"t":"2026-09-17T19:48:07.630Z"}
{"level":"info","event":"action","runId":"ee7f7925-418f-4c07-b6fe-ba09c2a4850a","type":"challenge","rationale":"Disconfirm material conclusion: A primary source that directly contradicts this conclusion.","step":6,"t":"2026-09-17T19:48:07.651Z"}
{"level":"info","event":"action","runId":"ee7f7925-418f-4c07-b6fe-ba09c2a4850a","type":"challenge","rationale":"No counterexample found in accessed primary sources. This is not proof that the conclusion is true.","step":7,"t":"2026-09-17T19:48:07.679Z"}
{"level":"info","event":"action","runId":"ee7f7925-418f-4c07-b6fe-ba09c2a4850a","type":"synthesize","rationale":"decision_critical_gaps_resolved_or_unresolvable; high-impact claims supported or qualified; contradictions handled; remaining actions low expected value","step":8,"t":"2026-09-17T19:48:07.701Z"}
{"level":"info","event":"action","runId":"6c780564-5d45-47e6-8ca9-7b55cc88780a","type":"search","rationale":"Investigate an uncovered required question","step":0,"t":"2026-09-17T19:48:08.046Z"}
{"level":"info","event":"action","runId":"6c780564-5d45-47e6-8ca9-7b55cc88780a","type":"fetch","rationale":"Inspect an already-known source before another generic query","step":1,"t":"2026-09-17T19:48:08.073Z"}
{"level":"info","event":"action","runId":"6c780564-5d45-47e6-8ca9-7b55cc88780a","type":"fetch","rationale":"Inspect an already-known source before another generic query","step":2,"t":"2026-09-17T19:48:08.093Z"}
{"level":"info","event":"action","runId":"6c780564-5d45-47e6-8ca9-7b55cc88780a","type":"fetch","rationale":"Inspect an already-known source before another generic query","step":3,"t":"2026-09-17T19:48:08.113Z"}
{"level":"info","event":"action","runId":"6c780564-5d45-47e6-8ca9-7b55cc88780a","type":"fetch","rationale":"Inspect an already-known source before another generic query","step":4,"t":"2026-09-17T19:48:08.131Z"}
{"level":"info","event":"action","runId":"6c780564-5d45-47e6-8ca9-7b55cc88780a","type":"fetch","rationale":"Inspect an already-known source before another generic query","step":5,"t":"2026-09-17T19:48:08.152Z"}
{"level":"info","event":"action","runId":"6c780564-5d45-47e6-8ca9-7b55cc88780a","type":"challenge","rationale":"Disconfirm material conclusion: A primary source that directly contradicts this conclusion.","step":6,"t":"2026-09-17T19:48:08.173Z"}
{"level":"info","event":"action","runId":"6c780564-5d45-47e6-8ca9-7b55cc88780a","type":"challenge","rationale":"No counterexample found in accessed primary sources. This is not proof that the conclusion is true.","step":7,"t":"2026-09-17T19:48:08.193Z"}
{"level":"info","event":"action","runId":"6c780564-5d45-47e6-8ca9-7b55cc88780a","type":"synthesize","rationale":"decision_critical_gaps_resolved_or_unresolvable; high-impact claims supported or qualified; contradictions handled; remaining actions low expected value","step":8,"t":"2026-09-17T19:48:08.209Z"}
 ✓ test/g07-output.integration.test.ts (3 tests) 2633ms
   ✓ G07 / M10 in-app output reporting and privacy disclosure > GET /v1/settings exposes privacy disclosure and output-reporting categories; purchases stay gated  497ms
   ✓ G07 / M10 in-app output reporting and privacy disclosure > M10 includeExcerpt stores owned answer text; omitting it stores no excerpt; other accounts are denied  1445ms
   ✓ G07 / M10 in-app output reporting and privacy disclosure > restore purchases stays gated and grants no entitlement  453ms
{"level":"info","event":"action","runId":"3c26dd56-3d59-4d1a-a439-5f72dd48a449","type":"search","rationale":"Investigate an uncovered required question","step":0,"t":"2026-09-17T19:48:10.139Z"}
{"level":"info","event":"action","runId":"3c26dd56-3d59-4d1a-a439-5f72dd48a449","type":"fetch","rationale":"Inspect an already-known source before another generic query","step":0,"t":"2026-09-17T19:48:10.209Z"}
{"level":"info","event":"action","runId":"3c26dd56-3d59-4d1a-a439-5f72dd48a449","type":"fetch","rationale":"Inspect an already-known source before another generic query","step":1,"t":"2026-09-17T19:48:10.230Z"}
{"level":"info","event":"action","runId":"3c26dd56-3d59-4d1a-a439-5f72dd48a449","type":"fetch","rationale":"Inspect an already-known source before another generic query","step":2,"t":"2026-09-17T19:48:10.248Z"}
{"level":"info","event":"action","runId":"3c26dd56-3d59-4d1a-a439-5f72dd48a449","type":"challenge","rationale":"Disconfirm material conclusion: A primary source that directly contradicts this conclusion.","step":3,"t":"2026-09-17T19:48:10.274Z"}
{"level":"info","event":"action","runId":"3c26dd56-3d59-4d1a-a439-5f72dd48a449","type":"challenge","rationale":"No counterexample found in accessed primary sources. This is not proof that the conclusion is true.","step":4,"t":"2026-09-17T19:48:10.298Z"}
{"level":"info","event":"action","runId":"3c26dd56-3d59-4d1a-a439-5f72dd48a449","type":"synthesize","rationale":"decision_critical_gaps_resolved_or_unresolvable; high-impact claims supported or qualified; contradictions handled; remaining actions low expected value","step":5,"t":"2026-09-17T19:48:10.316Z"}
{"level":"info","event":"action","runId":"33a763e1-4b84-4f44-b971-4197ff4f133f","type":"search","rationale":"Investigate an uncovered required question","step":0,"t":"2026-09-17T19:48:10.882Z"}
{"level":"info","event":"action","runId":"33a763e1-4b84-4f44-b971-4197ff4f133f","type":"fetch","rationale":"Inspect an already-known source before another generic query","step":1,"t":"2026-09-17T19:48:10.913Z"}
{"level":"info","event":"action","runId":"33a763e1-4b84-4f44-b971-4197ff4f133f","type":"fetch","rationale":"Inspect an already-known source before another generic query","step":2,"t":"2026-09-17T19:48:10.930Z"}
{"level":"info","event":"action","runId":"33a763e1-4b84-4f44-b971-4197ff4f133f","type":"fetch","rationale":"Inspect an already-known source before another generic query","step":3,"t":"2026-09-17T19:48:10.949Z"}
{"level":"info","event":"action","runId":"33a763e1-4b84-4f44-b971-4197ff4f133f","type":"challenge","rationale":"Disconfirm material conclusion: A primary source that directly contradicts this conclusion.","step":4,"t":"2026-09-17T19:48:10.971Z"}
{"level":"info","event":"action","runId":"33a763e1-4b84-4f44-b971-4197ff4f133f","type":"challenge","rationale":"No counterexample found in accessed primary sources. This is not proof that the conclusion is true.","step":5,"t":"2026-09-17T19:48:10.989Z"}
{"level":"info","event":"action","runId":"33a763e1-4b84-4f44-b971-4197ff4f133f","type":"synthesize","rationale":"decision_critical_gaps_resolved_or_unresolvable; high-impact claims supported or qualified; contradictions handled; remaining actions low expected value","step":6,"t":"2026-09-17T19:48:11.005Z"}
{"level":"info","event":"action","runId":"33a763e1-4b84-4f44-b971-4197ff4f133f","type":"synthesize","rationale":"decision_critical_gaps_resolved_or_unresolvable; high-impact claims supported or qualified; contradictions handled; remaining actions low expected value","step":0,"t":"2026-09-17T19:48:11.241Z"}
 ✓ test/p4-recovery.integration.test.ts (2 tests) 2020ms
   ✓ P4 recovery drill against shipped worker/Postgres > crash after fetch: evidence kept, live lease not stolen, expired lease recovered without double-settle  865ms
   ✓ P4 recovery drill against shipped worker/Postgres > crash before publish then expired-lease failover: one report and one settlement  908ms
{"level":"info","event":"action","runId":"921c6cc1-76f6-40fc-b4d4-7d145d9c38a9","type":"challenge","rationale":"Disconfirm material conclusion: A primary source that directly contradicts this conclusion.","step":0,"t":"2026-09-17T19:48:12.475Z"}
{"level":"info","event":"action","runId":"921c6cc1-76f6-40fc-b4d4-7d145d9c38a9","type":"fetch","rationale":"Inspect an already-known source before another generic query","step":1,"t":"2026-09-17T19:48:12.520Z"}
{"level":"info","event":"action","runId":"921c6cc1-76f6-40fc-b4d4-7d145d9c38a9","type":"fetch","rationale":"Inspect an already-known source before another generic query","step":2,"t":"2026-09-17T19:48:12.543Z"}
{"level":"info","event":"action","runId":"921c6cc1-76f6-40fc-b4d4-7d145d9c38a9","type":"fetch","rationale":"Inspect an already-known source before another generic query","step":3,"t":"2026-09-17T19:48:12.564Z"}
{"level":"info","event":"action","runId":"921c6cc1-76f6-40fc-b4d4-7d145d9c38a9","type":"challenge","rationale":"Disconfirm material conclusion: A primary source that directly contradicts this conclusion.","step":4,"t":"2026-09-17T19:48:12.594Z"}
{"level":"info","event":"action","runId":"921c6cc1-76f6-40fc-b4d4-7d145d9c38a9","type":"challenge","rationale":"Disconfirm material conclusion: A primary source that directly contradicts this conclusion.","step":5,"t":"2026-09-17T19:48:12.617Z"}
{"level":"info","event":"action","runId":"921c6cc1-76f6-40fc-b4d4-7d145d9c38a9","type":"challenge","rationale":"Disconfirm material conclusion: A primary source that directly contradicts this conclusion.","step":6,"t":"2026-09-17T19:48:12.638Z"}
{"level":"info","event":"action","runId":"921c6cc1-76f6-40fc-b4d4-7d145d9c38a9","type":"challenge","rationale":"Disconfirm material conclusion: A primary source that directly contradicts this conclusion.","step":7,"t":"2026-09-17T19:48:12.660Z"}
{"level":"info","event":"action","runId":"921c6cc1-76f6-40fc-b4d4-7d145d9c38a9","type":"challenge","rationale":"Disconfirm material conclusion: A primary source that directly contradicts this conclusion.","step":8,"t":"2026-09-17T19:48:12.684Z"}
{"level":"info","event":"action","runId":"921c6cc1-76f6-40fc-b4d4-7d145d9c38a9","type":"challenge","rationale":"Disconfirm material conclusion: A primary source that directly contradicts this conclusion.","step":9,"t":"2026-09-17T19:48:12.708Z"}
{"level":"info","event":"action","runId":"921c6cc1-76f6-40fc-b4d4-7d145d9c38a9","type":"challenge","rationale":"Disconfirm material conclusion: A primary source that directly contradicts this conclusion.","step":10,"t":"2026-09-17T19:48:12.730Z"}
{"level":"info","event":"action","runId":"921c6cc1-76f6-40fc-b4d4-7d145d9c38a9","type":"challenge","rationale":"No counterexample found in accessed primary sources. This is not proof that the conclusion is true.","step":11,"t":"2026-09-17T19:48:12.757Z"}
{"level":"info","event":"action","runId":"921c6cc1-76f6-40fc-b4d4-7d145d9c38a9","type":"stop","rationale":"Repeated searches returned no novel source family or coverage progress","step":12,"t":"2026-09-17T19:48:12.777Z"}
{"level":"info","event":"action","runId":"03c1f8f6-4cab-4348-b101-7d31c1507403","type":"search","rationale":"Investigate an uncovered required question","step":0,"t":"2026-09-17T19:48:13.181Z"}
{"level":"info","event":"action","runId":"03c1f8f6-4cab-4348-b101-7d31c1507403","type":"fetch","rationale":"Inspect an already-known source before another generic query","step":1,"t":"2026-09-17T19:48:13.213Z"}
{"level":"info","event":"action","runId":"03c1f8f6-4cab-4348-b101-7d31c1507403","type":"fetch","rationale":"Inspect an already-known source before another generic query","step":2,"t":"2026-09-17T19:48:13.231Z"}
{"level":"info","event":"action","runId":"03c1f8f6-4cab-4348-b101-7d31c1507403","type":"fetch","rationale":"Inspect an already-known source before another generic query","step":3,"t":"2026-09-17T19:48:13.250Z"}
{"level":"info","event":"action","runId":"03c1f8f6-4cab-4348-b101-7d31c1507403","type":"challenge","rationale":"Disconfirm material conclusion: A primary source that directly contradicts this conclusion.","step":4,"t":"2026-09-17T19:48:13.279Z"}
{"level":"info","event":"action","runId":"03c1f8f6-4cab-4348-b101-7d31c1507403","type":"challenge","rationale":"No counterexample found in accessed primary sources. This is not proof that the conclusion is true.","step":5,"t":"2026-09-17T19:48:13.306Z"}
{"level":"info","event":"action","runId":"03c1f8f6-4cab-4348-b101-7d31c1507403","type":"synthesize","rationale":"decision_critical_gaps_resolved_or_unresolvable; high-impact claims supported or qualified; contradictions handled; remaining actions low expected value","step":6,"t":"2026-09-17T19:48:13.322Z"}
 ✓ test/v6-deletion.integration.test.ts (9 tests) 1693ms
   ✓ W03 deletion removes raw attachments and private text from every owned research store  674ms
   ✓ W03 a challenges request authenticated before deletion cannot restore private content  389ms
 ✓ test/v6-execution.integration.test.ts (22 tests) 1360ms
{"level":"info","event":"action","runId":"7c7e4631-2790-4b33-b6b6-0d216c95795f","type":"search","rationale":"Investigate an uncovered required question","step":0,"t":"2026-09-17T19:48:17.121Z"}
{"level":"info","event":"action","runId":"7c7e4631-2790-4b33-b6b6-0d216c95795f","type":"fetch","rationale":"Inspect an already-known source before another generic query","step":1,"t":"2026-09-17T19:48:17.169Z"}
{"level":"info","event":"action","runId":"7c7e4631-2790-4b33-b6b6-0d216c95795f","type":"fetch","rationale":"Inspect an already-known source before another generic query","step":2,"t":"2026-09-17T19:48:17.195Z"}
{"level":"info","event":"action","runId":"7c7e4631-2790-4b33-b6b6-0d216c95795f","type":"fetch","rationale":"Inspect an already-known source before another generic query","step":3,"t":"2026-09-17T19:48:17.226Z"}
{"level":"info","event":"action","runId":"7c7e4631-2790-4b33-b6b6-0d216c95795f","type":"challenge","rationale":"Disconfirm material conclusion: A primary source that directly contradicts this conclusion.","step":4,"t":"2026-09-17T19:48:17.253Z"}
{"level":"info","event":"action","runId":"7c7e4631-2790-4b33-b6b6-0d216c95795f","type":"challenge","rationale":"No counterexample found in accessed primary sources. This is not proof that the conclusion is true.","step":5,"t":"2026-09-17T19:48:17.274Z"}
{"level":"info","event":"action","runId":"7c7e4631-2790-4b33-b6b6-0d216c95795f","type":"synthesize","rationale":"decision_critical_gaps_resolved_or_unresolvable; high-impact claims supported or qualified; contradictions handled; remaining actions low expected value","step":6,"t":"2026-09-17T19:48:17.291Z"}
 ✓ test/g06-cost.integration.test.ts (2 tests) 1298ms
   ✓ G06 local capability probe and measured fixture cost > GET /v1/runs/:id/cost reconciles spent_micro to fixture intents and denies other accounts  779ms
 ✓ test/v6-publication.integration.test.ts (19 tests) 498ms
 ✓ test/v6-identity.integration.test.ts (3 tests) 486ms
 ✓ test/v6-upload.integration.test.ts (2 tests) 342ms
 ✓ test/v6-ingestion.integration.test.ts (1 test) 181ms
 ✓ test/pinned-http.integration.test.ts (3 tests) 99ms

 Test Files  16 passed (16)
      Tests  223 passed (223)
   Start at  13:46:23
   Duration  117.59s (transform 2.98s, setup 0ms, collect 8.48s, tests 104.98s, environment 4ms, prepare 1.55s)

