
> deep-research-mobile@0.1.0 test:integration /home/oranolio/Desktop/Deep
> pnpm --filter @deep/backend test:integration


> @deep/backend@0.1.0 test:integration /home/oranolio/Desktop/Deep/apps/backend
> vitest run --config vitest.integration.config.ts


 RUN  v3.2.7 /home/oranolio/Desktop/Deep/apps/backend

{"level":"info","event":"action","runId":"62d17dc0-a0b3-4577-835c-dd56071d9329","type":"search","rationale":"Investigate an uncovered required question","step":0,"t":"2026-09-17T18:06:56.268Z"}
{"level":"info","event":"action","runId":"62d17dc0-a0b3-4577-835c-dd56071d9329","type":"fetch","rationale":"Inspect an already-known source before another generic query","step":1,"t":"2026-09-17T18:06:56.371Z"}
{"level":"info","event":"action","runId":"62d17dc0-a0b3-4577-835c-dd56071d9329","type":"fetch","rationale":"Inspect an already-known source before another generic query","step":2,"t":"2026-09-17T18:06:56.424Z"}
{"level":"info","event":"action","runId":"62d17dc0-a0b3-4577-835c-dd56071d9329","type":"fetch","rationale":"Inspect an already-known source before another generic query","step":3,"t":"2026-09-17T18:06:56.481Z"}
{"level":"info","event":"action","runId":"62d17dc0-a0b3-4577-835c-dd56071d9329","type":"challenge","rationale":"Disconfirm material conclusion: A primary source that directly contradicts this conclusion.","step":4,"t":"2026-09-17T18:06:56.545Z"}
{"level":"info","event":"action","runId":"62d17dc0-a0b3-4577-835c-dd56071d9329","type":"challenge","rationale":"No counterexample found in accessed primary sources. This is not proof that the conclusion is true.","step":5,"t":"2026-09-17T18:06:56.593Z"}
{"level":"info","event":"action","runId":"62d17dc0-a0b3-4577-835c-dd56071d9329","type":"synthesize","rationale":"decision_critical_gaps_resolved_or_unresolvable; high-impact claims supported or qualified; contradictions handled; remaining actions low expected value","step":6,"t":"2026-09-17T18:06:56.630Z"}
{"level":"info","event":"action","runId":"4633bfd2-f739-4e72-bee8-57335db76dc8","type":"search","rationale":"Investigate an uncovered required question","step":0,"t":"2026-09-17T18:06:57.598Z"}
{"level":"info","event":"action","runId":"4633bfd2-f739-4e72-bee8-57335db76dc8","type":"fetch","rationale":"Inspect an already-known source before another generic query","step":1,"t":"2026-09-17T18:06:57.696Z"}
{"level":"info","event":"action","runId":"4633bfd2-f739-4e72-bee8-57335db76dc8","type":"fetch","rationale":"Inspect an already-known source before another generic query","step":2,"t":"2026-09-17T18:06:57.764Z"}
{"level":"info","event":"action","runId":"4633bfd2-f739-4e72-bee8-57335db76dc8","type":"challenge","rationale":"Disconfirm material conclusion: A primary source that directly contradicts this conclusion.","step":3,"t":"2026-09-17T18:06:57.822Z"}
{"level":"info","event":"action","runId":"4633bfd2-f739-4e72-bee8-57335db76dc8","type":"challenge","rationale":"No counterexample found in accessed primary sources. This is not proof that the conclusion is true.","step":4,"t":"2026-09-17T18:06:57.879Z"}
{"level":"info","event":"action","runId":"4633bfd2-f739-4e72-bee8-57335db76dc8","type":"synthesize","rationale":"decision_critical_gaps_resolved_or_unresolvable; high-impact claims supported or qualified; contradictions handled; remaining actions low expected value","step":5,"t":"2026-09-17T18:06:57.924Z"}
{"level":"info","event":"action","runId":"70110da2-4b93-4c0d-a744-76e2a62e9e72","type":"search","rationale":"Investigate an uncovered required question","step":0,"t":"2026-09-17T18:06:58.728Z"}
{"level":"info","event":"action","runId":"70110da2-4b93-4c0d-a744-76e2a62e9e72","type":"fetch","rationale":"Inspect an already-known source before another generic query","step":1,"t":"2026-09-17T18:06:58.802Z"}
{"level":"info","event":"action","runId":"70110da2-4b93-4c0d-a744-76e2a62e9e72","type":"fetch","rationale":"Inspect an already-known source before another generic query","step":2,"t":"2026-09-17T18:06:58.847Z"}
{"level":"info","event":"action","runId":"70110da2-4b93-4c0d-a744-76e2a62e9e72","type":"fetch","rationale":"Inspect an already-known source before another generic query","step":3,"t":"2026-09-17T18:06:58.900Z"}
{"level":"info","event":"action","runId":"70110da2-4b93-4c0d-a744-76e2a62e9e72","type":"challenge","rationale":"Disconfirm material conclusion: A primary source that directly contradicts this conclusion.","step":4,"t":"2026-09-17T18:06:58.957Z"}
{"level":"info","event":"action","runId":"70110da2-4b93-4c0d-a744-76e2a62e9e72","type":"challenge","rationale":"No counterexample found in accessed primary sources. This is not proof that the conclusion is true.","step":5,"t":"2026-09-17T18:06:59.005Z"}
{"level":"info","event":"action","runId":"70110da2-4b93-4c0d-a744-76e2a62e9e72","type":"synthesize","rationale":"decision_critical_gaps_resolved_or_unresolvable; high-impact claims supported or qualified; contradictions handled; remaining actions low expected value","step":6,"t":"2026-09-17T18:06:59.043Z"}
{"level":"info","event":"action","runId":"b1562c57-c31d-4cca-bc1f-919535fd626b","type":"search","rationale":"Investigate an uncovered required question","step":0,"t":"2026-09-17T18:06:59.986Z"}
{"level":"info","event":"action","runId":"b1562c57-c31d-4cca-bc1f-919535fd626b","type":"fetch","rationale":"Inspect an already-known source before another generic query","step":1,"t":"2026-09-17T18:07:00.075Z"}
{"level":"info","event":"action","runId":"b1562c57-c31d-4cca-bc1f-919535fd626b","type":"fetch","rationale":"Inspect an already-known source before another generic query","step":2,"t":"2026-09-17T18:07:00.118Z"}
{"level":"info","event":"action","runId":"b1562c57-c31d-4cca-bc1f-919535fd626b","type":"challenge","rationale":"Disconfirm material conclusion: A primary source that directly contradicts this conclusion.","step":3,"t":"2026-09-17T18:07:00.171Z"}
{"level":"info","event":"action","runId":"b1562c57-c31d-4cca-bc1f-919535fd626b","type":"challenge","rationale":"No counterexample found in accessed primary sources. This is not proof that the conclusion is true.","step":4,"t":"2026-09-17T18:07:00.234Z"}
{"level":"info","event":"action","runId":"b1562c57-c31d-4cca-bc1f-919535fd626b","type":"synthesize","rationale":"decision_critical_gaps_resolved_or_unresolvable; high-impact claims supported or qualified; contradictions handled; remaining actions low expected value","step":5,"t":"2026-09-17T18:07:00.265Z"}
{"level":"info","event":"action","runId":"feb0b47a-f572-4a02-88e7-c0e95ccea537","type":"search","rationale":"Investigate an uncovered required question","step":0,"t":"2026-09-17T18:07:01.271Z"}
{"level":"info","event":"action","runId":"feb0b47a-f572-4a02-88e7-c0e95ccea537","type":"fetch","rationale":"Inspect an already-known source before another generic query","step":1,"t":"2026-09-17T18:07:01.346Z"}
{"level":"info","event":"action","runId":"feb0b47a-f572-4a02-88e7-c0e95ccea537","type":"challenge","rationale":"Disconfirm material conclusion: A primary source that directly contradicts this conclusion.","step":2,"t":"2026-09-17T18:07:01.408Z"}
{"level":"info","event":"action","runId":"feb0b47a-f572-4a02-88e7-c0e95ccea537","type":"challenge","rationale":"No counterexample found in accessed primary sources. This is not proof that the conclusion is true.","step":3,"t":"2026-09-17T18:07:01.443Z"}
{"level":"info","event":"action","runId":"feb0b47a-f572-4a02-88e7-c0e95ccea537","type":"synthesize","rationale":"decision_critical_gaps_resolved_or_unresolvable; high-impact claims supported or qualified; contradictions handled; remaining actions low expected value","step":4,"t":"2026-09-17T18:07:01.469Z"}
{"level":"info","event":"action","runId":"20869874-2874-4734-b2b4-36b398329d69","type":"search","rationale":"Investigate an uncovered required question","step":0,"t":"2026-09-17T18:07:02.295Z"}
{"level":"info","event":"action","runId":"20869874-2874-4734-b2b4-36b398329d69","type":"fetch","rationale":"Inspect an already-known source before another generic query","step":1,"t":"2026-09-17T18:07:02.376Z"}
{"level":"info","event":"action","runId":"20869874-2874-4734-b2b4-36b398329d69","type":"fetch","rationale":"Inspect an already-known source before another generic query","step":2,"t":"2026-09-17T18:07:02.423Z"}
{"level":"info","event":"action","runId":"20869874-2874-4734-b2b4-36b398329d69","type":"fetch","rationale":"Inspect an already-known source before another generic query","step":3,"t":"2026-09-17T18:07:02.483Z"}
{"level":"info","event":"action","runId":"20869874-2874-4734-b2b4-36b398329d69","type":"challenge","rationale":"Disconfirm material conclusion: A primary source that directly contradicts this conclusion.","step":4,"t":"2026-09-17T18:07:02.528Z"}
{"level":"info","event":"action","runId":"20869874-2874-4734-b2b4-36b398329d69","type":"challenge","rationale":"No counterexample found in accessed primary sources. This is not proof that the conclusion is true.","step":5,"t":"2026-09-17T18:07:02.561Z"}
{"level":"info","event":"action","runId":"20869874-2874-4734-b2b4-36b398329d69","type":"synthesize","rationale":"decision_critical_gaps_resolved_or_unresolvable; high-impact claims supported or qualified; contradictions handled; remaining actions low expected value","step":6,"t":"2026-09-17T18:07:02.593Z"}
{"level":"info","event":"action","runId":"b8c879ba-4900-495a-983f-1b4367a1be9a","type":"search","rationale":"Investigate an uncovered required question","step":0,"t":"2026-09-17T18:07:03.533Z"}
{"level":"info","event":"action","runId":"b8c879ba-4900-495a-983f-1b4367a1be9a","type":"fetch","rationale":"Inspect an already-known source before another generic query","step":1,"t":"2026-09-17T18:07:03.600Z"}
{"level":"info","event":"action","runId":"b8c879ba-4900-495a-983f-1b4367a1be9a","type":"fetch","rationale":"Inspect an already-known source before another generic query","step":2,"t":"2026-09-17T18:07:03.643Z"}
{"level":"info","event":"action","runId":"b8c879ba-4900-495a-983f-1b4367a1be9a","type":"fetch","rationale":"Inspect an already-known source before another generic query","step":3,"t":"2026-09-17T18:07:03.696Z"}
{"level":"info","event":"action","runId":"b8c879ba-4900-495a-983f-1b4367a1be9a","type":"fetch","rationale":"Inspect an already-known source before another generic query","step":4,"t":"2026-09-17T18:07:03.747Z"}
{"level":"info","event":"action","runId":"b8c879ba-4900-495a-983f-1b4367a1be9a","type":"fetch","rationale":"Inspect an already-known source before another generic query","step":5,"t":"2026-09-17T18:07:03.802Z"}
{"level":"info","event":"action","runId":"b8c879ba-4900-495a-983f-1b4367a1be9a","type":"challenge","rationale":"Disconfirm material conclusion: A primary source that directly contradicts this conclusion.","step":6,"t":"2026-09-17T18:07:03.903Z"}
{"level":"info","event":"action","runId":"b8c879ba-4900-495a-983f-1b4367a1be9a","type":"challenge","rationale":"No counterexample found in accessed primary sources. This is not proof that the conclusion is true.","step":7,"t":"2026-09-17T18:07:03.987Z"}
{"level":"info","event":"action","runId":"b8c879ba-4900-495a-983f-1b4367a1be9a","type":"synthesize","rationale":"decision_critical_gaps_resolved_or_unresolvable; high-impact claims supported or qualified; contradictions handled; remaining actions low expected value","step":8,"t":"2026-09-17T18:07:04.029Z"}
{"level":"info","event":"action","runId":"49be9bb8-cea9-4c6a-89ec-871ce56dbdf6","type":"challenge","rationale":"Disconfirm material conclusion: A primary source that directly contradicts this conclusion.","step":0,"t":"2026-09-17T18:07:05.130Z"}
{"level":"info","event":"action","runId":"49be9bb8-cea9-4c6a-89ec-871ce56dbdf6","type":"fetch","rationale":"Inspect an already-known source before another generic query","step":1,"t":"2026-09-17T18:07:05.204Z"}
{"level":"info","event":"action","runId":"49be9bb8-cea9-4c6a-89ec-871ce56dbdf6","type":"fetch","rationale":"Inspect an already-known source before another generic query","step":2,"t":"2026-09-17T18:07:05.336Z"}
{"level":"info","event":"action","runId":"49be9bb8-cea9-4c6a-89ec-871ce56dbdf6","type":"fetch","rationale":"Inspect an already-known source before another generic query","step":3,"t":"2026-09-17T18:07:05.407Z"}
{"level":"info","event":"action","runId":"49be9bb8-cea9-4c6a-89ec-871ce56dbdf6","type":"challenge","rationale":"No counterexample found in accessed primary sources. This is not proof that the conclusion is true.","step":4,"t":"2026-09-17T18:07:05.490Z"}
{"level":"info","event":"action","runId":"49be9bb8-cea9-4c6a-89ec-871ce56dbdf6","type":"synthesize","rationale":"decision_critical_gaps_resolved_or_unresolvable; high-impact claims supported or qualified; contradictions handled; remaining actions low expected value","step":5,"t":"2026-09-17T18:07:05.538Z"}
{"level":"info","event":"action","runId":"5439dc11-3652-427d-9bd2-50bd9747a0e2","type":"search","rationale":"Investigate an uncovered required question","step":0,"t":"2026-09-17T18:07:06.598Z"}
{"level":"info","event":"action","runId":"5439dc11-3652-427d-9bd2-50bd9747a0e2","type":"fetch","rationale":"Inspect an already-known source before another generic query","step":1,"t":"2026-09-17T18:07:06.653Z"}
{"level":"info","event":"action","runId":"5439dc11-3652-427d-9bd2-50bd9747a0e2","type":"fetch","rationale":"Inspect an already-known source before another generic query","step":2,"t":"2026-09-17T18:07:06.704Z"}
{"level":"info","event":"action","runId":"5439dc11-3652-427d-9bd2-50bd9747a0e2","type":"fetch","rationale":"Inspect an already-known source before another generic query","step":3,"t":"2026-09-17T18:07:06.762Z"}
{"level":"info","event":"action","runId":"5439dc11-3652-427d-9bd2-50bd9747a0e2","type":"challenge","rationale":"Disconfirm material conclusion: A hard-constraint violation for a candidate currently marked eligible.","step":4,"t":"2026-09-17T18:07:06.808Z"}
{"level":"info","event":"action","runId":"5439dc11-3652-427d-9bd2-50bd9747a0e2","type":"challenge","rationale":"No counterexample found in accessed primary sources. This is not proof that the conclusion is true.","step":5,"t":"2026-09-17T18:07:06.871Z"}
{"level":"info","event":"action","runId":"5439dc11-3652-427d-9bd2-50bd9747a0e2","type":"synthesize","rationale":"decision_critical_gaps_resolved_or_unresolvable; high-impact claims supported or qualified; contradictions handled; remaining actions low expected value","step":6,"t":"2026-09-17T18:07:06.917Z"}
{"level":"info","event":"action","runId":"8f6148d0-ab3b-4217-898c-b7c892a6197e","type":"search","rationale":"Investigate an uncovered required question","step":0,"t":"2026-09-17T18:07:07.810Z"}
{"level":"info","event":"action","runId":"8f6148d0-ab3b-4217-898c-b7c892a6197e","type":"fetch","rationale":"Inspect an already-known source before another generic query","step":1,"t":"2026-09-17T18:07:07.875Z"}
{"level":"info","event":"action","runId":"8f6148d0-ab3b-4217-898c-b7c892a6197e","type":"fetch","rationale":"Inspect an already-known source before another generic query","step":2,"t":"2026-09-17T18:07:07.910Z"}
{"level":"info","event":"action","runId":"8f6148d0-ab3b-4217-898c-b7c892a6197e","type":"fetch","rationale":"Inspect an already-known source before another generic query","step":3,"t":"2026-09-17T18:07:07.945Z"}
{"level":"info","event":"action","runId":"8f6148d0-ab3b-4217-898c-b7c892a6197e","type":"challenge","rationale":"Disconfirm material conclusion: A hard-constraint violation for a candidate currently marked eligible.","step":4,"t":"2026-09-17T18:07:07.996Z"}
{"level":"info","event":"action","runId":"8f6148d0-ab3b-4217-898c-b7c892a6197e","type":"challenge","rationale":"No counterexample found in accessed primary sources. This is not proof that the conclusion is true.","step":5,"t":"2026-09-17T18:07:08.033Z"}
{"level":"info","event":"action","runId":"8f6148d0-ab3b-4217-898c-b7c892a6197e","type":"synthesize","rationale":"decision_critical_gaps_resolved_or_unresolvable; high-impact claims supported or qualified; contradictions handled; remaining actions low expected value","step":6,"t":"2026-09-17T18:07:08.065Z"}
{"level":"info","event":"action","runId":"4ebf11f7-1ebb-44a6-8f91-2ef6f8ee0d31","type":"search","rationale":"Investigate an uncovered required question","step":0,"t":"2026-09-17T18:07:08.547Z"}
{"level":"info","event":"action","runId":"4ebf11f7-1ebb-44a6-8f91-2ef6f8ee0d31","type":"fetch","rationale":"Inspect an already-known source before another generic query","step":1,"t":"2026-09-17T18:07:08.624Z"}
{"level":"info","event":"action","runId":"4ebf11f7-1ebb-44a6-8f91-2ef6f8ee0d31","type":"fetch","rationale":"Inspect an already-known source before another generic query","step":2,"t":"2026-09-17T18:07:08.675Z"}
{"level":"info","event":"action","runId":"4ebf11f7-1ebb-44a6-8f91-2ef6f8ee0d31","type":"fetch","rationale":"Inspect an already-known source before another generic query","step":3,"t":"2026-09-17T18:07:08.723Z"}
{"level":"info","event":"action","runId":"4ebf11f7-1ebb-44a6-8f91-2ef6f8ee0d31","type":"challenge","rationale":"Disconfirm material conclusion: A hard-constraint violation for a candidate currently marked eligible.","step":4,"t":"2026-09-17T18:07:08.758Z"}
{"level":"info","event":"action","runId":"4ebf11f7-1ebb-44a6-8f91-2ef6f8ee0d31","type":"challenge","rationale":"Disconfirm material conclusion: A hard-constraint violation for a candidate currently marked eligible.","step":5,"t":"2026-09-17T18:07:08.791Z"}
{"level":"info","event":"action","runId":"4ebf11f7-1ebb-44a6-8f91-2ef6f8ee0d31","type":"challenge","rationale":"Disconfirm material conclusion: A hard-constraint violation for a candidate currently marked eligible.","step":6,"t":"2026-09-17T18:07:08.822Z"}
{"level":"info","event":"action","runId":"4ebf11f7-1ebb-44a6-8f91-2ef6f8ee0d31","type":"challenge","rationale":"Disconfirm material conclusion: A hard-constraint violation for a candidate currently marked eligible.","step":7,"t":"2026-09-17T18:07:08.855Z"}
{"level":"info","event":"action","runId":"4ebf11f7-1ebb-44a6-8f91-2ef6f8ee0d31","type":"challenge","rationale":"Disconfirm material conclusion: A hard-constraint violation for a candidate currently marked eligible.","step":8,"t":"2026-09-17T18:07:08.940Z"}
{"level":"info","event":"action","runId":"4ebf11f7-1ebb-44a6-8f91-2ef6f8ee0d31","type":"challenge","rationale":"Disconfirm material conclusion: A hard-constraint violation for a candidate currently marked eligible.","step":9,"t":"2026-09-17T18:07:09.000Z"}
{"level":"info","event":"action","runId":"4ebf11f7-1ebb-44a6-8f91-2ef6f8ee0d31","type":"challenge","rationale":"Disconfirm material conclusion: A hard-constraint violation for a candidate currently marked eligible.","step":10,"t":"2026-09-17T18:07:09.034Z"}
{"level":"info","event":"action","runId":"4ebf11f7-1ebb-44a6-8f91-2ef6f8ee0d31","type":"challenge","rationale":"No counterexample found in accessed primary sources. This is not proof that the conclusion is true.","step":11,"t":"2026-09-17T18:07:09.071Z"}
{"level":"info","event":"action","runId":"4ebf11f7-1ebb-44a6-8f91-2ef6f8ee0d31","type":"stop","rationale":"Repeated searches returned no novel source family or coverage progress","step":12,"t":"2026-09-17T18:07:09.113Z"}
{"level":"info","event":"action","runId":"fab0eb9a-848d-466c-b4b3-30bc758bf4e0","type":"search","rationale":"Investigate an uncovered required question","step":0,"t":"2026-09-17T18:07:09.861Z"}
{"level":"info","event":"action","runId":"fab0eb9a-848d-466c-b4b3-30bc758bf4e0","type":"fetch","rationale":"Inspect an already-known source before another generic query","step":1,"t":"2026-09-17T18:07:09.904Z"}
{"level":"info","event":"action","runId":"fab0eb9a-848d-466c-b4b3-30bc758bf4e0","type":"fetch","rationale":"Inspect an already-known source before another generic query","step":2,"t":"2026-09-17T18:07:09.934Z"}
{"level":"info","event":"action","runId":"fab0eb9a-848d-466c-b4b3-30bc758bf4e0","type":"fetch","rationale":"Inspect an already-known source before another generic query","step":3,"t":"2026-09-17T18:07:09.987Z"}
{"level":"info","event":"action","runId":"fab0eb9a-848d-466c-b4b3-30bc758bf4e0","type":"challenge","rationale":"Disconfirm material conclusion: A hard-constraint violation for a candidate currently marked eligible.","step":4,"t":"2026-09-17T18:07:10.019Z"}
{"level":"info","event":"action","runId":"fab0eb9a-848d-466c-b4b3-30bc758bf4e0","type":"challenge","rationale":"No counterexample found in accessed primary sources. This is not proof that the conclusion is true.","step":5,"t":"2026-09-17T18:07:10.059Z"}
{"level":"info","event":"action","runId":"fab0eb9a-848d-466c-b4b3-30bc758bf4e0","type":"synthesize","rationale":"decision_critical_gaps_resolved_or_unresolvable; high-impact claims supported or qualified; contradictions handled; remaining actions low expected value","step":6,"t":"2026-09-17T18:07:10.084Z"}
{"level":"info","event":"action","runId":"0fb8b76f-89ae-4483-9633-95ac5bcdb4dc","type":"search","rationale":"Investigate an uncovered required question","step":0,"t":"2026-09-17T18:07:10.437Z"}
{"level":"info","event":"action","runId":"0fb8b76f-89ae-4483-9633-95ac5bcdb4dc","type":"fetch","rationale":"Inspect an already-known source before another generic query","step":1,"t":"2026-09-17T18:07:10.462Z"}
{"level":"info","event":"action","runId":"0fb8b76f-89ae-4483-9633-95ac5bcdb4dc","type":"fetch","rationale":"Inspect an already-known source before another generic query","step":2,"t":"2026-09-17T18:07:10.485Z"}
{"level":"info","event":"action","runId":"0fb8b76f-89ae-4483-9633-95ac5bcdb4dc","type":"fetch","rationale":"Inspect an already-known source before another generic query","step":3,"t":"2026-09-17T18:07:10.508Z"}
{"level":"info","event":"action","runId":"0fb8b76f-89ae-4483-9633-95ac5bcdb4dc","type":"challenge","rationale":"Disconfirm material conclusion: A hard-constraint violation for a candidate currently marked eligible.","step":4,"t":"2026-09-17T18:07:10.531Z"}
{"level":"info","event":"action","runId":"0fb8b76f-89ae-4483-9633-95ac5bcdb4dc","type":"challenge","rationale":"Disconfirm material conclusion: A hard-constraint violation for a candidate currently marked eligible.","step":5,"t":"2026-09-17T18:07:10.564Z"}
{"level":"info","event":"action","runId":"0fb8b76f-89ae-4483-9633-95ac5bcdb4dc","type":"challenge","rationale":"Disconfirm material conclusion: A hard-constraint violation for a candidate currently marked eligible.","step":6,"t":"2026-09-17T18:07:10.607Z"}
{"level":"info","event":"action","runId":"0fb8b76f-89ae-4483-9633-95ac5bcdb4dc","type":"challenge","rationale":"Disconfirm material conclusion: A hard-constraint violation for a candidate currently marked eligible.","step":7,"t":"2026-09-17T18:07:10.680Z"}
{"level":"info","event":"action","runId":"0fb8b76f-89ae-4483-9633-95ac5bcdb4dc","type":"challenge","rationale":"Disconfirm material conclusion: A hard-constraint violation for a candidate currently marked eligible.","step":8,"t":"2026-09-17T18:07:10.718Z"}
{"level":"info","event":"action","runId":"0fb8b76f-89ae-4483-9633-95ac5bcdb4dc","type":"challenge","rationale":"Disconfirm material conclusion: A hard-constraint violation for a candidate currently marked eligible.","step":9,"t":"2026-09-17T18:07:10.758Z"}
{"level":"info","event":"action","runId":"0fb8b76f-89ae-4483-9633-95ac5bcdb4dc","type":"challenge","rationale":"Disconfirm material conclusion: A hard-constraint violation for a candidate currently marked eligible.","step":10,"t":"2026-09-17T18:07:10.791Z"}
{"level":"info","event":"action","runId":"0fb8b76f-89ae-4483-9633-95ac5bcdb4dc","type":"challenge","rationale":"No counterexample found in accessed primary sources. This is not proof that the conclusion is true.","step":11,"t":"2026-09-17T18:07:10.821Z"}
{"level":"info","event":"action","runId":"0fb8b76f-89ae-4483-9633-95ac5bcdb4dc","type":"stop","rationale":"Repeated searches returned no novel source family or coverage progress","step":12,"t":"2026-09-17T18:07:10.847Z"}
{"level":"info","event":"action","runId":"1c0e8fd3-7ae1-4b20-ab4b-7249b2e560fe","type":"challenge","rationale":"Disconfirm material conclusion: A primary source that directly contradicts this conclusion.","step":0,"t":"2026-09-17T18:07:11.753Z"}
{"level":"info","event":"action","runId":"1c0e8fd3-7ae1-4b20-ab4b-7249b2e560fe","type":"fetch","rationale":"Inspect an already-known source before another generic query","step":1,"t":"2026-09-17T18:07:11.832Z"}
{"level":"info","event":"action","runId":"1c0e8fd3-7ae1-4b20-ab4b-7249b2e560fe","type":"fetch","rationale":"Inspect an already-known source before another generic query","step":2,"t":"2026-09-17T18:07:11.885Z"}
{"level":"info","event":"action","runId":"1c0e8fd3-7ae1-4b20-ab4b-7249b2e560fe","type":"fetch","rationale":"Inspect an already-known source before another generic query","step":3,"t":"2026-09-17T18:07:11.948Z"}
{"level":"info","event":"action","runId":"1c0e8fd3-7ae1-4b20-ab4b-7249b2e560fe","type":"challenge","rationale":"No counterexample found in accessed primary sources. This is not proof that the conclusion is true.","step":4,"t":"2026-09-17T18:07:12.023Z"}
{"level":"info","event":"action","runId":"1c0e8fd3-7ae1-4b20-ab4b-7249b2e560fe","type":"synthesize","rationale":"decision_critical_gaps_resolved_or_unresolvable; high-impact claims supported or qualified; contradictions handled; remaining actions low expected value","step":5,"t":"2026-09-17T18:07:12.092Z"}
{"level":"info","event":"action","runId":"91ddbf4e-71aa-4975-a0c4-17f7f4169c9b","type":"search","rationale":"Investigate an uncovered required question","step":0,"t":"2026-09-17T18:07:13.247Z"}
{"level":"info","event":"action","runId":"91ddbf4e-71aa-4975-a0c4-17f7f4169c9b","type":"fetch","rationale":"Inspect an already-known source before another generic query","step":1,"t":"2026-09-17T18:07:13.350Z"}
{"level":"info","event":"action","runId":"91ddbf4e-71aa-4975-a0c4-17f7f4169c9b","type":"fetch","rationale":"Inspect an already-known source before another generic query","step":2,"t":"2026-09-17T18:07:13.439Z"}
{"level":"info","event":"action","runId":"91ddbf4e-71aa-4975-a0c4-17f7f4169c9b","type":"fetch","rationale":"Inspect an already-known source before another generic query","step":3,"t":"2026-09-17T18:07:13.512Z"}
{"level":"info","event":"action","runId":"91ddbf4e-71aa-4975-a0c4-17f7f4169c9b","type":"challenge","rationale":"Disconfirm material conclusion: A primary source that directly contradicts this conclusion.","step":4,"t":"2026-09-17T18:07:13.584Z"}
{"level":"info","event":"action","runId":"91ddbf4e-71aa-4975-a0c4-17f7f4169c9b","type":"challenge","rationale":"No counterexample found in accessed primary sources. This is not proof that the conclusion is true.","step":5,"t":"2026-09-17T18:07:13.646Z"}
{"level":"info","event":"action","runId":"91ddbf4e-71aa-4975-a0c4-17f7f4169c9b","type":"synthesize","rationale":"decision_critical_gaps_resolved_or_unresolvable; high-impact claims supported or qualified; contradictions handled; remaining actions low expected value","step":6,"t":"2026-09-17T18:07:13.748Z"}
{"level":"info","event":"action","runId":"34e66d45-dd4a-481a-ad26-e44effcc6dd8","type":"search","rationale":"Investigate an uncovered required question","step":0,"t":"2026-09-17T18:07:14.892Z"}
{"level":"info","event":"action","runId":"34e66d45-dd4a-481a-ad26-e44effcc6dd8","type":"fetch","rationale":"Inspect an already-known source before another generic query","step":1,"t":"2026-09-17T18:07:14.962Z"}
{"level":"info","event":"action","runId":"34e66d45-dd4a-481a-ad26-e44effcc6dd8","type":"fetch","rationale":"Inspect an already-known source before another generic query","step":2,"t":"2026-09-17T18:07:15.032Z"}
{"level":"info","event":"action","runId":"34e66d45-dd4a-481a-ad26-e44effcc6dd8","type":"fetch","rationale":"Inspect an already-known source before another generic query","step":3,"t":"2026-09-17T18:07:15.088Z"}
{"level":"info","event":"action","runId":"34e66d45-dd4a-481a-ad26-e44effcc6dd8","type":"fetch","rationale":"Inspect an already-known source before another generic query","step":4,"t":"2026-09-17T18:07:15.155Z"}
{"level":"info","event":"action","runId":"34e66d45-dd4a-481a-ad26-e44effcc6dd8","type":"fetch","rationale":"Inspect an already-known source before another generic query","step":5,"t":"2026-09-17T18:07:15.261Z"}
{"level":"info","event":"action","runId":"34e66d45-dd4a-481a-ad26-e44effcc6dd8","type":"challenge","rationale":"Disconfirm material conclusion: A primary source that directly contradicts this conclusion.","step":6,"t":"2026-09-17T18:07:15.357Z"}
{"level":"info","event":"action","runId":"34e66d45-dd4a-481a-ad26-e44effcc6dd8","type":"challenge","rationale":"No counterexample found in accessed primary sources. This is not proof that the conclusion is true.","step":7,"t":"2026-09-17T18:07:15.409Z"}
{"level":"info","event":"action","runId":"34e66d45-dd4a-481a-ad26-e44effcc6dd8","type":"synthesize","rationale":"decision_critical_gaps_resolved_or_unresolvable; high-impact claims supported or qualified; contradictions handled; remaining actions low expected value","step":8,"t":"2026-09-17T18:07:15.447Z"}
{"level":"info","event":"action","runId":"60ac1de9-98e1-4a78-a27f-e0396aeacdaf","type":"search","rationale":"Investigate an uncovered required question","step":0,"t":"2026-09-17T18:07:16.551Z"}
{"level":"info","event":"action","runId":"60ac1de9-98e1-4a78-a27f-e0396aeacdaf","type":"fetch","rationale":"Inspect an already-known source before another generic query","step":1,"t":"2026-09-17T18:07:16.696Z"}
{"level":"info","event":"action","runId":"60ac1de9-98e1-4a78-a27f-e0396aeacdaf","type":"fetch","rationale":"Inspect an already-known source before another generic query","step":2,"t":"2026-09-17T18:07:16.752Z"}
{"level":"info","event":"action","runId":"60ac1de9-98e1-4a78-a27f-e0396aeacdaf","type":"fetch","rationale":"Inspect an already-known source before another generic query","step":3,"t":"2026-09-17T18:07:16.799Z"}
{"level":"info","event":"action","runId":"60ac1de9-98e1-4a78-a27f-e0396aeacdaf","type":"challenge","rationale":"Disconfirm material conclusion: A primary source that directly contradicts this conclusion.","step":4,"t":"2026-09-17T18:07:16.878Z"}
{"level":"info","event":"action","runId":"60ac1de9-98e1-4a78-a27f-e0396aeacdaf","type":"challenge","rationale":"No counterexample found in accessed primary sources. This is not proof that the conclusion is true.","step":5,"t":"2026-09-17T18:07:16.965Z"}
{"level":"info","event":"action","runId":"60ac1de9-98e1-4a78-a27f-e0396aeacdaf","type":"synthesize","rationale":"decision_critical_gaps_resolved_or_unresolvable; high-impact claims supported or qualified; contradictions handled; remaining actions low expected value","step":6,"t":"2026-09-17T18:07:17.052Z"}
{"level":"info","event":"action","runId":"4dab5f2e-421a-44ea-aa26-1b89f0369c55","type":"search","rationale":"Investigate an uncovered required question","step":0,"t":"2026-09-17T18:07:17.880Z"}
{"level":"info","event":"action","runId":"4dab5f2e-421a-44ea-aa26-1b89f0369c55","type":"fetch","rationale":"Inspect an already-known source before another generic query","step":1,"t":"2026-09-17T18:07:17.941Z"}
{"level":"info","event":"action","runId":"4dab5f2e-421a-44ea-aa26-1b89f0369c55","type":"fetch","rationale":"Inspect an already-known source before another generic query","step":2,"t":"2026-09-17T18:07:17.979Z"}
{"level":"info","event":"action","runId":"4dab5f2e-421a-44ea-aa26-1b89f0369c55","type":"fetch","rationale":"Inspect an already-known source before another generic query","step":3,"t":"2026-09-17T18:07:18.015Z"}
{"level":"info","event":"action","runId":"4dab5f2e-421a-44ea-aa26-1b89f0369c55","type":"fetch","rationale":"Inspect an already-known source before another generic query","step":4,"t":"2026-09-17T18:07:18.052Z"}
{"level":"info","event":"action","runId":"4dab5f2e-421a-44ea-aa26-1b89f0369c55","type":"fetch","rationale":"Inspect an already-known source before another generic query","step":5,"t":"2026-09-17T18:07:18.095Z"}
{"level":"info","event":"action","runId":"4dab5f2e-421a-44ea-aa26-1b89f0369c55","type":"challenge","rationale":"Disconfirm material conclusion: A primary source that directly contradicts this conclusion.","step":6,"t":"2026-09-17T18:07:18.129Z"}
{"level":"info","event":"action","runId":"4dab5f2e-421a-44ea-aa26-1b89f0369c55","type":"challenge","rationale":"No counterexample found in accessed primary sources. This is not proof that the conclusion is true.","step":7,"t":"2026-09-17T18:07:18.168Z"}
{"level":"info","event":"action","runId":"4dab5f2e-421a-44ea-aa26-1b89f0369c55","type":"synthesize","rationale":"decision_critical_gaps_resolved_or_unresolvable; high-impact claims supported or qualified; contradictions handled; remaining actions low expected value","step":8,"t":"2026-09-17T18:07:18.202Z"}
{"level":"info","event":"action","runId":"70326715-6b09-495d-ac7a-514a58d78632","type":"search","rationale":"Investigate an uncovered required question","step":0,"t":"2026-09-17T18:07:19.415Z"}
{"level":"info","event":"action","runId":"70326715-6b09-495d-ac7a-514a58d78632","type":"fetch","rationale":"Inspect an already-known source before another generic query","step":1,"t":"2026-09-17T18:07:19.524Z"}
{"level":"info","event":"action","runId":"70326715-6b09-495d-ac7a-514a58d78632","type":"fetch","rationale":"Inspect an already-known source before another generic query","step":2,"t":"2026-09-17T18:07:19.597Z"}
{"level":"info","event":"action","runId":"70326715-6b09-495d-ac7a-514a58d78632","type":"fetch","rationale":"Inspect an already-known source before another generic query","step":3,"t":"2026-09-17T18:07:19.679Z"}
{"level":"info","event":"action","runId":"70326715-6b09-495d-ac7a-514a58d78632","type":"fetch","rationale":"Inspect an already-known source before another generic query","step":4,"t":"2026-09-17T18:07:19.769Z"}
{"level":"info","event":"action","runId":"70326715-6b09-495d-ac7a-514a58d78632","type":"fetch","rationale":"Inspect an already-known source before another generic query","step":5,"t":"2026-09-17T18:07:19.853Z"}
{"level":"info","event":"action","runId":"70326715-6b09-495d-ac7a-514a58d78632","type":"challenge","rationale":"Disconfirm material conclusion: A primary source that directly contradicts this conclusion.","step":6,"t":"2026-09-17T18:07:19.915Z"}
{"level":"info","event":"action","runId":"70326715-6b09-495d-ac7a-514a58d78632","type":"challenge","rationale":"No counterexample found in accessed primary sources. This is not proof that the conclusion is true.","step":7,"t":"2026-09-17T18:07:19.960Z"}
{"level":"info","event":"action","runId":"70326715-6b09-495d-ac7a-514a58d78632","type":"synthesize","rationale":"decision_critical_gaps_resolved_or_unresolvable; high-impact claims supported or qualified; contradictions handled; remaining actions low expected value","step":8,"t":"2026-09-17T18:07:20.016Z"}
{"level":"info","event":"action","runId":"f26b7be0-7d07-4ac1-b369-1af2defa8df1","type":"search","rationale":"Investigate an uncovered required question","step":0,"t":"2026-09-17T18:07:21.255Z"}
{"level":"info","event":"action","runId":"f26b7be0-7d07-4ac1-b369-1af2defa8df1","type":"fetch","rationale":"Inspect an already-known source before another generic query","step":1,"t":"2026-09-17T18:07:21.344Z"}
{"level":"info","event":"action","runId":"f26b7be0-7d07-4ac1-b369-1af2defa8df1","type":"fetch","rationale":"Inspect an already-known source before another generic query","step":2,"t":"2026-09-17T18:07:21.399Z"}
{"level":"info","event":"action","runId":"f26b7be0-7d07-4ac1-b369-1af2defa8df1","type":"fetch","rationale":"Inspect an already-known source before another generic query","step":3,"t":"2026-09-17T18:07:21.497Z"}
{"level":"info","event":"action","runId":"f26b7be0-7d07-4ac1-b369-1af2defa8df1","type":"fetch","rationale":"Inspect an already-known source before another generic query","step":4,"t":"2026-09-17T18:07:21.565Z"}
{"level":"info","event":"action","runId":"f26b7be0-7d07-4ac1-b369-1af2defa8df1","type":"fetch","rationale":"Inspect an already-known source before another generic query","step":5,"t":"2026-09-17T18:07:21.642Z"}
{"level":"info","event":"action","runId":"f26b7be0-7d07-4ac1-b369-1af2defa8df1","type":"challenge","rationale":"Disconfirm material conclusion: A primary source that directly contradicts this conclusion.","step":6,"t":"2026-09-17T18:07:21.712Z"}
{"level":"info","event":"action","runId":"f26b7be0-7d07-4ac1-b369-1af2defa8df1","type":"challenge","rationale":"No counterexample found in accessed primary sources. This is not proof that the conclusion is true.","step":7,"t":"2026-09-17T18:07:21.766Z"}
{"level":"info","event":"action","runId":"f26b7be0-7d07-4ac1-b369-1af2defa8df1","type":"synthesize","rationale":"decision_critical_gaps_resolved_or_unresolvable; high-impact claims supported or qualified; contradictions handled; remaining actions low expected value","step":8,"t":"2026-09-17T18:07:21.846Z"}
{"level":"info","event":"action","runId":"52ded194-60e1-4aad-a2f6-af64bdc3707f","type":"search","rationale":"Investigate an uncovered required question","step":0,"t":"2026-09-17T18:07:22.798Z"}
{"level":"info","event":"action","runId":"52ded194-60e1-4aad-a2f6-af64bdc3707f","type":"fetch","rationale":"Inspect an already-known source before another generic query","step":1,"t":"2026-09-17T18:07:22.874Z"}
{"level":"info","event":"action","runId":"52ded194-60e1-4aad-a2f6-af64bdc3707f","type":"fetch","rationale":"Inspect an already-known source before another generic query","step":2,"t":"2026-09-17T18:07:22.921Z"}
{"level":"info","event":"action","runId":"52ded194-60e1-4aad-a2f6-af64bdc3707f","type":"fetch","rationale":"Inspect an already-known source before another generic query","step":3,"t":"2026-09-17T18:07:22.980Z"}
{"level":"info","event":"action","runId":"52ded194-60e1-4aad-a2f6-af64bdc3707f","type":"fetch","rationale":"Inspect an already-known source before another generic query","step":4,"t":"2026-09-17T18:07:23.035Z"}
{"level":"info","event":"action","runId":"52ded194-60e1-4aad-a2f6-af64bdc3707f","type":"fetch","rationale":"Inspect an already-known source before another generic query","step":5,"t":"2026-09-17T18:07:23.094Z"}
{"level":"info","event":"action","runId":"52ded194-60e1-4aad-a2f6-af64bdc3707f","type":"challenge","rationale":"Disconfirm material conclusion: A primary source that directly contradicts this conclusion.","step":6,"t":"2026-09-17T18:07:23.143Z"}
{"level":"info","event":"action","runId":"52ded194-60e1-4aad-a2f6-af64bdc3707f","type":"challenge","rationale":"No counterexample found in accessed primary sources. This is not proof that the conclusion is true.","step":7,"t":"2026-09-17T18:07:23.208Z"}
{"level":"info","event":"action","runId":"52ded194-60e1-4aad-a2f6-af64bdc3707f","type":"synthesize","rationale":"decision_critical_gaps_resolved_or_unresolvable; high-impact claims supported or qualified; contradictions handled; remaining actions low expected value","step":8,"t":"2026-09-17T18:07:23.245Z"}
{"level":"info","event":"action","runId":"7114abeb-97bd-479e-a851-ce845084a73f","type":"search","rationale":"Investigate an uncovered required question","step":0,"t":"2026-09-17T18:07:24.767Z"}
{"level":"info","event":"action","runId":"7114abeb-97bd-479e-a851-ce845084a73f","type":"fetch","rationale":"Inspect an already-known source before another generic query","step":1,"t":"2026-09-17T18:07:24.830Z"}
{"level":"info","event":"action","runId":"7114abeb-97bd-479e-a851-ce845084a73f","type":"fetch","rationale":"Inspect an already-known source before another generic query","step":2,"t":"2026-09-17T18:07:24.863Z"}
{"level":"info","event":"action","runId":"7114abeb-97bd-479e-a851-ce845084a73f","type":"fetch","rationale":"Inspect an already-known source before another generic query","step":3,"t":"2026-09-17T18:07:24.897Z"}
{"level":"info","event":"action","runId":"7114abeb-97bd-479e-a851-ce845084a73f","type":"fetch","rationale":"Inspect an already-known source before another generic query","step":4,"t":"2026-09-17T18:07:24.934Z"}
{"level":"info","event":"action","runId":"7114abeb-97bd-479e-a851-ce845084a73f","type":"fetch","rationale":"Inspect an already-known source before another generic query","step":5,"t":"2026-09-17T18:07:24.974Z"}
{"level":"info","event":"action","runId":"7114abeb-97bd-479e-a851-ce845084a73f","type":"challenge","rationale":"Disconfirm material conclusion: A primary source that directly contradicts this conclusion.","step":6,"t":"2026-09-17T18:07:25.023Z"}
{"level":"info","event":"action","runId":"7114abeb-97bd-479e-a851-ce845084a73f","type":"challenge","rationale":"No counterexample found in accessed primary sources. This is not proof that the conclusion is true.","step":7,"t":"2026-09-17T18:07:25.062Z"}
{"level":"info","event":"action","runId":"7114abeb-97bd-479e-a851-ce845084a73f","type":"synthesize","rationale":"decision_critical_gaps_resolved_or_unresolvable; high-impact claims supported or qualified; contradictions handled; remaining actions low expected value","step":8,"t":"2026-09-17T18:07:25.094Z"}
{"level":"info","event":"action","runId":"9ac23023-e22a-443f-bc7e-8a73fbad27f4","type":"search","rationale":"Investigate an uncovered required question","step":0,"t":"2026-09-17T18:07:26.782Z"}
{"level":"info","event":"action","runId":"9ac23023-e22a-443f-bc7e-8a73fbad27f4","type":"fetch","rationale":"Inspect an already-known source before another generic query","step":1,"t":"2026-09-17T18:07:26.844Z"}
{"level":"info","event":"action","runId":"9ac23023-e22a-443f-bc7e-8a73fbad27f4","type":"fetch","rationale":"Inspect an already-known source before another generic query","step":2,"t":"2026-09-17T18:07:26.889Z"}
{"level":"info","event":"action","runId":"9ac23023-e22a-443f-bc7e-8a73fbad27f4","type":"fetch","rationale":"Inspect an already-known source before another generic query","step":3,"t":"2026-09-17T18:07:26.937Z"}
{"level":"info","event":"action","runId":"9ac23023-e22a-443f-bc7e-8a73fbad27f4","type":"fetch","rationale":"Inspect an already-known source before another generic query","step":4,"t":"2026-09-17T18:07:26.977Z"}
{"level":"info","event":"action","runId":"9ac23023-e22a-443f-bc7e-8a73fbad27f4","type":"fetch","rationale":"Inspect an already-known source before another generic query","step":5,"t":"2026-09-17T18:07:27.022Z"}
{"level":"info","event":"action","runId":"9ac23023-e22a-443f-bc7e-8a73fbad27f4","type":"challenge","rationale":"Disconfirm material conclusion: A primary source that directly contradicts this conclusion.","step":6,"t":"2026-09-17T18:07:27.071Z"}
{"level":"info","event":"action","runId":"9ac23023-e22a-443f-bc7e-8a73fbad27f4","type":"challenge","rationale":"No counterexample found in accessed primary sources. This is not proof that the conclusion is true.","step":7,"t":"2026-09-17T18:07:27.112Z"}
{"level":"info","event":"action","runId":"9ac23023-e22a-443f-bc7e-8a73fbad27f4","type":"synthesize","rationale":"decision_critical_gaps_resolved_or_unresolvable; high-impact claims supported or qualified; contradictions handled; remaining actions low expected value","step":8,"t":"2026-09-17T18:07:27.144Z"}
{"level":"info","event":"action","runId":"c28a7c7c-ff06-4174-9c90-e6ebc2b08e72","type":"search","rationale":"Investigate an uncovered required question","step":0,"t":"2026-09-17T18:07:28.112Z"}
{"level":"info","event":"action","runId":"c28a7c7c-ff06-4174-9c90-e6ebc2b08e72","type":"fetch","rationale":"Inspect an already-known source before another generic query","step":1,"t":"2026-09-17T18:07:28.219Z"}
{"level":"info","event":"action","runId":"c28a7c7c-ff06-4174-9c90-e6ebc2b08e72","type":"fetch","rationale":"Inspect an already-known source before another generic query","step":2,"t":"2026-09-17T18:07:28.261Z"}
{"level":"info","event":"action","runId":"c28a7c7c-ff06-4174-9c90-e6ebc2b08e72","type":"fetch","rationale":"Inspect an already-known source before another generic query","step":3,"t":"2026-09-17T18:07:28.311Z"}
{"level":"info","event":"action","runId":"c28a7c7c-ff06-4174-9c90-e6ebc2b08e72","type":"fetch","rationale":"Inspect an already-known source before another generic query","step":4,"t":"2026-09-17T18:07:28.370Z"}
{"level":"info","event":"action","runId":"c28a7c7c-ff06-4174-9c90-e6ebc2b08e72","type":"fetch","rationale":"Inspect an already-known source before another generic query","step":5,"t":"2026-09-17T18:07:28.418Z"}
{"level":"info","event":"action","runId":"c28a7c7c-ff06-4174-9c90-e6ebc2b08e72","type":"challenge","rationale":"Disconfirm material conclusion: A primary source that directly contradicts this conclusion.","step":6,"t":"2026-09-17T18:07:28.464Z"}
{"level":"info","event":"action","runId":"c28a7c7c-ff06-4174-9c90-e6ebc2b08e72","type":"challenge","rationale":"No counterexample found in accessed primary sources. This is not proof that the conclusion is true.","step":7,"t":"2026-09-17T18:07:28.533Z"}
{"level":"info","event":"action","runId":"c28a7c7c-ff06-4174-9c90-e6ebc2b08e72","type":"synthesize","rationale":"decision_critical_gaps_resolved_or_unresolvable; high-impact claims supported or qualified; contradictions handled; remaining actions low expected value","step":8,"t":"2026-09-17T18:07:28.604Z"}
{"level":"info","event":"action","runId":"64ea30a9-dfc9-40cd-96c6-d2fc0bef737b","type":"search","rationale":"Investigate an uncovered required question","step":0,"t":"2026-09-17T18:07:29.883Z"}
{"level":"info","event":"action","runId":"64ea30a9-dfc9-40cd-96c6-d2fc0bef737b","type":"fetch","rationale":"Inspect an already-known source before another generic query","step":1,"t":"2026-09-17T18:07:29.944Z"}
{"level":"info","event":"action","runId":"64ea30a9-dfc9-40cd-96c6-d2fc0bef737b","type":"challenge","rationale":"Disconfirm material conclusion: A primary source that directly contradicts this conclusion.","step":2,"t":"2026-09-17T18:07:29.983Z"}
{"level":"info","event":"action","runId":"64ea30a9-dfc9-40cd-96c6-d2fc0bef737b","type":"challenge","rationale":"No counterexample found in accessed primary sources. This is not proof that the conclusion is true.","step":3,"t":"2026-09-17T18:07:30.026Z"}
{"level":"info","event":"action","runId":"64ea30a9-dfc9-40cd-96c6-d2fc0bef737b","type":"synthesize","rationale":"decision_critical_gaps_resolved_or_unresolvable; high-impact claims supported or qualified; contradictions handled; remaining actions low expected value","step":4,"t":"2026-09-17T18:07:30.057Z"}
{"level":"info","event":"action","runId":"dcd47a27-abeb-4dde-a7e6-c2a36069c039","type":"search","rationale":"Investigate an uncovered required question","step":0,"t":"2026-09-17T18:07:30.937Z"}
{"level":"info","event":"action","runId":"dcd47a27-abeb-4dde-a7e6-c2a36069c039","type":"fetch","rationale":"Inspect an already-known source before another generic query","step":1,"t":"2026-09-17T18:07:30.995Z"}
{"level":"info","event":"action","runId":"dcd47a27-abeb-4dde-a7e6-c2a36069c039","type":"fetch","rationale":"Inspect an already-known source before another generic query","step":2,"t":"2026-09-17T18:07:31.034Z"}
{"level":"info","event":"action","runId":"dcd47a27-abeb-4dde-a7e6-c2a36069c039","type":"fetch","rationale":"Inspect an already-known source before another generic query","step":3,"t":"2026-09-17T18:07:31.072Z"}
{"level":"info","event":"action","runId":"dcd47a27-abeb-4dde-a7e6-c2a36069c039","type":"challenge","rationale":"Disconfirm material conclusion: A primary source that directly contradicts this conclusion.","step":4,"t":"2026-09-17T18:07:31.126Z"}
{"level":"info","event":"action","runId":"dcd47a27-abeb-4dde-a7e6-c2a36069c039","type":"challenge","rationale":"No counterexample found in accessed primary sources. This is not proof that the conclusion is true.","step":5,"t":"2026-09-17T18:07:31.164Z"}
{"level":"info","event":"action","runId":"dcd47a27-abeb-4dde-a7e6-c2a36069c039","type":"synthesize","rationale":"decision_critical_gaps_resolved_or_unresolvable; high-impact claims supported or qualified; contradictions handled; remaining actions low expected value","step":6,"t":"2026-09-17T18:07:31.200Z"}
{"level":"info","event":"action","runId":"4621f381-1dd5-465d-8567-f445a6506085","type":"search","rationale":"Investigate an uncovered required question","step":0,"t":"2026-09-17T18:07:32.144Z"}
{"level":"info","event":"action","runId":"4621f381-1dd5-465d-8567-f445a6506085","type":"fetch","rationale":"Inspect an already-known source before another generic query","step":1,"t":"2026-09-17T18:07:32.219Z"}
{"level":"info","event":"action","runId":"4621f381-1dd5-465d-8567-f445a6506085","type":"fetch","rationale":"Inspect an already-known source before another generic query","step":2,"t":"2026-09-17T18:07:32.284Z"}
{"level":"info","event":"action","runId":"4621f381-1dd5-465d-8567-f445a6506085","type":"fetch","rationale":"Inspect an already-known source before another generic query","step":3,"t":"2026-09-17T18:07:32.333Z"}
{"level":"info","event":"action","runId":"4621f381-1dd5-465d-8567-f445a6506085","type":"challenge","rationale":"Disconfirm material conclusion: A primary source that directly contradicts this conclusion.","step":4,"t":"2026-09-17T18:07:32.458Z"}
{"level":"info","event":"action","runId":"4621f381-1dd5-465d-8567-f445a6506085","type":"challenge","rationale":"No counterexample found in accessed primary sources. This is not proof that the conclusion is true.","step":5,"t":"2026-09-17T18:07:32.517Z"}
{"level":"info","event":"action","runId":"4621f381-1dd5-465d-8567-f445a6506085","type":"synthesize","rationale":"decision_critical_gaps_resolved_or_unresolvable; high-impact claims supported or qualified; contradictions handled; remaining actions low expected value","step":6,"t":"2026-09-17T18:07:32.552Z"}
{"level":"info","event":"action","runId":"1c27be11-683d-4963-8942-c38632220384","type":"search","rationale":"Investigate an uncovered required question","step":0,"t":"2026-09-17T18:07:33.430Z"}
{"level":"info","event":"action","runId":"1c27be11-683d-4963-8942-c38632220384","type":"fetch","rationale":"Inspect an already-known source before another generic query","step":1,"t":"2026-09-17T18:07:33.486Z"}
{"level":"info","event":"action","runId":"1c27be11-683d-4963-8942-c38632220384","type":"fetch","rationale":"Inspect an already-known source before another generic query","step":2,"t":"2026-09-17T18:07:33.527Z"}
{"level":"info","event":"action","runId":"1c27be11-683d-4963-8942-c38632220384","type":"fetch","rationale":"Inspect an already-known source before another generic query","step":3,"t":"2026-09-17T18:07:33.566Z"}
{"level":"info","event":"action","runId":"1c27be11-683d-4963-8942-c38632220384","type":"fetch","rationale":"Inspect an already-known source before another generic query","step":4,"t":"2026-09-17T18:07:33.603Z"}
{"level":"info","event":"action","runId":"1c27be11-683d-4963-8942-c38632220384","type":"fetch","rationale":"Inspect an already-known source before another generic query","step":5,"t":"2026-09-17T18:07:33.637Z"}
{"level":"info","event":"action","runId":"1c27be11-683d-4963-8942-c38632220384","type":"challenge","rationale":"Disconfirm material conclusion: A primary source that directly contradicts this conclusion.","step":6,"t":"2026-09-17T18:07:33.678Z"}
{"level":"info","event":"action","runId":"1c27be11-683d-4963-8942-c38632220384","type":"challenge","rationale":"No counterexample found in accessed primary sources. This is not proof that the conclusion is true.","step":7,"t":"2026-09-17T18:07:33.723Z"}
{"level":"info","event":"action","runId":"1c27be11-683d-4963-8942-c38632220384","type":"synthesize","rationale":"decision_critical_gaps_resolved_or_unresolvable; high-impact claims supported or qualified; contradictions handled; remaining actions low expected value","step":8,"t":"2026-09-17T18:07:33.758Z"}
{"level":"info","event":"action","runId":"6b8065e8-97ac-4c15-9d52-b64f26662219","type":"search","rationale":"Investigate an uncovered required question","step":0,"t":"2026-09-17T18:07:34.182Z"}
{"level":"info","event":"action","runId":"6b8065e8-97ac-4c15-9d52-b64f26662219","type":"fetch","rationale":"Inspect an already-known source before another generic query","step":1,"t":"2026-09-17T18:07:34.243Z"}
{"level":"info","event":"action","runId":"6b8065e8-97ac-4c15-9d52-b64f26662219","type":"fetch","rationale":"Inspect an already-known source before another generic query","step":2,"t":"2026-09-17T18:07:34.286Z"}
{"level":"info","event":"action","runId":"6b8065e8-97ac-4c15-9d52-b64f26662219","type":"fetch","rationale":"Inspect an already-known source before another generic query","step":3,"t":"2026-09-17T18:07:34.319Z"}
{"level":"info","event":"action","runId":"6b8065e8-97ac-4c15-9d52-b64f26662219","type":"fetch","rationale":"Inspect an already-known source before another generic query","step":4,"t":"2026-09-17T18:07:34.353Z"}
{"level":"info","event":"action","runId":"6b8065e8-97ac-4c15-9d52-b64f26662219","type":"fetch","rationale":"Inspect an already-known source before another generic query","step":5,"t":"2026-09-17T18:07:34.385Z"}
{"level":"info","event":"action","runId":"6b8065e8-97ac-4c15-9d52-b64f26662219","type":"challenge","rationale":"Disconfirm material conclusion: A primary source that directly contradicts this conclusion.","step":6,"t":"2026-09-17T18:07:34.420Z"}
{"level":"info","event":"action","runId":"6b8065e8-97ac-4c15-9d52-b64f26662219","type":"challenge","rationale":"Disconfirm material conclusion: A primary source that directly contradicts this conclusion.","step":7,"t":"2026-09-17T18:07:34.463Z"}
{"level":"info","event":"action","runId":"6b8065e8-97ac-4c15-9d52-b64f26662219","type":"challenge","rationale":"Disconfirm material conclusion: A primary source that directly contradicts this conclusion.","step":8,"t":"2026-09-17T18:07:34.509Z"}
{"level":"info","event":"action","runId":"6b8065e8-97ac-4c15-9d52-b64f26662219","type":"challenge","rationale":"Disconfirm material conclusion: A primary source that directly contradicts this conclusion.","step":9,"t":"2026-09-17T18:07:34.577Z"}
{"level":"info","event":"action","runId":"6b8065e8-97ac-4c15-9d52-b64f26662219","type":"challenge","rationale":"Disconfirm material conclusion: A primary source that directly contradicts this conclusion.","step":10,"t":"2026-09-17T18:07:34.635Z"}
{"level":"info","event":"action","runId":"6b8065e8-97ac-4c15-9d52-b64f26662219","type":"challenge","rationale":"Disconfirm material conclusion: A primary source that directly contradicts this conclusion.","step":11,"t":"2026-09-17T18:07:34.684Z"}
{"level":"info","event":"action","runId":"6b8065e8-97ac-4c15-9d52-b64f26662219","type":"challenge","rationale":"Disconfirm material conclusion: A primary source that directly contradicts this conclusion.","step":12,"t":"2026-09-17T18:07:34.755Z"}
{"level":"info","event":"action","runId":"6b8065e8-97ac-4c15-9d52-b64f26662219","type":"challenge","rationale":"No counterexample found in accessed primary sources. This is not proof that the conclusion is true.","step":13,"t":"2026-09-17T18:07:34.832Z"}
{"level":"info","event":"action","runId":"6b8065e8-97ac-4c15-9d52-b64f26662219","type":"stop","rationale":"Repeated searches returned no novel source family or coverage progress","step":14,"t":"2026-09-17T18:07:34.893Z"}
{"level":"info","event":"action","runId":"f219e5ab-5617-4493-99f6-80fef5c22b64","type":"search","rationale":"Investigate an uncovered required question","step":0,"t":"2026-09-17T18:07:35.879Z"}
{"level":"info","event":"action","runId":"f219e5ab-5617-4493-99f6-80fef5c22b64","type":"fetch","rationale":"Inspect an already-known source before another generic query","step":1,"t":"2026-09-17T18:07:35.936Z"}
{"level":"info","event":"action","runId":"f219e5ab-5617-4493-99f6-80fef5c22b64","type":"fetch","rationale":"Inspect an already-known source before another generic query","step":2,"t":"2026-09-17T18:07:35.978Z"}
{"level":"info","event":"action","runId":"f219e5ab-5617-4493-99f6-80fef5c22b64","type":"challenge","rationale":"Disconfirm material conclusion: A primary source that directly contradicts this conclusion.","step":3,"t":"2026-09-17T18:07:36.017Z"}
{"level":"info","event":"action","runId":"f219e5ab-5617-4493-99f6-80fef5c22b64","type":"challenge","rationale":"No counterexample found in accessed primary sources. This is not proof that the conclusion is true.","step":4,"t":"2026-09-17T18:07:36.065Z"}
{"level":"info","event":"action","runId":"f219e5ab-5617-4493-99f6-80fef5c22b64","type":"synthesize","rationale":"decision_critical_gaps_resolved_or_unresolvable; high-impact claims supported or qualified; contradictions handled; remaining actions low expected value","step":5,"t":"2026-09-17T18:07:36.095Z"}
{"level":"info","event":"action","runId":"e3ec488c-b78b-4fbd-b24c-40ebf4abcad4","type":"search","rationale":"Investigate an uncovered required question","step":0,"t":"2026-09-17T18:07:36.831Z"}
{"level":"info","event":"action","runId":"e3ec488c-b78b-4fbd-b24c-40ebf4abcad4","type":"fetch","rationale":"Inspect an already-known source before another generic query","step":1,"t":"2026-09-17T18:07:36.864Z"}
{"level":"info","event":"action","runId":"e3ec488c-b78b-4fbd-b24c-40ebf4abcad4","type":"challenge","rationale":"Disconfirm material conclusion: A primary source that directly contradicts this conclusion.","step":2,"t":"2026-09-17T18:07:36.892Z"}
{"level":"info","event":"action","runId":"e3ec488c-b78b-4fbd-b24c-40ebf4abcad4","type":"challenge","rationale":"No counterexample found in accessed primary sources. This is not proof that the conclusion is true.","step":3,"t":"2026-09-17T18:07:36.917Z"}
{"level":"info","event":"action","runId":"e3ec488c-b78b-4fbd-b24c-40ebf4abcad4","type":"synthesize","rationale":"decision_critical_gaps_resolved_or_unresolvable; high-impact claims supported or qualified; contradictions handled; remaining actions low expected value","step":4,"t":"2026-09-17T18:07:36.938Z"}
{"level":"info","event":"action","runId":"60d2c13a-0a77-43e2-ad93-405ea4a554ba","type":"search","rationale":"Investigate an uncovered required question","step":0,"t":"2026-09-17T18:07:37.602Z"}
{"level":"info","event":"action","runId":"60d2c13a-0a77-43e2-ad93-405ea4a554ba","type":"fetch","rationale":"Inspect an already-known source before another generic query","step":1,"t":"2026-09-17T18:07:37.634Z"}
{"level":"info","event":"action","runId":"60d2c13a-0a77-43e2-ad93-405ea4a554ba","type":"challenge","rationale":"Disconfirm material conclusion: A primary source that directly contradicts this conclusion.","step":2,"t":"2026-09-17T18:07:37.658Z"}
{"level":"info","event":"action","runId":"60d2c13a-0a77-43e2-ad93-405ea4a554ba","type":"challenge","rationale":"No counterexample found in accessed primary sources. This is not proof that the conclusion is true.","step":3,"t":"2026-09-17T18:07:37.681Z"}
{"level":"info","event":"action","runId":"60d2c13a-0a77-43e2-ad93-405ea4a554ba","type":"synthesize","rationale":"decision_critical_gaps_resolved_or_unresolvable; high-impact claims supported or qualified; contradictions handled; remaining actions low expected value","step":4,"t":"2026-09-17T18:07:37.700Z"}
{"level":"info","event":"action","runId":"a8eafffe-a1ab-44b4-8305-0cf726004b91","type":"search","rationale":"Investigate an uncovered required question","step":0,"t":"2026-09-17T18:07:38.338Z"}
{"level":"info","event":"action","runId":"a8eafffe-a1ab-44b4-8305-0cf726004b91","type":"fetch","rationale":"Inspect an already-known source before another generic query","step":1,"t":"2026-09-17T18:07:38.375Z"}
{"level":"info","event":"action","runId":"a8eafffe-a1ab-44b4-8305-0cf726004b91","type":"challenge","rationale":"Disconfirm material conclusion: A primary source that directly contradicts this conclusion.","step":2,"t":"2026-09-17T18:07:38.400Z"}
{"level":"info","event":"action","runId":"a8eafffe-a1ab-44b4-8305-0cf726004b91","type":"challenge","rationale":"No counterexample found in accessed primary sources. This is not proof that the conclusion is true.","step":3,"t":"2026-09-17T18:07:38.438Z"}
{"level":"info","event":"action","runId":"a8eafffe-a1ab-44b4-8305-0cf726004b91","type":"synthesize","rationale":"decision_critical_gaps_resolved_or_unresolvable; high-impact claims supported or qualified; contradictions handled; remaining actions low expected value","step":4,"t":"2026-09-17T18:07:38.464Z"}
{"level":"info","event":"action","runId":"46dcf0b4-aee8-4e98-adb9-543c10cf8e43","type":"search","rationale":"Investigate an uncovered required question","step":0,"t":"2026-09-17T18:07:39.094Z"}
{"level":"info","event":"action","runId":"46dcf0b4-aee8-4e98-adb9-543c10cf8e43","type":"fetch","rationale":"Inspect an already-known source before another generic query","step":1,"t":"2026-09-17T18:07:39.131Z"}
{"level":"info","event":"action","runId":"46dcf0b4-aee8-4e98-adb9-543c10cf8e43","type":"challenge","rationale":"Disconfirm material conclusion: A primary source that directly contradicts this conclusion.","step":2,"t":"2026-09-17T18:07:39.156Z"}
{"level":"info","event":"action","runId":"46dcf0b4-aee8-4e98-adb9-543c10cf8e43","type":"challenge","rationale":"No counterexample found in accessed primary sources. This is not proof that the conclusion is true.","step":3,"t":"2026-09-17T18:07:39.180Z"}
{"level":"info","event":"action","runId":"46dcf0b4-aee8-4e98-adb9-543c10cf8e43","type":"synthesize","rationale":"decision_critical_gaps_resolved_or_unresolvable; high-impact claims supported or qualified; contradictions handled; remaining actions low expected value","step":4,"t":"2026-09-17T18:07:39.203Z"}
{"level":"info","event":"action","runId":"1a72e774-abc0-4447-a9bc-73d8ce9907f1","type":"search","rationale":"Investigate an uncovered required question","step":0,"t":"2026-09-17T18:07:39.864Z"}
{"level":"info","event":"action","runId":"1a72e774-abc0-4447-a9bc-73d8ce9907f1","type":"fetch","rationale":"Inspect an already-known source before another generic query","step":1,"t":"2026-09-17T18:07:39.922Z"}
{"level":"info","event":"action","runId":"1a72e774-abc0-4447-a9bc-73d8ce9907f1","type":"fetch","rationale":"Inspect an already-known source before another generic query","step":2,"t":"2026-09-17T18:07:39.949Z"}
{"level":"info","event":"action","runId":"1a72e774-abc0-4447-a9bc-73d8ce9907f1","type":"fetch","rationale":"Inspect an already-known source before another generic query","step":3,"t":"2026-09-17T18:07:39.982Z"}
{"level":"info","event":"action","runId":"1a72e774-abc0-4447-a9bc-73d8ce9907f1","type":"fetch","rationale":"Inspect an already-known source before another generic query","step":4,"t":"2026-09-17T18:07:40.012Z"}
{"level":"info","event":"action","runId":"1a72e774-abc0-4447-a9bc-73d8ce9907f1","type":"fetch","rationale":"Inspect an already-known source before another generic query","step":5,"t":"2026-09-17T18:07:40.047Z"}
{"level":"info","event":"action","runId":"1a72e774-abc0-4447-a9bc-73d8ce9907f1","type":"challenge","rationale":"Disconfirm material conclusion: A primary source that directly contradicts this conclusion.","step":6,"t":"2026-09-17T18:07:40.083Z"}
{"level":"info","event":"action","runId":"1a72e774-abc0-4447-a9bc-73d8ce9907f1","type":"challenge","rationale":"No counterexample found in accessed primary sources. This is not proof that the conclusion is true.","step":7,"t":"2026-09-17T18:07:40.133Z"}
{"level":"info","event":"action","runId":"1a72e774-abc0-4447-a9bc-73d8ce9907f1","type":"synthesize","rationale":"decision_critical_gaps_resolved_or_unresolvable; high-impact claims supported or qualified; contradictions handled; remaining actions low expected value","step":8,"t":"2026-09-17T18:07:40.166Z"}
{"level":"info","event":"action","runId":"bf36644b-1f86-4b88-9235-7eed0b04a952","type":"search","rationale":"Investigate an uncovered required question","step":0,"t":"2026-09-17T18:07:40.792Z"}
{"level":"info","event":"action","runId":"bf36644b-1f86-4b88-9235-7eed0b04a952","type":"fetch","rationale":"Inspect an already-known source before another generic query","step":1,"t":"2026-09-17T18:07:40.839Z"}
{"level":"info","event":"action","runId":"bf36644b-1f86-4b88-9235-7eed0b04a952","type":"synthesize","rationale":"budget requires finishing with available evidence","step":2,"t":"2026-09-17T18:07:40.865Z"}
{"level":"info","event":"action","runId":"4bc92cbd-0726-42a9-a70a-641552b63355","type":"search","rationale":"Investigate an uncovered required question","step":0,"t":"2026-09-17T18:07:41.477Z"}
{"level":"info","event":"action","runId":"4bc92cbd-0726-42a9-a70a-641552b63355","type":"fetch","rationale":"Inspect an already-known source before another generic query","step":1,"t":"2026-09-17T18:07:41.523Z"}
{"level":"info","event":"action","runId":"4bc92cbd-0726-42a9-a70a-641552b63355","type":"fetch","rationale":"Inspect an already-known source before another generic query","step":2,"t":"2026-09-17T18:07:41.548Z"}
{"level":"info","event":"action","runId":"4bc92cbd-0726-42a9-a70a-641552b63355","type":"fetch","rationale":"Inspect an already-known source before another generic query","step":3,"t":"2026-09-17T18:07:41.579Z"}
{"level":"info","event":"action","runId":"4bc92cbd-0726-42a9-a70a-641552b63355","type":"fetch","rationale":"Inspect an already-known source before another generic query","step":4,"t":"2026-09-17T18:07:41.609Z"}
{"level":"info","event":"action","runId":"4bc92cbd-0726-42a9-a70a-641552b63355","type":"fetch","rationale":"Inspect an already-known source before another generic query","step":5,"t":"2026-09-17T18:07:41.633Z"}
{"level":"info","event":"action","runId":"4bc92cbd-0726-42a9-a70a-641552b63355","type":"challenge","rationale":"Disconfirm material conclusion: A primary source that directly contradicts this conclusion.","step":6,"t":"2026-09-17T18:07:41.659Z"}
{"level":"info","event":"action","runId":"4bc92cbd-0726-42a9-a70a-641552b63355","type":"challenge","rationale":"No counterexample found in accessed primary sources. This is not proof that the conclusion is true.","step":7,"t":"2026-09-17T18:07:41.691Z"}
{"level":"info","event":"action","runId":"4bc92cbd-0726-42a9-a70a-641552b63355","type":"synthesize","rationale":"decision_critical_gaps_resolved_or_unresolvable; high-impact claims supported or qualified; contradictions handled; remaining actions low expected value","step":8,"t":"2026-09-17T18:07:41.712Z"}
{"level":"info","event":"action","runId":"210808aa-f613-483e-8523-48868e87e422","type":"search","rationale":"Investigate an uncovered required question","step":0,"t":"2026-09-17T18:07:42.934Z"}
{"level":"info","event":"action","runId":"210808aa-f613-483e-8523-48868e87e422","type":"fetch","rationale":"Inspect an already-known source before another generic query","step":1,"t":"2026-09-17T18:07:42.996Z"}
{"level":"info","event":"action","runId":"210808aa-f613-483e-8523-48868e87e422","type":"fetch","rationale":"Inspect an already-known source before another generic query","step":2,"t":"2026-09-17T18:07:43.033Z"}
{"level":"info","event":"action","runId":"210808aa-f613-483e-8523-48868e87e422","type":"fetch","rationale":"Inspect an already-known source before another generic query","step":3,"t":"2026-09-17T18:07:43.061Z"}
{"level":"info","event":"action","runId":"210808aa-f613-483e-8523-48868e87e422","type":"fetch","rationale":"Inspect an already-known source before another generic query","step":4,"t":"2026-09-17T18:07:43.091Z"}
{"level":"info","event":"action","runId":"210808aa-f613-483e-8523-48868e87e422","type":"fetch","rationale":"Inspect an already-known source before another generic query","step":5,"t":"2026-09-17T18:07:43.121Z"}
{"level":"info","event":"action","runId":"210808aa-f613-483e-8523-48868e87e422","type":"challenge","rationale":"Disconfirm material conclusion: A primary source that directly contradicts this conclusion.","step":6,"t":"2026-09-17T18:07:43.148Z"}
{"level":"info","event":"action","runId":"210808aa-f613-483e-8523-48868e87e422","type":"challenge","rationale":"No counterexample found in accessed primary sources. This is not proof that the conclusion is true.","step":7,"t":"2026-09-17T18:07:43.177Z"}
{"level":"info","event":"action","runId":"210808aa-f613-483e-8523-48868e87e422","type":"synthesize","rationale":"decision_critical_gaps_resolved_or_unresolvable; high-impact claims supported or qualified; contradictions handled; remaining actions low expected value","step":8,"t":"2026-09-17T18:07:43.198Z"}
{"level":"info","event":"action","runId":"af26eef3-1ba3-42e0-b4fb-0ea84644c56c","type":"challenge","rationale":"Disconfirm material conclusion: A primary source that directly contradicts this conclusion.","step":0,"t":"2026-09-17T18:07:44.357Z"}
{"level":"info","event":"action","runId":"af26eef3-1ba3-42e0-b4fb-0ea84644c56c","type":"fetch","rationale":"Inspect an already-known source before another generic query","step":1,"t":"2026-09-17T18:07:44.403Z"}
{"level":"info","event":"action","runId":"af26eef3-1ba3-42e0-b4fb-0ea84644c56c","type":"fetch","rationale":"Inspect an already-known source before another generic query","step":2,"t":"2026-09-17T18:07:44.428Z"}
{"level":"info","event":"action","runId":"af26eef3-1ba3-42e0-b4fb-0ea84644c56c","type":"fetch","rationale":"Inspect an already-known source before another generic query","step":3,"t":"2026-09-17T18:07:44.456Z"}
{"level":"info","event":"action","runId":"af26eef3-1ba3-42e0-b4fb-0ea84644c56c","type":"challenge","rationale":"No counterexample found in accessed primary sources. This is not proof that the conclusion is true.","step":4,"t":"2026-09-17T18:07:44.489Z"}
{"level":"info","event":"action","runId":"af26eef3-1ba3-42e0-b4fb-0ea84644c56c","type":"synthesize","rationale":"decision_critical_gaps_resolved_or_unresolvable; high-impact claims supported or qualified; contradictions handled; remaining actions low expected value","step":5,"t":"2026-09-17T18:07:44.513Z"}
{"level":"info","event":"action","runId":"334daed5-1df4-4c2d-8262-b3a9fbf83638","type":"challenge","rationale":"Disconfirm material conclusion: A primary source that directly contradicts this conclusion.","step":0,"t":"2026-09-17T18:07:45.204Z"}
{"level":"info","event":"action","runId":"334daed5-1df4-4c2d-8262-b3a9fbf83638","type":"fetch","rationale":"Inspect an already-known source before another generic query","step":1,"t":"2026-09-17T18:07:45.244Z"}
{"level":"info","event":"action","runId":"334daed5-1df4-4c2d-8262-b3a9fbf83638","type":"fetch","rationale":"Inspect an already-known source before another generic query","step":2,"t":"2026-09-17T18:07:45.266Z"}
{"level":"info","event":"action","runId":"334daed5-1df4-4c2d-8262-b3a9fbf83638","type":"fetch","rationale":"Inspect an already-known source before another generic query","step":3,"t":"2026-09-17T18:07:45.292Z"}
{"level":"info","event":"action","runId":"334daed5-1df4-4c2d-8262-b3a9fbf83638","type":"challenge","rationale":"No counterexample found in accessed primary sources. This is not proof that the conclusion is true.","step":4,"t":"2026-09-17T18:07:45.319Z"}
{"level":"info","event":"action","runId":"334daed5-1df4-4c2d-8262-b3a9fbf83638","type":"synthesize","rationale":"decision_critical_gaps_resolved_or_unresolvable; high-impact claims supported or qualified; contradictions handled; remaining actions low expected value","step":5,"t":"2026-09-17T18:07:45.338Z"}
{"level":"info","event":"action","runId":"a72371b6-e32e-4ce9-9514-236469d61ba0","type":"search","rationale":"Investigate an uncovered required question","step":0,"t":"2026-09-17T18:07:45.720Z"}
{"level":"info","event":"action","runId":"a72371b6-e32e-4ce9-9514-236469d61ba0","type":"fetch","rationale":"Inspect an already-known source before another generic query","step":1,"t":"2026-09-17T18:07:45.758Z"}
{"level":"info","event":"action","runId":"a72371b6-e32e-4ce9-9514-236469d61ba0","type":"fetch","rationale":"Inspect an already-known source before another generic query","step":2,"t":"2026-09-17T18:07:45.787Z"}
{"level":"info","event":"action","runId":"a72371b6-e32e-4ce9-9514-236469d61ba0","type":"fetch","rationale":"Inspect an already-known source before another generic query","step":3,"t":"2026-09-17T18:07:45.812Z"}
{"level":"info","event":"action","runId":"a72371b6-e32e-4ce9-9514-236469d61ba0","type":"fetch","rationale":"Inspect an already-known source before another generic query","step":4,"t":"2026-09-17T18:07:45.834Z"}
{"level":"info","event":"action","runId":"a72371b6-e32e-4ce9-9514-236469d61ba0","type":"fetch","rationale":"Inspect an already-known source before another generic query","step":5,"t":"2026-09-17T18:07:45.859Z"}
{"level":"info","event":"action","runId":"a72371b6-e32e-4ce9-9514-236469d61ba0","type":"challenge","rationale":"Disconfirm material conclusion: A primary source that directly contradicts this conclusion.","step":6,"t":"2026-09-17T18:07:45.882Z"}
{"level":"info","event":"action","runId":"a72371b6-e32e-4ce9-9514-236469d61ba0","type":"challenge","rationale":"No counterexample found in accessed primary sources. This is not proof that the conclusion is true.","step":7,"t":"2026-09-17T18:07:45.907Z"}
{"level":"info","event":"action","runId":"a72371b6-e32e-4ce9-9514-236469d61ba0","type":"synthesize","rationale":"decision_critical_gaps_resolved_or_unresolvable; high-impact claims supported or qualified; contradictions handled; remaining actions low expected value","step":8,"t":"2026-09-17T18:07:45.925Z"}
{"level":"info","event":"action","runId":"7d996cbd-6320-4ed6-904b-e3238487af73","type":"search","rationale":"Investigate an uncovered required question","step":0,"t":"2026-09-17T18:07:46.493Z"}
{"level":"info","event":"action","runId":"7d996cbd-6320-4ed6-904b-e3238487af73","type":"fetch","rationale":"Inspect an already-known source before another generic query","step":1,"t":"2026-09-17T18:07:46.532Z"}
{"level":"info","event":"action","runId":"7d996cbd-6320-4ed6-904b-e3238487af73","type":"fetch","rationale":"Inspect an already-known source before another generic query","step":2,"t":"2026-09-17T18:07:46.557Z"}
{"level":"info","event":"action","runId":"7d996cbd-6320-4ed6-904b-e3238487af73","type":"fetch","rationale":"Inspect an already-known source before another generic query","step":3,"t":"2026-09-17T18:07:46.582Z"}
{"level":"info","event":"action","runId":"7d996cbd-6320-4ed6-904b-e3238487af73","type":"fetch","rationale":"Inspect an already-known source before another generic query","step":4,"t":"2026-09-17T18:07:46.607Z"}
{"level":"info","event":"action","runId":"7d996cbd-6320-4ed6-904b-e3238487af73","type":"fetch","rationale":"Inspect an already-known source before another generic query","step":5,"t":"2026-09-17T18:07:46.630Z"}
{"level":"info","event":"action","runId":"7d996cbd-6320-4ed6-904b-e3238487af73","type":"challenge","rationale":"Disconfirm material conclusion: A primary source that directly contradicts this conclusion.","step":6,"t":"2026-09-17T18:07:46.654Z"}
{"level":"info","event":"action","runId":"7d996cbd-6320-4ed6-904b-e3238487af73","type":"challenge","rationale":"No counterexample found in accessed primary sources. This is not proof that the conclusion is true.","step":7,"t":"2026-09-17T18:07:46.684Z"}
{"level":"info","event":"action","runId":"7d996cbd-6320-4ed6-904b-e3238487af73","type":"synthesize","rationale":"decision_critical_gaps_resolved_or_unresolvable; high-impact claims supported or qualified; contradictions handled; remaining actions low expected value","step":8,"t":"2026-09-17T18:07:46.709Z"}
{"level":"info","event":"action","runId":"2259daec-64e3-4721-8ac6-6084499c1176","type":"clarify","rationale":"A blocking field is unspecified and would change the answer","step":0,"t":"2026-09-17T18:07:47.821Z"}
{"level":"info","event":"action","runId":"e4380e99-10c7-4b92-bb7d-0b003dca0579","type":"clarify","rationale":"A blocking field is unspecified and would change the answer","step":0,"t":"2026-09-17T18:07:48.152Z"}
{"level":"info","event":"action","runId":"e4380e99-10c7-4b92-bb7d-0b003dca0579","type":"search","rationale":"Investigate an uncovered required question","step":0,"t":"2026-09-17T18:07:48.193Z"}
{"level":"info","event":"action","runId":"e4380e99-10c7-4b92-bb7d-0b003dca0579","type":"fetch","rationale":"Inspect an already-known source before another generic query","step":1,"t":"2026-09-17T18:07:48.225Z"}
{"level":"info","event":"action","runId":"e4380e99-10c7-4b92-bb7d-0b003dca0579","type":"challenge","rationale":"Disconfirm material conclusion: A primary source that directly contradicts this conclusion.","step":2,"t":"2026-09-17T18:07:48.247Z"}
{"level":"info","event":"action","runId":"e4380e99-10c7-4b92-bb7d-0b003dca0579","type":"challenge","rationale":"Disconfirm material conclusion: A primary source that directly contradicts this conclusion.","step":3,"t":"2026-09-17T18:07:48.268Z"}
{"level":"info","event":"action","runId":"e4380e99-10c7-4b92-bb7d-0b003dca0579","type":"challenge","rationale":"Disconfirm material conclusion: A primary source that directly contradicts this conclusion.","step":4,"t":"2026-09-17T18:07:48.290Z"}
{"level":"info","event":"action","runId":"e4380e99-10c7-4b92-bb7d-0b003dca0579","type":"challenge","rationale":"Disconfirm material conclusion: A primary source that directly contradicts this conclusion.","step":5,"t":"2026-09-17T18:07:48.313Z"}
{"level":"info","event":"action","runId":"e4380e99-10c7-4b92-bb7d-0b003dca0579","type":"challenge","rationale":"Disconfirm material conclusion: A primary source that directly contradicts this conclusion.","step":6,"t":"2026-09-17T18:07:48.337Z"}
{"level":"info","event":"action","runId":"e4380e99-10c7-4b92-bb7d-0b003dca0579","type":"challenge","rationale":"Disconfirm material conclusion: A primary source that directly contradicts this conclusion.","step":7,"t":"2026-09-17T18:07:48.362Z"}
{"level":"info","event":"action","runId":"e4380e99-10c7-4b92-bb7d-0b003dca0579","type":"challenge","rationale":"Disconfirm material conclusion: A primary source that directly contradicts this conclusion.","step":8,"t":"2026-09-17T18:07:48.392Z"}
{"level":"info","event":"action","runId":"e4380e99-10c7-4b92-bb7d-0b003dca0579","type":"challenge","rationale":"No counterexample found in accessed primary sources. This is not proof that the conclusion is true.","step":9,"t":"2026-09-17T18:07:48.416Z"}
{"level":"info","event":"action","runId":"e4380e99-10c7-4b92-bb7d-0b003dca0579","type":"stop","rationale":"Repeated searches returned no novel source family or coverage progress","step":10,"t":"2026-09-17T18:07:48.433Z"}
{"level":"info","event":"action","runId":"d6f3fbc5-a4f6-40e1-8a96-5cb63ea8fe03","type":"clarify","rationale":"A blocking field is unspecified and would change the answer","step":0,"t":"2026-09-17T18:07:49.000Z"}
{"level":"info","event":"action","runId":"d6f3fbc5-a4f6-40e1-8a96-5cb63ea8fe03","type":"search","rationale":"Investigate an uncovered required question","step":0,"t":"2026-09-17T18:07:49.042Z"}
{"level":"info","event":"action","runId":"d6f3fbc5-a4f6-40e1-8a96-5cb63ea8fe03","type":"fetch","rationale":"Inspect an already-known source before another generic query","step":1,"t":"2026-09-17T18:07:49.067Z"}
{"level":"info","event":"action","runId":"d6f3fbc5-a4f6-40e1-8a96-5cb63ea8fe03","type":"challenge","rationale":"Disconfirm material conclusion: A primary source that directly contradicts this conclusion.","step":2,"t":"2026-09-17T18:07:49.091Z"}
{"level":"info","event":"action","runId":"d6f3fbc5-a4f6-40e1-8a96-5cb63ea8fe03","type":"challenge","rationale":"Disconfirm material conclusion: A primary source that directly contradicts this conclusion.","step":3,"t":"2026-09-17T18:07:49.115Z"}
{"level":"info","event":"action","runId":"d6f3fbc5-a4f6-40e1-8a96-5cb63ea8fe03","type":"challenge","rationale":"Disconfirm material conclusion: A primary source that directly contradicts this conclusion.","step":4,"t":"2026-09-17T18:07:49.136Z"}
{"level":"info","event":"action","runId":"d6f3fbc5-a4f6-40e1-8a96-5cb63ea8fe03","type":"challenge","rationale":"Disconfirm material conclusion: A primary source that directly contradicts this conclusion.","step":5,"t":"2026-09-17T18:07:49.157Z"}
{"level":"info","event":"action","runId":"d6f3fbc5-a4f6-40e1-8a96-5cb63ea8fe03","type":"challenge","rationale":"Disconfirm material conclusion: A primary source that directly contradicts this conclusion.","step":6,"t":"2026-09-17T18:07:49.179Z"}
{"level":"info","event":"action","runId":"d6f3fbc5-a4f6-40e1-8a96-5cb63ea8fe03","type":"challenge","rationale":"Disconfirm material conclusion: A primary source that directly contradicts this conclusion.","step":7,"t":"2026-09-17T18:07:49.199Z"}
{"level":"info","event":"action","runId":"d6f3fbc5-a4f6-40e1-8a96-5cb63ea8fe03","type":"challenge","rationale":"Disconfirm material conclusion: A primary source that directly contradicts this conclusion.","step":8,"t":"2026-09-17T18:07:49.223Z"}
{"level":"info","event":"action","runId":"d6f3fbc5-a4f6-40e1-8a96-5cb63ea8fe03","type":"challenge","rationale":"No counterexample found in accessed primary sources. This is not proof that the conclusion is true.","step":9,"t":"2026-09-17T18:07:49.246Z"}
{"level":"info","event":"action","runId":"d6f3fbc5-a4f6-40e1-8a96-5cb63ea8fe03","type":"stop","rationale":"Repeated searches returned no novel source family or coverage progress","step":10,"t":"2026-09-17T18:07:49.266Z"}
{"level":"info","event":"action","runId":"bc69eac0-e4ee-47ba-b2e5-38bf11f7d938","type":"clarify","rationale":"A blocking field is unspecified and would change the answer","step":0,"t":"2026-09-17T18:07:49.885Z"}
{"level":"info","event":"action","runId":"bc69eac0-e4ee-47ba-b2e5-38bf11f7d938","type":"search","rationale":"Investigate an uncovered required question","step":0,"t":"2026-09-17T18:07:49.935Z"}
{"level":"info","event":"action","runId":"bc69eac0-e4ee-47ba-b2e5-38bf11f7d938","type":"fetch","rationale":"Inspect an already-known source before another generic query","step":1,"t":"2026-09-17T18:07:49.967Z"}
{"level":"info","event":"action","runId":"bc69eac0-e4ee-47ba-b2e5-38bf11f7d938","type":"challenge","rationale":"Disconfirm material conclusion: A primary source that directly contradicts this conclusion.","step":2,"t":"2026-09-17T18:07:49.996Z"}
{"level":"info","event":"action","runId":"bc69eac0-e4ee-47ba-b2e5-38bf11f7d938","type":"challenge","rationale":"Disconfirm material conclusion: A primary source that directly contradicts this conclusion.","step":3,"t":"2026-09-17T18:07:50.032Z"}
{"level":"info","event":"action","runId":"bc69eac0-e4ee-47ba-b2e5-38bf11f7d938","type":"challenge","rationale":"Disconfirm material conclusion: A primary source that directly contradicts this conclusion.","step":4,"t":"2026-09-17T18:07:50.061Z"}
{"level":"info","event":"action","runId":"bc69eac0-e4ee-47ba-b2e5-38bf11f7d938","type":"challenge","rationale":"Disconfirm material conclusion: A primary source that directly contradicts this conclusion.","step":5,"t":"2026-09-17T18:07:50.090Z"}
{"level":"info","event":"action","runId":"bc69eac0-e4ee-47ba-b2e5-38bf11f7d938","type":"challenge","rationale":"Disconfirm material conclusion: A primary source that directly contradicts this conclusion.","step":6,"t":"2026-09-17T18:07:50.120Z"}
{"level":"info","event":"action","runId":"bc69eac0-e4ee-47ba-b2e5-38bf11f7d938","type":"challenge","rationale":"Disconfirm material conclusion: A primary source that directly contradicts this conclusion.","step":7,"t":"2026-09-17T18:07:50.156Z"}
{"level":"info","event":"action","runId":"bc69eac0-e4ee-47ba-b2e5-38bf11f7d938","type":"challenge","rationale":"Disconfirm material conclusion: A primary source that directly contradicts this conclusion.","step":8,"t":"2026-09-17T18:07:50.193Z"}
{"level":"info","event":"action","runId":"bc69eac0-e4ee-47ba-b2e5-38bf11f7d938","type":"challenge","rationale":"No counterexample found in accessed primary sources. This is not proof that the conclusion is true.","step":9,"t":"2026-09-17T18:07:50.229Z"}
{"level":"info","event":"action","runId":"bc69eac0-e4ee-47ba-b2e5-38bf11f7d938","type":"stop","rationale":"Repeated searches returned no novel source family or coverage progress","step":10,"t":"2026-09-17T18:07:50.250Z"}
 ✓ test/p3-remaining.integration.test.ts (51 tests) 55744ms
   ✓ remaining launch-scope IDs > M04 fixture comparison publishes a wide table, code listing, unicode-safe text, and many citations  1473ms
   ✓ remaining launch-scope IDs > R06 preserves event date vs publication date  1238ms
   ✓ remaining launch-scope IDs > R10 declines an unrelated celebrity branch from page content  1153ms
   ✓ remaining launch-scope IDs > R12 explains different percentage denominators instead of averaging  1285ms
   ✓ remaining launch-scope IDs > R15 states unknown without a fake probability  1101ms
   ✓ remaining launch-scope IDs > R16 comparison names the requested entities and constraints  1223ms
   ✓ remaining launch-scope IDs > E05 new source version does not rewrite the original report citation  1391ms
   ✓ remaining launch-scope IDs > V2-13 private canary is stored as evidence, omitted from public queries, and denied to another account  1648ms
   ✓ remaining launch-scope IDs > JOB-1 eligibility-aware comparison under platform and export constraints  1249ms
   ✓ remaining launch-scope IDs > JOB-1 adding Linux as a hard requirement excludes NoteKeep and keeps NoteAll  2128ms
   ✓ remaining launch-scope IDs > JOB-1 removing Linux as a requirement makes NoteKeep eligible again  1729ms
   ✓ remaining launch-scope IDs > JOB-2 attached document text is stored as supplied evidence and not used as a public query  1356ms
   ✓ remaining launch-scope IDs > E06 actual PDF with no readable evidence is disclosed as unread pages  1693ms
   ✓ remaining launch-scope IDs > E08 quoted report text is taken from the stored passage  1682ms
   ✓ remaining launch-scope IDs > E09 export citation anchors resolve to owned passages  1509ms
   ✓ remaining launch-scope IDs > J02 a second processRun after completion does not duplicate the report or settlement  1092ms
   ✓ remaining launch-scope IDs > J04 timeout after issue is outcome-unknown, not assumed free  342ms
   ✓ remaining launch-scope IDs > J06 cancel after completion keeps the published report  1591ms
   ✓ remaining launch-scope IDs > J08 event cursor returns only later sequences  1835ms
   ✓ remaining launch-scope IDs > J13 live spend kill switch blocks new paid routes but keeps saved reports  1356ms
   ✓ remaining launch-scope IDs > S03 oversized attachments are rejected  411ms
   ✓ remaining launch-scope IDs > S07 cross-account reports are denied  1391ms
   ✓ remaining launch-scope IDs > S10 redacts tokens and question fields from logs  405ms
   ✓ remaining launch-scope IDs > S06 / V2-20 does not silently fall back to an unauthorized live processor  416ms
   ✓ remaining launch-scope IDs > V2-10 a later unavailable fetch does not retract last-access evidence  1193ms
   ✓ remaining launch-scope IDs > V2-11 concise view uses the same answer citations as the body  1666ms
   ✓ remaining launch-scope IDs > V2-19 scanned tables stay unread rather than guessed  1225ms
   ✓ remaining launch-scope IDs > R17 concise request still keeps limitations  1232ms
   ✓ remaining launch-scope IDs > R18 compacted checkpoint still lists stored passage ids  1367ms
   ✓ remaining launch-scope IDs > R19 follow-up verifies one claim and keeps the parent report  2384ms
   ✓ remaining launch-scope IDs > R20 dates a retrieved price and keeps a founding year as history  1098ms
   ✓ remaining launch-scope IDs > R21 labels a German original as a translation  768ms
   ✓ remaining launch-scope IDs > E03 preserves the adults-over-65 qualifier  752ms
   ✓ remaining launch-scope IDs > E04 report uses the table's 24% rather than 42%  743ms
   ✓ remaining launch-scope IDs > E10 withdraws the conclusion when the asserted 42% is unsupported by the 24% table  742ms
   ✓ remaining launch-scope IDs > J07 expired lease is reclaimed; a live lease is not stolen  944ms
   ✓ remaining launch-scope IDs > J10 a tight budget still publishes a written report  721ms
   ✓ remaining launch-scope IDs > J11 reports that app counters are not provider-internal guarantees  876ms
   ✓ remaining launch-scope IDs > J12 confirmed usage does not rewrite the historical estimate  418ms
   ✓ remaining launch-scope IDs > J14 duplicate completion epochs share one outbox row and omit query text  1073ms
   ✓ remaining launch-scope IDs > S08 unsigned purchase payloads cannot grant entitlement  455ms
   ✓ remaining launch-scope IDs > V2-09 deleted attachment text is not left in reports  896ms
   ✓ remaining launch-scope IDs > V2-09 late worker cannot republish deleted private text even if it claims deleted=false  569ms
   ✓ remaining launch-scope IDs > expired session cannot read library or reports  754ms
   ✓ remaining launch-scope IDs > library lists report_id for a completed run so share can resolve  784ms
   ✓ remaining launch-scope IDs > M09 web deletion page is reachable without the app and deletes with a session token  316ms
   ✓ remaining launch-scope IDs > R02 continue without geography is rejected and does not invent Germany  329ms
   ✓ remaining launch-scope IDs > clarification continue records geography and resumes  869ms
   ✓ remaining launch-scope IDs > R02 continue with France records France and does not invent Germany  835ms
   ✓ remaining launch-scope IDs > R02 after France continue discovery uses France evidence not the Germany default note  996ms
{"level":"info","event":"action","runId":"386106d1-f9ef-4eb1-b452-a9d2447f83d9","type":"clarify","rationale":"A blocking field is unspecified and would change the answer","step":0,"t":"2026-09-17T18:07:52.663Z"}
{"level":"info","event":"action","runId":"27adccdd-29b0-41a7-880d-bd2f342551cd","type":"search","rationale":"Investigate an uncovered required question","step":0,"t":"2026-09-17T18:07:53.255Z"}
{"level":"info","event":"action","runId":"27adccdd-29b0-41a7-880d-bd2f342551cd","type":"fetch","rationale":"Inspect an already-known source before another generic query","step":1,"t":"2026-09-17T18:07:53.335Z"}
{"level":"info","event":"action","runId":"27adccdd-29b0-41a7-880d-bd2f342551cd","type":"fetch","rationale":"Inspect an already-known source before another generic query","step":2,"t":"2026-09-17T18:07:53.366Z"}
{"level":"info","event":"action","runId":"27adccdd-29b0-41a7-880d-bd2f342551cd","type":"fetch","rationale":"Inspect an already-known source before another generic query","step":3,"t":"2026-09-17T18:07:53.407Z"}
{"level":"info","event":"action","runId":"27adccdd-29b0-41a7-880d-bd2f342551cd","type":"challenge","rationale":"Disconfirm material conclusion: A primary source that directly contradicts this conclusion.","step":4,"t":"2026-09-17T18:07:53.459Z"}
{"level":"info","event":"action","runId":"27adccdd-29b0-41a7-880d-bd2f342551cd","type":"challenge","rationale":"No counterexample found in accessed primary sources. This is not proof that the conclusion is true.","step":5,"t":"2026-09-17T18:07:53.495Z"}
{"level":"info","event":"action","runId":"27adccdd-29b0-41a7-880d-bd2f342551cd","type":"synthesize","rationale":"decision_critical_gaps_resolved_or_unresolvable; high-impact claims supported or qualified; contradictions handled; remaining actions low expected value","step":6,"t":"2026-09-17T18:07:53.527Z"}
{"level":"info","event":"action","runId":"29b06944-03ed-4df2-b687-8cbb6f7e7f42","type":"search","rationale":"Investigate an uncovered required question","step":0,"t":"2026-09-17T18:07:54.405Z"}
{"level":"info","event":"action","runId":"29b06944-03ed-4df2-b687-8cbb6f7e7f42","type":"fetch","rationale":"Inspect an already-known source before another generic query","step":1,"t":"2026-09-17T18:07:54.443Z"}
{"level":"info","event":"action","runId":"29b06944-03ed-4df2-b687-8cbb6f7e7f42","type":"challenge","rationale":"Disconfirm material conclusion: A primary source that directly contradicts this conclusion.","step":2,"t":"2026-09-17T18:07:54.473Z"}
{"level":"info","event":"action","runId":"29b06944-03ed-4df2-b687-8cbb6f7e7f42","type":"challenge","rationale":"No counterexample found in accessed primary sources. This is not proof that the conclusion is true.","step":3,"t":"2026-09-17T18:07:54.505Z"}
{"level":"info","event":"action","runId":"29b06944-03ed-4df2-b687-8cbb6f7e7f42","type":"synthesize","rationale":"inaccessible_or_unresolved_gap:primary source is inaccessible","step":4,"t":"2026-09-17T18:07:54.527Z"}
{"level":"info","event":"action","runId":"a7f25a49-b4a8-41ae-a309-eaafb21ab7f0","type":"search","rationale":"Investigate an uncovered required question","step":0,"t":"2026-09-17T18:07:55.193Z"}
{"level":"info","event":"action","runId":"a7f25a49-b4a8-41ae-a309-eaafb21ab7f0","type":"fetch","rationale":"Inspect the preferred source type (vendor-docs) before more weak sources","step":1,"t":"2026-09-17T18:07:55.239Z"}
{"level":"info","event":"action","runId":"a7f25a49-b4a8-41ae-a309-eaafb21ab7f0","type":"fetch","rationale":"Inspect the preferred source type (vendor-docs) before more weak sources","step":2,"t":"2026-09-17T18:07:55.276Z"}
{"level":"info","event":"action","runId":"a7f25a49-b4a8-41ae-a309-eaafb21ab7f0","type":"verify","rationale":"Scope-check contradiction on value before treating newest as correct","step":3,"t":"2026-09-17T18:07:55.315Z"}
{"level":"info","event":"action","runId":"a7f25a49-b4a8-41ae-a309-eaafb21ab7f0","type":"challenge","rationale":"Disconfirm material conclusion: A primary source that directly contradicts this conclusion.","step":4,"t":"2026-09-17T18:07:55.348Z"}
{"level":"info","event":"action","runId":"a7f25a49-b4a8-41ae-a309-eaafb21ab7f0","type":"challenge","rationale":"No counterexample found in accessed primary sources. This is not proof that the conclusion is true.","step":5,"t":"2026-09-17T18:07:55.391Z"}
{"level":"info","event":"action","runId":"a7f25a49-b4a8-41ae-a309-eaafb21ab7f0","type":"synthesize","rationale":"decision_critical_gaps_resolved_or_unresolvable; high-impact claims supported or qualified; contradictions handled; remaining actions low expected value","step":6,"t":"2026-09-17T18:07:55.417Z"}
{"level":"info","event":"action","runId":"d7d88950-b522-41b1-b6d8-a98fb4fbd06e","type":"search","rationale":"Investigate an uncovered required question","step":0,"t":"2026-09-17T18:07:56.169Z"}
{"level":"info","event":"action","runId":"d7d88950-b522-41b1-b6d8-a98fb4fbd06e","type":"fetch","rationale":"Inspect an already-known source before another generic query","step":1,"t":"2026-09-17T18:07:56.232Z"}
{"level":"info","event":"action","runId":"d7d88950-b522-41b1-b6d8-a98fb4fbd06e","type":"synthesize","rationale":"budget requires finishing with available evidence","step":2,"t":"2026-09-17T18:07:56.268Z"}
{"level":"info","event":"action","runId":"a185e220-7b33-443d-9d18-03759bee6488","type":"search","rationale":"Investigate an uncovered required question","step":0,"t":"2026-09-17T18:07:56.992Z"}
{"level":"info","event":"action","runId":"a185e220-7b33-443d-9d18-03759bee6488","type":"fetch","rationale":"Inspect an already-known source before another generic query","step":1,"t":"2026-09-17T18:07:57.055Z"}
{"level":"info","event":"action","runId":"a185e220-7b33-443d-9d18-03759bee6488","type":"fetch","rationale":"Inspect an already-known source before another generic query","step":2,"t":"2026-09-17T18:07:57.095Z"}
{"level":"info","event":"action","runId":"a185e220-7b33-443d-9d18-03759bee6488","type":"fetch","rationale":"Inspect an already-known source before another generic query","step":3,"t":"2026-09-17T18:07:57.133Z"}
{"level":"info","event":"action","runId":"a185e220-7b33-443d-9d18-03759bee6488","type":"challenge","rationale":"Disconfirm material conclusion: A primary source that directly contradicts this conclusion.","step":4,"t":"2026-09-17T18:07:57.175Z"}
{"level":"info","event":"action","runId":"a185e220-7b33-443d-9d18-03759bee6488","type":"challenge","rationale":"No counterexample found in accessed primary sources. This is not proof that the conclusion is true.","step":5,"t":"2026-09-17T18:07:57.207Z"}
{"level":"info","event":"action","runId":"a185e220-7b33-443d-9d18-03759bee6488","type":"synthesize","rationale":"decision_critical_gaps_resolved_or_unresolvable; high-impact claims supported or qualified; contradictions handled; remaining actions low expected value","step":6,"t":"2026-09-17T18:07:57.230Z"}
{"level":"info","event":"action","runId":"6ed54d19-7d2d-401b-9dad-44f7f92214df","type":"search","rationale":"Investigate an uncovered required question","step":0,"t":"2026-09-17T18:07:57.967Z"}
{"level":"info","event":"action","runId":"6ed54d19-7d2d-401b-9dad-44f7f92214df","type":"search","rationale":"Decision-blocking gap: authoritative compatibility limitation. Switching source type to vendor-matrix.","step":1,"t":"2026-09-17T18:07:58.003Z"}
{"level":"info","event":"action","runId":"6ed54d19-7d2d-401b-9dad-44f7f92214df","type":"fetch","rationale":"Inspect the preferred source type (vendor-matrix) before more weak sources","step":2,"t":"2026-09-17T18:07:58.027Z"}
{"level":"info","event":"action","runId":"6ed54d19-7d2d-401b-9dad-44f7f92214df","type":"fetch","rationale":"Inspect an already-known source before another generic query","step":3,"t":"2026-09-17T18:07:58.088Z"}
{"level":"info","event":"action","runId":"6ed54d19-7d2d-401b-9dad-44f7f92214df","type":"fetch","rationale":"Inspect an already-known source before another generic query","step":4,"t":"2026-09-17T18:07:58.120Z"}
{"level":"info","event":"action","runId":"6ed54d19-7d2d-401b-9dad-44f7f92214df","type":"fetch","rationale":"Inspect an already-known source before another generic query","step":5,"t":"2026-09-17T18:07:58.150Z"}
{"level":"info","event":"action","runId":"6ed54d19-7d2d-401b-9dad-44f7f92214df","type":"verify","rationale":"Scope-check contradiction on compatibility before treating newest as correct","step":6,"t":"2026-09-17T18:07:58.185Z"}
{"level":"info","event":"action","runId":"6ed54d19-7d2d-401b-9dad-44f7f92214df","type":"challenge","rationale":"Disconfirm material conclusion: Official compatibility documentation that lists the named version as supported.","step":7,"t":"2026-09-17T18:07:58.215Z"}
{"level":"info","event":"action","runId":"6ed54d19-7d2d-401b-9dad-44f7f92214df","type":"challenge","rationale":"No counterexample found in accessed primary sources. This is not proof that the conclusion is true.","step":8,"t":"2026-09-17T18:07:58.253Z"}
{"level":"info","event":"action","runId":"6ed54d19-7d2d-401b-9dad-44f7f92214df","type":"synthesize","rationale":"decision_critical_gaps_resolved_or_unresolvable; high-impact claims supported or qualified; contradictions handled; remaining actions low expected value","step":9,"t":"2026-09-17T18:07:58.279Z"}
{"level":"info","event":"action","runId":"fc2ca56c-1128-4057-9bce-619d28451704","type":"search","rationale":"Investigate an uncovered required question","step":0,"t":"2026-09-17T18:07:59.156Z"}
{"level":"info","event":"action","runId":"fc2ca56c-1128-4057-9bce-619d28451704","type":"search","rationale":"Decision-blocking gap: authoritative compatibility limitation. Switching source type to vendor-matrix.","step":1,"t":"2026-09-17T18:07:59.205Z"}
{"level":"info","event":"action","runId":"fc2ca56c-1128-4057-9bce-619d28451704","type":"fetch","rationale":"Inspect the preferred source type (vendor-matrix) before more weak sources","step":2,"t":"2026-09-17T18:07:59.248Z"}
{"level":"info","event":"action","runId":"fc2ca56c-1128-4057-9bce-619d28451704","type":"fetch","rationale":"Inspect an already-known source before another generic query","step":3,"t":"2026-09-17T18:07:59.281Z"}
{"level":"info","event":"action","runId":"fc2ca56c-1128-4057-9bce-619d28451704","type":"fetch","rationale":"Inspect an already-known source before another generic query","step":4,"t":"2026-09-17T18:07:59.321Z"}
{"level":"info","event":"action","runId":"fc2ca56c-1128-4057-9bce-619d28451704","type":"fetch","rationale":"Inspect an already-known source before another generic query","step":5,"t":"2026-09-17T18:07:59.350Z"}
{"level":"info","event":"action","runId":"fc2ca56c-1128-4057-9bce-619d28451704","type":"verify","rationale":"Scope-check contradiction on compatibility before treating newest as correct","step":6,"t":"2026-09-17T18:07:59.380Z"}
{"level":"info","event":"action","runId":"fc2ca56c-1128-4057-9bce-619d28451704","type":"challenge","rationale":"Disconfirm material conclusion: Official compatibility documentation that lists the named version as supported.","step":7,"t":"2026-09-17T18:07:59.409Z"}
{"level":"info","event":"action","runId":"fc2ca56c-1128-4057-9bce-619d28451704","type":"challenge","rationale":"No counterexample found in accessed primary sources. This is not proof that the conclusion is true.","step":8,"t":"2026-09-17T18:07:59.444Z"}
{"level":"info","event":"action","runId":"fc2ca56c-1128-4057-9bce-619d28451704","type":"synthesize","rationale":"decision_critical_gaps_resolved_or_unresolvable; high-impact claims supported or qualified; contradictions handled; remaining actions low expected value","step":9,"t":"2026-09-17T18:07:59.466Z"}
{"level":"info","event":"action","runId":"0471ac79-4179-4749-b814-d97161b8ab99","type":"search","rationale":"Investigate an uncovered required question","step":0,"t":"2026-09-17T18:08:00.224Z"}
{"level":"info","event":"action","runId":"0471ac79-4179-4749-b814-d97161b8ab99","type":"fetch","rationale":"Inspect an already-known source before another generic query","step":1,"t":"2026-09-17T18:08:00.270Z"}
{"level":"info","event":"action","runId":"0471ac79-4179-4749-b814-d97161b8ab99","type":"fetch","rationale":"Inspect an already-known source before another generic query","step":2,"t":"2026-09-17T18:08:00.298Z"}
{"level":"info","event":"action","runId":"0471ac79-4179-4749-b814-d97161b8ab99","type":"fetch","rationale":"Inspect an already-known source before another generic query","step":3,"t":"2026-09-17T18:08:00.338Z"}
{"level":"info","event":"action","runId":"0471ac79-4179-4749-b814-d97161b8ab99","type":"challenge","rationale":"Disconfirm material conclusion: A primary source that directly contradicts this conclusion.","step":4,"t":"2026-09-17T18:08:00.381Z"}
{"level":"info","event":"action","runId":"0471ac79-4179-4749-b814-d97161b8ab99","type":"challenge","rationale":"No counterexample found in accessed primary sources. This is not proof that the conclusion is true.","step":5,"t":"2026-09-17T18:08:00.418Z"}
{"level":"info","event":"action","runId":"0471ac79-4179-4749-b814-d97161b8ab99","type":"synthesize","rationale":"decision_critical_gaps_resolved_or_unresolvable; high-impact claims supported or qualified; contradictions handled; remaining actions low expected value","step":6,"t":"2026-09-17T18:08:00.446Z"}
{"level":"info","event":"action","runId":"bc556c64-aa8e-4747-9d13-72249666891e","type":"search","rationale":"Investigate an uncovered required question","step":0,"t":"2026-09-17T18:08:00.880Z"}
{"level":"info","event":"action","runId":"bc556c64-aa8e-4747-9d13-72249666891e","type":"fetch","rationale":"Inspect an already-known source before another generic query","step":1,"t":"2026-09-17T18:08:00.925Z"}
{"level":"info","event":"action","runId":"bc556c64-aa8e-4747-9d13-72249666891e","type":"fetch","rationale":"Inspect an already-known source before another generic query","step":2,"t":"2026-09-17T18:08:00.959Z"}
{"level":"info","event":"action","runId":"bc556c64-aa8e-4747-9d13-72249666891e","type":"fetch","rationale":"Inspect an already-known source before another generic query","step":3,"t":"2026-09-17T18:08:00.990Z"}
{"level":"info","event":"action","runId":"bc556c64-aa8e-4747-9d13-72249666891e","type":"challenge","rationale":"Disconfirm material conclusion: A hard-constraint violation for a candidate currently marked eligible.","step":4,"t":"2026-09-17T18:08:01.021Z"}
{"level":"info","event":"action","runId":"bc556c64-aa8e-4747-9d13-72249666891e","type":"challenge","rationale":"No counterexample found in accessed primary sources. This is not proof that the conclusion is true.","step":5,"t":"2026-09-17T18:08:01.053Z"}
{"level":"info","event":"action","runId":"bc556c64-aa8e-4747-9d13-72249666891e","type":"synthesize","rationale":"decision_critical_gaps_resolved_or_unresolvable; high-impact claims supported or qualified; contradictions handled; remaining actions low expected value","step":6,"t":"2026-09-17T18:08:01.078Z"}
{"level":"info","event":"action","runId":"6dde1613-59de-4c25-8c60-02e7911ce4a4","type":"search","rationale":"Investigate an uncovered required question","step":0,"t":"2026-09-17T18:08:01.799Z"}
{"level":"info","event":"action","runId":"6dde1613-59de-4c25-8c60-02e7911ce4a4","type":"fetch","rationale":"Inspect an already-known source before another generic query","step":1,"t":"2026-09-17T18:08:01.870Z"}
{"level":"info","event":"action","runId":"6dde1613-59de-4c25-8c60-02e7911ce4a4","type":"challenge","rationale":"Disconfirm material conclusion: A primary source that directly contradicts this conclusion.","step":2,"t":"2026-09-17T18:08:01.956Z"}
{"level":"info","event":"action","runId":"6dde1613-59de-4c25-8c60-02e7911ce4a4","type":"challenge","rationale":"No counterexample found in accessed primary sources. This is not proof that the conclusion is true.","step":3,"t":"2026-09-17T18:08:01.996Z"}
{"level":"info","event":"action","runId":"6dde1613-59de-4c25-8c60-02e7911ce4a4","type":"synthesize","rationale":"decision_critical_gaps_resolved_or_unresolvable; high-impact claims supported or qualified; contradictions handled; remaining actions low expected value","step":4,"t":"2026-09-17T18:08:02.022Z"}
{"level":"info","event":"action","runId":"45cc069d-7511-4994-b3f9-4256e79a922f","type":"search","rationale":"Investigate an uncovered required question","step":0,"t":"2026-09-17T18:08:02.450Z"}
{"level":"info","event":"action","runId":"45cc069d-7511-4994-b3f9-4256e79a922f","type":"fetch","rationale":"Inspect an already-known source before another generic query","step":1,"t":"2026-09-17T18:08:02.502Z"}
{"level":"info","event":"action","runId":"45cc069d-7511-4994-b3f9-4256e79a922f","type":"challenge","rationale":"Disconfirm material conclusion: A primary source that directly contradicts this conclusion.","step":2,"t":"2026-09-17T18:08:02.548Z"}
{"level":"info","event":"action","runId":"45cc069d-7511-4994-b3f9-4256e79a922f","type":"challenge","rationale":"No counterexample found in accessed primary sources. This is not proof that the conclusion is true.","step":3,"t":"2026-09-17T18:08:02.599Z"}
{"level":"info","event":"action","runId":"45cc069d-7511-4994-b3f9-4256e79a922f","type":"synthesize","rationale":"decision_critical_gaps_resolved_or_unresolvable; high-impact claims supported or qualified; contradictions handled; remaining actions low expected value","step":4,"t":"2026-09-17T18:08:02.622Z"}
{"level":"info","event":"action","runId":"e2a6a377-68bb-47b2-b672-11d26d0ea59d","type":"search","rationale":"Investigate an uncovered required question","step":0,"t":"2026-09-17T18:08:03.399Z"}
{"level":"info","event":"action","runId":"e2a6a377-68bb-47b2-b672-11d26d0ea59d","type":"fetch","rationale":"Inspect an already-known source before another generic query","step":1,"t":"2026-09-17T18:08:03.444Z"}
{"level":"info","event":"action","runId":"e2a6a377-68bb-47b2-b672-11d26d0ea59d","type":"fetch","rationale":"Inspect an already-known source before another generic query","step":2,"t":"2026-09-17T18:08:03.469Z"}
{"level":"info","event":"action","runId":"e2a6a377-68bb-47b2-b672-11d26d0ea59d","type":"fetch","rationale":"Inspect an already-known source before another generic query","step":3,"t":"2026-09-17T18:08:03.502Z"}
{"level":"info","event":"action","runId":"e2a6a377-68bb-47b2-b672-11d26d0ea59d","type":"challenge","rationale":"Disconfirm material conclusion: A primary source that directly contradicts this conclusion.","step":4,"t":"2026-09-17T18:08:03.531Z"}
{"level":"info","event":"action","runId":"e2a6a377-68bb-47b2-b672-11d26d0ea59d","type":"challenge","rationale":"No counterexample found in accessed primary sources. This is not proof that the conclusion is true.","step":5,"t":"2026-09-17T18:08:03.552Z"}
{"level":"info","event":"action","runId":"e2a6a377-68bb-47b2-b672-11d26d0ea59d","type":"synthesize","rationale":"decision_critical_gaps_resolved_or_unresolvable; high-impact claims supported or qualified; contradictions handled; remaining actions low expected value","step":6,"t":"2026-09-17T18:08:03.569Z"}
{"level":"info","event":"action","runId":"fc57645e-9edb-414f-9377-6645cc778442","type":"search","rationale":"Investigate an uncovered required question","step":0,"t":"2026-09-17T18:08:03.936Z"}
{"level":"info","event":"action","runId":"fc57645e-9edb-414f-9377-6645cc778442","type":"fetch","rationale":"Inspect an already-known source before another generic query","step":1,"t":"2026-09-17T18:08:03.979Z"}
{"level":"info","event":"action","runId":"fc57645e-9edb-414f-9377-6645cc778442","type":"fetch","rationale":"Inspect an already-known source before another generic query","step":2,"t":"2026-09-17T18:08:04.001Z"}
{"level":"info","event":"action","runId":"fc57645e-9edb-414f-9377-6645cc778442","type":"fetch","rationale":"Inspect an already-known source before another generic query","step":3,"t":"2026-09-17T18:08:04.024Z"}
{"level":"info","event":"action","runId":"fc57645e-9edb-414f-9377-6645cc778442","type":"challenge","rationale":"Disconfirm material conclusion: A primary source that directly contradicts this conclusion.","step":4,"t":"2026-09-17T18:08:04.061Z"}
{"level":"info","event":"action","runId":"fc57645e-9edb-414f-9377-6645cc778442","type":"challenge","rationale":"Disconfirm material conclusion: A primary source that directly contradicts this conclusion.","step":5,"t":"2026-09-17T18:08:04.090Z"}
{"level":"info","event":"action","runId":"fc57645e-9edb-414f-9377-6645cc778442","type":"challenge","rationale":"Disconfirm material conclusion: A primary source that directly contradicts this conclusion.","step":6,"t":"2026-09-17T18:08:04.132Z"}
{"level":"info","event":"action","runId":"fc57645e-9edb-414f-9377-6645cc778442","type":"challenge","rationale":"Disconfirm material conclusion: A primary source that directly contradicts this conclusion.","step":7,"t":"2026-09-17T18:08:04.171Z"}
{"level":"info","event":"action","runId":"fc57645e-9edb-414f-9377-6645cc778442","type":"challenge","rationale":"Disconfirm material conclusion: A primary source that directly contradicts this conclusion.","step":8,"t":"2026-09-17T18:08:04.215Z"}
{"level":"info","event":"action","runId":"fc57645e-9edb-414f-9377-6645cc778442","type":"challenge","rationale":"Disconfirm material conclusion: A primary source that directly contradicts this conclusion.","step":9,"t":"2026-09-17T18:08:04.256Z"}
{"level":"info","event":"action","runId":"fc57645e-9edb-414f-9377-6645cc778442","type":"challenge","rationale":"Disconfirm material conclusion: A primary source that directly contradicts this conclusion.","step":10,"t":"2026-09-17T18:08:04.290Z"}
{"level":"info","event":"action","runId":"fc57645e-9edb-414f-9377-6645cc778442","type":"challenge","rationale":"No counterexample found in accessed primary sources. This is not proof that the conclusion is true.","step":11,"t":"2026-09-17T18:08:04.320Z"}
{"level":"info","event":"action","runId":"fc57645e-9edb-414f-9377-6645cc778442","type":"stop","rationale":"Repeated searches returned no novel source family or coverage progress","step":12,"t":"2026-09-17T18:08:04.341Z"}
{"level":"info","event":"action","runId":"48558f76-5235-4b1f-b4bd-62de503c282f","type":"search","rationale":"Investigate an uncovered required question","step":0,"t":"2026-09-17T18:08:05.284Z"}
{"level":"info","event":"action","runId":"48558f76-5235-4b1f-b4bd-62de503c282f","type":"fetch","rationale":"Inspect an already-known source before another generic query","step":1,"t":"2026-09-17T18:08:05.338Z"}
{"level":"info","event":"action","runId":"48558f76-5235-4b1f-b4bd-62de503c282f","type":"fetch","rationale":"Inspect an already-known source before another generic query","step":2,"t":"2026-09-17T18:08:05.364Z"}
{"level":"info","event":"action","runId":"48558f76-5235-4b1f-b4bd-62de503c282f","type":"fetch","rationale":"Inspect an already-known source before another generic query","step":3,"t":"2026-09-17T18:08:05.392Z"}
{"level":"info","event":"action","runId":"48558f76-5235-4b1f-b4bd-62de503c282f","type":"challenge","rationale":"Disconfirm material conclusion: A primary source that directly contradicts this conclusion.","step":4,"t":"2026-09-17T18:08:05.424Z"}
{"level":"info","event":"action","runId":"48558f76-5235-4b1f-b4bd-62de503c282f","type":"challenge","rationale":"No counterexample found in accessed primary sources. This is not proof that the conclusion is true.","step":5,"t":"2026-09-17T18:08:05.456Z"}
{"level":"info","event":"action","runId":"48558f76-5235-4b1f-b4bd-62de503c282f","type":"synthesize","rationale":"decision_critical_gaps_resolved_or_unresolvable; high-impact claims supported or qualified; contradictions handled; remaining actions low expected value","step":6,"t":"2026-09-17T18:08:05.477Z"}
{"level":"info","event":"action","runId":"15ed07a7-3399-4f48-87e8-43862f1ac2f0","type":"search","rationale":"Investigate an uncovered required question","step":0,"t":"2026-09-17T18:08:05.857Z"}
{"level":"info","event":"action","runId":"15ed07a7-3399-4f48-87e8-43862f1ac2f0","type":"fetch","rationale":"Inspect an already-known source before another generic query","step":1,"t":"2026-09-17T18:08:05.901Z"}
{"level":"info","event":"action","runId":"15ed07a7-3399-4f48-87e8-43862f1ac2f0","type":"fetch","rationale":"Inspect an already-known source before another generic query","step":2,"t":"2026-09-17T18:08:05.924Z"}
{"level":"info","event":"action","runId":"15ed07a7-3399-4f48-87e8-43862f1ac2f0","type":"fetch","rationale":"Inspect an already-known source before another generic query","step":3,"t":"2026-09-17T18:08:05.948Z"}
{"level":"info","event":"action","runId":"15ed07a7-3399-4f48-87e8-43862f1ac2f0","type":"challenge","rationale":"Disconfirm material conclusion: A hard-constraint violation for a candidate currently marked eligible.","step":4,"t":"2026-09-17T18:08:05.973Z"}
{"level":"info","event":"action","runId":"15ed07a7-3399-4f48-87e8-43862f1ac2f0","type":"challenge","rationale":"No counterexample found in accessed primary sources. This is not proof that the conclusion is true.","step":5,"t":"2026-09-17T18:08:05.999Z"}
{"level":"info","event":"action","runId":"15ed07a7-3399-4f48-87e8-43862f1ac2f0","type":"synthesize","rationale":"decision_critical_gaps_resolved_or_unresolvable; high-impact claims supported or qualified; contradictions handled; remaining actions low expected value","step":6,"t":"2026-09-17T18:08:06.024Z"}
{"level":"info","event":"action","runId":"e5b5b593-3205-4cc2-92b2-555dd696e1b3","type":"search","rationale":"Investigate an uncovered required question","step":0,"t":"2026-09-17T18:08:06.406Z"}
{"level":"info","event":"action","runId":"e5b5b593-3205-4cc2-92b2-555dd696e1b3","type":"fetch","rationale":"Inspect an already-known source before another generic query","step":1,"t":"2026-09-17T18:08:06.457Z"}
{"level":"info","event":"action","runId":"e5b5b593-3205-4cc2-92b2-555dd696e1b3","type":"fetch","rationale":"Inspect an already-known source before another generic query","step":2,"t":"2026-09-17T18:08:06.479Z"}
{"level":"info","event":"action","runId":"e5b5b593-3205-4cc2-92b2-555dd696e1b3","type":"fetch","rationale":"Inspect an already-known source before another generic query","step":3,"t":"2026-09-17T18:08:06.504Z"}
{"level":"info","event":"action","runId":"e5b5b593-3205-4cc2-92b2-555dd696e1b3","type":"challenge","rationale":"Disconfirm material conclusion: A primary source that directly contradicts this conclusion.","step":4,"t":"2026-09-17T18:08:06.535Z"}
{"level":"info","event":"action","runId":"e5b5b593-3205-4cc2-92b2-555dd696e1b3","type":"challenge","rationale":"No counterexample found in accessed primary sources. This is not proof that the conclusion is true.","step":5,"t":"2026-09-17T18:08:06.557Z"}
{"level":"info","event":"action","runId":"e5b5b593-3205-4cc2-92b2-555dd696e1b3","type":"synthesize","rationale":"decision_critical_gaps_resolved_or_unresolvable; high-impact claims supported or qualified; contradictions handled; remaining actions low expected value","step":6,"t":"2026-09-17T18:08:06.572Z"}
{"level":"info","event":"action","runId":"6c8fed96-5b3a-4cef-a382-86f4cadb205c","type":"search","rationale":"Investigate an uncovered required question","step":0,"t":"2026-09-17T18:08:06.939Z"}
{"level":"info","event":"action","runId":"6c8fed96-5b3a-4cef-a382-86f4cadb205c","type":"fetch","rationale":"Inspect an already-known source before another generic query","step":1,"t":"2026-09-17T18:08:06.964Z"}
{"level":"info","event":"action","runId":"6c8fed96-5b3a-4cef-a382-86f4cadb205c","type":"fetch","rationale":"Inspect an already-known source before another generic query","step":2,"t":"2026-09-17T18:08:06.984Z"}
{"level":"info","event":"action","runId":"6c8fed96-5b3a-4cef-a382-86f4cadb205c","type":"fetch","rationale":"Inspect an already-known source before another generic query","step":3,"t":"2026-09-17T18:08:07.005Z"}
{"level":"info","event":"action","runId":"6c8fed96-5b3a-4cef-a382-86f4cadb205c","type":"challenge","rationale":"Disconfirm material conclusion: A hard-constraint violation for a candidate currently marked eligible.","step":4,"t":"2026-09-17T18:08:07.032Z"}
{"level":"info","event":"action","runId":"6c8fed96-5b3a-4cef-a382-86f4cadb205c","type":"challenge","rationale":"No counterexample found in accessed primary sources. This is not proof that the conclusion is true.","step":5,"t":"2026-09-17T18:08:07.070Z"}
{"level":"info","event":"action","runId":"6c8fed96-5b3a-4cef-a382-86f4cadb205c","type":"synthesize","rationale":"decision_critical_gaps_resolved_or_unresolvable; high-impact claims supported or qualified; contradictions handled; remaining actions low expected value","step":6,"t":"2026-09-17T18:08:07.108Z"}
{"level":"info","event":"action","runId":"b28f49ec-c3eb-462b-8808-b7d861502a52","type":"search","rationale":"Investigate an uncovered required question","step":0,"t":"2026-09-17T18:08:08.134Z"}
{"level":"info","event":"action","runId":"b28f49ec-c3eb-462b-8808-b7d861502a52","type":"fetch","rationale":"Inspect an already-known source before another generic query","step":1,"t":"2026-09-17T18:08:08.219Z"}
{"level":"info","event":"action","runId":"b28f49ec-c3eb-462b-8808-b7d861502a52","type":"fetch","rationale":"Inspect an already-known source before another generic query","step":2,"t":"2026-09-17T18:08:08.258Z"}
{"level":"info","event":"action","runId":"b28f49ec-c3eb-462b-8808-b7d861502a52","type":"fetch","rationale":"Inspect an already-known source before another generic query","step":3,"t":"2026-09-17T18:08:08.299Z"}
{"level":"info","event":"action","runId":"b28f49ec-c3eb-462b-8808-b7d861502a52","type":"challenge","rationale":"Disconfirm material conclusion: A primary source that directly contradicts this conclusion.","step":4,"t":"2026-09-17T18:08:08.341Z"}
{"level":"info","event":"action","runId":"b28f49ec-c3eb-462b-8808-b7d861502a52","type":"challenge","rationale":"No counterexample found in accessed primary sources. This is not proof that the conclusion is true.","step":5,"t":"2026-09-17T18:08:08.375Z"}
{"level":"info","event":"action","runId":"b28f49ec-c3eb-462b-8808-b7d861502a52","type":"synthesize","rationale":"decision_critical_gaps_resolved_or_unresolvable; high-impact claims supported or qualified; contradictions handled; remaining actions low expected value","step":6,"t":"2026-09-17T18:08:08.400Z"}
{"level":"info","event":"action","runId":"01533980-524d-4ea0-b9ad-56656d679959","type":"search","rationale":"Investigate an uncovered required question","step":0,"t":"2026-09-17T18:08:08.843Z"}
{"level":"info","event":"action","runId":"01533980-524d-4ea0-b9ad-56656d679959","type":"fetch","rationale":"Inspect an already-known source before another generic query","step":1,"t":"2026-09-17T18:08:08.898Z"}
{"level":"info","event":"action","runId":"01533980-524d-4ea0-b9ad-56656d679959","type":"fetch","rationale":"Inspect an already-known source before another generic query","step":2,"t":"2026-09-17T18:08:08.933Z"}
{"level":"info","event":"action","runId":"01533980-524d-4ea0-b9ad-56656d679959","type":"challenge","rationale":"Disconfirm material conclusion: A primary source that directly contradicts this conclusion.","step":3,"t":"2026-09-17T18:08:08.967Z"}
{"level":"info","event":"action","runId":"01533980-524d-4ea0-b9ad-56656d679959","type":"challenge","rationale":"Disconfirm material conclusion: A primary source that directly contradicts this conclusion.","step":4,"t":"2026-09-17T18:08:09.007Z"}
{"level":"info","event":"action","runId":"01533980-524d-4ea0-b9ad-56656d679959","type":"challenge","rationale":"Disconfirm material conclusion: A primary source that directly contradicts this conclusion.","step":5,"t":"2026-09-17T18:08:09.039Z"}
{"level":"info","event":"action","runId":"01533980-524d-4ea0-b9ad-56656d679959","type":"challenge","rationale":"Disconfirm material conclusion: A primary source that directly contradicts this conclusion.","step":6,"t":"2026-09-17T18:08:09.074Z"}
{"level":"info","event":"action","runId":"01533980-524d-4ea0-b9ad-56656d679959","type":"challenge","rationale":"Disconfirm material conclusion: A primary source that directly contradicts this conclusion.","step":7,"t":"2026-09-17T18:08:09.113Z"}
{"level":"info","event":"action","runId":"01533980-524d-4ea0-b9ad-56656d679959","type":"challenge","rationale":"Disconfirm material conclusion: A primary source that directly contradicts this conclusion.","step":8,"t":"2026-09-17T18:08:09.153Z"}
{"level":"info","event":"action","runId":"01533980-524d-4ea0-b9ad-56656d679959","type":"challenge","rationale":"Disconfirm material conclusion: A primary source that directly contradicts this conclusion.","step":9,"t":"2026-09-17T18:08:09.204Z"}
{"level":"info","event":"action","runId":"01533980-524d-4ea0-b9ad-56656d679959","type":"challenge","rationale":"No counterexample found in accessed primary sources. This is not proof that the conclusion is true.","step":10,"t":"2026-09-17T18:08:09.249Z"}
{"level":"info","event":"action","runId":"01533980-524d-4ea0-b9ad-56656d679959","type":"stop","rationale":"Repeated searches returned no novel source family or coverage progress","step":11,"t":"2026-09-17T18:08:09.300Z"}
{"level":"info","event":"action","runId":"9370096c-86c0-4b1f-8c95-7260f938efbb","type":"search","rationale":"Investigate an uncovered required question","step":0,"t":"2026-09-17T18:08:10.046Z"}
{"level":"info","event":"action","runId":"9370096c-86c0-4b1f-8c95-7260f938efbb","type":"fetch","rationale":"Inspect an already-known source before another generic query","step":1,"t":"2026-09-17T18:08:10.080Z"}
{"level":"info","event":"action","runId":"9370096c-86c0-4b1f-8c95-7260f938efbb","type":"fetch","rationale":"Inspect an already-known source before another generic query","step":2,"t":"2026-09-17T18:08:10.101Z"}
{"level":"info","event":"action","runId":"9370096c-86c0-4b1f-8c95-7260f938efbb","type":"fetch","rationale":"Inspect an already-known source before another generic query","step":3,"t":"2026-09-17T18:08:10.122Z"}
{"level":"info","event":"action","runId":"9370096c-86c0-4b1f-8c95-7260f938efbb","type":"challenge","rationale":"Disconfirm material conclusion: A primary source that directly contradicts this conclusion.","step":4,"t":"2026-09-17T18:08:10.147Z"}
{"level":"info","event":"action","runId":"9370096c-86c0-4b1f-8c95-7260f938efbb","type":"challenge","rationale":"No counterexample found in accessed primary sources. This is not proof that the conclusion is true.","step":5,"t":"2026-09-17T18:08:10.168Z"}
{"level":"info","event":"action","runId":"9370096c-86c0-4b1f-8c95-7260f938efbb","type":"synthesize","rationale":"decision_critical_gaps_resolved_or_unresolvable; high-impact claims supported or qualified; contradictions handled; remaining actions low expected value","step":6,"t":"2026-09-17T18:08:10.184Z"}
{"level":"info","event":"action","runId":"205c929a-4c63-4ef9-8fa8-3a692889a311","type":"search","rationale":"Investigate an uncovered required question","step":0,"t":"2026-09-17T18:08:10.740Z"}
{"level":"info","event":"action","runId":"205c929a-4c63-4ef9-8fa8-3a692889a311","type":"fetch","rationale":"Inspect an already-known source before another generic query","step":1,"t":"2026-09-17T18:08:10.784Z"}
{"level":"info","event":"action","runId":"205c929a-4c63-4ef9-8fa8-3a692889a311","type":"fetch","rationale":"Inspect an already-known source before another generic query","step":2,"t":"2026-09-17T18:08:10.804Z"}
{"level":"info","event":"action","runId":"205c929a-4c63-4ef9-8fa8-3a692889a311","type":"fetch","rationale":"Inspect an already-known source before another generic query","step":3,"t":"2026-09-17T18:08:10.824Z"}
{"level":"info","event":"action","runId":"205c929a-4c63-4ef9-8fa8-3a692889a311","type":"fetch","rationale":"Inspect an already-known source before another generic query","step":4,"t":"2026-09-17T18:08:10.847Z"}
{"level":"info","event":"action","runId":"205c929a-4c63-4ef9-8fa8-3a692889a311","type":"fetch","rationale":"Inspect an already-known source before another generic query","step":5,"t":"2026-09-17T18:08:10.868Z"}
{"level":"info","event":"action","runId":"205c929a-4c63-4ef9-8fa8-3a692889a311","type":"challenge","rationale":"Disconfirm material conclusion: A primary source that directly contradicts this conclusion.","step":6,"t":"2026-09-17T18:08:10.891Z"}
{"level":"info","event":"action","runId":"205c929a-4c63-4ef9-8fa8-3a692889a311","type":"challenge","rationale":"No counterexample found in accessed primary sources. This is not proof that the conclusion is true.","step":7,"t":"2026-09-17T18:08:10.917Z"}
{"level":"info","event":"action","runId":"205c929a-4c63-4ef9-8fa8-3a692889a311","type":"synthesize","rationale":"decision_critical_gaps_resolved_or_unresolvable; high-impact claims supported or qualified; contradictions handled; remaining actions low expected value","step":8,"t":"2026-09-17T18:08:10.936Z"}
{"level":"info","event":"action","runId":"0b5e91e2-8559-42a6-825d-700991219375","type":"search","rationale":"Investigate an uncovered required question","step":0,"t":"2026-09-17T18:08:11.460Z"}
{"level":"info","event":"action","runId":"0b5e91e2-8559-42a6-825d-700991219375","type":"fetch","rationale":"Inspect an already-known source before another generic query","step":1,"t":"2026-09-17T18:08:11.483Z"}
{"level":"info","event":"action","runId":"0b5e91e2-8559-42a6-825d-700991219375","type":"challenge","rationale":"Disconfirm material conclusion: A primary source that directly contradicts this conclusion.","step":2,"t":"2026-09-17T18:08:11.499Z"}
{"level":"info","event":"action","runId":"0b5e91e2-8559-42a6-825d-700991219375","type":"challenge","rationale":"No counterexample found in accessed primary sources. This is not proof that the conclusion is true.","step":3,"t":"2026-09-17T18:08:11.514Z"}
{"level":"info","event":"action","runId":"0b5e91e2-8559-42a6-825d-700991219375","type":"synthesize","rationale":"decision_critical_gaps_resolved_or_unresolvable; high-impact claims supported or qualified; contradictions handled; remaining actions low expected value","step":4,"t":"2026-09-17T18:08:11.526Z"}
{"level":"info","event":"action","runId":"3302db31-38dd-4272-8d4c-cc914155cac5","type":"search","rationale":"Investigate an uncovered required question","step":0,"t":"2026-09-17T18:08:12.621Z"}
{"level":"info","event":"action","runId":"3302db31-38dd-4272-8d4c-cc914155cac5","type":"fetch","rationale":"Inspect an already-known source before another generic query","step":1,"t":"2026-09-17T18:08:12.649Z"}
{"level":"info","event":"action","runId":"3302db31-38dd-4272-8d4c-cc914155cac5","type":"fetch","rationale":"Inspect an already-known source before another generic query","step":2,"t":"2026-09-17T18:08:12.665Z"}
{"level":"info","event":"action","runId":"3302db31-38dd-4272-8d4c-cc914155cac5","type":"fetch","rationale":"Inspect an already-known source before another generic query","step":3,"t":"2026-09-17T18:08:12.680Z"}
{"level":"info","event":"action","runId":"3302db31-38dd-4272-8d4c-cc914155cac5","type":"fetch","rationale":"Inspect an already-known source before another generic query","step":4,"t":"2026-09-17T18:08:12.697Z"}
{"level":"info","event":"action","runId":"3302db31-38dd-4272-8d4c-cc914155cac5","type":"fetch","rationale":"Inspect an already-known source before another generic query","step":5,"t":"2026-09-17T18:08:12.711Z"}
{"level":"info","event":"action","runId":"3302db31-38dd-4272-8d4c-cc914155cac5","type":"challenge","rationale":"Disconfirm material conclusion: A primary source that directly contradicts this conclusion.","step":6,"t":"2026-09-17T18:08:12.727Z"}
{"level":"info","event":"action","runId":"3302db31-38dd-4272-8d4c-cc914155cac5","type":"challenge","rationale":"No counterexample found in accessed primary sources. This is not proof that the conclusion is true.","step":7,"t":"2026-09-17T18:08:12.744Z"}
{"level":"info","event":"action","runId":"3302db31-38dd-4272-8d4c-cc914155cac5","type":"synthesize","rationale":"decision_critical_gaps_resolved_or_unresolvable; high-impact claims supported or qualified; contradictions handled; remaining actions low expected value","step":8,"t":"2026-09-17T18:08:12.760Z"}
 ✓ test/launch-scope.integration.test.ts (19 tests) 21461ms
   ✓ launch-scope fixture/postgres cases > R02 asks a jurisdiction question when it would change the answer  669ms
   ✓ launch-scope fixture/postgres cases > R03 does not interview a clear comparison over style  1247ms
   ✓ launch-scope fixture/postgres cases > R07 keeps a paywalled page snippet-only and does not claim a full read  892ms
   ✓ launch-scope fixture/postgres cases > R11 records a real price contradiction without averaging  952ms
   ✓ launch-scope fixture/postgres cases > R14 budget-limited outcome is not marked comprehensive  830ms
   ✓ launch-scope fixture/postgres cases > R22 preserves a reproducible annual cost calculation  971ms
   ✓ launch-scope fixture/postgres cases > V2-01 uses the compatibility matrix, not summary count  1151ms
   ✓ launch-scope fixture/postgres cases > V2-02 / R08 switches source type after summary-family saturation  1073ms
   ✓ launch-scope fixture/postgres cases > V2-04 relaxed budget discovers a previously omitted candidate  1580ms
   ✓ launch-scope fixture/postgres cases > V2-05 recomputes a corrected numeric unit  1541ms
   ✓ launch-scope fixture/postgres cases > V2-06 unknown dependency completeness forces a full rerun flag  1818ms
   ✓ launch-scope fixture/postgres cases > P2 selective budget reopen is not a full rerun; unknown-dependency correction is; both 120 EUR paths find Vendor C  2742ms
   ✓ launch-scope fixture/postgres cases > P2 a non-budget correction does not reopen candidate discovery or add Vendor C  2161ms
   ✓ launch-scope fixture/postgres cases > V2-18 distinguishes no eligible inspected option from universal absence  800ms
   ✓ launch-scope fixture/postgres cases > E07 denies another account's evidence id  739ms
   ✓ launch-scope fixture/postgres cases > S04 does not leave raw script markup in the canonical report  576ms
   ✓ launch-scope fixture/postgres cases > challenge and markdown export use the same stored report  810ms
{"level":"info","event":"action","runId":"129d1f1b-0bf7-4822-a545-d47920007f80","type":"search","rationale":"Investigate an uncovered required question","step":0,"t":"2026-09-17T18:08:16.029Z"}
{"level":"info","event":"action","runId":"129d1f1b-0bf7-4822-a545-d47920007f80","type":"stop","rationale":"action type reveal_keys is not a permitted research action","step":1,"t":"2026-09-17T18:08:16.090Z"}
{"level":"info","event":"action","runId":"41c4391b-15cd-4dfb-8cdf-4b3dc32b34c8","type":"search","rationale":"Investigate an uncovered required question","step":0,"t":"2026-09-17T18:08:16.960Z"}
{"level":"info","event":"action","runId":"41c4391b-15cd-4dfb-8cdf-4b3dc32b34c8","type":"search","rationale":"Decision-blocking gap: authoritative compatibility limitation. Switching source type to vendor-matrix.","step":1,"t":"2026-09-17T18:08:17.048Z"}
{"level":"info","event":"action","runId":"41c4391b-15cd-4dfb-8cdf-4b3dc32b34c8","type":"fetch","rationale":"Inspect the preferred source type (vendor-matrix) before more weak sources","step":2,"t":"2026-09-17T18:08:17.114Z"}
{"level":"info","event":"action","runId":"41c4391b-15cd-4dfb-8cdf-4b3dc32b34c8","type":"fetch","rationale":"Inspect an already-known source before another generic query","step":3,"t":"2026-09-17T18:08:17.158Z"}
{"level":"info","event":"action","runId":"41c4391b-15cd-4dfb-8cdf-4b3dc32b34c8","type":"fetch","rationale":"Inspect an already-known source before another generic query","step":4,"t":"2026-09-17T18:08:17.205Z"}
{"level":"info","event":"action","runId":"41c4391b-15cd-4dfb-8cdf-4b3dc32b34c8","type":"fetch","rationale":"Inspect an already-known source before another generic query","step":5,"t":"2026-09-17T18:08:17.249Z"}
{"level":"info","event":"action","runId":"41c4391b-15cd-4dfb-8cdf-4b3dc32b34c8","type":"verify","rationale":"Scope-check contradiction on compatibility before treating newest as correct","step":6,"t":"2026-09-17T18:08:17.293Z"}
{"level":"info","event":"action","runId":"41c4391b-15cd-4dfb-8cdf-4b3dc32b34c8","type":"challenge","rationale":"Disconfirm material conclusion: Official compatibility documentation that lists the named version as supported.","step":7,"t":"2026-09-17T18:08:17.338Z"}
{"level":"info","event":"action","runId":"41c4391b-15cd-4dfb-8cdf-4b3dc32b34c8","type":"challenge","rationale":"No counterexample found in accessed primary sources. This is not proof that the conclusion is true.","step":8,"t":"2026-09-17T18:08:17.404Z"}
{"level":"info","event":"action","runId":"41c4391b-15cd-4dfb-8cdf-4b3dc32b34c8","type":"synthesize","rationale":"decision_critical_gaps_resolved_or_unresolvable; high-impact claims supported or qualified; contradictions handled; remaining actions low expected value","step":9,"t":"2026-09-17T18:08:17.447Z"}
{"level":"info","event":"action","runId":"615d6e0c-f8db-4759-a730-5822b194e015","type":"search","rationale":"Investigate an uncovered required question","step":0,"t":"2026-09-17T18:08:18.351Z"}
{"level":"info","event":"action","runId":"615d6e0c-f8db-4759-a730-5822b194e015","type":"fetch","rationale":"Inspect an already-known source before another generic query","step":1,"t":"2026-09-17T18:08:18.403Z"}
{"level":"info","event":"action","runId":"615d6e0c-f8db-4759-a730-5822b194e015","type":"fetch","rationale":"Inspect an already-known source before another generic query","step":2,"t":"2026-09-17T18:08:18.431Z"}
{"level":"info","event":"action","runId":"615d6e0c-f8db-4759-a730-5822b194e015","type":"fetch","rationale":"Inspect an already-known source before another generic query","step":3,"t":"2026-09-17T18:08:18.456Z"}
{"level":"info","event":"action","runId":"615d6e0c-f8db-4759-a730-5822b194e015","type":"challenge","rationale":"Disconfirm material conclusion: A primary source that directly contradicts this conclusion.","step":4,"t":"2026-09-17T18:08:18.487Z"}
{"level":"info","event":"action","runId":"615d6e0c-f8db-4759-a730-5822b194e015","type":"challenge","rationale":"No counterexample found in accessed primary sources. This is not proof that the conclusion is true.","step":5,"t":"2026-09-17T18:08:18.518Z"}
{"level":"info","event":"action","runId":"615d6e0c-f8db-4759-a730-5822b194e015","type":"synthesize","rationale":"decision_critical_gaps_resolved_or_unresolvable; high-impact claims supported or qualified; contradictions handled; remaining actions low expected value","step":6,"t":"2026-09-17T18:08:18.538Z"}
{"level":"info","event":"action","runId":"d06f9a0a-c388-409a-81ef-a77a07ec7d46","type":"search","rationale":"Investigate an uncovered required question","step":0,"t":"2026-09-17T18:08:19.125Z"}
{"level":"info","event":"action","runId":"d06f9a0a-c388-409a-81ef-a77a07ec7d46","type":"search","rationale":"Investigate an uncovered required question","step":1,"t":"2026-09-17T18:08:19.168Z"}
{"level":"info","event":"action","runId":"d06f9a0a-c388-409a-81ef-a77a07ec7d46","type":"stop","rationale":"Repeated searches returned no novel source family or coverage progress","step":2,"t":"2026-09-17T18:08:19.192Z"}
{"level":"info","event":"action","runId":"725c9259-4683-42f1-a44b-911acdb2bb92","type":"search","rationale":"Investigate an uncovered required question","step":0,"t":"2026-09-17T18:08:19.825Z"}
 ✓ test/controller-admission.integration.test.ts (6 tests) 5421ms
   ✓ controller admission on the fixture worker path > rejects injected privileged proposals and still inspects remaining sources  1210ms
   ✓ controller admission on the fixture worker path > records a source-type pivot and stop reason for a compatibility gap  1425ms
   ✓ controller admission on the fixture worker path > unknown-dependency correction forces a full rerun  927ms
   ✓ controller admission on the fixture worker path > processRun records an issued live intent before the provider call for a well-formed search  587ms
   ✓ controller admission on the fixture worker path > default run allowance blocks a larger provider reserve before any network call  406ms
   ✓ controller admission on the fixture worker path > issued then failed live intents still consume the reservation  344ms
{"level":"info","event":"action","runId":"0871aadc-7b97-4138-9b03-145efda3b0b1","type":"search","rationale":"Investigate an uncovered required question","step":0,"t":"2026-09-17T18:08:21.994Z"}
{"level":"info","event":"action","runId":"0871aadc-7b97-4138-9b03-145efda3b0b1","type":"fetch","rationale":"Inspect an already-known source before another generic query","step":1,"t":"2026-09-17T18:08:22.044Z"}
{"level":"info","event":"action","runId":"0871aadc-7b97-4138-9b03-145efda3b0b1","type":"fetch","rationale":"Inspect an already-known source before another generic query","step":2,"t":"2026-09-17T18:08:22.065Z"}
{"level":"info","event":"action","runId":"0871aadc-7b97-4138-9b03-145efda3b0b1","type":"fetch","rationale":"Inspect an already-known source before another generic query","step":3,"t":"2026-09-17T18:08:22.084Z"}
{"level":"info","event":"action","runId":"0871aadc-7b97-4138-9b03-145efda3b0b1","type":"challenge","rationale":"Disconfirm material conclusion: A primary source that directly contradicts this conclusion.","step":4,"t":"2026-09-17T18:08:22.108Z"}
{"level":"info","event":"action","runId":"0871aadc-7b97-4138-9b03-145efda3b0b1","type":"challenge","rationale":"No counterexample found in accessed primary sources. This is not proof that the conclusion is true.","step":5,"t":"2026-09-17T18:08:22.128Z"}
{"level":"info","event":"action","runId":"0871aadc-7b97-4138-9b03-145efda3b0b1","type":"synthesize","rationale":"decision_critical_gaps_resolved_or_unresolvable; high-impact claims supported or qualified; contradictions handled; remaining actions low expected value","step":6,"t":"2026-09-17T18:08:22.145Z"}
{"level":"info","event":"action","runId":"df0a92bc-e8b6-4c51-a1ab-1d1edeb18faf","type":"search","rationale":"Investigate an uncovered required question","step":0,"t":"2026-09-17T18:08:22.666Z"}
{"level":"info","event":"action","runId":"df0a92bc-e8b6-4c51-a1ab-1d1edeb18faf","type":"fetch","rationale":"Inspect an already-known source before another generic query","step":1,"t":"2026-09-17T18:08:22.686Z"}
{"level":"info","event":"action","runId":"df0a92bc-e8b6-4c51-a1ab-1d1edeb18faf","type":"challenge","rationale":"Disconfirm material conclusion: A current official catalog entry for the named product.","step":2,"t":"2026-09-17T18:08:22.701Z"}
{"level":"info","event":"action","runId":"df0a92bc-e8b6-4c51-a1ab-1d1edeb18faf","type":"challenge","rationale":"No counterexample found in accessed primary sources. This is not proof that the conclusion is true.","step":3,"t":"2026-09-17T18:08:22.717Z"}
{"level":"info","event":"action","runId":"df0a92bc-e8b6-4c51-a1ab-1d1edeb18faf","type":"synthesize","rationale":"decision_critical_gaps_resolved_or_unresolvable; high-impact claims supported or qualified; contradictions handled; remaining actions low expected value","step":4,"t":"2026-09-17T18:08:22.729Z"}
{"level":"info","event":"action","runId":"4ce3a6ec-1972-40a5-b01a-15d97237a574","type":"search","rationale":"Investigate an uncovered required question","step":0,"t":"2026-09-17T18:08:23.174Z"}
{"level":"info","event":"action","runId":"4ce3a6ec-1972-40a5-b01a-15d97237a574","type":"fetch","rationale":"Inspect an already-known source before another generic query","step":1,"t":"2026-09-17T18:08:23.200Z"}
{"level":"info","event":"action","runId":"4ce3a6ec-1972-40a5-b01a-15d97237a574","type":"fetch","rationale":"Inspect an already-known source before another generic query","step":2,"t":"2026-09-17T18:08:23.214Z"}
{"level":"info","event":"action","runId":"4ce3a6ec-1972-40a5-b01a-15d97237a574","type":"fetch","rationale":"Inspect an already-known source before another generic query","step":3,"t":"2026-09-17T18:08:23.228Z"}
{"level":"info","event":"action","runId":"4ce3a6ec-1972-40a5-b01a-15d97237a574","type":"fetch","rationale":"Inspect an already-known source before another generic query","step":4,"t":"2026-09-17T18:08:23.244Z"}
{"level":"info","event":"action","runId":"4ce3a6ec-1972-40a5-b01a-15d97237a574","type":"fetch","rationale":"Inspect an already-known source before another generic query","step":5,"t":"2026-09-17T18:08:23.258Z"}
{"level":"info","event":"action","runId":"4ce3a6ec-1972-40a5-b01a-15d97237a574","type":"challenge","rationale":"Disconfirm material conclusion: A primary source that directly contradicts this conclusion.","step":6,"t":"2026-09-17T18:08:23.272Z"}
{"level":"info","event":"action","runId":"4ce3a6ec-1972-40a5-b01a-15d97237a574","type":"challenge","rationale":"No counterexample found in accessed primary sources. This is not proof that the conclusion is true.","step":7,"t":"2026-09-17T18:08:23.288Z"}
{"level":"info","event":"action","runId":"4ce3a6ec-1972-40a5-b01a-15d97237a574","type":"synthesize","rationale":"decision_critical_gaps_resolved_or_unresolvable; high-impact claims supported or qualified; contradictions handled; remaining actions low expected value","step":8,"t":"2026-09-17T18:08:23.299Z"}
{"level":"info","event":"action","runId":"e577a42f-2381-432a-8f62-689aa44b791e","type":"search","rationale":"Initial dataset excludes the user's stated population; pivot source type","step":0,"t":"2026-09-17T18:08:23.743Z"}
{"level":"info","event":"action","runId":"e577a42f-2381-432a-8f62-689aa44b791e","type":"search","rationale":"Decision-blocking gap: population-specific evidence. Switching source type to population-specific.","step":1,"t":"2026-09-17T18:08:23.762Z"}
{"level":"info","event":"action","runId":"e577a42f-2381-432a-8f62-689aa44b791e","type":"search","rationale":"Decision-blocking gap: population-specific evidence. Switching source type to population-specific.","step":2,"t":"2026-09-17T18:08:23.778Z"}
{"level":"info","event":"action","runId":"e577a42f-2381-432a-8f62-689aa44b791e","type":"search","rationale":"Decision-blocking gap: population-specific evidence. Switching source type to population-specific.","step":3,"t":"2026-09-17T18:08:23.799Z"}
{"level":"info","event":"action","runId":"e577a42f-2381-432a-8f62-689aa44b791e","type":"search","rationale":"Decision-blocking gap: population-specific evidence. Switching source type to population-specific.","step":4,"t":"2026-09-17T18:08:23.820Z"}
{"level":"info","event":"action","runId":"e577a42f-2381-432a-8f62-689aa44b791e","type":"search","rationale":"Decision-blocking gap: population-specific evidence. Switching source type to population-specific.","step":5,"t":"2026-09-17T18:08:23.837Z"}
{"level":"info","event":"action","runId":"e577a42f-2381-432a-8f62-689aa44b791e","type":"search","rationale":"Decision-blocking gap: population-specific evidence. Switching source type to population-specific.","step":6,"t":"2026-09-17T18:08:23.852Z"}
{"level":"info","event":"action","runId":"e577a42f-2381-432a-8f62-689aa44b791e","type":"search","rationale":"Decision-blocking gap: population-specific evidence. Switching source type to population-specific.","step":7,"t":"2026-09-17T18:08:23.865Z"}
{"level":"info","event":"action","runId":"e577a42f-2381-432a-8f62-689aa44b791e","type":"fetch","rationale":"Inspect an already-known source before another generic query","step":8,"t":"2026-09-17T18:08:23.880Z"}
{"level":"info","event":"action","runId":"e577a42f-2381-432a-8f62-689aa44b791e","type":"fetch","rationale":"Inspect an already-known source before another generic query","step":9,"t":"2026-09-17T18:08:23.893Z"}
{"level":"info","event":"action","runId":"e577a42f-2381-432a-8f62-689aa44b791e","type":"challenge","rationale":"No counterexample found in accessed primary sources. This is not proof that the conclusion is true.","step":10,"t":"2026-09-17T18:08:23.905Z"}
{"level":"info","event":"action","runId":"e577a42f-2381-432a-8f62-689aa44b791e","type":"stop","rationale":"Repeated searches returned no novel source family or coverage progress","step":11,"t":"2026-09-17T18:08:23.916Z"}
{"level":"info","event":"action","runId":"3230d852-6f45-436e-8d6a-df08358218ab","type":"search","rationale":"Investigate an uncovered required question","step":0,"t":"2026-09-17T18:08:24.357Z"}
{"level":"info","event":"action","runId":"3230d852-6f45-436e-8d6a-df08358218ab","type":"fetch","rationale":"Inspect an already-known source before another generic query","step":1,"t":"2026-09-17T18:08:24.380Z"}
{"level":"info","event":"action","runId":"3230d852-6f45-436e-8d6a-df08358218ab","type":"challenge","rationale":"Disconfirm material conclusion: A primary source that directly contradicts this conclusion.","step":2,"t":"2026-09-17T18:08:24.395Z"}
{"level":"info","event":"action","runId":"3230d852-6f45-436e-8d6a-df08358218ab","type":"challenge","rationale":"No counterexample found in accessed primary sources. This is not proof that the conclusion is true.","step":3,"t":"2026-09-17T18:08:24.410Z"}
{"level":"info","event":"action","runId":"3230d852-6f45-436e-8d6a-df08358218ab","type":"synthesize","rationale":"decision_critical_gaps_resolved_or_unresolvable; high-impact claims supported or qualified; contradictions handled; remaining actions low expected value","step":4,"t":"2026-09-17T18:08:24.420Z"}
{"level":"info","event":"action","runId":"620534b6-8727-4013-99d1-7ce8a525f920","type":"search","rationale":"Investigate an uncovered required question","step":0,"t":"2026-09-17T18:08:24.972Z"}
{"level":"info","event":"action","runId":"620534b6-8727-4013-99d1-7ce8a525f920","type":"fetch","rationale":"Inspect an already-known source before another generic query","step":1,"t":"2026-09-17T18:08:25.006Z"}
{"level":"info","event":"action","runId":"620534b6-8727-4013-99d1-7ce8a525f920","type":"fetch","rationale":"Inspect an already-known source before another generic query","step":2,"t":"2026-09-17T18:08:25.021Z"}
{"level":"info","event":"action","runId":"620534b6-8727-4013-99d1-7ce8a525f920","type":"fetch","rationale":"Inspect an already-known source before another generic query","step":3,"t":"2026-09-17T18:08:25.035Z"}
{"level":"info","event":"action","runId":"620534b6-8727-4013-99d1-7ce8a525f920","type":"challenge","rationale":"Disconfirm material conclusion: A primary source that directly contradicts this conclusion.","step":4,"t":"2026-09-17T18:08:25.053Z"}
{"level":"info","event":"action","runId":"620534b6-8727-4013-99d1-7ce8a525f920","type":"challenge","rationale":"No counterexample found in accessed primary sources. This is not proof that the conclusion is true.","step":5,"t":"2026-09-17T18:08:25.067Z"}
{"level":"info","event":"action","runId":"620534b6-8727-4013-99d1-7ce8a525f920","type":"synthesize","rationale":"decision_critical_gaps_resolved_or_unresolvable; high-impact claims supported or qualified; contradictions handled; remaining actions low expected value","step":6,"t":"2026-09-17T18:08:25.079Z"}
{"level":"info","event":"action","runId":"8ccb9bac-55a9-4300-8b9a-3a4adbf48d74","type":"search","rationale":"Investigate an uncovered required question","step":0,"t":"2026-09-17T18:08:25.721Z"}
{"level":"info","event":"action","runId":"8ccb9bac-55a9-4300-8b9a-3a4adbf48d74","type":"fetch","rationale":"Inspect an already-known source before another generic query","step":1,"t":"2026-09-17T18:08:25.742Z"}
{"level":"info","event":"action","runId":"8ccb9bac-55a9-4300-8b9a-3a4adbf48d74","type":"fetch","rationale":"Inspect an already-known source before another generic query","step":2,"t":"2026-09-17T18:08:25.758Z"}
{"level":"info","event":"action","runId":"8ccb9bac-55a9-4300-8b9a-3a4adbf48d74","type":"fetch","rationale":"Inspect an already-known source before another generic query","step":3,"t":"2026-09-17T18:08:25.772Z"}
{"level":"info","event":"action","runId":"8ccb9bac-55a9-4300-8b9a-3a4adbf48d74","type":"fetch","rationale":"Inspect an already-known source before another generic query","step":4,"t":"2026-09-17T18:08:25.789Z"}
{"level":"info","event":"action","runId":"8ccb9bac-55a9-4300-8b9a-3a4adbf48d74","type":"fetch","rationale":"Inspect an already-known source before another generic query","step":5,"t":"2026-09-17T18:08:25.808Z"}
{"level":"info","event":"action","runId":"8ccb9bac-55a9-4300-8b9a-3a4adbf48d74","type":"challenge","rationale":"Disconfirm material conclusion: A primary source that directly contradicts this conclusion.","step":6,"t":"2026-09-17T18:08:25.833Z"}
{"level":"info","event":"action","runId":"8ccb9bac-55a9-4300-8b9a-3a4adbf48d74","type":"challenge","rationale":"No counterexample found in accessed primary sources. This is not proof that the conclusion is true.","step":7,"t":"2026-09-17T18:08:25.848Z"}
{"level":"info","event":"action","runId":"8ccb9bac-55a9-4300-8b9a-3a4adbf48d74","type":"synthesize","rationale":"decision_critical_gaps_resolved_or_unresolvable; high-impact claims supported or qualified; contradictions handled; remaining actions low expected value","step":8,"t":"2026-09-17T18:08:25.862Z"}
{"level":"info","event":"action","runId":"8f8023ab-0ba7-4ebc-b172-08262d550be5","type":"search","rationale":"Investigate an uncovered required question","step":0,"t":"2026-09-17T18:08:26.739Z"}
{"level":"info","event":"action","runId":"8f8023ab-0ba7-4ebc-b172-08262d550be5","type":"fetch","rationale":"Inspect an already-known source before another generic query","step":0,"t":"2026-09-17T18:08:26.782Z"}
{"level":"info","event":"action","runId":"8f8023ab-0ba7-4ebc-b172-08262d550be5","type":"fetch","rationale":"Inspect an already-known source before another generic query","step":1,"t":"2026-09-17T18:08:26.797Z"}
{"level":"info","event":"action","runId":"8f8023ab-0ba7-4ebc-b172-08262d550be5","type":"fetch","rationale":"Inspect an already-known source before another generic query","step":2,"t":"2026-09-17T18:08:26.811Z"}
{"level":"info","event":"action","runId":"8f8023ab-0ba7-4ebc-b172-08262d550be5","type":"challenge","rationale":"Disconfirm material conclusion: A primary source that directly contradicts this conclusion.","step":3,"t":"2026-09-17T18:08:26.827Z"}
{"level":"info","event":"action","runId":"8f8023ab-0ba7-4ebc-b172-08262d550be5","type":"challenge","rationale":"No counterexample found in accessed primary sources. This is not proof that the conclusion is true.","step":4,"t":"2026-09-17T18:08:26.839Z"}
{"level":"info","event":"action","runId":"8f8023ab-0ba7-4ebc-b172-08262d550be5","type":"synthesize","rationale":"decision_critical_gaps_resolved_or_unresolvable; high-impact claims supported or qualified; contradictions handled; remaining actions low expected value","step":5,"t":"2026-09-17T18:08:26.850Z"}
{"level":"info","event":"action","runId":"8ec52f54-676d-4731-be64-d7a8a6a05714","type":"search","rationale":"Investigate an uncovered required question","step":0,"t":"2026-09-17T18:08:27.301Z"}
{"level":"info","event":"action","runId":"8ec52f54-676d-4731-be64-d7a8a6a05714","type":"fetch","rationale":"Inspect an already-known source before another generic query","step":1,"t":"2026-09-17T18:08:27.320Z"}
{"level":"info","event":"action","runId":"8ec52f54-676d-4731-be64-d7a8a6a05714","type":"fetch","rationale":"Inspect an already-known source before another generic query","step":2,"t":"2026-09-17T18:08:27.331Z"}
{"level":"info","event":"action","runId":"8ec52f54-676d-4731-be64-d7a8a6a05714","type":"fetch","rationale":"Inspect an already-known source before another generic query","step":3,"t":"2026-09-17T18:08:27.342Z"}
{"level":"info","event":"action","runId":"8ec52f54-676d-4731-be64-d7a8a6a05714","type":"challenge","rationale":"Disconfirm material conclusion: A primary source that directly contradicts this conclusion.","step":4,"t":"2026-09-17T18:08:27.356Z"}
{"level":"info","event":"action","runId":"8ec52f54-676d-4731-be64-d7a8a6a05714","type":"challenge","rationale":"No counterexample found in accessed primary sources. This is not proof that the conclusion is true.","step":5,"t":"2026-09-17T18:08:27.369Z"}
{"level":"info","event":"action","runId":"8ec52f54-676d-4731-be64-d7a8a6a05714","type":"synthesize","rationale":"decision_critical_gaps_resolved_or_unresolvable; high-impact claims supported or qualified; contradictions handled; remaining actions low expected value","step":6,"t":"2026-09-17T18:08:27.378Z"}
{"level":"info","event":"action","runId":"ce55ac15-6e29-4a06-9cb7-2395f5d1118f","type":"search","rationale":"Investigate an uncovered required question","step":0,"t":"2026-09-17T18:08:27.620Z"}
{"level":"info","event":"action","runId":"ce55ac15-6e29-4a06-9cb7-2395f5d1118f","type":"stop","rationale":"action type reveal_keys is not a permitted research action","step":1,"t":"2026-09-17T18:08:27.636Z"}
{"level":"info","event":"action","runId":"2f759f7b-b4e0-4c81-87cc-55c617921071","type":"search","rationale":"Investigate an uncovered required question","step":0,"t":"2026-09-17T18:08:28.075Z"}
{"level":"info","event":"action","runId":"2f759f7b-b4e0-4c81-87cc-55c617921071","type":"fetch","rationale":"Inspect an already-known source before another generic query","step":1,"t":"2026-09-17T18:08:28.094Z"}
{"level":"info","event":"action","runId":"2f759f7b-b4e0-4c81-87cc-55c617921071","type":"fetch","rationale":"Inspect an already-known source before another generic query","step":2,"t":"2026-09-17T18:08:28.107Z"}
{"level":"info","event":"action","runId":"2f759f7b-b4e0-4c81-87cc-55c617921071","type":"fetch","rationale":"Inspect an already-known source before another generic query","step":3,"t":"2026-09-17T18:08:28.118Z"}
{"level":"info","event":"action","runId":"2f759f7b-b4e0-4c81-87cc-55c617921071","type":"challenge","rationale":"Disconfirm material conclusion: A primary source that directly contradicts this conclusion.","step":4,"t":"2026-09-17T18:08:28.133Z"}
{"level":"info","event":"action","runId":"2f759f7b-b4e0-4c81-87cc-55c617921071","type":"challenge","rationale":"No counterexample found in accessed primary sources. This is not proof that the conclusion is true.","step":5,"t":"2026-09-17T18:08:28.148Z"}
{"level":"info","event":"action","runId":"2f759f7b-b4e0-4c81-87cc-55c617921071","type":"synthesize","rationale":"decision_critical_gaps_resolved_or_unresolvable; high-impact claims supported or qualified; contradictions handled; remaining actions low expected value","step":6,"t":"2026-09-17T18:08:28.160Z"}
{"level":"info","event":"action","runId":"b50ecdd5-a1cd-4427-9354-32426aa0ece6","type":"search","rationale":"Investigate an uncovered required question","step":0,"t":"2026-09-17T18:08:28.405Z"}
{"level":"info","event":"action","runId":"b50ecdd5-a1cd-4427-9354-32426aa0ece6","type":"fetch","rationale":"Inspect an already-known source before another generic query","step":1,"t":"2026-09-17T18:08:28.432Z"}
{"level":"info","event":"action","runId":"b50ecdd5-a1cd-4427-9354-32426aa0ece6","type":"fetch","rationale":"Inspect an already-known source before another generic query","step":2,"t":"2026-09-17T18:08:28.444Z"}
{"level":"info","event":"action","runId":"b50ecdd5-a1cd-4427-9354-32426aa0ece6","type":"fetch","rationale":"Inspect an already-known source before another generic query","step":3,"t":"2026-09-17T18:08:28.455Z"}
{"level":"info","event":"action","runId":"b50ecdd5-a1cd-4427-9354-32426aa0ece6","type":"challenge","rationale":"Disconfirm material conclusion: A primary source that directly contradicts this conclusion.","step":4,"t":"2026-09-17T18:08:28.471Z"}
{"level":"info","event":"action","runId":"b50ecdd5-a1cd-4427-9354-32426aa0ece6","type":"challenge","rationale":"No counterexample found in accessed primary sources. This is not proof that the conclusion is true.","step":5,"t":"2026-09-17T18:08:28.483Z"}
{"level":"info","event":"action","runId":"b50ecdd5-a1cd-4427-9354-32426aa0ece6","type":"synthesize","rationale":"decision_critical_gaps_resolved_or_unresolvable; high-impact claims supported or qualified; contradictions handled; remaining actions low expected value","step":6,"t":"2026-09-17T18:08:28.493Z"}
{"level":"info","event":"action","runId":"ee418265-abc2-43ce-8d39-1202c2a25c08","type":"search","rationale":"Investigate an uncovered required question","step":0,"t":"2026-09-17T18:08:28.717Z"}
{"level":"info","event":"action","runId":"ee418265-abc2-43ce-8d39-1202c2a25c08","type":"fetch","rationale":"Inspect an already-known source before another generic query","step":1,"t":"2026-09-17T18:08:28.738Z"}
{"level":"info","event":"action","runId":"ee418265-abc2-43ce-8d39-1202c2a25c08","type":"fetch","rationale":"Inspect an already-known source before another generic query","step":2,"t":"2026-09-17T18:08:28.750Z"}
{"level":"info","event":"action","runId":"ee418265-abc2-43ce-8d39-1202c2a25c08","type":"fetch","rationale":"Inspect an already-known source before another generic query","step":3,"t":"2026-09-17T18:08:28.762Z"}
{"level":"info","event":"action","runId":"ee418265-abc2-43ce-8d39-1202c2a25c08","type":"challenge","rationale":"Disconfirm material conclusion: A primary source that directly contradicts this conclusion.","step":4,"t":"2026-09-17T18:08:28.778Z"}
{"level":"info","event":"action","runId":"ee418265-abc2-43ce-8d39-1202c2a25c08","type":"challenge","rationale":"No counterexample found in accessed primary sources. This is not proof that the conclusion is true.","step":5,"t":"2026-09-17T18:08:28.790Z"}
{"level":"info","event":"action","runId":"ee418265-abc2-43ce-8d39-1202c2a25c08","type":"synthesize","rationale":"decision_critical_gaps_resolved_or_unresolvable; high-impact claims supported or qualified; contradictions handled; remaining actions low expected value","step":6,"t":"2026-09-17T18:08:28.799Z"}
{"level":"info","event":"action","runId":"2246e85f-528a-493f-a21f-04f14096b204","type":"search","rationale":"Investigate an uncovered required question","step":0,"t":"2026-09-17T18:08:29.046Z"}
{"level":"info","event":"action","runId":"2246e85f-528a-493f-a21f-04f14096b204","type":"fetch","rationale":"Inspect an already-known source before another generic query","step":1,"t":"2026-09-17T18:08:29.060Z"}
{"level":"info","event":"action","runId":"2246e85f-528a-493f-a21f-04f14096b204","type":"fetch","rationale":"Inspect an already-known source before another generic query","step":2,"t":"2026-09-17T18:08:29.073Z"}
{"level":"info","event":"action","runId":"2246e85f-528a-493f-a21f-04f14096b204","type":"fetch","rationale":"Inspect an already-known source before another generic query","step":3,"t":"2026-09-17T18:08:29.087Z"}
{"level":"info","event":"action","runId":"2246e85f-528a-493f-a21f-04f14096b204","type":"challenge","rationale":"Disconfirm material conclusion: A hard-constraint violation for a candidate currently marked eligible.","step":4,"t":"2026-09-17T18:08:29.100Z"}
{"level":"info","event":"action","runId":"2246e85f-528a-493f-a21f-04f14096b204","type":"challenge","rationale":"No counterexample found in accessed primary sources. This is not proof that the conclusion is true.","step":5,"t":"2026-09-17T18:08:29.111Z"}
{"level":"info","event":"action","runId":"2246e85f-528a-493f-a21f-04f14096b204","type":"synthesize","rationale":"decision_critical_gaps_resolved_or_unresolvable; high-impact claims supported or qualified; contradictions handled; remaining actions low expected value","step":6,"t":"2026-09-17T18:08:29.121Z"}
{"level":"info","event":"action","runId":"7d420859-7a84-4756-9628-be1825fbaa44","type":"challenge","rationale":"Disconfirm material conclusion: A primary source that directly contradicts this conclusion.","step":0,"t":"2026-09-17T18:08:29.558Z"}
{"level":"info","event":"action","runId":"7d420859-7a84-4756-9628-be1825fbaa44","type":"fetch","rationale":"Inspect an already-known source before another generic query","step":1,"t":"2026-09-17T18:08:29.581Z"}
{"level":"info","event":"action","runId":"7d420859-7a84-4756-9628-be1825fbaa44","type":"fetch","rationale":"Inspect an already-known source before another generic query","step":2,"t":"2026-09-17T18:08:29.595Z"}
{"level":"info","event":"action","runId":"7d420859-7a84-4756-9628-be1825fbaa44","type":"fetch","rationale":"Inspect an already-known source before another generic query","step":3,"t":"2026-09-17T18:08:29.610Z"}
{"level":"info","event":"action","runId":"7d420859-7a84-4756-9628-be1825fbaa44","type":"challenge","rationale":"No counterexample found in accessed primary sources. This is not proof that the conclusion is true.","step":4,"t":"2026-09-17T18:08:29.629Z"}
{"level":"info","event":"action","runId":"7d420859-7a84-4756-9628-be1825fbaa44","type":"synthesize","rationale":"decision_critical_gaps_resolved_or_unresolvable; high-impact claims supported or qualified; contradictions handled; remaining actions low expected value","step":5,"t":"2026-09-17T18:08:29.641Z"}
{"level":"info","event":"action","runId":"29f958d8-a63b-4cfa-a9ad-d762ac1f6684","type":"search","rationale":"Investigate an uncovered required question","step":0,"t":"2026-09-17T18:08:30.066Z"}
{"level":"info","event":"action","runId":"29f958d8-a63b-4cfa-a9ad-d762ac1f6684","type":"fetch","rationale":"Inspect an already-known source before another generic query","step":1,"t":"2026-09-17T18:08:30.084Z"}
{"level":"info","event":"action","runId":"29f958d8-a63b-4cfa-a9ad-d762ac1f6684","type":"fetch","rationale":"Inspect an already-known source before another generic query","step":2,"t":"2026-09-17T18:08:30.097Z"}
{"level":"info","event":"action","runId":"29f958d8-a63b-4cfa-a9ad-d762ac1f6684","type":"fetch","rationale":"Inspect an already-known source before another generic query","step":3,"t":"2026-09-17T18:08:30.112Z"}
{"level":"info","event":"action","runId":"29f958d8-a63b-4cfa-a9ad-d762ac1f6684","type":"fetch","rationale":"Inspect an already-known source before another generic query","step":4,"t":"2026-09-17T18:08:30.123Z"}
{"level":"info","event":"action","runId":"29f958d8-a63b-4cfa-a9ad-d762ac1f6684","type":"fetch","rationale":"Inspect an already-known source before another generic query","step":5,"t":"2026-09-17T18:08:30.134Z"}
{"level":"info","event":"action","runId":"29f958d8-a63b-4cfa-a9ad-d762ac1f6684","type":"challenge","rationale":"Disconfirm material conclusion: A primary source that directly contradicts this conclusion.","step":6,"t":"2026-09-17T18:08:30.146Z"}
{"level":"info","event":"action","runId":"29f958d8-a63b-4cfa-a9ad-d762ac1f6684","type":"challenge","rationale":"No counterexample found in accessed primary sources. This is not proof that the conclusion is true.","step":7,"t":"2026-09-17T18:08:30.157Z"}
{"level":"info","event":"action","runId":"29f958d8-a63b-4cfa-a9ad-d762ac1f6684","type":"synthesize","rationale":"decision_critical_gaps_resolved_or_unresolvable; high-impact claims supported or qualified; contradictions handled; remaining actions low expected value","step":8,"t":"2026-09-17T18:08:30.166Z"}
 ✓ test/p0-smoke.integration.test.ts (16 tests) 8964ms
   ✓ P0 smoke against shipped API/worker/postgres > R01 already-known constraint is stored and not re-asked  777ms
   ✓ P0 smoke against shipped API/worker/postgres > R04 false premise is reported and not invented  531ms
   ✓ P0 smoke against shipped API/worker/postgres > R05 source duplication clusters five reprints as one origin  561ms
   ✓ P0 smoke against shipped API/worker/postgres > R09 justified pivot opens a population-relevant source  623ms
   ✓ P0 smoke against shipped API/worker/postgres > R13 diminishing returns stops instead of exhausting a quota  490ms
   ✓ P0 smoke against shipped API/worker/postgres > E01 unknown citation ID blocks publication  699ms
   ✓ P0 smoke against shipped API/worker/postgres > E02 non-supporting citation is flagged  772ms
   ✓ P0 smoke against shipped API/worker/postgres > J01 double tap with the same idempotency key creates one run  378ms
   ✓ P0 smoke against shipped API/worker/postgres > J03 crash after fetch recovers evidence without double settlement  609ms
   ✓ P0 smoke against shipped API/worker/postgres > J05 / V2-07 cancel during writing rejects late publication  312ms
   ✓ P0 smoke against shipped API/worker/postgres > S01 prompt injection cannot authorize tools or reveal keys  447ms
   ✓ P0 smoke against shipped API/worker/postgres > S09 deletion during run purges derived text and blocks resurrection  355ms
   ✓ P0 smoke against shipped API/worker/postgres > V2-08 stale worker lease cannot publish  310ms
   ✓ P0 smoke against shipped API/worker/postgres > correction reopens discovery when a hard budget constraint is relaxed  826ms
   ✓ P0 smoke against shipped API/worker/postgres > S05 private attachment canary is not copied into a public search query  527ms
   ✓ P0 smoke against shipped API/worker/postgres > GET events and report citations resolve to stored evidence IDs  512ms
{"level":"info","event":"action","runId":"49592549-3d74-4c4b-bec2-09c8a3253f86","type":"search","rationale":"Investigate an uncovered required question","step":0,"t":"2026-09-17T18:08:31.638Z"}
{"level":"info","event":"action","runId":"49592549-3d74-4c4b-bec2-09c8a3253f86","type":"fetch","rationale":"Inspect an already-known source before another generic query","step":1,"t":"2026-09-17T18:08:31.680Z"}
{"level":"info","event":"action","runId":"49592549-3d74-4c4b-bec2-09c8a3253f86","type":"fetch","rationale":"Inspect an already-known source before another generic query","step":2,"t":"2026-09-17T18:08:31.700Z"}
{"level":"info","event":"action","runId":"49592549-3d74-4c4b-bec2-09c8a3253f86","type":"fetch","rationale":"Inspect an already-known source before another generic query","step":3,"t":"2026-09-17T18:08:31.718Z"}
{"level":"info","event":"action","runId":"49592549-3d74-4c4b-bec2-09c8a3253f86","type":"fetch","rationale":"Inspect an already-known source before another generic query","step":4,"t":"2026-09-17T18:08:31.737Z"}
{"level":"info","event":"action","runId":"49592549-3d74-4c4b-bec2-09c8a3253f86","type":"fetch","rationale":"Inspect an already-known source before another generic query","step":5,"t":"2026-09-17T18:08:31.754Z"}
{"level":"info","event":"action","runId":"49592549-3d74-4c4b-bec2-09c8a3253f86","type":"challenge","rationale":"Disconfirm material conclusion: A primary source that directly contradicts this conclusion.","step":6,"t":"2026-09-17T18:08:31.775Z"}
{"level":"info","event":"action","runId":"49592549-3d74-4c4b-bec2-09c8a3253f86","type":"challenge","rationale":"No counterexample found in accessed primary sources. This is not proof that the conclusion is true.","step":7,"t":"2026-09-17T18:08:31.796Z"}
{"level":"info","event":"action","runId":"49592549-3d74-4c4b-bec2-09c8a3253f86","type":"synthesize","rationale":"decision_critical_gaps_resolved_or_unresolvable; high-impact claims supported or qualified; contradictions handled; remaining actions low expected value","step":8,"t":"2026-09-17T18:08:31.815Z"}
{"level":"info","event":"action","runId":"b37bd8c2-d402-4670-99fc-c479cd604020","type":"challenge","rationale":"Disconfirm material conclusion: A primary source that directly contradicts this conclusion.","step":0,"t":"2026-09-17T18:08:32.523Z"}
{"level":"info","event":"action","runId":"b37bd8c2-d402-4670-99fc-c479cd604020","type":"fetch","rationale":"Inspect an already-known source before another generic query","step":1,"t":"2026-09-17T18:08:32.548Z"}
{"level":"info","event":"action","runId":"b37bd8c2-d402-4670-99fc-c479cd604020","type":"fetch","rationale":"Inspect an already-known source before another generic query","step":2,"t":"2026-09-17T18:08:32.564Z"}
{"level":"info","event":"action","runId":"b37bd8c2-d402-4670-99fc-c479cd604020","type":"fetch","rationale":"Inspect an already-known source before another generic query","step":3,"t":"2026-09-17T18:08:32.580Z"}
{"level":"info","event":"action","runId":"b37bd8c2-d402-4670-99fc-c479cd604020","type":"challenge","rationale":"No counterexample found in accessed primary sources. This is not proof that the conclusion is true.","step":4,"t":"2026-09-17T18:08:32.600Z"}
{"level":"info","event":"action","runId":"b37bd8c2-d402-4670-99fc-c479cd604020","type":"synthesize","rationale":"decision_critical_gaps_resolved_or_unresolvable; high-impact claims supported or qualified; contradictions handled; remaining actions low expected value","step":5,"t":"2026-09-17T18:08:32.613Z"}
{"level":"info","event":"action","runId":"06504e86-9418-42c6-ac9d-539bd16a2ce4","type":"search","rationale":"Investigate an uncovered required question","step":0,"t":"2026-09-17T18:08:33.299Z"}
{"level":"info","event":"action","runId":"06504e86-9418-42c6-ac9d-539bd16a2ce4","type":"fetch","rationale":"Inspect an already-known source before another generic query","step":1,"t":"2026-09-17T18:08:33.326Z"}
{"level":"info","event":"action","runId":"06504e86-9418-42c6-ac9d-539bd16a2ce4","type":"fetch","rationale":"Inspect an already-known source before another generic query","step":2,"t":"2026-09-17T18:08:33.342Z"}
{"level":"info","event":"action","runId":"06504e86-9418-42c6-ac9d-539bd16a2ce4","type":"fetch","rationale":"Inspect an already-known source before another generic query","step":3,"t":"2026-09-17T18:08:33.357Z"}
{"level":"info","event":"action","runId":"06504e86-9418-42c6-ac9d-539bd16a2ce4","type":"challenge","rationale":"Disconfirm material conclusion: A primary source that directly contradicts this conclusion.","step":4,"t":"2026-09-17T18:08:33.380Z"}
{"level":"info","event":"action","runId":"06504e86-9418-42c6-ac9d-539bd16a2ce4","type":"challenge","rationale":"No counterexample found in accessed primary sources. This is not proof that the conclusion is true.","step":5,"t":"2026-09-17T18:08:33.396Z"}
{"level":"info","event":"action","runId":"06504e86-9418-42c6-ac9d-539bd16a2ce4","type":"synthesize","rationale":"decision_critical_gaps_resolved_or_unresolvable; high-impact claims supported or qualified; contradictions handled; remaining actions low expected value","step":6,"t":"2026-09-17T18:08:33.408Z"}
{"level":"info","event":"action","runId":"a9347ec5-3459-47f1-bf40-a6ab196c5971","type":"challenge","rationale":"Disconfirm material conclusion: A primary source that directly contradicts this conclusion.","step":0,"t":"2026-09-17T18:08:33.870Z"}
{"level":"info","event":"action","runId":"a9347ec5-3459-47f1-bf40-a6ab196c5971","type":"fetch","rationale":"Inspect an already-known source before another generic query","step":1,"t":"2026-09-17T18:08:33.892Z"}
{"level":"info","event":"action","runId":"a9347ec5-3459-47f1-bf40-a6ab196c5971","type":"fetch","rationale":"Inspect an already-known source before another generic query","step":2,"t":"2026-09-17T18:08:33.906Z"}
{"level":"info","event":"action","runId":"a9347ec5-3459-47f1-bf40-a6ab196c5971","type":"fetch","rationale":"Inspect an already-known source before another generic query","step":3,"t":"2026-09-17T18:08:33.920Z"}
{"level":"info","event":"action","runId":"a9347ec5-3459-47f1-bf40-a6ab196c5971","type":"challenge","rationale":"No counterexample found in accessed primary sources. This is not proof that the conclusion is true.","step":4,"t":"2026-09-17T18:08:33.939Z"}
{"level":"info","event":"action","runId":"a9347ec5-3459-47f1-bf40-a6ab196c5971","type":"synthesize","rationale":"decision_critical_gaps_resolved_or_unresolvable; high-impact claims supported or qualified; contradictions handled; remaining actions low expected value","step":5,"t":"2026-09-17T18:08:33.952Z"}
{"level":"info","event":"action","runId":"938c2888-edb0-4e8d-bd6b-6228bf3931f8","type":"search","rationale":"Investigate an uncovered required question","step":0,"t":"2026-09-17T18:08:34.345Z"}
{"level":"info","event":"action","runId":"938c2888-edb0-4e8d-bd6b-6228bf3931f8","type":"fetch","rationale":"Inspect an already-known source before another generic query","step":1,"t":"2026-09-17T18:08:34.366Z"}
{"level":"info","event":"action","runId":"938c2888-edb0-4e8d-bd6b-6228bf3931f8","type":"fetch","rationale":"Inspect an already-known source before another generic query","step":2,"t":"2026-09-17T18:08:34.378Z"}
{"level":"info","event":"action","runId":"938c2888-edb0-4e8d-bd6b-6228bf3931f8","type":"fetch","rationale":"Inspect an already-known source before another generic query","step":3,"t":"2026-09-17T18:08:34.390Z"}
{"level":"info","event":"action","runId":"938c2888-edb0-4e8d-bd6b-6228bf3931f8","type":"challenge","rationale":"Disconfirm material conclusion: A primary source that directly contradicts this conclusion.","step":4,"t":"2026-09-17T18:08:34.403Z"}
{"level":"info","event":"action","runId":"938c2888-edb0-4e8d-bd6b-6228bf3931f8","type":"challenge","rationale":"No counterexample found in accessed primary sources. This is not proof that the conclusion is true.","step":5,"t":"2026-09-17T18:08:34.417Z"}
{"level":"info","event":"action","runId":"938c2888-edb0-4e8d-bd6b-6228bf3931f8","type":"synthesize","rationale":"decision_critical_gaps_resolved_or_unresolvable; high-impact claims supported or qualified; contradictions handled; remaining actions low expected value","step":6,"t":"2026-09-17T18:08:34.427Z"}
{"level":"info","event":"action","runId":"864e5f43-daac-436f-852a-62a347b39f5a","type":"search","rationale":"Investigate an uncovered required question","step":0,"t":"2026-09-17T18:08:34.650Z"}
{"level":"info","event":"action","runId":"864e5f43-daac-436f-852a-62a347b39f5a","type":"fetch","rationale":"Inspect an already-known source before another generic query","step":1,"t":"2026-09-17T18:08:34.667Z"}
{"level":"info","event":"action","runId":"864e5f43-daac-436f-852a-62a347b39f5a","type":"fetch","rationale":"Inspect an already-known source before another generic query","step":2,"t":"2026-09-17T18:08:34.679Z"}
{"level":"info","event":"action","runId":"864e5f43-daac-436f-852a-62a347b39f5a","type":"fetch","rationale":"Inspect an already-known source before another generic query","step":3,"t":"2026-09-17T18:08:34.692Z"}
{"level":"info","event":"action","runId":"864e5f43-daac-436f-852a-62a347b39f5a","type":"fetch","rationale":"Inspect an already-known source before another generic query","step":4,"t":"2026-09-17T18:08:34.704Z"}
{"level":"info","event":"action","runId":"864e5f43-daac-436f-852a-62a347b39f5a","type":"fetch","rationale":"Inspect an already-known source before another generic query","step":5,"t":"2026-09-17T18:08:34.720Z"}
{"level":"info","event":"action","runId":"864e5f43-daac-436f-852a-62a347b39f5a","type":"challenge","rationale":"Disconfirm material conclusion: A primary source that directly contradicts this conclusion.","step":6,"t":"2026-09-17T18:08:34.733Z"}
{"level":"info","event":"action","runId":"864e5f43-daac-436f-852a-62a347b39f5a","type":"challenge","rationale":"No counterexample found in accessed primary sources. This is not proof that the conclusion is true.","step":7,"t":"2026-09-17T18:08:34.748Z"}
{"level":"info","event":"action","runId":"864e5f43-daac-436f-852a-62a347b39f5a","type":"synthesize","rationale":"decision_critical_gaps_resolved_or_unresolvable; high-impact claims supported or qualified; contradictions handled; remaining actions low expected value","step":8,"t":"2026-09-17T18:08:34.761Z"}
{"level":"info","event":"action","runId":"6170f68e-f6c4-446c-970a-8a677fb73f35","type":"search","rationale":"Investigate an uncovered required question","step":0,"t":"2026-09-17T18:08:35.199Z"}
{"level":"info","event":"action","runId":"6170f68e-f6c4-446c-970a-8a677fb73f35","type":"fetch","rationale":"Inspect an already-known source before another generic query","step":1,"t":"2026-09-17T18:08:35.221Z"}
{"level":"info","event":"action","runId":"6170f68e-f6c4-446c-970a-8a677fb73f35","type":"fetch","rationale":"Inspect an already-known source before another generic query","step":2,"t":"2026-09-17T18:08:35.236Z"}
{"level":"info","event":"action","runId":"6170f68e-f6c4-446c-970a-8a677fb73f35","type":"fetch","rationale":"Inspect an already-known source before another generic query","step":3,"t":"2026-09-17T18:08:35.247Z"}
{"level":"info","event":"action","runId":"6170f68e-f6c4-446c-970a-8a677fb73f35","type":"fetch","rationale":"Inspect an already-known source before another generic query","step":4,"t":"2026-09-17T18:08:35.261Z"}
{"level":"info","event":"action","runId":"6170f68e-f6c4-446c-970a-8a677fb73f35","type":"fetch","rationale":"Inspect an already-known source before another generic query","step":5,"t":"2026-09-17T18:08:35.272Z"}
{"level":"info","event":"action","runId":"6170f68e-f6c4-446c-970a-8a677fb73f35","type":"challenge","rationale":"Disconfirm material conclusion: A primary source that directly contradicts this conclusion.","step":6,"t":"2026-09-17T18:08:35.285Z"}
{"level":"info","event":"action","runId":"6170f68e-f6c4-446c-970a-8a677fb73f35","type":"challenge","rationale":"No counterexample found in accessed primary sources. This is not proof that the conclusion is true.","step":7,"t":"2026-09-17T18:08:35.298Z"}
{"level":"info","event":"action","runId":"6170f68e-f6c4-446c-970a-8a677fb73f35","type":"synthesize","rationale":"decision_critical_gaps_resolved_or_unresolvable; high-impact claims supported or qualified; contradictions handled; remaining actions low expected value","step":8,"t":"2026-09-17T18:08:35.311Z"}
{"level":"info","event":"action","runId":"679db2fd-91d6-4037-b825-641b8f4bc6f5","type":"search","rationale":"Investigate an uncovered required question","step":0,"t":"2026-09-17T18:08:35.727Z"}
{"level":"info","event":"action","runId":"679db2fd-91d6-4037-b825-641b8f4bc6f5","type":"fetch","rationale":"Inspect an already-known source before another generic query","step":1,"t":"2026-09-17T18:08:35.750Z"}
{"level":"info","event":"action","runId":"679db2fd-91d6-4037-b825-641b8f4bc6f5","type":"fetch","rationale":"Inspect an already-known source before another generic query","step":2,"t":"2026-09-17T18:08:35.762Z"}
{"level":"info","event":"action","runId":"679db2fd-91d6-4037-b825-641b8f4bc6f5","type":"fetch","rationale":"Inspect an already-known source before another generic query","step":3,"t":"2026-09-17T18:08:35.777Z"}
{"level":"info","event":"action","runId":"679db2fd-91d6-4037-b825-641b8f4bc6f5","type":"challenge","rationale":"Disconfirm material conclusion: A primary source that directly contradicts this conclusion.","step":4,"t":"2026-09-17T18:08:35.792Z"}
{"level":"info","event":"action","runId":"679db2fd-91d6-4037-b825-641b8f4bc6f5","type":"challenge","rationale":"No counterexample found in accessed primary sources. This is not proof that the conclusion is true.","step":5,"t":"2026-09-17T18:08:35.809Z"}
{"level":"info","event":"action","runId":"679db2fd-91d6-4037-b825-641b8f4bc6f5","type":"synthesize","rationale":"decision_critical_gaps_resolved_or_unresolvable; high-impact claims supported or qualified; contradictions handled; remaining actions low expected value","step":6,"t":"2026-09-17T18:08:35.820Z"}
{"level":"info","event":"action","runId":"996ddcc0-4c35-4b0a-839e-d46aeeb284b0","type":"search","rationale":"Investigate an uncovered required question","step":0,"t":"2026-09-17T18:08:36.087Z"}
{"level":"info","event":"action","runId":"996ddcc0-4c35-4b0a-839e-d46aeeb284b0","type":"fetch","rationale":"Inspect an already-known source before another generic query","step":1,"t":"2026-09-17T18:08:36.107Z"}
{"level":"info","event":"action","runId":"996ddcc0-4c35-4b0a-839e-d46aeeb284b0","type":"fetch","rationale":"Inspect an already-known source before another generic query","step":2,"t":"2026-09-17T18:08:36.119Z"}
{"level":"info","event":"action","runId":"996ddcc0-4c35-4b0a-839e-d46aeeb284b0","type":"fetch","rationale":"Inspect an already-known source before another generic query","step":3,"t":"2026-09-17T18:08:36.133Z"}
{"level":"info","event":"action","runId":"996ddcc0-4c35-4b0a-839e-d46aeeb284b0","type":"challenge","rationale":"Disconfirm material conclusion: A primary source that directly contradicts this conclusion.","step":4,"t":"2026-09-17T18:08:36.151Z"}
{"level":"info","event":"action","runId":"996ddcc0-4c35-4b0a-839e-d46aeeb284b0","type":"challenge","rationale":"No counterexample found in accessed primary sources. This is not proof that the conclusion is true.","step":5,"t":"2026-09-17T18:08:36.167Z"}
{"level":"info","event":"action","runId":"996ddcc0-4c35-4b0a-839e-d46aeeb284b0","type":"synthesize","rationale":"decision_critical_gaps_resolved_or_unresolvable; high-impact claims supported or qualified; contradictions handled; remaining actions low expected value","step":6,"t":"2026-09-17T18:08:36.178Z"}
 ✓ test/g01-g02.integration.test.ts (9 tests) 5275ms
   ✓ G01 safety policy > G01-cross-user: another account cannot read run, events, report, source, export, or mutate  946ms
   ✓ G01 safety policy > G01-private-to-public: attachment canary is stored as evidence and omitted from search queries  774ms
   ✓ G01 safety policy > G01-consent: missing, declined, and revoked consent cannot start or continue processing  580ms
   ✓ G01 safety policy > G01-deletion: derived text is purged and a late worker cannot resurrect it  572ms
   ✓ G02 engineering requirement > G02-unknown-citation: invented passage IDs cannot publish  414ms
   ✓ G02 engineering requirement > G02-lost-run: an accepted create remains recoverable from the server after the client drops state  526ms
   ✓ G02 engineering requirement > G02-duplicate-debit: replayed completion and idempotent create settle once  552ms
   ✓ G02 engineering requirement > G02-stale-revision: obsolete brief, evidence, or lease cannot publish  337ms
   ✓ G02 engineering requirement > G02-cancel-writing: cancel during writing rejects late publication  353ms
 ✓ test/v6-execution.integration.test.ts (22 tests) 1136ms
{"level":"info","event":"action","runId":"dda8e8f8-fc98-4b30-b155-6c5c713972f9","type":"search","rationale":"Investigate an uncovered required question","step":0,"t":"2026-09-17T18:08:39.002Z"}
{"level":"info","event":"action","runId":"dda8e8f8-fc98-4b30-b155-6c5c713972f9","type":"fetch","rationale":"Inspect an already-known source before another generic query","step":1,"t":"2026-09-17T18:08:39.035Z"}
{"level":"info","event":"action","runId":"dda8e8f8-fc98-4b30-b155-6c5c713972f9","type":"fetch","rationale":"Inspect an already-known source before another generic query","step":2,"t":"2026-09-17T18:08:39.054Z"}
{"level":"info","event":"action","runId":"dda8e8f8-fc98-4b30-b155-6c5c713972f9","type":"fetch","rationale":"Inspect an already-known source before another generic query","step":3,"t":"2026-09-17T18:08:39.071Z"}
{"level":"info","event":"action","runId":"dda8e8f8-fc98-4b30-b155-6c5c713972f9","type":"fetch","rationale":"Inspect an already-known source before another generic query","step":4,"t":"2026-09-17T18:08:39.088Z"}
{"level":"info","event":"action","runId":"dda8e8f8-fc98-4b30-b155-6c5c713972f9","type":"fetch","rationale":"Inspect an already-known source before another generic query","step":5,"t":"2026-09-17T18:08:39.108Z"}
{"level":"info","event":"action","runId":"dda8e8f8-fc98-4b30-b155-6c5c713972f9","type":"challenge","rationale":"Disconfirm material conclusion: A primary source that directly contradicts this conclusion.","step":6,"t":"2026-09-17T18:08:39.130Z"}
{"level":"info","event":"action","runId":"dda8e8f8-fc98-4b30-b155-6c5c713972f9","type":"challenge","rationale":"No counterexample found in accessed primary sources. This is not proof that the conclusion is true.","step":7,"t":"2026-09-17T18:08:39.150Z"}
{"level":"info","event":"action","runId":"dda8e8f8-fc98-4b30-b155-6c5c713972f9","type":"synthesize","rationale":"decision_critical_gaps_resolved_or_unresolvable; high-impact claims supported or qualified; contradictions handled; remaining actions low expected value","step":8,"t":"2026-09-17T18:08:39.165Z"}
{"level":"info","event":"action","runId":"64eadba4-0bf4-4bc1-805e-b6a1ff8711b0","type":"search","rationale":"Investigate an uncovered required question","step":0,"t":"2026-09-17T18:08:39.459Z"}
{"level":"info","event":"action","runId":"64eadba4-0bf4-4bc1-805e-b6a1ff8711b0","type":"fetch","rationale":"Inspect an already-known source before another generic query","step":1,"t":"2026-09-17T18:08:39.478Z"}
{"level":"info","event":"action","runId":"64eadba4-0bf4-4bc1-805e-b6a1ff8711b0","type":"fetch","rationale":"Inspect an already-known source before another generic query","step":2,"t":"2026-09-17T18:08:39.491Z"}
{"level":"info","event":"action","runId":"64eadba4-0bf4-4bc1-805e-b6a1ff8711b0","type":"fetch","rationale":"Inspect an already-known source before another generic query","step":3,"t":"2026-09-17T18:08:39.504Z"}
{"level":"info","event":"action","runId":"64eadba4-0bf4-4bc1-805e-b6a1ff8711b0","type":"fetch","rationale":"Inspect an already-known source before another generic query","step":4,"t":"2026-09-17T18:08:39.519Z"}
{"level":"info","event":"action","runId":"64eadba4-0bf4-4bc1-805e-b6a1ff8711b0","type":"fetch","rationale":"Inspect an already-known source before another generic query","step":5,"t":"2026-09-17T18:08:39.533Z"}
{"level":"info","event":"action","runId":"64eadba4-0bf4-4bc1-805e-b6a1ff8711b0","type":"challenge","rationale":"Disconfirm material conclusion: A primary source that directly contradicts this conclusion.","step":6,"t":"2026-09-17T18:08:39.548Z"}
{"level":"info","event":"action","runId":"64eadba4-0bf4-4bc1-805e-b6a1ff8711b0","type":"challenge","rationale":"No counterexample found in accessed primary sources. This is not proof that the conclusion is true.","step":7,"t":"2026-09-17T18:08:39.564Z"}
{"level":"info","event":"action","runId":"64eadba4-0bf4-4bc1-805e-b6a1ff8711b0","type":"synthesize","rationale":"decision_critical_gaps_resolved_or_unresolvable; high-impact claims supported or qualified; contradictions handled; remaining actions low expected value","step":8,"t":"2026-09-17T18:08:39.575Z"}
 ✓ test/g07-output.integration.test.ts (3 tests) 1725ms
   ✓ G07 / M10 in-app output reporting and privacy disclosure > M10 includeExcerpt stores owned answer text; omitting it stores no excerpt; other accounts are denied  1077ms
{"level":"info","event":"action","runId":"bd0ecdce-bc5e-487c-bb8c-61be0318cd6f","type":"search","rationale":"Investigate an uncovered required question","step":0,"t":"2026-09-17T18:08:41.015Z"}
{"level":"info","event":"action","runId":"bd0ecdce-bc5e-487c-bb8c-61be0318cd6f","type":"fetch","rationale":"Inspect an already-known source before another generic query","step":0,"t":"2026-09-17T18:08:41.078Z"}
{"level":"info","event":"action","runId":"bd0ecdce-bc5e-487c-bb8c-61be0318cd6f","type":"fetch","rationale":"Inspect an already-known source before another generic query","step":1,"t":"2026-09-17T18:08:41.097Z"}
{"level":"info","event":"action","runId":"bd0ecdce-bc5e-487c-bb8c-61be0318cd6f","type":"fetch","rationale":"Inspect an already-known source before another generic query","step":2,"t":"2026-09-17T18:08:41.114Z"}
{"level":"info","event":"action","runId":"bd0ecdce-bc5e-487c-bb8c-61be0318cd6f","type":"challenge","rationale":"Disconfirm material conclusion: A primary source that directly contradicts this conclusion.","step":3,"t":"2026-09-17T18:08:41.137Z"}
{"level":"info","event":"action","runId":"bd0ecdce-bc5e-487c-bb8c-61be0318cd6f","type":"challenge","rationale":"No counterexample found in accessed primary sources. This is not proof that the conclusion is true.","step":4,"t":"2026-09-17T18:08:41.160Z"}
{"level":"info","event":"action","runId":"bd0ecdce-bc5e-487c-bb8c-61be0318cd6f","type":"synthesize","rationale":"decision_critical_gaps_resolved_or_unresolvable; high-impact claims supported or qualified; contradictions handled; remaining actions low expected value","step":5,"t":"2026-09-17T18:08:41.180Z"}
{"level":"info","event":"action","runId":"75bba297-f157-4f4d-809a-57d91c55da59","type":"search","rationale":"Investigate an uncovered required question","step":0,"t":"2026-09-17T18:08:41.667Z"}
{"level":"info","event":"action","runId":"75bba297-f157-4f4d-809a-57d91c55da59","type":"fetch","rationale":"Inspect an already-known source before another generic query","step":1,"t":"2026-09-17T18:08:41.691Z"}
{"level":"info","event":"action","runId":"75bba297-f157-4f4d-809a-57d91c55da59","type":"fetch","rationale":"Inspect an already-known source before another generic query","step":2,"t":"2026-09-17T18:08:41.705Z"}
{"level":"info","event":"action","runId":"75bba297-f157-4f4d-809a-57d91c55da59","type":"fetch","rationale":"Inspect an already-known source before another generic query","step":3,"t":"2026-09-17T18:08:41.718Z"}
{"level":"info","event":"action","runId":"75bba297-f157-4f4d-809a-57d91c55da59","type":"challenge","rationale":"Disconfirm material conclusion: A primary source that directly contradicts this conclusion.","step":4,"t":"2026-09-17T18:08:41.734Z"}
{"level":"info","event":"action","runId":"75bba297-f157-4f4d-809a-57d91c55da59","type":"challenge","rationale":"No counterexample found in accessed primary sources. This is not proof that the conclusion is true.","step":5,"t":"2026-09-17T18:08:41.748Z"}
{"level":"info","event":"action","runId":"75bba297-f157-4f4d-809a-57d91c55da59","type":"synthesize","rationale":"decision_critical_gaps_resolved_or_unresolvable; high-impact claims supported or qualified; contradictions handled; remaining actions low expected value","step":6,"t":"2026-09-17T18:08:41.761Z"}
{"level":"info","event":"action","runId":"75bba297-f157-4f4d-809a-57d91c55da59","type":"synthesize","rationale":"decision_critical_gaps_resolved_or_unresolvable; high-impact claims supported or qualified; contradictions handled; remaining actions low expected value","step":0,"t":"2026-09-17T18:08:41.984Z"}
 ✓ test/p4-recovery.integration.test.ts (2 tests) 1717ms
   ✓ P4 recovery drill against shipped worker/Postgres > crash after fetch: evidence kept, live lease not stolen, expired lease recovered without double-settle  752ms
   ✓ P4 recovery drill against shipped worker/Postgres > crash before publish then expired-lease failover: one report and one settlement  773ms
{"level":"info","event":"action","runId":"fcde754b-6dd7-4d4a-8aab-a1c41fa97975","type":"challenge","rationale":"Disconfirm material conclusion: A primary source that directly contradicts this conclusion.","step":0,"t":"2026-09-17T18:08:42.994Z"}
{"level":"info","event":"action","runId":"fcde754b-6dd7-4d4a-8aab-a1c41fa97975","type":"fetch","rationale":"Inspect an already-known source before another generic query","step":1,"t":"2026-09-17T18:08:43.031Z"}
{"level":"info","event":"action","runId":"fcde754b-6dd7-4d4a-8aab-a1c41fa97975","type":"fetch","rationale":"Inspect an already-known source before another generic query","step":2,"t":"2026-09-17T18:08:43.050Z"}
{"level":"info","event":"action","runId":"fcde754b-6dd7-4d4a-8aab-a1c41fa97975","type":"fetch","rationale":"Inspect an already-known source before another generic query","step":3,"t":"2026-09-17T18:08:43.068Z"}
{"level":"info","event":"action","runId":"fcde754b-6dd7-4d4a-8aab-a1c41fa97975","type":"challenge","rationale":"Disconfirm material conclusion: A primary source that directly contradicts this conclusion.","step":4,"t":"2026-09-17T18:08:43.092Z"}
{"level":"info","event":"action","runId":"fcde754b-6dd7-4d4a-8aab-a1c41fa97975","type":"challenge","rationale":"Disconfirm material conclusion: A primary source that directly contradicts this conclusion.","step":5,"t":"2026-09-17T18:08:43.116Z"}
{"level":"info","event":"action","runId":"fcde754b-6dd7-4d4a-8aab-a1c41fa97975","type":"challenge","rationale":"Disconfirm material conclusion: A primary source that directly contradicts this conclusion.","step":6,"t":"2026-09-17T18:08:43.135Z"}
{"level":"info","event":"action","runId":"fcde754b-6dd7-4d4a-8aab-a1c41fa97975","type":"challenge","rationale":"Disconfirm material conclusion: A primary source that directly contradicts this conclusion.","step":7,"t":"2026-09-17T18:08:43.154Z"}
{"level":"info","event":"action","runId":"fcde754b-6dd7-4d4a-8aab-a1c41fa97975","type":"challenge","rationale":"Disconfirm material conclusion: A primary source that directly contradicts this conclusion.","step":8,"t":"2026-09-17T18:08:43.176Z"}
{"level":"info","event":"action","runId":"fcde754b-6dd7-4d4a-8aab-a1c41fa97975","type":"challenge","rationale":"Disconfirm material conclusion: A primary source that directly contradicts this conclusion.","step":9,"t":"2026-09-17T18:08:43.200Z"}
{"level":"info","event":"action","runId":"fcde754b-6dd7-4d4a-8aab-a1c41fa97975","type":"challenge","rationale":"Disconfirm material conclusion: A primary source that directly contradicts this conclusion.","step":10,"t":"2026-09-17T18:08:43.224Z"}
{"level":"info","event":"action","runId":"fcde754b-6dd7-4d4a-8aab-a1c41fa97975","type":"challenge","rationale":"No counterexample found in accessed primary sources. This is not proof that the conclusion is true.","step":11,"t":"2026-09-17T18:08:43.243Z"}
{"level":"info","event":"action","runId":"fcde754b-6dd7-4d4a-8aab-a1c41fa97975","type":"stop","rationale":"Repeated searches returned no novel source family or coverage progress","step":12,"t":"2026-09-17T18:08:43.259Z"}
{"level":"info","event":"action","runId":"b978ad94-e322-4675-9d5b-fe7b66d9c98e","type":"search","rationale":"Investigate an uncovered required question","step":0,"t":"2026-09-17T18:08:43.595Z"}
{"level":"info","event":"action","runId":"b978ad94-e322-4675-9d5b-fe7b66d9c98e","type":"fetch","rationale":"Inspect an already-known source before another generic query","step":1,"t":"2026-09-17T18:08:43.628Z"}
{"level":"info","event":"action","runId":"b978ad94-e322-4675-9d5b-fe7b66d9c98e","type":"fetch","rationale":"Inspect an already-known source before another generic query","step":2,"t":"2026-09-17T18:08:43.648Z"}
{"level":"info","event":"action","runId":"b978ad94-e322-4675-9d5b-fe7b66d9c98e","type":"fetch","rationale":"Inspect an already-known source before another generic query","step":3,"t":"2026-09-17T18:08:43.664Z"}
{"level":"info","event":"action","runId":"b978ad94-e322-4675-9d5b-fe7b66d9c98e","type":"challenge","rationale":"Disconfirm material conclusion: A primary source that directly contradicts this conclusion.","step":4,"t":"2026-09-17T18:08:43.685Z"}
{"level":"info","event":"action","runId":"b978ad94-e322-4675-9d5b-fe7b66d9c98e","type":"challenge","rationale":"No counterexample found in accessed primary sources. This is not proof that the conclusion is true.","step":5,"t":"2026-09-17T18:08:43.706Z"}
{"level":"info","event":"action","runId":"b978ad94-e322-4675-9d5b-fe7b66d9c98e","type":"synthesize","rationale":"decision_critical_gaps_resolved_or_unresolvable; high-impact claims supported or qualified; contradictions handled; remaining actions low expected value","step":6,"t":"2026-09-17T18:08:43.719Z"}
 ✓ test/v6-deletion.integration.test.ts (9 tests) 1411ms
   ✓ W03 deletion removes raw attachments and private text from every owned research store  576ms
   ✓ W03 a challenges request authenticated before deletion cannot restore private content  321ms
{"level":"info","event":"action","runId":"5415ad52-3e63-4167-9dee-1f0400db0268","type":"search","rationale":"Investigate an uncovered required question","step":0,"t":"2026-09-17T18:08:45.307Z"}
{"level":"info","event":"action","runId":"5415ad52-3e63-4167-9dee-1f0400db0268","type":"fetch","rationale":"Inspect an already-known source before another generic query","step":1,"t":"2026-09-17T18:08:45.343Z"}
{"level":"info","event":"action","runId":"5415ad52-3e63-4167-9dee-1f0400db0268","type":"fetch","rationale":"Inspect an already-known source before another generic query","step":2,"t":"2026-09-17T18:08:45.361Z"}
{"level":"info","event":"action","runId":"5415ad52-3e63-4167-9dee-1f0400db0268","type":"fetch","rationale":"Inspect an already-known source before another generic query","step":3,"t":"2026-09-17T18:08:45.378Z"}
{"level":"info","event":"action","runId":"5415ad52-3e63-4167-9dee-1f0400db0268","type":"challenge","rationale":"Disconfirm material conclusion: A primary source that directly contradicts this conclusion.","step":4,"t":"2026-09-17T18:08:45.404Z"}
{"level":"info","event":"action","runId":"5415ad52-3e63-4167-9dee-1f0400db0268","type":"challenge","rationale":"No counterexample found in accessed primary sources. This is not proof that the conclusion is true.","step":5,"t":"2026-09-17T18:08:45.423Z"}
{"level":"info","event":"action","runId":"5415ad52-3e63-4167-9dee-1f0400db0268","type":"synthesize","rationale":"decision_critical_gaps_resolved_or_unresolvable; high-impact claims supported or qualified; contradictions handled; remaining actions low expected value","step":6,"t":"2026-09-17T18:08:45.437Z"}
 ✓ test/g06-cost.integration.test.ts (2 tests) 1092ms
   ✓ G06 local capability probe and measured fixture cost > GET /v1/runs/:id/cost reconciles spent_micro to fixture intents and denies other accounts  641ms
 ✓ test/v6-publication.integration.test.ts (19 tests) 405ms
 ✓ test/v6-identity.integration.test.ts (3 tests) 396ms
 ✓ test/v6-upload.integration.test.ts (2 tests) 273ms
 ✓ test/v6-ingestion.integration.test.ts (1 test) 135ms
 ✓ test/pinned-http.integration.test.ts (3 tests) 92ms

 Test Files  15 passed (15)
      Tests  167 passed (167)
   Start at  12:06:49
   Duration  118.83s (transform 3.25s, setup 0ms, collect 8.86s, tests 105.25s, environment 5ms, prepare 1.66s)

