
> deep-research-mobile@0.1.0 test:integration /home/oranolio/Desktop/Deep
> pnpm --filter @deep/backend test:integration


> @deep/backend@0.1.0 test:integration /home/oranolio/Desktop/Deep/apps/backend
> vitest run --config vitest.integration.config.ts


 RUN  v3.2.7 /home/oranolio/Desktop/Deep/apps/backend

{"level":"info","event":"action","runId":"b30e554e-212a-4cdc-8a1a-de2c6bd040da","type":"search","rationale":"Investigate an uncovered required question","step":0,"t":"2026-09-17T15:58:21.695Z"}
{"level":"info","event":"action","runId":"b30e554e-212a-4cdc-8a1a-de2c6bd040da","type":"fetch","rationale":"Inspect an already-known source before another generic query","step":1,"t":"2026-09-17T15:58:21.755Z"}
{"level":"info","event":"action","runId":"b30e554e-212a-4cdc-8a1a-de2c6bd040da","type":"fetch","rationale":"Inspect an already-known source before another generic query","step":2,"t":"2026-09-17T15:58:21.785Z"}
{"level":"info","event":"action","runId":"b30e554e-212a-4cdc-8a1a-de2c6bd040da","type":"fetch","rationale":"Inspect an already-known source before another generic query","step":3,"t":"2026-09-17T15:58:21.814Z"}
{"level":"info","event":"action","runId":"b30e554e-212a-4cdc-8a1a-de2c6bd040da","type":"challenge","rationale":"Disconfirm material conclusion: A primary source that directly contradicts this conclusion.","step":4,"t":"2026-09-17T15:58:21.864Z"}
{"level":"info","event":"action","runId":"b30e554e-212a-4cdc-8a1a-de2c6bd040da","type":"challenge","rationale":"No counterexample found in accessed primary sources. This is not proof that the conclusion is true.","step":5,"t":"2026-09-17T15:58:21.888Z"}
{"level":"info","event":"action","runId":"b30e554e-212a-4cdc-8a1a-de2c6bd040da","type":"synthesize","rationale":"decision_critical_gaps_resolved_or_unresolvable; high-impact claims supported or qualified; contradictions handled; remaining actions low expected value","step":6,"t":"2026-09-17T15:58:21.914Z"}
{"level":"info","event":"action","runId":"2e4fe8db-4113-4f73-ba87-9f2e4c2cf46a","type":"search","rationale":"Investigate an uncovered required question","step":0,"t":"2026-09-17T15:58:22.678Z"}
{"level":"info","event":"action","runId":"2e4fe8db-4113-4f73-ba87-9f2e4c2cf46a","type":"fetch","rationale":"Inspect an already-known source before another generic query","step":1,"t":"2026-09-17T15:58:22.708Z"}
{"level":"info","event":"action","runId":"2e4fe8db-4113-4f73-ba87-9f2e4c2cf46a","type":"fetch","rationale":"Inspect an already-known source before another generic query","step":2,"t":"2026-09-17T15:58:22.742Z"}
{"level":"info","event":"action","runId":"2e4fe8db-4113-4f73-ba87-9f2e4c2cf46a","type":"challenge","rationale":"Disconfirm material conclusion: A primary source that directly contradicts this conclusion.","step":3,"t":"2026-09-17T15:58:22.778Z"}
{"level":"info","event":"action","runId":"2e4fe8db-4113-4f73-ba87-9f2e4c2cf46a","type":"challenge","rationale":"No counterexample found in accessed primary sources. This is not proof that the conclusion is true.","step":4,"t":"2026-09-17T15:58:22.798Z"}
{"level":"info","event":"action","runId":"2e4fe8db-4113-4f73-ba87-9f2e4c2cf46a","type":"synthesize","rationale":"decision_critical_gaps_resolved_or_unresolvable; high-impact claims supported or qualified; contradictions handled; remaining actions low expected value","step":5,"t":"2026-09-17T15:58:22.817Z"}
{"level":"info","event":"action","runId":"dcad66f0-545b-4e4d-935a-acf9b1ebcb7e","type":"search","rationale":"Investigate an uncovered required question","step":0,"t":"2026-09-17T15:58:23.450Z"}
{"level":"info","event":"action","runId":"dcad66f0-545b-4e4d-935a-acf9b1ebcb7e","type":"fetch","rationale":"Inspect an already-known source before another generic query","step":1,"t":"2026-09-17T15:58:23.484Z"}
{"level":"info","event":"action","runId":"dcad66f0-545b-4e4d-935a-acf9b1ebcb7e","type":"fetch","rationale":"Inspect an already-known source before another generic query","step":2,"t":"2026-09-17T15:58:23.507Z"}
{"level":"info","event":"action","runId":"dcad66f0-545b-4e4d-935a-acf9b1ebcb7e","type":"fetch","rationale":"Inspect an already-known source before another generic query","step":3,"t":"2026-09-17T15:58:23.543Z"}
{"level":"info","event":"action","runId":"dcad66f0-545b-4e4d-935a-acf9b1ebcb7e","type":"challenge","rationale":"Disconfirm material conclusion: A primary source that directly contradicts this conclusion.","step":4,"t":"2026-09-17T15:58:23.574Z"}
{"level":"info","event":"action","runId":"dcad66f0-545b-4e4d-935a-acf9b1ebcb7e","type":"challenge","rationale":"No counterexample found in accessed primary sources. This is not proof that the conclusion is true.","step":5,"t":"2026-09-17T15:58:23.604Z"}
{"level":"info","event":"action","runId":"dcad66f0-545b-4e4d-935a-acf9b1ebcb7e","type":"synthesize","rationale":"decision_critical_gaps_resolved_or_unresolvable; high-impact claims supported or qualified; contradictions handled; remaining actions low expected value","step":6,"t":"2026-09-17T15:58:23.639Z"}
{"level":"info","event":"action","runId":"b7718d96-b787-4e13-8936-b41db2bc48a5","type":"search","rationale":"Investigate an uncovered required question","step":0,"t":"2026-09-17T15:58:24.274Z"}
{"level":"info","event":"action","runId":"b7718d96-b787-4e13-8936-b41db2bc48a5","type":"fetch","rationale":"Inspect an already-known source before another generic query","step":1,"t":"2026-09-17T15:58:24.301Z"}
{"level":"info","event":"action","runId":"b7718d96-b787-4e13-8936-b41db2bc48a5","type":"fetch","rationale":"Inspect an already-known source before another generic query","step":2,"t":"2026-09-17T15:58:24.333Z"}
{"level":"info","event":"action","runId":"b7718d96-b787-4e13-8936-b41db2bc48a5","type":"challenge","rationale":"Disconfirm material conclusion: A primary source that directly contradicts this conclusion.","step":3,"t":"2026-09-17T15:58:24.352Z"}
{"level":"info","event":"action","runId":"b7718d96-b787-4e13-8936-b41db2bc48a5","type":"challenge","rationale":"No counterexample found in accessed primary sources. This is not proof that the conclusion is true.","step":4,"t":"2026-09-17T15:58:24.377Z"}
{"level":"info","event":"action","runId":"b7718d96-b787-4e13-8936-b41db2bc48a5","type":"synthesize","rationale":"decision_critical_gaps_resolved_or_unresolvable; high-impact claims supported or qualified; contradictions handled; remaining actions low expected value","step":5,"t":"2026-09-17T15:58:24.408Z"}
{"level":"info","event":"action","runId":"145fb25e-ef81-448b-a2b3-3937227d94db","type":"search","rationale":"Investigate an uncovered required question","step":0,"t":"2026-09-17T15:58:24.977Z"}
{"level":"info","event":"action","runId":"145fb25e-ef81-448b-a2b3-3937227d94db","type":"fetch","rationale":"Inspect an already-known source before another generic query","step":1,"t":"2026-09-17T15:58:25.001Z"}
{"level":"info","event":"action","runId":"145fb25e-ef81-448b-a2b3-3937227d94db","type":"challenge","rationale":"Disconfirm material conclusion: A primary source that directly contradicts this conclusion.","step":2,"t":"2026-09-17T15:58:25.019Z"}
{"level":"info","event":"action","runId":"145fb25e-ef81-448b-a2b3-3937227d94db","type":"challenge","rationale":"No counterexample found in accessed primary sources. This is not proof that the conclusion is true.","step":3,"t":"2026-09-17T15:58:25.040Z"}
{"level":"info","event":"action","runId":"145fb25e-ef81-448b-a2b3-3937227d94db","type":"synthesize","rationale":"decision_critical_gaps_resolved_or_unresolvable; high-impact claims supported or qualified; contradictions handled; remaining actions low expected value","step":4,"t":"2026-09-17T15:58:25.053Z"}
{"level":"info","event":"action","runId":"a3c4478f-7914-4159-bf14-037abf628c34","type":"search","rationale":"Investigate an uncovered required question","step":0,"t":"2026-09-17T15:58:25.607Z"}
{"level":"info","event":"action","runId":"a3c4478f-7914-4159-bf14-037abf628c34","type":"fetch","rationale":"Inspect an already-known source before another generic query","step":1,"t":"2026-09-17T15:58:25.647Z"}
{"level":"info","event":"action","runId":"a3c4478f-7914-4159-bf14-037abf628c34","type":"fetch","rationale":"Inspect an already-known source before another generic query","step":2,"t":"2026-09-17T15:58:25.672Z"}
{"level":"info","event":"action","runId":"a3c4478f-7914-4159-bf14-037abf628c34","type":"fetch","rationale":"Inspect an already-known source before another generic query","step":3,"t":"2026-09-17T15:58:25.689Z"}
{"level":"info","event":"action","runId":"a3c4478f-7914-4159-bf14-037abf628c34","type":"challenge","rationale":"Disconfirm material conclusion: A primary source that directly contradicts this conclusion.","step":4,"t":"2026-09-17T15:58:25.715Z"}
{"level":"info","event":"action","runId":"a3c4478f-7914-4159-bf14-037abf628c34","type":"challenge","rationale":"No counterexample found in accessed primary sources. This is not proof that the conclusion is true.","step":5,"t":"2026-09-17T15:58:25.747Z"}
{"level":"info","event":"action","runId":"a3c4478f-7914-4159-bf14-037abf628c34","type":"synthesize","rationale":"decision_critical_gaps_resolved_or_unresolvable; high-impact claims supported or qualified; contradictions handled; remaining actions low expected value","step":6,"t":"2026-09-17T15:58:25.761Z"}
{"level":"info","event":"action","runId":"d11284bc-fa98-49b5-be74-7d485afa03c0","type":"search","rationale":"Investigate an uncovered required question","step":0,"t":"2026-09-17T15:58:26.376Z"}
{"level":"info","event":"action","runId":"d11284bc-fa98-49b5-be74-7d485afa03c0","type":"fetch","rationale":"Inspect an already-known source before another generic query","step":1,"t":"2026-09-17T15:58:26.417Z"}
{"level":"info","event":"action","runId":"d11284bc-fa98-49b5-be74-7d485afa03c0","type":"fetch","rationale":"Inspect an already-known source before another generic query","step":2,"t":"2026-09-17T15:58:26.448Z"}
{"level":"info","event":"action","runId":"d11284bc-fa98-49b5-be74-7d485afa03c0","type":"fetch","rationale":"Inspect an already-known source before another generic query","step":3,"t":"2026-09-17T15:58:26.472Z"}
{"level":"info","event":"action","runId":"d11284bc-fa98-49b5-be74-7d485afa03c0","type":"fetch","rationale":"Inspect an already-known source before another generic query","step":4,"t":"2026-09-17T15:58:26.498Z"}
{"level":"info","event":"action","runId":"d11284bc-fa98-49b5-be74-7d485afa03c0","type":"fetch","rationale":"Inspect an already-known source before another generic query","step":5,"t":"2026-09-17T15:58:26.521Z"}
{"level":"info","event":"action","runId":"d11284bc-fa98-49b5-be74-7d485afa03c0","type":"challenge","rationale":"Disconfirm material conclusion: A primary source that directly contradicts this conclusion.","step":6,"t":"2026-09-17T15:58:26.543Z"}
{"level":"info","event":"action","runId":"d11284bc-fa98-49b5-be74-7d485afa03c0","type":"challenge","rationale":"No counterexample found in accessed primary sources. This is not proof that the conclusion is true.","step":7,"t":"2026-09-17T15:58:26.575Z"}
{"level":"info","event":"action","runId":"d11284bc-fa98-49b5-be74-7d485afa03c0","type":"synthesize","rationale":"decision_critical_gaps_resolved_or_unresolvable; high-impact claims supported or qualified; contradictions handled; remaining actions low expected value","step":8,"t":"2026-09-17T15:58:26.589Z"}
{"level":"info","event":"action","runId":"ff3efd30-d41c-4a1a-870e-9344aac2b09d","type":"challenge","rationale":"Disconfirm material conclusion: A primary source that directly contradicts this conclusion.","step":0,"t":"2026-09-17T15:58:27.230Z"}
{"level":"info","event":"action","runId":"ff3efd30-d41c-4a1a-870e-9344aac2b09d","type":"fetch","rationale":"Inspect an already-known source before another generic query","step":1,"t":"2026-09-17T15:58:27.272Z"}
{"level":"info","event":"action","runId":"ff3efd30-d41c-4a1a-870e-9344aac2b09d","type":"fetch","rationale":"Inspect an already-known source before another generic query","step":2,"t":"2026-09-17T15:58:27.294Z"}
{"level":"info","event":"action","runId":"ff3efd30-d41c-4a1a-870e-9344aac2b09d","type":"fetch","rationale":"Inspect an already-known source before another generic query","step":3,"t":"2026-09-17T15:58:27.320Z"}
{"level":"info","event":"action","runId":"ff3efd30-d41c-4a1a-870e-9344aac2b09d","type":"challenge","rationale":"No counterexample found in accessed primary sources. This is not proof that the conclusion is true.","step":4,"t":"2026-09-17T15:58:27.357Z"}
{"level":"info","event":"action","runId":"ff3efd30-d41c-4a1a-870e-9344aac2b09d","type":"synthesize","rationale":"decision_critical_gaps_resolved_or_unresolvable; high-impact claims supported or qualified; contradictions handled; remaining actions low expected value","step":5,"t":"2026-09-17T15:58:27.375Z"}
{"level":"info","event":"action","runId":"3109b501-c469-4892-927e-ee98922fdb0e","type":"search","rationale":"Investigate an uncovered required question","step":0,"t":"2026-09-17T15:58:28.024Z"}
{"level":"info","event":"action","runId":"3109b501-c469-4892-927e-ee98922fdb0e","type":"fetch","rationale":"Inspect an already-known source before another generic query","step":1,"t":"2026-09-17T15:58:28.067Z"}
{"level":"info","event":"action","runId":"3109b501-c469-4892-927e-ee98922fdb0e","type":"fetch","rationale":"Inspect an already-known source before another generic query","step":2,"t":"2026-09-17T15:58:28.097Z"}
{"level":"info","event":"action","runId":"3109b501-c469-4892-927e-ee98922fdb0e","type":"fetch","rationale":"Inspect an already-known source before another generic query","step":3,"t":"2026-09-17T15:58:28.121Z"}
{"level":"info","event":"action","runId":"3109b501-c469-4892-927e-ee98922fdb0e","type":"challenge","rationale":"Disconfirm material conclusion: A hard-constraint violation for a candidate currently marked eligible.","step":4,"t":"2026-09-17T15:58:28.146Z"}
{"level":"info","event":"action","runId":"3109b501-c469-4892-927e-ee98922fdb0e","type":"challenge","rationale":"No counterexample found in accessed primary sources. This is not proof that the conclusion is true.","step":5,"t":"2026-09-17T15:58:28.166Z"}
{"level":"info","event":"action","runId":"3109b501-c469-4892-927e-ee98922fdb0e","type":"synthesize","rationale":"decision_critical_gaps_resolved_or_unresolvable; high-impact claims supported or qualified; contradictions handled; remaining actions low expected value","step":6,"t":"2026-09-17T15:58:28.184Z"}
{"level":"info","event":"action","runId":"2994b7c6-490e-408b-8423-b3672e6422db","type":"search","rationale":"Investigate an uncovered required question","step":0,"t":"2026-09-17T15:58:28.815Z"}
{"level":"info","event":"action","runId":"2994b7c6-490e-408b-8423-b3672e6422db","type":"fetch","rationale":"Inspect an already-known source before another generic query","step":1,"t":"2026-09-17T15:58:28.846Z"}
{"level":"info","event":"action","runId":"2994b7c6-490e-408b-8423-b3672e6422db","type":"fetch","rationale":"Inspect an already-known source before another generic query","step":2,"t":"2026-09-17T15:58:28.885Z"}
{"level":"info","event":"action","runId":"2994b7c6-490e-408b-8423-b3672e6422db","type":"fetch","rationale":"Inspect an already-known source before another generic query","step":3,"t":"2026-09-17T15:58:28.923Z"}
{"level":"info","event":"action","runId":"2994b7c6-490e-408b-8423-b3672e6422db","type":"challenge","rationale":"Disconfirm material conclusion: A hard-constraint violation for a candidate currently marked eligible.","step":4,"t":"2026-09-17T15:58:28.964Z"}
{"level":"info","event":"action","runId":"2994b7c6-490e-408b-8423-b3672e6422db","type":"challenge","rationale":"No counterexample found in accessed primary sources. This is not proof that the conclusion is true.","step":5,"t":"2026-09-17T15:58:28.983Z"}
{"level":"info","event":"action","runId":"2994b7c6-490e-408b-8423-b3672e6422db","type":"synthesize","rationale":"decision_critical_gaps_resolved_or_unresolvable; high-impact claims supported or qualified; contradictions handled; remaining actions low expected value","step":6,"t":"2026-09-17T15:58:28.997Z"}
{"level":"info","event":"action","runId":"1d462c73-7de6-4a4d-ac3c-c8056b835e64","type":"search","rationale":"Investigate an uncovered required question","step":0,"t":"2026-09-17T15:58:29.332Z"}
{"level":"info","event":"action","runId":"1d462c73-7de6-4a4d-ac3c-c8056b835e64","type":"fetch","rationale":"Inspect an already-known source before another generic query","step":1,"t":"2026-09-17T15:58:29.367Z"}
{"level":"info","event":"action","runId":"1d462c73-7de6-4a4d-ac3c-c8056b835e64","type":"fetch","rationale":"Inspect an already-known source before another generic query","step":2,"t":"2026-09-17T15:58:29.386Z"}
{"level":"info","event":"action","runId":"1d462c73-7de6-4a4d-ac3c-c8056b835e64","type":"fetch","rationale":"Inspect an already-known source before another generic query","step":3,"t":"2026-09-17T15:58:29.403Z"}
{"level":"info","event":"action","runId":"1d462c73-7de6-4a4d-ac3c-c8056b835e64","type":"challenge","rationale":"Disconfirm material conclusion: A hard-constraint violation for a candidate currently marked eligible.","step":4,"t":"2026-09-17T15:58:29.425Z"}
{"level":"info","event":"action","runId":"1d462c73-7de6-4a4d-ac3c-c8056b835e64","type":"challenge","rationale":"Disconfirm material conclusion: A hard-constraint violation for a candidate currently marked eligible.","step":5,"t":"2026-09-17T15:58:29.448Z"}
{"level":"info","event":"action","runId":"1d462c73-7de6-4a4d-ac3c-c8056b835e64","type":"challenge","rationale":"Disconfirm material conclusion: A hard-constraint violation for a candidate currently marked eligible.","step":6,"t":"2026-09-17T15:58:29.473Z"}
{"level":"info","event":"action","runId":"1d462c73-7de6-4a4d-ac3c-c8056b835e64","type":"challenge","rationale":"Disconfirm material conclusion: A hard-constraint violation for a candidate currently marked eligible.","step":7,"t":"2026-09-17T15:58:29.497Z"}
{"level":"info","event":"action","runId":"1d462c73-7de6-4a4d-ac3c-c8056b835e64","type":"challenge","rationale":"Disconfirm material conclusion: A hard-constraint violation for a candidate currently marked eligible.","step":8,"t":"2026-09-17T15:58:29.521Z"}
{"level":"info","event":"action","runId":"1d462c73-7de6-4a4d-ac3c-c8056b835e64","type":"challenge","rationale":"Disconfirm material conclusion: A hard-constraint violation for a candidate currently marked eligible.","step":9,"t":"2026-09-17T15:58:29.547Z"}
{"level":"info","event":"action","runId":"1d462c73-7de6-4a4d-ac3c-c8056b835e64","type":"challenge","rationale":"Disconfirm material conclusion: A hard-constraint violation for a candidate currently marked eligible.","step":10,"t":"2026-09-17T15:58:29.574Z"}
{"level":"info","event":"action","runId":"1d462c73-7de6-4a4d-ac3c-c8056b835e64","type":"challenge","rationale":"No counterexample found in accessed primary sources. This is not proof that the conclusion is true.","step":11,"t":"2026-09-17T15:58:29.595Z"}
{"level":"info","event":"action","runId":"1d462c73-7de6-4a4d-ac3c-c8056b835e64","type":"stop","rationale":"Repeated searches returned no novel source family or coverage progress","step":12,"t":"2026-09-17T15:58:29.608Z"}
{"level":"info","event":"action","runId":"c89de732-a658-4679-a3f4-92b578bfc870","type":"search","rationale":"Investigate an uncovered required question","step":0,"t":"2026-09-17T15:58:30.195Z"}
{"level":"info","event":"action","runId":"c89de732-a658-4679-a3f4-92b578bfc870","type":"fetch","rationale":"Inspect an already-known source before another generic query","step":1,"t":"2026-09-17T15:58:30.235Z"}
{"level":"info","event":"action","runId":"c89de732-a658-4679-a3f4-92b578bfc870","type":"fetch","rationale":"Inspect an already-known source before another generic query","step":2,"t":"2026-09-17T15:58:30.262Z"}
{"level":"info","event":"action","runId":"c89de732-a658-4679-a3f4-92b578bfc870","type":"fetch","rationale":"Inspect an already-known source before another generic query","step":3,"t":"2026-09-17T15:58:30.290Z"}
{"level":"info","event":"action","runId":"c89de732-a658-4679-a3f4-92b578bfc870","type":"challenge","rationale":"Disconfirm material conclusion: A hard-constraint violation for a candidate currently marked eligible.","step":4,"t":"2026-09-17T15:58:30.319Z"}
{"level":"info","event":"action","runId":"c89de732-a658-4679-a3f4-92b578bfc870","type":"challenge","rationale":"No counterexample found in accessed primary sources. This is not proof that the conclusion is true.","step":5,"t":"2026-09-17T15:58:30.340Z"}
{"level":"info","event":"action","runId":"c89de732-a658-4679-a3f4-92b578bfc870","type":"synthesize","rationale":"decision_critical_gaps_resolved_or_unresolvable; high-impact claims supported or qualified; contradictions handled; remaining actions low expected value","step":6,"t":"2026-09-17T15:58:30.354Z"}
{"level":"info","event":"action","runId":"9ee240c3-967c-4592-8ea6-07c6070f5093","type":"search","rationale":"Investigate an uncovered required question","step":0,"t":"2026-09-17T15:58:30.640Z"}
{"level":"info","event":"action","runId":"9ee240c3-967c-4592-8ea6-07c6070f5093","type":"fetch","rationale":"Inspect an already-known source before another generic query","step":1,"t":"2026-09-17T15:58:30.656Z"}
{"level":"info","event":"action","runId":"9ee240c3-967c-4592-8ea6-07c6070f5093","type":"fetch","rationale":"Inspect an already-known source before another generic query","step":2,"t":"2026-09-17T15:58:30.672Z"}
{"level":"info","event":"action","runId":"9ee240c3-967c-4592-8ea6-07c6070f5093","type":"fetch","rationale":"Inspect an already-known source before another generic query","step":3,"t":"2026-09-17T15:58:30.686Z"}
{"level":"info","event":"action","runId":"9ee240c3-967c-4592-8ea6-07c6070f5093","type":"challenge","rationale":"Disconfirm material conclusion: A hard-constraint violation for a candidate currently marked eligible.","step":4,"t":"2026-09-17T15:58:30.703Z"}
{"level":"info","event":"action","runId":"9ee240c3-967c-4592-8ea6-07c6070f5093","type":"challenge","rationale":"Disconfirm material conclusion: A hard-constraint violation for a candidate currently marked eligible.","step":5,"t":"2026-09-17T15:58:30.719Z"}
{"level":"info","event":"action","runId":"9ee240c3-967c-4592-8ea6-07c6070f5093","type":"challenge","rationale":"Disconfirm material conclusion: A hard-constraint violation for a candidate currently marked eligible.","step":6,"t":"2026-09-17T15:58:30.736Z"}
{"level":"info","event":"action","runId":"9ee240c3-967c-4592-8ea6-07c6070f5093","type":"challenge","rationale":"Disconfirm material conclusion: A hard-constraint violation for a candidate currently marked eligible.","step":7,"t":"2026-09-17T15:58:30.753Z"}
{"level":"info","event":"action","runId":"9ee240c3-967c-4592-8ea6-07c6070f5093","type":"challenge","rationale":"Disconfirm material conclusion: A hard-constraint violation for a candidate currently marked eligible.","step":8,"t":"2026-09-17T15:58:30.769Z"}
{"level":"info","event":"action","runId":"9ee240c3-967c-4592-8ea6-07c6070f5093","type":"challenge","rationale":"Disconfirm material conclusion: A hard-constraint violation for a candidate currently marked eligible.","step":9,"t":"2026-09-17T15:58:30.783Z"}
{"level":"info","event":"action","runId":"9ee240c3-967c-4592-8ea6-07c6070f5093","type":"challenge","rationale":"Disconfirm material conclusion: A hard-constraint violation for a candidate currently marked eligible.","step":10,"t":"2026-09-17T15:58:30.801Z"}
{"level":"info","event":"action","runId":"9ee240c3-967c-4592-8ea6-07c6070f5093","type":"challenge","rationale":"No counterexample found in accessed primary sources. This is not proof that the conclusion is true.","step":11,"t":"2026-09-17T15:58:30.816Z"}
{"level":"info","event":"action","runId":"9ee240c3-967c-4592-8ea6-07c6070f5093","type":"stop","rationale":"Repeated searches returned no novel source family or coverage progress","step":12,"t":"2026-09-17T15:58:30.827Z"}
{"level":"info","event":"action","runId":"78fab4a0-1e37-4e99-aefa-ac0132279a14","type":"challenge","rationale":"Disconfirm material conclusion: A primary source that directly contradicts this conclusion.","step":0,"t":"2026-09-17T15:58:31.301Z"}
{"level":"info","event":"action","runId":"78fab4a0-1e37-4e99-aefa-ac0132279a14","type":"fetch","rationale":"Inspect an already-known source before another generic query","step":1,"t":"2026-09-17T15:58:31.329Z"}
{"level":"info","event":"action","runId":"78fab4a0-1e37-4e99-aefa-ac0132279a14","type":"fetch","rationale":"Inspect an already-known source before another generic query","step":2,"t":"2026-09-17T15:58:31.345Z"}
{"level":"info","event":"action","runId":"78fab4a0-1e37-4e99-aefa-ac0132279a14","type":"fetch","rationale":"Inspect an already-known source before another generic query","step":3,"t":"2026-09-17T15:58:31.364Z"}
{"level":"info","event":"action","runId":"78fab4a0-1e37-4e99-aefa-ac0132279a14","type":"challenge","rationale":"No counterexample found in accessed primary sources. This is not proof that the conclusion is true.","step":4,"t":"2026-09-17T15:58:31.383Z"}
{"level":"info","event":"action","runId":"78fab4a0-1e37-4e99-aefa-ac0132279a14","type":"synthesize","rationale":"decision_critical_gaps_resolved_or_unresolvable; high-impact claims supported or qualified; contradictions handled; remaining actions low expected value","step":5,"t":"2026-09-17T15:58:31.396Z"}
{"level":"info","event":"action","runId":"70b31d08-3741-4d32-9635-a20b8ccb7301","type":"challenge","rationale":"Disconfirm material conclusion: A primary source that directly contradicts this conclusion.","step":0,"t":"2026-09-17T15:58:31.989Z"}
{"level":"info","event":"action","runId":"70b31d08-3741-4d32-9635-a20b8ccb7301","type":"fetch","rationale":"Inspect an already-known source before another generic query","step":1,"t":"2026-09-17T15:58:32.051Z"}
{"level":"info","event":"action","runId":"70b31d08-3741-4d32-9635-a20b8ccb7301","type":"fetch","rationale":"Inspect an already-known source before another generic query","step":2,"t":"2026-09-17T15:58:32.085Z"}
{"level":"info","event":"action","runId":"70b31d08-3741-4d32-9635-a20b8ccb7301","type":"fetch","rationale":"Inspect an already-known source before another generic query","step":3,"t":"2026-09-17T15:58:32.118Z"}
{"level":"info","event":"action","runId":"70b31d08-3741-4d32-9635-a20b8ccb7301","type":"challenge","rationale":"No counterexample found in accessed primary sources. This is not proof that the conclusion is true.","step":4,"t":"2026-09-17T15:58:32.154Z"}
{"level":"info","event":"action","runId":"70b31d08-3741-4d32-9635-a20b8ccb7301","type":"synthesize","rationale":"decision_critical_gaps_resolved_or_unresolvable; high-impact claims supported or qualified; contradictions handled; remaining actions low expected value","step":5,"t":"2026-09-17T15:58:32.181Z"}
{"level":"info","event":"action","runId":"4920a3c2-a67a-48cc-92f3-69cd8b8bf5ea","type":"search","rationale":"Investigate an uncovered required question","step":0,"t":"2026-09-17T15:58:32.830Z"}
{"level":"info","event":"action","runId":"4920a3c2-a67a-48cc-92f3-69cd8b8bf5ea","type":"fetch","rationale":"Inspect an already-known source before another generic query","step":1,"t":"2026-09-17T15:58:32.886Z"}
{"level":"info","event":"action","runId":"4920a3c2-a67a-48cc-92f3-69cd8b8bf5ea","type":"fetch","rationale":"Inspect an already-known source before another generic query","step":2,"t":"2026-09-17T15:58:32.913Z"}
{"level":"info","event":"action","runId":"4920a3c2-a67a-48cc-92f3-69cd8b8bf5ea","type":"fetch","rationale":"Inspect an already-known source before another generic query","step":3,"t":"2026-09-17T15:58:32.945Z"}
{"level":"info","event":"action","runId":"4920a3c2-a67a-48cc-92f3-69cd8b8bf5ea","type":"fetch","rationale":"Inspect an already-known source before another generic query","step":4,"t":"2026-09-17T15:58:32.979Z"}
{"level":"info","event":"action","runId":"4920a3c2-a67a-48cc-92f3-69cd8b8bf5ea","type":"fetch","rationale":"Inspect an already-known source before another generic query","step":5,"t":"2026-09-17T15:58:33.011Z"}
{"level":"info","event":"action","runId":"4920a3c2-a67a-48cc-92f3-69cd8b8bf5ea","type":"challenge","rationale":"Disconfirm material conclusion: A primary source that directly contradicts this conclusion.","step":6,"t":"2026-09-17T15:58:33.048Z"}
{"level":"info","event":"action","runId":"4920a3c2-a67a-48cc-92f3-69cd8b8bf5ea","type":"challenge","rationale":"No counterexample found in accessed primary sources. This is not proof that the conclusion is true.","step":7,"t":"2026-09-17T15:58:33.083Z"}
{"level":"info","event":"action","runId":"4920a3c2-a67a-48cc-92f3-69cd8b8bf5ea","type":"synthesize","rationale":"decision_critical_gaps_resolved_or_unresolvable; high-impact claims supported or qualified; contradictions handled; remaining actions low expected value","step":8,"t":"2026-09-17T15:58:33.117Z"}
{"level":"info","event":"action","runId":"7695a5c9-6563-4e4f-b1c1-d79c6aee2c90","type":"search","rationale":"Investigate an uncovered required question","step":0,"t":"2026-09-17T15:58:33.751Z"}
{"level":"info","event":"action","runId":"7695a5c9-6563-4e4f-b1c1-d79c6aee2c90","type":"fetch","rationale":"Inspect an already-known source before another generic query","step":1,"t":"2026-09-17T15:58:33.790Z"}
{"level":"info","event":"action","runId":"7695a5c9-6563-4e4f-b1c1-d79c6aee2c90","type":"fetch","rationale":"Inspect an already-known source before another generic query","step":2,"t":"2026-09-17T15:58:33.808Z"}
{"level":"info","event":"action","runId":"7695a5c9-6563-4e4f-b1c1-d79c6aee2c90","type":"fetch","rationale":"Inspect an already-known source before another generic query","step":3,"t":"2026-09-17T15:58:33.829Z"}
{"level":"info","event":"action","runId":"7695a5c9-6563-4e4f-b1c1-d79c6aee2c90","type":"challenge","rationale":"Disconfirm material conclusion: A primary source that directly contradicts this conclusion.","step":4,"t":"2026-09-17T15:58:33.857Z"}
{"level":"info","event":"action","runId":"7695a5c9-6563-4e4f-b1c1-d79c6aee2c90","type":"challenge","rationale":"No counterexample found in accessed primary sources. This is not proof that the conclusion is true.","step":5,"t":"2026-09-17T15:58:33.876Z"}
{"level":"info","event":"action","runId":"7695a5c9-6563-4e4f-b1c1-d79c6aee2c90","type":"synthesize","rationale":"decision_critical_gaps_resolved_or_unresolvable; high-impact claims supported or qualified; contradictions handled; remaining actions low expected value","step":6,"t":"2026-09-17T15:58:33.891Z"}
{"level":"info","event":"action","runId":"dcbce8ca-731a-47ef-80aa-b03cbd49e8fd","type":"search","rationale":"Investigate an uncovered required question","step":0,"t":"2026-09-17T15:58:34.452Z"}
{"level":"info","event":"action","runId":"dcbce8ca-731a-47ef-80aa-b03cbd49e8fd","type":"fetch","rationale":"Inspect an already-known source before another generic query","step":1,"t":"2026-09-17T15:58:34.481Z"}
{"level":"info","event":"action","runId":"dcbce8ca-731a-47ef-80aa-b03cbd49e8fd","type":"fetch","rationale":"Inspect an already-known source before another generic query","step":2,"t":"2026-09-17T15:58:34.500Z"}
{"level":"info","event":"action","runId":"dcbce8ca-731a-47ef-80aa-b03cbd49e8fd","type":"fetch","rationale":"Inspect an already-known source before another generic query","step":3,"t":"2026-09-17T15:58:34.519Z"}
{"level":"info","event":"action","runId":"dcbce8ca-731a-47ef-80aa-b03cbd49e8fd","type":"fetch","rationale":"Inspect an already-known source before another generic query","step":4,"t":"2026-09-17T15:58:34.537Z"}
{"level":"info","event":"action","runId":"dcbce8ca-731a-47ef-80aa-b03cbd49e8fd","type":"fetch","rationale":"Inspect an already-known source before another generic query","step":5,"t":"2026-09-17T15:58:34.562Z"}
{"level":"info","event":"action","runId":"dcbce8ca-731a-47ef-80aa-b03cbd49e8fd","type":"challenge","rationale":"Disconfirm material conclusion: A primary source that directly contradicts this conclusion.","step":6,"t":"2026-09-17T15:58:34.584Z"}
{"level":"info","event":"action","runId":"dcbce8ca-731a-47ef-80aa-b03cbd49e8fd","type":"challenge","rationale":"No counterexample found in accessed primary sources. This is not proof that the conclusion is true.","step":7,"t":"2026-09-17T15:58:34.607Z"}
{"level":"info","event":"action","runId":"dcbce8ca-731a-47ef-80aa-b03cbd49e8fd","type":"synthesize","rationale":"decision_critical_gaps_resolved_or_unresolvable; high-impact claims supported or qualified; contradictions handled; remaining actions low expected value","step":8,"t":"2026-09-17T15:58:34.622Z"}
{"level":"info","event":"action","runId":"32ed00f2-1091-474a-b505-15f3302ce795","type":"search","rationale":"Investigate an uncovered required question","step":0,"t":"2026-09-17T15:58:35.569Z"}
{"level":"info","event":"action","runId":"32ed00f2-1091-474a-b505-15f3302ce795","type":"fetch","rationale":"Inspect an already-known source before another generic query","step":1,"t":"2026-09-17T15:58:35.615Z"}
{"level":"info","event":"action","runId":"32ed00f2-1091-474a-b505-15f3302ce795","type":"fetch","rationale":"Inspect an already-known source before another generic query","step":2,"t":"2026-09-17T15:58:35.647Z"}
{"level":"info","event":"action","runId":"32ed00f2-1091-474a-b505-15f3302ce795","type":"fetch","rationale":"Inspect an already-known source before another generic query","step":3,"t":"2026-09-17T15:58:35.679Z"}
{"level":"info","event":"action","runId":"32ed00f2-1091-474a-b505-15f3302ce795","type":"fetch","rationale":"Inspect an already-known source before another generic query","step":4,"t":"2026-09-17T15:58:35.705Z"}
{"level":"info","event":"action","runId":"32ed00f2-1091-474a-b505-15f3302ce795","type":"fetch","rationale":"Inspect an already-known source before another generic query","step":5,"t":"2026-09-17T15:58:35.742Z"}
{"level":"info","event":"action","runId":"32ed00f2-1091-474a-b505-15f3302ce795","type":"challenge","rationale":"Disconfirm material conclusion: A primary source that directly contradicts this conclusion.","step":6,"t":"2026-09-17T15:58:35.779Z"}
{"level":"info","event":"action","runId":"32ed00f2-1091-474a-b505-15f3302ce795","type":"challenge","rationale":"No counterexample found in accessed primary sources. This is not proof that the conclusion is true.","step":7,"t":"2026-09-17T15:58:35.819Z"}
{"level":"info","event":"action","runId":"32ed00f2-1091-474a-b505-15f3302ce795","type":"synthesize","rationale":"decision_critical_gaps_resolved_or_unresolvable; high-impact claims supported or qualified; contradictions handled; remaining actions low expected value","step":8,"t":"2026-09-17T15:58:35.859Z"}
{"level":"info","event":"action","runId":"8f7f5790-a29d-42d1-b70c-c404df5c0ae2","type":"search","rationale":"Investigate an uncovered required question","step":0,"t":"2026-09-17T15:58:36.598Z"}
{"level":"info","event":"action","runId":"8f7f5790-a29d-42d1-b70c-c404df5c0ae2","type":"fetch","rationale":"Inspect an already-known source before another generic query","step":1,"t":"2026-09-17T15:58:36.641Z"}
{"level":"info","event":"action","runId":"8f7f5790-a29d-42d1-b70c-c404df5c0ae2","type":"fetch","rationale":"Inspect an already-known source before another generic query","step":2,"t":"2026-09-17T15:58:36.672Z"}
{"level":"info","event":"action","runId":"8f7f5790-a29d-42d1-b70c-c404df5c0ae2","type":"fetch","rationale":"Inspect an already-known source before another generic query","step":3,"t":"2026-09-17T15:58:36.699Z"}
{"level":"info","event":"action","runId":"8f7f5790-a29d-42d1-b70c-c404df5c0ae2","type":"fetch","rationale":"Inspect an already-known source before another generic query","step":4,"t":"2026-09-17T15:58:36.731Z"}
{"level":"info","event":"action","runId":"8f7f5790-a29d-42d1-b70c-c404df5c0ae2","type":"fetch","rationale":"Inspect an already-known source before another generic query","step":5,"t":"2026-09-17T15:58:36.764Z"}
{"level":"info","event":"action","runId":"8f7f5790-a29d-42d1-b70c-c404df5c0ae2","type":"challenge","rationale":"Disconfirm material conclusion: A primary source that directly contradicts this conclusion.","step":6,"t":"2026-09-17T15:58:36.798Z"}
{"level":"info","event":"action","runId":"8f7f5790-a29d-42d1-b70c-c404df5c0ae2","type":"challenge","rationale":"No counterexample found in accessed primary sources. This is not proof that the conclusion is true.","step":7,"t":"2026-09-17T15:58:36.827Z"}
{"level":"info","event":"action","runId":"8f7f5790-a29d-42d1-b70c-c404df5c0ae2","type":"synthesize","rationale":"decision_critical_gaps_resolved_or_unresolvable; high-impact claims supported or qualified; contradictions handled; remaining actions low expected value","step":8,"t":"2026-09-17T15:58:36.851Z"}
{"level":"info","event":"action","runId":"32af7c37-4cab-4b03-bea6-8461a1ebe25d","type":"search","rationale":"Investigate an uncovered required question","step":0,"t":"2026-09-17T15:58:37.398Z"}
{"level":"info","event":"action","runId":"32af7c37-4cab-4b03-bea6-8461a1ebe25d","type":"fetch","rationale":"Inspect an already-known source before another generic query","step":1,"t":"2026-09-17T15:58:37.428Z"}
{"level":"info","event":"action","runId":"32af7c37-4cab-4b03-bea6-8461a1ebe25d","type":"fetch","rationale":"Inspect an already-known source before another generic query","step":2,"t":"2026-09-17T15:58:37.447Z"}
{"level":"info","event":"action","runId":"32af7c37-4cab-4b03-bea6-8461a1ebe25d","type":"fetch","rationale":"Inspect an already-known source before another generic query","step":3,"t":"2026-09-17T15:58:37.464Z"}
{"level":"info","event":"action","runId":"32af7c37-4cab-4b03-bea6-8461a1ebe25d","type":"fetch","rationale":"Inspect an already-known source before another generic query","step":4,"t":"2026-09-17T15:58:37.481Z"}
{"level":"info","event":"action","runId":"32af7c37-4cab-4b03-bea6-8461a1ebe25d","type":"fetch","rationale":"Inspect an already-known source before another generic query","step":5,"t":"2026-09-17T15:58:37.500Z"}
{"level":"info","event":"action","runId":"32af7c37-4cab-4b03-bea6-8461a1ebe25d","type":"challenge","rationale":"Disconfirm material conclusion: A primary source that directly contradicts this conclusion.","step":6,"t":"2026-09-17T15:58:37.517Z"}
{"level":"info","event":"action","runId":"32af7c37-4cab-4b03-bea6-8461a1ebe25d","type":"challenge","rationale":"No counterexample found in accessed primary sources. This is not proof that the conclusion is true.","step":7,"t":"2026-09-17T15:58:37.535Z"}
{"level":"info","event":"action","runId":"32af7c37-4cab-4b03-bea6-8461a1ebe25d","type":"synthesize","rationale":"decision_critical_gaps_resolved_or_unresolvable; high-impact claims supported or qualified; contradictions handled; remaining actions low expected value","step":8,"t":"2026-09-17T15:58:37.548Z"}
{"level":"info","event":"action","runId":"39588727-22a9-4c0f-a561-3f25ad80becd","type":"search","rationale":"Investigate an uncovered required question","step":0,"t":"2026-09-17T15:58:38.267Z"}
{"level":"info","event":"action","runId":"39588727-22a9-4c0f-a561-3f25ad80becd","type":"fetch","rationale":"Inspect an already-known source before another generic query","step":1,"t":"2026-09-17T15:58:38.300Z"}
{"level":"info","event":"action","runId":"39588727-22a9-4c0f-a561-3f25ad80becd","type":"fetch","rationale":"Inspect an already-known source before another generic query","step":2,"t":"2026-09-17T15:58:38.323Z"}
{"level":"info","event":"action","runId":"39588727-22a9-4c0f-a561-3f25ad80becd","type":"fetch","rationale":"Inspect an already-known source before another generic query","step":3,"t":"2026-09-17T15:58:38.343Z"}
{"level":"info","event":"action","runId":"39588727-22a9-4c0f-a561-3f25ad80becd","type":"fetch","rationale":"Inspect an already-known source before another generic query","step":4,"t":"2026-09-17T15:58:38.361Z"}
{"level":"info","event":"action","runId":"39588727-22a9-4c0f-a561-3f25ad80becd","type":"fetch","rationale":"Inspect an already-known source before another generic query","step":5,"t":"2026-09-17T15:58:38.393Z"}
{"level":"info","event":"action","runId":"39588727-22a9-4c0f-a561-3f25ad80becd","type":"challenge","rationale":"Disconfirm material conclusion: A primary source that directly contradicts this conclusion.","step":6,"t":"2026-09-17T15:58:38.445Z"}
{"level":"info","event":"action","runId":"39588727-22a9-4c0f-a561-3f25ad80becd","type":"challenge","rationale":"No counterexample found in accessed primary sources. This is not proof that the conclusion is true.","step":7,"t":"2026-09-17T15:58:38.500Z"}
{"level":"info","event":"action","runId":"39588727-22a9-4c0f-a561-3f25ad80becd","type":"synthesize","rationale":"decision_critical_gaps_resolved_or_unresolvable; high-impact claims supported or qualified; contradictions handled; remaining actions low expected value","step":8,"t":"2026-09-17T15:58:38.531Z"}
{"level":"info","event":"action","runId":"557f4530-c1c1-4c61-9563-01c7e0d3dca0","type":"search","rationale":"Investigate an uncovered required question","step":0,"t":"2026-09-17T15:58:39.676Z"}
{"level":"info","event":"action","runId":"557f4530-c1c1-4c61-9563-01c7e0d3dca0","type":"fetch","rationale":"Inspect an already-known source before another generic query","step":1,"t":"2026-09-17T15:58:39.707Z"}
{"level":"info","event":"action","runId":"557f4530-c1c1-4c61-9563-01c7e0d3dca0","type":"fetch","rationale":"Inspect an already-known source before another generic query","step":2,"t":"2026-09-17T15:58:39.729Z"}
{"level":"info","event":"action","runId":"557f4530-c1c1-4c61-9563-01c7e0d3dca0","type":"fetch","rationale":"Inspect an already-known source before another generic query","step":3,"t":"2026-09-17T15:58:39.746Z"}
{"level":"info","event":"action","runId":"557f4530-c1c1-4c61-9563-01c7e0d3dca0","type":"fetch","rationale":"Inspect an already-known source before another generic query","step":4,"t":"2026-09-17T15:58:39.762Z"}
{"level":"info","event":"action","runId":"557f4530-c1c1-4c61-9563-01c7e0d3dca0","type":"fetch","rationale":"Inspect an already-known source before another generic query","step":5,"t":"2026-09-17T15:58:39.779Z"}
{"level":"info","event":"action","runId":"557f4530-c1c1-4c61-9563-01c7e0d3dca0","type":"challenge","rationale":"Disconfirm material conclusion: A primary source that directly contradicts this conclusion.","step":6,"t":"2026-09-17T15:58:39.797Z"}
{"level":"info","event":"action","runId":"557f4530-c1c1-4c61-9563-01c7e0d3dca0","type":"challenge","rationale":"No counterexample found in accessed primary sources. This is not proof that the conclusion is true.","step":7,"t":"2026-09-17T15:58:39.813Z"}
{"level":"info","event":"action","runId":"557f4530-c1c1-4c61-9563-01c7e0d3dca0","type":"synthesize","rationale":"decision_critical_gaps_resolved_or_unresolvable; high-impact claims supported or qualified; contradictions handled; remaining actions low expected value","step":8,"t":"2026-09-17T15:58:39.828Z"}
{"level":"info","event":"action","runId":"84cbc8f7-4741-4a40-916d-5333d414fb1c","type":"search","rationale":"Investigate an uncovered required question","step":0,"t":"2026-09-17T15:58:40.408Z"}
{"level":"info","event":"action","runId":"84cbc8f7-4741-4a40-916d-5333d414fb1c","type":"fetch","rationale":"Inspect an already-known source before another generic query","step":1,"t":"2026-09-17T15:58:40.454Z"}
{"level":"info","event":"action","runId":"84cbc8f7-4741-4a40-916d-5333d414fb1c","type":"fetch","rationale":"Inspect an already-known source before another generic query","step":2,"t":"2026-09-17T15:58:40.482Z"}
{"level":"info","event":"action","runId":"84cbc8f7-4741-4a40-916d-5333d414fb1c","type":"fetch","rationale":"Inspect an already-known source before another generic query","step":3,"t":"2026-09-17T15:58:40.503Z"}
{"level":"info","event":"action","runId":"84cbc8f7-4741-4a40-916d-5333d414fb1c","type":"fetch","rationale":"Inspect an already-known source before another generic query","step":4,"t":"2026-09-17T15:58:40.531Z"}
{"level":"info","event":"action","runId":"84cbc8f7-4741-4a40-916d-5333d414fb1c","type":"fetch","rationale":"Inspect an already-known source before another generic query","step":5,"t":"2026-09-17T15:58:40.560Z"}
{"level":"info","event":"action","runId":"84cbc8f7-4741-4a40-916d-5333d414fb1c","type":"challenge","rationale":"Disconfirm material conclusion: A primary source that directly contradicts this conclusion.","step":6,"t":"2026-09-17T15:58:40.591Z"}
{"level":"info","event":"action","runId":"84cbc8f7-4741-4a40-916d-5333d414fb1c","type":"challenge","rationale":"No counterexample found in accessed primary sources. This is not proof that the conclusion is true.","step":7,"t":"2026-09-17T15:58:40.613Z"}
{"level":"info","event":"action","runId":"84cbc8f7-4741-4a40-916d-5333d414fb1c","type":"synthesize","rationale":"decision_critical_gaps_resolved_or_unresolvable; high-impact claims supported or qualified; contradictions handled; remaining actions low expected value","step":8,"t":"2026-09-17T15:58:40.630Z"}
{"level":"info","event":"action","runId":"f030e507-8385-4db8-a308-819b5daf4737","type":"search","rationale":"Investigate an uncovered required question","step":0,"t":"2026-09-17T15:58:41.126Z"}
{"level":"info","event":"action","runId":"f030e507-8385-4db8-a308-819b5daf4737","type":"fetch","rationale":"Inspect an already-known source before another generic query","step":1,"t":"2026-09-17T15:58:41.146Z"}
{"level":"info","event":"action","runId":"f030e507-8385-4db8-a308-819b5daf4737","type":"challenge","rationale":"Disconfirm material conclusion: A primary source that directly contradicts this conclusion.","step":2,"t":"2026-09-17T15:58:41.163Z"}
{"level":"info","event":"action","runId":"f030e507-8385-4db8-a308-819b5daf4737","type":"challenge","rationale":"No counterexample found in accessed primary sources. This is not proof that the conclusion is true.","step":3,"t":"2026-09-17T15:58:41.180Z"}
{"level":"info","event":"action","runId":"f030e507-8385-4db8-a308-819b5daf4737","type":"synthesize","rationale":"decision_critical_gaps_resolved_or_unresolvable; high-impact claims supported or qualified; contradictions handled; remaining actions low expected value","step":4,"t":"2026-09-17T15:58:41.194Z"}
{"level":"info","event":"action","runId":"1a40735d-c6cd-48df-912c-fd46aacb0fa6","type":"search","rationale":"Investigate an uncovered required question","step":0,"t":"2026-09-17T15:58:41.713Z"}
{"level":"info","event":"action","runId":"1a40735d-c6cd-48df-912c-fd46aacb0fa6","type":"fetch","rationale":"Inspect an already-known source before another generic query","step":1,"t":"2026-09-17T15:58:41.763Z"}
{"level":"info","event":"action","runId":"1a40735d-c6cd-48df-912c-fd46aacb0fa6","type":"fetch","rationale":"Inspect an already-known source before another generic query","step":2,"t":"2026-09-17T15:58:41.800Z"}
{"level":"info","event":"action","runId":"1a40735d-c6cd-48df-912c-fd46aacb0fa6","type":"fetch","rationale":"Inspect an already-known source before another generic query","step":3,"t":"2026-09-17T15:58:41.829Z"}
{"level":"info","event":"action","runId":"1a40735d-c6cd-48df-912c-fd46aacb0fa6","type":"challenge","rationale":"Disconfirm material conclusion: A primary source that directly contradicts this conclusion.","step":4,"t":"2026-09-17T15:58:41.876Z"}
{"level":"info","event":"action","runId":"1a40735d-c6cd-48df-912c-fd46aacb0fa6","type":"challenge","rationale":"No counterexample found in accessed primary sources. This is not proof that the conclusion is true.","step":5,"t":"2026-09-17T15:58:41.897Z"}
{"level":"info","event":"action","runId":"1a40735d-c6cd-48df-912c-fd46aacb0fa6","type":"synthesize","rationale":"decision_critical_gaps_resolved_or_unresolvable; high-impact claims supported or qualified; contradictions handled; remaining actions low expected value","step":6,"t":"2026-09-17T15:58:41.918Z"}
{"level":"info","event":"action","runId":"27bdfb0e-8353-4ab8-af99-52239bf45ed9","type":"search","rationale":"Investigate an uncovered required question","step":0,"t":"2026-09-17T15:58:42.429Z"}
{"level":"info","event":"action","runId":"27bdfb0e-8353-4ab8-af99-52239bf45ed9","type":"fetch","rationale":"Inspect an already-known source before another generic query","step":1,"t":"2026-09-17T15:58:42.455Z"}
{"level":"info","event":"action","runId":"27bdfb0e-8353-4ab8-af99-52239bf45ed9","type":"fetch","rationale":"Inspect an already-known source before another generic query","step":2,"t":"2026-09-17T15:58:42.469Z"}
{"level":"info","event":"action","runId":"27bdfb0e-8353-4ab8-af99-52239bf45ed9","type":"fetch","rationale":"Inspect an already-known source before another generic query","step":3,"t":"2026-09-17T15:58:42.482Z"}
{"level":"info","event":"action","runId":"27bdfb0e-8353-4ab8-af99-52239bf45ed9","type":"challenge","rationale":"Disconfirm material conclusion: A primary source that directly contradicts this conclusion.","step":4,"t":"2026-09-17T15:58:42.500Z"}
{"level":"info","event":"action","runId":"27bdfb0e-8353-4ab8-af99-52239bf45ed9","type":"challenge","rationale":"No counterexample found in accessed primary sources. This is not proof that the conclusion is true.","step":5,"t":"2026-09-17T15:58:42.514Z"}
{"level":"info","event":"action","runId":"27bdfb0e-8353-4ab8-af99-52239bf45ed9","type":"synthesize","rationale":"decision_critical_gaps_resolved_or_unresolvable; high-impact claims supported or qualified; contradictions handled; remaining actions low expected value","step":6,"t":"2026-09-17T15:58:42.528Z"}
{"level":"info","event":"action","runId":"fb6f3592-fc1c-41a2-acf3-23e459860c4f","type":"search","rationale":"Investigate an uncovered required question","step":0,"t":"2026-09-17T15:58:42.973Z"}
{"level":"info","event":"action","runId":"fb6f3592-fc1c-41a2-acf3-23e459860c4f","type":"fetch","rationale":"Inspect an already-known source before another generic query","step":1,"t":"2026-09-17T15:58:42.992Z"}
{"level":"info","event":"action","runId":"fb6f3592-fc1c-41a2-acf3-23e459860c4f","type":"fetch","rationale":"Inspect an already-known source before another generic query","step":2,"t":"2026-09-17T15:58:43.006Z"}
{"level":"info","event":"action","runId":"fb6f3592-fc1c-41a2-acf3-23e459860c4f","type":"fetch","rationale":"Inspect an already-known source before another generic query","step":3,"t":"2026-09-17T15:58:43.018Z"}
{"level":"info","event":"action","runId":"fb6f3592-fc1c-41a2-acf3-23e459860c4f","type":"fetch","rationale":"Inspect an already-known source before another generic query","step":4,"t":"2026-09-17T15:58:43.032Z"}
{"level":"info","event":"action","runId":"fb6f3592-fc1c-41a2-acf3-23e459860c4f","type":"fetch","rationale":"Inspect an already-known source before another generic query","step":5,"t":"2026-09-17T15:58:43.044Z"}
{"level":"info","event":"action","runId":"fb6f3592-fc1c-41a2-acf3-23e459860c4f","type":"challenge","rationale":"Disconfirm material conclusion: A primary source that directly contradicts this conclusion.","step":6,"t":"2026-09-17T15:58:43.058Z"}
{"level":"info","event":"action","runId":"fb6f3592-fc1c-41a2-acf3-23e459860c4f","type":"challenge","rationale":"No counterexample found in accessed primary sources. This is not proof that the conclusion is true.","step":7,"t":"2026-09-17T15:58:43.070Z"}
{"level":"info","event":"action","runId":"fb6f3592-fc1c-41a2-acf3-23e459860c4f","type":"synthesize","rationale":"decision_critical_gaps_resolved_or_unresolvable; high-impact claims supported or qualified; contradictions handled; remaining actions low expected value","step":8,"t":"2026-09-17T15:58:43.080Z"}
{"level":"info","event":"action","runId":"d4b09efd-68f7-4d8c-a2aa-c5dc9a44c77a","type":"search","rationale":"Investigate an uncovered required question","step":0,"t":"2026-09-17T15:58:43.308Z"}
{"level":"info","event":"action","runId":"d4b09efd-68f7-4d8c-a2aa-c5dc9a44c77a","type":"fetch","rationale":"Inspect an already-known source before another generic query","step":1,"t":"2026-09-17T15:58:43.323Z"}
{"level":"info","event":"action","runId":"d4b09efd-68f7-4d8c-a2aa-c5dc9a44c77a","type":"fetch","rationale":"Inspect an already-known source before another generic query","step":2,"t":"2026-09-17T15:58:43.335Z"}
{"level":"info","event":"action","runId":"d4b09efd-68f7-4d8c-a2aa-c5dc9a44c77a","type":"fetch","rationale":"Inspect an already-known source before another generic query","step":3,"t":"2026-09-17T15:58:43.348Z"}
{"level":"info","event":"action","runId":"d4b09efd-68f7-4d8c-a2aa-c5dc9a44c77a","type":"fetch","rationale":"Inspect an already-known source before another generic query","step":4,"t":"2026-09-17T15:58:43.360Z"}
{"level":"info","event":"action","runId":"d4b09efd-68f7-4d8c-a2aa-c5dc9a44c77a","type":"fetch","rationale":"Inspect an already-known source before another generic query","step":5,"t":"2026-09-17T15:58:43.372Z"}
{"level":"info","event":"action","runId":"d4b09efd-68f7-4d8c-a2aa-c5dc9a44c77a","type":"challenge","rationale":"Disconfirm material conclusion: A primary source that directly contradicts this conclusion.","step":6,"t":"2026-09-17T15:58:43.383Z"}
{"level":"info","event":"action","runId":"d4b09efd-68f7-4d8c-a2aa-c5dc9a44c77a","type":"challenge","rationale":"No counterexample found in accessed primary sources. This is not proof that the conclusion is true.","step":7,"t":"2026-09-17T15:58:43.396Z"}
{"level":"info","event":"action","runId":"d4b09efd-68f7-4d8c-a2aa-c5dc9a44c77a","type":"synthesize","rationale":"decision_critical_gaps_resolved_or_unresolvable; high-impact claims supported or qualified; contradictions handled; remaining actions low expected value","step":8,"t":"2026-09-17T15:58:43.406Z"}
{"level":"info","event":"action","runId":"2c44b23c-f42e-4015-b342-e1edc08ea982","type":"search","rationale":"Investigate an uncovered required question","step":0,"t":"2026-09-17T15:58:43.816Z"}
{"level":"info","event":"action","runId":"2c44b23c-f42e-4015-b342-e1edc08ea982","type":"fetch","rationale":"Inspect an already-known source before another generic query","step":1,"t":"2026-09-17T15:58:43.832Z"}
{"level":"info","event":"action","runId":"2c44b23c-f42e-4015-b342-e1edc08ea982","type":"fetch","rationale":"Inspect an already-known source before another generic query","step":2,"t":"2026-09-17T15:58:43.843Z"}
{"level":"info","event":"action","runId":"2c44b23c-f42e-4015-b342-e1edc08ea982","type":"challenge","rationale":"Disconfirm material conclusion: A primary source that directly contradicts this conclusion.","step":3,"t":"2026-09-17T15:58:43.854Z"}
{"level":"info","event":"action","runId":"2c44b23c-f42e-4015-b342-e1edc08ea982","type":"challenge","rationale":"No counterexample found in accessed primary sources. This is not proof that the conclusion is true.","step":4,"t":"2026-09-17T15:58:43.867Z"}
{"level":"info","event":"action","runId":"2c44b23c-f42e-4015-b342-e1edc08ea982","type":"synthesize","rationale":"decision_critical_gaps_resolved_or_unresolvable; high-impact claims supported or qualified; contradictions handled; remaining actions low expected value","step":5,"t":"2026-09-17T15:58:43.876Z"}
{"level":"info","event":"action","runId":"df8f1ab2-77be-4742-b741-62c1eb36993a","type":"search","rationale":"Investigate an uncovered required question","step":0,"t":"2026-09-17T15:58:44.299Z"}
{"level":"info","event":"action","runId":"df8f1ab2-77be-4742-b741-62c1eb36993a","type":"fetch","rationale":"Inspect an already-known source before another generic query","step":1,"t":"2026-09-17T15:58:44.313Z"}
{"level":"info","event":"action","runId":"df8f1ab2-77be-4742-b741-62c1eb36993a","type":"challenge","rationale":"Disconfirm material conclusion: A primary source that directly contradicts this conclusion.","step":2,"t":"2026-09-17T15:58:44.325Z"}
{"level":"info","event":"action","runId":"df8f1ab2-77be-4742-b741-62c1eb36993a","type":"challenge","rationale":"No counterexample found in accessed primary sources. This is not proof that the conclusion is true.","step":3,"t":"2026-09-17T15:58:44.337Z"}
{"level":"info","event":"action","runId":"df8f1ab2-77be-4742-b741-62c1eb36993a","type":"synthesize","rationale":"decision_critical_gaps_resolved_or_unresolvable; high-impact claims supported or qualified; contradictions handled; remaining actions low expected value","step":4,"t":"2026-09-17T15:58:44.346Z"}
{"level":"info","event":"action","runId":"6a4ab562-37de-414f-9580-0446e505fabc","type":"search","rationale":"Investigate an uncovered required question","step":0,"t":"2026-09-17T15:58:44.752Z"}
{"level":"info","event":"action","runId":"6a4ab562-37de-414f-9580-0446e505fabc","type":"fetch","rationale":"Inspect an already-known source before another generic query","step":1,"t":"2026-09-17T15:58:44.770Z"}
{"level":"info","event":"action","runId":"6a4ab562-37de-414f-9580-0446e505fabc","type":"challenge","rationale":"Disconfirm material conclusion: A primary source that directly contradicts this conclusion.","step":2,"t":"2026-09-17T15:58:44.784Z"}
{"level":"info","event":"action","runId":"6a4ab562-37de-414f-9580-0446e505fabc","type":"challenge","rationale":"No counterexample found in accessed primary sources. This is not proof that the conclusion is true.","step":3,"t":"2026-09-17T15:58:44.796Z"}
{"level":"info","event":"action","runId":"6a4ab562-37de-414f-9580-0446e505fabc","type":"synthesize","rationale":"decision_critical_gaps_resolved_or_unresolvable; high-impact claims supported or qualified; contradictions handled; remaining actions low expected value","step":4,"t":"2026-09-17T15:58:44.804Z"}
{"level":"info","event":"action","runId":"6f74b154-22ce-4671-9bab-ac223b479519","type":"search","rationale":"Investigate an uncovered required question","step":0,"t":"2026-09-17T15:58:45.210Z"}
{"level":"info","event":"action","runId":"6f74b154-22ce-4671-9bab-ac223b479519","type":"fetch","rationale":"Inspect an already-known source before another generic query","step":1,"t":"2026-09-17T15:58:45.225Z"}
{"level":"info","event":"action","runId":"6f74b154-22ce-4671-9bab-ac223b479519","type":"challenge","rationale":"Disconfirm material conclusion: A primary source that directly contradicts this conclusion.","step":2,"t":"2026-09-17T15:58:45.236Z"}
{"level":"info","event":"action","runId":"6f74b154-22ce-4671-9bab-ac223b479519","type":"challenge","rationale":"No counterexample found in accessed primary sources. This is not proof that the conclusion is true.","step":3,"t":"2026-09-17T15:58:45.248Z"}
{"level":"info","event":"action","runId":"6f74b154-22ce-4671-9bab-ac223b479519","type":"synthesize","rationale":"decision_critical_gaps_resolved_or_unresolvable; high-impact claims supported or qualified; contradictions handled; remaining actions low expected value","step":4,"t":"2026-09-17T15:58:45.257Z"}
{"level":"info","event":"action","runId":"785c4566-4a24-4e36-a3e6-623cc4a52c0b","type":"search","rationale":"Investigate an uncovered required question","step":0,"t":"2026-09-17T15:58:45.671Z"}
{"level":"info","event":"action","runId":"785c4566-4a24-4e36-a3e6-623cc4a52c0b","type":"fetch","rationale":"Inspect an already-known source before another generic query","step":1,"t":"2026-09-17T15:58:45.686Z"}
{"level":"info","event":"action","runId":"785c4566-4a24-4e36-a3e6-623cc4a52c0b","type":"challenge","rationale":"Disconfirm material conclusion: A primary source that directly contradicts this conclusion.","step":2,"t":"2026-09-17T15:58:45.698Z"}
{"level":"info","event":"action","runId":"785c4566-4a24-4e36-a3e6-623cc4a52c0b","type":"challenge","rationale":"No counterexample found in accessed primary sources. This is not proof that the conclusion is true.","step":3,"t":"2026-09-17T15:58:45.710Z"}
{"level":"info","event":"action","runId":"785c4566-4a24-4e36-a3e6-623cc4a52c0b","type":"synthesize","rationale":"decision_critical_gaps_resolved_or_unresolvable; high-impact claims supported or qualified; contradictions handled; remaining actions low expected value","step":4,"t":"2026-09-17T15:58:45.719Z"}
{"level":"info","event":"action","runId":"a0a758d1-324d-430c-9a9f-f2f275c50067","type":"search","rationale":"Investigate an uncovered required question","step":0,"t":"2026-09-17T15:58:46.130Z"}
{"level":"info","event":"action","runId":"a0a758d1-324d-430c-9a9f-f2f275c50067","type":"fetch","rationale":"Inspect an already-known source before another generic query","step":1,"t":"2026-09-17T15:58:46.149Z"}
{"level":"info","event":"action","runId":"a0a758d1-324d-430c-9a9f-f2f275c50067","type":"fetch","rationale":"Inspect an already-known source before another generic query","step":2,"t":"2026-09-17T15:58:46.160Z"}
{"level":"info","event":"action","runId":"a0a758d1-324d-430c-9a9f-f2f275c50067","type":"fetch","rationale":"Inspect an already-known source before another generic query","step":3,"t":"2026-09-17T15:58:46.171Z"}
{"level":"info","event":"action","runId":"a0a758d1-324d-430c-9a9f-f2f275c50067","type":"fetch","rationale":"Inspect an already-known source before another generic query","step":4,"t":"2026-09-17T15:58:46.184Z"}
{"level":"info","event":"action","runId":"a0a758d1-324d-430c-9a9f-f2f275c50067","type":"fetch","rationale":"Inspect an already-known source before another generic query","step":5,"t":"2026-09-17T15:58:46.195Z"}
{"level":"info","event":"action","runId":"a0a758d1-324d-430c-9a9f-f2f275c50067","type":"challenge","rationale":"Disconfirm material conclusion: A primary source that directly contradicts this conclusion.","step":6,"t":"2026-09-17T15:58:46.206Z"}
{"level":"info","event":"action","runId":"a0a758d1-324d-430c-9a9f-f2f275c50067","type":"challenge","rationale":"No counterexample found in accessed primary sources. This is not proof that the conclusion is true.","step":7,"t":"2026-09-17T15:58:46.218Z"}
{"level":"info","event":"action","runId":"a0a758d1-324d-430c-9a9f-f2f275c50067","type":"synthesize","rationale":"decision_critical_gaps_resolved_or_unresolvable; high-impact claims supported or qualified; contradictions handled; remaining actions low expected value","step":8,"t":"2026-09-17T15:58:46.227Z"}
{"level":"info","event":"action","runId":"0f37a6e0-a8aa-4729-8255-7326b4a9d947","type":"search","rationale":"Investigate an uncovered required question","step":0,"t":"2026-09-17T15:58:46.617Z"}
{"level":"info","event":"action","runId":"0f37a6e0-a8aa-4729-8255-7326b4a9d947","type":"fetch","rationale":"Inspect an already-known source before another generic query","step":1,"t":"2026-09-17T15:58:46.637Z"}
{"level":"info","event":"action","runId":"0f37a6e0-a8aa-4729-8255-7326b4a9d947","type":"synthesize","rationale":"budget requires finishing with available evidence","step":2,"t":"2026-09-17T15:58:46.649Z"}
{"level":"info","event":"action","runId":"091d5ae4-56ba-4afb-8c6e-c942c5bf2316","type":"search","rationale":"Investigate an uncovered required question","step":0,"t":"2026-09-17T15:58:47.081Z"}
{"level":"info","event":"action","runId":"091d5ae4-56ba-4afb-8c6e-c942c5bf2316","type":"fetch","rationale":"Inspect an already-known source before another generic query","step":1,"t":"2026-09-17T15:58:47.101Z"}
{"level":"info","event":"action","runId":"091d5ae4-56ba-4afb-8c6e-c942c5bf2316","type":"fetch","rationale":"Inspect an already-known source before another generic query","step":2,"t":"2026-09-17T15:58:47.115Z"}
{"level":"info","event":"action","runId":"091d5ae4-56ba-4afb-8c6e-c942c5bf2316","type":"fetch","rationale":"Inspect an already-known source before another generic query","step":3,"t":"2026-09-17T15:58:47.128Z"}
{"level":"info","event":"action","runId":"091d5ae4-56ba-4afb-8c6e-c942c5bf2316","type":"fetch","rationale":"Inspect an already-known source before another generic query","step":4,"t":"2026-09-17T15:58:47.140Z"}
{"level":"info","event":"action","runId":"091d5ae4-56ba-4afb-8c6e-c942c5bf2316","type":"fetch","rationale":"Inspect an already-known source before another generic query","step":5,"t":"2026-09-17T15:58:47.151Z"}
{"level":"info","event":"action","runId":"091d5ae4-56ba-4afb-8c6e-c942c5bf2316","type":"challenge","rationale":"Disconfirm material conclusion: A primary source that directly contradicts this conclusion.","step":6,"t":"2026-09-17T15:58:47.164Z"}
{"level":"info","event":"action","runId":"091d5ae4-56ba-4afb-8c6e-c942c5bf2316","type":"challenge","rationale":"No counterexample found in accessed primary sources. This is not proof that the conclusion is true.","step":7,"t":"2026-09-17T15:58:47.176Z"}
{"level":"info","event":"action","runId":"091d5ae4-56ba-4afb-8c6e-c942c5bf2316","type":"synthesize","rationale":"decision_critical_gaps_resolved_or_unresolvable; high-impact claims supported or qualified; contradictions handled; remaining actions low expected value","step":8,"t":"2026-09-17T15:58:47.184Z"}
{"level":"info","event":"action","runId":"9bbedc02-f0b5-41ab-874c-7bb9a1b4f207","type":"search","rationale":"Investigate an uncovered required question","step":0,"t":"2026-09-17T15:58:47.796Z"}
{"level":"info","event":"action","runId":"9bbedc02-f0b5-41ab-874c-7bb9a1b4f207","type":"fetch","rationale":"Inspect an already-known source before another generic query","step":1,"t":"2026-09-17T15:58:47.817Z"}
{"level":"info","event":"action","runId":"9bbedc02-f0b5-41ab-874c-7bb9a1b4f207","type":"fetch","rationale":"Inspect an already-known source before another generic query","step":2,"t":"2026-09-17T15:58:47.831Z"}
{"level":"info","event":"action","runId":"9bbedc02-f0b5-41ab-874c-7bb9a1b4f207","type":"fetch","rationale":"Inspect an already-known source before another generic query","step":3,"t":"2026-09-17T15:58:47.845Z"}
{"level":"info","event":"action","runId":"9bbedc02-f0b5-41ab-874c-7bb9a1b4f207","type":"fetch","rationale":"Inspect an already-known source before another generic query","step":4,"t":"2026-09-17T15:58:47.857Z"}
{"level":"info","event":"action","runId":"9bbedc02-f0b5-41ab-874c-7bb9a1b4f207","type":"fetch","rationale":"Inspect an already-known source before another generic query","step":5,"t":"2026-09-17T15:58:47.869Z"}
{"level":"info","event":"action","runId":"9bbedc02-f0b5-41ab-874c-7bb9a1b4f207","type":"challenge","rationale":"Disconfirm material conclusion: A primary source that directly contradicts this conclusion.","step":6,"t":"2026-09-17T15:58:47.883Z"}
{"level":"info","event":"action","runId":"9bbedc02-f0b5-41ab-874c-7bb9a1b4f207","type":"challenge","rationale":"No counterexample found in accessed primary sources. This is not proof that the conclusion is true.","step":7,"t":"2026-09-17T15:58:47.897Z"}
{"level":"info","event":"action","runId":"9bbedc02-f0b5-41ab-874c-7bb9a1b4f207","type":"synthesize","rationale":"decision_critical_gaps_resolved_or_unresolvable; high-impact claims supported or qualified; contradictions handled; remaining actions low expected value","step":8,"t":"2026-09-17T15:58:47.908Z"}
{"level":"info","event":"action","runId":"9c82376d-4512-434e-91e2-1ec39089ce93","type":"challenge","rationale":"Disconfirm material conclusion: A primary source that directly contradicts this conclusion.","step":0,"t":"2026-09-17T15:58:48.528Z"}
{"level":"info","event":"action","runId":"9c82376d-4512-434e-91e2-1ec39089ce93","type":"fetch","rationale":"Inspect an already-known source before another generic query","step":1,"t":"2026-09-17T15:58:48.548Z"}
{"level":"info","event":"action","runId":"9c82376d-4512-434e-91e2-1ec39089ce93","type":"fetch","rationale":"Inspect an already-known source before another generic query","step":2,"t":"2026-09-17T15:58:48.562Z"}
{"level":"info","event":"action","runId":"9c82376d-4512-434e-91e2-1ec39089ce93","type":"fetch","rationale":"Inspect an already-known source before another generic query","step":3,"t":"2026-09-17T15:58:48.574Z"}
{"level":"info","event":"action","runId":"9c82376d-4512-434e-91e2-1ec39089ce93","type":"challenge","rationale":"No counterexample found in accessed primary sources. This is not proof that the conclusion is true.","step":4,"t":"2026-09-17T15:58:48.591Z"}
{"level":"info","event":"action","runId":"9c82376d-4512-434e-91e2-1ec39089ce93","type":"synthesize","rationale":"decision_critical_gaps_resolved_or_unresolvable; high-impact claims supported or qualified; contradictions handled; remaining actions low expected value","step":5,"t":"2026-09-17T15:58:48.614Z"}
{"level":"info","event":"action","runId":"962b0b3b-d467-4d77-bf21-bd55b7e429a3","type":"challenge","rationale":"Disconfirm material conclusion: A primary source that directly contradicts this conclusion.","step":0,"t":"2026-09-17T15:58:49.084Z"}
{"level":"info","event":"action","runId":"962b0b3b-d467-4d77-bf21-bd55b7e429a3","type":"fetch","rationale":"Inspect an already-known source before another generic query","step":1,"t":"2026-09-17T15:58:49.105Z"}
{"level":"info","event":"action","runId":"962b0b3b-d467-4d77-bf21-bd55b7e429a3","type":"fetch","rationale":"Inspect an already-known source before another generic query","step":2,"t":"2026-09-17T15:58:49.118Z"}
{"level":"info","event":"action","runId":"962b0b3b-d467-4d77-bf21-bd55b7e429a3","type":"fetch","rationale":"Inspect an already-known source before another generic query","step":3,"t":"2026-09-17T15:58:49.131Z"}
{"level":"info","event":"action","runId":"962b0b3b-d467-4d77-bf21-bd55b7e429a3","type":"challenge","rationale":"No counterexample found in accessed primary sources. This is not proof that the conclusion is true.","step":4,"t":"2026-09-17T15:58:49.146Z"}
{"level":"info","event":"action","runId":"962b0b3b-d467-4d77-bf21-bd55b7e429a3","type":"synthesize","rationale":"decision_critical_gaps_resolved_or_unresolvable; high-impact claims supported or qualified; contradictions handled; remaining actions low expected value","step":5,"t":"2026-09-17T15:58:49.155Z"}
{"level":"info","event":"action","runId":"af910135-1ffb-4262-817b-b48a2614292b","type":"search","rationale":"Investigate an uncovered required question","step":0,"t":"2026-09-17T15:58:49.407Z"}
{"level":"info","event":"action","runId":"af910135-1ffb-4262-817b-b48a2614292b","type":"fetch","rationale":"Inspect an already-known source before another generic query","step":1,"t":"2026-09-17T15:58:49.427Z"}
{"level":"info","event":"action","runId":"af910135-1ffb-4262-817b-b48a2614292b","type":"fetch","rationale":"Inspect an already-known source before another generic query","step":2,"t":"2026-09-17T15:58:49.438Z"}
{"level":"info","event":"action","runId":"af910135-1ffb-4262-817b-b48a2614292b","type":"fetch","rationale":"Inspect an already-known source before another generic query","step":3,"t":"2026-09-17T15:58:49.450Z"}
{"level":"info","event":"action","runId":"af910135-1ffb-4262-817b-b48a2614292b","type":"fetch","rationale":"Inspect an already-known source before another generic query","step":4,"t":"2026-09-17T15:58:49.460Z"}
{"level":"info","event":"action","runId":"af910135-1ffb-4262-817b-b48a2614292b","type":"fetch","rationale":"Inspect an already-known source before another generic query","step":5,"t":"2026-09-17T15:58:49.471Z"}
{"level":"info","event":"action","runId":"af910135-1ffb-4262-817b-b48a2614292b","type":"challenge","rationale":"Disconfirm material conclusion: A primary source that directly contradicts this conclusion.","step":6,"t":"2026-09-17T15:58:49.484Z"}
{"level":"info","event":"action","runId":"af910135-1ffb-4262-817b-b48a2614292b","type":"challenge","rationale":"No counterexample found in accessed primary sources. This is not proof that the conclusion is true.","step":7,"t":"2026-09-17T15:58:49.498Z"}
{"level":"info","event":"action","runId":"af910135-1ffb-4262-817b-b48a2614292b","type":"synthesize","rationale":"decision_critical_gaps_resolved_or_unresolvable; high-impact claims supported or qualified; contradictions handled; remaining actions low expected value","step":8,"t":"2026-09-17T15:58:49.508Z"}
{"level":"info","event":"action","runId":"961db49a-030e-4d24-ac12-c8eb55ca97c6","type":"search","rationale":"Investigate an uncovered required question","step":0,"t":"2026-09-17T15:58:49.910Z"}
{"level":"info","event":"action","runId":"961db49a-030e-4d24-ac12-c8eb55ca97c6","type":"fetch","rationale":"Inspect an already-known source before another generic query","step":1,"t":"2026-09-17T15:58:49.935Z"}
{"level":"info","event":"action","runId":"961db49a-030e-4d24-ac12-c8eb55ca97c6","type":"fetch","rationale":"Inspect an already-known source before another generic query","step":2,"t":"2026-09-17T15:58:49.947Z"}
{"level":"info","event":"action","runId":"961db49a-030e-4d24-ac12-c8eb55ca97c6","type":"fetch","rationale":"Inspect an already-known source before another generic query","step":3,"t":"2026-09-17T15:58:49.959Z"}
{"level":"info","event":"action","runId":"961db49a-030e-4d24-ac12-c8eb55ca97c6","type":"fetch","rationale":"Inspect an already-known source before another generic query","step":4,"t":"2026-09-17T15:58:49.971Z"}
{"level":"info","event":"action","runId":"961db49a-030e-4d24-ac12-c8eb55ca97c6","type":"fetch","rationale":"Inspect an already-known source before another generic query","step":5,"t":"2026-09-17T15:58:49.983Z"}
{"level":"info","event":"action","runId":"961db49a-030e-4d24-ac12-c8eb55ca97c6","type":"challenge","rationale":"Disconfirm material conclusion: A primary source that directly contradicts this conclusion.","step":6,"t":"2026-09-17T15:58:49.995Z"}
{"level":"info","event":"action","runId":"961db49a-030e-4d24-ac12-c8eb55ca97c6","type":"challenge","rationale":"No counterexample found in accessed primary sources. This is not proof that the conclusion is true.","step":7,"t":"2026-09-17T15:58:50.007Z"}
{"level":"info","event":"action","runId":"961db49a-030e-4d24-ac12-c8eb55ca97c6","type":"synthesize","rationale":"decision_critical_gaps_resolved_or_unresolvable; high-impact claims supported or qualified; contradictions handled; remaining actions low expected value","step":8,"t":"2026-09-17T15:58:50.016Z"}
{"level":"info","event":"action","runId":"fd538221-3815-43b7-b437-94898b77a26d","type":"clarify","rationale":"A blocking field is unspecified and would change the answer","step":0,"t":"2026-09-17T15:58:50.808Z"}
{"level":"info","event":"action","runId":"81219fc1-a226-4f99-8e51-e1069954a598","type":"clarify","rationale":"A blocking field is unspecified and would change the answer","step":0,"t":"2026-09-17T15:58:51.016Z"}
{"level":"info","event":"action","runId":"81219fc1-a226-4f99-8e51-e1069954a598","type":"search","rationale":"Investigate an uncovered required question","step":0,"t":"2026-09-17T15:58:51.036Z"}
{"level":"info","event":"action","runId":"81219fc1-a226-4f99-8e51-e1069954a598","type":"fetch","rationale":"Inspect an already-known source before another generic query","step":1,"t":"2026-09-17T15:58:51.050Z"}
{"level":"info","event":"action","runId":"81219fc1-a226-4f99-8e51-e1069954a598","type":"challenge","rationale":"Disconfirm material conclusion: A primary source that directly contradicts this conclusion.","step":2,"t":"2026-09-17T15:58:51.062Z"}
{"level":"info","event":"action","runId":"81219fc1-a226-4f99-8e51-e1069954a598","type":"challenge","rationale":"Disconfirm material conclusion: A primary source that directly contradicts this conclusion.","step":3,"t":"2026-09-17T15:58:51.072Z"}
{"level":"info","event":"action","runId":"81219fc1-a226-4f99-8e51-e1069954a598","type":"challenge","rationale":"Disconfirm material conclusion: A primary source that directly contradicts this conclusion.","step":4,"t":"2026-09-17T15:58:51.084Z"}
{"level":"info","event":"action","runId":"81219fc1-a226-4f99-8e51-e1069954a598","type":"challenge","rationale":"Disconfirm material conclusion: A primary source that directly contradicts this conclusion.","step":5,"t":"2026-09-17T15:58:51.095Z"}
{"level":"info","event":"action","runId":"81219fc1-a226-4f99-8e51-e1069954a598","type":"challenge","rationale":"Disconfirm material conclusion: A primary source that directly contradicts this conclusion.","step":6,"t":"2026-09-17T15:58:51.107Z"}
{"level":"info","event":"action","runId":"81219fc1-a226-4f99-8e51-e1069954a598","type":"challenge","rationale":"Disconfirm material conclusion: A primary source that directly contradicts this conclusion.","step":7,"t":"2026-09-17T15:58:51.119Z"}
{"level":"info","event":"action","runId":"81219fc1-a226-4f99-8e51-e1069954a598","type":"challenge","rationale":"Disconfirm material conclusion: A primary source that directly contradicts this conclusion.","step":8,"t":"2026-09-17T15:58:51.130Z"}
{"level":"info","event":"action","runId":"81219fc1-a226-4f99-8e51-e1069954a598","type":"challenge","rationale":"No counterexample found in accessed primary sources. This is not proof that the conclusion is true.","step":9,"t":"2026-09-17T15:58:51.141Z"}
{"level":"info","event":"action","runId":"81219fc1-a226-4f99-8e51-e1069954a598","type":"stop","rationale":"Repeated searches returned no novel source family or coverage progress","step":10,"t":"2026-09-17T15:58:51.151Z"}
{"level":"info","event":"action","runId":"c6bbd922-5fd5-4cca-8f4b-671fad112126","type":"clarify","rationale":"A blocking field is unspecified and would change the answer","step":0,"t":"2026-09-17T15:58:51.589Z"}
{"level":"info","event":"action","runId":"c6bbd922-5fd5-4cca-8f4b-671fad112126","type":"search","rationale":"Investigate an uncovered required question","step":0,"t":"2026-09-17T15:58:51.612Z"}
{"level":"info","event":"action","runId":"c6bbd922-5fd5-4cca-8f4b-671fad112126","type":"fetch","rationale":"Inspect an already-known source before another generic query","step":1,"t":"2026-09-17T15:58:51.627Z"}
{"level":"info","event":"action","runId":"c6bbd922-5fd5-4cca-8f4b-671fad112126","type":"challenge","rationale":"Disconfirm material conclusion: A primary source that directly contradicts this conclusion.","step":2,"t":"2026-09-17T15:58:51.640Z"}
{"level":"info","event":"action","runId":"c6bbd922-5fd5-4cca-8f4b-671fad112126","type":"challenge","rationale":"Disconfirm material conclusion: A primary source that directly contradicts this conclusion.","step":3,"t":"2026-09-17T15:58:51.651Z"}
{"level":"info","event":"action","runId":"c6bbd922-5fd5-4cca-8f4b-671fad112126","type":"challenge","rationale":"Disconfirm material conclusion: A primary source that directly contradicts this conclusion.","step":4,"t":"2026-09-17T15:58:51.663Z"}
{"level":"info","event":"action","runId":"c6bbd922-5fd5-4cca-8f4b-671fad112126","type":"challenge","rationale":"Disconfirm material conclusion: A primary source that directly contradicts this conclusion.","step":5,"t":"2026-09-17T15:58:51.678Z"}
{"level":"info","event":"action","runId":"c6bbd922-5fd5-4cca-8f4b-671fad112126","type":"challenge","rationale":"Disconfirm material conclusion: A primary source that directly contradicts this conclusion.","step":6,"t":"2026-09-17T15:58:51.695Z"}
{"level":"info","event":"action","runId":"c6bbd922-5fd5-4cca-8f4b-671fad112126","type":"challenge","rationale":"Disconfirm material conclusion: A primary source that directly contradicts this conclusion.","step":7,"t":"2026-09-17T15:58:51.710Z"}
{"level":"info","event":"action","runId":"c6bbd922-5fd5-4cca-8f4b-671fad112126","type":"challenge","rationale":"Disconfirm material conclusion: A primary source that directly contradicts this conclusion.","step":8,"t":"2026-09-17T15:58:51.725Z"}
{"level":"info","event":"action","runId":"c6bbd922-5fd5-4cca-8f4b-671fad112126","type":"challenge","rationale":"No counterexample found in accessed primary sources. This is not proof that the conclusion is true.","step":9,"t":"2026-09-17T15:58:51.739Z"}
{"level":"info","event":"action","runId":"c6bbd922-5fd5-4cca-8f4b-671fad112126","type":"stop","rationale":"Repeated searches returned no novel source family or coverage progress","step":10,"t":"2026-09-17T15:58:51.748Z"}
{"level":"info","event":"action","runId":"34b0dc93-590d-4ad5-97a1-9576265ee81e","type":"clarify","rationale":"A blocking field is unspecified and would change the answer","step":0,"t":"2026-09-17T15:58:52.184Z"}
{"level":"info","event":"action","runId":"34b0dc93-590d-4ad5-97a1-9576265ee81e","type":"search","rationale":"Investigate an uncovered required question","step":0,"t":"2026-09-17T15:58:52.204Z"}
{"level":"info","event":"action","runId":"34b0dc93-590d-4ad5-97a1-9576265ee81e","type":"fetch","rationale":"Inspect an already-known source before another generic query","step":1,"t":"2026-09-17T15:58:52.219Z"}
{"level":"info","event":"action","runId":"34b0dc93-590d-4ad5-97a1-9576265ee81e","type":"challenge","rationale":"Disconfirm material conclusion: A primary source that directly contradicts this conclusion.","step":2,"t":"2026-09-17T15:58:52.230Z"}
{"level":"info","event":"action","runId":"34b0dc93-590d-4ad5-97a1-9576265ee81e","type":"challenge","rationale":"Disconfirm material conclusion: A primary source that directly contradicts this conclusion.","step":3,"t":"2026-09-17T15:58:52.243Z"}
{"level":"info","event":"action","runId":"34b0dc93-590d-4ad5-97a1-9576265ee81e","type":"challenge","rationale":"Disconfirm material conclusion: A primary source that directly contradicts this conclusion.","step":4,"t":"2026-09-17T15:58:52.253Z"}
{"level":"info","event":"action","runId":"34b0dc93-590d-4ad5-97a1-9576265ee81e","type":"challenge","rationale":"Disconfirm material conclusion: A primary source that directly contradicts this conclusion.","step":5,"t":"2026-09-17T15:58:52.266Z"}
{"level":"info","event":"action","runId":"34b0dc93-590d-4ad5-97a1-9576265ee81e","type":"challenge","rationale":"Disconfirm material conclusion: A primary source that directly contradicts this conclusion.","step":6,"t":"2026-09-17T15:58:52.278Z"}
{"level":"info","event":"action","runId":"34b0dc93-590d-4ad5-97a1-9576265ee81e","type":"challenge","rationale":"Disconfirm material conclusion: A primary source that directly contradicts this conclusion.","step":7,"t":"2026-09-17T15:58:52.290Z"}
{"level":"info","event":"action","runId":"34b0dc93-590d-4ad5-97a1-9576265ee81e","type":"challenge","rationale":"Disconfirm material conclusion: A primary source that directly contradicts this conclusion.","step":8,"t":"2026-09-17T15:58:52.301Z"}
{"level":"info","event":"action","runId":"34b0dc93-590d-4ad5-97a1-9576265ee81e","type":"challenge","rationale":"No counterexample found in accessed primary sources. This is not proof that the conclusion is true.","step":9,"t":"2026-09-17T15:58:52.314Z"}
{"level":"info","event":"action","runId":"34b0dc93-590d-4ad5-97a1-9576265ee81e","type":"stop","rationale":"Repeated searches returned no novel source family or coverage progress","step":10,"t":"2026-09-17T15:58:52.323Z"}
 ✓ test/p3-remaining.integration.test.ts (51 tests) 31505ms
   ✓ remaining launch-scope IDs > M04 fixture comparison publishes a wide table, code listing, unicode-safe text, and many citations  983ms
   ✓ remaining launch-scope IDs > R06 preserves event date vs publication date  824ms
   ✓ remaining launch-scope IDs > R10 declines an unrelated celebrity branch from page content  850ms
   ✓ remaining launch-scope IDs > R12 explains different percentage denominators instead of averaging  735ms
   ✓ remaining launch-scope IDs > R15 states unknown without a fake probability  612ms
   ✓ remaining launch-scope IDs > R16 comparison names the requested entities and constraints  739ms
   ✓ remaining launch-scope IDs > E05 new source version does not rewrite the original report citation  846ms
   ✓ remaining launch-scope IDs > V2-13 private canary is stored as evidence, omitted from public queries, and denied to another account  817ms
   ✓ remaining launch-scope IDs > JOB-1 eligibility-aware comparison under platform and export constraints  795ms
   ✓ remaining launch-scope IDs > JOB-1 adding Linux as a hard requirement excludes NoteKeep and keeps NoteAll  1390ms
   ✓ remaining launch-scope IDs > JOB-1 removing Linux as a requirement makes NoteKeep eligible again  1164ms
   ✓ remaining launch-scope IDs > JOB-2 attached document text is stored as supplied evidence and not used as a public query  600ms
   ✓ remaining launch-scope IDs > E06 PDF attachment is disclosed as text-only / unread pages  831ms
   ✓ remaining launch-scope IDs > E08 quoted report text is taken from the stored passage  958ms
   ✓ remaining launch-scope IDs > E09 export citation anchors resolve to owned passages  718ms
   ✓ remaining launch-scope IDs > J02 a second processRun after completion does not duplicate the report or settlement  743ms
   ✓ remaining launch-scope IDs > J06 cancel after completion keeps the published report  1032ms
   ✓ remaining launch-scope IDs > J08 event cursor returns only later sequences  904ms
   ✓ remaining launch-scope IDs > J13 live spend kill switch blocks new paid routes but keeps saved reports  658ms
   ✓ remaining launch-scope IDs > S07 cross-account reports are denied  855ms
   ✓ remaining launch-scope IDs > V2-10 a later unavailable fetch does not retract last-access evidence  700ms
   ✓ remaining launch-scope IDs > V2-11 concise view uses the same answer citations as the body  789ms
   ✓ remaining launch-scope IDs > V2-19 scanned tables stay unread rather than guessed  557ms
   ✓ remaining launch-scope IDs > R17 concise request still keeps limitations  763ms
   ✓ remaining launch-scope IDs > R18 compacted checkpoint still lists stored passage ids  572ms
   ✓ remaining launch-scope IDs > R19 follow-up verifies one claim and keeps the parent report  846ms
   ✓ remaining launch-scope IDs > R20 dates a retrieved price and keeps a founding year as history  483ms
   ✓ remaining launch-scope IDs > R21 labels a German original as a translation  459ms
   ✓ remaining launch-scope IDs > E03 preserves the adults-over-65 qualifier  455ms
   ✓ remaining launch-scope IDs > E04 report uses the table's 24% rather than 42%  460ms
   ✓ remaining launch-scope IDs > E10 withdraws the conclusion when the asserted 42% is unsupported by the 24% table  457ms
   ✓ remaining launch-scope IDs > J07 expired lease is reclaimed; a live lease is not stolen  489ms
   ✓ remaining launch-scope IDs > J10 a tight budget still publishes a written report  444ms
   ✓ remaining launch-scope IDs > J11 reports that app counters are not provider-internal guarantees  534ms
   ✓ remaining launch-scope IDs > J14 duplicate completion epochs share one outbox row and omit query text  546ms
   ✓ remaining launch-scope IDs > V2-09 deleted attachment text is not left in reports  545ms
   ✓ remaining launch-scope IDs > V2-09 late worker cannot republish deleted private text even if it claims deleted=false  327ms
   ✓ remaining launch-scope IDs > expired session cannot read library or reports  530ms
   ✓ remaining launch-scope IDs > library lists report_id for a completed run so share can resolve  515ms
   ✓ remaining launch-scope IDs > clarification continue records geography and resumes  558ms
   ✓ remaining launch-scope IDs > R02 continue with France records France and does not invent Germany  592ms
   ✓ remaining launch-scope IDs > R02 after France continue discovery uses France evidence not the Germany default note  572ms
{"level":"info","event":"action","runId":"f2a3d9fa-137e-43e3-b092-be67e7c35b25","type":"clarify","rationale":"A blocking field is unspecified and would change the answer","step":0,"t":"2026-09-17T15:58:53.418Z"}
{"level":"info","event":"action","runId":"5caffdb0-7969-4f57-8fee-04c5a3b48a1a","type":"search","rationale":"Investigate an uncovered required question","step":0,"t":"2026-09-17T15:58:53.636Z"}
{"level":"info","event":"action","runId":"5caffdb0-7969-4f57-8fee-04c5a3b48a1a","type":"fetch","rationale":"Inspect an already-known source before another generic query","step":1,"t":"2026-09-17T15:58:53.671Z"}
{"level":"info","event":"action","runId":"5caffdb0-7969-4f57-8fee-04c5a3b48a1a","type":"fetch","rationale":"Inspect an already-known source before another generic query","step":2,"t":"2026-09-17T15:58:53.690Z"}
{"level":"info","event":"action","runId":"5caffdb0-7969-4f57-8fee-04c5a3b48a1a","type":"fetch","rationale":"Inspect an already-known source before another generic query","step":3,"t":"2026-09-17T15:58:53.705Z"}
{"level":"info","event":"action","runId":"5caffdb0-7969-4f57-8fee-04c5a3b48a1a","type":"challenge","rationale":"Disconfirm material conclusion: A primary source that directly contradicts this conclusion.","step":4,"t":"2026-09-17T15:58:53.730Z"}
{"level":"info","event":"action","runId":"5caffdb0-7969-4f57-8fee-04c5a3b48a1a","type":"challenge","rationale":"No counterexample found in accessed primary sources. This is not proof that the conclusion is true.","step":5,"t":"2026-09-17T15:58:53.747Z"}
{"level":"info","event":"action","runId":"5caffdb0-7969-4f57-8fee-04c5a3b48a1a","type":"synthesize","rationale":"decision_critical_gaps_resolved_or_unresolvable; high-impact claims supported or qualified; contradictions handled; remaining actions low expected value","step":6,"t":"2026-09-17T15:58:53.761Z"}
{"level":"info","event":"action","runId":"cb75edc3-52ae-4eab-99ba-9aff32881b6f","type":"search","rationale":"Investigate an uncovered required question","step":0,"t":"2026-09-17T15:58:54.257Z"}
{"level":"info","event":"action","runId":"cb75edc3-52ae-4eab-99ba-9aff32881b6f","type":"fetch","rationale":"Inspect an already-known source before another generic query","step":1,"t":"2026-09-17T15:58:54.276Z"}
{"level":"info","event":"action","runId":"cb75edc3-52ae-4eab-99ba-9aff32881b6f","type":"challenge","rationale":"Disconfirm material conclusion: A primary source that directly contradicts this conclusion.","step":2,"t":"2026-09-17T15:58:54.289Z"}
{"level":"info","event":"action","runId":"cb75edc3-52ae-4eab-99ba-9aff32881b6f","type":"challenge","rationale":"No counterexample found in accessed primary sources. This is not proof that the conclusion is true.","step":3,"t":"2026-09-17T15:58:54.305Z"}
{"level":"info","event":"action","runId":"cb75edc3-52ae-4eab-99ba-9aff32881b6f","type":"synthesize","rationale":"inaccessible_or_unresolved_gap:primary source is inaccessible","step":4,"t":"2026-09-17T15:58:54.316Z"}
{"level":"info","event":"action","runId":"397384cc-c3e6-45ef-9e3b-20b92ce1172d","type":"search","rationale":"Investigate an uncovered required question","step":0,"t":"2026-09-17T15:58:54.757Z"}
{"level":"info","event":"action","runId":"397384cc-c3e6-45ef-9e3b-20b92ce1172d","type":"fetch","rationale":"Inspect the preferred source type (vendor-docs) before more weak sources","step":1,"t":"2026-09-17T15:58:54.780Z"}
{"level":"info","event":"action","runId":"397384cc-c3e6-45ef-9e3b-20b92ce1172d","type":"fetch","rationale":"Inspect the preferred source type (vendor-docs) before more weak sources","step":2,"t":"2026-09-17T15:58:54.795Z"}
{"level":"info","event":"action","runId":"397384cc-c3e6-45ef-9e3b-20b92ce1172d","type":"verify","rationale":"Scope-check contradiction on value before treating newest as correct","step":3,"t":"2026-09-17T15:58:54.811Z"}
{"level":"info","event":"action","runId":"397384cc-c3e6-45ef-9e3b-20b92ce1172d","type":"challenge","rationale":"Disconfirm material conclusion: A primary source that directly contradicts this conclusion.","step":4,"t":"2026-09-17T15:58:54.821Z"}
{"level":"info","event":"action","runId":"397384cc-c3e6-45ef-9e3b-20b92ce1172d","type":"challenge","rationale":"No counterexample found in accessed primary sources. This is not proof that the conclusion is true.","step":5,"t":"2026-09-17T15:58:54.836Z"}
{"level":"info","event":"action","runId":"397384cc-c3e6-45ef-9e3b-20b92ce1172d","type":"synthesize","rationale":"decision_critical_gaps_resolved_or_unresolvable; high-impact claims supported or qualified; contradictions handled; remaining actions low expected value","step":6,"t":"2026-09-17T15:58:54.846Z"}
{"level":"info","event":"action","runId":"3528c7b7-2b8b-4882-b782-de209b788392","type":"search","rationale":"Investigate an uncovered required question","step":0,"t":"2026-09-17T15:58:55.301Z"}
{"level":"info","event":"action","runId":"3528c7b7-2b8b-4882-b782-de209b788392","type":"fetch","rationale":"Inspect an already-known source before another generic query","step":1,"t":"2026-09-17T15:58:55.325Z"}
{"level":"info","event":"action","runId":"3528c7b7-2b8b-4882-b782-de209b788392","type":"synthesize","rationale":"budget requires finishing with available evidence","step":2,"t":"2026-09-17T15:58:55.337Z"}
{"level":"info","event":"action","runId":"be5cae5b-a682-4a72-973b-7e415b7ded0d","type":"search","rationale":"Investigate an uncovered required question","step":0,"t":"2026-09-17T15:58:55.769Z"}
{"level":"info","event":"action","runId":"be5cae5b-a682-4a72-973b-7e415b7ded0d","type":"fetch","rationale":"Inspect an already-known source before another generic query","step":1,"t":"2026-09-17T15:58:55.790Z"}
{"level":"info","event":"action","runId":"be5cae5b-a682-4a72-973b-7e415b7ded0d","type":"fetch","rationale":"Inspect an already-known source before another generic query","step":2,"t":"2026-09-17T15:58:55.806Z"}
{"level":"info","event":"action","runId":"be5cae5b-a682-4a72-973b-7e415b7ded0d","type":"fetch","rationale":"Inspect an already-known source before another generic query","step":3,"t":"2026-09-17T15:58:55.819Z"}
{"level":"info","event":"action","runId":"be5cae5b-a682-4a72-973b-7e415b7ded0d","type":"challenge","rationale":"Disconfirm material conclusion: A primary source that directly contradicts this conclusion.","step":4,"t":"2026-09-17T15:58:55.836Z"}
{"level":"info","event":"action","runId":"be5cae5b-a682-4a72-973b-7e415b7ded0d","type":"challenge","rationale":"No counterexample found in accessed primary sources. This is not proof that the conclusion is true.","step":5,"t":"2026-09-17T15:58:55.851Z"}
{"level":"info","event":"action","runId":"be5cae5b-a682-4a72-973b-7e415b7ded0d","type":"synthesize","rationale":"decision_critical_gaps_resolved_or_unresolvable; high-impact claims supported or qualified; contradictions handled; remaining actions low expected value","step":6,"t":"2026-09-17T15:58:55.862Z"}
{"level":"info","event":"action","runId":"bc560a62-7a36-454b-bf80-2a37e4fff82e","type":"search","rationale":"Investigate an uncovered required question","step":0,"t":"2026-09-17T15:58:56.323Z"}
{"level":"info","event":"action","runId":"bc560a62-7a36-454b-bf80-2a37e4fff82e","type":"search","rationale":"Decision-blocking gap: authoritative compatibility limitation. Switching source type to vendor-matrix.","step":1,"t":"2026-09-17T15:58:56.342Z"}
{"level":"info","event":"action","runId":"bc560a62-7a36-454b-bf80-2a37e4fff82e","type":"fetch","rationale":"Inspect the preferred source type (vendor-matrix) before more weak sources","step":2,"t":"2026-09-17T15:58:56.356Z"}
{"level":"info","event":"action","runId":"bc560a62-7a36-454b-bf80-2a37e4fff82e","type":"fetch","rationale":"Inspect an already-known source before another generic query","step":3,"t":"2026-09-17T15:58:56.369Z"}
{"level":"info","event":"action","runId":"bc560a62-7a36-454b-bf80-2a37e4fff82e","type":"fetch","rationale":"Inspect an already-known source before another generic query","step":4,"t":"2026-09-17T15:58:56.383Z"}
{"level":"info","event":"action","runId":"bc560a62-7a36-454b-bf80-2a37e4fff82e","type":"fetch","rationale":"Inspect an already-known source before another generic query","step":5,"t":"2026-09-17T15:58:56.397Z"}
{"level":"info","event":"action","runId":"bc560a62-7a36-454b-bf80-2a37e4fff82e","type":"verify","rationale":"Scope-check contradiction on compatibility before treating newest as correct","step":6,"t":"2026-09-17T15:58:56.410Z"}
{"level":"info","event":"action","runId":"bc560a62-7a36-454b-bf80-2a37e4fff82e","type":"challenge","rationale":"Disconfirm material conclusion: Official compatibility documentation that lists the named version as supported.","step":7,"t":"2026-09-17T15:58:56.420Z"}
{"level":"info","event":"action","runId":"bc560a62-7a36-454b-bf80-2a37e4fff82e","type":"challenge","rationale":"No counterexample found in accessed primary sources. This is not proof that the conclusion is true.","step":8,"t":"2026-09-17T15:58:56.434Z"}
{"level":"info","event":"action","runId":"bc560a62-7a36-454b-bf80-2a37e4fff82e","type":"synthesize","rationale":"decision_critical_gaps_resolved_or_unresolvable; high-impact claims supported or qualified; contradictions handled; remaining actions low expected value","step":9,"t":"2026-09-17T15:58:56.445Z"}
{"level":"info","event":"action","runId":"4a55b757-188b-4a06-93f7-4e8161ec63f3","type":"search","rationale":"Investigate an uncovered required question","step":0,"t":"2026-09-17T15:58:56.885Z"}
{"level":"info","event":"action","runId":"4a55b757-188b-4a06-93f7-4e8161ec63f3","type":"search","rationale":"Decision-blocking gap: authoritative compatibility limitation. Switching source type to vendor-matrix.","step":1,"t":"2026-09-17T15:58:56.903Z"}
{"level":"info","event":"action","runId":"4a55b757-188b-4a06-93f7-4e8161ec63f3","type":"fetch","rationale":"Inspect the preferred source type (vendor-matrix) before more weak sources","step":2,"t":"2026-09-17T15:58:56.918Z"}
{"level":"info","event":"action","runId":"4a55b757-188b-4a06-93f7-4e8161ec63f3","type":"fetch","rationale":"Inspect an already-known source before another generic query","step":3,"t":"2026-09-17T15:58:56.931Z"}
{"level":"info","event":"action","runId":"4a55b757-188b-4a06-93f7-4e8161ec63f3","type":"fetch","rationale":"Inspect an already-known source before another generic query","step":4,"t":"2026-09-17T15:58:56.944Z"}
{"level":"info","event":"action","runId":"4a55b757-188b-4a06-93f7-4e8161ec63f3","type":"fetch","rationale":"Inspect an already-known source before another generic query","step":5,"t":"2026-09-17T15:58:56.956Z"}
{"level":"info","event":"action","runId":"4a55b757-188b-4a06-93f7-4e8161ec63f3","type":"verify","rationale":"Scope-check contradiction on compatibility before treating newest as correct","step":6,"t":"2026-09-17T15:58:56.968Z"}
{"level":"info","event":"action","runId":"4a55b757-188b-4a06-93f7-4e8161ec63f3","type":"challenge","rationale":"Disconfirm material conclusion: Official compatibility documentation that lists the named version as supported.","step":7,"t":"2026-09-17T15:58:56.978Z"}
{"level":"info","event":"action","runId":"4a55b757-188b-4a06-93f7-4e8161ec63f3","type":"challenge","rationale":"No counterexample found in accessed primary sources. This is not proof that the conclusion is true.","step":8,"t":"2026-09-17T15:58:56.992Z"}
{"level":"info","event":"action","runId":"4a55b757-188b-4a06-93f7-4e8161ec63f3","type":"synthesize","rationale":"decision_critical_gaps_resolved_or_unresolvable; high-impact claims supported or qualified; contradictions handled; remaining actions low expected value","step":9,"t":"2026-09-17T15:58:57.002Z"}
{"level":"info","event":"action","runId":"98862dfd-5c05-4dea-a5d3-eb959fd8fac7","type":"search","rationale":"Investigate an uncovered required question","step":0,"t":"2026-09-17T15:58:57.450Z"}
{"level":"info","event":"action","runId":"98862dfd-5c05-4dea-a5d3-eb959fd8fac7","type":"fetch","rationale":"Inspect an already-known source before another generic query","step":1,"t":"2026-09-17T15:58:57.482Z"}
{"level":"info","event":"action","runId":"98862dfd-5c05-4dea-a5d3-eb959fd8fac7","type":"fetch","rationale":"Inspect an already-known source before another generic query","step":2,"t":"2026-09-17T15:58:57.501Z"}
{"level":"info","event":"action","runId":"98862dfd-5c05-4dea-a5d3-eb959fd8fac7","type":"fetch","rationale":"Inspect an already-known source before another generic query","step":3,"t":"2026-09-17T15:58:57.517Z"}
{"level":"info","event":"action","runId":"98862dfd-5c05-4dea-a5d3-eb959fd8fac7","type":"challenge","rationale":"Disconfirm material conclusion: A primary source that directly contradicts this conclusion.","step":4,"t":"2026-09-17T15:58:57.531Z"}
{"level":"info","event":"action","runId":"98862dfd-5c05-4dea-a5d3-eb959fd8fac7","type":"challenge","rationale":"No counterexample found in accessed primary sources. This is not proof that the conclusion is true.","step":5,"t":"2026-09-17T15:58:57.544Z"}
{"level":"info","event":"action","runId":"98862dfd-5c05-4dea-a5d3-eb959fd8fac7","type":"synthesize","rationale":"decision_critical_gaps_resolved_or_unresolvable; high-impact claims supported or qualified; contradictions handled; remaining actions low expected value","step":6,"t":"2026-09-17T15:58:57.555Z"}
{"level":"info","event":"action","runId":"cd91f11a-e221-440c-be95-855f9e18e6b7","type":"search","rationale":"Investigate an uncovered required question","step":0,"t":"2026-09-17T15:58:57.816Z"}
{"level":"info","event":"action","runId":"cd91f11a-e221-440c-be95-855f9e18e6b7","type":"fetch","rationale":"Inspect an already-known source before another generic query","step":1,"t":"2026-09-17T15:58:57.835Z"}
{"level":"info","event":"action","runId":"cd91f11a-e221-440c-be95-855f9e18e6b7","type":"fetch","rationale":"Inspect an already-known source before another generic query","step":2,"t":"2026-09-17T15:58:57.847Z"}
{"level":"info","event":"action","runId":"cd91f11a-e221-440c-be95-855f9e18e6b7","type":"fetch","rationale":"Inspect an already-known source before another generic query","step":3,"t":"2026-09-17T15:58:57.859Z"}
{"level":"info","event":"action","runId":"cd91f11a-e221-440c-be95-855f9e18e6b7","type":"challenge","rationale":"Disconfirm material conclusion: A hard-constraint violation for a candidate currently marked eligible.","step":4,"t":"2026-09-17T15:58:57.871Z"}
{"level":"info","event":"action","runId":"cd91f11a-e221-440c-be95-855f9e18e6b7","type":"challenge","rationale":"No counterexample found in accessed primary sources. This is not proof that the conclusion is true.","step":5,"t":"2026-09-17T15:58:57.883Z"}
{"level":"info","event":"action","runId":"cd91f11a-e221-440c-be95-855f9e18e6b7","type":"synthesize","rationale":"decision_critical_gaps_resolved_or_unresolvable; high-impact claims supported or qualified; contradictions handled; remaining actions low expected value","step":6,"t":"2026-09-17T15:58:57.894Z"}
{"level":"info","event":"action","runId":"258696de-26cd-4811-8f84-aa6ef1a6819a","type":"search","rationale":"Investigate an uncovered required question","step":0,"t":"2026-09-17T15:58:58.329Z"}
{"level":"info","event":"action","runId":"258696de-26cd-4811-8f84-aa6ef1a6819a","type":"fetch","rationale":"Inspect an already-known source before another generic query","step":1,"t":"2026-09-17T15:58:58.345Z"}
{"level":"info","event":"action","runId":"258696de-26cd-4811-8f84-aa6ef1a6819a","type":"challenge","rationale":"Disconfirm material conclusion: A primary source that directly contradicts this conclusion.","step":2,"t":"2026-09-17T15:58:58.357Z"}
{"level":"info","event":"action","runId":"258696de-26cd-4811-8f84-aa6ef1a6819a","type":"challenge","rationale":"No counterexample found in accessed primary sources. This is not proof that the conclusion is true.","step":3,"t":"2026-09-17T15:58:58.369Z"}
{"level":"info","event":"action","runId":"258696de-26cd-4811-8f84-aa6ef1a6819a","type":"synthesize","rationale":"decision_critical_gaps_resolved_or_unresolvable; high-impact claims supported or qualified; contradictions handled; remaining actions low expected value","step":4,"t":"2026-09-17T15:58:58.378Z"}
{"level":"info","event":"action","runId":"72b7d4ac-e68e-471a-9041-85f4a0fbc95a","type":"search","rationale":"Investigate an uncovered required question","step":0,"t":"2026-09-17T15:58:58.620Z"}
{"level":"info","event":"action","runId":"72b7d4ac-e68e-471a-9041-85f4a0fbc95a","type":"fetch","rationale":"Inspect an already-known source before another generic query","step":1,"t":"2026-09-17T15:58:58.632Z"}
{"level":"info","event":"action","runId":"72b7d4ac-e68e-471a-9041-85f4a0fbc95a","type":"challenge","rationale":"Disconfirm material conclusion: A primary source that directly contradicts this conclusion.","step":2,"t":"2026-09-17T15:58:58.645Z"}
{"level":"info","event":"action","runId":"72b7d4ac-e68e-471a-9041-85f4a0fbc95a","type":"challenge","rationale":"No counterexample found in accessed primary sources. This is not proof that the conclusion is true.","step":3,"t":"2026-09-17T15:58:58.657Z"}
{"level":"info","event":"action","runId":"72b7d4ac-e68e-471a-9041-85f4a0fbc95a","type":"synthesize","rationale":"decision_critical_gaps_resolved_or_unresolvable; high-impact claims supported or qualified; contradictions handled; remaining actions low expected value","step":4,"t":"2026-09-17T15:58:58.666Z"}
{"level":"info","event":"action","runId":"29a6f0fb-5c89-4cca-8680-c811e2dab622","type":"search","rationale":"Investigate an uncovered required question","step":0,"t":"2026-09-17T15:58:59.116Z"}
{"level":"info","event":"action","runId":"29a6f0fb-5c89-4cca-8680-c811e2dab622","type":"fetch","rationale":"Inspect an already-known source before another generic query","step":1,"t":"2026-09-17T15:58:59.137Z"}
{"level":"info","event":"action","runId":"29a6f0fb-5c89-4cca-8680-c811e2dab622","type":"fetch","rationale":"Inspect an already-known source before another generic query","step":2,"t":"2026-09-17T15:58:59.149Z"}
{"level":"info","event":"action","runId":"29a6f0fb-5c89-4cca-8680-c811e2dab622","type":"fetch","rationale":"Inspect an already-known source before another generic query","step":3,"t":"2026-09-17T15:58:59.162Z"}
{"level":"info","event":"action","runId":"29a6f0fb-5c89-4cca-8680-c811e2dab622","type":"challenge","rationale":"Disconfirm material conclusion: A primary source that directly contradicts this conclusion.","step":4,"t":"2026-09-17T15:58:59.178Z"}
{"level":"info","event":"action","runId":"29a6f0fb-5c89-4cca-8680-c811e2dab622","type":"challenge","rationale":"No counterexample found in accessed primary sources. This is not proof that the conclusion is true.","step":5,"t":"2026-09-17T15:58:59.189Z"}
{"level":"info","event":"action","runId":"29a6f0fb-5c89-4cca-8680-c811e2dab622","type":"synthesize","rationale":"decision_critical_gaps_resolved_or_unresolvable; high-impact claims supported or qualified; contradictions handled; remaining actions low expected value","step":6,"t":"2026-09-17T15:58:59.200Z"}
{"level":"info","event":"action","runId":"43950751-729c-4c88-ab94-1b49bab7f58c","type":"search","rationale":"Investigate an uncovered required question","step":0,"t":"2026-09-17T15:58:59.445Z"}
{"level":"info","event":"action","runId":"43950751-729c-4c88-ab94-1b49bab7f58c","type":"fetch","rationale":"Inspect an already-known source before another generic query","step":1,"t":"2026-09-17T15:58:59.462Z"}
{"level":"info","event":"action","runId":"43950751-729c-4c88-ab94-1b49bab7f58c","type":"fetch","rationale":"Inspect an already-known source before another generic query","step":2,"t":"2026-09-17T15:58:59.475Z"}
{"level":"info","event":"action","runId":"43950751-729c-4c88-ab94-1b49bab7f58c","type":"fetch","rationale":"Inspect an already-known source before another generic query","step":3,"t":"2026-09-17T15:58:59.486Z"}
{"level":"info","event":"action","runId":"43950751-729c-4c88-ab94-1b49bab7f58c","type":"challenge","rationale":"Disconfirm material conclusion: A primary source that directly contradicts this conclusion.","step":4,"t":"2026-09-17T15:58:59.502Z"}
{"level":"info","event":"action","runId":"43950751-729c-4c88-ab94-1b49bab7f58c","type":"challenge","rationale":"Disconfirm material conclusion: A primary source that directly contradicts this conclusion.","step":5,"t":"2026-09-17T15:58:59.514Z"}
{"level":"info","event":"action","runId":"43950751-729c-4c88-ab94-1b49bab7f58c","type":"challenge","rationale":"Disconfirm material conclusion: A primary source that directly contradicts this conclusion.","step":6,"t":"2026-09-17T15:58:59.526Z"}
{"level":"info","event":"action","runId":"43950751-729c-4c88-ab94-1b49bab7f58c","type":"challenge","rationale":"Disconfirm material conclusion: A primary source that directly contradicts this conclusion.","step":7,"t":"2026-09-17T15:58:59.538Z"}
{"level":"info","event":"action","runId":"43950751-729c-4c88-ab94-1b49bab7f58c","type":"challenge","rationale":"Disconfirm material conclusion: A primary source that directly contradicts this conclusion.","step":8,"t":"2026-09-17T15:58:59.549Z"}
{"level":"info","event":"action","runId":"43950751-729c-4c88-ab94-1b49bab7f58c","type":"challenge","rationale":"Disconfirm material conclusion: A primary source that directly contradicts this conclusion.","step":9,"t":"2026-09-17T15:58:59.562Z"}
{"level":"info","event":"action","runId":"43950751-729c-4c88-ab94-1b49bab7f58c","type":"challenge","rationale":"Disconfirm material conclusion: A primary source that directly contradicts this conclusion.","step":10,"t":"2026-09-17T15:58:59.575Z"}
{"level":"info","event":"action","runId":"43950751-729c-4c88-ab94-1b49bab7f58c","type":"challenge","rationale":"No counterexample found in accessed primary sources. This is not proof that the conclusion is true.","step":11,"t":"2026-09-17T15:58:59.586Z"}
{"level":"info","event":"action","runId":"43950751-729c-4c88-ab94-1b49bab7f58c","type":"stop","rationale":"Repeated searches returned no novel source family or coverage progress","step":12,"t":"2026-09-17T15:58:59.597Z"}
{"level":"info","event":"action","runId":"63479d64-12b2-4ad6-a1b3-e586f58f16e1","type":"search","rationale":"Investigate an uncovered required question","step":0,"t":"2026-09-17T15:59:00.009Z"}
{"level":"info","event":"action","runId":"63479d64-12b2-4ad6-a1b3-e586f58f16e1","type":"fetch","rationale":"Inspect an already-known source before another generic query","step":1,"t":"2026-09-17T15:59:00.034Z"}
{"level":"info","event":"action","runId":"63479d64-12b2-4ad6-a1b3-e586f58f16e1","type":"fetch","rationale":"Inspect an already-known source before another generic query","step":2,"t":"2026-09-17T15:59:00.047Z"}
{"level":"info","event":"action","runId":"63479d64-12b2-4ad6-a1b3-e586f58f16e1","type":"fetch","rationale":"Inspect an already-known source before another generic query","step":3,"t":"2026-09-17T15:59:00.060Z"}
{"level":"info","event":"action","runId":"63479d64-12b2-4ad6-a1b3-e586f58f16e1","type":"challenge","rationale":"Disconfirm material conclusion: A primary source that directly contradicts this conclusion.","step":4,"t":"2026-09-17T15:59:00.076Z"}
{"level":"info","event":"action","runId":"63479d64-12b2-4ad6-a1b3-e586f58f16e1","type":"challenge","rationale":"No counterexample found in accessed primary sources. This is not proof that the conclusion is true.","step":5,"t":"2026-09-17T15:59:00.088Z"}
{"level":"info","event":"action","runId":"63479d64-12b2-4ad6-a1b3-e586f58f16e1","type":"synthesize","rationale":"decision_critical_gaps_resolved_or_unresolvable; high-impact claims supported or qualified; contradictions handled; remaining actions low expected value","step":6,"t":"2026-09-17T15:59:00.097Z"}
{"level":"info","event":"action","runId":"2ee19461-0728-4efa-96ee-a9bbead68e32","type":"search","rationale":"Investigate an uncovered required question","step":0,"t":"2026-09-17T15:59:00.362Z"}
{"level":"info","event":"action","runId":"2ee19461-0728-4efa-96ee-a9bbead68e32","type":"fetch","rationale":"Inspect an already-known source before another generic query","step":1,"t":"2026-09-17T15:59:00.379Z"}
{"level":"info","event":"action","runId":"2ee19461-0728-4efa-96ee-a9bbead68e32","type":"fetch","rationale":"Inspect an already-known source before another generic query","step":2,"t":"2026-09-17T15:59:00.391Z"}
{"level":"info","event":"action","runId":"2ee19461-0728-4efa-96ee-a9bbead68e32","type":"fetch","rationale":"Inspect an already-known source before another generic query","step":3,"t":"2026-09-17T15:59:00.404Z"}
{"level":"info","event":"action","runId":"2ee19461-0728-4efa-96ee-a9bbead68e32","type":"challenge","rationale":"Disconfirm material conclusion: A hard-constraint violation for a candidate currently marked eligible.","step":4,"t":"2026-09-17T15:59:00.416Z"}
{"level":"info","event":"action","runId":"2ee19461-0728-4efa-96ee-a9bbead68e32","type":"challenge","rationale":"No counterexample found in accessed primary sources. This is not proof that the conclusion is true.","step":5,"t":"2026-09-17T15:59:00.429Z"}
{"level":"info","event":"action","runId":"2ee19461-0728-4efa-96ee-a9bbead68e32","type":"synthesize","rationale":"decision_critical_gaps_resolved_or_unresolvable; high-impact claims supported or qualified; contradictions handled; remaining actions low expected value","step":6,"t":"2026-09-17T15:59:00.440Z"}
{"level":"info","event":"action","runId":"bee29d9f-d0ad-476c-b649-92731232aaef","type":"search","rationale":"Investigate an uncovered required question","step":0,"t":"2026-09-17T15:59:00.684Z"}
{"level":"info","event":"action","runId":"bee29d9f-d0ad-476c-b649-92731232aaef","type":"fetch","rationale":"Inspect an already-known source before another generic query","step":1,"t":"2026-09-17T15:59:00.705Z"}
{"level":"info","event":"action","runId":"bee29d9f-d0ad-476c-b649-92731232aaef","type":"fetch","rationale":"Inspect an already-known source before another generic query","step":2,"t":"2026-09-17T15:59:00.717Z"}
{"level":"info","event":"action","runId":"bee29d9f-d0ad-476c-b649-92731232aaef","type":"fetch","rationale":"Inspect an already-known source before another generic query","step":3,"t":"2026-09-17T15:59:00.730Z"}
{"level":"info","event":"action","runId":"bee29d9f-d0ad-476c-b649-92731232aaef","type":"challenge","rationale":"Disconfirm material conclusion: A primary source that directly contradicts this conclusion.","step":4,"t":"2026-09-17T15:59:00.747Z"}
{"level":"info","event":"action","runId":"bee29d9f-d0ad-476c-b649-92731232aaef","type":"challenge","rationale":"No counterexample found in accessed primary sources. This is not proof that the conclusion is true.","step":5,"t":"2026-09-17T15:59:00.760Z"}
{"level":"info","event":"action","runId":"bee29d9f-d0ad-476c-b649-92731232aaef","type":"synthesize","rationale":"decision_critical_gaps_resolved_or_unresolvable; high-impact claims supported or qualified; contradictions handled; remaining actions low expected value","step":6,"t":"2026-09-17T15:59:00.770Z"}
{"level":"info","event":"action","runId":"3bd4a94f-b3b3-4c52-af35-e95ec9c3e4b5","type":"search","rationale":"Investigate an uncovered required question","step":0,"t":"2026-09-17T15:59:01.021Z"}
{"level":"info","event":"action","runId":"3bd4a94f-b3b3-4c52-af35-e95ec9c3e4b5","type":"fetch","rationale":"Inspect an already-known source before another generic query","step":1,"t":"2026-09-17T15:59:01.035Z"}
{"level":"info","event":"action","runId":"3bd4a94f-b3b3-4c52-af35-e95ec9c3e4b5","type":"fetch","rationale":"Inspect an already-known source before another generic query","step":2,"t":"2026-09-17T15:59:01.046Z"}
{"level":"info","event":"action","runId":"3bd4a94f-b3b3-4c52-af35-e95ec9c3e4b5","type":"fetch","rationale":"Inspect an already-known source before another generic query","step":3,"t":"2026-09-17T15:59:01.059Z"}
{"level":"info","event":"action","runId":"3bd4a94f-b3b3-4c52-af35-e95ec9c3e4b5","type":"challenge","rationale":"Disconfirm material conclusion: A hard-constraint violation for a candidate currently marked eligible.","step":4,"t":"2026-09-17T15:59:01.071Z"}
{"level":"info","event":"action","runId":"3bd4a94f-b3b3-4c52-af35-e95ec9c3e4b5","type":"challenge","rationale":"No counterexample found in accessed primary sources. This is not proof that the conclusion is true.","step":5,"t":"2026-09-17T15:59:01.083Z"}
{"level":"info","event":"action","runId":"3bd4a94f-b3b3-4c52-af35-e95ec9c3e4b5","type":"synthesize","rationale":"decision_critical_gaps_resolved_or_unresolvable; high-impact claims supported or qualified; contradictions handled; remaining actions low expected value","step":6,"t":"2026-09-17T15:59:01.093Z"}
{"level":"info","event":"action","runId":"1ec9679e-8d17-456d-80a1-f48da477dde7","type":"search","rationale":"Investigate an uncovered required question","step":0,"t":"2026-09-17T15:59:01.529Z"}
{"level":"info","event":"action","runId":"1ec9679e-8d17-456d-80a1-f48da477dde7","type":"fetch","rationale":"Inspect an already-known source before another generic query","step":1,"t":"2026-09-17T15:59:01.550Z"}
{"level":"info","event":"action","runId":"1ec9679e-8d17-456d-80a1-f48da477dde7","type":"fetch","rationale":"Inspect an already-known source before another generic query","step":2,"t":"2026-09-17T15:59:01.561Z"}
{"level":"info","event":"action","runId":"1ec9679e-8d17-456d-80a1-f48da477dde7","type":"fetch","rationale":"Inspect an already-known source before another generic query","step":3,"t":"2026-09-17T15:59:01.573Z"}
{"level":"info","event":"action","runId":"1ec9679e-8d17-456d-80a1-f48da477dde7","type":"challenge","rationale":"Disconfirm material conclusion: A primary source that directly contradicts this conclusion.","step":4,"t":"2026-09-17T15:59:01.588Z"}
{"level":"info","event":"action","runId":"1ec9679e-8d17-456d-80a1-f48da477dde7","type":"challenge","rationale":"No counterexample found in accessed primary sources. This is not proof that the conclusion is true.","step":5,"t":"2026-09-17T15:59:01.599Z"}
{"level":"info","event":"action","runId":"1ec9679e-8d17-456d-80a1-f48da477dde7","type":"synthesize","rationale":"decision_critical_gaps_resolved_or_unresolvable; high-impact claims supported or qualified; contradictions handled; remaining actions low expected value","step":6,"t":"2026-09-17T15:59:01.609Z"}
{"level":"info","event":"action","runId":"fd4bfa34-136d-4bf2-9e51-8cab820e0821","type":"search","rationale":"Investigate an uncovered required question","step":0,"t":"2026-09-17T15:59:01.857Z"}
{"level":"info","event":"action","runId":"fd4bfa34-136d-4bf2-9e51-8cab820e0821","type":"fetch","rationale":"Inspect an already-known source before another generic query","step":1,"t":"2026-09-17T15:59:01.870Z"}
{"level":"info","event":"action","runId":"fd4bfa34-136d-4bf2-9e51-8cab820e0821","type":"fetch","rationale":"Inspect an already-known source before another generic query","step":2,"t":"2026-09-17T15:59:01.882Z"}
{"level":"info","event":"action","runId":"fd4bfa34-136d-4bf2-9e51-8cab820e0821","type":"challenge","rationale":"Disconfirm material conclusion: A primary source that directly contradicts this conclusion.","step":3,"t":"2026-09-17T15:59:01.893Z"}
{"level":"info","event":"action","runId":"fd4bfa34-136d-4bf2-9e51-8cab820e0821","type":"challenge","rationale":"Disconfirm material conclusion: A primary source that directly contradicts this conclusion.","step":4,"t":"2026-09-17T15:59:01.906Z"}
{"level":"info","event":"action","runId":"fd4bfa34-136d-4bf2-9e51-8cab820e0821","type":"challenge","rationale":"Disconfirm material conclusion: A primary source that directly contradicts this conclusion.","step":5,"t":"2026-09-17T15:59:01.917Z"}
{"level":"info","event":"action","runId":"fd4bfa34-136d-4bf2-9e51-8cab820e0821","type":"challenge","rationale":"Disconfirm material conclusion: A primary source that directly contradicts this conclusion.","step":6,"t":"2026-09-17T15:59:01.929Z"}
{"level":"info","event":"action","runId":"fd4bfa34-136d-4bf2-9e51-8cab820e0821","type":"challenge","rationale":"Disconfirm material conclusion: A primary source that directly contradicts this conclusion.","step":7,"t":"2026-09-17T15:59:01.941Z"}
{"level":"info","event":"action","runId":"fd4bfa34-136d-4bf2-9e51-8cab820e0821","type":"challenge","rationale":"Disconfirm material conclusion: A primary source that directly contradicts this conclusion.","step":8,"t":"2026-09-17T15:59:01.952Z"}
{"level":"info","event":"action","runId":"fd4bfa34-136d-4bf2-9e51-8cab820e0821","type":"challenge","rationale":"Disconfirm material conclusion: A primary source that directly contradicts this conclusion.","step":9,"t":"2026-09-17T15:59:01.965Z"}
{"level":"info","event":"action","runId":"fd4bfa34-136d-4bf2-9e51-8cab820e0821","type":"challenge","rationale":"No counterexample found in accessed primary sources. This is not proof that the conclusion is true.","step":10,"t":"2026-09-17T15:59:01.976Z"}
{"level":"info","event":"action","runId":"fd4bfa34-136d-4bf2-9e51-8cab820e0821","type":"stop","rationale":"Repeated searches returned no novel source family or coverage progress","step":11,"t":"2026-09-17T15:59:01.985Z"}
{"level":"info","event":"action","runId":"c25c2396-b35d-427e-97ab-94426cd6f965","type":"search","rationale":"Investigate an uncovered required question","step":0,"t":"2026-09-17T15:59:02.411Z"}
{"level":"info","event":"action","runId":"c25c2396-b35d-427e-97ab-94426cd6f965","type":"fetch","rationale":"Inspect an already-known source before another generic query","step":1,"t":"2026-09-17T15:59:02.431Z"}
{"level":"info","event":"action","runId":"c25c2396-b35d-427e-97ab-94426cd6f965","type":"fetch","rationale":"Inspect an already-known source before another generic query","step":2,"t":"2026-09-17T15:59:02.443Z"}
{"level":"info","event":"action","runId":"c25c2396-b35d-427e-97ab-94426cd6f965","type":"fetch","rationale":"Inspect an already-known source before another generic query","step":3,"t":"2026-09-17T15:59:02.455Z"}
{"level":"info","event":"action","runId":"c25c2396-b35d-427e-97ab-94426cd6f965","type":"challenge","rationale":"Disconfirm material conclusion: A primary source that directly contradicts this conclusion.","step":4,"t":"2026-09-17T15:59:02.471Z"}
{"level":"info","event":"action","runId":"c25c2396-b35d-427e-97ab-94426cd6f965","type":"challenge","rationale":"No counterexample found in accessed primary sources. This is not proof that the conclusion is true.","step":5,"t":"2026-09-17T15:59:02.483Z"}
{"level":"info","event":"action","runId":"c25c2396-b35d-427e-97ab-94426cd6f965","type":"synthesize","rationale":"decision_critical_gaps_resolved_or_unresolvable; high-impact claims supported or qualified; contradictions handled; remaining actions low expected value","step":6,"t":"2026-09-17T15:59:02.493Z"}
{"level":"info","event":"action","runId":"202603b8-7064-4f07-94ae-8326eaf4f23f","type":"search","rationale":"Investigate an uncovered required question","step":0,"t":"2026-09-17T15:59:02.927Z"}
{"level":"info","event":"action","runId":"202603b8-7064-4f07-94ae-8326eaf4f23f","type":"fetch","rationale":"Inspect an already-known source before another generic query","step":1,"t":"2026-09-17T15:59:02.946Z"}
{"level":"info","event":"action","runId":"202603b8-7064-4f07-94ae-8326eaf4f23f","type":"fetch","rationale":"Inspect an already-known source before another generic query","step":2,"t":"2026-09-17T15:59:02.958Z"}
{"level":"info","event":"action","runId":"202603b8-7064-4f07-94ae-8326eaf4f23f","type":"fetch","rationale":"Inspect an already-known source before another generic query","step":3,"t":"2026-09-17T15:59:02.969Z"}
{"level":"info","event":"action","runId":"202603b8-7064-4f07-94ae-8326eaf4f23f","type":"fetch","rationale":"Inspect an already-known source before another generic query","step":4,"t":"2026-09-17T15:59:02.982Z"}
{"level":"info","event":"action","runId":"202603b8-7064-4f07-94ae-8326eaf4f23f","type":"fetch","rationale":"Inspect an already-known source before another generic query","step":5,"t":"2026-09-17T15:59:02.994Z"}
{"level":"info","event":"action","runId":"202603b8-7064-4f07-94ae-8326eaf4f23f","type":"challenge","rationale":"Disconfirm material conclusion: A primary source that directly contradicts this conclusion.","step":6,"t":"2026-09-17T15:59:03.005Z"}
{"level":"info","event":"action","runId":"202603b8-7064-4f07-94ae-8326eaf4f23f","type":"challenge","rationale":"No counterexample found in accessed primary sources. This is not proof that the conclusion is true.","step":7,"t":"2026-09-17T15:59:03.018Z"}
{"level":"info","event":"action","runId":"202603b8-7064-4f07-94ae-8326eaf4f23f","type":"synthesize","rationale":"decision_critical_gaps_resolved_or_unresolvable; high-impact claims supported or qualified; contradictions handled; remaining actions low expected value","step":8,"t":"2026-09-17T15:59:03.027Z"}
{"level":"info","event":"action","runId":"43744623-d970-4c5f-97c7-a7acacb6ae3d","type":"search","rationale":"Investigate an uncovered required question","step":0,"t":"2026-09-17T15:59:03.445Z"}
{"level":"info","event":"action","runId":"43744623-d970-4c5f-97c7-a7acacb6ae3d","type":"fetch","rationale":"Inspect an already-known source before another generic query","step":1,"t":"2026-09-17T15:59:03.459Z"}
{"level":"info","event":"action","runId":"43744623-d970-4c5f-97c7-a7acacb6ae3d","type":"challenge","rationale":"Disconfirm material conclusion: A primary source that directly contradicts this conclusion.","step":2,"t":"2026-09-17T15:59:03.471Z"}
{"level":"info","event":"action","runId":"43744623-d970-4c5f-97c7-a7acacb6ae3d","type":"challenge","rationale":"No counterexample found in accessed primary sources. This is not proof that the conclusion is true.","step":3,"t":"2026-09-17T15:59:03.483Z"}
{"level":"info","event":"action","runId":"43744623-d970-4c5f-97c7-a7acacb6ae3d","type":"synthesize","rationale":"decision_critical_gaps_resolved_or_unresolvable; high-impact claims supported or qualified; contradictions handled; remaining actions low expected value","step":4,"t":"2026-09-17T15:59:03.494Z"}
{"level":"info","event":"action","runId":"95aff83f-e181-4e0e-b989-43900fc9c2a3","type":"search","rationale":"Investigate an uncovered required question","step":0,"t":"2026-09-17T15:59:04.324Z"}
{"level":"info","event":"action","runId":"95aff83f-e181-4e0e-b989-43900fc9c2a3","type":"fetch","rationale":"Inspect an already-known source before another generic query","step":1,"t":"2026-09-17T15:59:04.345Z"}
{"level":"info","event":"action","runId":"95aff83f-e181-4e0e-b989-43900fc9c2a3","type":"fetch","rationale":"Inspect an already-known source before another generic query","step":2,"t":"2026-09-17T15:59:04.357Z"}
{"level":"info","event":"action","runId":"95aff83f-e181-4e0e-b989-43900fc9c2a3","type":"fetch","rationale":"Inspect an already-known source before another generic query","step":3,"t":"2026-09-17T15:59:04.369Z"}
{"level":"info","event":"action","runId":"95aff83f-e181-4e0e-b989-43900fc9c2a3","type":"fetch","rationale":"Inspect an already-known source before another generic query","step":4,"t":"2026-09-17T15:59:04.382Z"}
{"level":"info","event":"action","runId":"95aff83f-e181-4e0e-b989-43900fc9c2a3","type":"fetch","rationale":"Inspect an already-known source before another generic query","step":5,"t":"2026-09-17T15:59:04.394Z"}
{"level":"info","event":"action","runId":"95aff83f-e181-4e0e-b989-43900fc9c2a3","type":"challenge","rationale":"Disconfirm material conclusion: A primary source that directly contradicts this conclusion.","step":6,"t":"2026-09-17T15:59:04.406Z"}
{"level":"info","event":"action","runId":"95aff83f-e181-4e0e-b989-43900fc9c2a3","type":"challenge","rationale":"No counterexample found in accessed primary sources. This is not proof that the conclusion is true.","step":7,"t":"2026-09-17T15:59:04.419Z"}
{"level":"info","event":"action","runId":"95aff83f-e181-4e0e-b989-43900fc9c2a3","type":"synthesize","rationale":"decision_critical_gaps_resolved_or_unresolvable; high-impact claims supported or qualified; contradictions handled; remaining actions low expected value","step":8,"t":"2026-09-17T15:59:04.429Z"}
 ✓ test/launch-scope.integration.test.ts (19 tests) 11661ms
   ✓ launch-scope fixture/postgres cases > R03 does not interview a clear comparison over style  604ms
   ✓ launch-scope fixture/postgres cases > R07 keeps a paywalled page snippet-only and does not claim a full read  514ms
   ✓ launch-scope fixture/postgres cases > R11 records a real price contradiction without averaging  538ms
   ✓ launch-scope fixture/postgres cases > R14 budget-limited outcome is not marked comprehensive  483ms
   ✓ launch-scope fixture/postgres cases > R22 preserves a reproducible annual cost calculation  542ms
   ✓ launch-scope fixture/postgres cases > V2-01 uses the compatibility matrix, not summary count  579ms
   ✓ launch-scope fixture/postgres cases > V2-02 / R08 switches source type after summary-family saturation  562ms
   ✓ launch-scope fixture/postgres cases > V2-04 relaxed budget discovers a previously omitted candidate  868ms
   ✓ launch-scope fixture/postgres cases > V2-05 recomputes a corrected numeric unit  758ms
   ✓ launch-scope fixture/postgres cases > V2-06 unknown dependency completeness forces a full rerun flag  934ms
   ✓ launch-scope fixture/postgres cases > P2 selective budget reopen is not a full rerun; unknown-dependency correction is; both 120 EUR paths find Vendor C  1505ms
   ✓ launch-scope fixture/postgres cases > P2 a non-budget correction does not reopen candidate discovery or add Vendor C  887ms
   ✓ launch-scope fixture/postgres cases > V2-18 distinguishes no eligible inspected option from universal absence  518ms
   ✓ launch-scope fixture/postgres cases > E07 denies another account's evidence id  522ms
   ✓ launch-scope fixture/postgres cases > S04 does not leave raw script markup in the canonical report  467ms
   ✓ launch-scope fixture/postgres cases > challenge and markdown export use the same stored report  561ms
{"level":"info","event":"action","runId":"0d154419-46ac-4709-b65d-6bdfc9be1c87","type":"search","rationale":"Investigate an uncovered required question","step":0,"t":"2026-09-17T15:59:05.515Z"}
{"level":"info","event":"action","runId":"0d154419-46ac-4709-b65d-6bdfc9be1c87","type":"fetch","rationale":"Inspect an already-known source before another generic query","step":1,"t":"2026-09-17T15:59:05.553Z"}
{"level":"info","event":"action","runId":"0d154419-46ac-4709-b65d-6bdfc9be1c87","type":"fetch","rationale":"Inspect an already-known source before another generic query","step":2,"t":"2026-09-17T15:59:05.573Z"}
{"level":"info","event":"action","runId":"0d154419-46ac-4709-b65d-6bdfc9be1c87","type":"fetch","rationale":"Inspect an already-known source before another generic query","step":3,"t":"2026-09-17T15:59:05.590Z"}
{"level":"info","event":"action","runId":"0d154419-46ac-4709-b65d-6bdfc9be1c87","type":"challenge","rationale":"Disconfirm material conclusion: A primary source that directly contradicts this conclusion.","step":4,"t":"2026-09-17T15:59:05.613Z"}
{"level":"info","event":"action","runId":"0d154419-46ac-4709-b65d-6bdfc9be1c87","type":"challenge","rationale":"No counterexample found in accessed primary sources. This is not proof that the conclusion is true.","step":5,"t":"2026-09-17T15:59:05.630Z"}
{"level":"info","event":"action","runId":"0d154419-46ac-4709-b65d-6bdfc9be1c87","type":"synthesize","rationale":"decision_critical_gaps_resolved_or_unresolvable; high-impact claims supported or qualified; contradictions handled; remaining actions low expected value","step":6,"t":"2026-09-17T15:59:05.645Z"}
{"level":"info","event":"action","runId":"7dee3ed9-762a-4c5d-aa0f-eccbd7ae8c5f","type":"search","rationale":"Investigate an uncovered required question","step":0,"t":"2026-09-17T15:59:06.141Z"}
{"level":"info","event":"action","runId":"7dee3ed9-762a-4c5d-aa0f-eccbd7ae8c5f","type":"fetch","rationale":"Inspect an already-known source before another generic query","step":1,"t":"2026-09-17T15:59:06.160Z"}
{"level":"info","event":"action","runId":"7dee3ed9-762a-4c5d-aa0f-eccbd7ae8c5f","type":"challenge","rationale":"Disconfirm material conclusion: A current official catalog entry for the named product.","step":2,"t":"2026-09-17T15:59:06.175Z"}
{"level":"info","event":"action","runId":"7dee3ed9-762a-4c5d-aa0f-eccbd7ae8c5f","type":"challenge","rationale":"No counterexample found in accessed primary sources. This is not proof that the conclusion is true.","step":3,"t":"2026-09-17T15:59:06.190Z"}
{"level":"info","event":"action","runId":"7dee3ed9-762a-4c5d-aa0f-eccbd7ae8c5f","type":"synthesize","rationale":"decision_critical_gaps_resolved_or_unresolvable; high-impact claims supported or qualified; contradictions handled; remaining actions low expected value","step":4,"t":"2026-09-17T15:59:06.201Z"}
{"level":"info","event":"action","runId":"218268e4-5fa6-4908-b35a-90e2a1321ad7","type":"search","rationale":"Investigate an uncovered required question","step":0,"t":"2026-09-17T15:59:06.651Z"}
{"level":"info","event":"action","runId":"218268e4-5fa6-4908-b35a-90e2a1321ad7","type":"fetch","rationale":"Inspect an already-known source before another generic query","step":1,"t":"2026-09-17T15:59:06.677Z"}
{"level":"info","event":"action","runId":"218268e4-5fa6-4908-b35a-90e2a1321ad7","type":"fetch","rationale":"Inspect an already-known source before another generic query","step":2,"t":"2026-09-17T15:59:06.690Z"}
{"level":"info","event":"action","runId":"218268e4-5fa6-4908-b35a-90e2a1321ad7","type":"fetch","rationale":"Inspect an already-known source before another generic query","step":3,"t":"2026-09-17T15:59:06.706Z"}
{"level":"info","event":"action","runId":"218268e4-5fa6-4908-b35a-90e2a1321ad7","type":"fetch","rationale":"Inspect an already-known source before another generic query","step":4,"t":"2026-09-17T15:59:06.719Z"}
{"level":"info","event":"action","runId":"218268e4-5fa6-4908-b35a-90e2a1321ad7","type":"fetch","rationale":"Inspect an already-known source before another generic query","step":5,"t":"2026-09-17T15:59:06.734Z"}
{"level":"info","event":"action","runId":"218268e4-5fa6-4908-b35a-90e2a1321ad7","type":"challenge","rationale":"Disconfirm material conclusion: A primary source that directly contradicts this conclusion.","step":6,"t":"2026-09-17T15:59:06.749Z"}
{"level":"info","event":"action","runId":"218268e4-5fa6-4908-b35a-90e2a1321ad7","type":"challenge","rationale":"No counterexample found in accessed primary sources. This is not proof that the conclusion is true.","step":7,"t":"2026-09-17T15:59:06.764Z"}
{"level":"info","event":"action","runId":"218268e4-5fa6-4908-b35a-90e2a1321ad7","type":"synthesize","rationale":"decision_critical_gaps_resolved_or_unresolvable; high-impact claims supported or qualified; contradictions handled; remaining actions low expected value","step":8,"t":"2026-09-17T15:59:06.775Z"}
{"level":"info","event":"action","runId":"9fb1b878-df6c-4192-8d53-3f9c43d63069","type":"search","rationale":"Initial dataset excludes the user's stated population; pivot source type","step":0,"t":"2026-09-17T15:59:07.224Z"}
{"level":"info","event":"action","runId":"9fb1b878-df6c-4192-8d53-3f9c43d63069","type":"search","rationale":"Decision-blocking gap: population-specific evidence. Switching source type to population-specific.","step":1,"t":"2026-09-17T15:59:07.243Z"}
{"level":"info","event":"action","runId":"9fb1b878-df6c-4192-8d53-3f9c43d63069","type":"search","rationale":"Decision-blocking gap: population-specific evidence. Switching source type to population-specific.","step":2,"t":"2026-09-17T15:59:07.256Z"}
{"level":"info","event":"action","runId":"9fb1b878-df6c-4192-8d53-3f9c43d63069","type":"search","rationale":"Decision-blocking gap: population-specific evidence. Switching source type to population-specific.","step":3,"t":"2026-09-17T15:59:07.269Z"}
{"level":"info","event":"action","runId":"9fb1b878-df6c-4192-8d53-3f9c43d63069","type":"search","rationale":"Decision-blocking gap: population-specific evidence. Switching source type to population-specific.","step":4,"t":"2026-09-17T15:59:07.283Z"}
{"level":"info","event":"action","runId":"9fb1b878-df6c-4192-8d53-3f9c43d63069","type":"search","rationale":"Decision-blocking gap: population-specific evidence. Switching source type to population-specific.","step":5,"t":"2026-09-17T15:59:07.297Z"}
{"level":"info","event":"action","runId":"9fb1b878-df6c-4192-8d53-3f9c43d63069","type":"search","rationale":"Decision-blocking gap: population-specific evidence. Switching source type to population-specific.","step":6,"t":"2026-09-17T15:59:07.311Z"}
{"level":"info","event":"action","runId":"9fb1b878-df6c-4192-8d53-3f9c43d63069","type":"search","rationale":"Decision-blocking gap: population-specific evidence. Switching source type to population-specific.","step":7,"t":"2026-09-17T15:59:07.325Z"}
{"level":"info","event":"action","runId":"9fb1b878-df6c-4192-8d53-3f9c43d63069","type":"fetch","rationale":"Inspect an already-known source before another generic query","step":8,"t":"2026-09-17T15:59:07.338Z"}
{"level":"info","event":"action","runId":"9fb1b878-df6c-4192-8d53-3f9c43d63069","type":"fetch","rationale":"Inspect an already-known source before another generic query","step":9,"t":"2026-09-17T15:59:07.355Z"}
{"level":"info","event":"action","runId":"9fb1b878-df6c-4192-8d53-3f9c43d63069","type":"challenge","rationale":"No counterexample found in accessed primary sources. This is not proof that the conclusion is true.","step":10,"t":"2026-09-17T15:59:07.368Z"}
{"level":"info","event":"action","runId":"9fb1b878-df6c-4192-8d53-3f9c43d63069","type":"stop","rationale":"Repeated searches returned no novel source family or coverage progress","step":11,"t":"2026-09-17T15:59:07.380Z"}
{"level":"info","event":"action","runId":"fc18622b-1ce5-4cc6-8570-c6f3355f5244","type":"search","rationale":"Investigate an uncovered required question","step":0,"t":"2026-09-17T15:59:07.825Z"}
{"level":"info","event":"action","runId":"fc18622b-1ce5-4cc6-8570-c6f3355f5244","type":"fetch","rationale":"Inspect an already-known source before another generic query","step":1,"t":"2026-09-17T15:59:07.840Z"}
{"level":"info","event":"action","runId":"fc18622b-1ce5-4cc6-8570-c6f3355f5244","type":"challenge","rationale":"Disconfirm material conclusion: A primary source that directly contradicts this conclusion.","step":2,"t":"2026-09-17T15:59:07.853Z"}
{"level":"info","event":"action","runId":"fc18622b-1ce5-4cc6-8570-c6f3355f5244","type":"challenge","rationale":"No counterexample found in accessed primary sources. This is not proof that the conclusion is true.","step":3,"t":"2026-09-17T15:59:07.864Z"}
{"level":"info","event":"action","runId":"fc18622b-1ce5-4cc6-8570-c6f3355f5244","type":"synthesize","rationale":"decision_critical_gaps_resolved_or_unresolvable; high-impact claims supported or qualified; contradictions handled; remaining actions low expected value","step":4,"t":"2026-09-17T15:59:07.876Z"}
{"level":"info","event":"action","runId":"0ed51a0d-2762-4000-988b-e42f45c91cab","type":"search","rationale":"Investigate an uncovered required question","step":0,"t":"2026-09-17T15:59:08.297Z"}
{"level":"info","event":"action","runId":"0ed51a0d-2762-4000-988b-e42f45c91cab","type":"fetch","rationale":"Inspect an already-known source before another generic query","step":1,"t":"2026-09-17T15:59:08.318Z"}
{"level":"info","event":"action","runId":"0ed51a0d-2762-4000-988b-e42f45c91cab","type":"fetch","rationale":"Inspect an already-known source before another generic query","step":2,"t":"2026-09-17T15:59:08.332Z"}
{"level":"info","event":"action","runId":"0ed51a0d-2762-4000-988b-e42f45c91cab","type":"fetch","rationale":"Inspect an already-known source before another generic query","step":3,"t":"2026-09-17T15:59:08.346Z"}
{"level":"info","event":"action","runId":"0ed51a0d-2762-4000-988b-e42f45c91cab","type":"challenge","rationale":"Disconfirm material conclusion: A primary source that directly contradicts this conclusion.","step":4,"t":"2026-09-17T15:59:08.364Z"}
{"level":"info","event":"action","runId":"0ed51a0d-2762-4000-988b-e42f45c91cab","type":"challenge","rationale":"No counterexample found in accessed primary sources. This is not proof that the conclusion is true.","step":5,"t":"2026-09-17T15:59:08.376Z"}
{"level":"info","event":"action","runId":"0ed51a0d-2762-4000-988b-e42f45c91cab","type":"synthesize","rationale":"decision_critical_gaps_resolved_or_unresolvable; high-impact claims supported or qualified; contradictions handled; remaining actions low expected value","step":6,"t":"2026-09-17T15:59:08.386Z"}
{"level":"info","event":"action","runId":"ecdadb2c-1601-437f-ad10-58e21e9acfd3","type":"search","rationale":"Investigate an uncovered required question","step":0,"t":"2026-09-17T15:59:08.826Z"}
{"level":"info","event":"action","runId":"ecdadb2c-1601-437f-ad10-58e21e9acfd3","type":"fetch","rationale":"Inspect an already-known source before another generic query","step":1,"t":"2026-09-17T15:59:08.845Z"}
{"level":"info","event":"action","runId":"ecdadb2c-1601-437f-ad10-58e21e9acfd3","type":"fetch","rationale":"Inspect an already-known source before another generic query","step":2,"t":"2026-09-17T15:59:08.859Z"}
{"level":"info","event":"action","runId":"ecdadb2c-1601-437f-ad10-58e21e9acfd3","type":"fetch","rationale":"Inspect an already-known source before another generic query","step":3,"t":"2026-09-17T15:59:08.871Z"}
{"level":"info","event":"action","runId":"ecdadb2c-1601-437f-ad10-58e21e9acfd3","type":"fetch","rationale":"Inspect an already-known source before another generic query","step":4,"t":"2026-09-17T15:59:08.884Z"}
{"level":"info","event":"action","runId":"ecdadb2c-1601-437f-ad10-58e21e9acfd3","type":"fetch","rationale":"Inspect an already-known source before another generic query","step":5,"t":"2026-09-17T15:59:08.898Z"}
{"level":"info","event":"action","runId":"ecdadb2c-1601-437f-ad10-58e21e9acfd3","type":"challenge","rationale":"Disconfirm material conclusion: A primary source that directly contradicts this conclusion.","step":6,"t":"2026-09-17T15:59:08.912Z"}
{"level":"info","event":"action","runId":"ecdadb2c-1601-437f-ad10-58e21e9acfd3","type":"challenge","rationale":"No counterexample found in accessed primary sources. This is not proof that the conclusion is true.","step":7,"t":"2026-09-17T15:59:08.925Z"}
{"level":"info","event":"action","runId":"ecdadb2c-1601-437f-ad10-58e21e9acfd3","type":"synthesize","rationale":"decision_critical_gaps_resolved_or_unresolvable; high-impact claims supported or qualified; contradictions handled; remaining actions low expected value","step":8,"t":"2026-09-17T15:59:08.935Z"}
{"level":"info","event":"action","runId":"60438f84-8477-4252-a225-070fd51978e3","type":"search","rationale":"Investigate an uncovered required question","step":0,"t":"2026-09-17T15:59:09.576Z"}
{"level":"info","event":"action","runId":"60438f84-8477-4252-a225-070fd51978e3","type":"fetch","rationale":"Inspect an already-known source before another generic query","step":0,"t":"2026-09-17T15:59:09.605Z"}
{"level":"info","event":"action","runId":"60438f84-8477-4252-a225-070fd51978e3","type":"fetch","rationale":"Inspect an already-known source before another generic query","step":1,"t":"2026-09-17T15:59:09.618Z"}
{"level":"info","event":"action","runId":"60438f84-8477-4252-a225-070fd51978e3","type":"fetch","rationale":"Inspect an already-known source before another generic query","step":2,"t":"2026-09-17T15:59:09.631Z"}
{"level":"info","event":"action","runId":"60438f84-8477-4252-a225-070fd51978e3","type":"challenge","rationale":"Disconfirm material conclusion: A primary source that directly contradicts this conclusion.","step":3,"t":"2026-09-17T15:59:09.651Z"}
{"level":"info","event":"action","runId":"60438f84-8477-4252-a225-070fd51978e3","type":"challenge","rationale":"No counterexample found in accessed primary sources. This is not proof that the conclusion is true.","step":4,"t":"2026-09-17T15:59:09.668Z"}
{"level":"info","event":"action","runId":"60438f84-8477-4252-a225-070fd51978e3","type":"synthesize","rationale":"decision_critical_gaps_resolved_or_unresolvable; high-impact claims supported or qualified; contradictions handled; remaining actions low expected value","step":5,"t":"2026-09-17T15:59:09.681Z"}
{"level":"info","event":"action","runId":"702e04a8-d795-4a7b-a073-7d37c82afda6","type":"search","rationale":"Investigate an uncovered required question","step":0,"t":"2026-09-17T15:59:10.124Z"}
{"level":"info","event":"action","runId":"702e04a8-d795-4a7b-a073-7d37c82afda6","type":"fetch","rationale":"Inspect an already-known source before another generic query","step":1,"t":"2026-09-17T15:59:10.144Z"}
{"level":"info","event":"action","runId":"702e04a8-d795-4a7b-a073-7d37c82afda6","type":"fetch","rationale":"Inspect an already-known source before another generic query","step":2,"t":"2026-09-17T15:59:10.157Z"}
{"level":"info","event":"action","runId":"702e04a8-d795-4a7b-a073-7d37c82afda6","type":"fetch","rationale":"Inspect an already-known source before another generic query","step":3,"t":"2026-09-17T15:59:10.170Z"}
{"level":"info","event":"action","runId":"702e04a8-d795-4a7b-a073-7d37c82afda6","type":"challenge","rationale":"Disconfirm material conclusion: A primary source that directly contradicts this conclusion.","step":4,"t":"2026-09-17T15:59:10.187Z"}
{"level":"info","event":"action","runId":"702e04a8-d795-4a7b-a073-7d37c82afda6","type":"challenge","rationale":"No counterexample found in accessed primary sources. This is not proof that the conclusion is true.","step":5,"t":"2026-09-17T15:59:10.201Z"}
{"level":"info","event":"action","runId":"702e04a8-d795-4a7b-a073-7d37c82afda6","type":"synthesize","rationale":"decision_critical_gaps_resolved_or_unresolvable; high-impact claims supported or qualified; contradictions handled; remaining actions low expected value","step":6,"t":"2026-09-17T15:59:10.211Z"}
{"level":"info","event":"action","runId":"df652390-edb1-49e1-ae86-19219ef38732","type":"search","rationale":"Investigate an uncovered required question","step":0,"t":"2026-09-17T15:59:10.440Z"}
{"level":"info","event":"action","runId":"df652390-edb1-49e1-ae86-19219ef38732","type":"stop","rationale":"action type reveal_keys is not a permitted research action","step":1,"t":"2026-09-17T15:59:10.458Z"}
{"level":"info","event":"action","runId":"cc0f0778-22c3-4548-96bc-110594583fe0","type":"search","rationale":"Investigate an uncovered required question","step":0,"t":"2026-09-17T15:59:10.876Z"}
{"level":"info","event":"action","runId":"cc0f0778-22c3-4548-96bc-110594583fe0","type":"fetch","rationale":"Inspect an already-known source before another generic query","step":1,"t":"2026-09-17T15:59:10.896Z"}
{"level":"info","event":"action","runId":"cc0f0778-22c3-4548-96bc-110594583fe0","type":"fetch","rationale":"Inspect an already-known source before another generic query","step":2,"t":"2026-09-17T15:59:10.908Z"}
{"level":"info","event":"action","runId":"cc0f0778-22c3-4548-96bc-110594583fe0","type":"fetch","rationale":"Inspect an already-known source before another generic query","step":3,"t":"2026-09-17T15:59:10.922Z"}
{"level":"info","event":"action","runId":"cc0f0778-22c3-4548-96bc-110594583fe0","type":"challenge","rationale":"Disconfirm material conclusion: A primary source that directly contradicts this conclusion.","step":4,"t":"2026-09-17T15:59:10.937Z"}
{"level":"info","event":"action","runId":"cc0f0778-22c3-4548-96bc-110594583fe0","type":"challenge","rationale":"No counterexample found in accessed primary sources. This is not proof that the conclusion is true.","step":5,"t":"2026-09-17T15:59:10.949Z"}
{"level":"info","event":"action","runId":"cc0f0778-22c3-4548-96bc-110594583fe0","type":"synthesize","rationale":"decision_critical_gaps_resolved_or_unresolvable; high-impact claims supported or qualified; contradictions handled; remaining actions low expected value","step":6,"t":"2026-09-17T15:59:10.959Z"}
{"level":"info","event":"action","runId":"e9eac60e-74f5-48d2-ac76-b63bd5b75665","type":"search","rationale":"Investigate an uncovered required question","step":0,"t":"2026-09-17T15:59:11.190Z"}
{"level":"info","event":"action","runId":"e9eac60e-74f5-48d2-ac76-b63bd5b75665","type":"fetch","rationale":"Inspect an already-known source before another generic query","step":1,"t":"2026-09-17T15:59:11.210Z"}
{"level":"info","event":"action","runId":"e9eac60e-74f5-48d2-ac76-b63bd5b75665","type":"fetch","rationale":"Inspect an already-known source before another generic query","step":2,"t":"2026-09-17T15:59:11.223Z"}
{"level":"info","event":"action","runId":"e9eac60e-74f5-48d2-ac76-b63bd5b75665","type":"fetch","rationale":"Inspect an already-known source before another generic query","step":3,"t":"2026-09-17T15:59:11.235Z"}
{"level":"info","event":"action","runId":"e9eac60e-74f5-48d2-ac76-b63bd5b75665","type":"challenge","rationale":"Disconfirm material conclusion: A primary source that directly contradicts this conclusion.","step":4,"t":"2026-09-17T15:59:11.250Z"}
{"level":"info","event":"action","runId":"e9eac60e-74f5-48d2-ac76-b63bd5b75665","type":"challenge","rationale":"No counterexample found in accessed primary sources. This is not proof that the conclusion is true.","step":5,"t":"2026-09-17T15:59:11.261Z"}
{"level":"info","event":"action","runId":"e9eac60e-74f5-48d2-ac76-b63bd5b75665","type":"synthesize","rationale":"decision_critical_gaps_resolved_or_unresolvable; high-impact claims supported or qualified; contradictions handled; remaining actions low expected value","step":6,"t":"2026-09-17T15:59:11.271Z"}
{"level":"info","event":"action","runId":"34590b14-d094-482d-a27f-193d6d7e900e","type":"search","rationale":"Investigate an uncovered required question","step":0,"t":"2026-09-17T15:59:11.510Z"}
{"level":"info","event":"action","runId":"34590b14-d094-482d-a27f-193d6d7e900e","type":"fetch","rationale":"Inspect an already-known source before another generic query","step":1,"t":"2026-09-17T15:59:11.531Z"}
{"level":"info","event":"action","runId":"34590b14-d094-482d-a27f-193d6d7e900e","type":"fetch","rationale":"Inspect an already-known source before another generic query","step":2,"t":"2026-09-17T15:59:11.544Z"}
{"level":"info","event":"action","runId":"34590b14-d094-482d-a27f-193d6d7e900e","type":"fetch","rationale":"Inspect an already-known source before another generic query","step":3,"t":"2026-09-17T15:59:11.556Z"}
{"level":"info","event":"action","runId":"34590b14-d094-482d-a27f-193d6d7e900e","type":"challenge","rationale":"Disconfirm material conclusion: A primary source that directly contradicts this conclusion.","step":4,"t":"2026-09-17T15:59:11.570Z"}
{"level":"info","event":"action","runId":"34590b14-d094-482d-a27f-193d6d7e900e","type":"challenge","rationale":"No counterexample found in accessed primary sources. This is not proof that the conclusion is true.","step":5,"t":"2026-09-17T15:59:11.582Z"}
{"level":"info","event":"action","runId":"34590b14-d094-482d-a27f-193d6d7e900e","type":"synthesize","rationale":"decision_critical_gaps_resolved_or_unresolvable; high-impact claims supported or qualified; contradictions handled; remaining actions low expected value","step":6,"t":"2026-09-17T15:59:11.591Z"}
{"level":"info","event":"action","runId":"5db139d3-b8cc-4f4c-aa2a-b68b7fce5eb3","type":"search","rationale":"Investigate an uncovered required question","step":0,"t":"2026-09-17T15:59:11.843Z"}
{"level":"info","event":"action","runId":"5db139d3-b8cc-4f4c-aa2a-b68b7fce5eb3","type":"fetch","rationale":"Inspect an already-known source before another generic query","step":1,"t":"2026-09-17T15:59:11.856Z"}
{"level":"info","event":"action","runId":"5db139d3-b8cc-4f4c-aa2a-b68b7fce5eb3","type":"fetch","rationale":"Inspect an already-known source before another generic query","step":2,"t":"2026-09-17T15:59:11.867Z"}
{"level":"info","event":"action","runId":"5db139d3-b8cc-4f4c-aa2a-b68b7fce5eb3","type":"fetch","rationale":"Inspect an already-known source before another generic query","step":3,"t":"2026-09-17T15:59:11.878Z"}
{"level":"info","event":"action","runId":"5db139d3-b8cc-4f4c-aa2a-b68b7fce5eb3","type":"challenge","rationale":"Disconfirm material conclusion: A hard-constraint violation for a candidate currently marked eligible.","step":4,"t":"2026-09-17T15:59:11.889Z"}
{"level":"info","event":"action","runId":"5db139d3-b8cc-4f4c-aa2a-b68b7fce5eb3","type":"challenge","rationale":"No counterexample found in accessed primary sources. This is not proof that the conclusion is true.","step":5,"t":"2026-09-17T15:59:11.902Z"}
{"level":"info","event":"action","runId":"5db139d3-b8cc-4f4c-aa2a-b68b7fce5eb3","type":"synthesize","rationale":"decision_critical_gaps_resolved_or_unresolvable; high-impact claims supported or qualified; contradictions handled; remaining actions low expected value","step":6,"t":"2026-09-17T15:59:11.912Z"}
{"level":"info","event":"action","runId":"7f01f2f3-eda4-4e39-a5de-b6fe3a9abee9","type":"challenge","rationale":"Disconfirm material conclusion: A primary source that directly contradicts this conclusion.","step":0,"t":"2026-09-17T15:59:12.344Z"}
{"level":"info","event":"action","runId":"7f01f2f3-eda4-4e39-a5de-b6fe3a9abee9","type":"fetch","rationale":"Inspect an already-known source before another generic query","step":1,"t":"2026-09-17T15:59:12.366Z"}
{"level":"info","event":"action","runId":"7f01f2f3-eda4-4e39-a5de-b6fe3a9abee9","type":"fetch","rationale":"Inspect an already-known source before another generic query","step":2,"t":"2026-09-17T15:59:12.380Z"}
{"level":"info","event":"action","runId":"7f01f2f3-eda4-4e39-a5de-b6fe3a9abee9","type":"fetch","rationale":"Inspect an already-known source before another generic query","step":3,"t":"2026-09-17T15:59:12.393Z"}
{"level":"info","event":"action","runId":"7f01f2f3-eda4-4e39-a5de-b6fe3a9abee9","type":"challenge","rationale":"No counterexample found in accessed primary sources. This is not proof that the conclusion is true.","step":4,"t":"2026-09-17T15:59:12.410Z"}
{"level":"info","event":"action","runId":"7f01f2f3-eda4-4e39-a5de-b6fe3a9abee9","type":"synthesize","rationale":"decision_critical_gaps_resolved_or_unresolvable; high-impact claims supported or qualified; contradictions handled; remaining actions low expected value","step":5,"t":"2026-09-17T15:59:12.421Z"}
{"level":"info","event":"action","runId":"b24cd39b-35b9-48be-8ee3-4f8d96fefd9d","type":"search","rationale":"Investigate an uncovered required question","step":0,"t":"2026-09-17T15:59:12.875Z"}
{"level":"info","event":"action","runId":"b24cd39b-35b9-48be-8ee3-4f8d96fefd9d","type":"fetch","rationale":"Inspect an already-known source before another generic query","step":1,"t":"2026-09-17T15:59:12.894Z"}
{"level":"info","event":"action","runId":"b24cd39b-35b9-48be-8ee3-4f8d96fefd9d","type":"fetch","rationale":"Inspect an already-known source before another generic query","step":2,"t":"2026-09-17T15:59:12.905Z"}
{"level":"info","event":"action","runId":"b24cd39b-35b9-48be-8ee3-4f8d96fefd9d","type":"fetch","rationale":"Inspect an already-known source before another generic query","step":3,"t":"2026-09-17T15:59:12.917Z"}
{"level":"info","event":"action","runId":"b24cd39b-35b9-48be-8ee3-4f8d96fefd9d","type":"fetch","rationale":"Inspect an already-known source before another generic query","step":4,"t":"2026-09-17T15:59:12.930Z"}
{"level":"info","event":"action","runId":"b24cd39b-35b9-48be-8ee3-4f8d96fefd9d","type":"fetch","rationale":"Inspect an already-known source before another generic query","step":5,"t":"2026-09-17T15:59:12.942Z"}
{"level":"info","event":"action","runId":"b24cd39b-35b9-48be-8ee3-4f8d96fefd9d","type":"challenge","rationale":"Disconfirm material conclusion: A primary source that directly contradicts this conclusion.","step":6,"t":"2026-09-17T15:59:12.952Z"}
{"level":"info","event":"action","runId":"b24cd39b-35b9-48be-8ee3-4f8d96fefd9d","type":"challenge","rationale":"No counterexample found in accessed primary sources. This is not proof that the conclusion is true.","step":7,"t":"2026-09-17T15:59:12.964Z"}
{"level":"info","event":"action","runId":"b24cd39b-35b9-48be-8ee3-4f8d96fefd9d","type":"synthesize","rationale":"decision_critical_gaps_resolved_or_unresolvable; high-impact claims supported or qualified; contradictions handled; remaining actions low expected value","step":8,"t":"2026-09-17T15:59:12.973Z"}
 ✓ test/p0-smoke.integration.test.ts (16 tests) 8090ms
   ✓ P0 smoke against shipped API/worker/postgres > R01 already-known constraint is stored and not re-asked  667ms
   ✓ P0 smoke against shipped API/worker/postgres > R04 false premise is reported and not invented  515ms
   ✓ P0 smoke against shipped API/worker/postgres > R05 source duplication clusters five reprints as one origin  575ms
   ✓ P0 smoke against shipped API/worker/postgres > R09 justified pivot opens a population-relevant source  605ms
   ✓ P0 smoke against shipped API/worker/postgres > R13 diminishing returns stops instead of exhausting a quota  473ms
   ✓ P0 smoke against shipped API/worker/postgres > E01 unknown citation ID blocks publication  536ms
   ✓ P0 smoke against shipped API/worker/postgres > E02 non-supporting citation is flagged  536ms
   ✓ P0 smoke against shipped API/worker/postgres > J03 crash after fetch recovers evidence without double settlement  550ms
   ✓ P0 smoke against shipped API/worker/postgres > J05 / V2-07 cancel during writing rejects late publication  327ms
   ✓ P0 smoke against shipped API/worker/postgres > S01 prompt injection cannot authorize tools or reveal keys  439ms
   ✓ P0 smoke against shipped API/worker/postgres > S09 deletion during run purges derived text and blocks resurrection  313ms
   ✓ P0 smoke against shipped API/worker/postgres > V2-08 stale worker lease cannot publish  303ms
   ✓ P0 smoke against shipped API/worker/postgres > correction reopens discovery when a hard budget constraint is relaxed  839ms
   ✓ P0 smoke against shipped API/worker/postgres > S05 private attachment canary is not copied into a public search query  519ms
   ✓ P0 smoke against shipped API/worker/postgres > GET events and report citations resolve to stored evidence IDs  540ms
{"level":"info","event":"action","runId":"db0eaa40-3246-4512-bd25-08b810079a67","type":"search","rationale":"Investigate an uncovered required question","step":0,"t":"2026-09-17T15:59:14.017Z"}
{"level":"info","event":"action","runId":"db0eaa40-3246-4512-bd25-08b810079a67","type":"fetch","rationale":"Inspect an already-known source before another generic query","step":0,"t":"2026-09-17T15:59:14.073Z"}
{"level":"info","event":"action","runId":"db0eaa40-3246-4512-bd25-08b810079a67","type":"fetch","rationale":"Inspect an already-known source before another generic query","step":1,"t":"2026-09-17T15:59:14.092Z"}
{"level":"info","event":"action","runId":"db0eaa40-3246-4512-bd25-08b810079a67","type":"fetch","rationale":"Inspect an already-known source before another generic query","step":2,"t":"2026-09-17T15:59:14.109Z"}
{"level":"info","event":"action","runId":"db0eaa40-3246-4512-bd25-08b810079a67","type":"challenge","rationale":"Disconfirm material conclusion: A primary source that directly contradicts this conclusion.","step":3,"t":"2026-09-17T15:59:14.130Z"}
{"level":"info","event":"action","runId":"db0eaa40-3246-4512-bd25-08b810079a67","type":"challenge","rationale":"No counterexample found in accessed primary sources. This is not proof that the conclusion is true.","step":4,"t":"2026-09-17T15:59:14.147Z"}
{"level":"info","event":"action","runId":"db0eaa40-3246-4512-bd25-08b810079a67","type":"synthesize","rationale":"decision_critical_gaps_resolved_or_unresolvable; high-impact claims supported or qualified; contradictions handled; remaining actions low expected value","step":5,"t":"2026-09-17T15:59:14.163Z"}
{"level":"info","event":"action","runId":"5d4a7045-1b38-493e-b407-4bcbae1a2999","type":"search","rationale":"Investigate an uncovered required question","step":0,"t":"2026-09-17T15:59:14.646Z"}
{"level":"info","event":"action","runId":"5d4a7045-1b38-493e-b407-4bcbae1a2999","type":"fetch","rationale":"Inspect an already-known source before another generic query","step":1,"t":"2026-09-17T15:59:14.675Z"}
{"level":"info","event":"action","runId":"5d4a7045-1b38-493e-b407-4bcbae1a2999","type":"fetch","rationale":"Inspect an already-known source before another generic query","step":2,"t":"2026-09-17T15:59:14.692Z"}
{"level":"info","event":"action","runId":"5d4a7045-1b38-493e-b407-4bcbae1a2999","type":"fetch","rationale":"Inspect an already-known source before another generic query","step":3,"t":"2026-09-17T15:59:14.708Z"}
{"level":"info","event":"action","runId":"5d4a7045-1b38-493e-b407-4bcbae1a2999","type":"challenge","rationale":"Disconfirm material conclusion: A primary source that directly contradicts this conclusion.","step":4,"t":"2026-09-17T15:59:14.726Z"}
{"level":"info","event":"action","runId":"5d4a7045-1b38-493e-b407-4bcbae1a2999","type":"challenge","rationale":"No counterexample found in accessed primary sources. This is not proof that the conclusion is true.","step":5,"t":"2026-09-17T15:59:14.740Z"}
{"level":"info","event":"action","runId":"5d4a7045-1b38-493e-b407-4bcbae1a2999","type":"synthesize","rationale":"decision_critical_gaps_resolved_or_unresolvable; high-impact claims supported or qualified; contradictions handled; remaining actions low expected value","step":6,"t":"2026-09-17T15:59:14.751Z"}
{"level":"info","event":"action","runId":"5d4a7045-1b38-493e-b407-4bcbae1a2999","type":"synthesize","rationale":"decision_critical_gaps_resolved_or_unresolvable; high-impact claims supported or qualified; contradictions handled; remaining actions low expected value","step":0,"t":"2026-09-17T15:59:14.974Z"}
 ✓ test/p4-recovery.integration.test.ts (2 tests) 1609ms
   ✓ P4 recovery drill against shipped worker/Postgres > crash after fetch: evidence kept, live lease not stolen, expired lease recovered without double-settle  667ms
   ✓ P4 recovery drill against shipped worker/Postgres > crash before publish then expired-lease failover: one report and one settlement  785ms
{"level":"info","event":"action","runId":"c7488c1d-1fb0-4331-ba24-a4db684b631e","type":"search","rationale":"Investigate an uncovered required question","step":0,"t":"2026-09-17T15:59:16.069Z"}
{"level":"info","event":"action","runId":"c7488c1d-1fb0-4331-ba24-a4db684b631e","type":"fetch","rationale":"Inspect an already-known source before another generic query","step":1,"t":"2026-09-17T15:59:16.107Z"}
{"level":"info","event":"action","runId":"c7488c1d-1fb0-4331-ba24-a4db684b631e","type":"fetch","rationale":"Inspect an already-known source before another generic query","step":2,"t":"2026-09-17T15:59:16.130Z"}
{"level":"info","event":"action","runId":"c7488c1d-1fb0-4331-ba24-a4db684b631e","type":"fetch","rationale":"Inspect an already-known source before another generic query","step":3,"t":"2026-09-17T15:59:16.147Z"}
{"level":"info","event":"action","runId":"c7488c1d-1fb0-4331-ba24-a4db684b631e","type":"fetch","rationale":"Inspect an already-known source before another generic query","step":4,"t":"2026-09-17T15:59:16.164Z"}
{"level":"info","event":"action","runId":"c7488c1d-1fb0-4331-ba24-a4db684b631e","type":"fetch","rationale":"Inspect an already-known source before another generic query","step":5,"t":"2026-09-17T15:59:16.180Z"}
{"level":"info","event":"action","runId":"c7488c1d-1fb0-4331-ba24-a4db684b631e","type":"challenge","rationale":"Disconfirm material conclusion: A primary source that directly contradicts this conclusion.","step":6,"t":"2026-09-17T15:59:16.198Z"}
{"level":"info","event":"action","runId":"c7488c1d-1fb0-4331-ba24-a4db684b631e","type":"challenge","rationale":"No counterexample found in accessed primary sources. This is not proof that the conclusion is true.","step":7,"t":"2026-09-17T15:59:16.215Z"}
{"level":"info","event":"action","runId":"c7488c1d-1fb0-4331-ba24-a4db684b631e","type":"synthesize","rationale":"decision_critical_gaps_resolved_or_unresolvable; high-impact claims supported or qualified; contradictions handled; remaining actions low expected value","step":8,"t":"2026-09-17T15:59:16.229Z"}
{"level":"info","event":"action","runId":"185aae38-c993-4547-bad8-2ac1e00e5ad6","type":"challenge","rationale":"Disconfirm material conclusion: A primary source that directly contradicts this conclusion.","step":0,"t":"2026-09-17T15:59:16.716Z"}
{"level":"info","event":"action","runId":"185aae38-c993-4547-bad8-2ac1e00e5ad6","type":"fetch","rationale":"Inspect an already-known source before another generic query","step":1,"t":"2026-09-17T15:59:16.742Z"}
{"level":"info","event":"action","runId":"185aae38-c993-4547-bad8-2ac1e00e5ad6","type":"fetch","rationale":"Inspect an already-known source before another generic query","step":2,"t":"2026-09-17T15:59:16.758Z"}
{"level":"info","event":"action","runId":"185aae38-c993-4547-bad8-2ac1e00e5ad6","type":"fetch","rationale":"Inspect an already-known source before another generic query","step":3,"t":"2026-09-17T15:59:16.773Z"}
{"level":"info","event":"action","runId":"185aae38-c993-4547-bad8-2ac1e00e5ad6","type":"challenge","rationale":"No counterexample found in accessed primary sources. This is not proof that the conclusion is true.","step":4,"t":"2026-09-17T15:59:16.803Z"}
{"level":"info","event":"action","runId":"185aae38-c993-4547-bad8-2ac1e00e5ad6","type":"synthesize","rationale":"decision_critical_gaps_resolved_or_unresolvable; high-impact claims supported or qualified; contradictions handled; remaining actions low expected value","step":5,"t":"2026-09-17T15:59:16.817Z"}
{"level":"info","event":"action","runId":"9b596993-1882-451e-b42c-9d1e322e906c","type":"search","rationale":"Investigate an uncovered required question","step":0,"t":"2026-09-17T15:59:17.302Z"}
{"level":"info","event":"action","runId":"9b596993-1882-451e-b42c-9d1e322e906c","type":"fetch","rationale":"Inspect an already-known source before another generic query","step":1,"t":"2026-09-17T15:59:17.325Z"}
{"level":"info","event":"action","runId":"9b596993-1882-451e-b42c-9d1e322e906c","type":"fetch","rationale":"Inspect an already-known source before another generic query","step":2,"t":"2026-09-17T15:59:17.340Z"}
{"level":"info","event":"action","runId":"9b596993-1882-451e-b42c-9d1e322e906c","type":"fetch","rationale":"Inspect an already-known source before another generic query","step":3,"t":"2026-09-17T15:59:17.354Z"}
{"level":"info","event":"action","runId":"9b596993-1882-451e-b42c-9d1e322e906c","type":"challenge","rationale":"Disconfirm material conclusion: A primary source that directly contradicts this conclusion.","step":4,"t":"2026-09-17T15:59:17.372Z"}
{"level":"info","event":"action","runId":"9b596993-1882-451e-b42c-9d1e322e906c","type":"challenge","rationale":"No counterexample found in accessed primary sources. This is not proof that the conclusion is true.","step":5,"t":"2026-09-17T15:59:17.387Z"}
{"level":"info","event":"action","runId":"9b596993-1882-451e-b42c-9d1e322e906c","type":"synthesize","rationale":"decision_critical_gaps_resolved_or_unresolvable; high-impact claims supported or qualified; contradictions handled; remaining actions low expected value","step":6,"t":"2026-09-17T15:59:17.399Z"}
{"level":"info","event":"action","runId":"bf42cb60-517a-4f2b-a183-5d7f6a8b81a1","type":"challenge","rationale":"Disconfirm material conclusion: A primary source that directly contradicts this conclusion.","step":0,"t":"2026-09-17T15:59:17.652Z"}
{"level":"info","event":"action","runId":"bf42cb60-517a-4f2b-a183-5d7f6a8b81a1","type":"fetch","rationale":"Inspect an already-known source before another generic query","step":1,"t":"2026-09-17T15:59:17.675Z"}
{"level":"info","event":"action","runId":"bf42cb60-517a-4f2b-a183-5d7f6a8b81a1","type":"fetch","rationale":"Inspect an already-known source before another generic query","step":2,"t":"2026-09-17T15:59:17.688Z"}
{"level":"info","event":"action","runId":"bf42cb60-517a-4f2b-a183-5d7f6a8b81a1","type":"fetch","rationale":"Inspect an already-known source before another generic query","step":3,"t":"2026-09-17T15:59:17.704Z"}
{"level":"info","event":"action","runId":"bf42cb60-517a-4f2b-a183-5d7f6a8b81a1","type":"challenge","rationale":"No counterexample found in accessed primary sources. This is not proof that the conclusion is true.","step":4,"t":"2026-09-17T15:59:17.720Z"}
{"level":"info","event":"action","runId":"bf42cb60-517a-4f2b-a183-5d7f6a8b81a1","type":"synthesize","rationale":"decision_critical_gaps_resolved_or_unresolvable; high-impact claims supported or qualified; contradictions handled; remaining actions low expected value","step":5,"t":"2026-09-17T15:59:17.732Z"}
{"level":"info","event":"action","runId":"b53a0657-f532-4303-92f1-200d78be477f","type":"search","rationale":"Investigate an uncovered required question","step":0,"t":"2026-09-17T15:59:17.988Z"}
{"level":"info","event":"action","runId":"b53a0657-f532-4303-92f1-200d78be477f","type":"fetch","rationale":"Inspect an already-known source before another generic query","step":1,"t":"2026-09-17T15:59:18.014Z"}
{"level":"info","event":"action","runId":"b53a0657-f532-4303-92f1-200d78be477f","type":"fetch","rationale":"Inspect an already-known source before another generic query","step":2,"t":"2026-09-17T15:59:18.027Z"}
{"level":"info","event":"action","runId":"b53a0657-f532-4303-92f1-200d78be477f","type":"fetch","rationale":"Inspect an already-known source before another generic query","step":3,"t":"2026-09-17T15:59:18.045Z"}
{"level":"info","event":"action","runId":"b53a0657-f532-4303-92f1-200d78be477f","type":"challenge","rationale":"Disconfirm material conclusion: A primary source that directly contradicts this conclusion.","step":4,"t":"2026-09-17T15:59:18.062Z"}
{"level":"info","event":"action","runId":"b53a0657-f532-4303-92f1-200d78be477f","type":"challenge","rationale":"No counterexample found in accessed primary sources. This is not proof that the conclusion is true.","step":5,"t":"2026-09-17T15:59:18.074Z"}
{"level":"info","event":"action","runId":"b53a0657-f532-4303-92f1-200d78be477f","type":"synthesize","rationale":"decision_critical_gaps_resolved_or_unresolvable; high-impact claims supported or qualified; contradictions handled; remaining actions low expected value","step":6,"t":"2026-09-17T15:59:18.084Z"}
{"level":"info","event":"action","runId":"fc710e30-6eac-4774-b710-4094182844be","type":"search","rationale":"Investigate an uncovered required question","step":0,"t":"2026-09-17T15:59:18.315Z"}
{"level":"info","event":"action","runId":"fc710e30-6eac-4774-b710-4094182844be","type":"fetch","rationale":"Inspect an already-known source before another generic query","step":1,"t":"2026-09-17T15:59:18.335Z"}
{"level":"info","event":"action","runId":"fc710e30-6eac-4774-b710-4094182844be","type":"fetch","rationale":"Inspect an already-known source before another generic query","step":2,"t":"2026-09-17T15:59:18.347Z"}
{"level":"info","event":"action","runId":"fc710e30-6eac-4774-b710-4094182844be","type":"fetch","rationale":"Inspect an already-known source before another generic query","step":3,"t":"2026-09-17T15:59:18.359Z"}
{"level":"info","event":"action","runId":"fc710e30-6eac-4774-b710-4094182844be","type":"fetch","rationale":"Inspect an already-known source before another generic query","step":4,"t":"2026-09-17T15:59:18.372Z"}
{"level":"info","event":"action","runId":"fc710e30-6eac-4774-b710-4094182844be","type":"fetch","rationale":"Inspect an already-known source before another generic query","step":5,"t":"2026-09-17T15:59:18.385Z"}
{"level":"info","event":"action","runId":"fc710e30-6eac-4774-b710-4094182844be","type":"challenge","rationale":"Disconfirm material conclusion: A primary source that directly contradicts this conclusion.","step":6,"t":"2026-09-17T15:59:18.398Z"}
{"level":"info","event":"action","runId":"fc710e30-6eac-4774-b710-4094182844be","type":"challenge","rationale":"No counterexample found in accessed primary sources. This is not proof that the conclusion is true.","step":7,"t":"2026-09-17T15:59:18.413Z"}
{"level":"info","event":"action","runId":"fc710e30-6eac-4774-b710-4094182844be","type":"synthesize","rationale":"decision_critical_gaps_resolved_or_unresolvable; high-impact claims supported or qualified; contradictions handled; remaining actions low expected value","step":8,"t":"2026-09-17T15:59:18.423Z"}
{"level":"info","event":"action","runId":"33f1ac5d-8935-4d1e-b515-a3aff922dc34","type":"search","rationale":"Investigate an uncovered required question","step":0,"t":"2026-09-17T15:59:18.849Z"}
{"level":"info","event":"action","runId":"33f1ac5d-8935-4d1e-b515-a3aff922dc34","type":"fetch","rationale":"Inspect an already-known source before another generic query","step":1,"t":"2026-09-17T15:59:18.873Z"}
{"level":"info","event":"action","runId":"33f1ac5d-8935-4d1e-b515-a3aff922dc34","type":"fetch","rationale":"Inspect an already-known source before another generic query","step":2,"t":"2026-09-17T15:59:18.886Z"}
{"level":"info","event":"action","runId":"33f1ac5d-8935-4d1e-b515-a3aff922dc34","type":"fetch","rationale":"Inspect an already-known source before another generic query","step":3,"t":"2026-09-17T15:59:18.899Z"}
{"level":"info","event":"action","runId":"33f1ac5d-8935-4d1e-b515-a3aff922dc34","type":"fetch","rationale":"Inspect an already-known source before another generic query","step":4,"t":"2026-09-17T15:59:18.912Z"}
{"level":"info","event":"action","runId":"33f1ac5d-8935-4d1e-b515-a3aff922dc34","type":"fetch","rationale":"Inspect an already-known source before another generic query","step":5,"t":"2026-09-17T15:59:18.925Z"}
{"level":"info","event":"action","runId":"33f1ac5d-8935-4d1e-b515-a3aff922dc34","type":"challenge","rationale":"Disconfirm material conclusion: A primary source that directly contradicts this conclusion.","step":6,"t":"2026-09-17T15:59:18.938Z"}
{"level":"info","event":"action","runId":"33f1ac5d-8935-4d1e-b515-a3aff922dc34","type":"challenge","rationale":"No counterexample found in accessed primary sources. This is not proof that the conclusion is true.","step":7,"t":"2026-09-17T15:59:18.952Z"}
{"level":"info","event":"action","runId":"33f1ac5d-8935-4d1e-b515-a3aff922dc34","type":"synthesize","rationale":"decision_critical_gaps_resolved_or_unresolvable; high-impact claims supported or qualified; contradictions handled; remaining actions low expected value","step":8,"t":"2026-09-17T15:59:18.964Z"}
{"level":"info","event":"action","runId":"595a1111-ab5c-4445-9185-b559f67dd5dc","type":"search","rationale":"Investigate an uncovered required question","step":0,"t":"2026-09-17T15:59:19.399Z"}
{"level":"info","event":"action","runId":"595a1111-ab5c-4445-9185-b559f67dd5dc","type":"fetch","rationale":"Inspect an already-known source before another generic query","step":1,"t":"2026-09-17T15:59:19.422Z"}
{"level":"info","event":"action","runId":"595a1111-ab5c-4445-9185-b559f67dd5dc","type":"fetch","rationale":"Inspect an already-known source before another generic query","step":2,"t":"2026-09-17T15:59:19.434Z"}
{"level":"info","event":"action","runId":"595a1111-ab5c-4445-9185-b559f67dd5dc","type":"fetch","rationale":"Inspect an already-known source before another generic query","step":3,"t":"2026-09-17T15:59:19.447Z"}
{"level":"info","event":"action","runId":"595a1111-ab5c-4445-9185-b559f67dd5dc","type":"challenge","rationale":"Disconfirm material conclusion: A primary source that directly contradicts this conclusion.","step":4,"t":"2026-09-17T15:59:19.465Z"}
{"level":"info","event":"action","runId":"595a1111-ab5c-4445-9185-b559f67dd5dc","type":"challenge","rationale":"No counterexample found in accessed primary sources. This is not proof that the conclusion is true.","step":5,"t":"2026-09-17T15:59:19.478Z"}
{"level":"info","event":"action","runId":"595a1111-ab5c-4445-9185-b559f67dd5dc","type":"synthesize","rationale":"decision_critical_gaps_resolved_or_unresolvable; high-impact claims supported or qualified; contradictions handled; remaining actions low expected value","step":6,"t":"2026-09-17T15:59:19.490Z"}
{"level":"info","event":"action","runId":"fa0faf3c-548f-4275-9374-5de85d77e3b2","type":"search","rationale":"Investigate an uncovered required question","step":0,"t":"2026-09-17T15:59:19.736Z"}
{"level":"info","event":"action","runId":"fa0faf3c-548f-4275-9374-5de85d77e3b2","type":"fetch","rationale":"Inspect an already-known source before another generic query","step":1,"t":"2026-09-17T15:59:19.757Z"}
{"level":"info","event":"action","runId":"fa0faf3c-548f-4275-9374-5de85d77e3b2","type":"fetch","rationale":"Inspect an already-known source before another generic query","step":2,"t":"2026-09-17T15:59:19.768Z"}
{"level":"info","event":"action","runId":"fa0faf3c-548f-4275-9374-5de85d77e3b2","type":"fetch","rationale":"Inspect an already-known source before another generic query","step":3,"t":"2026-09-17T15:59:19.781Z"}
{"level":"info","event":"action","runId":"fa0faf3c-548f-4275-9374-5de85d77e3b2","type":"challenge","rationale":"Disconfirm material conclusion: A primary source that directly contradicts this conclusion.","step":4,"t":"2026-09-17T15:59:19.796Z"}
{"level":"info","event":"action","runId":"fa0faf3c-548f-4275-9374-5de85d77e3b2","type":"challenge","rationale":"No counterexample found in accessed primary sources. This is not proof that the conclusion is true.","step":5,"t":"2026-09-17T15:59:19.810Z"}
{"level":"info","event":"action","runId":"fa0faf3c-548f-4275-9374-5de85d77e3b2","type":"synthesize","rationale":"decision_critical_gaps_resolved_or_unresolvable; high-impact claims supported or qualified; contradictions handled; remaining actions low expected value","step":6,"t":"2026-09-17T15:59:19.820Z"}
 ✓ test/g01-g02.integration.test.ts (9 tests) 4214ms
   ✓ G01 safety policy > G01-cross-user: another account cannot read run, events, report, source, export, or mutate  691ms
   ✓ G01 safety policy > G01-private-to-public: attachment canary is stored as evidence and omitted from search queries  565ms
   ✓ G01 safety policy > G01-consent: missing, declined, and revoked consent cannot start or continue processing  371ms
   ✓ G01 safety policy > G01-deletion: derived text is purged and a late worker cannot resurrect it  345ms
   ✓ G02 engineering requirement > G02-unknown-citation: invented passage IDs cannot publish  321ms
   ✓ G02 engineering requirement > G02-lost-run: an accepted create remains recoverable from the server after the client drops state  531ms
   ✓ G02 engineering requirement > G02-duplicate-debit: replayed completion and idempotent create settle once  555ms
   ✓ G02 engineering requirement > G02-stale-revision: obsolete brief, evidence, or lease cannot publish  340ms
   ✓ G02 engineering requirement > G02-cancel-writing: cancel during writing rejects late publication  324ms
{"level":"info","event":"action","runId":"b53c36a6-76c2-43ff-8ed4-4a371f2c2a65","type":"search","rationale":"Investigate an uncovered required question","step":0,"t":"2026-09-17T15:59:20.685Z"}
{"level":"info","event":"action","runId":"b53c36a6-76c2-43ff-8ed4-4a371f2c2a65","type":"stop","rationale":"action type reveal_keys is not a permitted research action","step":1,"t":"2026-09-17T15:59:20.709Z"}
{"level":"info","event":"action","runId":"c99e2b08-12f1-474b-90cb-eca23483b355","type":"search","rationale":"Investigate an uncovered required question","step":0,"t":"2026-09-17T15:59:21.164Z"}
{"level":"info","event":"action","runId":"c99e2b08-12f1-474b-90cb-eca23483b355","type":"search","rationale":"Decision-blocking gap: authoritative compatibility limitation. Switching source type to vendor-matrix.","step":1,"t":"2026-09-17T15:59:21.188Z"}
{"level":"info","event":"action","runId":"c99e2b08-12f1-474b-90cb-eca23483b355","type":"fetch","rationale":"Inspect the preferred source type (vendor-matrix) before more weak sources","step":2,"t":"2026-09-17T15:59:21.206Z"}
{"level":"info","event":"action","runId":"c99e2b08-12f1-474b-90cb-eca23483b355","type":"fetch","rationale":"Inspect an already-known source before another generic query","step":3,"t":"2026-09-17T15:59:21.223Z"}
{"level":"info","event":"action","runId":"c99e2b08-12f1-474b-90cb-eca23483b355","type":"fetch","rationale":"Inspect an already-known source before another generic query","step":4,"t":"2026-09-17T15:59:21.242Z"}
{"level":"info","event":"action","runId":"c99e2b08-12f1-474b-90cb-eca23483b355","type":"fetch","rationale":"Inspect an already-known source before another generic query","step":5,"t":"2026-09-17T15:59:21.258Z"}
{"level":"info","event":"action","runId":"c99e2b08-12f1-474b-90cb-eca23483b355","type":"verify","rationale":"Scope-check contradiction on compatibility before treating newest as correct","step":6,"t":"2026-09-17T15:59:21.272Z"}
{"level":"info","event":"action","runId":"c99e2b08-12f1-474b-90cb-eca23483b355","type":"challenge","rationale":"Disconfirm material conclusion: Official compatibility documentation that lists the named version as supported.","step":7,"t":"2026-09-17T15:59:21.286Z"}
{"level":"info","event":"action","runId":"c99e2b08-12f1-474b-90cb-eca23483b355","type":"challenge","rationale":"No counterexample found in accessed primary sources. This is not proof that the conclusion is true.","step":8,"t":"2026-09-17T15:59:21.303Z"}
{"level":"info","event":"action","runId":"c99e2b08-12f1-474b-90cb-eca23483b355","type":"synthesize","rationale":"decision_critical_gaps_resolved_or_unresolvable; high-impact claims supported or qualified; contradictions handled; remaining actions low expected value","step":9,"t":"2026-09-17T15:59:21.317Z"}
{"level":"info","event":"action","runId":"aa27b1aa-4d3a-4eba-bbd9-a506d90101a1","type":"search","rationale":"Investigate an uncovered required question","step":0,"t":"2026-09-17T15:59:21.765Z"}
{"level":"info","event":"action","runId":"aa27b1aa-4d3a-4eba-bbd9-a506d90101a1","type":"fetch","rationale":"Inspect an already-known source before another generic query","step":1,"t":"2026-09-17T15:59:21.790Z"}
{"level":"info","event":"action","runId":"aa27b1aa-4d3a-4eba-bbd9-a506d90101a1","type":"fetch","rationale":"Inspect an already-known source before another generic query","step":2,"t":"2026-09-17T15:59:21.805Z"}
{"level":"info","event":"action","runId":"aa27b1aa-4d3a-4eba-bbd9-a506d90101a1","type":"fetch","rationale":"Inspect an already-known source before another generic query","step":3,"t":"2026-09-17T15:59:21.819Z"}
{"level":"info","event":"action","runId":"aa27b1aa-4d3a-4eba-bbd9-a506d90101a1","type":"challenge","rationale":"Disconfirm material conclusion: A primary source that directly contradicts this conclusion.","step":4,"t":"2026-09-17T15:59:21.840Z"}
{"level":"info","event":"action","runId":"aa27b1aa-4d3a-4eba-bbd9-a506d90101a1","type":"challenge","rationale":"No counterexample found in accessed primary sources. This is not proof that the conclusion is true.","step":5,"t":"2026-09-17T15:59:21.854Z"}
{"level":"info","event":"action","runId":"aa27b1aa-4d3a-4eba-bbd9-a506d90101a1","type":"synthesize","rationale":"decision_critical_gaps_resolved_or_unresolvable; high-impact claims supported or qualified; contradictions handled; remaining actions low expected value","step":6,"t":"2026-09-17T15:59:21.868Z"}
{"level":"info","event":"action","runId":"df2187be-3447-4a60-9afb-223b536f50ed","type":"search","rationale":"Investigate an uncovered required question","step":0,"t":"2026-09-17T15:59:22.350Z"}
{"level":"info","event":"action","runId":"df2187be-3447-4a60-9afb-223b536f50ed","type":"search","rationale":"Investigate an uncovered required question","step":1,"t":"2026-09-17T15:59:22.380Z"}
{"level":"info","event":"action","runId":"df2187be-3447-4a60-9afb-223b536f50ed","type":"stop","rationale":"Repeated searches returned no novel source family or coverage progress","step":2,"t":"2026-09-17T15:59:22.398Z"}
 ✓ test/controller-admission.integration.test.ts (5 tests) 2550ms
   ✓ controller admission on the fixture worker path > rejects injected privileged proposals and still inspects remaining sources  523ms
   ✓ controller admission on the fixture worker path > records a source-type pivot and stop reason for a compatibility gap  617ms
   ✓ controller admission on the fixture worker path > unknown-dependency correction forces a full rerun  560ms
   ✓ controller admission on the fixture worker path > processRun records an issued live intent before the provider call for a well-formed search  496ms
{"level":"info","event":"action","runId":"af1fc240-5252-4549-a775-1953f857be78","type":"search","rationale":"Investigate an uncovered required question","step":0,"t":"2026-09-17T15:59:23.844Z"}
{"level":"info","event":"action","runId":"af1fc240-5252-4549-a775-1953f857be78","type":"fetch","rationale":"Inspect an already-known source before another generic query","step":1,"t":"2026-09-17T15:59:23.880Z"}
{"level":"info","event":"action","runId":"af1fc240-5252-4549-a775-1953f857be78","type":"fetch","rationale":"Inspect an already-known source before another generic query","step":2,"t":"2026-09-17T15:59:23.899Z"}
{"level":"info","event":"action","runId":"af1fc240-5252-4549-a775-1953f857be78","type":"fetch","rationale":"Inspect an already-known source before another generic query","step":3,"t":"2026-09-17T15:59:23.916Z"}
{"level":"info","event":"action","runId":"af1fc240-5252-4549-a775-1953f857be78","type":"fetch","rationale":"Inspect an already-known source before another generic query","step":4,"t":"2026-09-17T15:59:23.933Z"}
{"level":"info","event":"action","runId":"af1fc240-5252-4549-a775-1953f857be78","type":"fetch","rationale":"Inspect an already-known source before another generic query","step":5,"t":"2026-09-17T15:59:23.948Z"}
{"level":"info","event":"action","runId":"af1fc240-5252-4549-a775-1953f857be78","type":"challenge","rationale":"Disconfirm material conclusion: A primary source that directly contradicts this conclusion.","step":6,"t":"2026-09-17T15:59:23.968Z"}
{"level":"info","event":"action","runId":"af1fc240-5252-4549-a775-1953f857be78","type":"challenge","rationale":"No counterexample found in accessed primary sources. This is not proof that the conclusion is true.","step":7,"t":"2026-09-17T15:59:23.984Z"}
{"level":"info","event":"action","runId":"af1fc240-5252-4549-a775-1953f857be78","type":"synthesize","rationale":"decision_critical_gaps_resolved_or_unresolvable; high-impact claims supported or qualified; contradictions handled; remaining actions low expected value","step":8,"t":"2026-09-17T15:59:24.004Z"}
 ✓ test/g07-output.integration.test.ts (3 tests) 1233ms
   ✓ G07 / M10 in-app output reporting and privacy disclosure > M10 includeExcerpt stores owned answer text; omitting it stores no excerpt; other accounts are denied  681ms
{"level":"info","event":"action","runId":"5d4c8e25-1aca-4186-9211-3d23670f7281","type":"search","rationale":"Investigate an uncovered required question","step":0,"t":"2026-09-17T15:59:25.491Z"}
{"level":"info","event":"action","runId":"5d4c8e25-1aca-4186-9211-3d23670f7281","type":"fetch","rationale":"Inspect an already-known source before another generic query","step":1,"t":"2026-09-17T15:59:25.530Z"}
{"level":"info","event":"action","runId":"5d4c8e25-1aca-4186-9211-3d23670f7281","type":"fetch","rationale":"Inspect an already-known source before another generic query","step":2,"t":"2026-09-17T15:59:25.548Z"}
{"level":"info","event":"action","runId":"5d4c8e25-1aca-4186-9211-3d23670f7281","type":"fetch","rationale":"Inspect an already-known source before another generic query","step":3,"t":"2026-09-17T15:59:25.566Z"}
{"level":"info","event":"action","runId":"5d4c8e25-1aca-4186-9211-3d23670f7281","type":"challenge","rationale":"Disconfirm material conclusion: A primary source that directly contradicts this conclusion.","step":4,"t":"2026-09-17T15:59:25.586Z"}
{"level":"info","event":"action","runId":"5d4c8e25-1aca-4186-9211-3d23670f7281","type":"challenge","rationale":"No counterexample found in accessed primary sources. This is not proof that the conclusion is true.","step":5,"t":"2026-09-17T15:59:25.605Z"}
{"level":"info","event":"action","runId":"5d4c8e25-1aca-4186-9211-3d23670f7281","type":"synthesize","rationale":"decision_critical_gaps_resolved_or_unresolvable; high-impact claims supported or qualified; contradictions handled; remaining actions low expected value","step":6,"t":"2026-09-17T15:59:25.618Z"}
 ✓ test/g06-cost.integration.test.ts (2 tests) 1041ms
   ✓ G06 local capability probe and measured fixture cost > GET /v1/runs/:id/cost reconciles spent_micro to fixture intents and denies other accounts  651ms
 ✓ test/v6-execution.integration.test.ts (9 tests) 448ms
 ✓ test/v6-publication.integration.test.ts (19 tests) 340ms
 ✓ test/v6-ingestion.integration.test.ts (1 test) 88ms
 ✓ test/pinned-http.integration.test.ts (3 tests) 84ms

 Test Files  12 passed (12)
      Tests  139 passed (139)
   Start at  09:58:19
   Duration  68.60s (transform 1.09s, setup 0ms, collect 3.37s, tests 62.86s, environment 2ms, prepare 874ms)

