
> deep-research-mobile@0.1.0 test:integration /home/oranolio/Desktop/Deep
> pnpm --filter @deep/backend test:integration


> @deep/backend@0.1.0 test:integration /home/oranolio/Desktop/Deep/apps/backend
> vitest run --config vitest.integration.config.ts


 RUN  v3.2.7 /home/oranolio/Desktop/Deep/apps/backend

{"level":"info","event":"action","runId":"53609e3e-51c0-4092-a92f-cbbbde56fea7","type":"search","rationale":"Investigate an uncovered required question","step":0,"t":"2026-09-17T17:28:20.175Z"}
{"level":"info","event":"action","runId":"53609e3e-51c0-4092-a92f-cbbbde56fea7","type":"fetch","rationale":"Inspect an already-known source before another generic query","step":1,"t":"2026-09-17T17:28:20.215Z"}
{"level":"info","event":"action","runId":"53609e3e-51c0-4092-a92f-cbbbde56fea7","type":"fetch","rationale":"Inspect an already-known source before another generic query","step":2,"t":"2026-09-17T17:28:20.233Z"}
{"level":"info","event":"action","runId":"53609e3e-51c0-4092-a92f-cbbbde56fea7","type":"fetch","rationale":"Inspect an already-known source before another generic query","step":3,"t":"2026-09-17T17:28:20.251Z"}
{"level":"info","event":"action","runId":"53609e3e-51c0-4092-a92f-cbbbde56fea7","type":"challenge","rationale":"Disconfirm material conclusion: A primary source that directly contradicts this conclusion.","step":4,"t":"2026-09-17T17:28:20.272Z"}
{"level":"info","event":"action","runId":"53609e3e-51c0-4092-a92f-cbbbde56fea7","type":"challenge","rationale":"No counterexample found in accessed primary sources. This is not proof that the conclusion is true.","step":5,"t":"2026-09-17T17:28:20.290Z"}
{"level":"info","event":"action","runId":"53609e3e-51c0-4092-a92f-cbbbde56fea7","type":"synthesize","rationale":"decision_critical_gaps_resolved_or_unresolvable; high-impact claims supported or qualified; contradictions handled; remaining actions low expected value","step":6,"t":"2026-09-17T17:28:20.306Z"}
{"level":"info","event":"action","runId":"20f0c06a-c28c-461c-ab59-62fd729b2246","type":"search","rationale":"Investigate an uncovered required question","step":0,"t":"2026-09-17T17:28:20.810Z"}
{"level":"info","event":"action","runId":"20f0c06a-c28c-461c-ab59-62fd729b2246","type":"fetch","rationale":"Inspect an already-known source before another generic query","step":1,"t":"2026-09-17T17:28:20.831Z"}
{"level":"info","event":"action","runId":"20f0c06a-c28c-461c-ab59-62fd729b2246","type":"fetch","rationale":"Inspect an already-known source before another generic query","step":2,"t":"2026-09-17T17:28:20.850Z"}
{"level":"info","event":"action","runId":"20f0c06a-c28c-461c-ab59-62fd729b2246","type":"challenge","rationale":"Disconfirm material conclusion: A primary source that directly contradicts this conclusion.","step":3,"t":"2026-09-17T17:28:20.866Z"}
{"level":"info","event":"action","runId":"20f0c06a-c28c-461c-ab59-62fd729b2246","type":"challenge","rationale":"No counterexample found in accessed primary sources. This is not proof that the conclusion is true.","step":4,"t":"2026-09-17T17:28:20.883Z"}
{"level":"info","event":"action","runId":"20f0c06a-c28c-461c-ab59-62fd729b2246","type":"synthesize","rationale":"decision_critical_gaps_resolved_or_unresolvable; high-impact claims supported or qualified; contradictions handled; remaining actions low expected value","step":5,"t":"2026-09-17T17:28:20.895Z"}
{"level":"info","event":"action","runId":"b2f7313d-057f-426c-aa00-1f413a91906b","type":"search","rationale":"Investigate an uncovered required question","step":0,"t":"2026-09-17T17:28:21.332Z"}
{"level":"info","event":"action","runId":"b2f7313d-057f-426c-aa00-1f413a91906b","type":"fetch","rationale":"Inspect an already-known source before another generic query","step":1,"t":"2026-09-17T17:28:21.356Z"}
{"level":"info","event":"action","runId":"b2f7313d-057f-426c-aa00-1f413a91906b","type":"fetch","rationale":"Inspect an already-known source before another generic query","step":2,"t":"2026-09-17T17:28:21.378Z"}
{"level":"info","event":"action","runId":"b2f7313d-057f-426c-aa00-1f413a91906b","type":"fetch","rationale":"Inspect an already-known source before another generic query","step":3,"t":"2026-09-17T17:28:21.395Z"}
{"level":"info","event":"action","runId":"b2f7313d-057f-426c-aa00-1f413a91906b","type":"challenge","rationale":"Disconfirm material conclusion: A primary source that directly contradicts this conclusion.","step":4,"t":"2026-09-17T17:28:21.413Z"}
{"level":"info","event":"action","runId":"b2f7313d-057f-426c-aa00-1f413a91906b","type":"challenge","rationale":"No counterexample found in accessed primary sources. This is not proof that the conclusion is true.","step":5,"t":"2026-09-17T17:28:21.427Z"}
{"level":"info","event":"action","runId":"b2f7313d-057f-426c-aa00-1f413a91906b","type":"synthesize","rationale":"decision_critical_gaps_resolved_or_unresolvable; high-impact claims supported or qualified; contradictions handled; remaining actions low expected value","step":6,"t":"2026-09-17T17:28:21.442Z"}
{"level":"info","event":"action","runId":"77b7c911-ebbe-4d0d-984b-d38a3784cd40","type":"search","rationale":"Investigate an uncovered required question","step":0,"t":"2026-09-17T17:28:21.885Z"}
{"level":"info","event":"action","runId":"77b7c911-ebbe-4d0d-984b-d38a3784cd40","type":"fetch","rationale":"Inspect an already-known source before another generic query","step":1,"t":"2026-09-17T17:28:21.904Z"}
{"level":"info","event":"action","runId":"77b7c911-ebbe-4d0d-984b-d38a3784cd40","type":"fetch","rationale":"Inspect an already-known source before another generic query","step":2,"t":"2026-09-17T17:28:21.917Z"}
{"level":"info","event":"action","runId":"77b7c911-ebbe-4d0d-984b-d38a3784cd40","type":"challenge","rationale":"Disconfirm material conclusion: A primary source that directly contradicts this conclusion.","step":3,"t":"2026-09-17T17:28:21.930Z"}
{"level":"info","event":"action","runId":"77b7c911-ebbe-4d0d-984b-d38a3784cd40","type":"challenge","rationale":"No counterexample found in accessed primary sources. This is not proof that the conclusion is true.","step":4,"t":"2026-09-17T17:28:21.943Z"}
{"level":"info","event":"action","runId":"77b7c911-ebbe-4d0d-984b-d38a3784cd40","type":"synthesize","rationale":"decision_critical_gaps_resolved_or_unresolvable; high-impact claims supported or qualified; contradictions handled; remaining actions low expected value","step":5,"t":"2026-09-17T17:28:21.953Z"}
{"level":"info","event":"action","runId":"e1d9673a-3cf8-4db5-b5f7-d30c9c62c726","type":"search","rationale":"Investigate an uncovered required question","step":0,"t":"2026-09-17T17:28:22.396Z"}
{"level":"info","event":"action","runId":"e1d9673a-3cf8-4db5-b5f7-d30c9c62c726","type":"fetch","rationale":"Inspect an already-known source before another generic query","step":1,"t":"2026-09-17T17:28:22.414Z"}
{"level":"info","event":"action","runId":"e1d9673a-3cf8-4db5-b5f7-d30c9c62c726","type":"challenge","rationale":"Disconfirm material conclusion: A primary source that directly contradicts this conclusion.","step":2,"t":"2026-09-17T17:28:22.428Z"}
{"level":"info","event":"action","runId":"e1d9673a-3cf8-4db5-b5f7-d30c9c62c726","type":"challenge","rationale":"No counterexample found in accessed primary sources. This is not proof that the conclusion is true.","step":3,"t":"2026-09-17T17:28:22.441Z"}
{"level":"info","event":"action","runId":"e1d9673a-3cf8-4db5-b5f7-d30c9c62c726","type":"synthesize","rationale":"decision_critical_gaps_resolved_or_unresolvable; high-impact claims supported or qualified; contradictions handled; remaining actions low expected value","step":4,"t":"2026-09-17T17:28:22.451Z"}
{"level":"info","event":"action","runId":"7c6868ed-e6e8-45be-8c17-0d2939e17204","type":"search","rationale":"Investigate an uncovered required question","step":0,"t":"2026-09-17T17:28:22.895Z"}
{"level":"info","event":"action","runId":"7c6868ed-e6e8-45be-8c17-0d2939e17204","type":"fetch","rationale":"Inspect an already-known source before another generic query","step":1,"t":"2026-09-17T17:28:22.919Z"}
{"level":"info","event":"action","runId":"7c6868ed-e6e8-45be-8c17-0d2939e17204","type":"fetch","rationale":"Inspect an already-known source before another generic query","step":2,"t":"2026-09-17T17:28:22.932Z"}
{"level":"info","event":"action","runId":"7c6868ed-e6e8-45be-8c17-0d2939e17204","type":"fetch","rationale":"Inspect an already-known source before another generic query","step":3,"t":"2026-09-17T17:28:22.945Z"}
{"level":"info","event":"action","runId":"7c6868ed-e6e8-45be-8c17-0d2939e17204","type":"challenge","rationale":"Disconfirm material conclusion: A primary source that directly contradicts this conclusion.","step":4,"t":"2026-09-17T17:28:22.962Z"}
{"level":"info","event":"action","runId":"7c6868ed-e6e8-45be-8c17-0d2939e17204","type":"challenge","rationale":"No counterexample found in accessed primary sources. This is not proof that the conclusion is true.","step":5,"t":"2026-09-17T17:28:22.973Z"}
{"level":"info","event":"action","runId":"7c6868ed-e6e8-45be-8c17-0d2939e17204","type":"synthesize","rationale":"decision_critical_gaps_resolved_or_unresolvable; high-impact claims supported or qualified; contradictions handled; remaining actions low expected value","step":6,"t":"2026-09-17T17:28:22.984Z"}
{"level":"info","event":"action","runId":"06575117-620c-46e9-91ef-6411f919fff7","type":"search","rationale":"Investigate an uncovered required question","step":0,"t":"2026-09-17T17:28:23.442Z"}
{"level":"info","event":"action","runId":"06575117-620c-46e9-91ef-6411f919fff7","type":"fetch","rationale":"Inspect an already-known source before another generic query","step":1,"t":"2026-09-17T17:28:23.463Z"}
{"level":"info","event":"action","runId":"06575117-620c-46e9-91ef-6411f919fff7","type":"fetch","rationale":"Inspect an already-known source before another generic query","step":2,"t":"2026-09-17T17:28:23.477Z"}
{"level":"info","event":"action","runId":"06575117-620c-46e9-91ef-6411f919fff7","type":"fetch","rationale":"Inspect an already-known source before another generic query","step":3,"t":"2026-09-17T17:28:23.490Z"}
{"level":"info","event":"action","runId":"06575117-620c-46e9-91ef-6411f919fff7","type":"fetch","rationale":"Inspect an already-known source before another generic query","step":4,"t":"2026-09-17T17:28:23.503Z"}
{"level":"info","event":"action","runId":"06575117-620c-46e9-91ef-6411f919fff7","type":"fetch","rationale":"Inspect an already-known source before another generic query","step":5,"t":"2026-09-17T17:28:23.516Z"}
{"level":"info","event":"action","runId":"06575117-620c-46e9-91ef-6411f919fff7","type":"challenge","rationale":"Disconfirm material conclusion: A primary source that directly contradicts this conclusion.","step":6,"t":"2026-09-17T17:28:23.531Z"}
{"level":"info","event":"action","runId":"06575117-620c-46e9-91ef-6411f919fff7","type":"challenge","rationale":"No counterexample found in accessed primary sources. This is not proof that the conclusion is true.","step":7,"t":"2026-09-17T17:28:23.544Z"}
{"level":"info","event":"action","runId":"06575117-620c-46e9-91ef-6411f919fff7","type":"synthesize","rationale":"decision_critical_gaps_resolved_or_unresolvable; high-impact claims supported or qualified; contradictions handled; remaining actions low expected value","step":8,"t":"2026-09-17T17:28:23.555Z"}
{"level":"info","event":"action","runId":"0466a650-5e84-4d5d-975a-29396e3b35ae","type":"challenge","rationale":"Disconfirm material conclusion: A primary source that directly contradicts this conclusion.","step":0,"t":"2026-09-17T17:28:24.038Z"}
{"level":"info","event":"action","runId":"0466a650-5e84-4d5d-975a-29396e3b35ae","type":"fetch","rationale":"Inspect an already-known source before another generic query","step":1,"t":"2026-09-17T17:28:24.060Z"}
{"level":"info","event":"action","runId":"0466a650-5e84-4d5d-975a-29396e3b35ae","type":"fetch","rationale":"Inspect an already-known source before another generic query","step":2,"t":"2026-09-17T17:28:24.074Z"}
{"level":"info","event":"action","runId":"0466a650-5e84-4d5d-975a-29396e3b35ae","type":"fetch","rationale":"Inspect an already-known source before another generic query","step":3,"t":"2026-09-17T17:28:24.086Z"}
{"level":"info","event":"action","runId":"0466a650-5e84-4d5d-975a-29396e3b35ae","type":"challenge","rationale":"No counterexample found in accessed primary sources. This is not proof that the conclusion is true.","step":4,"t":"2026-09-17T17:28:24.103Z"}
{"level":"info","event":"action","runId":"0466a650-5e84-4d5d-975a-29396e3b35ae","type":"synthesize","rationale":"decision_critical_gaps_resolved_or_unresolvable; high-impact claims supported or qualified; contradictions handled; remaining actions low expected value","step":5,"t":"2026-09-17T17:28:24.114Z"}
{"level":"info","event":"action","runId":"13bab6e5-8dee-46ad-95fc-d93de412a4be","type":"search","rationale":"Investigate an uncovered required question","step":0,"t":"2026-09-17T17:28:24.576Z"}
{"level":"info","event":"action","runId":"13bab6e5-8dee-46ad-95fc-d93de412a4be","type":"fetch","rationale":"Inspect an already-known source before another generic query","step":1,"t":"2026-09-17T17:28:24.595Z"}
{"level":"info","event":"action","runId":"13bab6e5-8dee-46ad-95fc-d93de412a4be","type":"fetch","rationale":"Inspect an already-known source before another generic query","step":2,"t":"2026-09-17T17:28:24.608Z"}
{"level":"info","event":"action","runId":"13bab6e5-8dee-46ad-95fc-d93de412a4be","type":"fetch","rationale":"Inspect an already-known source before another generic query","step":3,"t":"2026-09-17T17:28:24.621Z"}
{"level":"info","event":"action","runId":"13bab6e5-8dee-46ad-95fc-d93de412a4be","type":"challenge","rationale":"Disconfirm material conclusion: A hard-constraint violation for a candidate currently marked eligible.","step":4,"t":"2026-09-17T17:28:24.634Z"}
{"level":"info","event":"action","runId":"13bab6e5-8dee-46ad-95fc-d93de412a4be","type":"challenge","rationale":"No counterexample found in accessed primary sources. This is not proof that the conclusion is true.","step":5,"t":"2026-09-17T17:28:24.647Z"}
{"level":"info","event":"action","runId":"13bab6e5-8dee-46ad-95fc-d93de412a4be","type":"synthesize","rationale":"decision_critical_gaps_resolved_or_unresolvable; high-impact claims supported or qualified; contradictions handled; remaining actions low expected value","step":6,"t":"2026-09-17T17:28:24.658Z"}
{"level":"info","event":"action","runId":"cce9db35-c0b8-4bfa-b9c0-038d5a349f6c","type":"search","rationale":"Investigate an uncovered required question","step":0,"t":"2026-09-17T17:28:25.127Z"}
{"level":"info","event":"action","runId":"cce9db35-c0b8-4bfa-b9c0-038d5a349f6c","type":"fetch","rationale":"Inspect an already-known source before another generic query","step":1,"t":"2026-09-17T17:28:25.146Z"}
{"level":"info","event":"action","runId":"cce9db35-c0b8-4bfa-b9c0-038d5a349f6c","type":"fetch","rationale":"Inspect an already-known source before another generic query","step":2,"t":"2026-09-17T17:28:25.159Z"}
{"level":"info","event":"action","runId":"cce9db35-c0b8-4bfa-b9c0-038d5a349f6c","type":"fetch","rationale":"Inspect an already-known source before another generic query","step":3,"t":"2026-09-17T17:28:25.173Z"}
{"level":"info","event":"action","runId":"cce9db35-c0b8-4bfa-b9c0-038d5a349f6c","type":"challenge","rationale":"Disconfirm material conclusion: A hard-constraint violation for a candidate currently marked eligible.","step":4,"t":"2026-09-17T17:28:25.187Z"}
{"level":"info","event":"action","runId":"cce9db35-c0b8-4bfa-b9c0-038d5a349f6c","type":"challenge","rationale":"No counterexample found in accessed primary sources. This is not proof that the conclusion is true.","step":5,"t":"2026-09-17T17:28:25.200Z"}
{"level":"info","event":"action","runId":"cce9db35-c0b8-4bfa-b9c0-038d5a349f6c","type":"synthesize","rationale":"decision_critical_gaps_resolved_or_unresolvable; high-impact claims supported or qualified; contradictions handled; remaining actions low expected value","step":6,"t":"2026-09-17T17:28:25.211Z"}
{"level":"info","event":"action","runId":"ee37d0ce-f317-4cca-b399-fbb13485a383","type":"search","rationale":"Investigate an uncovered required question","step":0,"t":"2026-09-17T17:28:25.468Z"}
{"level":"info","event":"action","runId":"ee37d0ce-f317-4cca-b399-fbb13485a383","type":"fetch","rationale":"Inspect an already-known source before another generic query","step":1,"t":"2026-09-17T17:28:25.483Z"}
{"level":"info","event":"action","runId":"ee37d0ce-f317-4cca-b399-fbb13485a383","type":"fetch","rationale":"Inspect an already-known source before another generic query","step":2,"t":"2026-09-17T17:28:25.497Z"}
{"level":"info","event":"action","runId":"ee37d0ce-f317-4cca-b399-fbb13485a383","type":"fetch","rationale":"Inspect an already-known source before another generic query","step":3,"t":"2026-09-17T17:28:25.512Z"}
{"level":"info","event":"action","runId":"ee37d0ce-f317-4cca-b399-fbb13485a383","type":"challenge","rationale":"Disconfirm material conclusion: A hard-constraint violation for a candidate currently marked eligible.","step":4,"t":"2026-09-17T17:28:25.526Z"}
{"level":"info","event":"action","runId":"ee37d0ce-f317-4cca-b399-fbb13485a383","type":"challenge","rationale":"Disconfirm material conclusion: A hard-constraint violation for a candidate currently marked eligible.","step":5,"t":"2026-09-17T17:28:25.540Z"}
{"level":"info","event":"action","runId":"ee37d0ce-f317-4cca-b399-fbb13485a383","type":"challenge","rationale":"Disconfirm material conclusion: A hard-constraint violation for a candidate currently marked eligible.","step":6,"t":"2026-09-17T17:28:25.554Z"}
{"level":"info","event":"action","runId":"ee37d0ce-f317-4cca-b399-fbb13485a383","type":"challenge","rationale":"Disconfirm material conclusion: A hard-constraint violation for a candidate currently marked eligible.","step":7,"t":"2026-09-17T17:28:25.570Z"}
{"level":"info","event":"action","runId":"ee37d0ce-f317-4cca-b399-fbb13485a383","type":"challenge","rationale":"Disconfirm material conclusion: A hard-constraint violation for a candidate currently marked eligible.","step":8,"t":"2026-09-17T17:28:25.585Z"}
{"level":"info","event":"action","runId":"ee37d0ce-f317-4cca-b399-fbb13485a383","type":"challenge","rationale":"Disconfirm material conclusion: A hard-constraint violation for a candidate currently marked eligible.","step":9,"t":"2026-09-17T17:28:25.598Z"}
{"level":"info","event":"action","runId":"ee37d0ce-f317-4cca-b399-fbb13485a383","type":"challenge","rationale":"Disconfirm material conclusion: A hard-constraint violation for a candidate currently marked eligible.","step":10,"t":"2026-09-17T17:28:25.613Z"}
{"level":"info","event":"action","runId":"ee37d0ce-f317-4cca-b399-fbb13485a383","type":"challenge","rationale":"No counterexample found in accessed primary sources. This is not proof that the conclusion is true.","step":11,"t":"2026-09-17T17:28:25.627Z"}
{"level":"info","event":"action","runId":"ee37d0ce-f317-4cca-b399-fbb13485a383","type":"stop","rationale":"Repeated searches returned no novel source family or coverage progress","step":12,"t":"2026-09-17T17:28:25.639Z"}
{"level":"info","event":"action","runId":"5ee623cb-ba14-44fd-9d9c-7c43692da280","type":"search","rationale":"Investigate an uncovered required question","step":0,"t":"2026-09-17T17:28:26.098Z"}
{"level":"info","event":"action","runId":"5ee623cb-ba14-44fd-9d9c-7c43692da280","type":"fetch","rationale":"Inspect an already-known source before another generic query","step":1,"t":"2026-09-17T17:28:26.118Z"}
{"level":"info","event":"action","runId":"5ee623cb-ba14-44fd-9d9c-7c43692da280","type":"fetch","rationale":"Inspect an already-known source before another generic query","step":2,"t":"2026-09-17T17:28:26.132Z"}
{"level":"info","event":"action","runId":"5ee623cb-ba14-44fd-9d9c-7c43692da280","type":"fetch","rationale":"Inspect an already-known source before another generic query","step":3,"t":"2026-09-17T17:28:26.148Z"}
{"level":"info","event":"action","runId":"5ee623cb-ba14-44fd-9d9c-7c43692da280","type":"challenge","rationale":"Disconfirm material conclusion: A hard-constraint violation for a candidate currently marked eligible.","step":4,"t":"2026-09-17T17:28:26.165Z"}
{"level":"info","event":"action","runId":"5ee623cb-ba14-44fd-9d9c-7c43692da280","type":"challenge","rationale":"No counterexample found in accessed primary sources. This is not proof that the conclusion is true.","step":5,"t":"2026-09-17T17:28:26.180Z"}
{"level":"info","event":"action","runId":"5ee623cb-ba14-44fd-9d9c-7c43692da280","type":"synthesize","rationale":"decision_critical_gaps_resolved_or_unresolvable; high-impact claims supported or qualified; contradictions handled; remaining actions low expected value","step":6,"t":"2026-09-17T17:28:26.193Z"}
{"level":"info","event":"action","runId":"a339ea0b-b8da-458b-9b90-0dc01a49d0fd","type":"search","rationale":"Investigate an uncovered required question","step":0,"t":"2026-09-17T17:28:26.464Z"}
{"level":"info","event":"action","runId":"a339ea0b-b8da-458b-9b90-0dc01a49d0fd","type":"fetch","rationale":"Inspect an already-known source before another generic query","step":1,"t":"2026-09-17T17:28:26.479Z"}
{"level":"info","event":"action","runId":"a339ea0b-b8da-458b-9b90-0dc01a49d0fd","type":"fetch","rationale":"Inspect an already-known source before another generic query","step":2,"t":"2026-09-17T17:28:26.493Z"}
{"level":"info","event":"action","runId":"a339ea0b-b8da-458b-9b90-0dc01a49d0fd","type":"fetch","rationale":"Inspect an already-known source before another generic query","step":3,"t":"2026-09-17T17:28:26.507Z"}
{"level":"info","event":"action","runId":"a339ea0b-b8da-458b-9b90-0dc01a49d0fd","type":"challenge","rationale":"Disconfirm material conclusion: A hard-constraint violation for a candidate currently marked eligible.","step":4,"t":"2026-09-17T17:28:26.522Z"}
{"level":"info","event":"action","runId":"a339ea0b-b8da-458b-9b90-0dc01a49d0fd","type":"challenge","rationale":"Disconfirm material conclusion: A hard-constraint violation for a candidate currently marked eligible.","step":5,"t":"2026-09-17T17:28:26.536Z"}
{"level":"info","event":"action","runId":"a339ea0b-b8da-458b-9b90-0dc01a49d0fd","type":"challenge","rationale":"Disconfirm material conclusion: A hard-constraint violation for a candidate currently marked eligible.","step":6,"t":"2026-09-17T17:28:26.551Z"}
{"level":"info","event":"action","runId":"a339ea0b-b8da-458b-9b90-0dc01a49d0fd","type":"challenge","rationale":"Disconfirm material conclusion: A hard-constraint violation for a candidate currently marked eligible.","step":7,"t":"2026-09-17T17:28:26.565Z"}
{"level":"info","event":"action","runId":"a339ea0b-b8da-458b-9b90-0dc01a49d0fd","type":"challenge","rationale":"Disconfirm material conclusion: A hard-constraint violation for a candidate currently marked eligible.","step":8,"t":"2026-09-17T17:28:26.581Z"}
{"level":"info","event":"action","runId":"a339ea0b-b8da-458b-9b90-0dc01a49d0fd","type":"challenge","rationale":"Disconfirm material conclusion: A hard-constraint violation for a candidate currently marked eligible.","step":9,"t":"2026-09-17T17:28:26.597Z"}
{"level":"info","event":"action","runId":"a339ea0b-b8da-458b-9b90-0dc01a49d0fd","type":"challenge","rationale":"Disconfirm material conclusion: A hard-constraint violation for a candidate currently marked eligible.","step":10,"t":"2026-09-17T17:28:26.611Z"}
{"level":"info","event":"action","runId":"a339ea0b-b8da-458b-9b90-0dc01a49d0fd","type":"challenge","rationale":"No counterexample found in accessed primary sources. This is not proof that the conclusion is true.","step":11,"t":"2026-09-17T17:28:26.626Z"}
{"level":"info","event":"action","runId":"a339ea0b-b8da-458b-9b90-0dc01a49d0fd","type":"stop","rationale":"Repeated searches returned no novel source family or coverage progress","step":12,"t":"2026-09-17T17:28:26.638Z"}
{"level":"info","event":"action","runId":"483770ba-e9b8-44d5-8508-3b47c59c0371","type":"challenge","rationale":"Disconfirm material conclusion: A primary source that directly contradicts this conclusion.","step":0,"t":"2026-09-17T17:28:27.103Z"}
{"level":"info","event":"action","runId":"483770ba-e9b8-44d5-8508-3b47c59c0371","type":"fetch","rationale":"Inspect an already-known source before another generic query","step":1,"t":"2026-09-17T17:28:27.128Z"}
{"level":"info","event":"action","runId":"483770ba-e9b8-44d5-8508-3b47c59c0371","type":"fetch","rationale":"Inspect an already-known source before another generic query","step":2,"t":"2026-09-17T17:28:27.145Z"}
{"level":"info","event":"action","runId":"483770ba-e9b8-44d5-8508-3b47c59c0371","type":"fetch","rationale":"Inspect an already-known source before another generic query","step":3,"t":"2026-09-17T17:28:27.161Z"}
{"level":"info","event":"action","runId":"483770ba-e9b8-44d5-8508-3b47c59c0371","type":"challenge","rationale":"No counterexample found in accessed primary sources. This is not proof that the conclusion is true.","step":4,"t":"2026-09-17T17:28:27.179Z"}
{"level":"info","event":"action","runId":"483770ba-e9b8-44d5-8508-3b47c59c0371","type":"synthesize","rationale":"decision_critical_gaps_resolved_or_unresolvable; high-impact claims supported or qualified; contradictions handled; remaining actions low expected value","step":5,"t":"2026-09-17T17:28:27.192Z"}
{"level":"info","event":"action","runId":"96dc8846-7cb9-4dd3-828c-29a76f5f41f9","type":"search","rationale":"Investigate an uncovered required question","step":0,"t":"2026-09-17T17:28:27.692Z"}
{"level":"info","event":"action","runId":"96dc8846-7cb9-4dd3-828c-29a76f5f41f9","type":"fetch","rationale":"Inspect an already-known source before another generic query","step":1,"t":"2026-09-17T17:28:27.718Z"}
{"level":"info","event":"action","runId":"96dc8846-7cb9-4dd3-828c-29a76f5f41f9","type":"fetch","rationale":"Inspect an already-known source before another generic query","step":2,"t":"2026-09-17T17:28:27.733Z"}
{"level":"info","event":"action","runId":"96dc8846-7cb9-4dd3-828c-29a76f5f41f9","type":"fetch","rationale":"Inspect an already-known source before another generic query","step":3,"t":"2026-09-17T17:28:27.750Z"}
{"level":"info","event":"action","runId":"96dc8846-7cb9-4dd3-828c-29a76f5f41f9","type":"challenge","rationale":"Disconfirm material conclusion: A primary source that directly contradicts this conclusion.","step":4,"t":"2026-09-17T17:28:27.768Z"}
{"level":"info","event":"action","runId":"96dc8846-7cb9-4dd3-828c-29a76f5f41f9","type":"challenge","rationale":"No counterexample found in accessed primary sources. This is not proof that the conclusion is true.","step":5,"t":"2026-09-17T17:28:27.783Z"}
{"level":"info","event":"action","runId":"96dc8846-7cb9-4dd3-828c-29a76f5f41f9","type":"synthesize","rationale":"decision_critical_gaps_resolved_or_unresolvable; high-impact claims supported or qualified; contradictions handled; remaining actions low expected value","step":6,"t":"2026-09-17T17:28:27.797Z"}
{"level":"info","event":"action","runId":"15b39411-55ef-4c0b-a82d-d5e5db32773f","type":"search","rationale":"Investigate an uncovered required question","step":0,"t":"2026-09-17T17:28:28.259Z"}
{"level":"info","event":"action","runId":"15b39411-55ef-4c0b-a82d-d5e5db32773f","type":"fetch","rationale":"Inspect an already-known source before another generic query","step":1,"t":"2026-09-17T17:28:28.280Z"}
{"level":"info","event":"action","runId":"15b39411-55ef-4c0b-a82d-d5e5db32773f","type":"fetch","rationale":"Inspect an already-known source before another generic query","step":2,"t":"2026-09-17T17:28:28.296Z"}
{"level":"info","event":"action","runId":"15b39411-55ef-4c0b-a82d-d5e5db32773f","type":"fetch","rationale":"Inspect an already-known source before another generic query","step":3,"t":"2026-09-17T17:28:28.310Z"}
{"level":"info","event":"action","runId":"15b39411-55ef-4c0b-a82d-d5e5db32773f","type":"fetch","rationale":"Inspect an already-known source before another generic query","step":4,"t":"2026-09-17T17:28:28.324Z"}
{"level":"info","event":"action","runId":"15b39411-55ef-4c0b-a82d-d5e5db32773f","type":"fetch","rationale":"Inspect an already-known source before another generic query","step":5,"t":"2026-09-17T17:28:28.338Z"}
{"level":"info","event":"action","runId":"15b39411-55ef-4c0b-a82d-d5e5db32773f","type":"challenge","rationale":"Disconfirm material conclusion: A primary source that directly contradicts this conclusion.","step":6,"t":"2026-09-17T17:28:28.353Z"}
{"level":"info","event":"action","runId":"15b39411-55ef-4c0b-a82d-d5e5db32773f","type":"challenge","rationale":"No counterexample found in accessed primary sources. This is not proof that the conclusion is true.","step":7,"t":"2026-09-17T17:28:28.368Z"}
{"level":"info","event":"action","runId":"15b39411-55ef-4c0b-a82d-d5e5db32773f","type":"synthesize","rationale":"decision_critical_gaps_resolved_or_unresolvable; high-impact claims supported or qualified; contradictions handled; remaining actions low expected value","step":8,"t":"2026-09-17T17:28:28.378Z"}
{"level":"info","event":"action","runId":"e6e85b5f-c887-41dc-b6e6-7dfd5583c5a6","type":"search","rationale":"Investigate an uncovered required question","step":0,"t":"2026-09-17T17:28:28.830Z"}
{"level":"info","event":"action","runId":"e6e85b5f-c887-41dc-b6e6-7dfd5583c5a6","type":"fetch","rationale":"Inspect an already-known source before another generic query","step":1,"t":"2026-09-17T17:28:28.856Z"}
{"level":"info","event":"action","runId":"e6e85b5f-c887-41dc-b6e6-7dfd5583c5a6","type":"fetch","rationale":"Inspect an already-known source before another generic query","step":2,"t":"2026-09-17T17:28:28.871Z"}
{"level":"info","event":"action","runId":"e6e85b5f-c887-41dc-b6e6-7dfd5583c5a6","type":"fetch","rationale":"Inspect an already-known source before another generic query","step":3,"t":"2026-09-17T17:28:28.886Z"}
{"level":"info","event":"action","runId":"e6e85b5f-c887-41dc-b6e6-7dfd5583c5a6","type":"challenge","rationale":"Disconfirm material conclusion: A primary source that directly contradicts this conclusion.","step":4,"t":"2026-09-17T17:28:28.905Z"}
{"level":"info","event":"action","runId":"e6e85b5f-c887-41dc-b6e6-7dfd5583c5a6","type":"challenge","rationale":"No counterexample found in accessed primary sources. This is not proof that the conclusion is true.","step":5,"t":"2026-09-17T17:28:28.920Z"}
{"level":"info","event":"action","runId":"e6e85b5f-c887-41dc-b6e6-7dfd5583c5a6","type":"synthesize","rationale":"decision_critical_gaps_resolved_or_unresolvable; high-impact claims supported or qualified; contradictions handled; remaining actions low expected value","step":6,"t":"2026-09-17T17:28:28.931Z"}
{"level":"info","event":"action","runId":"43248452-4b98-4f0b-bd4a-7c03e4086179","type":"search","rationale":"Investigate an uncovered required question","step":0,"t":"2026-09-17T17:28:29.401Z"}
{"level":"info","event":"action","runId":"43248452-4b98-4f0b-bd4a-7c03e4086179","type":"fetch","rationale":"Inspect an already-known source before another generic query","step":1,"t":"2026-09-17T17:28:29.423Z"}
{"level":"info","event":"action","runId":"43248452-4b98-4f0b-bd4a-7c03e4086179","type":"fetch","rationale":"Inspect an already-known source before another generic query","step":2,"t":"2026-09-17T17:28:29.438Z"}
{"level":"info","event":"action","runId":"43248452-4b98-4f0b-bd4a-7c03e4086179","type":"fetch","rationale":"Inspect an already-known source before another generic query","step":3,"t":"2026-09-17T17:28:29.451Z"}
{"level":"info","event":"action","runId":"43248452-4b98-4f0b-bd4a-7c03e4086179","type":"fetch","rationale":"Inspect an already-known source before another generic query","step":4,"t":"2026-09-17T17:28:29.465Z"}
{"level":"info","event":"action","runId":"43248452-4b98-4f0b-bd4a-7c03e4086179","type":"fetch","rationale":"Inspect an already-known source before another generic query","step":5,"t":"2026-09-17T17:28:29.478Z"}
{"level":"info","event":"action","runId":"43248452-4b98-4f0b-bd4a-7c03e4086179","type":"challenge","rationale":"Disconfirm material conclusion: A primary source that directly contradicts this conclusion.","step":6,"t":"2026-09-17T17:28:29.493Z"}
{"level":"info","event":"action","runId":"43248452-4b98-4f0b-bd4a-7c03e4086179","type":"challenge","rationale":"No counterexample found in accessed primary sources. This is not proof that the conclusion is true.","step":7,"t":"2026-09-17T17:28:29.507Z"}
{"level":"info","event":"action","runId":"43248452-4b98-4f0b-bd4a-7c03e4086179","type":"synthesize","rationale":"decision_critical_gaps_resolved_or_unresolvable; high-impact claims supported or qualified; contradictions handled; remaining actions low expected value","step":8,"t":"2026-09-17T17:28:29.518Z"}
{"level":"info","event":"action","runId":"31bc7639-a007-476f-964e-49fa4ffaf558","type":"search","rationale":"Investigate an uncovered required question","step":0,"t":"2026-09-17T17:28:30.168Z"}
{"level":"info","event":"action","runId":"31bc7639-a007-476f-964e-49fa4ffaf558","type":"fetch","rationale":"Inspect an already-known source before another generic query","step":1,"t":"2026-09-17T17:28:30.192Z"}
{"level":"info","event":"action","runId":"31bc7639-a007-476f-964e-49fa4ffaf558","type":"fetch","rationale":"Inspect an already-known source before another generic query","step":2,"t":"2026-09-17T17:28:30.206Z"}
{"level":"info","event":"action","runId":"31bc7639-a007-476f-964e-49fa4ffaf558","type":"fetch","rationale":"Inspect an already-known source before another generic query","step":3,"t":"2026-09-17T17:28:30.222Z"}
{"level":"info","event":"action","runId":"31bc7639-a007-476f-964e-49fa4ffaf558","type":"fetch","rationale":"Inspect an already-known source before another generic query","step":4,"t":"2026-09-17T17:28:30.236Z"}
{"level":"info","event":"action","runId":"31bc7639-a007-476f-964e-49fa4ffaf558","type":"fetch","rationale":"Inspect an already-known source before another generic query","step":5,"t":"2026-09-17T17:28:30.251Z"}
{"level":"info","event":"action","runId":"31bc7639-a007-476f-964e-49fa4ffaf558","type":"challenge","rationale":"Disconfirm material conclusion: A primary source that directly contradicts this conclusion.","step":6,"t":"2026-09-17T17:28:30.264Z"}
{"level":"info","event":"action","runId":"31bc7639-a007-476f-964e-49fa4ffaf558","type":"challenge","rationale":"No counterexample found in accessed primary sources. This is not proof that the conclusion is true.","step":7,"t":"2026-09-17T17:28:30.279Z"}
{"level":"info","event":"action","runId":"31bc7639-a007-476f-964e-49fa4ffaf558","type":"synthesize","rationale":"decision_critical_gaps_resolved_or_unresolvable; high-impact claims supported or qualified; contradictions handled; remaining actions low expected value","step":8,"t":"2026-09-17T17:28:30.292Z"}
{"level":"info","event":"action","runId":"e32d8bdd-e863-4a38-a8bc-3d83e153eeeb","type":"search","rationale":"Investigate an uncovered required question","step":0,"t":"2026-09-17T17:28:30.748Z"}
{"level":"info","event":"action","runId":"e32d8bdd-e863-4a38-a8bc-3d83e153eeeb","type":"fetch","rationale":"Inspect an already-known source before another generic query","step":1,"t":"2026-09-17T17:28:30.770Z"}
{"level":"info","event":"action","runId":"e32d8bdd-e863-4a38-a8bc-3d83e153eeeb","type":"fetch","rationale":"Inspect an already-known source before another generic query","step":2,"t":"2026-09-17T17:28:30.785Z"}
{"level":"info","event":"action","runId":"e32d8bdd-e863-4a38-a8bc-3d83e153eeeb","type":"fetch","rationale":"Inspect an already-known source before another generic query","step":3,"t":"2026-09-17T17:28:30.798Z"}
{"level":"info","event":"action","runId":"e32d8bdd-e863-4a38-a8bc-3d83e153eeeb","type":"fetch","rationale":"Inspect an already-known source before another generic query","step":4,"t":"2026-09-17T17:28:30.812Z"}
{"level":"info","event":"action","runId":"e32d8bdd-e863-4a38-a8bc-3d83e153eeeb","type":"fetch","rationale":"Inspect an already-known source before another generic query","step":5,"t":"2026-09-17T17:28:30.826Z"}
{"level":"info","event":"action","runId":"e32d8bdd-e863-4a38-a8bc-3d83e153eeeb","type":"challenge","rationale":"Disconfirm material conclusion: A primary source that directly contradicts this conclusion.","step":6,"t":"2026-09-17T17:28:30.840Z"}
{"level":"info","event":"action","runId":"e32d8bdd-e863-4a38-a8bc-3d83e153eeeb","type":"challenge","rationale":"No counterexample found in accessed primary sources. This is not proof that the conclusion is true.","step":7,"t":"2026-09-17T17:28:30.854Z"}
{"level":"info","event":"action","runId":"e32d8bdd-e863-4a38-a8bc-3d83e153eeeb","type":"synthesize","rationale":"decision_critical_gaps_resolved_or_unresolvable; high-impact claims supported or qualified; contradictions handled; remaining actions low expected value","step":8,"t":"2026-09-17T17:28:30.865Z"}
{"level":"info","event":"action","runId":"9beaabd6-bf81-471a-a1ab-9c13c99f5d9a","type":"search","rationale":"Investigate an uncovered required question","step":0,"t":"2026-09-17T17:28:31.297Z"}
{"level":"info","event":"action","runId":"9beaabd6-bf81-471a-a1ab-9c13c99f5d9a","type":"fetch","rationale":"Inspect an already-known source before another generic query","step":1,"t":"2026-09-17T17:28:31.318Z"}
{"level":"info","event":"action","runId":"9beaabd6-bf81-471a-a1ab-9c13c99f5d9a","type":"fetch","rationale":"Inspect an already-known source before another generic query","step":2,"t":"2026-09-17T17:28:31.333Z"}
{"level":"info","event":"action","runId":"9beaabd6-bf81-471a-a1ab-9c13c99f5d9a","type":"fetch","rationale":"Inspect an already-known source before another generic query","step":3,"t":"2026-09-17T17:28:31.347Z"}
{"level":"info","event":"action","runId":"9beaabd6-bf81-471a-a1ab-9c13c99f5d9a","type":"fetch","rationale":"Inspect an already-known source before another generic query","step":4,"t":"2026-09-17T17:28:31.361Z"}
{"level":"info","event":"action","runId":"9beaabd6-bf81-471a-a1ab-9c13c99f5d9a","type":"fetch","rationale":"Inspect an already-known source before another generic query","step":5,"t":"2026-09-17T17:28:31.375Z"}
{"level":"info","event":"action","runId":"9beaabd6-bf81-471a-a1ab-9c13c99f5d9a","type":"challenge","rationale":"Disconfirm material conclusion: A primary source that directly contradicts this conclusion.","step":6,"t":"2026-09-17T17:28:31.391Z"}
{"level":"info","event":"action","runId":"9beaabd6-bf81-471a-a1ab-9c13c99f5d9a","type":"challenge","rationale":"No counterexample found in accessed primary sources. This is not proof that the conclusion is true.","step":7,"t":"2026-09-17T17:28:31.404Z"}
{"level":"info","event":"action","runId":"9beaabd6-bf81-471a-a1ab-9c13c99f5d9a","type":"synthesize","rationale":"decision_critical_gaps_resolved_or_unresolvable; high-impact claims supported or qualified; contradictions handled; remaining actions low expected value","step":8,"t":"2026-09-17T17:28:31.415Z"}
{"level":"info","event":"action","runId":"0b82af06-525e-4599-a809-e801e3436a21","type":"search","rationale":"Investigate an uncovered required question","step":0,"t":"2026-09-17T17:28:32.071Z"}
{"level":"info","event":"action","runId":"0b82af06-525e-4599-a809-e801e3436a21","type":"fetch","rationale":"Inspect an already-known source before another generic query","step":1,"t":"2026-09-17T17:28:32.095Z"}
{"level":"info","event":"action","runId":"0b82af06-525e-4599-a809-e801e3436a21","type":"fetch","rationale":"Inspect an already-known source before another generic query","step":2,"t":"2026-09-17T17:28:32.112Z"}
{"level":"info","event":"action","runId":"0b82af06-525e-4599-a809-e801e3436a21","type":"fetch","rationale":"Inspect an already-known source before another generic query","step":3,"t":"2026-09-17T17:28:32.130Z"}
{"level":"info","event":"action","runId":"0b82af06-525e-4599-a809-e801e3436a21","type":"fetch","rationale":"Inspect an already-known source before another generic query","step":4,"t":"2026-09-17T17:28:32.144Z"}
{"level":"info","event":"action","runId":"0b82af06-525e-4599-a809-e801e3436a21","type":"fetch","rationale":"Inspect an already-known source before another generic query","step":5,"t":"2026-09-17T17:28:32.158Z"}
{"level":"info","event":"action","runId":"0b82af06-525e-4599-a809-e801e3436a21","type":"challenge","rationale":"Disconfirm material conclusion: A primary source that directly contradicts this conclusion.","step":6,"t":"2026-09-17T17:28:32.173Z"}
{"level":"info","event":"action","runId":"0b82af06-525e-4599-a809-e801e3436a21","type":"challenge","rationale":"No counterexample found in accessed primary sources. This is not proof that the conclusion is true.","step":7,"t":"2026-09-17T17:28:32.187Z"}
{"level":"info","event":"action","runId":"0b82af06-525e-4599-a809-e801e3436a21","type":"synthesize","rationale":"decision_critical_gaps_resolved_or_unresolvable; high-impact claims supported or qualified; contradictions handled; remaining actions low expected value","step":8,"t":"2026-09-17T17:28:32.198Z"}
{"level":"info","event":"action","runId":"2875acca-3280-48fa-a6ff-3a781fef3979","type":"search","rationale":"Investigate an uncovered required question","step":0,"t":"2026-09-17T17:28:33.041Z"}
{"level":"info","event":"action","runId":"2875acca-3280-48fa-a6ff-3a781fef3979","type":"fetch","rationale":"Inspect an already-known source before another generic query","step":1,"t":"2026-09-17T17:28:33.062Z"}
{"level":"info","event":"action","runId":"2875acca-3280-48fa-a6ff-3a781fef3979","type":"fetch","rationale":"Inspect an already-known source before another generic query","step":2,"t":"2026-09-17T17:28:33.076Z"}
{"level":"info","event":"action","runId":"2875acca-3280-48fa-a6ff-3a781fef3979","type":"fetch","rationale":"Inspect an already-known source before another generic query","step":3,"t":"2026-09-17T17:28:33.090Z"}
{"level":"info","event":"action","runId":"2875acca-3280-48fa-a6ff-3a781fef3979","type":"fetch","rationale":"Inspect an already-known source before another generic query","step":4,"t":"2026-09-17T17:28:33.104Z"}
{"level":"info","event":"action","runId":"2875acca-3280-48fa-a6ff-3a781fef3979","type":"fetch","rationale":"Inspect an already-known source before another generic query","step":5,"t":"2026-09-17T17:28:33.118Z"}
{"level":"info","event":"action","runId":"2875acca-3280-48fa-a6ff-3a781fef3979","type":"challenge","rationale":"Disconfirm material conclusion: A primary source that directly contradicts this conclusion.","step":6,"t":"2026-09-17T17:28:33.131Z"}
{"level":"info","event":"action","runId":"2875acca-3280-48fa-a6ff-3a781fef3979","type":"challenge","rationale":"No counterexample found in accessed primary sources. This is not proof that the conclusion is true.","step":7,"t":"2026-09-17T17:28:33.146Z"}
{"level":"info","event":"action","runId":"2875acca-3280-48fa-a6ff-3a781fef3979","type":"synthesize","rationale":"decision_critical_gaps_resolved_or_unresolvable; high-impact claims supported or qualified; contradictions handled; remaining actions low expected value","step":8,"t":"2026-09-17T17:28:33.158Z"}
{"level":"info","event":"action","runId":"eccb0120-f153-459d-a71a-4c545ab6d189","type":"search","rationale":"Investigate an uncovered required question","step":0,"t":"2026-09-17T17:28:33.612Z"}
{"level":"info","event":"action","runId":"eccb0120-f153-459d-a71a-4c545ab6d189","type":"fetch","rationale":"Inspect an already-known source before another generic query","step":1,"t":"2026-09-17T17:28:33.633Z"}
{"level":"info","event":"action","runId":"eccb0120-f153-459d-a71a-4c545ab6d189","type":"fetch","rationale":"Inspect an already-known source before another generic query","step":2,"t":"2026-09-17T17:28:33.647Z"}
{"level":"info","event":"action","runId":"eccb0120-f153-459d-a71a-4c545ab6d189","type":"fetch","rationale":"Inspect an already-known source before another generic query","step":3,"t":"2026-09-17T17:28:33.660Z"}
{"level":"info","event":"action","runId":"eccb0120-f153-459d-a71a-4c545ab6d189","type":"fetch","rationale":"Inspect an already-known source before another generic query","step":4,"t":"2026-09-17T17:28:33.675Z"}
{"level":"info","event":"action","runId":"eccb0120-f153-459d-a71a-4c545ab6d189","type":"fetch","rationale":"Inspect an already-known source before another generic query","step":5,"t":"2026-09-17T17:28:33.690Z"}
{"level":"info","event":"action","runId":"eccb0120-f153-459d-a71a-4c545ab6d189","type":"challenge","rationale":"Disconfirm material conclusion: A primary source that directly contradicts this conclusion.","step":6,"t":"2026-09-17T17:28:33.703Z"}
{"level":"info","event":"action","runId":"eccb0120-f153-459d-a71a-4c545ab6d189","type":"challenge","rationale":"No counterexample found in accessed primary sources. This is not proof that the conclusion is true.","step":7,"t":"2026-09-17T17:28:33.717Z"}
{"level":"info","event":"action","runId":"eccb0120-f153-459d-a71a-4c545ab6d189","type":"synthesize","rationale":"decision_critical_gaps_resolved_or_unresolvable; high-impact claims supported or qualified; contradictions handled; remaining actions low expected value","step":8,"t":"2026-09-17T17:28:33.727Z"}
{"level":"info","event":"action","runId":"938e6fda-09d0-4bbe-81cb-e7980e6311b0","type":"search","rationale":"Investigate an uncovered required question","step":0,"t":"2026-09-17T17:28:34.162Z"}
{"level":"info","event":"action","runId":"938e6fda-09d0-4bbe-81cb-e7980e6311b0","type":"fetch","rationale":"Inspect an already-known source before another generic query","step":1,"t":"2026-09-17T17:28:34.177Z"}
{"level":"info","event":"action","runId":"938e6fda-09d0-4bbe-81cb-e7980e6311b0","type":"challenge","rationale":"Disconfirm material conclusion: A primary source that directly contradicts this conclusion.","step":2,"t":"2026-09-17T17:28:34.189Z"}
{"level":"info","event":"action","runId":"938e6fda-09d0-4bbe-81cb-e7980e6311b0","type":"challenge","rationale":"No counterexample found in accessed primary sources. This is not proof that the conclusion is true.","step":3,"t":"2026-09-17T17:28:34.202Z"}
{"level":"info","event":"action","runId":"938e6fda-09d0-4bbe-81cb-e7980e6311b0","type":"synthesize","rationale":"decision_critical_gaps_resolved_or_unresolvable; high-impact claims supported or qualified; contradictions handled; remaining actions low expected value","step":4,"t":"2026-09-17T17:28:34.213Z"}
{"level":"info","event":"action","runId":"13d8d0c0-4bd6-4e65-b0e6-ec834670fdcd","type":"search","rationale":"Investigate an uncovered required question","step":0,"t":"2026-09-17T17:28:34.649Z"}
{"level":"info","event":"action","runId":"13d8d0c0-4bd6-4e65-b0e6-ec834670fdcd","type":"fetch","rationale":"Inspect an already-known source before another generic query","step":1,"t":"2026-09-17T17:28:34.673Z"}
{"level":"info","event":"action","runId":"13d8d0c0-4bd6-4e65-b0e6-ec834670fdcd","type":"fetch","rationale":"Inspect an already-known source before another generic query","step":2,"t":"2026-09-17T17:28:34.689Z"}
{"level":"info","event":"action","runId":"13d8d0c0-4bd6-4e65-b0e6-ec834670fdcd","type":"fetch","rationale":"Inspect an already-known source before another generic query","step":3,"t":"2026-09-17T17:28:34.703Z"}
{"level":"info","event":"action","runId":"13d8d0c0-4bd6-4e65-b0e6-ec834670fdcd","type":"challenge","rationale":"Disconfirm material conclusion: A primary source that directly contradicts this conclusion.","step":4,"t":"2026-09-17T17:28:34.722Z"}
{"level":"info","event":"action","runId":"13d8d0c0-4bd6-4e65-b0e6-ec834670fdcd","type":"challenge","rationale":"No counterexample found in accessed primary sources. This is not proof that the conclusion is true.","step":5,"t":"2026-09-17T17:28:34.735Z"}
{"level":"info","event":"action","runId":"13d8d0c0-4bd6-4e65-b0e6-ec834670fdcd","type":"synthesize","rationale":"decision_critical_gaps_resolved_or_unresolvable; high-impact claims supported or qualified; contradictions handled; remaining actions low expected value","step":6,"t":"2026-09-17T17:28:34.745Z"}
{"level":"info","event":"action","runId":"03b4c499-e0f3-468a-a855-bc1d94110bd1","type":"search","rationale":"Investigate an uncovered required question","step":0,"t":"2026-09-17T17:28:35.235Z"}
{"level":"info","event":"action","runId":"03b4c499-e0f3-468a-a855-bc1d94110bd1","type":"fetch","rationale":"Inspect an already-known source before another generic query","step":1,"t":"2026-09-17T17:28:35.260Z"}
{"level":"info","event":"action","runId":"03b4c499-e0f3-468a-a855-bc1d94110bd1","type":"fetch","rationale":"Inspect an already-known source before another generic query","step":2,"t":"2026-09-17T17:28:35.274Z"}
{"level":"info","event":"action","runId":"03b4c499-e0f3-468a-a855-bc1d94110bd1","type":"fetch","rationale":"Inspect an already-known source before another generic query","step":3,"t":"2026-09-17T17:28:35.290Z"}
{"level":"info","event":"action","runId":"03b4c499-e0f3-468a-a855-bc1d94110bd1","type":"challenge","rationale":"Disconfirm material conclusion: A primary source that directly contradicts this conclusion.","step":4,"t":"2026-09-17T17:28:35.307Z"}
{"level":"info","event":"action","runId":"03b4c499-e0f3-468a-a855-bc1d94110bd1","type":"challenge","rationale":"No counterexample found in accessed primary sources. This is not proof that the conclusion is true.","step":5,"t":"2026-09-17T17:28:35.323Z"}
{"level":"info","event":"action","runId":"03b4c499-e0f3-468a-a855-bc1d94110bd1","type":"synthesize","rationale":"decision_critical_gaps_resolved_or_unresolvable; high-impact claims supported or qualified; contradictions handled; remaining actions low expected value","step":6,"t":"2026-09-17T17:28:35.334Z"}
{"level":"info","event":"action","runId":"c98fd282-3ba8-4835-8ac4-635b95888c31","type":"search","rationale":"Investigate an uncovered required question","step":0,"t":"2026-09-17T17:28:35.856Z"}
{"level":"info","event":"action","runId":"c98fd282-3ba8-4835-8ac4-635b95888c31","type":"fetch","rationale":"Inspect an already-known source before another generic query","step":1,"t":"2026-09-17T17:28:35.893Z"}
{"level":"info","event":"action","runId":"c98fd282-3ba8-4835-8ac4-635b95888c31","type":"fetch","rationale":"Inspect an already-known source before another generic query","step":2,"t":"2026-09-17T17:28:35.910Z"}
{"level":"info","event":"action","runId":"c98fd282-3ba8-4835-8ac4-635b95888c31","type":"fetch","rationale":"Inspect an already-known source before another generic query","step":3,"t":"2026-09-17T17:28:35.930Z"}
{"level":"info","event":"action","runId":"c98fd282-3ba8-4835-8ac4-635b95888c31","type":"fetch","rationale":"Inspect an already-known source before another generic query","step":4,"t":"2026-09-17T17:28:35.947Z"}
{"level":"info","event":"action","runId":"c98fd282-3ba8-4835-8ac4-635b95888c31","type":"fetch","rationale":"Inspect an already-known source before another generic query","step":5,"t":"2026-09-17T17:28:35.967Z"}
{"level":"info","event":"action","runId":"c98fd282-3ba8-4835-8ac4-635b95888c31","type":"challenge","rationale":"Disconfirm material conclusion: A primary source that directly contradicts this conclusion.","step":6,"t":"2026-09-17T17:28:35.986Z"}
{"level":"info","event":"action","runId":"c98fd282-3ba8-4835-8ac4-635b95888c31","type":"challenge","rationale":"No counterexample found in accessed primary sources. This is not proof that the conclusion is true.","step":7,"t":"2026-09-17T17:28:36.013Z"}
{"level":"info","event":"action","runId":"c98fd282-3ba8-4835-8ac4-635b95888c31","type":"synthesize","rationale":"decision_critical_gaps_resolved_or_unresolvable; high-impact claims supported or qualified; contradictions handled; remaining actions low expected value","step":8,"t":"2026-09-17T17:28:36.032Z"}
{"level":"info","event":"action","runId":"30dda026-340d-49ec-ae0c-ac39f0e5ab2b","type":"search","rationale":"Investigate an uncovered required question","step":0,"t":"2026-09-17T17:28:36.292Z"}
{"level":"info","event":"action","runId":"30dda026-340d-49ec-ae0c-ac39f0e5ab2b","type":"fetch","rationale":"Inspect an already-known source before another generic query","step":1,"t":"2026-09-17T17:28:36.313Z"}
{"level":"info","event":"action","runId":"30dda026-340d-49ec-ae0c-ac39f0e5ab2b","type":"fetch","rationale":"Inspect an already-known source before another generic query","step":2,"t":"2026-09-17T17:28:36.327Z"}
{"level":"info","event":"action","runId":"30dda026-340d-49ec-ae0c-ac39f0e5ab2b","type":"fetch","rationale":"Inspect an already-known source before another generic query","step":3,"t":"2026-09-17T17:28:36.343Z"}
{"level":"info","event":"action","runId":"30dda026-340d-49ec-ae0c-ac39f0e5ab2b","type":"fetch","rationale":"Inspect an already-known source before another generic query","step":4,"t":"2026-09-17T17:28:36.358Z"}
{"level":"info","event":"action","runId":"30dda026-340d-49ec-ae0c-ac39f0e5ab2b","type":"fetch","rationale":"Inspect an already-known source before another generic query","step":5,"t":"2026-09-17T17:28:36.372Z"}
{"level":"info","event":"action","runId":"30dda026-340d-49ec-ae0c-ac39f0e5ab2b","type":"challenge","rationale":"Disconfirm material conclusion: A primary source that directly contradicts this conclusion.","step":6,"t":"2026-09-17T17:28:36.389Z"}
{"level":"info","event":"action","runId":"30dda026-340d-49ec-ae0c-ac39f0e5ab2b","type":"challenge","rationale":"Disconfirm material conclusion: A primary source that directly contradicts this conclusion.","step":7,"t":"2026-09-17T17:28:36.404Z"}
{"level":"info","event":"action","runId":"30dda026-340d-49ec-ae0c-ac39f0e5ab2b","type":"challenge","rationale":"Disconfirm material conclusion: A primary source that directly contradicts this conclusion.","step":8,"t":"2026-09-17T17:28:36.420Z"}
{"level":"info","event":"action","runId":"30dda026-340d-49ec-ae0c-ac39f0e5ab2b","type":"challenge","rationale":"Disconfirm material conclusion: A primary source that directly contradicts this conclusion.","step":9,"t":"2026-09-17T17:28:36.436Z"}
{"level":"info","event":"action","runId":"30dda026-340d-49ec-ae0c-ac39f0e5ab2b","type":"challenge","rationale":"Disconfirm material conclusion: A primary source that directly contradicts this conclusion.","step":10,"t":"2026-09-17T17:28:36.452Z"}
{"level":"info","event":"action","runId":"30dda026-340d-49ec-ae0c-ac39f0e5ab2b","type":"challenge","rationale":"Disconfirm material conclusion: A primary source that directly contradicts this conclusion.","step":11,"t":"2026-09-17T17:28:36.468Z"}
{"level":"info","event":"action","runId":"30dda026-340d-49ec-ae0c-ac39f0e5ab2b","type":"challenge","rationale":"Disconfirm material conclusion: A primary source that directly contradicts this conclusion.","step":12,"t":"2026-09-17T17:28:36.485Z"}
{"level":"info","event":"action","runId":"30dda026-340d-49ec-ae0c-ac39f0e5ab2b","type":"challenge","rationale":"No counterexample found in accessed primary sources. This is not proof that the conclusion is true.","step":13,"t":"2026-09-17T17:28:36.505Z"}
{"level":"info","event":"action","runId":"30dda026-340d-49ec-ae0c-ac39f0e5ab2b","type":"stop","rationale":"Repeated searches returned no novel source family or coverage progress","step":14,"t":"2026-09-17T17:28:36.521Z"}
{"level":"info","event":"action","runId":"73a6582f-2679-42ce-882d-f2ece0ec658e","type":"search","rationale":"Investigate an uncovered required question","step":0,"t":"2026-09-17T17:28:36.970Z"}
{"level":"info","event":"action","runId":"73a6582f-2679-42ce-882d-f2ece0ec658e","type":"fetch","rationale":"Inspect an already-known source before another generic query","step":1,"t":"2026-09-17T17:28:36.989Z"}
{"level":"info","event":"action","runId":"73a6582f-2679-42ce-882d-f2ece0ec658e","type":"fetch","rationale":"Inspect an already-known source before another generic query","step":2,"t":"2026-09-17T17:28:37.004Z"}
{"level":"info","event":"action","runId":"73a6582f-2679-42ce-882d-f2ece0ec658e","type":"challenge","rationale":"Disconfirm material conclusion: A primary source that directly contradicts this conclusion.","step":3,"t":"2026-09-17T17:28:37.019Z"}
{"level":"info","event":"action","runId":"73a6582f-2679-42ce-882d-f2ece0ec658e","type":"challenge","rationale":"No counterexample found in accessed primary sources. This is not proof that the conclusion is true.","step":4,"t":"2026-09-17T17:28:37.033Z"}
{"level":"info","event":"action","runId":"73a6582f-2679-42ce-882d-f2ece0ec658e","type":"synthesize","rationale":"decision_critical_gaps_resolved_or_unresolvable; high-impact claims supported or qualified; contradictions handled; remaining actions low expected value","step":5,"t":"2026-09-17T17:28:37.045Z"}
{"level":"info","event":"action","runId":"b3505f95-c86c-466b-a7a7-01257922aaf7","type":"search","rationale":"Investigate an uncovered required question","step":0,"t":"2026-09-17T17:28:37.504Z"}
{"level":"info","event":"action","runId":"b3505f95-c86c-466b-a7a7-01257922aaf7","type":"fetch","rationale":"Inspect an already-known source before another generic query","step":1,"t":"2026-09-17T17:28:37.520Z"}
{"level":"info","event":"action","runId":"b3505f95-c86c-466b-a7a7-01257922aaf7","type":"challenge","rationale":"Disconfirm material conclusion: A primary source that directly contradicts this conclusion.","step":2,"t":"2026-09-17T17:28:37.533Z"}
{"level":"info","event":"action","runId":"b3505f95-c86c-466b-a7a7-01257922aaf7","type":"challenge","rationale":"No counterexample found in accessed primary sources. This is not proof that the conclusion is true.","step":3,"t":"2026-09-17T17:28:37.546Z"}
{"level":"info","event":"action","runId":"b3505f95-c86c-466b-a7a7-01257922aaf7","type":"synthesize","rationale":"decision_critical_gaps_resolved_or_unresolvable; high-impact claims supported or qualified; contradictions handled; remaining actions low expected value","step":4,"t":"2026-09-17T17:28:37.556Z"}
{"level":"info","event":"action","runId":"af68b683-55ec-4dc8-b087-a2bdb5d19cc7","type":"search","rationale":"Investigate an uncovered required question","step":0,"t":"2026-09-17T17:28:38.008Z"}
{"level":"info","event":"action","runId":"af68b683-55ec-4dc8-b087-a2bdb5d19cc7","type":"fetch","rationale":"Inspect an already-known source before another generic query","step":1,"t":"2026-09-17T17:28:38.025Z"}
{"level":"info","event":"action","runId":"af68b683-55ec-4dc8-b087-a2bdb5d19cc7","type":"challenge","rationale":"Disconfirm material conclusion: A primary source that directly contradicts this conclusion.","step":2,"t":"2026-09-17T17:28:38.038Z"}
{"level":"info","event":"action","runId":"af68b683-55ec-4dc8-b087-a2bdb5d19cc7","type":"challenge","rationale":"No counterexample found in accessed primary sources. This is not proof that the conclusion is true.","step":3,"t":"2026-09-17T17:28:38.052Z"}
{"level":"info","event":"action","runId":"af68b683-55ec-4dc8-b087-a2bdb5d19cc7","type":"synthesize","rationale":"decision_critical_gaps_resolved_or_unresolvable; high-impact claims supported or qualified; contradictions handled; remaining actions low expected value","step":4,"t":"2026-09-17T17:28:38.063Z"}
{"level":"info","event":"action","runId":"fdcc47ad-2e79-4e33-b849-b7e340c6211d","type":"search","rationale":"Investigate an uncovered required question","step":0,"t":"2026-09-17T17:28:38.508Z"}
{"level":"info","event":"action","runId":"fdcc47ad-2e79-4e33-b849-b7e340c6211d","type":"fetch","rationale":"Inspect an already-known source before another generic query","step":1,"t":"2026-09-17T17:28:38.524Z"}
{"level":"info","event":"action","runId":"fdcc47ad-2e79-4e33-b849-b7e340c6211d","type":"challenge","rationale":"Disconfirm material conclusion: A primary source that directly contradicts this conclusion.","step":2,"t":"2026-09-17T17:28:38.538Z"}
{"level":"info","event":"action","runId":"fdcc47ad-2e79-4e33-b849-b7e340c6211d","type":"challenge","rationale":"No counterexample found in accessed primary sources. This is not proof that the conclusion is true.","step":3,"t":"2026-09-17T17:28:38.551Z"}
{"level":"info","event":"action","runId":"fdcc47ad-2e79-4e33-b849-b7e340c6211d","type":"synthesize","rationale":"decision_critical_gaps_resolved_or_unresolvable; high-impact claims supported or qualified; contradictions handled; remaining actions low expected value","step":4,"t":"2026-09-17T17:28:38.560Z"}
{"level":"info","event":"action","runId":"f6d8b654-d9d5-4b80-97d0-1ea35a3c2db3","type":"search","rationale":"Investigate an uncovered required question","step":0,"t":"2026-09-17T17:28:38.993Z"}
{"level":"info","event":"action","runId":"f6d8b654-d9d5-4b80-97d0-1ea35a3c2db3","type":"fetch","rationale":"Inspect an already-known source before another generic query","step":1,"t":"2026-09-17T17:28:39.009Z"}
{"level":"info","event":"action","runId":"f6d8b654-d9d5-4b80-97d0-1ea35a3c2db3","type":"challenge","rationale":"Disconfirm material conclusion: A primary source that directly contradicts this conclusion.","step":2,"t":"2026-09-17T17:28:39.023Z"}
{"level":"info","event":"action","runId":"f6d8b654-d9d5-4b80-97d0-1ea35a3c2db3","type":"challenge","rationale":"No counterexample found in accessed primary sources. This is not proof that the conclusion is true.","step":3,"t":"2026-09-17T17:28:39.037Z"}
{"level":"info","event":"action","runId":"f6d8b654-d9d5-4b80-97d0-1ea35a3c2db3","type":"synthesize","rationale":"decision_critical_gaps_resolved_or_unresolvable; high-impact claims supported or qualified; contradictions handled; remaining actions low expected value","step":4,"t":"2026-09-17T17:28:39.048Z"}
{"level":"info","event":"action","runId":"9560bc1f-6b9e-4f38-a1c7-69d24be6dde4","type":"search","rationale":"Investigate an uncovered required question","step":0,"t":"2026-09-17T17:28:39.485Z"}
{"level":"info","event":"action","runId":"9560bc1f-6b9e-4f38-a1c7-69d24be6dde4","type":"fetch","rationale":"Inspect an already-known source before another generic query","step":1,"t":"2026-09-17T17:28:39.509Z"}
{"level":"info","event":"action","runId":"9560bc1f-6b9e-4f38-a1c7-69d24be6dde4","type":"fetch","rationale":"Inspect an already-known source before another generic query","step":2,"t":"2026-09-17T17:28:39.533Z"}
{"level":"info","event":"action","runId":"9560bc1f-6b9e-4f38-a1c7-69d24be6dde4","type":"fetch","rationale":"Inspect an already-known source before another generic query","step":3,"t":"2026-09-17T17:28:39.547Z"}
{"level":"info","event":"action","runId":"9560bc1f-6b9e-4f38-a1c7-69d24be6dde4","type":"fetch","rationale":"Inspect an already-known source before another generic query","step":4,"t":"2026-09-17T17:28:39.562Z"}
{"level":"info","event":"action","runId":"9560bc1f-6b9e-4f38-a1c7-69d24be6dde4","type":"fetch","rationale":"Inspect an already-known source before another generic query","step":5,"t":"2026-09-17T17:28:39.576Z"}
{"level":"info","event":"action","runId":"9560bc1f-6b9e-4f38-a1c7-69d24be6dde4","type":"challenge","rationale":"Disconfirm material conclusion: A primary source that directly contradicts this conclusion.","step":6,"t":"2026-09-17T17:28:39.590Z"}
{"level":"info","event":"action","runId":"9560bc1f-6b9e-4f38-a1c7-69d24be6dde4","type":"challenge","rationale":"No counterexample found in accessed primary sources. This is not proof that the conclusion is true.","step":7,"t":"2026-09-17T17:28:39.604Z"}
{"level":"info","event":"action","runId":"9560bc1f-6b9e-4f38-a1c7-69d24be6dde4","type":"synthesize","rationale":"decision_critical_gaps_resolved_or_unresolvable; high-impact claims supported or qualified; contradictions handled; remaining actions low expected value","step":8,"t":"2026-09-17T17:28:39.616Z"}
{"level":"info","event":"action","runId":"b7d23903-586b-499c-b276-808fa1338f02","type":"search","rationale":"Investigate an uncovered required question","step":0,"t":"2026-09-17T17:28:40.044Z"}
{"level":"info","event":"action","runId":"b7d23903-586b-499c-b276-808fa1338f02","type":"fetch","rationale":"Inspect an already-known source before another generic query","step":1,"t":"2026-09-17T17:28:40.064Z"}
{"level":"info","event":"action","runId":"b7d23903-586b-499c-b276-808fa1338f02","type":"synthesize","rationale":"budget requires finishing with available evidence","step":2,"t":"2026-09-17T17:28:40.077Z"}
{"level":"info","event":"action","runId":"25455b7f-4c31-46e0-8f56-144eb21cf1ef","type":"search","rationale":"Investigate an uncovered required question","step":0,"t":"2026-09-17T17:28:40.508Z"}
{"level":"info","event":"action","runId":"25455b7f-4c31-46e0-8f56-144eb21cf1ef","type":"fetch","rationale":"Inspect an already-known source before another generic query","step":1,"t":"2026-09-17T17:28:40.531Z"}
{"level":"info","event":"action","runId":"25455b7f-4c31-46e0-8f56-144eb21cf1ef","type":"fetch","rationale":"Inspect an already-known source before another generic query","step":2,"t":"2026-09-17T17:28:40.544Z"}
{"level":"info","event":"action","runId":"25455b7f-4c31-46e0-8f56-144eb21cf1ef","type":"fetch","rationale":"Inspect an already-known source before another generic query","step":3,"t":"2026-09-17T17:28:40.557Z"}
{"level":"info","event":"action","runId":"25455b7f-4c31-46e0-8f56-144eb21cf1ef","type":"fetch","rationale":"Inspect an already-known source before another generic query","step":4,"t":"2026-09-17T17:28:40.571Z"}
{"level":"info","event":"action","runId":"25455b7f-4c31-46e0-8f56-144eb21cf1ef","type":"fetch","rationale":"Inspect an already-known source before another generic query","step":5,"t":"2026-09-17T17:28:40.584Z"}
{"level":"info","event":"action","runId":"25455b7f-4c31-46e0-8f56-144eb21cf1ef","type":"challenge","rationale":"Disconfirm material conclusion: A primary source that directly contradicts this conclusion.","step":6,"t":"2026-09-17T17:28:40.598Z"}
{"level":"info","event":"action","runId":"25455b7f-4c31-46e0-8f56-144eb21cf1ef","type":"challenge","rationale":"No counterexample found in accessed primary sources. This is not proof that the conclusion is true.","step":7,"t":"2026-09-17T17:28:40.612Z"}
{"level":"info","event":"action","runId":"25455b7f-4c31-46e0-8f56-144eb21cf1ef","type":"synthesize","rationale":"decision_critical_gaps_resolved_or_unresolvable; high-impact claims supported or qualified; contradictions handled; remaining actions low expected value","step":8,"t":"2026-09-17T17:28:40.624Z"}
{"level":"info","event":"action","runId":"5dc15735-79e6-4347-8d99-8526d6186e35","type":"search","rationale":"Investigate an uncovered required question","step":0,"t":"2026-09-17T17:28:41.296Z"}
{"level":"info","event":"action","runId":"5dc15735-79e6-4347-8d99-8526d6186e35","type":"fetch","rationale":"Inspect an already-known source before another generic query","step":1,"t":"2026-09-17T17:28:41.318Z"}
{"level":"info","event":"action","runId":"5dc15735-79e6-4347-8d99-8526d6186e35","type":"fetch","rationale":"Inspect an already-known source before another generic query","step":2,"t":"2026-09-17T17:28:41.331Z"}
{"level":"info","event":"action","runId":"5dc15735-79e6-4347-8d99-8526d6186e35","type":"fetch","rationale":"Inspect an already-known source before another generic query","step":3,"t":"2026-09-17T17:28:41.345Z"}
{"level":"info","event":"action","runId":"5dc15735-79e6-4347-8d99-8526d6186e35","type":"fetch","rationale":"Inspect an already-known source before another generic query","step":4,"t":"2026-09-17T17:28:41.356Z"}
{"level":"info","event":"action","runId":"5dc15735-79e6-4347-8d99-8526d6186e35","type":"fetch","rationale":"Inspect an already-known source before another generic query","step":5,"t":"2026-09-17T17:28:41.369Z"}
{"level":"info","event":"action","runId":"5dc15735-79e6-4347-8d99-8526d6186e35","type":"challenge","rationale":"Disconfirm material conclusion: A primary source that directly contradicts this conclusion.","step":6,"t":"2026-09-17T17:28:41.383Z"}
{"level":"info","event":"action","runId":"5dc15735-79e6-4347-8d99-8526d6186e35","type":"challenge","rationale":"No counterexample found in accessed primary sources. This is not proof that the conclusion is true.","step":7,"t":"2026-09-17T17:28:41.397Z"}
{"level":"info","event":"action","runId":"5dc15735-79e6-4347-8d99-8526d6186e35","type":"synthesize","rationale":"decision_critical_gaps_resolved_or_unresolvable; high-impact claims supported or qualified; contradictions handled; remaining actions low expected value","step":8,"t":"2026-09-17T17:28:41.408Z"}
{"level":"info","event":"action","runId":"5559a654-1c5e-4ad8-902d-5fde02e1ce86","type":"challenge","rationale":"Disconfirm material conclusion: A primary source that directly contradicts this conclusion.","step":0,"t":"2026-09-17T17:28:42.090Z"}
{"level":"info","event":"action","runId":"5559a654-1c5e-4ad8-902d-5fde02e1ce86","type":"fetch","rationale":"Inspect an already-known source before another generic query","step":1,"t":"2026-09-17T17:28:42.114Z"}
{"level":"info","event":"action","runId":"5559a654-1c5e-4ad8-902d-5fde02e1ce86","type":"fetch","rationale":"Inspect an already-known source before another generic query","step":2,"t":"2026-09-17T17:28:42.130Z"}
{"level":"info","event":"action","runId":"5559a654-1c5e-4ad8-902d-5fde02e1ce86","type":"fetch","rationale":"Inspect an already-known source before another generic query","step":3,"t":"2026-09-17T17:28:42.143Z"}
{"level":"info","event":"action","runId":"5559a654-1c5e-4ad8-902d-5fde02e1ce86","type":"challenge","rationale":"No counterexample found in accessed primary sources. This is not proof that the conclusion is true.","step":4,"t":"2026-09-17T17:28:42.164Z"}
{"level":"info","event":"action","runId":"5559a654-1c5e-4ad8-902d-5fde02e1ce86","type":"synthesize","rationale":"decision_critical_gaps_resolved_or_unresolvable; high-impact claims supported or qualified; contradictions handled; remaining actions low expected value","step":5,"t":"2026-09-17T17:28:42.175Z"}
{"level":"info","event":"action","runId":"c320b180-2c8a-48ec-997e-e6ab2a053d8a","type":"challenge","rationale":"Disconfirm material conclusion: A primary source that directly contradicts this conclusion.","step":0,"t":"2026-09-17T17:28:42.679Z"}
{"level":"info","event":"action","runId":"c320b180-2c8a-48ec-997e-e6ab2a053d8a","type":"fetch","rationale":"Inspect an already-known source before another generic query","step":1,"t":"2026-09-17T17:28:42.703Z"}
{"level":"info","event":"action","runId":"c320b180-2c8a-48ec-997e-e6ab2a053d8a","type":"fetch","rationale":"Inspect an already-known source before another generic query","step":2,"t":"2026-09-17T17:28:42.717Z"}
{"level":"info","event":"action","runId":"c320b180-2c8a-48ec-997e-e6ab2a053d8a","type":"fetch","rationale":"Inspect an already-known source before another generic query","step":3,"t":"2026-09-17T17:28:42.731Z"}
{"level":"info","event":"action","runId":"c320b180-2c8a-48ec-997e-e6ab2a053d8a","type":"challenge","rationale":"No counterexample found in accessed primary sources. This is not proof that the conclusion is true.","step":4,"t":"2026-09-17T17:28:42.747Z"}
{"level":"info","event":"action","runId":"c320b180-2c8a-48ec-997e-e6ab2a053d8a","type":"synthesize","rationale":"decision_critical_gaps_resolved_or_unresolvable; high-impact claims supported or qualified; contradictions handled; remaining actions low expected value","step":5,"t":"2026-09-17T17:28:42.759Z"}
{"level":"info","event":"action","runId":"53411bef-9142-4b90-a655-4a96d13e3740","type":"search","rationale":"Investigate an uncovered required question","step":0,"t":"2026-09-17T17:28:43.041Z"}
{"level":"info","event":"action","runId":"53411bef-9142-4b90-a655-4a96d13e3740","type":"fetch","rationale":"Inspect an already-known source before another generic query","step":1,"t":"2026-09-17T17:28:43.064Z"}
{"level":"info","event":"action","runId":"53411bef-9142-4b90-a655-4a96d13e3740","type":"fetch","rationale":"Inspect an already-known source before another generic query","step":2,"t":"2026-09-17T17:28:43.077Z"}
{"level":"info","event":"action","runId":"53411bef-9142-4b90-a655-4a96d13e3740","type":"fetch","rationale":"Inspect an already-known source before another generic query","step":3,"t":"2026-09-17T17:28:43.090Z"}
{"level":"info","event":"action","runId":"53411bef-9142-4b90-a655-4a96d13e3740","type":"fetch","rationale":"Inspect an already-known source before another generic query","step":4,"t":"2026-09-17T17:28:43.105Z"}
{"level":"info","event":"action","runId":"53411bef-9142-4b90-a655-4a96d13e3740","type":"fetch","rationale":"Inspect an already-known source before another generic query","step":5,"t":"2026-09-17T17:28:43.120Z"}
{"level":"info","event":"action","runId":"53411bef-9142-4b90-a655-4a96d13e3740","type":"challenge","rationale":"Disconfirm material conclusion: A primary source that directly contradicts this conclusion.","step":6,"t":"2026-09-17T17:28:43.134Z"}
{"level":"info","event":"action","runId":"53411bef-9142-4b90-a655-4a96d13e3740","type":"challenge","rationale":"No counterexample found in accessed primary sources. This is not proof that the conclusion is true.","step":7,"t":"2026-09-17T17:28:43.149Z"}
{"level":"info","event":"action","runId":"53411bef-9142-4b90-a655-4a96d13e3740","type":"synthesize","rationale":"decision_critical_gaps_resolved_or_unresolvable; high-impact claims supported or qualified; contradictions handled; remaining actions low expected value","step":8,"t":"2026-09-17T17:28:43.160Z"}
{"level":"info","event":"action","runId":"989de16e-b39e-4b4c-900c-5d543d05e499","type":"search","rationale":"Investigate an uncovered required question","step":0,"t":"2026-09-17T17:28:43.599Z"}
{"level":"info","event":"action","runId":"989de16e-b39e-4b4c-900c-5d543d05e499","type":"fetch","rationale":"Inspect an already-known source before another generic query","step":1,"t":"2026-09-17T17:28:43.621Z"}
{"level":"info","event":"action","runId":"989de16e-b39e-4b4c-900c-5d543d05e499","type":"fetch","rationale":"Inspect an already-known source before another generic query","step":2,"t":"2026-09-17T17:28:43.634Z"}
{"level":"info","event":"action","runId":"989de16e-b39e-4b4c-900c-5d543d05e499","type":"fetch","rationale":"Inspect an already-known source before another generic query","step":3,"t":"2026-09-17T17:28:43.648Z"}
{"level":"info","event":"action","runId":"989de16e-b39e-4b4c-900c-5d543d05e499","type":"fetch","rationale":"Inspect an already-known source before another generic query","step":4,"t":"2026-09-17T17:28:43.661Z"}
{"level":"info","event":"action","runId":"989de16e-b39e-4b4c-900c-5d543d05e499","type":"fetch","rationale":"Inspect an already-known source before another generic query","step":5,"t":"2026-09-17T17:28:43.674Z"}
{"level":"info","event":"action","runId":"989de16e-b39e-4b4c-900c-5d543d05e499","type":"challenge","rationale":"Disconfirm material conclusion: A primary source that directly contradicts this conclusion.","step":6,"t":"2026-09-17T17:28:43.689Z"}
{"level":"info","event":"action","runId":"989de16e-b39e-4b4c-900c-5d543d05e499","type":"challenge","rationale":"No counterexample found in accessed primary sources. This is not proof that the conclusion is true.","step":7,"t":"2026-09-17T17:28:43.704Z"}
{"level":"info","event":"action","runId":"989de16e-b39e-4b4c-900c-5d543d05e499","type":"synthesize","rationale":"decision_critical_gaps_resolved_or_unresolvable; high-impact claims supported or qualified; contradictions handled; remaining actions low expected value","step":8,"t":"2026-09-17T17:28:43.714Z"}
{"level":"info","event":"action","runId":"2a9b4c83-593b-4050-baa6-3c33d126877f","type":"clarify","rationale":"A blocking field is unspecified and would change the answer","step":0,"t":"2026-09-17T17:28:44.604Z"}
{"level":"info","event":"action","runId":"e4b7aa2c-362f-4ddc-bc1d-2163a0aca74a","type":"clarify","rationale":"A blocking field is unspecified and would change the answer","step":0,"t":"2026-09-17T17:28:44.847Z"}
{"level":"info","event":"action","runId":"e4b7aa2c-362f-4ddc-bc1d-2163a0aca74a","type":"search","rationale":"Investigate an uncovered required question","step":0,"t":"2026-09-17T17:28:44.873Z"}
{"level":"info","event":"action","runId":"e4b7aa2c-362f-4ddc-bc1d-2163a0aca74a","type":"fetch","rationale":"Inspect an already-known source before another generic query","step":1,"t":"2026-09-17T17:28:44.890Z"}
{"level":"info","event":"action","runId":"e4b7aa2c-362f-4ddc-bc1d-2163a0aca74a","type":"challenge","rationale":"Disconfirm material conclusion: A primary source that directly contradicts this conclusion.","step":2,"t":"2026-09-17T17:28:44.904Z"}
{"level":"info","event":"action","runId":"e4b7aa2c-362f-4ddc-bc1d-2163a0aca74a","type":"challenge","rationale":"Disconfirm material conclusion: A primary source that directly contradicts this conclusion.","step":3,"t":"2026-09-17T17:28:44.918Z"}
{"level":"info","event":"action","runId":"e4b7aa2c-362f-4ddc-bc1d-2163a0aca74a","type":"challenge","rationale":"Disconfirm material conclusion: A primary source that directly contradicts this conclusion.","step":4,"t":"2026-09-17T17:28:44.931Z"}
{"level":"info","event":"action","runId":"e4b7aa2c-362f-4ddc-bc1d-2163a0aca74a","type":"challenge","rationale":"Disconfirm material conclusion: A primary source that directly contradicts this conclusion.","step":5,"t":"2026-09-17T17:28:44.944Z"}
{"level":"info","event":"action","runId":"e4b7aa2c-362f-4ddc-bc1d-2163a0aca74a","type":"challenge","rationale":"Disconfirm material conclusion: A primary source that directly contradicts this conclusion.","step":6,"t":"2026-09-17T17:28:44.958Z"}
{"level":"info","event":"action","runId":"e4b7aa2c-362f-4ddc-bc1d-2163a0aca74a","type":"challenge","rationale":"Disconfirm material conclusion: A primary source that directly contradicts this conclusion.","step":7,"t":"2026-09-17T17:28:44.971Z"}
{"level":"info","event":"action","runId":"e4b7aa2c-362f-4ddc-bc1d-2163a0aca74a","type":"challenge","rationale":"Disconfirm material conclusion: A primary source that directly contradicts this conclusion.","step":8,"t":"2026-09-17T17:28:44.986Z"}
{"level":"info","event":"action","runId":"e4b7aa2c-362f-4ddc-bc1d-2163a0aca74a","type":"challenge","rationale":"No counterexample found in accessed primary sources. This is not proof that the conclusion is true.","step":9,"t":"2026-09-17T17:28:45.000Z"}
{"level":"info","event":"action","runId":"e4b7aa2c-362f-4ddc-bc1d-2163a0aca74a","type":"stop","rationale":"Repeated searches returned no novel source family or coverage progress","step":10,"t":"2026-09-17T17:28:45.011Z"}
{"level":"info","event":"action","runId":"c0bfabf8-c664-44cf-b79e-a389bd024ad7","type":"clarify","rationale":"A blocking field is unspecified and would change the answer","step":0,"t":"2026-09-17T17:28:45.462Z"}
{"level":"info","event":"action","runId":"c0bfabf8-c664-44cf-b79e-a389bd024ad7","type":"search","rationale":"Investigate an uncovered required question","step":0,"t":"2026-09-17T17:28:45.487Z"}
{"level":"info","event":"action","runId":"c0bfabf8-c664-44cf-b79e-a389bd024ad7","type":"fetch","rationale":"Inspect an already-known source before another generic query","step":1,"t":"2026-09-17T17:28:45.502Z"}
{"level":"info","event":"action","runId":"c0bfabf8-c664-44cf-b79e-a389bd024ad7","type":"challenge","rationale":"Disconfirm material conclusion: A primary source that directly contradicts this conclusion.","step":2,"t":"2026-09-17T17:28:45.516Z"}
{"level":"info","event":"action","runId":"c0bfabf8-c664-44cf-b79e-a389bd024ad7","type":"challenge","rationale":"Disconfirm material conclusion: A primary source that directly contradicts this conclusion.","step":3,"t":"2026-09-17T17:28:45.528Z"}
{"level":"info","event":"action","runId":"c0bfabf8-c664-44cf-b79e-a389bd024ad7","type":"challenge","rationale":"Disconfirm material conclusion: A primary source that directly contradicts this conclusion.","step":4,"t":"2026-09-17T17:28:45.543Z"}
{"level":"info","event":"action","runId":"c0bfabf8-c664-44cf-b79e-a389bd024ad7","type":"challenge","rationale":"Disconfirm material conclusion: A primary source that directly contradicts this conclusion.","step":5,"t":"2026-09-17T17:28:45.554Z"}
{"level":"info","event":"action","runId":"c0bfabf8-c664-44cf-b79e-a389bd024ad7","type":"challenge","rationale":"Disconfirm material conclusion: A primary source that directly contradicts this conclusion.","step":6,"t":"2026-09-17T17:28:45.568Z"}
{"level":"info","event":"action","runId":"c0bfabf8-c664-44cf-b79e-a389bd024ad7","type":"challenge","rationale":"Disconfirm material conclusion: A primary source that directly contradicts this conclusion.","step":7,"t":"2026-09-17T17:28:45.582Z"}
{"level":"info","event":"action","runId":"c0bfabf8-c664-44cf-b79e-a389bd024ad7","type":"challenge","rationale":"Disconfirm material conclusion: A primary source that directly contradicts this conclusion.","step":8,"t":"2026-09-17T17:28:45.596Z"}
{"level":"info","event":"action","runId":"c0bfabf8-c664-44cf-b79e-a389bd024ad7","type":"challenge","rationale":"No counterexample found in accessed primary sources. This is not proof that the conclusion is true.","step":9,"t":"2026-09-17T17:28:45.609Z"}
{"level":"info","event":"action","runId":"c0bfabf8-c664-44cf-b79e-a389bd024ad7","type":"stop","rationale":"Repeated searches returned no novel source family or coverage progress","step":10,"t":"2026-09-17T17:28:45.620Z"}
{"level":"info","event":"action","runId":"2d7a3b3a-f3df-4032-9898-09e9156fd099","type":"clarify","rationale":"A blocking field is unspecified and would change the answer","step":0,"t":"2026-09-17T17:28:46.058Z"}
{"level":"info","event":"action","runId":"2d7a3b3a-f3df-4032-9898-09e9156fd099","type":"search","rationale":"Investigate an uncovered required question","step":0,"t":"2026-09-17T17:28:46.081Z"}
{"level":"info","event":"action","runId":"2d7a3b3a-f3df-4032-9898-09e9156fd099","type":"fetch","rationale":"Inspect an already-known source before another generic query","step":1,"t":"2026-09-17T17:28:46.097Z"}
{"level":"info","event":"action","runId":"2d7a3b3a-f3df-4032-9898-09e9156fd099","type":"challenge","rationale":"Disconfirm material conclusion: A primary source that directly contradicts this conclusion.","step":2,"t":"2026-09-17T17:28:46.110Z"}
{"level":"info","event":"action","runId":"2d7a3b3a-f3df-4032-9898-09e9156fd099","type":"challenge","rationale":"Disconfirm material conclusion: A primary source that directly contradicts this conclusion.","step":3,"t":"2026-09-17T17:28:46.122Z"}
{"level":"info","event":"action","runId":"2d7a3b3a-f3df-4032-9898-09e9156fd099","type":"challenge","rationale":"Disconfirm material conclusion: A primary source that directly contradicts this conclusion.","step":4,"t":"2026-09-17T17:28:46.137Z"}
{"level":"info","event":"action","runId":"2d7a3b3a-f3df-4032-9898-09e9156fd099","type":"challenge","rationale":"Disconfirm material conclusion: A primary source that directly contradicts this conclusion.","step":5,"t":"2026-09-17T17:28:46.151Z"}
{"level":"info","event":"action","runId":"2d7a3b3a-f3df-4032-9898-09e9156fd099","type":"challenge","rationale":"Disconfirm material conclusion: A primary source that directly contradicts this conclusion.","step":6,"t":"2026-09-17T17:28:46.166Z"}
{"level":"info","event":"action","runId":"2d7a3b3a-f3df-4032-9898-09e9156fd099","type":"challenge","rationale":"Disconfirm material conclusion: A primary source that directly contradicts this conclusion.","step":7,"t":"2026-09-17T17:28:46.187Z"}
{"level":"info","event":"action","runId":"2d7a3b3a-f3df-4032-9898-09e9156fd099","type":"challenge","rationale":"Disconfirm material conclusion: A primary source that directly contradicts this conclusion.","step":8,"t":"2026-09-17T17:28:46.203Z"}
{"level":"info","event":"action","runId":"2d7a3b3a-f3df-4032-9898-09e9156fd099","type":"challenge","rationale":"No counterexample found in accessed primary sources. This is not proof that the conclusion is true.","step":9,"t":"2026-09-17T17:28:46.217Z"}
{"level":"info","event":"action","runId":"2d7a3b3a-f3df-4032-9898-09e9156fd099","type":"stop","rationale":"Repeated searches returned no novel source family or coverage progress","step":10,"t":"2026-09-17T17:28:46.227Z"}
 ✓ test/p3-remaining.integration.test.ts (51 tests) 26719ms
   ✓ remaining launch-scope IDs > M04 fixture comparison publishes a wide table, code listing, unicode-safe text, and many citations  683ms
   ✓ remaining launch-scope IDs > R06 preserves event date vs publication date  548ms
   ✓ remaining launch-scope IDs > R10 declines an unrelated celebrity branch from page content  556ms
   ✓ remaining launch-scope IDs > R12 explains different percentage denominators instead of averaging  497ms
   ✓ remaining launch-scope IDs > R15 states unknown without a fake probability  501ms
   ✓ remaining launch-scope IDs > R16 comparison names the requested entities and constraints  553ms
   ✓ remaining launch-scope IDs > E05 new source version does not rewrite the original report citation  556ms
   ✓ remaining launch-scope IDs > V2-13 private canary is stored as evidence, omitted from public queries, and denied to another account  574ms
   ✓ remaining launch-scope IDs > JOB-1 eligibility-aware comparison under platform and export constraints  536ms
   ✓ remaining launch-scope IDs > JOB-1 adding Linux as a hard requirement excludes NoteKeep and keeps NoteAll  974ms
   ✓ remaining launch-scope IDs > JOB-1 removing Linux as a requirement makes NoteKeep eligible again  994ms
   ✓ remaining launch-scope IDs > JOB-2 attached document text is stored as supplied evidence and not used as a public query  571ms
   ✓ remaining launch-scope IDs > E06 actual PDF with no readable evidence is disclosed as unread pages  605ms
   ✓ remaining launch-scope IDs > E08 quoted report text is taken from the stored passage  561ms
   ✓ remaining launch-scope IDs > E09 export citation anchors resolve to owned passages  569ms
   ✓ remaining launch-scope IDs > J02 a second processRun after completion does not duplicate the report or settlement  566ms
   ✓ remaining launch-scope IDs > J06 cancel after completion keeps the published report  598ms
   ✓ remaining launch-scope IDs > J08 event cursor returns only later sequences  563ms
   ✓ remaining launch-scope IDs > J13 live spend kill switch blocks new paid routes but keeps saved reports  553ms
   ✓ remaining launch-scope IDs > S07 cross-account reports are denied  588ms
   ✓ remaining launch-scope IDs > V2-10 a later unavailable fetch does not retract last-access evidence  562ms
   ✓ remaining launch-scope IDs > V2-11 concise view uses the same answer citations as the body  559ms
   ✓ remaining launch-scope IDs > V2-19 scanned tables stay unread rather than guessed  486ms
   ✓ remaining launch-scope IDs > R17 concise request still keeps limitations  567ms
   ✓ remaining launch-scope IDs > R18 compacted checkpoint still lists stored passage ids  597ms
   ✓ remaining launch-scope IDs > R19 follow-up verifies one claim and keeps the parent report  1145ms
   ✓ remaining launch-scope IDs > R20 dates a retrieved price and keeps a founding year as history  556ms
   ✓ remaining launch-scope IDs > R21 labels a German original as a translation  477ms
   ✓ remaining launch-scope IDs > E03 preserves the adults-over-65 qualifier  507ms
   ✓ remaining launch-scope IDs > E04 report uses the table's 24% rather than 42%  493ms
   ✓ remaining launch-scope IDs > E10 withdraws the conclusion when the asserted 42% is unsupported by the 24% table  490ms
   ✓ remaining launch-scope IDs > J07 expired lease is reclaimed; a live lease is not stolen  549ms
   ✓ remaining launch-scope IDs > J10 a tight budget still publishes a written report  484ms
   ✓ remaining launch-scope IDs > J11 reports that app counters are not provider-internal guarantees  556ms
   ✓ remaining launch-scope IDs > J14 duplicate completion epochs share one outbox row and omit query text  549ms
   ✓ remaining launch-scope IDs > V2-09 deleted attachment text is not left in reports  605ms
   ✓ remaining launch-scope IDs > V2-09 late worker cannot republish deleted private text even if it claims deleted=false  374ms
   ✓ remaining launch-scope IDs > expired session cannot read library or reports  562ms
   ✓ remaining launch-scope IDs > library lists report_id for a completed run so share can resolve  558ms
   ✓ remaining launch-scope IDs > clarification continue records geography and resumes  630ms
   ✓ remaining launch-scope IDs > R02 continue with France records France and does not invent Germany  598ms
   ✓ remaining launch-scope IDs > R02 after France continue discovery uses France evidence not the Germany default note  610ms
{"level":"info","event":"action","runId":"ab20acaa-b415-4c6a-b9eb-73666447f2f9","type":"clarify","rationale":"A blocking field is unspecified and would change the answer","step":0,"t":"2026-09-17T17:28:47.679Z"}
{"level":"info","event":"action","runId":"eeccb13c-6f02-4af7-9061-101581ea9176","type":"search","rationale":"Investigate an uncovered required question","step":0,"t":"2026-09-17T17:28:47.951Z"}
{"level":"info","event":"action","runId":"eeccb13c-6f02-4af7-9061-101581ea9176","type":"fetch","rationale":"Inspect an already-known source before another generic query","step":1,"t":"2026-09-17T17:28:47.998Z"}
{"level":"info","event":"action","runId":"eeccb13c-6f02-4af7-9061-101581ea9176","type":"fetch","rationale":"Inspect an already-known source before another generic query","step":2,"t":"2026-09-17T17:28:48.021Z"}
{"level":"info","event":"action","runId":"eeccb13c-6f02-4af7-9061-101581ea9176","type":"fetch","rationale":"Inspect an already-known source before another generic query","step":3,"t":"2026-09-17T17:28:48.042Z"}
{"level":"info","event":"action","runId":"eeccb13c-6f02-4af7-9061-101581ea9176","type":"challenge","rationale":"Disconfirm material conclusion: A primary source that directly contradicts this conclusion.","step":4,"t":"2026-09-17T17:28:48.072Z"}
{"level":"info","event":"action","runId":"eeccb13c-6f02-4af7-9061-101581ea9176","type":"challenge","rationale":"No counterexample found in accessed primary sources. This is not proof that the conclusion is true.","step":5,"t":"2026-09-17T17:28:48.094Z"}
{"level":"info","event":"action","runId":"eeccb13c-6f02-4af7-9061-101581ea9176","type":"synthesize","rationale":"decision_critical_gaps_resolved_or_unresolvable; high-impact claims supported or qualified; contradictions handled; remaining actions low expected value","step":6,"t":"2026-09-17T17:28:48.112Z"}
{"level":"info","event":"action","runId":"03e7cf9c-2ef6-41ff-bffd-6c01d1a79d2b","type":"search","rationale":"Investigate an uncovered required question","step":0,"t":"2026-09-17T17:28:48.632Z"}
{"level":"info","event":"action","runId":"03e7cf9c-2ef6-41ff-bffd-6c01d1a79d2b","type":"fetch","rationale":"Inspect an already-known source before another generic query","step":1,"t":"2026-09-17T17:28:48.654Z"}
{"level":"info","event":"action","runId":"03e7cf9c-2ef6-41ff-bffd-6c01d1a79d2b","type":"challenge","rationale":"Disconfirm material conclusion: A primary source that directly contradicts this conclusion.","step":2,"t":"2026-09-17T17:28:48.673Z"}
{"level":"info","event":"action","runId":"03e7cf9c-2ef6-41ff-bffd-6c01d1a79d2b","type":"challenge","rationale":"No counterexample found in accessed primary sources. This is not proof that the conclusion is true.","step":3,"t":"2026-09-17T17:28:48.691Z"}
{"level":"info","event":"action","runId":"03e7cf9c-2ef6-41ff-bffd-6c01d1a79d2b","type":"synthesize","rationale":"inaccessible_or_unresolved_gap:primary source is inaccessible","step":4,"t":"2026-09-17T17:28:48.706Z"}
{"level":"info","event":"action","runId":"7a85c4b3-c837-4f55-8f36-d1c3fee96850","type":"search","rationale":"Investigate an uncovered required question","step":0,"t":"2026-09-17T17:28:49.185Z"}
{"level":"info","event":"action","runId":"7a85c4b3-c837-4f55-8f36-d1c3fee96850","type":"fetch","rationale":"Inspect the preferred source type (vendor-docs) before more weak sources","step":1,"t":"2026-09-17T17:28:49.206Z"}
{"level":"info","event":"action","runId":"7a85c4b3-c837-4f55-8f36-d1c3fee96850","type":"fetch","rationale":"Inspect the preferred source type (vendor-docs) before more weak sources","step":2,"t":"2026-09-17T17:28:49.222Z"}
{"level":"info","event":"action","runId":"7a85c4b3-c837-4f55-8f36-d1c3fee96850","type":"verify","rationale":"Scope-check contradiction on value before treating newest as correct","step":3,"t":"2026-09-17T17:28:49.239Z"}
{"level":"info","event":"action","runId":"7a85c4b3-c837-4f55-8f36-d1c3fee96850","type":"challenge","rationale":"Disconfirm material conclusion: A primary source that directly contradicts this conclusion.","step":4,"t":"2026-09-17T17:28:49.250Z"}
{"level":"info","event":"action","runId":"7a85c4b3-c837-4f55-8f36-d1c3fee96850","type":"challenge","rationale":"No counterexample found in accessed primary sources. This is not proof that the conclusion is true.","step":5,"t":"2026-09-17T17:28:49.266Z"}
{"level":"info","event":"action","runId":"7a85c4b3-c837-4f55-8f36-d1c3fee96850","type":"synthesize","rationale":"decision_critical_gaps_resolved_or_unresolvable; high-impact claims supported or qualified; contradictions handled; remaining actions low expected value","step":6,"t":"2026-09-17T17:28:49.277Z"}
{"level":"info","event":"action","runId":"2f0b5899-fbd5-40a0-850f-97153311b263","type":"search","rationale":"Investigate an uncovered required question","step":0,"t":"2026-09-17T17:28:49.747Z"}
{"level":"info","event":"action","runId":"2f0b5899-fbd5-40a0-850f-97153311b263","type":"fetch","rationale":"Inspect an already-known source before another generic query","step":1,"t":"2026-09-17T17:28:49.774Z"}
{"level":"info","event":"action","runId":"2f0b5899-fbd5-40a0-850f-97153311b263","type":"synthesize","rationale":"budget requires finishing with available evidence","step":2,"t":"2026-09-17T17:28:49.789Z"}
{"level":"info","event":"action","runId":"352ef4be-63c0-48d1-bd12-669a761f1c87","type":"search","rationale":"Investigate an uncovered required question","step":0,"t":"2026-09-17T17:28:50.260Z"}
{"level":"info","event":"action","runId":"352ef4be-63c0-48d1-bd12-669a761f1c87","type":"fetch","rationale":"Inspect an already-known source before another generic query","step":1,"t":"2026-09-17T17:28:50.287Z"}
{"level":"info","event":"action","runId":"352ef4be-63c0-48d1-bd12-669a761f1c87","type":"fetch","rationale":"Inspect an already-known source before another generic query","step":2,"t":"2026-09-17T17:28:50.308Z"}
{"level":"info","event":"action","runId":"352ef4be-63c0-48d1-bd12-669a761f1c87","type":"fetch","rationale":"Inspect an already-known source before another generic query","step":3,"t":"2026-09-17T17:28:50.327Z"}
{"level":"info","event":"action","runId":"352ef4be-63c0-48d1-bd12-669a761f1c87","type":"challenge","rationale":"Disconfirm material conclusion: A primary source that directly contradicts this conclusion.","step":4,"t":"2026-09-17T17:28:50.350Z"}
{"level":"info","event":"action","runId":"352ef4be-63c0-48d1-bd12-669a761f1c87","type":"challenge","rationale":"No counterexample found in accessed primary sources. This is not proof that the conclusion is true.","step":5,"t":"2026-09-17T17:28:50.366Z"}
{"level":"info","event":"action","runId":"352ef4be-63c0-48d1-bd12-669a761f1c87","type":"synthesize","rationale":"decision_critical_gaps_resolved_or_unresolvable; high-impact claims supported or qualified; contradictions handled; remaining actions low expected value","step":6,"t":"2026-09-17T17:28:50.380Z"}
{"level":"info","event":"action","runId":"29d63047-e393-4663-b4b7-610cbe1506f3","type":"search","rationale":"Investigate an uncovered required question","step":0,"t":"2026-09-17T17:28:50.866Z"}
{"level":"info","event":"action","runId":"29d63047-e393-4663-b4b7-610cbe1506f3","type":"search","rationale":"Decision-blocking gap: authoritative compatibility limitation. Switching source type to vendor-matrix.","step":1,"t":"2026-09-17T17:28:50.886Z"}
{"level":"info","event":"action","runId":"29d63047-e393-4663-b4b7-610cbe1506f3","type":"fetch","rationale":"Inspect the preferred source type (vendor-matrix) before more weak sources","step":2,"t":"2026-09-17T17:28:50.904Z"}
{"level":"info","event":"action","runId":"29d63047-e393-4663-b4b7-610cbe1506f3","type":"fetch","rationale":"Inspect an already-known source before another generic query","step":3,"t":"2026-09-17T17:28:50.919Z"}
{"level":"info","event":"action","runId":"29d63047-e393-4663-b4b7-610cbe1506f3","type":"fetch","rationale":"Inspect an already-known source before another generic query","step":4,"t":"2026-09-17T17:28:50.935Z"}
{"level":"info","event":"action","runId":"29d63047-e393-4663-b4b7-610cbe1506f3","type":"fetch","rationale":"Inspect an already-known source before another generic query","step":5,"t":"2026-09-17T17:28:50.951Z"}
{"level":"info","event":"action","runId":"29d63047-e393-4663-b4b7-610cbe1506f3","type":"verify","rationale":"Scope-check contradiction on compatibility before treating newest as correct","step":6,"t":"2026-09-17T17:28:50.966Z"}
{"level":"info","event":"action","runId":"29d63047-e393-4663-b4b7-610cbe1506f3","type":"challenge","rationale":"Disconfirm material conclusion: Official compatibility documentation that lists the named version as supported.","step":7,"t":"2026-09-17T17:28:50.977Z"}
{"level":"info","event":"action","runId":"29d63047-e393-4663-b4b7-610cbe1506f3","type":"challenge","rationale":"No counterexample found in accessed primary sources. This is not proof that the conclusion is true.","step":8,"t":"2026-09-17T17:28:50.993Z"}
{"level":"info","event":"action","runId":"29d63047-e393-4663-b4b7-610cbe1506f3","type":"synthesize","rationale":"decision_critical_gaps_resolved_or_unresolvable; high-impact claims supported or qualified; contradictions handled; remaining actions low expected value","step":9,"t":"2026-09-17T17:28:51.005Z"}
{"level":"info","event":"action","runId":"638a1670-3317-4d24-a470-283e29e7cd7b","type":"search","rationale":"Investigate an uncovered required question","step":0,"t":"2026-09-17T17:28:51.484Z"}
{"level":"info","event":"action","runId":"638a1670-3317-4d24-a470-283e29e7cd7b","type":"search","rationale":"Decision-blocking gap: authoritative compatibility limitation. Switching source type to vendor-matrix.","step":1,"t":"2026-09-17T17:28:51.504Z"}
{"level":"info","event":"action","runId":"638a1670-3317-4d24-a470-283e29e7cd7b","type":"fetch","rationale":"Inspect the preferred source type (vendor-matrix) before more weak sources","step":2,"t":"2026-09-17T17:28:51.521Z"}
{"level":"info","event":"action","runId":"638a1670-3317-4d24-a470-283e29e7cd7b","type":"fetch","rationale":"Inspect an already-known source before another generic query","step":3,"t":"2026-09-17T17:28:51.536Z"}
{"level":"info","event":"action","runId":"638a1670-3317-4d24-a470-283e29e7cd7b","type":"fetch","rationale":"Inspect an already-known source before another generic query","step":4,"t":"2026-09-17T17:28:51.552Z"}
{"level":"info","event":"action","runId":"638a1670-3317-4d24-a470-283e29e7cd7b","type":"fetch","rationale":"Inspect an already-known source before another generic query","step":5,"t":"2026-09-17T17:28:51.567Z"}
{"level":"info","event":"action","runId":"638a1670-3317-4d24-a470-283e29e7cd7b","type":"verify","rationale":"Scope-check contradiction on compatibility before treating newest as correct","step":6,"t":"2026-09-17T17:28:51.581Z"}
{"level":"info","event":"action","runId":"638a1670-3317-4d24-a470-283e29e7cd7b","type":"challenge","rationale":"Disconfirm material conclusion: Official compatibility documentation that lists the named version as supported.","step":7,"t":"2026-09-17T17:28:51.596Z"}
{"level":"info","event":"action","runId":"638a1670-3317-4d24-a470-283e29e7cd7b","type":"challenge","rationale":"No counterexample found in accessed primary sources. This is not proof that the conclusion is true.","step":8,"t":"2026-09-17T17:28:51.615Z"}
{"level":"info","event":"action","runId":"638a1670-3317-4d24-a470-283e29e7cd7b","type":"synthesize","rationale":"decision_critical_gaps_resolved_or_unresolvable; high-impact claims supported or qualified; contradictions handled; remaining actions low expected value","step":9,"t":"2026-09-17T17:28:51.628Z"}
{"level":"info","event":"action","runId":"42f28745-7c99-4573-8446-ca3f0f8c8ab5","type":"search","rationale":"Investigate an uncovered required question","step":0,"t":"2026-09-17T17:28:52.105Z"}
{"level":"info","event":"action","runId":"42f28745-7c99-4573-8446-ca3f0f8c8ab5","type":"fetch","rationale":"Inspect an already-known source before another generic query","step":1,"t":"2026-09-17T17:28:52.128Z"}
{"level":"info","event":"action","runId":"42f28745-7c99-4573-8446-ca3f0f8c8ab5","type":"fetch","rationale":"Inspect an already-known source before another generic query","step":2,"t":"2026-09-17T17:28:52.143Z"}
{"level":"info","event":"action","runId":"42f28745-7c99-4573-8446-ca3f0f8c8ab5","type":"fetch","rationale":"Inspect an already-known source before another generic query","step":3,"t":"2026-09-17T17:28:52.158Z"}
{"level":"info","event":"action","runId":"42f28745-7c99-4573-8446-ca3f0f8c8ab5","type":"challenge","rationale":"Disconfirm material conclusion: A primary source that directly contradicts this conclusion.","step":4,"t":"2026-09-17T17:28:52.176Z"}
{"level":"info","event":"action","runId":"42f28745-7c99-4573-8446-ca3f0f8c8ab5","type":"challenge","rationale":"No counterexample found in accessed primary sources. This is not proof that the conclusion is true.","step":5,"t":"2026-09-17T17:28:52.192Z"}
{"level":"info","event":"action","runId":"42f28745-7c99-4573-8446-ca3f0f8c8ab5","type":"synthesize","rationale":"decision_critical_gaps_resolved_or_unresolvable; high-impact claims supported or qualified; contradictions handled; remaining actions low expected value","step":6,"t":"2026-09-17T17:28:52.204Z"}
{"level":"info","event":"action","runId":"4d5f96f3-9fe2-4640-9297-092b0c74e712","type":"search","rationale":"Investigate an uncovered required question","step":0,"t":"2026-09-17T17:28:52.478Z"}
{"level":"info","event":"action","runId":"4d5f96f3-9fe2-4640-9297-092b0c74e712","type":"fetch","rationale":"Inspect an already-known source before another generic query","step":1,"t":"2026-09-17T17:28:52.497Z"}
{"level":"info","event":"action","runId":"4d5f96f3-9fe2-4640-9297-092b0c74e712","type":"fetch","rationale":"Inspect an already-known source before another generic query","step":2,"t":"2026-09-17T17:28:52.511Z"}
{"level":"info","event":"action","runId":"4d5f96f3-9fe2-4640-9297-092b0c74e712","type":"fetch","rationale":"Inspect an already-known source before another generic query","step":3,"t":"2026-09-17T17:28:52.526Z"}
{"level":"info","event":"action","runId":"4d5f96f3-9fe2-4640-9297-092b0c74e712","type":"challenge","rationale":"Disconfirm material conclusion: A hard-constraint violation for a candidate currently marked eligible.","step":4,"t":"2026-09-17T17:28:52.539Z"}
{"level":"info","event":"action","runId":"4d5f96f3-9fe2-4640-9297-092b0c74e712","type":"challenge","rationale":"No counterexample found in accessed primary sources. This is not proof that the conclusion is true.","step":5,"t":"2026-09-17T17:28:52.554Z"}
{"level":"info","event":"action","runId":"4d5f96f3-9fe2-4640-9297-092b0c74e712","type":"synthesize","rationale":"decision_critical_gaps_resolved_or_unresolvable; high-impact claims supported or qualified; contradictions handled; remaining actions low expected value","step":6,"t":"2026-09-17T17:28:52.567Z"}
{"level":"info","event":"action","runId":"db93193e-38a5-402a-bdca-92e832a6b494","type":"search","rationale":"Investigate an uncovered required question","step":0,"t":"2026-09-17T17:28:53.024Z"}
{"level":"info","event":"action","runId":"db93193e-38a5-402a-bdca-92e832a6b494","type":"fetch","rationale":"Inspect an already-known source before another generic query","step":1,"t":"2026-09-17T17:28:53.039Z"}
{"level":"info","event":"action","runId":"db93193e-38a5-402a-bdca-92e832a6b494","type":"challenge","rationale":"Disconfirm material conclusion: A primary source that directly contradicts this conclusion.","step":2,"t":"2026-09-17T17:28:53.052Z"}
{"level":"info","event":"action","runId":"db93193e-38a5-402a-bdca-92e832a6b494","type":"challenge","rationale":"No counterexample found in accessed primary sources. This is not proof that the conclusion is true.","step":3,"t":"2026-09-17T17:28:53.065Z"}
{"level":"info","event":"action","runId":"db93193e-38a5-402a-bdca-92e832a6b494","type":"synthesize","rationale":"decision_critical_gaps_resolved_or_unresolvable; high-impact claims supported or qualified; contradictions handled; remaining actions low expected value","step":4,"t":"2026-09-17T17:28:53.075Z"}
{"level":"info","event":"action","runId":"252798e5-4017-4a9d-af89-a24e5ad6b8cb","type":"search","rationale":"Investigate an uncovered required question","step":0,"t":"2026-09-17T17:28:53.337Z"}
{"level":"info","event":"action","runId":"252798e5-4017-4a9d-af89-a24e5ad6b8cb","type":"fetch","rationale":"Inspect an already-known source before another generic query","step":1,"t":"2026-09-17T17:28:53.351Z"}
{"level":"info","event":"action","runId":"252798e5-4017-4a9d-af89-a24e5ad6b8cb","type":"challenge","rationale":"Disconfirm material conclusion: A primary source that directly contradicts this conclusion.","step":2,"t":"2026-09-17T17:28:53.364Z"}
{"level":"info","event":"action","runId":"252798e5-4017-4a9d-af89-a24e5ad6b8cb","type":"challenge","rationale":"No counterexample found in accessed primary sources. This is not proof that the conclusion is true.","step":3,"t":"2026-09-17T17:28:53.377Z"}
{"level":"info","event":"action","runId":"252798e5-4017-4a9d-af89-a24e5ad6b8cb","type":"synthesize","rationale":"decision_critical_gaps_resolved_or_unresolvable; high-impact claims supported or qualified; contradictions handled; remaining actions low expected value","step":4,"t":"2026-09-17T17:28:53.388Z"}
{"level":"info","event":"action","runId":"f2b3705d-c740-41c4-a3c1-350f6e724b63","type":"search","rationale":"Investigate an uncovered required question","step":0,"t":"2026-09-17T17:28:53.869Z"}
{"level":"info","event":"action","runId":"f2b3705d-c740-41c4-a3c1-350f6e724b63","type":"fetch","rationale":"Inspect an already-known source before another generic query","step":1,"t":"2026-09-17T17:28:53.895Z"}
{"level":"info","event":"action","runId":"f2b3705d-c740-41c4-a3c1-350f6e724b63","type":"fetch","rationale":"Inspect an already-known source before another generic query","step":2,"t":"2026-09-17T17:28:53.909Z"}
{"level":"info","event":"action","runId":"f2b3705d-c740-41c4-a3c1-350f6e724b63","type":"fetch","rationale":"Inspect an already-known source before another generic query","step":3,"t":"2026-09-17T17:28:53.926Z"}
{"level":"info","event":"action","runId":"f2b3705d-c740-41c4-a3c1-350f6e724b63","type":"challenge","rationale":"Disconfirm material conclusion: A primary source that directly contradicts this conclusion.","step":4,"t":"2026-09-17T17:28:53.942Z"}
{"level":"info","event":"action","runId":"f2b3705d-c740-41c4-a3c1-350f6e724b63","type":"challenge","rationale":"No counterexample found in accessed primary sources. This is not proof that the conclusion is true.","step":5,"t":"2026-09-17T17:28:53.958Z"}
{"level":"info","event":"action","runId":"f2b3705d-c740-41c4-a3c1-350f6e724b63","type":"synthesize","rationale":"decision_critical_gaps_resolved_or_unresolvable; high-impact claims supported or qualified; contradictions handled; remaining actions low expected value","step":6,"t":"2026-09-17T17:28:53.970Z"}
{"level":"info","event":"action","runId":"315b8739-6233-452d-958c-7b44178a9e05","type":"search","rationale":"Investigate an uncovered required question","step":0,"t":"2026-09-17T17:28:54.232Z"}
{"level":"info","event":"action","runId":"315b8739-6233-452d-958c-7b44178a9e05","type":"fetch","rationale":"Inspect an already-known source before another generic query","step":1,"t":"2026-09-17T17:28:54.255Z"}
{"level":"info","event":"action","runId":"315b8739-6233-452d-958c-7b44178a9e05","type":"fetch","rationale":"Inspect an already-known source before another generic query","step":2,"t":"2026-09-17T17:28:54.269Z"}
{"level":"info","event":"action","runId":"315b8739-6233-452d-958c-7b44178a9e05","type":"fetch","rationale":"Inspect an already-known source before another generic query","step":3,"t":"2026-09-17T17:28:54.282Z"}
{"level":"info","event":"action","runId":"315b8739-6233-452d-958c-7b44178a9e05","type":"challenge","rationale":"Disconfirm material conclusion: A primary source that directly contradicts this conclusion.","step":4,"t":"2026-09-17T17:28:54.300Z"}
{"level":"info","event":"action","runId":"315b8739-6233-452d-958c-7b44178a9e05","type":"challenge","rationale":"Disconfirm material conclusion: A primary source that directly contradicts this conclusion.","step":5,"t":"2026-09-17T17:28:54.314Z"}
{"level":"info","event":"action","runId":"315b8739-6233-452d-958c-7b44178a9e05","type":"challenge","rationale":"Disconfirm material conclusion: A primary source that directly contradicts this conclusion.","step":6,"t":"2026-09-17T17:28:54.328Z"}
{"level":"info","event":"action","runId":"315b8739-6233-452d-958c-7b44178a9e05","type":"challenge","rationale":"Disconfirm material conclusion: A primary source that directly contradicts this conclusion.","step":7,"t":"2026-09-17T17:28:54.343Z"}
{"level":"info","event":"action","runId":"315b8739-6233-452d-958c-7b44178a9e05","type":"challenge","rationale":"Disconfirm material conclusion: A primary source that directly contradicts this conclusion.","step":8,"t":"2026-09-17T17:28:54.357Z"}
{"level":"info","event":"action","runId":"315b8739-6233-452d-958c-7b44178a9e05","type":"challenge","rationale":"Disconfirm material conclusion: A primary source that directly contradicts this conclusion.","step":9,"t":"2026-09-17T17:28:54.371Z"}
{"level":"info","event":"action","runId":"315b8739-6233-452d-958c-7b44178a9e05","type":"challenge","rationale":"Disconfirm material conclusion: A primary source that directly contradicts this conclusion.","step":10,"t":"2026-09-17T17:28:54.385Z"}
{"level":"info","event":"action","runId":"315b8739-6233-452d-958c-7b44178a9e05","type":"challenge","rationale":"No counterexample found in accessed primary sources. This is not proof that the conclusion is true.","step":11,"t":"2026-09-17T17:28:54.400Z"}
{"level":"info","event":"action","runId":"315b8739-6233-452d-958c-7b44178a9e05","type":"stop","rationale":"Repeated searches returned no novel source family or coverage progress","step":12,"t":"2026-09-17T17:28:54.411Z"}
{"level":"info","event":"action","runId":"fe1518e7-a23d-41a1-8772-88dbfa7fec4c","type":"search","rationale":"Investigate an uncovered required question","step":0,"t":"2026-09-17T17:28:54.857Z"}
{"level":"info","event":"action","runId":"fe1518e7-a23d-41a1-8772-88dbfa7fec4c","type":"fetch","rationale":"Inspect an already-known source before another generic query","step":1,"t":"2026-09-17T17:28:54.879Z"}
{"level":"info","event":"action","runId":"fe1518e7-a23d-41a1-8772-88dbfa7fec4c","type":"fetch","rationale":"Inspect an already-known source before another generic query","step":2,"t":"2026-09-17T17:28:54.893Z"}
{"level":"info","event":"action","runId":"fe1518e7-a23d-41a1-8772-88dbfa7fec4c","type":"fetch","rationale":"Inspect an already-known source before another generic query","step":3,"t":"2026-09-17T17:28:54.908Z"}
{"level":"info","event":"action","runId":"fe1518e7-a23d-41a1-8772-88dbfa7fec4c","type":"challenge","rationale":"Disconfirm material conclusion: A primary source that directly contradicts this conclusion.","step":4,"t":"2026-09-17T17:28:54.925Z"}
{"level":"info","event":"action","runId":"fe1518e7-a23d-41a1-8772-88dbfa7fec4c","type":"challenge","rationale":"No counterexample found in accessed primary sources. This is not proof that the conclusion is true.","step":5,"t":"2026-09-17T17:28:54.938Z"}
{"level":"info","event":"action","runId":"fe1518e7-a23d-41a1-8772-88dbfa7fec4c","type":"synthesize","rationale":"decision_critical_gaps_resolved_or_unresolvable; high-impact claims supported or qualified; contradictions handled; remaining actions low expected value","step":6,"t":"2026-09-17T17:28:54.948Z"}
{"level":"info","event":"action","runId":"642a07ab-16e1-4033-a568-daef6bc206a5","type":"search","rationale":"Investigate an uncovered required question","step":0,"t":"2026-09-17T17:28:55.206Z"}
{"level":"info","event":"action","runId":"642a07ab-16e1-4033-a568-daef6bc206a5","type":"fetch","rationale":"Inspect an already-known source before another generic query","step":1,"t":"2026-09-17T17:28:55.222Z"}
{"level":"info","event":"action","runId":"642a07ab-16e1-4033-a568-daef6bc206a5","type":"fetch","rationale":"Inspect an already-known source before another generic query","step":2,"t":"2026-09-17T17:28:55.235Z"}
{"level":"info","event":"action","runId":"642a07ab-16e1-4033-a568-daef6bc206a5","type":"fetch","rationale":"Inspect an already-known source before another generic query","step":3,"t":"2026-09-17T17:28:55.247Z"}
{"level":"info","event":"action","runId":"642a07ab-16e1-4033-a568-daef6bc206a5","type":"challenge","rationale":"Disconfirm material conclusion: A hard-constraint violation for a candidate currently marked eligible.","step":4,"t":"2026-09-17T17:28:55.262Z"}
{"level":"info","event":"action","runId":"642a07ab-16e1-4033-a568-daef6bc206a5","type":"challenge","rationale":"No counterexample found in accessed primary sources. This is not proof that the conclusion is true.","step":5,"t":"2026-09-17T17:28:55.274Z"}
{"level":"info","event":"action","runId":"642a07ab-16e1-4033-a568-daef6bc206a5","type":"synthesize","rationale":"decision_critical_gaps_resolved_or_unresolvable; high-impact claims supported or qualified; contradictions handled; remaining actions low expected value","step":6,"t":"2026-09-17T17:28:55.284Z"}
{"level":"info","event":"action","runId":"2bc81f43-1439-4b4b-bdae-a393924b86d6","type":"search","rationale":"Investigate an uncovered required question","step":0,"t":"2026-09-17T17:28:55.526Z"}
{"level":"info","event":"action","runId":"2bc81f43-1439-4b4b-bdae-a393924b86d6","type":"fetch","rationale":"Inspect an already-known source before another generic query","step":1,"t":"2026-09-17T17:28:55.545Z"}
{"level":"info","event":"action","runId":"2bc81f43-1439-4b4b-bdae-a393924b86d6","type":"fetch","rationale":"Inspect an already-known source before another generic query","step":2,"t":"2026-09-17T17:28:55.557Z"}
{"level":"info","event":"action","runId":"2bc81f43-1439-4b4b-bdae-a393924b86d6","type":"fetch","rationale":"Inspect an already-known source before another generic query","step":3,"t":"2026-09-17T17:28:55.570Z"}
{"level":"info","event":"action","runId":"2bc81f43-1439-4b4b-bdae-a393924b86d6","type":"challenge","rationale":"Disconfirm material conclusion: A primary source that directly contradicts this conclusion.","step":4,"t":"2026-09-17T17:28:55.588Z"}
{"level":"info","event":"action","runId":"2bc81f43-1439-4b4b-bdae-a393924b86d6","type":"challenge","rationale":"No counterexample found in accessed primary sources. This is not proof that the conclusion is true.","step":5,"t":"2026-09-17T17:28:55.602Z"}
{"level":"info","event":"action","runId":"2bc81f43-1439-4b4b-bdae-a393924b86d6","type":"synthesize","rationale":"decision_critical_gaps_resolved_or_unresolvable; high-impact claims supported or qualified; contradictions handled; remaining actions low expected value","step":6,"t":"2026-09-17T17:28:55.612Z"}
{"level":"info","event":"action","runId":"a16c011c-2688-4770-bb5f-f1b177428c23","type":"search","rationale":"Investigate an uncovered required question","step":0,"t":"2026-09-17T17:28:55.866Z"}
{"level":"info","event":"action","runId":"a16c011c-2688-4770-bb5f-f1b177428c23","type":"fetch","rationale":"Inspect an already-known source before another generic query","step":1,"t":"2026-09-17T17:28:55.879Z"}
{"level":"info","event":"action","runId":"a16c011c-2688-4770-bb5f-f1b177428c23","type":"fetch","rationale":"Inspect an already-known source before another generic query","step":2,"t":"2026-09-17T17:28:55.892Z"}
{"level":"info","event":"action","runId":"a16c011c-2688-4770-bb5f-f1b177428c23","type":"fetch","rationale":"Inspect an already-known source before another generic query","step":3,"t":"2026-09-17T17:28:55.905Z"}
{"level":"info","event":"action","runId":"a16c011c-2688-4770-bb5f-f1b177428c23","type":"challenge","rationale":"Disconfirm material conclusion: A hard-constraint violation for a candidate currently marked eligible.","step":4,"t":"2026-09-17T17:28:55.917Z"}
{"level":"info","event":"action","runId":"a16c011c-2688-4770-bb5f-f1b177428c23","type":"challenge","rationale":"No counterexample found in accessed primary sources. This is not proof that the conclusion is true.","step":5,"t":"2026-09-17T17:28:55.932Z"}
{"level":"info","event":"action","runId":"a16c011c-2688-4770-bb5f-f1b177428c23","type":"synthesize","rationale":"decision_critical_gaps_resolved_or_unresolvable; high-impact claims supported or qualified; contradictions handled; remaining actions low expected value","step":6,"t":"2026-09-17T17:28:55.942Z"}
{"level":"info","event":"action","runId":"1acbd3e9-4db0-465d-bec9-510d6ea56e22","type":"search","rationale":"Investigate an uncovered required question","step":0,"t":"2026-09-17T17:28:56.395Z"}
{"level":"info","event":"action","runId":"1acbd3e9-4db0-465d-bec9-510d6ea56e22","type":"fetch","rationale":"Inspect an already-known source before another generic query","step":1,"t":"2026-09-17T17:28:56.421Z"}
{"level":"info","event":"action","runId":"1acbd3e9-4db0-465d-bec9-510d6ea56e22","type":"fetch","rationale":"Inspect an already-known source before another generic query","step":2,"t":"2026-09-17T17:28:56.435Z"}
{"level":"info","event":"action","runId":"1acbd3e9-4db0-465d-bec9-510d6ea56e22","type":"fetch","rationale":"Inspect an already-known source before another generic query","step":3,"t":"2026-09-17T17:28:56.448Z"}
{"level":"info","event":"action","runId":"1acbd3e9-4db0-465d-bec9-510d6ea56e22","type":"challenge","rationale":"Disconfirm material conclusion: A primary source that directly contradicts this conclusion.","step":4,"t":"2026-09-17T17:28:56.465Z"}
{"level":"info","event":"action","runId":"1acbd3e9-4db0-465d-bec9-510d6ea56e22","type":"challenge","rationale":"No counterexample found in accessed primary sources. This is not proof that the conclusion is true.","step":5,"t":"2026-09-17T17:28:56.480Z"}
{"level":"info","event":"action","runId":"1acbd3e9-4db0-465d-bec9-510d6ea56e22","type":"synthesize","rationale":"decision_critical_gaps_resolved_or_unresolvable; high-impact claims supported or qualified; contradictions handled; remaining actions low expected value","step":6,"t":"2026-09-17T17:28:56.491Z"}
{"level":"info","event":"action","runId":"2f697ba4-f832-46b9-957c-573393980caf","type":"search","rationale":"Investigate an uncovered required question","step":0,"t":"2026-09-17T17:28:56.750Z"}
{"level":"info","event":"action","runId":"2f697ba4-f832-46b9-957c-573393980caf","type":"fetch","rationale":"Inspect an already-known source before another generic query","step":1,"t":"2026-09-17T17:28:56.765Z"}
{"level":"info","event":"action","runId":"2f697ba4-f832-46b9-957c-573393980caf","type":"fetch","rationale":"Inspect an already-known source before another generic query","step":2,"t":"2026-09-17T17:28:56.782Z"}
{"level":"info","event":"action","runId":"2f697ba4-f832-46b9-957c-573393980caf","type":"challenge","rationale":"Disconfirm material conclusion: A primary source that directly contradicts this conclusion.","step":3,"t":"2026-09-17T17:28:56.799Z"}
{"level":"info","event":"action","runId":"2f697ba4-f832-46b9-957c-573393980caf","type":"challenge","rationale":"Disconfirm material conclusion: A primary source that directly contradicts this conclusion.","step":4,"t":"2026-09-17T17:28:56.818Z"}
{"level":"info","event":"action","runId":"2f697ba4-f832-46b9-957c-573393980caf","type":"challenge","rationale":"Disconfirm material conclusion: A primary source that directly contradicts this conclusion.","step":5,"t":"2026-09-17T17:28:56.835Z"}
{"level":"info","event":"action","runId":"2f697ba4-f832-46b9-957c-573393980caf","type":"challenge","rationale":"Disconfirm material conclusion: A primary source that directly contradicts this conclusion.","step":6,"t":"2026-09-17T17:28:56.851Z"}
{"level":"info","event":"action","runId":"2f697ba4-f832-46b9-957c-573393980caf","type":"challenge","rationale":"Disconfirm material conclusion: A primary source that directly contradicts this conclusion.","step":7,"t":"2026-09-17T17:28:56.868Z"}
{"level":"info","event":"action","runId":"2f697ba4-f832-46b9-957c-573393980caf","type":"challenge","rationale":"Disconfirm material conclusion: A primary source that directly contradicts this conclusion.","step":8,"t":"2026-09-17T17:28:56.884Z"}
{"level":"info","event":"action","runId":"2f697ba4-f832-46b9-957c-573393980caf","type":"challenge","rationale":"Disconfirm material conclusion: A primary source that directly contradicts this conclusion.","step":9,"t":"2026-09-17T17:28:56.898Z"}
{"level":"info","event":"action","runId":"2f697ba4-f832-46b9-957c-573393980caf","type":"challenge","rationale":"No counterexample found in accessed primary sources. This is not proof that the conclusion is true.","step":10,"t":"2026-09-17T17:28:56.913Z"}
{"level":"info","event":"action","runId":"2f697ba4-f832-46b9-957c-573393980caf","type":"stop","rationale":"Repeated searches returned no novel source family or coverage progress","step":11,"t":"2026-09-17T17:28:56.923Z"}
{"level":"info","event":"action","runId":"dbbd0a00-a7be-4b2c-9cf7-8115ba790aa2","type":"search","rationale":"Investigate an uncovered required question","step":0,"t":"2026-09-17T17:28:57.370Z"}
{"level":"info","event":"action","runId":"dbbd0a00-a7be-4b2c-9cf7-8115ba790aa2","type":"fetch","rationale":"Inspect an already-known source before another generic query","step":1,"t":"2026-09-17T17:28:57.393Z"}
{"level":"info","event":"action","runId":"dbbd0a00-a7be-4b2c-9cf7-8115ba790aa2","type":"fetch","rationale":"Inspect an already-known source before another generic query","step":2,"t":"2026-09-17T17:28:57.408Z"}
{"level":"info","event":"action","runId":"dbbd0a00-a7be-4b2c-9cf7-8115ba790aa2","type":"fetch","rationale":"Inspect an already-known source before another generic query","step":3,"t":"2026-09-17T17:28:57.420Z"}
{"level":"info","event":"action","runId":"dbbd0a00-a7be-4b2c-9cf7-8115ba790aa2","type":"challenge","rationale":"Disconfirm material conclusion: A primary source that directly contradicts this conclusion.","step":4,"t":"2026-09-17T17:28:57.440Z"}
{"level":"info","event":"action","runId":"dbbd0a00-a7be-4b2c-9cf7-8115ba790aa2","type":"challenge","rationale":"No counterexample found in accessed primary sources. This is not proof that the conclusion is true.","step":5,"t":"2026-09-17T17:28:57.454Z"}
{"level":"info","event":"action","runId":"dbbd0a00-a7be-4b2c-9cf7-8115ba790aa2","type":"synthesize","rationale":"decision_critical_gaps_resolved_or_unresolvable; high-impact claims supported or qualified; contradictions handled; remaining actions low expected value","step":6,"t":"2026-09-17T17:28:57.465Z"}
{"level":"info","event":"action","runId":"e97201a9-0a5d-4df9-ba09-bc14b1ff7831","type":"search","rationale":"Investigate an uncovered required question","step":0,"t":"2026-09-17T17:28:57.915Z"}
{"level":"info","event":"action","runId":"e97201a9-0a5d-4df9-ba09-bc14b1ff7831","type":"fetch","rationale":"Inspect an already-known source before another generic query","step":1,"t":"2026-09-17T17:28:57.937Z"}
{"level":"info","event":"action","runId":"e97201a9-0a5d-4df9-ba09-bc14b1ff7831","type":"fetch","rationale":"Inspect an already-known source before another generic query","step":2,"t":"2026-09-17T17:28:57.950Z"}
{"level":"info","event":"action","runId":"e97201a9-0a5d-4df9-ba09-bc14b1ff7831","type":"fetch","rationale":"Inspect an already-known source before another generic query","step":3,"t":"2026-09-17T17:28:57.962Z"}
{"level":"info","event":"action","runId":"e97201a9-0a5d-4df9-ba09-bc14b1ff7831","type":"fetch","rationale":"Inspect an already-known source before another generic query","step":4,"t":"2026-09-17T17:28:57.975Z"}
{"level":"info","event":"action","runId":"e97201a9-0a5d-4df9-ba09-bc14b1ff7831","type":"fetch","rationale":"Inspect an already-known source before another generic query","step":5,"t":"2026-09-17T17:28:57.988Z"}
{"level":"info","event":"action","runId":"e97201a9-0a5d-4df9-ba09-bc14b1ff7831","type":"challenge","rationale":"Disconfirm material conclusion: A primary source that directly contradicts this conclusion.","step":6,"t":"2026-09-17T17:28:58.001Z"}
{"level":"info","event":"action","runId":"e97201a9-0a5d-4df9-ba09-bc14b1ff7831","type":"challenge","rationale":"No counterexample found in accessed primary sources. This is not proof that the conclusion is true.","step":7,"t":"2026-09-17T17:28:58.016Z"}
{"level":"info","event":"action","runId":"e97201a9-0a5d-4df9-ba09-bc14b1ff7831","type":"synthesize","rationale":"decision_critical_gaps_resolved_or_unresolvable; high-impact claims supported or qualified; contradictions handled; remaining actions low expected value","step":8,"t":"2026-09-17T17:28:58.026Z"}
{"level":"info","event":"action","runId":"33acaa76-bf94-4950-9c63-026e9423f780","type":"search","rationale":"Investigate an uncovered required question","step":0,"t":"2026-09-17T17:28:58.472Z"}
{"level":"info","event":"action","runId":"33acaa76-bf94-4950-9c63-026e9423f780","type":"fetch","rationale":"Inspect an already-known source before another generic query","step":1,"t":"2026-09-17T17:28:58.489Z"}
{"level":"info","event":"action","runId":"33acaa76-bf94-4950-9c63-026e9423f780","type":"challenge","rationale":"Disconfirm material conclusion: A primary source that directly contradicts this conclusion.","step":2,"t":"2026-09-17T17:28:58.503Z"}
{"level":"info","event":"action","runId":"33acaa76-bf94-4950-9c63-026e9423f780","type":"challenge","rationale":"No counterexample found in accessed primary sources. This is not proof that the conclusion is true.","step":3,"t":"2026-09-17T17:28:58.517Z"}
{"level":"info","event":"action","runId":"33acaa76-bf94-4950-9c63-026e9423f780","type":"synthesize","rationale":"decision_critical_gaps_resolved_or_unresolvable; high-impact claims supported or qualified; contradictions handled; remaining actions low expected value","step":4,"t":"2026-09-17T17:28:58.528Z"}
{"level":"info","event":"action","runId":"92c7280b-b2bc-4ab2-b894-76b7cb2c7cfb","type":"search","rationale":"Investigate an uncovered required question","step":0,"t":"2026-09-17T17:28:59.525Z"}
{"level":"info","event":"action","runId":"92c7280b-b2bc-4ab2-b894-76b7cb2c7cfb","type":"fetch","rationale":"Inspect an already-known source before another generic query","step":1,"t":"2026-09-17T17:28:59.552Z"}
{"level":"info","event":"action","runId":"92c7280b-b2bc-4ab2-b894-76b7cb2c7cfb","type":"fetch","rationale":"Inspect an already-known source before another generic query","step":2,"t":"2026-09-17T17:28:59.568Z"}
{"level":"info","event":"action","runId":"92c7280b-b2bc-4ab2-b894-76b7cb2c7cfb","type":"fetch","rationale":"Inspect an already-known source before another generic query","step":3,"t":"2026-09-17T17:28:59.585Z"}
{"level":"info","event":"action","runId":"92c7280b-b2bc-4ab2-b894-76b7cb2c7cfb","type":"fetch","rationale":"Inspect an already-known source before another generic query","step":4,"t":"2026-09-17T17:28:59.601Z"}
{"level":"info","event":"action","runId":"92c7280b-b2bc-4ab2-b894-76b7cb2c7cfb","type":"fetch","rationale":"Inspect an already-known source before another generic query","step":5,"t":"2026-09-17T17:28:59.617Z"}
{"level":"info","event":"action","runId":"92c7280b-b2bc-4ab2-b894-76b7cb2c7cfb","type":"challenge","rationale":"Disconfirm material conclusion: A primary source that directly contradicts this conclusion.","step":6,"t":"2026-09-17T17:28:59.632Z"}
{"level":"info","event":"action","runId":"92c7280b-b2bc-4ab2-b894-76b7cb2c7cfb","type":"challenge","rationale":"No counterexample found in accessed primary sources. This is not proof that the conclusion is true.","step":7,"t":"2026-09-17T17:28:59.648Z"}
{"level":"info","event":"action","runId":"92c7280b-b2bc-4ab2-b894-76b7cb2c7cfb","type":"synthesize","rationale":"decision_critical_gaps_resolved_or_unresolvable; high-impact claims supported or qualified; contradictions handled; remaining actions low expected value","step":8,"t":"2026-09-17T17:28:59.659Z"}
 ✓ test/launch-scope.integration.test.ts (19 tests) 12886ms
   ✓ launch-scope fixture/postgres cases > R02 asks a jurisdiction question when it would change the answer  389ms
   ✓ launch-scope fixture/postgres cases > R03 does not interview a clear comparison over style  699ms
   ✓ launch-scope fixture/postgres cases > R07 keeps a paywalled page snippet-only and does not claim a full read  552ms
   ✓ launch-scope fixture/postgres cases > R11 records a real price contradiction without averaging  574ms
   ✓ launch-scope fixture/postgres cases > R14 budget-limited outcome is not marked comprehensive  505ms
   ✓ launch-scope fixture/postgres cases > R22 preserves a reproducible annual cost calculation  610ms
   ✓ launch-scope fixture/postgres cases > V2-01 uses the compatibility matrix, not summary count  623ms
   ✓ launch-scope fixture/postgres cases > V2-02 / R08 switches source type after summary-family saturation  617ms
   ✓ launch-scope fixture/postgres cases > V2-04 relaxed budget discovers a previously omitted candidate  930ms
   ✓ launch-scope fixture/postgres cases > V2-05 recomputes a corrected numeric unit  824ms
   ✓ launch-scope fixture/postgres cases > V2-06 unknown dependency completeness forces a full rerun flag  1011ms
   ✓ launch-scope fixture/postgres cases > P2 selective budget reopen is not a full rerun; unknown-dependency correction is; both 120 EUR paths find Vendor C  1523ms
   ✓ launch-scope fixture/postgres cases > P2 a non-budget correction does not reopen candidate discovery or add Vendor C  986ms
   ✓ launch-scope fixture/postgres cases > V2-18 distinguishes no eligible inspected option from universal absence  550ms
   ✓ launch-scope fixture/postgres cases > E07 denies another account's evidence id  549ms
   ✓ launch-scope fixture/postgres cases > S04 does not leave raw script markup in the canonical report  531ms
   ✓ launch-scope fixture/postgres cases > challenge and markdown export use the same stored report  712ms
{"level":"info","event":"action","runId":"9d80d660-5157-4003-b4b2-a92fd7eae0de","type":"search","rationale":"Investigate an uncovered required question","step":0,"t":"2026-09-17T17:29:01.058Z"}
{"level":"info","event":"action","runId":"9d80d660-5157-4003-b4b2-a92fd7eae0de","type":"fetch","rationale":"Inspect an already-known source before another generic query","step":1,"t":"2026-09-17T17:29:01.106Z"}
{"level":"info","event":"action","runId":"9d80d660-5157-4003-b4b2-a92fd7eae0de","type":"fetch","rationale":"Inspect an already-known source before another generic query","step":2,"t":"2026-09-17T17:29:01.127Z"}
{"level":"info","event":"action","runId":"9d80d660-5157-4003-b4b2-a92fd7eae0de","type":"fetch","rationale":"Inspect an already-known source before another generic query","step":3,"t":"2026-09-17T17:29:01.148Z"}
{"level":"info","event":"action","runId":"9d80d660-5157-4003-b4b2-a92fd7eae0de","type":"challenge","rationale":"Disconfirm material conclusion: A primary source that directly contradicts this conclusion.","step":4,"t":"2026-09-17T17:29:01.175Z"}
{"level":"info","event":"action","runId":"9d80d660-5157-4003-b4b2-a92fd7eae0de","type":"challenge","rationale":"No counterexample found in accessed primary sources. This is not proof that the conclusion is true.","step":5,"t":"2026-09-17T17:29:01.199Z"}
{"level":"info","event":"action","runId":"9d80d660-5157-4003-b4b2-a92fd7eae0de","type":"synthesize","rationale":"decision_critical_gaps_resolved_or_unresolvable; high-impact claims supported or qualified; contradictions handled; remaining actions low expected value","step":6,"t":"2026-09-17T17:29:01.216Z"}
{"level":"info","event":"action","runId":"6603f1eb-aed4-4bb1-9b76-8fc2caa35646","type":"search","rationale":"Investigate an uncovered required question","step":0,"t":"2026-09-17T17:29:01.756Z"}
{"level":"info","event":"action","runId":"6603f1eb-aed4-4bb1-9b76-8fc2caa35646","type":"fetch","rationale":"Inspect an already-known source before another generic query","step":1,"t":"2026-09-17T17:29:01.782Z"}
{"level":"info","event":"action","runId":"6603f1eb-aed4-4bb1-9b76-8fc2caa35646","type":"challenge","rationale":"Disconfirm material conclusion: A current official catalog entry for the named product.","step":2,"t":"2026-09-17T17:29:01.799Z"}
{"level":"info","event":"action","runId":"6603f1eb-aed4-4bb1-9b76-8fc2caa35646","type":"challenge","rationale":"No counterexample found in accessed primary sources. This is not proof that the conclusion is true.","step":3,"t":"2026-09-17T17:29:01.817Z"}
{"level":"info","event":"action","runId":"6603f1eb-aed4-4bb1-9b76-8fc2caa35646","type":"synthesize","rationale":"decision_critical_gaps_resolved_or_unresolvable; high-impact claims supported or qualified; contradictions handled; remaining actions low expected value","step":4,"t":"2026-09-17T17:29:01.830Z"}
{"level":"info","event":"action","runId":"ae7b2a9f-976f-428c-a59f-de908ff7096b","type":"search","rationale":"Investigate an uncovered required question","step":0,"t":"2026-09-17T17:29:02.305Z"}
{"level":"info","event":"action","runId":"ae7b2a9f-976f-428c-a59f-de908ff7096b","type":"fetch","rationale":"Inspect an already-known source before another generic query","step":1,"t":"2026-09-17T17:29:02.332Z"}
{"level":"info","event":"action","runId":"ae7b2a9f-976f-428c-a59f-de908ff7096b","type":"fetch","rationale":"Inspect an already-known source before another generic query","step":2,"t":"2026-09-17T17:29:02.349Z"}
{"level":"info","event":"action","runId":"ae7b2a9f-976f-428c-a59f-de908ff7096b","type":"fetch","rationale":"Inspect an already-known source before another generic query","step":3,"t":"2026-09-17T17:29:02.366Z"}
{"level":"info","event":"action","runId":"ae7b2a9f-976f-428c-a59f-de908ff7096b","type":"fetch","rationale":"Inspect an already-known source before another generic query","step":4,"t":"2026-09-17T17:29:02.385Z"}
{"level":"info","event":"action","runId":"ae7b2a9f-976f-428c-a59f-de908ff7096b","type":"fetch","rationale":"Inspect an already-known source before another generic query","step":5,"t":"2026-09-17T17:29:02.401Z"}
{"level":"info","event":"action","runId":"ae7b2a9f-976f-428c-a59f-de908ff7096b","type":"challenge","rationale":"Disconfirm material conclusion: A primary source that directly contradicts this conclusion.","step":6,"t":"2026-09-17T17:29:02.423Z"}
{"level":"info","event":"action","runId":"ae7b2a9f-976f-428c-a59f-de908ff7096b","type":"challenge","rationale":"No counterexample found in accessed primary sources. This is not proof that the conclusion is true.","step":7,"t":"2026-09-17T17:29:02.444Z"}
{"level":"info","event":"action","runId":"ae7b2a9f-976f-428c-a59f-de908ff7096b","type":"synthesize","rationale":"decision_critical_gaps_resolved_or_unresolvable; high-impact claims supported or qualified; contradictions handled; remaining actions low expected value","step":8,"t":"2026-09-17T17:29:02.462Z"}
{"level":"info","event":"action","runId":"59db21b5-cade-4a3d-9c5e-bf2a71ea42bb","type":"search","rationale":"Initial dataset excludes the user's stated population; pivot source type","step":0,"t":"2026-09-17T17:29:02.931Z"}
{"level":"info","event":"action","runId":"59db21b5-cade-4a3d-9c5e-bf2a71ea42bb","type":"search","rationale":"Decision-blocking gap: population-specific evidence. Switching source type to population-specific.","step":1,"t":"2026-09-17T17:29:02.960Z"}
{"level":"info","event":"action","runId":"59db21b5-cade-4a3d-9c5e-bf2a71ea42bb","type":"search","rationale":"Decision-blocking gap: population-specific evidence. Switching source type to population-specific.","step":2,"t":"2026-09-17T17:29:02.975Z"}
{"level":"info","event":"action","runId":"59db21b5-cade-4a3d-9c5e-bf2a71ea42bb","type":"search","rationale":"Decision-blocking gap: population-specific evidence. Switching source type to population-specific.","step":3,"t":"2026-09-17T17:29:02.990Z"}
{"level":"info","event":"action","runId":"59db21b5-cade-4a3d-9c5e-bf2a71ea42bb","type":"search","rationale":"Decision-blocking gap: population-specific evidence. Switching source type to population-specific.","step":4,"t":"2026-09-17T17:29:03.006Z"}
{"level":"info","event":"action","runId":"59db21b5-cade-4a3d-9c5e-bf2a71ea42bb","type":"search","rationale":"Decision-blocking gap: population-specific evidence. Switching source type to population-specific.","step":5,"t":"2026-09-17T17:29:03.020Z"}
{"level":"info","event":"action","runId":"59db21b5-cade-4a3d-9c5e-bf2a71ea42bb","type":"search","rationale":"Decision-blocking gap: population-specific evidence. Switching source type to population-specific.","step":6,"t":"2026-09-17T17:29:03.035Z"}
{"level":"info","event":"action","runId":"59db21b5-cade-4a3d-9c5e-bf2a71ea42bb","type":"search","rationale":"Decision-blocking gap: population-specific evidence. Switching source type to population-specific.","step":7,"t":"2026-09-17T17:29:03.050Z"}
{"level":"info","event":"action","runId":"59db21b5-cade-4a3d-9c5e-bf2a71ea42bb","type":"fetch","rationale":"Inspect an already-known source before another generic query","step":8,"t":"2026-09-17T17:29:03.066Z"}
{"level":"info","event":"action","runId":"59db21b5-cade-4a3d-9c5e-bf2a71ea42bb","type":"fetch","rationale":"Inspect an already-known source before another generic query","step":9,"t":"2026-09-17T17:29:03.084Z"}
{"level":"info","event":"action","runId":"59db21b5-cade-4a3d-9c5e-bf2a71ea42bb","type":"challenge","rationale":"No counterexample found in accessed primary sources. This is not proof that the conclusion is true.","step":10,"t":"2026-09-17T17:29:03.099Z"}
{"level":"info","event":"action","runId":"59db21b5-cade-4a3d-9c5e-bf2a71ea42bb","type":"stop","rationale":"Repeated searches returned no novel source family or coverage progress","step":11,"t":"2026-09-17T17:29:03.112Z"}
{"level":"info","event":"action","runId":"3a7b0f53-1ae2-4afb-a3aa-deba2c9379a9","type":"search","rationale":"Investigate an uncovered required question","step":0,"t":"2026-09-17T17:29:03.566Z"}
{"level":"info","event":"action","runId":"3a7b0f53-1ae2-4afb-a3aa-deba2c9379a9","type":"fetch","rationale":"Inspect an already-known source before another generic query","step":1,"t":"2026-09-17T17:29:03.585Z"}
{"level":"info","event":"action","runId":"3a7b0f53-1ae2-4afb-a3aa-deba2c9379a9","type":"challenge","rationale":"Disconfirm material conclusion: A primary source that directly contradicts this conclusion.","step":2,"t":"2026-09-17T17:29:03.599Z"}
{"level":"info","event":"action","runId":"3a7b0f53-1ae2-4afb-a3aa-deba2c9379a9","type":"challenge","rationale":"No counterexample found in accessed primary sources. This is not proof that the conclusion is true.","step":3,"t":"2026-09-17T17:29:03.614Z"}
{"level":"info","event":"action","runId":"3a7b0f53-1ae2-4afb-a3aa-deba2c9379a9","type":"synthesize","rationale":"decision_critical_gaps_resolved_or_unresolvable; high-impact claims supported or qualified; contradictions handled; remaining actions low expected value","step":4,"t":"2026-09-17T17:29:03.625Z"}
{"level":"info","event":"action","runId":"a804d4b8-814c-4376-bb35-865211fb1a56","type":"search","rationale":"Investigate an uncovered required question","step":0,"t":"2026-09-17T17:29:04.064Z"}
{"level":"info","event":"action","runId":"a804d4b8-814c-4376-bb35-865211fb1a56","type":"fetch","rationale":"Inspect an already-known source before another generic query","step":1,"t":"2026-09-17T17:29:04.088Z"}
{"level":"info","event":"action","runId":"a804d4b8-814c-4376-bb35-865211fb1a56","type":"fetch","rationale":"Inspect an already-known source before another generic query","step":2,"t":"2026-09-17T17:29:04.103Z"}
{"level":"info","event":"action","runId":"a804d4b8-814c-4376-bb35-865211fb1a56","type":"fetch","rationale":"Inspect an already-known source before another generic query","step":3,"t":"2026-09-17T17:29:04.118Z"}
{"level":"info","event":"action","runId":"a804d4b8-814c-4376-bb35-865211fb1a56","type":"challenge","rationale":"Disconfirm material conclusion: A primary source that directly contradicts this conclusion.","step":4,"t":"2026-09-17T17:29:04.136Z"}
{"level":"info","event":"action","runId":"a804d4b8-814c-4376-bb35-865211fb1a56","type":"challenge","rationale":"No counterexample found in accessed primary sources. This is not proof that the conclusion is true.","step":5,"t":"2026-09-17T17:29:04.151Z"}
{"level":"info","event":"action","runId":"a804d4b8-814c-4376-bb35-865211fb1a56","type":"synthesize","rationale":"decision_critical_gaps_resolved_or_unresolvable; high-impact claims supported or qualified; contradictions handled; remaining actions low expected value","step":6,"t":"2026-09-17T17:29:04.163Z"}
{"level":"info","event":"action","runId":"f15ffef7-9007-47b5-8114-3b7e1693210c","type":"search","rationale":"Investigate an uncovered required question","step":0,"t":"2026-09-17T17:29:04.631Z"}
{"level":"info","event":"action","runId":"f15ffef7-9007-47b5-8114-3b7e1693210c","type":"fetch","rationale":"Inspect an already-known source before another generic query","step":1,"t":"2026-09-17T17:29:04.653Z"}
{"level":"info","event":"action","runId":"f15ffef7-9007-47b5-8114-3b7e1693210c","type":"fetch","rationale":"Inspect an already-known source before another generic query","step":2,"t":"2026-09-17T17:29:04.668Z"}
{"level":"info","event":"action","runId":"f15ffef7-9007-47b5-8114-3b7e1693210c","type":"fetch","rationale":"Inspect an already-known source before another generic query","step":3,"t":"2026-09-17T17:29:04.682Z"}
{"level":"info","event":"action","runId":"f15ffef7-9007-47b5-8114-3b7e1693210c","type":"fetch","rationale":"Inspect an already-known source before another generic query","step":4,"t":"2026-09-17T17:29:04.697Z"}
{"level":"info","event":"action","runId":"f15ffef7-9007-47b5-8114-3b7e1693210c","type":"fetch","rationale":"Inspect an already-known source before another generic query","step":5,"t":"2026-09-17T17:29:04.713Z"}
{"level":"info","event":"action","runId":"f15ffef7-9007-47b5-8114-3b7e1693210c","type":"challenge","rationale":"Disconfirm material conclusion: A primary source that directly contradicts this conclusion.","step":6,"t":"2026-09-17T17:29:04.727Z"}
{"level":"info","event":"action","runId":"f15ffef7-9007-47b5-8114-3b7e1693210c","type":"challenge","rationale":"No counterexample found in accessed primary sources. This is not proof that the conclusion is true.","step":7,"t":"2026-09-17T17:29:04.742Z"}
{"level":"info","event":"action","runId":"f15ffef7-9007-47b5-8114-3b7e1693210c","type":"synthesize","rationale":"decision_critical_gaps_resolved_or_unresolvable; high-impact claims supported or qualified; contradictions handled; remaining actions low expected value","step":8,"t":"2026-09-17T17:29:04.754Z"}
{"level":"info","event":"action","runId":"9833a2bc-678b-4fc8-a3c6-1e1b7c99fb1e","type":"search","rationale":"Investigate an uncovered required question","step":0,"t":"2026-09-17T17:29:05.444Z"}
{"level":"info","event":"action","runId":"9833a2bc-678b-4fc8-a3c6-1e1b7c99fb1e","type":"fetch","rationale":"Inspect an already-known source before another generic query","step":0,"t":"2026-09-17T17:29:05.480Z"}
{"level":"info","event":"action","runId":"9833a2bc-678b-4fc8-a3c6-1e1b7c99fb1e","type":"fetch","rationale":"Inspect an already-known source before another generic query","step":1,"t":"2026-09-17T17:29:05.497Z"}
{"level":"info","event":"action","runId":"9833a2bc-678b-4fc8-a3c6-1e1b7c99fb1e","type":"fetch","rationale":"Inspect an already-known source before another generic query","step":2,"t":"2026-09-17T17:29:05.514Z"}
{"level":"info","event":"action","runId":"9833a2bc-678b-4fc8-a3c6-1e1b7c99fb1e","type":"challenge","rationale":"Disconfirm material conclusion: A primary source that directly contradicts this conclusion.","step":3,"t":"2026-09-17T17:29:05.537Z"}
{"level":"info","event":"action","runId":"9833a2bc-678b-4fc8-a3c6-1e1b7c99fb1e","type":"challenge","rationale":"No counterexample found in accessed primary sources. This is not proof that the conclusion is true.","step":4,"t":"2026-09-17T17:29:05.552Z"}
{"level":"info","event":"action","runId":"9833a2bc-678b-4fc8-a3c6-1e1b7c99fb1e","type":"synthesize","rationale":"decision_critical_gaps_resolved_or_unresolvable; high-impact claims supported or qualified; contradictions handled; remaining actions low expected value","step":5,"t":"2026-09-17T17:29:05.563Z"}
{"level":"info","event":"action","runId":"3b66b6e2-dea4-48bd-8561-65689c111dea","type":"search","rationale":"Investigate an uncovered required question","step":0,"t":"2026-09-17T17:29:06.035Z"}
{"level":"info","event":"action","runId":"3b66b6e2-dea4-48bd-8561-65689c111dea","type":"fetch","rationale":"Inspect an already-known source before another generic query","step":1,"t":"2026-09-17T17:29:06.059Z"}
{"level":"info","event":"action","runId":"3b66b6e2-dea4-48bd-8561-65689c111dea","type":"fetch","rationale":"Inspect an already-known source before another generic query","step":2,"t":"2026-09-17T17:29:06.073Z"}
{"level":"info","event":"action","runId":"3b66b6e2-dea4-48bd-8561-65689c111dea","type":"fetch","rationale":"Inspect an already-known source before another generic query","step":3,"t":"2026-09-17T17:29:06.088Z"}
{"level":"info","event":"action","runId":"3b66b6e2-dea4-48bd-8561-65689c111dea","type":"challenge","rationale":"Disconfirm material conclusion: A primary source that directly contradicts this conclusion.","step":4,"t":"2026-09-17T17:29:06.107Z"}
{"level":"info","event":"action","runId":"3b66b6e2-dea4-48bd-8561-65689c111dea","type":"challenge","rationale":"No counterexample found in accessed primary sources. This is not proof that the conclusion is true.","step":5,"t":"2026-09-17T17:29:06.122Z"}
{"level":"info","event":"action","runId":"3b66b6e2-dea4-48bd-8561-65689c111dea","type":"synthesize","rationale":"decision_critical_gaps_resolved_or_unresolvable; high-impact claims supported or qualified; contradictions handled; remaining actions low expected value","step":6,"t":"2026-09-17T17:29:06.134Z"}
{"level":"info","event":"action","runId":"58cec45b-ab42-444a-926d-ad0e56e17958","type":"search","rationale":"Investigate an uncovered required question","step":0,"t":"2026-09-17T17:29:06.404Z"}
{"level":"info","event":"action","runId":"58cec45b-ab42-444a-926d-ad0e56e17958","type":"stop","rationale":"action type reveal_keys is not a permitted research action","step":1,"t":"2026-09-17T17:29:06.422Z"}
{"level":"info","event":"action","runId":"699e3c9e-6d3f-4d2c-ac8c-2e87e2c1a736","type":"search","rationale":"Investigate an uncovered required question","step":0,"t":"2026-09-17T17:29:06.858Z"}
{"level":"info","event":"action","runId":"699e3c9e-6d3f-4d2c-ac8c-2e87e2c1a736","type":"fetch","rationale":"Inspect an already-known source before another generic query","step":1,"t":"2026-09-17T17:29:06.880Z"}
{"level":"info","event":"action","runId":"699e3c9e-6d3f-4d2c-ac8c-2e87e2c1a736","type":"fetch","rationale":"Inspect an already-known source before another generic query","step":2,"t":"2026-09-17T17:29:06.895Z"}
{"level":"info","event":"action","runId":"699e3c9e-6d3f-4d2c-ac8c-2e87e2c1a736","type":"fetch","rationale":"Inspect an already-known source before another generic query","step":3,"t":"2026-09-17T17:29:06.909Z"}
{"level":"info","event":"action","runId":"699e3c9e-6d3f-4d2c-ac8c-2e87e2c1a736","type":"challenge","rationale":"Disconfirm material conclusion: A primary source that directly contradicts this conclusion.","step":4,"t":"2026-09-17T17:29:06.926Z"}
{"level":"info","event":"action","runId":"699e3c9e-6d3f-4d2c-ac8c-2e87e2c1a736","type":"challenge","rationale":"No counterexample found in accessed primary sources. This is not proof that the conclusion is true.","step":5,"t":"2026-09-17T17:29:06.939Z"}
{"level":"info","event":"action","runId":"699e3c9e-6d3f-4d2c-ac8c-2e87e2c1a736","type":"synthesize","rationale":"decision_critical_gaps_resolved_or_unresolvable; high-impact claims supported or qualified; contradictions handled; remaining actions low expected value","step":6,"t":"2026-09-17T17:29:06.950Z"}
{"level":"info","event":"action","runId":"0193cf3d-f02f-414d-adbf-28497ae58cde","type":"search","rationale":"Investigate an uncovered required question","step":0,"t":"2026-09-17T17:29:07.228Z"}
{"level":"info","event":"action","runId":"0193cf3d-f02f-414d-adbf-28497ae58cde","type":"fetch","rationale":"Inspect an already-known source before another generic query","step":1,"t":"2026-09-17T17:29:07.251Z"}
{"level":"info","event":"action","runId":"0193cf3d-f02f-414d-adbf-28497ae58cde","type":"fetch","rationale":"Inspect an already-known source before another generic query","step":2,"t":"2026-09-17T17:29:07.265Z"}
{"level":"info","event":"action","runId":"0193cf3d-f02f-414d-adbf-28497ae58cde","type":"fetch","rationale":"Inspect an already-known source before another generic query","step":3,"t":"2026-09-17T17:29:07.278Z"}
{"level":"info","event":"action","runId":"0193cf3d-f02f-414d-adbf-28497ae58cde","type":"challenge","rationale":"Disconfirm material conclusion: A primary source that directly contradicts this conclusion.","step":4,"t":"2026-09-17T17:29:07.296Z"}
{"level":"info","event":"action","runId":"0193cf3d-f02f-414d-adbf-28497ae58cde","type":"challenge","rationale":"No counterexample found in accessed primary sources. This is not proof that the conclusion is true.","step":5,"t":"2026-09-17T17:29:07.310Z"}
{"level":"info","event":"action","runId":"0193cf3d-f02f-414d-adbf-28497ae58cde","type":"synthesize","rationale":"decision_critical_gaps_resolved_or_unresolvable; high-impact claims supported or qualified; contradictions handled; remaining actions low expected value","step":6,"t":"2026-09-17T17:29:07.322Z"}
{"level":"info","event":"action","runId":"d01ed7c0-3753-4380-85bf-e44a12cae5c8","type":"search","rationale":"Investigate an uncovered required question","step":0,"t":"2026-09-17T17:29:07.581Z"}
{"level":"info","event":"action","runId":"d01ed7c0-3753-4380-85bf-e44a12cae5c8","type":"fetch","rationale":"Inspect an already-known source before another generic query","step":1,"t":"2026-09-17T17:29:07.606Z"}
{"level":"info","event":"action","runId":"d01ed7c0-3753-4380-85bf-e44a12cae5c8","type":"fetch","rationale":"Inspect an already-known source before another generic query","step":2,"t":"2026-09-17T17:29:07.622Z"}
{"level":"info","event":"action","runId":"d01ed7c0-3753-4380-85bf-e44a12cae5c8","type":"fetch","rationale":"Inspect an already-known source before another generic query","step":3,"t":"2026-09-17T17:29:07.636Z"}
{"level":"info","event":"action","runId":"d01ed7c0-3753-4380-85bf-e44a12cae5c8","type":"challenge","rationale":"Disconfirm material conclusion: A primary source that directly contradicts this conclusion.","step":4,"t":"2026-09-17T17:29:07.654Z"}
{"level":"info","event":"action","runId":"d01ed7c0-3753-4380-85bf-e44a12cae5c8","type":"challenge","rationale":"No counterexample found in accessed primary sources. This is not proof that the conclusion is true.","step":5,"t":"2026-09-17T17:29:07.667Z"}
{"level":"info","event":"action","runId":"d01ed7c0-3753-4380-85bf-e44a12cae5c8","type":"synthesize","rationale":"decision_critical_gaps_resolved_or_unresolvable; high-impact claims supported or qualified; contradictions handled; remaining actions low expected value","step":6,"t":"2026-09-17T17:29:07.679Z"}
{"level":"info","event":"action","runId":"9335f8d1-a500-476f-a286-a9a734eb9f03","type":"search","rationale":"Investigate an uncovered required question","step":0,"t":"2026-09-17T17:29:07.941Z"}
{"level":"info","event":"action","runId":"9335f8d1-a500-476f-a286-a9a734eb9f03","type":"fetch","rationale":"Inspect an already-known source before another generic query","step":1,"t":"2026-09-17T17:29:07.958Z"}
{"level":"info","event":"action","runId":"9335f8d1-a500-476f-a286-a9a734eb9f03","type":"fetch","rationale":"Inspect an already-known source before another generic query","step":2,"t":"2026-09-17T17:29:07.971Z"}
{"level":"info","event":"action","runId":"9335f8d1-a500-476f-a286-a9a734eb9f03","type":"fetch","rationale":"Inspect an already-known source before another generic query","step":3,"t":"2026-09-17T17:29:07.984Z"}
{"level":"info","event":"action","runId":"9335f8d1-a500-476f-a286-a9a734eb9f03","type":"challenge","rationale":"Disconfirm material conclusion: A hard-constraint violation for a candidate currently marked eligible.","step":4,"t":"2026-09-17T17:29:07.998Z"}
{"level":"info","event":"action","runId":"9335f8d1-a500-476f-a286-a9a734eb9f03","type":"challenge","rationale":"No counterexample found in accessed primary sources. This is not proof that the conclusion is true.","step":5,"t":"2026-09-17T17:29:08.011Z"}
{"level":"info","event":"action","runId":"9335f8d1-a500-476f-a286-a9a734eb9f03","type":"synthesize","rationale":"decision_critical_gaps_resolved_or_unresolvable; high-impact claims supported or qualified; contradictions handled; remaining actions low expected value","step":6,"t":"2026-09-17T17:29:08.023Z"}
{"level":"info","event":"action","runId":"b7635091-4861-4193-9a05-1352f7d01038","type":"challenge","rationale":"Disconfirm material conclusion: A primary source that directly contradicts this conclusion.","step":0,"t":"2026-09-17T17:29:08.504Z"}
{"level":"info","event":"action","runId":"b7635091-4861-4193-9a05-1352f7d01038","type":"fetch","rationale":"Inspect an already-known source before another generic query","step":1,"t":"2026-09-17T17:29:08.526Z"}
{"level":"info","event":"action","runId":"b7635091-4861-4193-9a05-1352f7d01038","type":"fetch","rationale":"Inspect an already-known source before another generic query","step":2,"t":"2026-09-17T17:29:08.548Z"}
{"level":"info","event":"action","runId":"b7635091-4861-4193-9a05-1352f7d01038","type":"fetch","rationale":"Inspect an already-known source before another generic query","step":3,"t":"2026-09-17T17:29:08.567Z"}
{"level":"info","event":"action","runId":"b7635091-4861-4193-9a05-1352f7d01038","type":"challenge","rationale":"No counterexample found in accessed primary sources. This is not proof that the conclusion is true.","step":4,"t":"2026-09-17T17:29:08.589Z"}
{"level":"info","event":"action","runId":"b7635091-4861-4193-9a05-1352f7d01038","type":"synthesize","rationale":"decision_critical_gaps_resolved_or_unresolvable; high-impact claims supported or qualified; contradictions handled; remaining actions low expected value","step":5,"t":"2026-09-17T17:29:08.601Z"}
{"level":"info","event":"action","runId":"bd6cf29b-622e-4400-8724-2fef2bb47c39","type":"search","rationale":"Investigate an uncovered required question","step":0,"t":"2026-09-17T17:29:09.072Z"}
{"level":"info","event":"action","runId":"bd6cf29b-622e-4400-8724-2fef2bb47c39","type":"fetch","rationale":"Inspect an already-known source before another generic query","step":1,"t":"2026-09-17T17:29:09.095Z"}
{"level":"info","event":"action","runId":"bd6cf29b-622e-4400-8724-2fef2bb47c39","type":"fetch","rationale":"Inspect an already-known source before another generic query","step":2,"t":"2026-09-17T17:29:09.109Z"}
{"level":"info","event":"action","runId":"bd6cf29b-622e-4400-8724-2fef2bb47c39","type":"fetch","rationale":"Inspect an already-known source before another generic query","step":3,"t":"2026-09-17T17:29:09.123Z"}
{"level":"info","event":"action","runId":"bd6cf29b-622e-4400-8724-2fef2bb47c39","type":"fetch","rationale":"Inspect an already-known source before another generic query","step":4,"t":"2026-09-17T17:29:09.136Z"}
{"level":"info","event":"action","runId":"bd6cf29b-622e-4400-8724-2fef2bb47c39","type":"fetch","rationale":"Inspect an already-known source before another generic query","step":5,"t":"2026-09-17T17:29:09.149Z"}
{"level":"info","event":"action","runId":"bd6cf29b-622e-4400-8724-2fef2bb47c39","type":"challenge","rationale":"Disconfirm material conclusion: A primary source that directly contradicts this conclusion.","step":6,"t":"2026-09-17T17:29:09.162Z"}
{"level":"info","event":"action","runId":"bd6cf29b-622e-4400-8724-2fef2bb47c39","type":"challenge","rationale":"No counterexample found in accessed primary sources. This is not proof that the conclusion is true.","step":7,"t":"2026-09-17T17:29:09.178Z"}
{"level":"info","event":"action","runId":"bd6cf29b-622e-4400-8724-2fef2bb47c39","type":"synthesize","rationale":"decision_critical_gaps_resolved_or_unresolvable; high-impact claims supported or qualified; contradictions handled; remaining actions low expected value","step":8,"t":"2026-09-17T17:29:09.190Z"}
 ✓ test/p0-smoke.integration.test.ts (16 tests) 8905ms
   ✓ P0 smoke against shipped API/worker/postgres > R01 already-known constraint is stored and not re-asked  766ms
   ✓ P0 smoke against shipped API/worker/postgres > R04 false premise is reported and not invented  558ms
   ✓ P0 smoke against shipped API/worker/postgres > R05 source duplication clusters five reprints as one origin  633ms
   ✓ P0 smoke against shipped API/worker/postgres > R09 justified pivot opens a population-relevant source  645ms
   ✓ P0 smoke against shipped API/worker/postgres > R13 diminishing returns stops instead of exhausting a quota  500ms
   ✓ P0 smoke against shipped API/worker/postgres > E01 unknown citation ID blocks publication  568ms
   ✓ P0 smoke against shipped API/worker/postgres > E02 non-supporting citation is flagged  585ms
   ✓ P0 smoke against shipped API/worker/postgres > J03 crash after fetch recovers evidence without double settlement  581ms
   ✓ P0 smoke against shipped API/worker/postgres > J05 / V2-07 cancel during writing rejects late publication  364ms
   ✓ P0 smoke against shipped API/worker/postgres > S01 prompt injection cannot authorize tools or reveal keys  475ms
   ✓ P0 smoke against shipped API/worker/postgres > S09 deletion during run purges derived text and blocks resurrection  358ms
   ✓ P0 smoke against shipped API/worker/postgres > V2-08 stale worker lease cannot publish  347ms
   ✓ P0 smoke against shipped API/worker/postgres > correction reopens discovery when a hard budget constraint is relaxed  909ms
   ✓ P0 smoke against shipped API/worker/postgres > S05 private attachment canary is not copied into a public search query  588ms
   ✓ P0 smoke against shipped API/worker/postgres > GET events and report citations resolve to stored evidence IDs  588ms
{"level":"info","event":"action","runId":"664fb677-bd3d-4371-b5aa-ea6fa7811c23","type":"search","rationale":"Investigate an uncovered required question","step":0,"t":"2026-09-17T17:29:10.514Z"}
{"level":"info","event":"action","runId":"664fb677-bd3d-4371-b5aa-ea6fa7811c23","type":"fetch","rationale":"Inspect an already-known source before another generic query","step":1,"t":"2026-09-17T17:29:10.557Z"}
{"level":"info","event":"action","runId":"664fb677-bd3d-4371-b5aa-ea6fa7811c23","type":"fetch","rationale":"Inspect an already-known source before another generic query","step":2,"t":"2026-09-17T17:29:10.581Z"}
{"level":"info","event":"action","runId":"664fb677-bd3d-4371-b5aa-ea6fa7811c23","type":"fetch","rationale":"Inspect an already-known source before another generic query","step":3,"t":"2026-09-17T17:29:10.602Z"}
{"level":"info","event":"action","runId":"664fb677-bd3d-4371-b5aa-ea6fa7811c23","type":"fetch","rationale":"Inspect an already-known source before another generic query","step":4,"t":"2026-09-17T17:29:10.622Z"}
{"level":"info","event":"action","runId":"664fb677-bd3d-4371-b5aa-ea6fa7811c23","type":"fetch","rationale":"Inspect an already-known source before another generic query","step":5,"t":"2026-09-17T17:29:10.641Z"}
{"level":"info","event":"action","runId":"664fb677-bd3d-4371-b5aa-ea6fa7811c23","type":"challenge","rationale":"Disconfirm material conclusion: A primary source that directly contradicts this conclusion.","step":6,"t":"2026-09-17T17:29:10.662Z"}
{"level":"info","event":"action","runId":"664fb677-bd3d-4371-b5aa-ea6fa7811c23","type":"challenge","rationale":"No counterexample found in accessed primary sources. This is not proof that the conclusion is true.","step":7,"t":"2026-09-17T17:29:10.682Z"}
{"level":"info","event":"action","runId":"664fb677-bd3d-4371-b5aa-ea6fa7811c23","type":"synthesize","rationale":"decision_critical_gaps_resolved_or_unresolvable; high-impact claims supported or qualified; contradictions handled; remaining actions low expected value","step":8,"t":"2026-09-17T17:29:10.701Z"}
{"level":"info","event":"action","runId":"23495c83-e667-452d-bd8f-b1352e572ca8","type":"challenge","rationale":"Disconfirm material conclusion: A primary source that directly contradicts this conclusion.","step":0,"t":"2026-09-17T17:29:11.261Z"}
{"level":"info","event":"action","runId":"23495c83-e667-452d-bd8f-b1352e572ca8","type":"fetch","rationale":"Inspect an already-known source before another generic query","step":1,"t":"2026-09-17T17:29:11.293Z"}
{"level":"info","event":"action","runId":"23495c83-e667-452d-bd8f-b1352e572ca8","type":"fetch","rationale":"Inspect an already-known source before another generic query","step":2,"t":"2026-09-17T17:29:11.310Z"}
{"level":"info","event":"action","runId":"23495c83-e667-452d-bd8f-b1352e572ca8","type":"fetch","rationale":"Inspect an already-known source before another generic query","step":3,"t":"2026-09-17T17:29:11.328Z"}
{"level":"info","event":"action","runId":"23495c83-e667-452d-bd8f-b1352e572ca8","type":"challenge","rationale":"No counterexample found in accessed primary sources. This is not proof that the conclusion is true.","step":4,"t":"2026-09-17T17:29:11.350Z"}
{"level":"info","event":"action","runId":"23495c83-e667-452d-bd8f-b1352e572ca8","type":"synthesize","rationale":"decision_critical_gaps_resolved_or_unresolvable; high-impact claims supported or qualified; contradictions handled; remaining actions low expected value","step":5,"t":"2026-09-17T17:29:11.365Z"}
{"level":"info","event":"action","runId":"52318671-d8b9-4e33-abba-e14a0eb9e174","type":"search","rationale":"Investigate an uncovered required question","step":0,"t":"2026-09-17T17:29:11.879Z"}
{"level":"info","event":"action","runId":"52318671-d8b9-4e33-abba-e14a0eb9e174","type":"fetch","rationale":"Inspect an already-known source before another generic query","step":1,"t":"2026-09-17T17:29:11.909Z"}
{"level":"info","event":"action","runId":"52318671-d8b9-4e33-abba-e14a0eb9e174","type":"fetch","rationale":"Inspect an already-known source before another generic query","step":2,"t":"2026-09-17T17:29:11.926Z"}
{"level":"info","event":"action","runId":"52318671-d8b9-4e33-abba-e14a0eb9e174","type":"fetch","rationale":"Inspect an already-known source before another generic query","step":3,"t":"2026-09-17T17:29:11.943Z"}
{"level":"info","event":"action","runId":"52318671-d8b9-4e33-abba-e14a0eb9e174","type":"challenge","rationale":"Disconfirm material conclusion: A primary source that directly contradicts this conclusion.","step":4,"t":"2026-09-17T17:29:11.963Z"}
{"level":"info","event":"action","runId":"52318671-d8b9-4e33-abba-e14a0eb9e174","type":"challenge","rationale":"No counterexample found in accessed primary sources. This is not proof that the conclusion is true.","step":5,"t":"2026-09-17T17:29:11.983Z"}
{"level":"info","event":"action","runId":"52318671-d8b9-4e33-abba-e14a0eb9e174","type":"synthesize","rationale":"decision_critical_gaps_resolved_or_unresolvable; high-impact claims supported or qualified; contradictions handled; remaining actions low expected value","step":6,"t":"2026-09-17T17:29:11.997Z"}
{"level":"info","event":"action","runId":"2d256fa6-d09f-461c-b774-a90acf2cc50f","type":"challenge","rationale":"Disconfirm material conclusion: A primary source that directly contradicts this conclusion.","step":0,"t":"2026-09-17T17:29:12.300Z"}
{"level":"info","event":"action","runId":"2d256fa6-d09f-461c-b774-a90acf2cc50f","type":"fetch","rationale":"Inspect an already-known source before another generic query","step":1,"t":"2026-09-17T17:29:12.329Z"}
{"level":"info","event":"action","runId":"2d256fa6-d09f-461c-b774-a90acf2cc50f","type":"fetch","rationale":"Inspect an already-known source before another generic query","step":2,"t":"2026-09-17T17:29:12.346Z"}
{"level":"info","event":"action","runId":"2d256fa6-d09f-461c-b774-a90acf2cc50f","type":"fetch","rationale":"Inspect an already-known source before another generic query","step":3,"t":"2026-09-17T17:29:12.362Z"}
{"level":"info","event":"action","runId":"2d256fa6-d09f-461c-b774-a90acf2cc50f","type":"challenge","rationale":"No counterexample found in accessed primary sources. This is not proof that the conclusion is true.","step":4,"t":"2026-09-17T17:29:12.383Z"}
{"level":"info","event":"action","runId":"2d256fa6-d09f-461c-b774-a90acf2cc50f","type":"synthesize","rationale":"decision_critical_gaps_resolved_or_unresolvable; high-impact claims supported or qualified; contradictions handled; remaining actions low expected value","step":5,"t":"2026-09-17T17:29:12.398Z"}
{"level":"info","event":"action","runId":"4397f608-3b0b-4260-887c-8b696744424d","type":"search","rationale":"Investigate an uncovered required question","step":0,"t":"2026-09-17T17:29:12.711Z"}
{"level":"info","event":"action","runId":"4397f608-3b0b-4260-887c-8b696744424d","type":"fetch","rationale":"Inspect an already-known source before another generic query","step":1,"t":"2026-09-17T17:29:12.745Z"}
{"level":"info","event":"action","runId":"4397f608-3b0b-4260-887c-8b696744424d","type":"fetch","rationale":"Inspect an already-known source before another generic query","step":2,"t":"2026-09-17T17:29:12.761Z"}
{"level":"info","event":"action","runId":"4397f608-3b0b-4260-887c-8b696744424d","type":"fetch","rationale":"Inspect an already-known source before another generic query","step":3,"t":"2026-09-17T17:29:12.796Z"}
{"level":"info","event":"action","runId":"4397f608-3b0b-4260-887c-8b696744424d","type":"challenge","rationale":"Disconfirm material conclusion: A primary source that directly contradicts this conclusion.","step":4,"t":"2026-09-17T17:29:12.819Z"}
{"level":"info","event":"action","runId":"4397f608-3b0b-4260-887c-8b696744424d","type":"challenge","rationale":"No counterexample found in accessed primary sources. This is not proof that the conclusion is true.","step":5,"t":"2026-09-17T17:29:12.838Z"}
{"level":"info","event":"action","runId":"4397f608-3b0b-4260-887c-8b696744424d","type":"synthesize","rationale":"decision_critical_gaps_resolved_or_unresolvable; high-impact claims supported or qualified; contradictions handled; remaining actions low expected value","step":6,"t":"2026-09-17T17:29:12.852Z"}
{"level":"info","event":"action","runId":"b5c239a2-762a-441a-b622-98a9de8166f3","type":"search","rationale":"Investigate an uncovered required question","step":0,"t":"2026-09-17T17:29:13.122Z"}
{"level":"info","event":"action","runId":"b5c239a2-762a-441a-b622-98a9de8166f3","type":"fetch","rationale":"Inspect an already-known source before another generic query","step":1,"t":"2026-09-17T17:29:13.152Z"}
{"level":"info","event":"action","runId":"b5c239a2-762a-441a-b622-98a9de8166f3","type":"fetch","rationale":"Inspect an already-known source before another generic query","step":2,"t":"2026-09-17T17:29:13.168Z"}
{"level":"info","event":"action","runId":"b5c239a2-762a-441a-b622-98a9de8166f3","type":"fetch","rationale":"Inspect an already-known source before another generic query","step":3,"t":"2026-09-17T17:29:13.186Z"}
{"level":"info","event":"action","runId":"b5c239a2-762a-441a-b622-98a9de8166f3","type":"fetch","rationale":"Inspect an already-known source before another generic query","step":4,"t":"2026-09-17T17:29:13.201Z"}
{"level":"info","event":"action","runId":"b5c239a2-762a-441a-b622-98a9de8166f3","type":"fetch","rationale":"Inspect an already-known source before another generic query","step":5,"t":"2026-09-17T17:29:13.218Z"}
{"level":"info","event":"action","runId":"b5c239a2-762a-441a-b622-98a9de8166f3","type":"challenge","rationale":"Disconfirm material conclusion: A primary source that directly contradicts this conclusion.","step":6,"t":"2026-09-17T17:29:13.235Z"}
{"level":"info","event":"action","runId":"b5c239a2-762a-441a-b622-98a9de8166f3","type":"challenge","rationale":"No counterexample found in accessed primary sources. This is not proof that the conclusion is true.","step":7,"t":"2026-09-17T17:29:13.251Z"}
{"level":"info","event":"action","runId":"b5c239a2-762a-441a-b622-98a9de8166f3","type":"synthesize","rationale":"decision_critical_gaps_resolved_or_unresolvable; high-impact claims supported or qualified; contradictions handled; remaining actions low expected value","step":8,"t":"2026-09-17T17:29:13.263Z"}
{"level":"info","event":"action","runId":"2058d441-3a9d-4bb4-9a38-eeee156086cb","type":"search","rationale":"Investigate an uncovered required question","step":0,"t":"2026-09-17T17:29:13.733Z"}
{"level":"info","event":"action","runId":"2058d441-3a9d-4bb4-9a38-eeee156086cb","type":"fetch","rationale":"Inspect an already-known source before another generic query","step":1,"t":"2026-09-17T17:29:13.758Z"}
{"level":"info","event":"action","runId":"2058d441-3a9d-4bb4-9a38-eeee156086cb","type":"fetch","rationale":"Inspect an already-known source before another generic query","step":2,"t":"2026-09-17T17:29:13.773Z"}
{"level":"info","event":"action","runId":"2058d441-3a9d-4bb4-9a38-eeee156086cb","type":"fetch","rationale":"Inspect an already-known source before another generic query","step":3,"t":"2026-09-17T17:29:13.791Z"}
{"level":"info","event":"action","runId":"2058d441-3a9d-4bb4-9a38-eeee156086cb","type":"fetch","rationale":"Inspect an already-known source before another generic query","step":4,"t":"2026-09-17T17:29:13.808Z"}
{"level":"info","event":"action","runId":"2058d441-3a9d-4bb4-9a38-eeee156086cb","type":"fetch","rationale":"Inspect an already-known source before another generic query","step":5,"t":"2026-09-17T17:29:13.824Z"}
{"level":"info","event":"action","runId":"2058d441-3a9d-4bb4-9a38-eeee156086cb","type":"challenge","rationale":"Disconfirm material conclusion: A primary source that directly contradicts this conclusion.","step":6,"t":"2026-09-17T17:29:13.840Z"}
{"level":"info","event":"action","runId":"2058d441-3a9d-4bb4-9a38-eeee156086cb","type":"challenge","rationale":"No counterexample found in accessed primary sources. This is not proof that the conclusion is true.","step":7,"t":"2026-09-17T17:29:13.857Z"}
{"level":"info","event":"action","runId":"2058d441-3a9d-4bb4-9a38-eeee156086cb","type":"synthesize","rationale":"decision_critical_gaps_resolved_or_unresolvable; high-impact claims supported or qualified; contradictions handled; remaining actions low expected value","step":8,"t":"2026-09-17T17:29:13.870Z"}
{"level":"info","event":"action","runId":"85ccc6d1-f649-4169-b2e7-f1aeb63583e9","type":"search","rationale":"Investigate an uncovered required question","step":0,"t":"2026-09-17T17:29:14.328Z"}
{"level":"info","event":"action","runId":"85ccc6d1-f649-4169-b2e7-f1aeb63583e9","type":"fetch","rationale":"Inspect an already-known source before another generic query","step":1,"t":"2026-09-17T17:29:14.352Z"}
{"level":"info","event":"action","runId":"85ccc6d1-f649-4169-b2e7-f1aeb63583e9","type":"fetch","rationale":"Inspect an already-known source before another generic query","step":2,"t":"2026-09-17T17:29:14.366Z"}
{"level":"info","event":"action","runId":"85ccc6d1-f649-4169-b2e7-f1aeb63583e9","type":"fetch","rationale":"Inspect an already-known source before another generic query","step":3,"t":"2026-09-17T17:29:14.381Z"}
{"level":"info","event":"action","runId":"85ccc6d1-f649-4169-b2e7-f1aeb63583e9","type":"challenge","rationale":"Disconfirm material conclusion: A primary source that directly contradicts this conclusion.","step":4,"t":"2026-09-17T17:29:14.398Z"}
{"level":"info","event":"action","runId":"85ccc6d1-f649-4169-b2e7-f1aeb63583e9","type":"challenge","rationale":"No counterexample found in accessed primary sources. This is not proof that the conclusion is true.","step":5,"t":"2026-09-17T17:29:14.413Z"}
{"level":"info","event":"action","runId":"85ccc6d1-f649-4169-b2e7-f1aeb63583e9","type":"synthesize","rationale":"decision_critical_gaps_resolved_or_unresolvable; high-impact claims supported or qualified; contradictions handled; remaining actions low expected value","step":6,"t":"2026-09-17T17:29:14.424Z"}
{"level":"info","event":"action","runId":"43ae9911-81be-48b1-bb7f-2298a32f5b5d","type":"search","rationale":"Investigate an uncovered required question","step":0,"t":"2026-09-17T17:29:14.706Z"}
{"level":"info","event":"action","runId":"43ae9911-81be-48b1-bb7f-2298a32f5b5d","type":"fetch","rationale":"Inspect an already-known source before another generic query","step":1,"t":"2026-09-17T17:29:14.732Z"}
{"level":"info","event":"action","runId":"43ae9911-81be-48b1-bb7f-2298a32f5b5d","type":"fetch","rationale":"Inspect an already-known source before another generic query","step":2,"t":"2026-09-17T17:29:14.747Z"}
{"level":"info","event":"action","runId":"43ae9911-81be-48b1-bb7f-2298a32f5b5d","type":"fetch","rationale":"Inspect an already-known source before another generic query","step":3,"t":"2026-09-17T17:29:14.762Z"}
{"level":"info","event":"action","runId":"43ae9911-81be-48b1-bb7f-2298a32f5b5d","type":"challenge","rationale":"Disconfirm material conclusion: A primary source that directly contradicts this conclusion.","step":4,"t":"2026-09-17T17:29:14.781Z"}
{"level":"info","event":"action","runId":"43ae9911-81be-48b1-bb7f-2298a32f5b5d","type":"challenge","rationale":"No counterexample found in accessed primary sources. This is not proof that the conclusion is true.","step":5,"t":"2026-09-17T17:29:14.795Z"}
{"level":"info","event":"action","runId":"43ae9911-81be-48b1-bb7f-2298a32f5b5d","type":"synthesize","rationale":"decision_critical_gaps_resolved_or_unresolvable; high-impact claims supported or qualified; contradictions handled; remaining actions low expected value","step":6,"t":"2026-09-17T17:29:14.807Z"}
 ✓ test/g01-g02.integration.test.ts (9 tests) 4867ms
   ✓ G01 safety policy > G01-cross-user: another account cannot read run, events, report, source, export, or mutate  807ms
   ✓ G01 safety policy > G01-private-to-public: attachment canary is stored as evidence and omitted from search queries  629ms
   ✓ G01 safety policy > G01-consent: missing, declined, and revoked consent cannot start or continue processing  418ms
   ✓ G01 safety policy > G01-deletion: derived text is purged and a late worker cannot resurrect it  424ms
   ✓ G02 engineering requirement > G02-unknown-citation: invented passage IDs cannot publish  412ms
   ✓ G02 engineering requirement > G02-lost-run: an accepted create remains recoverable from the server after the client drops state  612ms
   ✓ G02 engineering requirement > G02-duplicate-debit: replayed completion and idempotent create settle once  605ms
   ✓ G02 engineering requirement > G02-stale-revision: obsolete brief, evidence, or lease cannot publish  372ms
   ✓ G02 engineering requirement > G02-cancel-writing: cancel during writing rejects late publication  380ms
{"level":"info","event":"action","runId":"abc86923-850a-4ff7-bfc3-137868b12cea","type":"search","rationale":"Investigate an uncovered required question","step":0,"t":"2026-09-17T17:29:15.947Z"}
{"level":"info","event":"action","runId":"abc86923-850a-4ff7-bfc3-137868b12cea","type":"fetch","rationale":"Inspect an already-known source before another generic query","step":0,"t":"2026-09-17T17:29:16.014Z"}
{"level":"info","event":"action","runId":"abc86923-850a-4ff7-bfc3-137868b12cea","type":"fetch","rationale":"Inspect an already-known source before another generic query","step":1,"t":"2026-09-17T17:29:16.040Z"}
{"level":"info","event":"action","runId":"abc86923-850a-4ff7-bfc3-137868b12cea","type":"fetch","rationale":"Inspect an already-known source before another generic query","step":2,"t":"2026-09-17T17:29:16.061Z"}
{"level":"info","event":"action","runId":"abc86923-850a-4ff7-bfc3-137868b12cea","type":"challenge","rationale":"Disconfirm material conclusion: A primary source that directly contradicts this conclusion.","step":3,"t":"2026-09-17T17:29:16.088Z"}
{"level":"info","event":"action","runId":"abc86923-850a-4ff7-bfc3-137868b12cea","type":"challenge","rationale":"No counterexample found in accessed primary sources. This is not proof that the conclusion is true.","step":4,"t":"2026-09-17T17:29:16.110Z"}
{"level":"info","event":"action","runId":"abc86923-850a-4ff7-bfc3-137868b12cea","type":"synthesize","rationale":"decision_critical_gaps_resolved_or_unresolvable; high-impact claims supported or qualified; contradictions handled; remaining actions low expected value","step":5,"t":"2026-09-17T17:29:16.127Z"}
{"level":"info","event":"action","runId":"3352164a-b225-4e17-b0f3-1723f4b193f7","type":"search","rationale":"Investigate an uncovered required question","step":0,"t":"2026-09-17T17:29:16.728Z"}
{"level":"info","event":"action","runId":"3352164a-b225-4e17-b0f3-1723f4b193f7","type":"fetch","rationale":"Inspect an already-known source before another generic query","step":1,"t":"2026-09-17T17:29:16.772Z"}
{"level":"info","event":"action","runId":"3352164a-b225-4e17-b0f3-1723f4b193f7","type":"fetch","rationale":"Inspect an already-known source before another generic query","step":2,"t":"2026-09-17T17:29:16.790Z"}
{"level":"info","event":"action","runId":"3352164a-b225-4e17-b0f3-1723f4b193f7","type":"fetch","rationale":"Inspect an already-known source before another generic query","step":3,"t":"2026-09-17T17:29:16.811Z"}
{"level":"info","event":"action","runId":"3352164a-b225-4e17-b0f3-1723f4b193f7","type":"challenge","rationale":"Disconfirm material conclusion: A primary source that directly contradicts this conclusion.","step":4,"t":"2026-09-17T17:29:16.834Z"}
{"level":"info","event":"action","runId":"3352164a-b225-4e17-b0f3-1723f4b193f7","type":"challenge","rationale":"No counterexample found in accessed primary sources. This is not proof that the conclusion is true.","step":5,"t":"2026-09-17T17:29:16.852Z"}
{"level":"info","event":"action","runId":"3352164a-b225-4e17-b0f3-1723f4b193f7","type":"synthesize","rationale":"decision_critical_gaps_resolved_or_unresolvable; high-impact claims supported or qualified; contradictions handled; remaining actions low expected value","step":6,"t":"2026-09-17T17:29:16.868Z"}
{"level":"info","event":"action","runId":"3352164a-b225-4e17-b0f3-1723f4b193f7","type":"synthesize","rationale":"decision_critical_gaps_resolved_or_unresolvable; high-impact claims supported or qualified; contradictions handled; remaining actions low expected value","step":0,"t":"2026-09-17T17:29:17.104Z"}
 ✓ test/p4-recovery.integration.test.ts (2 tests) 1980ms
   ✓ P4 recovery drill against shipped worker/Postgres > crash after fetch: evidence kept, live lease not stolen, expired lease recovered without double-settle  806ms
   ✓ P4 recovery drill against shipped worker/Postgres > crash before publish then expired-lease failover: one report and one settlement  957ms
{"level":"info","event":"action","runId":"c0cba3f0-9bc3-40a1-a841-916f7423349d","type":"search","rationale":"Investigate an uncovered required question","step":0,"t":"2026-09-17T17:29:18.586Z"}
{"level":"info","event":"action","runId":"c0cba3f0-9bc3-40a1-a841-916f7423349d","type":"stop","rationale":"action type reveal_keys is not a permitted research action","step":1,"t":"2026-09-17T17:29:18.618Z"}
{"level":"info","event":"action","runId":"bcb01646-9db2-4a6c-9fea-000539786d1a","type":"search","rationale":"Investigate an uncovered required question","step":0,"t":"2026-09-17T17:29:19.307Z"}
{"level":"info","event":"action","runId":"bcb01646-9db2-4a6c-9fea-000539786d1a","type":"search","rationale":"Decision-blocking gap: authoritative compatibility limitation. Switching source type to vendor-matrix.","step":1,"t":"2026-09-17T17:29:19.334Z"}
{"level":"info","event":"action","runId":"bcb01646-9db2-4a6c-9fea-000539786d1a","type":"fetch","rationale":"Inspect the preferred source type (vendor-matrix) before more weak sources","step":2,"t":"2026-09-17T17:29:19.355Z"}
{"level":"info","event":"action","runId":"bcb01646-9db2-4a6c-9fea-000539786d1a","type":"fetch","rationale":"Inspect an already-known source before another generic query","step":3,"t":"2026-09-17T17:29:19.373Z"}
{"level":"info","event":"action","runId":"bcb01646-9db2-4a6c-9fea-000539786d1a","type":"fetch","rationale":"Inspect an already-known source before another generic query","step":4,"t":"2026-09-17T17:29:19.391Z"}
{"level":"info","event":"action","runId":"bcb01646-9db2-4a6c-9fea-000539786d1a","type":"fetch","rationale":"Inspect an already-known source before another generic query","step":5,"t":"2026-09-17T17:29:19.410Z"}
{"level":"info","event":"action","runId":"bcb01646-9db2-4a6c-9fea-000539786d1a","type":"verify","rationale":"Scope-check contradiction on compatibility before treating newest as correct","step":6,"t":"2026-09-17T17:29:19.427Z"}
{"level":"info","event":"action","runId":"bcb01646-9db2-4a6c-9fea-000539786d1a","type":"challenge","rationale":"Disconfirm material conclusion: Official compatibility documentation that lists the named version as supported.","step":7,"t":"2026-09-17T17:29:19.442Z"}
{"level":"info","event":"action","runId":"bcb01646-9db2-4a6c-9fea-000539786d1a","type":"challenge","rationale":"No counterexample found in accessed primary sources. This is not proof that the conclusion is true.","step":8,"t":"2026-09-17T17:29:19.463Z"}
{"level":"info","event":"action","runId":"bcb01646-9db2-4a6c-9fea-000539786d1a","type":"synthesize","rationale":"decision_critical_gaps_resolved_or_unresolvable; high-impact claims supported or qualified; contradictions handled; remaining actions low expected value","step":9,"t":"2026-09-17T17:29:19.478Z"}
{"level":"info","event":"action","runId":"78565b5f-b581-47ae-ab82-1677cfac2897","type":"search","rationale":"Investigate an uncovered required question","step":0,"t":"2026-09-17T17:29:20.103Z"}
{"level":"info","event":"action","runId":"78565b5f-b581-47ae-ab82-1677cfac2897","type":"fetch","rationale":"Inspect an already-known source before another generic query","step":1,"t":"2026-09-17T17:29:20.133Z"}
{"level":"info","event":"action","runId":"78565b5f-b581-47ae-ab82-1677cfac2897","type":"fetch","rationale":"Inspect an already-known source before another generic query","step":2,"t":"2026-09-17T17:29:20.150Z"}
{"level":"info","event":"action","runId":"78565b5f-b581-47ae-ab82-1677cfac2897","type":"fetch","rationale":"Inspect an already-known source before another generic query","step":3,"t":"2026-09-17T17:29:20.168Z"}
{"level":"info","event":"action","runId":"78565b5f-b581-47ae-ab82-1677cfac2897","type":"challenge","rationale":"Disconfirm material conclusion: A primary source that directly contradicts this conclusion.","step":4,"t":"2026-09-17T17:29:20.191Z"}
{"level":"info","event":"action","runId":"78565b5f-b581-47ae-ab82-1677cfac2897","type":"challenge","rationale":"No counterexample found in accessed primary sources. This is not proof that the conclusion is true.","step":5,"t":"2026-09-17T17:29:20.211Z"}
{"level":"info","event":"action","runId":"78565b5f-b581-47ae-ab82-1677cfac2897","type":"synthesize","rationale":"decision_critical_gaps_resolved_or_unresolvable; high-impact claims supported or qualified; contradictions handled; remaining actions low expected value","step":6,"t":"2026-09-17T17:29:20.225Z"}
{"level":"info","event":"action","runId":"e9f33fe1-0856-4579-b837-fe5fb78229ac","type":"search","rationale":"Investigate an uncovered required question","step":0,"t":"2026-09-17T17:29:20.825Z"}
{"level":"info","event":"action","runId":"e9f33fe1-0856-4579-b837-fe5fb78229ac","type":"search","rationale":"Investigate an uncovered required question","step":1,"t":"2026-09-17T17:29:20.856Z"}
{"level":"info","event":"action","runId":"e9f33fe1-0856-4579-b837-fe5fb78229ac","type":"stop","rationale":"Repeated searches returned no novel source family or coverage progress","step":2,"t":"2026-09-17T17:29:20.876Z"}
 ✓ test/controller-admission.integration.test.ts (5 tests) 3373ms
   ✓ controller admission on the fixture worker path > rejects injected privileged proposals and still inspects remaining sources  772ms
   ✓ controller admission on the fixture worker path > records a source-type pivot and stop reason for a compatibility gap  859ms
   ✓ controller admission on the fixture worker path > unknown-dependency correction forces a full rerun  763ms
   ✓ controller admission on the fixture worker path > processRun records an issued live intent before the provider call for a well-formed search  590ms
{"level":"info","event":"action","runId":"fa905449-0e95-40cb-8e0a-91b51ea40ff1","type":"challenge","rationale":"Disconfirm material conclusion: A primary source that directly contradicts this conclusion.","step":0,"t":"2026-09-17T17:29:22.147Z"}
{"level":"info","event":"action","runId":"fa905449-0e95-40cb-8e0a-91b51ea40ff1","type":"fetch","rationale":"Inspect an already-known source before another generic query","step":1,"t":"2026-09-17T17:29:22.195Z"}
{"level":"info","event":"action","runId":"fa905449-0e95-40cb-8e0a-91b51ea40ff1","type":"fetch","rationale":"Inspect an already-known source before another generic query","step":2,"t":"2026-09-17T17:29:22.218Z"}
{"level":"info","event":"action","runId":"fa905449-0e95-40cb-8e0a-91b51ea40ff1","type":"fetch","rationale":"Inspect an already-known source before another generic query","step":3,"t":"2026-09-17T17:29:22.241Z"}
{"level":"info","event":"action","runId":"fa905449-0e95-40cb-8e0a-91b51ea40ff1","type":"challenge","rationale":"Disconfirm material conclusion: A primary source that directly contradicts this conclusion.","step":4,"t":"2026-09-17T17:29:22.268Z"}
{"level":"info","event":"action","runId":"fa905449-0e95-40cb-8e0a-91b51ea40ff1","type":"challenge","rationale":"Disconfirm material conclusion: A primary source that directly contradicts this conclusion.","step":5,"t":"2026-09-17T17:29:22.292Z"}
{"level":"info","event":"action","runId":"fa905449-0e95-40cb-8e0a-91b51ea40ff1","type":"challenge","rationale":"Disconfirm material conclusion: A primary source that directly contradicts this conclusion.","step":6,"t":"2026-09-17T17:29:22.314Z"}
{"level":"info","event":"action","runId":"fa905449-0e95-40cb-8e0a-91b51ea40ff1","type":"challenge","rationale":"Disconfirm material conclusion: A primary source that directly contradicts this conclusion.","step":7,"t":"2026-09-17T17:29:22.340Z"}
{"level":"info","event":"action","runId":"fa905449-0e95-40cb-8e0a-91b51ea40ff1","type":"challenge","rationale":"Disconfirm material conclusion: A primary source that directly contradicts this conclusion.","step":8,"t":"2026-09-17T17:29:22.361Z"}
{"level":"info","event":"action","runId":"fa905449-0e95-40cb-8e0a-91b51ea40ff1","type":"challenge","rationale":"Disconfirm material conclusion: A primary source that directly contradicts this conclusion.","step":9,"t":"2026-09-17T17:29:22.387Z"}
{"level":"info","event":"action","runId":"fa905449-0e95-40cb-8e0a-91b51ea40ff1","type":"challenge","rationale":"Disconfirm material conclusion: A primary source that directly contradicts this conclusion.","step":10,"t":"2026-09-17T17:29:22.408Z"}
{"level":"info","event":"action","runId":"fa905449-0e95-40cb-8e0a-91b51ea40ff1","type":"challenge","rationale":"No counterexample found in accessed primary sources. This is not proof that the conclusion is true.","step":11,"t":"2026-09-17T17:29:22.432Z"}
{"level":"info","event":"action","runId":"fa905449-0e95-40cb-8e0a-91b51ea40ff1","type":"stop","rationale":"Repeated searches returned no novel source family or coverage progress","step":12,"t":"2026-09-17T17:29:22.448Z"}
{"level":"info","event":"action","runId":"9b0185b9-7ef7-46d1-a2ac-22feaf506a75","type":"search","rationale":"Investigate an uncovered required question","step":0,"t":"2026-09-17T17:29:22.842Z"}
{"level":"info","event":"action","runId":"9b0185b9-7ef7-46d1-a2ac-22feaf506a75","type":"fetch","rationale":"Inspect an already-known source before another generic query","step":1,"t":"2026-09-17T17:29:22.873Z"}
{"level":"info","event":"action","runId":"9b0185b9-7ef7-46d1-a2ac-22feaf506a75","type":"fetch","rationale":"Inspect an already-known source before another generic query","step":2,"t":"2026-09-17T17:29:22.893Z"}
{"level":"info","event":"action","runId":"9b0185b9-7ef7-46d1-a2ac-22feaf506a75","type":"fetch","rationale":"Inspect an already-known source before another generic query","step":3,"t":"2026-09-17T17:29:22.913Z"}
{"level":"info","event":"action","runId":"9b0185b9-7ef7-46d1-a2ac-22feaf506a75","type":"challenge","rationale":"Disconfirm material conclusion: A primary source that directly contradicts this conclusion.","step":4,"t":"2026-09-17T17:29:22.938Z"}
{"level":"info","event":"action","runId":"9b0185b9-7ef7-46d1-a2ac-22feaf506a75","type":"challenge","rationale":"No counterexample found in accessed primary sources. This is not proof that the conclusion is true.","step":5,"t":"2026-09-17T17:29:22.957Z"}
{"level":"info","event":"action","runId":"9b0185b9-7ef7-46d1-a2ac-22feaf506a75","type":"synthesize","rationale":"decision_critical_gaps_resolved_or_unresolvable; high-impact claims supported or qualified; contradictions handled; remaining actions low expected value","step":6,"t":"2026-09-17T17:29:22.973Z"}
 ✓ test/v6-deletion.integration.test.ts (9 tests) 1632ms
   ✓ W03 deletion removes raw attachments and private text from every owned research store  656ms
   ✓ W03 a challenges request authenticated before deletion cannot restore private content  366ms
{"level":"info","event":"action","runId":"9091b2eb-da11-444f-ba24-9f2dbd0de432","type":"search","rationale":"Investigate an uncovered required question","step":0,"t":"2026-09-17T17:29:24.790Z"}
{"level":"info","event":"action","runId":"9091b2eb-da11-444f-ba24-9f2dbd0de432","type":"fetch","rationale":"Inspect an already-known source before another generic query","step":1,"t":"2026-09-17T17:29:24.830Z"}
{"level":"info","event":"action","runId":"9091b2eb-da11-444f-ba24-9f2dbd0de432","type":"fetch","rationale":"Inspect an already-known source before another generic query","step":2,"t":"2026-09-17T17:29:24.850Z"}
{"level":"info","event":"action","runId":"9091b2eb-da11-444f-ba24-9f2dbd0de432","type":"fetch","rationale":"Inspect an already-known source before another generic query","step":3,"t":"2026-09-17T17:29:24.871Z"}
{"level":"info","event":"action","runId":"9091b2eb-da11-444f-ba24-9f2dbd0de432","type":"fetch","rationale":"Inspect an already-known source before another generic query","step":4,"t":"2026-09-17T17:29:24.892Z"}
{"level":"info","event":"action","runId":"9091b2eb-da11-444f-ba24-9f2dbd0de432","type":"fetch","rationale":"Inspect an already-known source before another generic query","step":5,"t":"2026-09-17T17:29:24.910Z"}
{"level":"info","event":"action","runId":"9091b2eb-da11-444f-ba24-9f2dbd0de432","type":"challenge","rationale":"Disconfirm material conclusion: A primary source that directly contradicts this conclusion.","step":6,"t":"2026-09-17T17:29:24.932Z"}
{"level":"info","event":"action","runId":"9091b2eb-da11-444f-ba24-9f2dbd0de432","type":"challenge","rationale":"No counterexample found in accessed primary sources. This is not proof that the conclusion is true.","step":7,"t":"2026-09-17T17:29:24.955Z"}
{"level":"info","event":"action","runId":"9091b2eb-da11-444f-ba24-9f2dbd0de432","type":"synthesize","rationale":"decision_critical_gaps_resolved_or_unresolvable; high-impact claims supported or qualified; contradictions handled; remaining actions low expected value","step":8,"t":"2026-09-17T17:29:24.972Z"}
{"level":"info","event":"action","runId":"e285bda8-9168-42b2-b4da-64d9f4a79e48","type":"search","rationale":"Investigate an uncovered required question","step":0,"t":"2026-09-17T17:29:25.280Z"}
{"level":"info","event":"action","runId":"e285bda8-9168-42b2-b4da-64d9f4a79e48","type":"fetch","rationale":"Inspect an already-known source before another generic query","step":1,"t":"2026-09-17T17:29:25.305Z"}
{"level":"info","event":"action","runId":"e285bda8-9168-42b2-b4da-64d9f4a79e48","type":"fetch","rationale":"Inspect an already-known source before another generic query","step":2,"t":"2026-09-17T17:29:25.321Z"}
{"level":"info","event":"action","runId":"e285bda8-9168-42b2-b4da-64d9f4a79e48","type":"fetch","rationale":"Inspect an already-known source before another generic query","step":3,"t":"2026-09-17T17:29:25.337Z"}
{"level":"info","event":"action","runId":"e285bda8-9168-42b2-b4da-64d9f4a79e48","type":"fetch","rationale":"Inspect an already-known source before another generic query","step":4,"t":"2026-09-17T17:29:25.355Z"}
{"level":"info","event":"action","runId":"e285bda8-9168-42b2-b4da-64d9f4a79e48","type":"fetch","rationale":"Inspect an already-known source before another generic query","step":5,"t":"2026-09-17T17:29:25.372Z"}
{"level":"info","event":"action","runId":"e285bda8-9168-42b2-b4da-64d9f4a79e48","type":"challenge","rationale":"Disconfirm material conclusion: A primary source that directly contradicts this conclusion.","step":6,"t":"2026-09-17T17:29:25.389Z"}
{"level":"info","event":"action","runId":"e285bda8-9168-42b2-b4da-64d9f4a79e48","type":"challenge","rationale":"No counterexample found in accessed primary sources. This is not proof that the conclusion is true.","step":7,"t":"2026-09-17T17:29:25.408Z"}
{"level":"info","event":"action","runId":"e285bda8-9168-42b2-b4da-64d9f4a79e48","type":"synthesize","rationale":"decision_critical_gaps_resolved_or_unresolvable; high-impact claims supported or qualified; contradictions handled; remaining actions low expected value","step":8,"t":"2026-09-17T17:29:25.422Z"}
 ✓ test/g07-output.integration.test.ts (3 tests) 1872ms
   ✓ G07 / M10 in-app output reporting and privacy disclosure > M10 includeExcerpt stores owned answer text; omitting it stores no excerpt; other accounts are denied  1166ms
{"level":"info","event":"action","runId":"10cd3fc9-84d2-43cf-888e-f594d365ecd7","type":"search","rationale":"Investigate an uncovered required question","step":0,"t":"2026-09-17T17:29:27.161Z"}
{"level":"info","event":"action","runId":"10cd3fc9-84d2-43cf-888e-f594d365ecd7","type":"fetch","rationale":"Inspect an already-known source before another generic query","step":1,"t":"2026-09-17T17:29:27.206Z"}
{"level":"info","event":"action","runId":"10cd3fc9-84d2-43cf-888e-f594d365ecd7","type":"fetch","rationale":"Inspect an already-known source before another generic query","step":2,"t":"2026-09-17T17:29:27.226Z"}
{"level":"info","event":"action","runId":"10cd3fc9-84d2-43cf-888e-f594d365ecd7","type":"fetch","rationale":"Inspect an already-known source before another generic query","step":3,"t":"2026-09-17T17:29:27.247Z"}
{"level":"info","event":"action","runId":"10cd3fc9-84d2-43cf-888e-f594d365ecd7","type":"challenge","rationale":"Disconfirm material conclusion: A primary source that directly contradicts this conclusion.","step":4,"t":"2026-09-17T17:29:27.272Z"}
{"level":"info","event":"action","runId":"10cd3fc9-84d2-43cf-888e-f594d365ecd7","type":"challenge","rationale":"No counterexample found in accessed primary sources. This is not proof that the conclusion is true.","step":5,"t":"2026-09-17T17:29:27.293Z"}
{"level":"info","event":"action","runId":"10cd3fc9-84d2-43cf-888e-f594d365ecd7","type":"synthesize","rationale":"decision_critical_gaps_resolved_or_unresolvable; high-impact claims supported or qualified; contradictions handled; remaining actions low expected value","step":6,"t":"2026-09-17T17:29:27.312Z"}
 ✓ test/g06-cost.integration.test.ts (2 tests) 1198ms
   ✓ G06 local capability probe and measured fixture cost > GET /v1/runs/:id/cost reconciles spent_micro to fixture intents and denies other accounts  730ms
 ✓ test/v6-execution.integration.test.ts (9 tests) 588ms
 ✓ test/v6-identity.integration.test.ts (3 tests) 464ms
 ✓ test/v6-publication.integration.test.ts (19 tests) 535ms
 ✓ test/v6-upload.integration.test.ts (2 tests) 306ms
 ✓ test/v6-ingestion.integration.test.ts (1 test) 150ms
 ✓ test/pinned-http.integration.test.ts (3 tests) 99ms

 Test Files  15 passed (15)
      Tests  153 passed (153)
   Start at  11:28:18
   Duration  73.68s (transform 819ms, setup 0ms, collect 4.48s, tests 65.58s, environment 4ms, prepare 1.34s)

