
> deep-research-mobile@0.1.0 test:integration /home/oranolio/Desktop/Deep
> pnpm --filter @deep/backend test:integration


> @deep/backend@0.1.0 test:integration /home/oranolio/Desktop/Deep/apps/backend
> vitest run --config vitest.integration.config.ts


 RUN  v3.2.7 /home/oranolio/Desktop/Deep/apps/backend

{"level":"info","event":"action","runId":"2b4dea18-88e5-459d-8ea1-de4bbd48c966","type":"search","rationale":"Investigate an uncovered required question","step":0,"t":"2026-09-17T15:13:57.139Z"}
{"level":"info","event":"action","runId":"2b4dea18-88e5-459d-8ea1-de4bbd48c966","type":"fetch","rationale":"Inspect an already-known source before another generic query","step":1,"t":"2026-09-17T15:13:57.174Z"}
{"level":"info","event":"action","runId":"2b4dea18-88e5-459d-8ea1-de4bbd48c966","type":"fetch","rationale":"Inspect an already-known source before another generic query","step":2,"t":"2026-09-17T15:13:57.193Z"}
{"level":"info","event":"action","runId":"2b4dea18-88e5-459d-8ea1-de4bbd48c966","type":"fetch","rationale":"Inspect an already-known source before another generic query","step":3,"t":"2026-09-17T15:13:57.211Z"}
{"level":"info","event":"action","runId":"2b4dea18-88e5-459d-8ea1-de4bbd48c966","type":"challenge","rationale":"Disconfirm material conclusion: A hard-constraint violation for a candidate currently marked eligible.","step":4,"t":"2026-09-17T15:13:57.233Z"}
{"level":"info","event":"action","runId":"2b4dea18-88e5-459d-8ea1-de4bbd48c966","type":"challenge","rationale":"No counterexample found in accessed primary sources. This is not proof that the conclusion is true.","step":5,"t":"2026-09-17T15:13:57.252Z"}
{"level":"info","event":"action","runId":"2b4dea18-88e5-459d-8ea1-de4bbd48c966","type":"synthesize","rationale":"decision_critical_gaps_resolved_or_unresolvable; high-impact claims supported or qualified; contradictions handled; remaining actions low expected value","step":6,"t":"2026-09-17T15:13:57.268Z"}
{"level":"info","event":"action","runId":"0fcc6193-1c92-4511-bc7a-43b8c7406753","type":"search","rationale":"Investigate an uncovered required question","step":0,"t":"2026-09-17T15:13:57.725Z"}
{"level":"info","event":"action","runId":"0fcc6193-1c92-4511-bc7a-43b8c7406753","type":"fetch","rationale":"Inspect an already-known source before another generic query","step":1,"t":"2026-09-17T15:13:57.755Z"}
{"level":"info","event":"action","runId":"0fcc6193-1c92-4511-bc7a-43b8c7406753","type":"fetch","rationale":"Inspect an already-known source before another generic query","step":2,"t":"2026-09-17T15:13:57.777Z"}
{"level":"info","event":"action","runId":"0fcc6193-1c92-4511-bc7a-43b8c7406753","type":"challenge","rationale":"Disconfirm material conclusion: A primary source that directly contradicts this conclusion.","step":3,"t":"2026-09-17T15:13:57.796Z"}
{"level":"info","event":"action","runId":"0fcc6193-1c92-4511-bc7a-43b8c7406753","type":"challenge","rationale":"No counterexample found in accessed primary sources. This is not proof that the conclusion is true.","step":4,"t":"2026-09-17T15:13:57.812Z"}
{"level":"info","event":"action","runId":"0fcc6193-1c92-4511-bc7a-43b8c7406753","type":"synthesize","rationale":"decision_critical_gaps_resolved_or_unresolvable; high-impact claims supported or qualified; contradictions handled; remaining actions low expected value","step":5,"t":"2026-09-17T15:13:57.824Z"}
{"level":"info","event":"action","runId":"2fa5ebe0-64d3-4cf8-bece-dcba685ac3ad","type":"search","rationale":"Investigate an uncovered required question","step":0,"t":"2026-09-17T15:13:58.242Z"}
{"level":"info","event":"action","runId":"2fa5ebe0-64d3-4cf8-bece-dcba685ac3ad","type":"fetch","rationale":"Inspect an already-known source before another generic query","step":1,"t":"2026-09-17T15:13:58.271Z"}
{"level":"info","event":"action","runId":"2fa5ebe0-64d3-4cf8-bece-dcba685ac3ad","type":"fetch","rationale":"Inspect an already-known source before another generic query","step":2,"t":"2026-09-17T15:13:58.287Z"}
{"level":"info","event":"action","runId":"2fa5ebe0-64d3-4cf8-bece-dcba685ac3ad","type":"fetch","rationale":"Inspect an already-known source before another generic query","step":3,"t":"2026-09-17T15:13:58.304Z"}
{"level":"info","event":"action","runId":"2fa5ebe0-64d3-4cf8-bece-dcba685ac3ad","type":"challenge","rationale":"Disconfirm material conclusion: A hard-constraint violation for a candidate currently marked eligible.","step":4,"t":"2026-09-17T15:13:58.326Z"}
{"level":"info","event":"action","runId":"2fa5ebe0-64d3-4cf8-bece-dcba685ac3ad","type":"challenge","rationale":"No counterexample found in accessed primary sources. This is not proof that the conclusion is true.","step":5,"t":"2026-09-17T15:13:58.343Z"}
{"level":"info","event":"action","runId":"2fa5ebe0-64d3-4cf8-bece-dcba685ac3ad","type":"synthesize","rationale":"decision_critical_gaps_resolved_or_unresolvable; high-impact claims supported or qualified; contradictions handled; remaining actions low expected value","step":6,"t":"2026-09-17T15:13:58.356Z"}
{"level":"info","event":"action","runId":"6af8b750-4f2c-4c8f-9a17-7c52a4745b4b","type":"search","rationale":"Investigate an uncovered required question","step":0,"t":"2026-09-17T15:13:58.765Z"}
{"level":"info","event":"action","runId":"6af8b750-4f2c-4c8f-9a17-7c52a4745b4b","type":"fetch","rationale":"Inspect an already-known source before another generic query","step":1,"t":"2026-09-17T15:13:58.785Z"}
{"level":"info","event":"action","runId":"6af8b750-4f2c-4c8f-9a17-7c52a4745b4b","type":"fetch","rationale":"Inspect an already-known source before another generic query","step":2,"t":"2026-09-17T15:13:58.801Z"}
{"level":"info","event":"action","runId":"6af8b750-4f2c-4c8f-9a17-7c52a4745b4b","type":"challenge","rationale":"Disconfirm material conclusion: A primary source that directly contradicts this conclusion.","step":3,"t":"2026-09-17T15:13:58.818Z"}
{"level":"info","event":"action","runId":"6af8b750-4f2c-4c8f-9a17-7c52a4745b4b","type":"challenge","rationale":"No counterexample found in accessed primary sources. This is not proof that the conclusion is true.","step":4,"t":"2026-09-17T15:13:58.833Z"}
{"level":"info","event":"action","runId":"6af8b750-4f2c-4c8f-9a17-7c52a4745b4b","type":"synthesize","rationale":"decision_critical_gaps_resolved_or_unresolvable; high-impact claims supported or qualified; contradictions handled; remaining actions low expected value","step":5,"t":"2026-09-17T15:13:58.846Z"}
{"level":"info","event":"action","runId":"e2579da4-6224-49ae-b243-b2bef757da63","type":"search","rationale":"Investigate an uncovered required question","step":0,"t":"2026-09-17T15:13:59.252Z"}
{"level":"info","event":"action","runId":"e2579da4-6224-49ae-b243-b2bef757da63","type":"fetch","rationale":"Inspect an already-known source before another generic query","step":1,"t":"2026-09-17T15:13:59.271Z"}
{"level":"info","event":"action","runId":"e2579da4-6224-49ae-b243-b2bef757da63","type":"challenge","rationale":"Disconfirm material conclusion: A primary source that directly contradicts this conclusion.","step":2,"t":"2026-09-17T15:13:59.287Z"}
{"level":"info","event":"action","runId":"e2579da4-6224-49ae-b243-b2bef757da63","type":"challenge","rationale":"No counterexample found in accessed primary sources. This is not proof that the conclusion is true.","step":3,"t":"2026-09-17T15:13:59.301Z"}
{"level":"info","event":"action","runId":"e2579da4-6224-49ae-b243-b2bef757da63","type":"synthesize","rationale":"decision_critical_gaps_resolved_or_unresolvable; high-impact claims supported or qualified; contradictions handled; remaining actions low expected value","step":4,"t":"2026-09-17T15:13:59.315Z"}
{"level":"info","event":"action","runId":"83210ef4-397d-4234-a9fe-3956912688cd","type":"search","rationale":"Investigate an uncovered required question","step":0,"t":"2026-09-17T15:13:59.715Z"}
{"level":"info","event":"action","runId":"83210ef4-397d-4234-a9fe-3956912688cd","type":"fetch","rationale":"Inspect an already-known source before another generic query","step":1,"t":"2026-09-17T15:13:59.742Z"}
{"level":"info","event":"action","runId":"83210ef4-397d-4234-a9fe-3956912688cd","type":"fetch","rationale":"Inspect an already-known source before another generic query","step":2,"t":"2026-09-17T15:13:59.755Z"}
{"level":"info","event":"action","runId":"83210ef4-397d-4234-a9fe-3956912688cd","type":"fetch","rationale":"Inspect an already-known source before another generic query","step":3,"t":"2026-09-17T15:13:59.770Z"}
{"level":"info","event":"action","runId":"83210ef4-397d-4234-a9fe-3956912688cd","type":"challenge","rationale":"Disconfirm material conclusion: A hard-constraint violation for a candidate currently marked eligible.","step":4,"t":"2026-09-17T15:13:59.786Z"}
{"level":"info","event":"action","runId":"83210ef4-397d-4234-a9fe-3956912688cd","type":"challenge","rationale":"No counterexample found in accessed primary sources. This is not proof that the conclusion is true.","step":5,"t":"2026-09-17T15:13:59.801Z"}
{"level":"info","event":"action","runId":"83210ef4-397d-4234-a9fe-3956912688cd","type":"synthesize","rationale":"decision_critical_gaps_resolved_or_unresolvable; high-impact claims supported or qualified; contradictions handled; remaining actions low expected value","step":6,"t":"2026-09-17T15:13:59.812Z"}
{"level":"info","event":"action","runId":"7b3ee3d4-6029-4b58-a7dc-02e8c533309e","type":"search","rationale":"Investigate an uncovered required question","step":0,"t":"2026-09-17T15:14:00.223Z"}
{"level":"info","event":"action","runId":"7b3ee3d4-6029-4b58-a7dc-02e8c533309e","type":"fetch","rationale":"Inspect an already-known source before another generic query","step":1,"t":"2026-09-17T15:14:00.245Z"}
{"level":"info","event":"action","runId":"7b3ee3d4-6029-4b58-a7dc-02e8c533309e","type":"fetch","rationale":"Inspect an already-known source before another generic query","step":2,"t":"2026-09-17T15:14:00.260Z"}
{"level":"info","event":"action","runId":"7b3ee3d4-6029-4b58-a7dc-02e8c533309e","type":"fetch","rationale":"Inspect an already-known source before another generic query","step":3,"t":"2026-09-17T15:14:00.274Z"}
{"level":"info","event":"action","runId":"7b3ee3d4-6029-4b58-a7dc-02e8c533309e","type":"fetch","rationale":"Inspect an already-known source before another generic query","step":4,"t":"2026-09-17T15:14:00.290Z"}
{"level":"info","event":"action","runId":"7b3ee3d4-6029-4b58-a7dc-02e8c533309e","type":"fetch","rationale":"Inspect an already-known source before another generic query","step":5,"t":"2026-09-17T15:14:00.305Z"}
{"level":"info","event":"action","runId":"7b3ee3d4-6029-4b58-a7dc-02e8c533309e","type":"challenge","rationale":"Disconfirm material conclusion: A primary source that directly contradicts this conclusion.","step":6,"t":"2026-09-17T15:14:00.322Z"}
{"level":"info","event":"action","runId":"7b3ee3d4-6029-4b58-a7dc-02e8c533309e","type":"challenge","rationale":"No counterexample found in accessed primary sources. This is not proof that the conclusion is true.","step":7,"t":"2026-09-17T15:14:00.338Z"}
{"level":"info","event":"action","runId":"7b3ee3d4-6029-4b58-a7dc-02e8c533309e","type":"synthesize","rationale":"decision_critical_gaps_resolved_or_unresolvable; high-impact claims supported or qualified; contradictions handled; remaining actions low expected value","step":8,"t":"2026-09-17T15:14:00.350Z"}
{"level":"info","event":"action","runId":"249f955c-3743-4ff9-a010-3a92d03f5344","type":"challenge","rationale":"Disconfirm material conclusion: A primary source that directly contradicts this conclusion.","step":0,"t":"2026-09-17T15:14:00.763Z"}
{"level":"info","event":"action","runId":"249f955c-3743-4ff9-a010-3a92d03f5344","type":"fetch","rationale":"Inspect an already-known source before another generic query","step":1,"t":"2026-09-17T15:14:00.790Z"}
{"level":"info","event":"action","runId":"249f955c-3743-4ff9-a010-3a92d03f5344","type":"fetch","rationale":"Inspect an already-known source before another generic query","step":2,"t":"2026-09-17T15:14:00.808Z"}
{"level":"info","event":"action","runId":"249f955c-3743-4ff9-a010-3a92d03f5344","type":"fetch","rationale":"Inspect an already-known source before another generic query","step":3,"t":"2026-09-17T15:14:00.826Z"}
{"level":"info","event":"action","runId":"249f955c-3743-4ff9-a010-3a92d03f5344","type":"challenge","rationale":"Disconfirm material conclusion: A hard-constraint violation for a candidate currently marked eligible.","step":4,"t":"2026-09-17T15:14:00.847Z"}
{"level":"info","event":"action","runId":"249f955c-3743-4ff9-a010-3a92d03f5344","type":"challenge","rationale":"No counterexample found in accessed primary sources. This is not proof that the conclusion is true.","step":5,"t":"2026-09-17T15:14:00.863Z"}
{"level":"info","event":"action","runId":"249f955c-3743-4ff9-a010-3a92d03f5344","type":"synthesize","rationale":"decision_critical_gaps_resolved_or_unresolvable; high-impact claims supported or qualified; contradictions handled; remaining actions low expected value","step":6,"t":"2026-09-17T15:14:00.885Z"}
{"level":"info","event":"action","runId":"87026ac4-99b6-4af4-a4e7-60a111b18a1b","type":"search","rationale":"Investigate an uncovered required question","step":0,"t":"2026-09-17T15:14:01.294Z"}
{"level":"info","event":"action","runId":"87026ac4-99b6-4af4-a4e7-60a111b18a1b","type":"fetch","rationale":"Inspect an already-known source before another generic query","step":1,"t":"2026-09-17T15:14:01.314Z"}
{"level":"info","event":"action","runId":"87026ac4-99b6-4af4-a4e7-60a111b18a1b","type":"fetch","rationale":"Inspect an already-known source before another generic query","step":2,"t":"2026-09-17T15:14:01.327Z"}
{"level":"info","event":"action","runId":"87026ac4-99b6-4af4-a4e7-60a111b18a1b","type":"fetch","rationale":"Inspect an already-known source before another generic query","step":3,"t":"2026-09-17T15:14:01.341Z"}
{"level":"info","event":"action","runId":"87026ac4-99b6-4af4-a4e7-60a111b18a1b","type":"challenge","rationale":"Disconfirm material conclusion: A hard-constraint violation for a candidate currently marked eligible.","step":4,"t":"2026-09-17T15:14:01.353Z"}
{"level":"info","event":"action","runId":"87026ac4-99b6-4af4-a4e7-60a111b18a1b","type":"challenge","rationale":"No counterexample found in accessed primary sources. This is not proof that the conclusion is true.","step":5,"t":"2026-09-17T15:14:01.369Z"}
{"level":"info","event":"action","runId":"87026ac4-99b6-4af4-a4e7-60a111b18a1b","type":"synthesize","rationale":"decision_critical_gaps_resolved_or_unresolvable; high-impact claims supported or qualified; contradictions handled; remaining actions low expected value","step":6,"t":"2026-09-17T15:14:01.380Z"}
{"level":"info","event":"action","runId":"b056ab09-dd07-466e-9b54-09ae1e106cb6","type":"search","rationale":"Investigate an uncovered required question","step":0,"t":"2026-09-17T15:14:01.777Z"}
{"level":"info","event":"action","runId":"b056ab09-dd07-466e-9b54-09ae1e106cb6","type":"fetch","rationale":"Inspect an already-known source before another generic query","step":1,"t":"2026-09-17T15:14:01.798Z"}
{"level":"info","event":"action","runId":"b056ab09-dd07-466e-9b54-09ae1e106cb6","type":"fetch","rationale":"Inspect an already-known source before another generic query","step":2,"t":"2026-09-17T15:14:01.813Z"}
{"level":"info","event":"action","runId":"b056ab09-dd07-466e-9b54-09ae1e106cb6","type":"fetch","rationale":"Inspect an already-known source before another generic query","step":3,"t":"2026-09-17T15:14:01.827Z"}
{"level":"info","event":"action","runId":"b056ab09-dd07-466e-9b54-09ae1e106cb6","type":"challenge","rationale":"Disconfirm material conclusion: A hard-constraint violation for a candidate currently marked eligible.","step":4,"t":"2026-09-17T15:14:01.840Z"}
{"level":"info","event":"action","runId":"b056ab09-dd07-466e-9b54-09ae1e106cb6","type":"challenge","rationale":"No counterexample found in accessed primary sources. This is not proof that the conclusion is true.","step":5,"t":"2026-09-17T15:14:01.855Z"}
{"level":"info","event":"action","runId":"b056ab09-dd07-466e-9b54-09ae1e106cb6","type":"synthesize","rationale":"decision_critical_gaps_resolved_or_unresolvable; high-impact claims supported or qualified; contradictions handled; remaining actions low expected value","step":6,"t":"2026-09-17T15:14:01.865Z"}
{"level":"info","event":"action","runId":"a82040fb-d50a-46eb-92ce-3c86e494fa32","type":"search","rationale":"Investigate an uncovered required question","step":0,"t":"2026-09-17T15:14:02.268Z"}
{"level":"info","event":"action","runId":"a82040fb-d50a-46eb-92ce-3c86e494fa32","type":"fetch","rationale":"Inspect an already-known source before another generic query","step":1,"t":"2026-09-17T15:14:02.287Z"}
{"level":"info","event":"action","runId":"a82040fb-d50a-46eb-92ce-3c86e494fa32","type":"fetch","rationale":"Inspect an already-known source before another generic query","step":2,"t":"2026-09-17T15:14:02.300Z"}
{"level":"info","event":"action","runId":"a82040fb-d50a-46eb-92ce-3c86e494fa32","type":"fetch","rationale":"Inspect an already-known source before another generic query","step":3,"t":"2026-09-17T15:14:02.312Z"}
{"level":"info","event":"action","runId":"a82040fb-d50a-46eb-92ce-3c86e494fa32","type":"challenge","rationale":"Disconfirm material conclusion: A hard-constraint violation for a candidate currently marked eligible.","step":4,"t":"2026-09-17T15:14:02.325Z"}
{"level":"info","event":"action","runId":"a82040fb-d50a-46eb-92ce-3c86e494fa32","type":"challenge","rationale":"No counterexample found in accessed primary sources. This is not proof that the conclusion is true.","step":5,"t":"2026-09-17T15:14:02.337Z"}
{"level":"info","event":"action","runId":"a82040fb-d50a-46eb-92ce-3c86e494fa32","type":"synthesize","rationale":"decision_critical_gaps_resolved_or_unresolvable; high-impact claims supported or qualified; contradictions handled; remaining actions low expected value","step":6,"t":"2026-09-17T15:14:02.347Z"}
{"level":"info","event":"action","runId":"aef1359a-275b-463f-9b7c-1dfea074011b","type":"challenge","rationale":"Disconfirm material conclusion: A primary source that directly contradicts this conclusion.","step":0,"t":"2026-09-17T15:14:02.755Z"}
{"level":"info","event":"action","runId":"aef1359a-275b-463f-9b7c-1dfea074011b","type":"fetch","rationale":"Inspect an already-known source before another generic query","step":1,"t":"2026-09-17T15:14:02.779Z"}
{"level":"info","event":"action","runId":"aef1359a-275b-463f-9b7c-1dfea074011b","type":"fetch","rationale":"Inspect an already-known source before another generic query","step":2,"t":"2026-09-17T15:14:02.798Z"}
{"level":"info","event":"action","runId":"aef1359a-275b-463f-9b7c-1dfea074011b","type":"fetch","rationale":"Inspect an already-known source before another generic query","step":3,"t":"2026-09-17T15:14:02.811Z"}
{"level":"info","event":"action","runId":"aef1359a-275b-463f-9b7c-1dfea074011b","type":"challenge","rationale":"Disconfirm material conclusion: A hard-constraint violation for a candidate currently marked eligible.","step":4,"t":"2026-09-17T15:14:02.827Z"}
{"level":"info","event":"action","runId":"aef1359a-275b-463f-9b7c-1dfea074011b","type":"challenge","rationale":"No counterexample found in accessed primary sources. This is not proof that the conclusion is true.","step":5,"t":"2026-09-17T15:14:02.840Z"}
{"level":"info","event":"action","runId":"aef1359a-275b-463f-9b7c-1dfea074011b","type":"synthesize","rationale":"decision_critical_gaps_resolved_or_unresolvable; high-impact claims supported or qualified; contradictions handled; remaining actions low expected value","step":6,"t":"2026-09-17T15:14:02.852Z"}
{"level":"info","event":"action","runId":"bb27873b-38be-45f5-9168-a7cdf8a4c23a","type":"challenge","rationale":"Disconfirm material conclusion: A primary source that directly contradicts this conclusion.","step":0,"t":"2026-09-17T15:14:03.260Z"}
{"level":"info","event":"action","runId":"bb27873b-38be-45f5-9168-a7cdf8a4c23a","type":"fetch","rationale":"Inspect an already-known source before another generic query","step":1,"t":"2026-09-17T15:14:03.284Z"}
{"level":"info","event":"action","runId":"bb27873b-38be-45f5-9168-a7cdf8a4c23a","type":"fetch","rationale":"Inspect an already-known source before another generic query","step":2,"t":"2026-09-17T15:14:03.296Z"}
{"level":"info","event":"action","runId":"bb27873b-38be-45f5-9168-a7cdf8a4c23a","type":"fetch","rationale":"Inspect an already-known source before another generic query","step":3,"t":"2026-09-17T15:14:03.309Z"}
{"level":"info","event":"action","runId":"bb27873b-38be-45f5-9168-a7cdf8a4c23a","type":"challenge","rationale":"Disconfirm material conclusion: A hard-constraint violation for a candidate currently marked eligible.","step":4,"t":"2026-09-17T15:14:03.325Z"}
{"level":"info","event":"action","runId":"bb27873b-38be-45f5-9168-a7cdf8a4c23a","type":"challenge","rationale":"No counterexample found in accessed primary sources. This is not proof that the conclusion is true.","step":5,"t":"2026-09-17T15:14:03.338Z"}
{"level":"info","event":"action","runId":"bb27873b-38be-45f5-9168-a7cdf8a4c23a","type":"synthesize","rationale":"decision_critical_gaps_resolved_or_unresolvable; high-impact claims supported or qualified; contradictions handled; remaining actions low expected value","step":6,"t":"2026-09-17T15:14:03.348Z"}
{"level":"info","event":"action","runId":"d3aea613-c0af-4897-a85c-86b553ceed53","type":"search","rationale":"Investigate an uncovered required question","step":0,"t":"2026-09-17T15:14:03.744Z"}
{"level":"info","event":"action","runId":"d3aea613-c0af-4897-a85c-86b553ceed53","type":"fetch","rationale":"Inspect an already-known source before another generic query","step":1,"t":"2026-09-17T15:14:03.765Z"}
{"level":"info","event":"action","runId":"d3aea613-c0af-4897-a85c-86b553ceed53","type":"fetch","rationale":"Inspect an already-known source before another generic query","step":2,"t":"2026-09-17T15:14:03.777Z"}
{"level":"info","event":"action","runId":"d3aea613-c0af-4897-a85c-86b553ceed53","type":"fetch","rationale":"Inspect an already-known source before another generic query","step":3,"t":"2026-09-17T15:14:03.788Z"}
{"level":"info","event":"action","runId":"d3aea613-c0af-4897-a85c-86b553ceed53","type":"fetch","rationale":"Inspect an already-known source before another generic query","step":4,"t":"2026-09-17T15:14:03.801Z"}
{"level":"info","event":"action","runId":"d3aea613-c0af-4897-a85c-86b553ceed53","type":"fetch","rationale":"Inspect an already-known source before another generic query","step":5,"t":"2026-09-17T15:14:03.813Z"}
{"level":"info","event":"action","runId":"d3aea613-c0af-4897-a85c-86b553ceed53","type":"challenge","rationale":"Disconfirm material conclusion: A primary source that directly contradicts this conclusion.","step":6,"t":"2026-09-17T15:14:03.826Z"}
{"level":"info","event":"action","runId":"d3aea613-c0af-4897-a85c-86b553ceed53","type":"challenge","rationale":"No counterexample found in accessed primary sources. This is not proof that the conclusion is true.","step":7,"t":"2026-09-17T15:14:03.841Z"}
{"level":"info","event":"action","runId":"d3aea613-c0af-4897-a85c-86b553ceed53","type":"synthesize","rationale":"decision_critical_gaps_resolved_or_unresolvable; high-impact claims supported or qualified; contradictions handled; remaining actions low expected value","step":8,"t":"2026-09-17T15:14:03.854Z"}
{"level":"info","event":"action","runId":"383794f7-246f-43bc-bc5b-e5d4cfe810c8","type":"search","rationale":"Investigate an uncovered required question","step":0,"t":"2026-09-17T15:14:04.256Z"}
{"level":"info","event":"action","runId":"383794f7-246f-43bc-bc5b-e5d4cfe810c8","type":"fetch","rationale":"Inspect an already-known source before another generic query","step":1,"t":"2026-09-17T15:14:04.275Z"}
{"level":"info","event":"action","runId":"383794f7-246f-43bc-bc5b-e5d4cfe810c8","type":"fetch","rationale":"Inspect an already-known source before another generic query","step":2,"t":"2026-09-17T15:14:04.288Z"}
{"level":"info","event":"action","runId":"383794f7-246f-43bc-bc5b-e5d4cfe810c8","type":"fetch","rationale":"Inspect an already-known source before another generic query","step":3,"t":"2026-09-17T15:14:04.299Z"}
{"level":"info","event":"action","runId":"383794f7-246f-43bc-bc5b-e5d4cfe810c8","type":"challenge","rationale":"Disconfirm material conclusion: A hard-constraint violation for a candidate currently marked eligible.","step":4,"t":"2026-09-17T15:14:04.316Z"}
{"level":"info","event":"action","runId":"383794f7-246f-43bc-bc5b-e5d4cfe810c8","type":"challenge","rationale":"No counterexample found in accessed primary sources. This is not proof that the conclusion is true.","step":5,"t":"2026-09-17T15:14:04.328Z"}
{"level":"info","event":"action","runId":"383794f7-246f-43bc-bc5b-e5d4cfe810c8","type":"synthesize","rationale":"decision_critical_gaps_resolved_or_unresolvable; high-impact claims supported or qualified; contradictions handled; remaining actions low expected value","step":6,"t":"2026-09-17T15:14:04.338Z"}
{"level":"info","event":"action","runId":"20f4793d-6586-4dbe-9da6-38e0be9d3ee6","type":"search","rationale":"Investigate an uncovered required question","step":0,"t":"2026-09-17T15:14:04.767Z"}
{"level":"info","event":"action","runId":"20f4793d-6586-4dbe-9da6-38e0be9d3ee6","type":"fetch","rationale":"Inspect an already-known source before another generic query","step":1,"t":"2026-09-17T15:14:04.787Z"}
{"level":"info","event":"action","runId":"20f4793d-6586-4dbe-9da6-38e0be9d3ee6","type":"fetch","rationale":"Inspect an already-known source before another generic query","step":2,"t":"2026-09-17T15:14:04.801Z"}
{"level":"info","event":"action","runId":"20f4793d-6586-4dbe-9da6-38e0be9d3ee6","type":"fetch","rationale":"Inspect an already-known source before another generic query","step":3,"t":"2026-09-17T15:14:04.814Z"}
{"level":"info","event":"action","runId":"20f4793d-6586-4dbe-9da6-38e0be9d3ee6","type":"fetch","rationale":"Inspect an already-known source before another generic query","step":4,"t":"2026-09-17T15:14:04.827Z"}
{"level":"info","event":"action","runId":"20f4793d-6586-4dbe-9da6-38e0be9d3ee6","type":"fetch","rationale":"Inspect an already-known source before another generic query","step":5,"t":"2026-09-17T15:14:04.841Z"}
{"level":"info","event":"action","runId":"20f4793d-6586-4dbe-9da6-38e0be9d3ee6","type":"challenge","rationale":"Disconfirm material conclusion: A primary source that directly contradicts this conclusion.","step":6,"t":"2026-09-17T15:14:04.853Z"}
{"level":"info","event":"action","runId":"20f4793d-6586-4dbe-9da6-38e0be9d3ee6","type":"challenge","rationale":"No counterexample found in accessed primary sources. This is not proof that the conclusion is true.","step":7,"t":"2026-09-17T15:14:04.869Z"}
{"level":"info","event":"action","runId":"20f4793d-6586-4dbe-9da6-38e0be9d3ee6","type":"synthesize","rationale":"decision_critical_gaps_resolved_or_unresolvable; high-impact claims supported or qualified; contradictions handled; remaining actions low expected value","step":8,"t":"2026-09-17T15:14:04.882Z"}
{"level":"info","event":"action","runId":"7f14278f-96e8-4f58-bb9a-7ab45fd0365e","type":"search","rationale":"Investigate an uncovered required question","step":0,"t":"2026-09-17T15:14:05.432Z"}
{"level":"info","event":"action","runId":"7f14278f-96e8-4f58-bb9a-7ab45fd0365e","type":"fetch","rationale":"Inspect an already-known source before another generic query","step":1,"t":"2026-09-17T15:14:05.453Z"}
{"level":"info","event":"action","runId":"7f14278f-96e8-4f58-bb9a-7ab45fd0365e","type":"fetch","rationale":"Inspect an already-known source before another generic query","step":2,"t":"2026-09-17T15:14:05.466Z"}
{"level":"info","event":"action","runId":"7f14278f-96e8-4f58-bb9a-7ab45fd0365e","type":"fetch","rationale":"Inspect an already-known source before another generic query","step":3,"t":"2026-09-17T15:14:05.477Z"}
{"level":"info","event":"action","runId":"7f14278f-96e8-4f58-bb9a-7ab45fd0365e","type":"fetch","rationale":"Inspect an already-known source before another generic query","step":4,"t":"2026-09-17T15:14:05.490Z"}
{"level":"info","event":"action","runId":"7f14278f-96e8-4f58-bb9a-7ab45fd0365e","type":"fetch","rationale":"Inspect an already-known source before another generic query","step":5,"t":"2026-09-17T15:14:05.501Z"}
{"level":"info","event":"action","runId":"7f14278f-96e8-4f58-bb9a-7ab45fd0365e","type":"challenge","rationale":"Disconfirm material conclusion: A primary source that directly contradicts this conclusion.","step":6,"t":"2026-09-17T15:14:05.514Z"}
{"level":"info","event":"action","runId":"7f14278f-96e8-4f58-bb9a-7ab45fd0365e","type":"challenge","rationale":"No counterexample found in accessed primary sources. This is not proof that the conclusion is true.","step":7,"t":"2026-09-17T15:14:05.526Z"}
{"level":"info","event":"action","runId":"7f14278f-96e8-4f58-bb9a-7ab45fd0365e","type":"synthesize","rationale":"decision_critical_gaps_resolved_or_unresolvable; high-impact claims supported or qualified; contradictions handled; remaining actions low expected value","step":8,"t":"2026-09-17T15:14:05.536Z"}
{"level":"info","event":"action","runId":"8b62c8b4-33e2-4123-9bec-a24ebaf5eb38","type":"search","rationale":"Investigate an uncovered required question","step":0,"t":"2026-09-17T15:14:05.935Z"}
{"level":"info","event":"action","runId":"8b62c8b4-33e2-4123-9bec-a24ebaf5eb38","type":"fetch","rationale":"Inspect an already-known source before another generic query","step":1,"t":"2026-09-17T15:14:05.955Z"}
{"level":"info","event":"action","runId":"8b62c8b4-33e2-4123-9bec-a24ebaf5eb38","type":"fetch","rationale":"Inspect an already-known source before another generic query","step":2,"t":"2026-09-17T15:14:05.967Z"}
{"level":"info","event":"action","runId":"8b62c8b4-33e2-4123-9bec-a24ebaf5eb38","type":"fetch","rationale":"Inspect an already-known source before another generic query","step":3,"t":"2026-09-17T15:14:05.980Z"}
{"level":"info","event":"action","runId":"8b62c8b4-33e2-4123-9bec-a24ebaf5eb38","type":"fetch","rationale":"Inspect an already-known source before another generic query","step":4,"t":"2026-09-17T15:14:05.991Z"}
{"level":"info","event":"action","runId":"8b62c8b4-33e2-4123-9bec-a24ebaf5eb38","type":"fetch","rationale":"Inspect an already-known source before another generic query","step":5,"t":"2026-09-17T15:14:06.004Z"}
{"level":"info","event":"action","runId":"8b62c8b4-33e2-4123-9bec-a24ebaf5eb38","type":"challenge","rationale":"Disconfirm material conclusion: A primary source that directly contradicts this conclusion.","step":6,"t":"2026-09-17T15:14:06.018Z"}
{"level":"info","event":"action","runId":"8b62c8b4-33e2-4123-9bec-a24ebaf5eb38","type":"challenge","rationale":"No counterexample found in accessed primary sources. This is not proof that the conclusion is true.","step":7,"t":"2026-09-17T15:14:06.031Z"}
{"level":"info","event":"action","runId":"8b62c8b4-33e2-4123-9bec-a24ebaf5eb38","type":"synthesize","rationale":"decision_critical_gaps_resolved_or_unresolvable; high-impact claims supported or qualified; contradictions handled; remaining actions low expected value","step":8,"t":"2026-09-17T15:14:06.040Z"}
{"level":"info","event":"action","runId":"53345646-568c-4502-9183-a50700e670fb","type":"search","rationale":"Investigate an uncovered required question","step":0,"t":"2026-09-17T15:14:06.454Z"}
{"level":"info","event":"action","runId":"53345646-568c-4502-9183-a50700e670fb","type":"fetch","rationale":"Inspect an already-known source before another generic query","step":1,"t":"2026-09-17T15:14:06.474Z"}
{"level":"info","event":"action","runId":"53345646-568c-4502-9183-a50700e670fb","type":"fetch","rationale":"Inspect an already-known source before another generic query","step":2,"t":"2026-09-17T15:14:06.485Z"}
{"level":"info","event":"action","runId":"53345646-568c-4502-9183-a50700e670fb","type":"fetch","rationale":"Inspect an already-known source before another generic query","step":3,"t":"2026-09-17T15:14:06.499Z"}
{"level":"info","event":"action","runId":"53345646-568c-4502-9183-a50700e670fb","type":"fetch","rationale":"Inspect an already-known source before another generic query","step":4,"t":"2026-09-17T15:14:06.511Z"}
{"level":"info","event":"action","runId":"53345646-568c-4502-9183-a50700e670fb","type":"fetch","rationale":"Inspect an already-known source before another generic query","step":5,"t":"2026-09-17T15:14:06.524Z"}
{"level":"info","event":"action","runId":"53345646-568c-4502-9183-a50700e670fb","type":"challenge","rationale":"Disconfirm material conclusion: A primary source that directly contradicts this conclusion.","step":6,"t":"2026-09-17T15:14:06.536Z"}
{"level":"info","event":"action","runId":"53345646-568c-4502-9183-a50700e670fb","type":"challenge","rationale":"No counterexample found in accessed primary sources. This is not proof that the conclusion is true.","step":7,"t":"2026-09-17T15:14:06.549Z"}
{"level":"info","event":"action","runId":"53345646-568c-4502-9183-a50700e670fb","type":"synthesize","rationale":"decision_critical_gaps_resolved_or_unresolvable; high-impact claims supported or qualified; contradictions handled; remaining actions low expected value","step":8,"t":"2026-09-17T15:14:06.560Z"}
{"level":"info","event":"action","runId":"4574c284-cccc-4dd1-b669-fb5bfba3b5e4","type":"search","rationale":"Investigate an uncovered required question","step":0,"t":"2026-09-17T15:14:07.123Z"}
{"level":"info","event":"action","runId":"4574c284-cccc-4dd1-b669-fb5bfba3b5e4","type":"fetch","rationale":"Inspect an already-known source before another generic query","step":1,"t":"2026-09-17T15:14:07.142Z"}
{"level":"info","event":"action","runId":"4574c284-cccc-4dd1-b669-fb5bfba3b5e4","type":"fetch","rationale":"Inspect an already-known source before another generic query","step":2,"t":"2026-09-17T15:14:07.155Z"}
{"level":"info","event":"action","runId":"4574c284-cccc-4dd1-b669-fb5bfba3b5e4","type":"fetch","rationale":"Inspect an already-known source before another generic query","step":3,"t":"2026-09-17T15:14:07.167Z"}
{"level":"info","event":"action","runId":"4574c284-cccc-4dd1-b669-fb5bfba3b5e4","type":"fetch","rationale":"Inspect an already-known source before another generic query","step":4,"t":"2026-09-17T15:14:07.180Z"}
{"level":"info","event":"action","runId":"4574c284-cccc-4dd1-b669-fb5bfba3b5e4","type":"fetch","rationale":"Inspect an already-known source before another generic query","step":5,"t":"2026-09-17T15:14:07.193Z"}
{"level":"info","event":"action","runId":"4574c284-cccc-4dd1-b669-fb5bfba3b5e4","type":"challenge","rationale":"Disconfirm material conclusion: A primary source that directly contradicts this conclusion.","step":6,"t":"2026-09-17T15:14:07.205Z"}
{"level":"info","event":"action","runId":"4574c284-cccc-4dd1-b669-fb5bfba3b5e4","type":"challenge","rationale":"No counterexample found in accessed primary sources. This is not proof that the conclusion is true.","step":7,"t":"2026-09-17T15:14:07.217Z"}
{"level":"info","event":"action","runId":"4574c284-cccc-4dd1-b669-fb5bfba3b5e4","type":"synthesize","rationale":"decision_critical_gaps_resolved_or_unresolvable; high-impact claims supported or qualified; contradictions handled; remaining actions low expected value","step":8,"t":"2026-09-17T15:14:07.229Z"}
{"level":"info","event":"action","runId":"8a717b2d-6179-4a87-8bb8-1281d7ccdd93","type":"search","rationale":"Investigate an uncovered required question","step":0,"t":"2026-09-17T15:14:07.934Z"}
{"level":"info","event":"action","runId":"8a717b2d-6179-4a87-8bb8-1281d7ccdd93","type":"fetch","rationale":"Inspect an already-known source before another generic query","step":1,"t":"2026-09-17T15:14:07.953Z"}
{"level":"info","event":"action","runId":"8a717b2d-6179-4a87-8bb8-1281d7ccdd93","type":"fetch","rationale":"Inspect an already-known source before another generic query","step":2,"t":"2026-09-17T15:14:07.965Z"}
{"level":"info","event":"action","runId":"8a717b2d-6179-4a87-8bb8-1281d7ccdd93","type":"fetch","rationale":"Inspect an already-known source before another generic query","step":3,"t":"2026-09-17T15:14:07.977Z"}
{"level":"info","event":"action","runId":"8a717b2d-6179-4a87-8bb8-1281d7ccdd93","type":"fetch","rationale":"Inspect an already-known source before another generic query","step":4,"t":"2026-09-17T15:14:07.990Z"}
{"level":"info","event":"action","runId":"8a717b2d-6179-4a87-8bb8-1281d7ccdd93","type":"fetch","rationale":"Inspect an already-known source before another generic query","step":5,"t":"2026-09-17T15:14:08.003Z"}
{"level":"info","event":"action","runId":"8a717b2d-6179-4a87-8bb8-1281d7ccdd93","type":"challenge","rationale":"Disconfirm material conclusion: A primary source that directly contradicts this conclusion.","step":6,"t":"2026-09-17T15:14:08.016Z"}
{"level":"info","event":"action","runId":"8a717b2d-6179-4a87-8bb8-1281d7ccdd93","type":"challenge","rationale":"No counterexample found in accessed primary sources. This is not proof that the conclusion is true.","step":7,"t":"2026-09-17T15:14:08.028Z"}
{"level":"info","event":"action","runId":"8a717b2d-6179-4a87-8bb8-1281d7ccdd93","type":"synthesize","rationale":"decision_critical_gaps_resolved_or_unresolvable; high-impact claims supported or qualified; contradictions handled; remaining actions low expected value","step":8,"t":"2026-09-17T15:14:08.038Z"}
{"level":"info","event":"action","runId":"de718285-0ad8-4a84-98b3-25aac154da67","type":"search","rationale":"Investigate an uncovered required question","step":0,"t":"2026-09-17T15:14:08.418Z"}
{"level":"info","event":"action","runId":"de718285-0ad8-4a84-98b3-25aac154da67","type":"fetch","rationale":"Inspect an already-known source before another generic query","step":1,"t":"2026-09-17T15:14:08.440Z"}
{"level":"info","event":"action","runId":"de718285-0ad8-4a84-98b3-25aac154da67","type":"fetch","rationale":"Inspect an already-known source before another generic query","step":2,"t":"2026-09-17T15:14:08.452Z"}
{"level":"info","event":"action","runId":"de718285-0ad8-4a84-98b3-25aac154da67","type":"fetch","rationale":"Inspect an already-known source before another generic query","step":3,"t":"2026-09-17T15:14:08.464Z"}
{"level":"info","event":"action","runId":"de718285-0ad8-4a84-98b3-25aac154da67","type":"fetch","rationale":"Inspect an already-known source before another generic query","step":4,"t":"2026-09-17T15:14:08.476Z"}
{"level":"info","event":"action","runId":"de718285-0ad8-4a84-98b3-25aac154da67","type":"fetch","rationale":"Inspect an already-known source before another generic query","step":5,"t":"2026-09-17T15:14:08.488Z"}
{"level":"info","event":"action","runId":"de718285-0ad8-4a84-98b3-25aac154da67","type":"challenge","rationale":"Disconfirm material conclusion: A primary source that directly contradicts this conclusion.","step":6,"t":"2026-09-17T15:14:08.502Z"}
{"level":"info","event":"action","runId":"de718285-0ad8-4a84-98b3-25aac154da67","type":"challenge","rationale":"No counterexample found in accessed primary sources. This is not proof that the conclusion is true.","step":7,"t":"2026-09-17T15:14:08.514Z"}
{"level":"info","event":"action","runId":"de718285-0ad8-4a84-98b3-25aac154da67","type":"synthesize","rationale":"decision_critical_gaps_resolved_or_unresolvable; high-impact claims supported or qualified; contradictions handled; remaining actions low expected value","step":8,"t":"2026-09-17T15:14:08.523Z"}
{"level":"info","event":"action","runId":"40e1473e-02c2-43bc-9b28-e1725e253bdf","type":"search","rationale":"Investigate an uncovered required question","step":0,"t":"2026-09-17T15:14:08.919Z"}
{"level":"info","event":"action","runId":"40e1473e-02c2-43bc-9b28-e1725e253bdf","type":"fetch","rationale":"Inspect an already-known source before another generic query","step":1,"t":"2026-09-17T15:14:08.934Z"}
{"level":"info","event":"action","runId":"40e1473e-02c2-43bc-9b28-e1725e253bdf","type":"challenge","rationale":"Disconfirm material conclusion: A primary source that directly contradicts this conclusion.","step":2,"t":"2026-09-17T15:14:08.945Z"}
{"level":"info","event":"action","runId":"40e1473e-02c2-43bc-9b28-e1725e253bdf","type":"challenge","rationale":"No counterexample found in accessed primary sources. This is not proof that the conclusion is true.","step":3,"t":"2026-09-17T15:14:08.957Z"}
{"level":"info","event":"action","runId":"40e1473e-02c2-43bc-9b28-e1725e253bdf","type":"synthesize","rationale":"decision_critical_gaps_resolved_or_unresolvable; high-impact claims supported or qualified; contradictions handled; remaining actions low expected value","step":4,"t":"2026-09-17T15:14:08.967Z"}
{"level":"info","event":"action","runId":"c267d81e-71ce-4539-9208-45d6dbaa7da5","type":"search","rationale":"Investigate an uncovered required question","step":0,"t":"2026-09-17T15:14:09.340Z"}
{"level":"info","event":"action","runId":"c267d81e-71ce-4539-9208-45d6dbaa7da5","type":"fetch","rationale":"Inspect an already-known source before another generic query","step":1,"t":"2026-09-17T15:14:09.361Z"}
{"level":"info","event":"action","runId":"c267d81e-71ce-4539-9208-45d6dbaa7da5","type":"fetch","rationale":"Inspect an already-known source before another generic query","step":2,"t":"2026-09-17T15:14:09.375Z"}
{"level":"info","event":"action","runId":"c267d81e-71ce-4539-9208-45d6dbaa7da5","type":"fetch","rationale":"Inspect an already-known source before another generic query","step":3,"t":"2026-09-17T15:14:09.388Z"}
{"level":"info","event":"action","runId":"c267d81e-71ce-4539-9208-45d6dbaa7da5","type":"challenge","rationale":"Disconfirm material conclusion: A hard-constraint violation for a candidate currently marked eligible.","step":4,"t":"2026-09-17T15:14:09.402Z"}
{"level":"info","event":"action","runId":"c267d81e-71ce-4539-9208-45d6dbaa7da5","type":"challenge","rationale":"No counterexample found in accessed primary sources. This is not proof that the conclusion is true.","step":5,"t":"2026-09-17T15:14:09.414Z"}
{"level":"info","event":"action","runId":"c267d81e-71ce-4539-9208-45d6dbaa7da5","type":"synthesize","rationale":"decision_critical_gaps_resolved_or_unresolvable; high-impact claims supported or qualified; contradictions handled; remaining actions low expected value","step":6,"t":"2026-09-17T15:14:09.424Z"}
{"level":"info","event":"action","runId":"a5631bb2-2a3f-4301-b5ac-dde15aebb3e7","type":"search","rationale":"Investigate an uncovered required question","step":0,"t":"2026-09-17T15:14:09.832Z"}
{"level":"info","event":"action","runId":"a5631bb2-2a3f-4301-b5ac-dde15aebb3e7","type":"fetch","rationale":"Inspect an already-known source before another generic query","step":1,"t":"2026-09-17T15:14:09.853Z"}
{"level":"info","event":"action","runId":"a5631bb2-2a3f-4301-b5ac-dde15aebb3e7","type":"fetch","rationale":"Inspect an already-known source before another generic query","step":2,"t":"2026-09-17T15:14:09.864Z"}
{"level":"info","event":"action","runId":"a5631bb2-2a3f-4301-b5ac-dde15aebb3e7","type":"fetch","rationale":"Inspect an already-known source before another generic query","step":3,"t":"2026-09-17T15:14:09.879Z"}
{"level":"info","event":"action","runId":"a5631bb2-2a3f-4301-b5ac-dde15aebb3e7","type":"challenge","rationale":"Disconfirm material conclusion: A hard-constraint violation for a candidate currently marked eligible.","step":4,"t":"2026-09-17T15:14:09.897Z"}
{"level":"info","event":"action","runId":"a5631bb2-2a3f-4301-b5ac-dde15aebb3e7","type":"challenge","rationale":"No counterexample found in accessed primary sources. This is not proof that the conclusion is true.","step":5,"t":"2026-09-17T15:14:09.912Z"}
{"level":"info","event":"action","runId":"a5631bb2-2a3f-4301-b5ac-dde15aebb3e7","type":"synthesize","rationale":"decision_critical_gaps_resolved_or_unresolvable; high-impact claims supported or qualified; contradictions handled; remaining actions low expected value","step":6,"t":"2026-09-17T15:14:09.923Z"}
{"level":"info","event":"action","runId":"44257971-87d4-4418-ab97-c504f4785243","type":"search","rationale":"Investigate an uncovered required question","step":0,"t":"2026-09-17T15:14:10.320Z"}
{"level":"info","event":"action","runId":"44257971-87d4-4418-ab97-c504f4785243","type":"fetch","rationale":"Inspect an already-known source before another generic query","step":1,"t":"2026-09-17T15:14:10.341Z"}
{"level":"info","event":"action","runId":"44257971-87d4-4418-ab97-c504f4785243","type":"fetch","rationale":"Inspect an already-known source before another generic query","step":2,"t":"2026-09-17T15:14:10.353Z"}
{"level":"info","event":"action","runId":"44257971-87d4-4418-ab97-c504f4785243","type":"fetch","rationale":"Inspect an already-known source before another generic query","step":3,"t":"2026-09-17T15:14:10.365Z"}
{"level":"info","event":"action","runId":"44257971-87d4-4418-ab97-c504f4785243","type":"fetch","rationale":"Inspect an already-known source before another generic query","step":4,"t":"2026-09-17T15:14:10.377Z"}
{"level":"info","event":"action","runId":"44257971-87d4-4418-ab97-c504f4785243","type":"fetch","rationale":"Inspect an already-known source before another generic query","step":5,"t":"2026-09-17T15:14:10.389Z"}
{"level":"info","event":"action","runId":"44257971-87d4-4418-ab97-c504f4785243","type":"challenge","rationale":"Disconfirm material conclusion: A primary source that directly contradicts this conclusion.","step":6,"t":"2026-09-17T15:14:10.401Z"}
{"level":"info","event":"action","runId":"44257971-87d4-4418-ab97-c504f4785243","type":"challenge","rationale":"No counterexample found in accessed primary sources. This is not proof that the conclusion is true.","step":7,"t":"2026-09-17T15:14:10.414Z"}
{"level":"info","event":"action","runId":"44257971-87d4-4418-ab97-c504f4785243","type":"synthesize","rationale":"decision_critical_gaps_resolved_or_unresolvable; high-impact claims supported or qualified; contradictions handled; remaining actions low expected value","step":8,"t":"2026-09-17T15:14:10.424Z"}
{"level":"info","event":"action","runId":"e19b0e07-16f8-4d12-9e94-82ed1d70a805","type":"search","rationale":"Investigate an uncovered required question","step":0,"t":"2026-09-17T15:14:10.645Z"}
{"level":"info","event":"action","runId":"e19b0e07-16f8-4d12-9e94-82ed1d70a805","type":"fetch","rationale":"Inspect an already-known source before another generic query","step":1,"t":"2026-09-17T15:14:10.663Z"}
{"level":"info","event":"action","runId":"e19b0e07-16f8-4d12-9e94-82ed1d70a805","type":"fetch","rationale":"Inspect an already-known source before another generic query","step":2,"t":"2026-09-17T15:14:10.677Z"}
{"level":"info","event":"action","runId":"e19b0e07-16f8-4d12-9e94-82ed1d70a805","type":"fetch","rationale":"Inspect an already-known source before another generic query","step":3,"t":"2026-09-17T15:14:10.691Z"}
{"level":"info","event":"action","runId":"e19b0e07-16f8-4d12-9e94-82ed1d70a805","type":"fetch","rationale":"Inspect an already-known source before another generic query","step":4,"t":"2026-09-17T15:14:10.702Z"}
{"level":"info","event":"action","runId":"e19b0e07-16f8-4d12-9e94-82ed1d70a805","type":"fetch","rationale":"Inspect an already-known source before another generic query","step":5,"t":"2026-09-17T15:14:10.715Z"}
{"level":"info","event":"action","runId":"e19b0e07-16f8-4d12-9e94-82ed1d70a805","type":"challenge","rationale":"Disconfirm material conclusion: A primary source that directly contradicts this conclusion.","step":6,"t":"2026-09-17T15:14:10.726Z"}
{"level":"info","event":"action","runId":"e19b0e07-16f8-4d12-9e94-82ed1d70a805","type":"challenge","rationale":"No counterexample found in accessed primary sources. This is not proof that the conclusion is true.","step":7,"t":"2026-09-17T15:14:10.740Z"}
{"level":"info","event":"action","runId":"e19b0e07-16f8-4d12-9e94-82ed1d70a805","type":"synthesize","rationale":"decision_critical_gaps_resolved_or_unresolvable; high-impact claims supported or qualified; contradictions handled; remaining actions low expected value","step":8,"t":"2026-09-17T15:14:10.751Z"}
{"level":"info","event":"action","runId":"f3a919a3-936f-4811-8cfe-9c4ce533ac48","type":"search","rationale":"Investigate an uncovered required question","step":0,"t":"2026-09-17T15:14:11.140Z"}
{"level":"info","event":"action","runId":"f3a919a3-936f-4811-8cfe-9c4ce533ac48","type":"fetch","rationale":"Inspect an already-known source before another generic query","step":1,"t":"2026-09-17T15:14:11.156Z"}
{"level":"info","event":"action","runId":"f3a919a3-936f-4811-8cfe-9c4ce533ac48","type":"fetch","rationale":"Inspect an already-known source before another generic query","step":2,"t":"2026-09-17T15:14:11.168Z"}
{"level":"info","event":"action","runId":"f3a919a3-936f-4811-8cfe-9c4ce533ac48","type":"challenge","rationale":"Disconfirm material conclusion: A primary source that directly contradicts this conclusion.","step":3,"t":"2026-09-17T15:14:11.181Z"}
{"level":"info","event":"action","runId":"f3a919a3-936f-4811-8cfe-9c4ce533ac48","type":"challenge","rationale":"No counterexample found in accessed primary sources. This is not proof that the conclusion is true.","step":4,"t":"2026-09-17T15:14:11.192Z"}
{"level":"info","event":"action","runId":"f3a919a3-936f-4811-8cfe-9c4ce533ac48","type":"synthesize","rationale":"decision_critical_gaps_resolved_or_unresolvable; high-impact claims supported or qualified; contradictions handled; remaining actions low expected value","step":5,"t":"2026-09-17T15:14:11.203Z"}
{"level":"info","event":"action","runId":"d3cdf7b4-cd9e-43f2-9478-99e097d2021a","type":"search","rationale":"Investigate an uncovered required question","step":0,"t":"2026-09-17T15:14:11.588Z"}
{"level":"info","event":"action","runId":"d3cdf7b4-cd9e-43f2-9478-99e097d2021a","type":"fetch","rationale":"Inspect an already-known source before another generic query","step":1,"t":"2026-09-17T15:14:11.602Z"}
{"level":"info","event":"action","runId":"d3cdf7b4-cd9e-43f2-9478-99e097d2021a","type":"challenge","rationale":"Disconfirm material conclusion: A primary source that directly contradicts this conclusion.","step":2,"t":"2026-09-17T15:14:11.614Z"}
{"level":"info","event":"action","runId":"d3cdf7b4-cd9e-43f2-9478-99e097d2021a","type":"challenge","rationale":"No counterexample found in accessed primary sources. This is not proof that the conclusion is true.","step":3,"t":"2026-09-17T15:14:11.626Z"}
{"level":"info","event":"action","runId":"d3cdf7b4-cd9e-43f2-9478-99e097d2021a","type":"synthesize","rationale":"decision_critical_gaps_resolved_or_unresolvable; high-impact claims supported or qualified; contradictions handled; remaining actions low expected value","step":4,"t":"2026-09-17T15:14:11.635Z"}
{"level":"info","event":"action","runId":"56f945fa-fe84-44af-98d0-a78bba1368d6","type":"search","rationale":"Investigate an uncovered required question","step":0,"t":"2026-09-17T15:14:12.054Z"}
{"level":"info","event":"action","runId":"56f945fa-fe84-44af-98d0-a78bba1368d6","type":"fetch","rationale":"Inspect an already-known source before another generic query","step":1,"t":"2026-09-17T15:14:12.069Z"}
{"level":"info","event":"action","runId":"56f945fa-fe84-44af-98d0-a78bba1368d6","type":"challenge","rationale":"Disconfirm material conclusion: A primary source that directly contradicts this conclusion.","step":2,"t":"2026-09-17T15:14:12.082Z"}
{"level":"info","event":"action","runId":"56f945fa-fe84-44af-98d0-a78bba1368d6","type":"challenge","rationale":"No counterexample found in accessed primary sources. This is not proof that the conclusion is true.","step":3,"t":"2026-09-17T15:14:12.095Z"}
{"level":"info","event":"action","runId":"56f945fa-fe84-44af-98d0-a78bba1368d6","type":"synthesize","rationale":"decision_critical_gaps_resolved_or_unresolvable; high-impact claims supported or qualified; contradictions handled; remaining actions low expected value","step":4,"t":"2026-09-17T15:14:12.107Z"}
{"level":"info","event":"action","runId":"b1e75a67-67f6-43f9-b466-c25cd04e0f5d","type":"search","rationale":"Investigate an uncovered required question","step":0,"t":"2026-09-17T15:14:12.496Z"}
{"level":"info","event":"action","runId":"b1e75a67-67f6-43f9-b466-c25cd04e0f5d","type":"fetch","rationale":"Inspect an already-known source before another generic query","step":1,"t":"2026-09-17T15:14:12.511Z"}
{"level":"info","event":"action","runId":"b1e75a67-67f6-43f9-b466-c25cd04e0f5d","type":"challenge","rationale":"Disconfirm material conclusion: A primary source that directly contradicts this conclusion.","step":2,"t":"2026-09-17T15:14:12.524Z"}
{"level":"info","event":"action","runId":"b1e75a67-67f6-43f9-b466-c25cd04e0f5d","type":"challenge","rationale":"No counterexample found in accessed primary sources. This is not proof that the conclusion is true.","step":3,"t":"2026-09-17T15:14:12.536Z"}
{"level":"info","event":"action","runId":"b1e75a67-67f6-43f9-b466-c25cd04e0f5d","type":"synthesize","rationale":"decision_critical_gaps_resolved_or_unresolvable; high-impact claims supported or qualified; contradictions handled; remaining actions low expected value","step":4,"t":"2026-09-17T15:14:12.546Z"}
{"level":"info","event":"action","runId":"d4330cb4-f408-4e02-a544-a23c9f53d667","type":"search","rationale":"Investigate an uncovered required question","step":0,"t":"2026-09-17T15:14:12.945Z"}
{"level":"info","event":"action","runId":"d4330cb4-f408-4e02-a544-a23c9f53d667","type":"fetch","rationale":"Inspect an already-known source before another generic query","step":1,"t":"2026-09-17T15:14:12.961Z"}
{"level":"info","event":"action","runId":"d4330cb4-f408-4e02-a544-a23c9f53d667","type":"challenge","rationale":"Disconfirm material conclusion: A primary source that directly contradicts this conclusion.","step":2,"t":"2026-09-17T15:14:12.973Z"}
{"level":"info","event":"action","runId":"d4330cb4-f408-4e02-a544-a23c9f53d667","type":"challenge","rationale":"No counterexample found in accessed primary sources. This is not proof that the conclusion is true.","step":3,"t":"2026-09-17T15:14:12.991Z"}
{"level":"info","event":"action","runId":"d4330cb4-f408-4e02-a544-a23c9f53d667","type":"synthesize","rationale":"decision_critical_gaps_resolved_or_unresolvable; high-impact claims supported or qualified; contradictions handled; remaining actions low expected value","step":4,"t":"2026-09-17T15:14:13.004Z"}
{"level":"info","event":"action","runId":"74675e45-dbad-41aa-8eaa-16221d38d551","type":"search","rationale":"Investigate an uncovered required question","step":0,"t":"2026-09-17T15:14:13.405Z"}
{"level":"info","event":"action","runId":"74675e45-dbad-41aa-8eaa-16221d38d551","type":"fetch","rationale":"Inspect an already-known source before another generic query","step":1,"t":"2026-09-17T15:14:13.424Z"}
{"level":"info","event":"action","runId":"74675e45-dbad-41aa-8eaa-16221d38d551","type":"fetch","rationale":"Inspect an already-known source before another generic query","step":2,"t":"2026-09-17T15:14:13.438Z"}
{"level":"info","event":"action","runId":"74675e45-dbad-41aa-8eaa-16221d38d551","type":"fetch","rationale":"Inspect an already-known source before another generic query","step":3,"t":"2026-09-17T15:14:13.450Z"}
{"level":"info","event":"action","runId":"74675e45-dbad-41aa-8eaa-16221d38d551","type":"fetch","rationale":"Inspect an already-known source before another generic query","step":4,"t":"2026-09-17T15:14:13.462Z"}
{"level":"info","event":"action","runId":"74675e45-dbad-41aa-8eaa-16221d38d551","type":"fetch","rationale":"Inspect an already-known source before another generic query","step":5,"t":"2026-09-17T15:14:13.474Z"}
{"level":"info","event":"action","runId":"74675e45-dbad-41aa-8eaa-16221d38d551","type":"challenge","rationale":"Disconfirm material conclusion: A primary source that directly contradicts this conclusion.","step":6,"t":"2026-09-17T15:14:13.486Z"}
{"level":"info","event":"action","runId":"74675e45-dbad-41aa-8eaa-16221d38d551","type":"challenge","rationale":"No counterexample found in accessed primary sources. This is not proof that the conclusion is true.","step":7,"t":"2026-09-17T15:14:13.498Z"}
{"level":"info","event":"action","runId":"74675e45-dbad-41aa-8eaa-16221d38d551","type":"synthesize","rationale":"decision_critical_gaps_resolved_or_unresolvable; high-impact claims supported or qualified; contradictions handled; remaining actions low expected value","step":8,"t":"2026-09-17T15:14:13.509Z"}
{"level":"info","event":"action","runId":"fdd92bf1-4481-4f88-99cf-a42b325ed90d","type":"search","rationale":"Investigate an uncovered required question","step":0,"t":"2026-09-17T15:14:13.697Z"}
{"level":"info","event":"action","runId":"fdd92bf1-4481-4f88-99cf-a42b325ed90d","type":"fetch","rationale":"Inspect an already-known source before another generic query","step":1,"t":"2026-09-17T15:14:13.718Z"}
{"level":"info","event":"action","runId":"fdd92bf1-4481-4f88-99cf-a42b325ed90d","type":"synthesize","rationale":"budget requires finishing with available evidence","step":2,"t":"2026-09-17T15:14:13.731Z"}
{"level":"info","event":"action","runId":"146320d5-db7f-4ddd-ab8c-48c262c78d91","type":"search","rationale":"Investigate an uncovered required question","step":0,"t":"2026-09-17T15:14:14.119Z"}
{"level":"info","event":"action","runId":"146320d5-db7f-4ddd-ab8c-48c262c78d91","type":"fetch","rationale":"Inspect an already-known source before another generic query","step":1,"t":"2026-09-17T15:14:14.139Z"}
{"level":"info","event":"action","runId":"146320d5-db7f-4ddd-ab8c-48c262c78d91","type":"fetch","rationale":"Inspect an already-known source before another generic query","step":2,"t":"2026-09-17T15:14:14.153Z"}
{"level":"info","event":"action","runId":"146320d5-db7f-4ddd-ab8c-48c262c78d91","type":"fetch","rationale":"Inspect an already-known source before another generic query","step":3,"t":"2026-09-17T15:14:14.165Z"}
{"level":"info","event":"action","runId":"146320d5-db7f-4ddd-ab8c-48c262c78d91","type":"fetch","rationale":"Inspect an already-known source before another generic query","step":4,"t":"2026-09-17T15:14:14.177Z"}
{"level":"info","event":"action","runId":"146320d5-db7f-4ddd-ab8c-48c262c78d91","type":"fetch","rationale":"Inspect an already-known source before another generic query","step":5,"t":"2026-09-17T15:14:14.190Z"}
{"level":"info","event":"action","runId":"146320d5-db7f-4ddd-ab8c-48c262c78d91","type":"challenge","rationale":"Disconfirm material conclusion: A primary source that directly contradicts this conclusion.","step":6,"t":"2026-09-17T15:14:14.202Z"}
{"level":"info","event":"action","runId":"146320d5-db7f-4ddd-ab8c-48c262c78d91","type":"challenge","rationale":"No counterexample found in accessed primary sources. This is not proof that the conclusion is true.","step":7,"t":"2026-09-17T15:14:14.214Z"}
{"level":"info","event":"action","runId":"146320d5-db7f-4ddd-ab8c-48c262c78d91","type":"synthesize","rationale":"decision_critical_gaps_resolved_or_unresolvable; high-impact claims supported or qualified; contradictions handled; remaining actions low expected value","step":8,"t":"2026-09-17T15:14:14.225Z"}
{"level":"info","event":"action","runId":"1ebc0988-0e50-44fe-ab31-57d8c917df0e","type":"search","rationale":"Investigate an uncovered required question","step":0,"t":"2026-09-17T15:14:14.797Z"}
{"level":"info","event":"action","runId":"1ebc0988-0e50-44fe-ab31-57d8c917df0e","type":"fetch","rationale":"Inspect an already-known source before another generic query","step":1,"t":"2026-09-17T15:14:14.824Z"}
{"level":"info","event":"action","runId":"1ebc0988-0e50-44fe-ab31-57d8c917df0e","type":"fetch","rationale":"Inspect an already-known source before another generic query","step":2,"t":"2026-09-17T15:14:14.836Z"}
{"level":"info","event":"action","runId":"1ebc0988-0e50-44fe-ab31-57d8c917df0e","type":"fetch","rationale":"Inspect an already-known source before another generic query","step":3,"t":"2026-09-17T15:14:14.850Z"}
{"level":"info","event":"action","runId":"1ebc0988-0e50-44fe-ab31-57d8c917df0e","type":"fetch","rationale":"Inspect an already-known source before another generic query","step":4,"t":"2026-09-17T15:14:14.861Z"}
{"level":"info","event":"action","runId":"1ebc0988-0e50-44fe-ab31-57d8c917df0e","type":"fetch","rationale":"Inspect an already-known source before another generic query","step":5,"t":"2026-09-17T15:14:14.875Z"}
{"level":"info","event":"action","runId":"1ebc0988-0e50-44fe-ab31-57d8c917df0e","type":"challenge","rationale":"Disconfirm material conclusion: A primary source that directly contradicts this conclusion.","step":6,"t":"2026-09-17T15:14:14.885Z"}
{"level":"info","event":"action","runId":"1ebc0988-0e50-44fe-ab31-57d8c917df0e","type":"challenge","rationale":"No counterexample found in accessed primary sources. This is not proof that the conclusion is true.","step":7,"t":"2026-09-17T15:14:14.899Z"}
{"level":"info","event":"action","runId":"1ebc0988-0e50-44fe-ab31-57d8c917df0e","type":"synthesize","rationale":"decision_critical_gaps_resolved_or_unresolvable; high-impact claims supported or qualified; contradictions handled; remaining actions low expected value","step":8,"t":"2026-09-17T15:14:14.908Z"}
{"level":"info","event":"action","runId":"848e9a7b-bd0a-4502-a706-7da1e57de286","type":"challenge","rationale":"Disconfirm material conclusion: A primary source that directly contradicts this conclusion.","step":0,"t":"2026-09-17T15:14:15.486Z"}
{"level":"info","event":"action","runId":"848e9a7b-bd0a-4502-a706-7da1e57de286","type":"fetch","rationale":"Inspect an already-known source before another generic query","step":1,"t":"2026-09-17T15:14:15.511Z"}
{"level":"info","event":"action","runId":"848e9a7b-bd0a-4502-a706-7da1e57de286","type":"fetch","rationale":"Inspect an already-known source before another generic query","step":2,"t":"2026-09-17T15:14:15.524Z"}
{"level":"info","event":"action","runId":"848e9a7b-bd0a-4502-a706-7da1e57de286","type":"fetch","rationale":"Inspect an already-known source before another generic query","step":3,"t":"2026-09-17T15:14:15.537Z"}
{"level":"info","event":"action","runId":"848e9a7b-bd0a-4502-a706-7da1e57de286","type":"challenge","rationale":"Disconfirm material conclusion: A hard-constraint violation for a candidate currently marked eligible.","step":4,"t":"2026-09-17T15:14:15.553Z"}
{"level":"info","event":"action","runId":"848e9a7b-bd0a-4502-a706-7da1e57de286","type":"challenge","rationale":"No counterexample found in accessed primary sources. This is not proof that the conclusion is true.","step":5,"t":"2026-09-17T15:14:15.565Z"}
{"level":"info","event":"action","runId":"848e9a7b-bd0a-4502-a706-7da1e57de286","type":"synthesize","rationale":"decision_critical_gaps_resolved_or_unresolvable; high-impact claims supported or qualified; contradictions handled; remaining actions low expected value","step":6,"t":"2026-09-17T15:14:15.576Z"}
{"level":"info","event":"action","runId":"314e4fdd-3a13-4c4b-85c7-4aa5cb5aceec","type":"challenge","rationale":"Disconfirm material conclusion: A primary source that directly contradicts this conclusion.","step":0,"t":"2026-09-17T15:14:15.996Z"}
{"level":"info","event":"action","runId":"314e4fdd-3a13-4c4b-85c7-4aa5cb5aceec","type":"fetch","rationale":"Inspect an already-known source before another generic query","step":1,"t":"2026-09-17T15:14:16.019Z"}
{"level":"info","event":"action","runId":"314e4fdd-3a13-4c4b-85c7-4aa5cb5aceec","type":"fetch","rationale":"Inspect an already-known source before another generic query","step":2,"t":"2026-09-17T15:14:16.035Z"}
{"level":"info","event":"action","runId":"314e4fdd-3a13-4c4b-85c7-4aa5cb5aceec","type":"fetch","rationale":"Inspect an already-known source before another generic query","step":3,"t":"2026-09-17T15:14:16.049Z"}
{"level":"info","event":"action","runId":"314e4fdd-3a13-4c4b-85c7-4aa5cb5aceec","type":"challenge","rationale":"Disconfirm material conclusion: A hard-constraint violation for a candidate currently marked eligible.","step":4,"t":"2026-09-17T15:14:16.068Z"}
{"level":"info","event":"action","runId":"314e4fdd-3a13-4c4b-85c7-4aa5cb5aceec","type":"challenge","rationale":"No counterexample found in accessed primary sources. This is not proof that the conclusion is true.","step":5,"t":"2026-09-17T15:14:16.086Z"}
{"level":"info","event":"action","runId":"314e4fdd-3a13-4c4b-85c7-4aa5cb5aceec","type":"synthesize","rationale":"decision_critical_gaps_resolved_or_unresolvable; high-impact claims supported or qualified; contradictions handled; remaining actions low expected value","step":6,"t":"2026-09-17T15:14:16.095Z"}
{"level":"info","event":"action","runId":"1342a07c-48c4-40cc-a486-6ca4d7c5d40c","type":"search","rationale":"Investigate an uncovered required question","step":0,"t":"2026-09-17T15:14:16.306Z"}
{"level":"info","event":"action","runId":"1342a07c-48c4-40cc-a486-6ca4d7c5d40c","type":"fetch","rationale":"Inspect an already-known source before another generic query","step":1,"t":"2026-09-17T15:14:16.326Z"}
{"level":"info","event":"action","runId":"1342a07c-48c4-40cc-a486-6ca4d7c5d40c","type":"fetch","rationale":"Inspect an already-known source before another generic query","step":2,"t":"2026-09-17T15:14:16.338Z"}
{"level":"info","event":"action","runId":"1342a07c-48c4-40cc-a486-6ca4d7c5d40c","type":"fetch","rationale":"Inspect an already-known source before another generic query","step":3,"t":"2026-09-17T15:14:16.350Z"}
{"level":"info","event":"action","runId":"1342a07c-48c4-40cc-a486-6ca4d7c5d40c","type":"fetch","rationale":"Inspect an already-known source before another generic query","step":4,"t":"2026-09-17T15:14:16.363Z"}
{"level":"info","event":"action","runId":"1342a07c-48c4-40cc-a486-6ca4d7c5d40c","type":"fetch","rationale":"Inspect an already-known source before another generic query","step":5,"t":"2026-09-17T15:14:16.375Z"}
{"level":"info","event":"action","runId":"1342a07c-48c4-40cc-a486-6ca4d7c5d40c","type":"challenge","rationale":"Disconfirm material conclusion: A primary source that directly contradicts this conclusion.","step":6,"t":"2026-09-17T15:14:16.389Z"}
{"level":"info","event":"action","runId":"1342a07c-48c4-40cc-a486-6ca4d7c5d40c","type":"challenge","rationale":"No counterexample found in accessed primary sources. This is not proof that the conclusion is true.","step":7,"t":"2026-09-17T15:14:16.401Z"}
{"level":"info","event":"action","runId":"1342a07c-48c4-40cc-a486-6ca4d7c5d40c","type":"synthesize","rationale":"decision_critical_gaps_resolved_or_unresolvable; high-impact claims supported or qualified; contradictions handled; remaining actions low expected value","step":8,"t":"2026-09-17T15:14:16.410Z"}
{"level":"info","event":"action","runId":"7029de54-0d94-4136-bcd2-7bcd7d76cb40","type":"search","rationale":"Investigate an uncovered required question","step":0,"t":"2026-09-17T15:14:16.812Z"}
{"level":"info","event":"action","runId":"7029de54-0d94-4136-bcd2-7bcd7d76cb40","type":"fetch","rationale":"Inspect an already-known source before another generic query","step":1,"t":"2026-09-17T15:14:16.830Z"}
{"level":"info","event":"action","runId":"7029de54-0d94-4136-bcd2-7bcd7d76cb40","type":"fetch","rationale":"Inspect an already-known source before another generic query","step":2,"t":"2026-09-17T15:14:16.844Z"}
{"level":"info","event":"action","runId":"7029de54-0d94-4136-bcd2-7bcd7d76cb40","type":"fetch","rationale":"Inspect an already-known source before another generic query","step":3,"t":"2026-09-17T15:14:16.855Z"}
{"level":"info","event":"action","runId":"7029de54-0d94-4136-bcd2-7bcd7d76cb40","type":"fetch","rationale":"Inspect an already-known source before another generic query","step":4,"t":"2026-09-17T15:14:16.867Z"}
{"level":"info","event":"action","runId":"7029de54-0d94-4136-bcd2-7bcd7d76cb40","type":"fetch","rationale":"Inspect an already-known source before another generic query","step":5,"t":"2026-09-17T15:14:16.878Z"}
{"level":"info","event":"action","runId":"7029de54-0d94-4136-bcd2-7bcd7d76cb40","type":"challenge","rationale":"Disconfirm material conclusion: A primary source that directly contradicts this conclusion.","step":6,"t":"2026-09-17T15:14:16.889Z"}
{"level":"info","event":"action","runId":"7029de54-0d94-4136-bcd2-7bcd7d76cb40","type":"challenge","rationale":"No counterexample found in accessed primary sources. This is not proof that the conclusion is true.","step":7,"t":"2026-09-17T15:14:16.901Z"}
{"level":"info","event":"action","runId":"7029de54-0d94-4136-bcd2-7bcd7d76cb40","type":"synthesize","rationale":"decision_critical_gaps_resolved_or_unresolvable; high-impact claims supported or qualified; contradictions handled; remaining actions low expected value","step":8,"t":"2026-09-17T15:14:16.910Z"}
{"level":"info","event":"action","runId":"592d8842-a371-4c62-aa59-12095a403eb4","type":"clarify","rationale":"A blocking field is unspecified and would change the answer","step":0,"t":"2026-09-17T15:14:17.630Z"}
{"level":"info","event":"action","runId":"220f7adb-3ceb-4375-9d7e-60b7bfcbef5d","type":"clarify","rationale":"A blocking field is unspecified and would change the answer","step":0,"t":"2026-09-17T15:14:17.827Z"}
{"level":"info","event":"action","runId":"220f7adb-3ceb-4375-9d7e-60b7bfcbef5d","type":"search","rationale":"Investigate an uncovered required question","step":0,"t":"2026-09-17T15:14:17.847Z"}
{"level":"info","event":"action","runId":"220f7adb-3ceb-4375-9d7e-60b7bfcbef5d","type":"fetch","rationale":"Inspect an already-known source before another generic query","step":1,"t":"2026-09-17T15:14:17.860Z"}
{"level":"info","event":"action","runId":"220f7adb-3ceb-4375-9d7e-60b7bfcbef5d","type":"challenge","rationale":"Disconfirm material conclusion: A primary source that directly contradicts this conclusion.","step":2,"t":"2026-09-17T15:14:17.872Z"}
{"level":"info","event":"action","runId":"220f7adb-3ceb-4375-9d7e-60b7bfcbef5d","type":"challenge","rationale":"Disconfirm material conclusion: A primary source that directly contradicts this conclusion.","step":3,"t":"2026-09-17T15:14:17.885Z"}
{"level":"info","event":"action","runId":"220f7adb-3ceb-4375-9d7e-60b7bfcbef5d","type":"challenge","rationale":"Disconfirm material conclusion: A primary source that directly contradicts this conclusion.","step":4,"t":"2026-09-17T15:14:17.897Z"}
{"level":"info","event":"action","runId":"220f7adb-3ceb-4375-9d7e-60b7bfcbef5d","type":"challenge","rationale":"Disconfirm material conclusion: A primary source that directly contradicts this conclusion.","step":5,"t":"2026-09-17T15:14:17.908Z"}
{"level":"info","event":"action","runId":"220f7adb-3ceb-4375-9d7e-60b7bfcbef5d","type":"challenge","rationale":"Disconfirm material conclusion: A primary source that directly contradicts this conclusion.","step":6,"t":"2026-09-17T15:14:17.919Z"}
{"level":"info","event":"action","runId":"220f7adb-3ceb-4375-9d7e-60b7bfcbef5d","type":"challenge","rationale":"Disconfirm material conclusion: A primary source that directly contradicts this conclusion.","step":7,"t":"2026-09-17T15:14:17.931Z"}
{"level":"info","event":"action","runId":"220f7adb-3ceb-4375-9d7e-60b7bfcbef5d","type":"challenge","rationale":"Disconfirm material conclusion: A primary source that directly contradicts this conclusion.","step":8,"t":"2026-09-17T15:14:17.944Z"}
{"level":"info","event":"action","runId":"220f7adb-3ceb-4375-9d7e-60b7bfcbef5d","type":"challenge","rationale":"No counterexample found in accessed primary sources. This is not proof that the conclusion is true.","step":9,"t":"2026-09-17T15:14:17.955Z"}
{"level":"info","event":"action","runId":"220f7adb-3ceb-4375-9d7e-60b7bfcbef5d","type":"stop","rationale":"Repeated searches returned no novel source family or coverage progress","step":10,"t":"2026-09-17T15:14:17.963Z"}
{"level":"info","event":"action","runId":"30eec363-dfb7-4599-9028-5b541d852b93","type":"clarify","rationale":"A blocking field is unspecified and would change the answer","step":0,"t":"2026-09-17T15:14:18.350Z"}
{"level":"info","event":"action","runId":"30eec363-dfb7-4599-9028-5b541d852b93","type":"search","rationale":"Investigate an uncovered required question","step":0,"t":"2026-09-17T15:14:18.371Z"}
{"level":"info","event":"action","runId":"30eec363-dfb7-4599-9028-5b541d852b93","type":"fetch","rationale":"Inspect an already-known source before another generic query","step":1,"t":"2026-09-17T15:14:18.386Z"}
{"level":"info","event":"action","runId":"30eec363-dfb7-4599-9028-5b541d852b93","type":"challenge","rationale":"Disconfirm material conclusion: A primary source that directly contradicts this conclusion.","step":2,"t":"2026-09-17T15:14:18.397Z"}
{"level":"info","event":"action","runId":"30eec363-dfb7-4599-9028-5b541d852b93","type":"challenge","rationale":"Disconfirm material conclusion: A primary source that directly contradicts this conclusion.","step":3,"t":"2026-09-17T15:14:18.409Z"}
{"level":"info","event":"action","runId":"30eec363-dfb7-4599-9028-5b541d852b93","type":"challenge","rationale":"Disconfirm material conclusion: A primary source that directly contradicts this conclusion.","step":4,"t":"2026-09-17T15:14:18.420Z"}
{"level":"info","event":"action","runId":"30eec363-dfb7-4599-9028-5b541d852b93","type":"challenge","rationale":"Disconfirm material conclusion: A primary source that directly contradicts this conclusion.","step":5,"t":"2026-09-17T15:14:18.433Z"}
{"level":"info","event":"action","runId":"30eec363-dfb7-4599-9028-5b541d852b93","type":"challenge","rationale":"Disconfirm material conclusion: A primary source that directly contradicts this conclusion.","step":6,"t":"2026-09-17T15:14:18.445Z"}
{"level":"info","event":"action","runId":"30eec363-dfb7-4599-9028-5b541d852b93","type":"challenge","rationale":"Disconfirm material conclusion: A primary source that directly contradicts this conclusion.","step":7,"t":"2026-09-17T15:14:18.457Z"}
{"level":"info","event":"action","runId":"30eec363-dfb7-4599-9028-5b541d852b93","type":"challenge","rationale":"Disconfirm material conclusion: A primary source that directly contradicts this conclusion.","step":8,"t":"2026-09-17T15:14:18.468Z"}
{"level":"info","event":"action","runId":"30eec363-dfb7-4599-9028-5b541d852b93","type":"challenge","rationale":"No counterexample found in accessed primary sources. This is not proof that the conclusion is true.","step":9,"t":"2026-09-17T15:14:18.481Z"}
{"level":"info","event":"action","runId":"30eec363-dfb7-4599-9028-5b541d852b93","type":"stop","rationale":"Repeated searches returned no novel source family or coverage progress","step":10,"t":"2026-09-17T15:14:18.490Z"}
{"level":"info","event":"action","runId":"ccd62fe3-c2b4-444b-9cff-922469ec15a2","type":"clarify","rationale":"A blocking field is unspecified and would change the answer","step":0,"t":"2026-09-17T15:14:18.880Z"}
{"level":"info","event":"action","runId":"ccd62fe3-c2b4-444b-9cff-922469ec15a2","type":"search","rationale":"Investigate an uncovered required question","step":0,"t":"2026-09-17T15:14:18.903Z"}
{"level":"info","event":"action","runId":"ccd62fe3-c2b4-444b-9cff-922469ec15a2","type":"fetch","rationale":"Inspect an already-known source before another generic query","step":1,"t":"2026-09-17T15:14:18.916Z"}
{"level":"info","event":"action","runId":"ccd62fe3-c2b4-444b-9cff-922469ec15a2","type":"challenge","rationale":"Disconfirm material conclusion: A primary source that directly contradicts this conclusion.","step":2,"t":"2026-09-17T15:14:18.928Z"}
{"level":"info","event":"action","runId":"ccd62fe3-c2b4-444b-9cff-922469ec15a2","type":"challenge","rationale":"Disconfirm material conclusion: A primary source that directly contradicts this conclusion.","step":3,"t":"2026-09-17T15:14:18.941Z"}
{"level":"info","event":"action","runId":"ccd62fe3-c2b4-444b-9cff-922469ec15a2","type":"challenge","rationale":"Disconfirm material conclusion: A primary source that directly contradicts this conclusion.","step":4,"t":"2026-09-17T15:14:18.953Z"}
{"level":"info","event":"action","runId":"ccd62fe3-c2b4-444b-9cff-922469ec15a2","type":"challenge","rationale":"Disconfirm material conclusion: A primary source that directly contradicts this conclusion.","step":5,"t":"2026-09-17T15:14:18.965Z"}
{"level":"info","event":"action","runId":"ccd62fe3-c2b4-444b-9cff-922469ec15a2","type":"challenge","rationale":"Disconfirm material conclusion: A primary source that directly contradicts this conclusion.","step":6,"t":"2026-09-17T15:14:18.975Z"}
{"level":"info","event":"action","runId":"ccd62fe3-c2b4-444b-9cff-922469ec15a2","type":"challenge","rationale":"Disconfirm material conclusion: A primary source that directly contradicts this conclusion.","step":7,"t":"2026-09-17T15:14:18.987Z"}
{"level":"info","event":"action","runId":"ccd62fe3-c2b4-444b-9cff-922469ec15a2","type":"challenge","rationale":"Disconfirm material conclusion: A primary source that directly contradicts this conclusion.","step":8,"t":"2026-09-17T15:14:19.000Z"}
{"level":"info","event":"action","runId":"ccd62fe3-c2b4-444b-9cff-922469ec15a2","type":"challenge","rationale":"No counterexample found in accessed primary sources. This is not proof that the conclusion is true.","step":9,"t":"2026-09-17T15:14:19.012Z"}
{"level":"info","event":"action","runId":"ccd62fe3-c2b4-444b-9cff-922469ec15a2","type":"stop","rationale":"Repeated searches returned no novel source family or coverage progress","step":10,"t":"2026-09-17T15:14:19.021Z"}
 ❯ test/p3-remaining.integration.test.ts (51 tests | 35 failed) 22494ms
   × remaining launch-scope IDs > M04 fixture comparison publishes a wide table, code listing, unicode-safe text, and many citations 630ms
     → expected null to be truthy
   × remaining launch-scope IDs > R06 preserves event date vs publication date 519ms
     → .toMatch() expects to receive a string, but got undefined
   ✓ remaining launch-scope IDs > R10 declines an unrelated celebrity branch from page content  537ms
   × remaining launch-scope IDs > R12 explains different percentage denominators instead of averaging 482ms
     → .toMatch() expects to receive a string, but got undefined
   × remaining launch-scope IDs > R15 states unknown without a fake probability 466ms
     → .toMatch() expects to receive a string, but got number
   × remaining launch-scope IDs > R16 comparison names the requested entities and constraints 511ms
     → .toMatch() expects to receive a string, but got undefined
   × remaining launch-scope IDs > E05 new source version does not rewrite the original report citation 529ms
     → Cannot read properties of undefined (reading '0')
   ✓ remaining launch-scope IDs > V2-13 private canary is stored as evidence, omitted from public queries, and denied to another account  555ms
   × remaining launch-scope IDs > JOB-1 eligibility-aware comparison under platform and export constraints 471ms
     → .toMatch() expects to receive a string, but got undefined
   × remaining launch-scope IDs > JOB-1 adding Linux as a hard requirement excludes NoteKeep and keeps NoteAll 491ms
     → .toMatch() expects to receive a string, but got undefined
   × remaining launch-scope IDs > JOB-1 removing Linux as a requirement makes NoteKeep eligible again 483ms
     → Cannot read properties of null (reading 'blocks')
   × remaining launch-scope IDs > JOB-2 attached document text is stored as supplied evidence and not used as a public query 507ms
     → .toMatch() expects to receive a string, but got undefined
   × remaining launch-scope IDs > E06 PDF attachment is disclosed as text-only / unread pages 491ms
     → .toMatch() expects to receive a string, but got undefined
   × remaining launch-scope IDs > E08 quoted report text is taken from the stored passage 504ms
     → Cannot read properties of undefined (reading 'find')
   × remaining launch-scope IDs > E09 export citation anchors resolve to owned passages 489ms
     → expected undefined to be 'markdown' // Object.is equality
   × remaining launch-scope IDs > J02 a second processRun after completion does not duplicate the report or settlement 539ms
     → expected +0 to be 1 // Object.is equality
   ✓ remaining launch-scope IDs > J04 timeout after issue is outcome-unknown, not assumed free 151ms
   × remaining launch-scope IDs > J06 cancel after completion keeps the published report 506ms
     → expected [ 'completed', …(1) ] to include 'failed'
   ✓ remaining launch-scope IDs > J08 event cursor returns only later sequences  501ms
   × remaining launch-scope IDs > J13 live spend kill switch blocks new paid routes but keeps saved reports 524ms
     → expected null to be truthy
   ✓ remaining launch-scope IDs > S03 oversized attachments are rejected 164ms
   × remaining launch-scope IDs > S07 cross-account reports are denied 500ms
     → Cannot read properties of null (reading 'id')
   ✓ remaining launch-scope IDs > S10 redacts tokens and question fields from logs 148ms
   ✓ remaining launch-scope IDs > S06 / V2-20 does not silently fall back to an unauthorized live processor 172ms
   × remaining launch-scope IDs > V2-10 a later unavailable fetch does not retract last-access evidence 486ms
     → .toMatch() expects to receive a string, but got undefined
   × remaining launch-scope IDs > V2-11 concise view uses the same answer citations as the body 488ms
     → Cannot read properties of undefined (reading 'find')
   × remaining launch-scope IDs > V2-19 scanned tables stay unread rather than guessed 436ms
     → .toMatch() expects to receive a string, but got undefined
   × remaining launch-scope IDs > R17 concise request still keeps limitations 470ms
     → Cannot read properties of undefined (reading 'find')
   ✓ remaining launch-scope IDs > R18 compacted checkpoint still lists stored passage ids  501ms
   × remaining launch-scope IDs > R19 follow-up verifies one claim and keeps the parent report 814ms
     → expected null to be truthy
   × remaining launch-scope IDs > R20 dates a retrieved price and keeps a founding year as history 456ms
     → .toMatch() expects to receive a string, but got undefined
   × remaining launch-scope IDs > R21 labels a German original as a translation 434ms
     → .toMatch() expects to receive a string, but got undefined
   × remaining launch-scope IDs > E03 preserves the adults-over-65 qualifier 474ms
     → .toMatch() expects to receive a string, but got undefined
   × remaining launch-scope IDs > E04 report uses the table's 24% rather than 42% 436ms
     → .toMatch() expects to receive a string, but got undefined
   × remaining launch-scope IDs > E10 withdraws the conclusion when the asserted 42% is unsupported by the 24% table 462ms
     → expected null to be truthy
   × remaining launch-scope IDs > J07 expired lease is reclaimed; a live lease is not stolen 313ms
     → expected 2 to be null
   × remaining launch-scope IDs > J10 a tight budget still publishes a written report 409ms
     → expected null to be truthy
   × remaining launch-scope IDs > J11 reports that app counters are not provider-internal guarantees 498ms
     → .toMatch() expects to receive a string, but got undefined
   ✓ remaining launch-scope IDs > J12 confirmed usage does not rewrite the historical estimate 185ms
   × remaining launch-scope IDs > J14 duplicate completion epochs share one outbox row and omit query text 498ms
     → expected +0 to be 1 // Object.is equality
   ✓ remaining launch-scope IDs > S08 unsigned purchase payloads cannot grant entitlement 166ms
   ✓ remaining launch-scope IDs > V2-09 deleted attachment text is not left in reports  517ms
   ✓ remaining launch-scope IDs > V2-09 late worker cannot republish deleted private text even if it claims deleted=false  331ms
   ✓ remaining launch-scope IDs > expired session cannot read library or reports  490ms
   × remaining launch-scope IDs > library lists report_id for a completed run so share can resolve 494ms
     → expected null to be truthy
   ✓ remaining launch-scope IDs > V2-14 outcome-unknown live spend is not treated as zero against the cap 144ms
   ✓ remaining launch-scope IDs > M09 web deletion page is reachable without the app and deletes with a session token 174ms
   ✓ remaining launch-scope IDs > R02 continue without geography is rejected and does not invent Germany 213ms
   × remaining launch-scope IDs > clarification continue records geography and resumes 530ms
     → expected null to be truthy
   × remaining launch-scope IDs > R02 continue with France records France and does not invent Germany 523ms
     → .toMatch() expects to receive a string, but got undefined
   × remaining launch-scope IDs > R02 after France continue discovery uses France evidence not the Germany default note 531ms
     → .toMatch() expects to receive a string, but got undefined
{"level":"info","event":"action","runId":"ad338f18-75b3-4c8d-a131-c57828685028","type":"clarify","rationale":"A blocking field is unspecified and would change the answer","step":0,"t":"2026-09-17T15:14:20.096Z"}
{"level":"info","event":"action","runId":"e836a16f-e26c-4b51-b266-04f1e7b0c952","type":"search","rationale":"Investigate an uncovered required question","step":0,"t":"2026-09-17T15:14:20.300Z"}
{"level":"info","event":"action","runId":"e836a16f-e26c-4b51-b266-04f1e7b0c952","type":"fetch","rationale":"Inspect an already-known source before another generic query","step":1,"t":"2026-09-17T15:14:20.339Z"}
{"level":"info","event":"action","runId":"e836a16f-e26c-4b51-b266-04f1e7b0c952","type":"fetch","rationale":"Inspect an already-known source before another generic query","step":2,"t":"2026-09-17T15:14:20.357Z"}
{"level":"info","event":"action","runId":"e836a16f-e26c-4b51-b266-04f1e7b0c952","type":"fetch","rationale":"Inspect an already-known source before another generic query","step":3,"t":"2026-09-17T15:14:20.374Z"}
{"level":"info","event":"action","runId":"e836a16f-e26c-4b51-b266-04f1e7b0c952","type":"challenge","rationale":"Disconfirm material conclusion: A hard-constraint violation for a candidate currently marked eligible.","step":4,"t":"2026-09-17T15:14:20.395Z"}
{"level":"info","event":"action","runId":"e836a16f-e26c-4b51-b266-04f1e7b0c952","type":"challenge","rationale":"No counterexample found in accessed primary sources. This is not proof that the conclusion is true.","step":5,"t":"2026-09-17T15:14:20.414Z"}
{"level":"info","event":"action","runId":"e836a16f-e26c-4b51-b266-04f1e7b0c952","type":"synthesize","rationale":"decision_critical_gaps_resolved_or_unresolvable; high-impact claims supported or qualified; contradictions handled; remaining actions low expected value","step":6,"t":"2026-09-17T15:14:20.427Z"}
{"level":"info","event":"action","runId":"05301dd9-7bcb-489e-bb6c-0416535aee47","type":"search","rationale":"Investigate an uncovered required question","step":0,"t":"2026-09-17T15:14:20.859Z"}
{"level":"info","event":"action","runId":"05301dd9-7bcb-489e-bb6c-0416535aee47","type":"fetch","rationale":"Inspect an already-known source before another generic query","step":1,"t":"2026-09-17T15:14:20.882Z"}
{"level":"info","event":"action","runId":"05301dd9-7bcb-489e-bb6c-0416535aee47","type":"challenge","rationale":"Disconfirm material conclusion: A primary source that directly contradicts this conclusion.","step":2,"t":"2026-09-17T15:14:20.899Z"}
{"level":"info","event":"action","runId":"05301dd9-7bcb-489e-bb6c-0416535aee47","type":"challenge","rationale":"No counterexample found in accessed primary sources. This is not proof that the conclusion is true.","step":3,"t":"2026-09-17T15:14:20.914Z"}
{"level":"info","event":"action","runId":"05301dd9-7bcb-489e-bb6c-0416535aee47","type":"synthesize","rationale":"inaccessible_or_unresolved_gap:primary source is inaccessible","step":4,"t":"2026-09-17T15:14:20.926Z"}
{"level":"info","event":"action","runId":"1b56ef7d-f3be-421d-a3f3-d859f842fb55","type":"search","rationale":"Investigate an uncovered required question","step":0,"t":"2026-09-17T15:14:21.342Z"}
{"level":"info","event":"action","runId":"1b56ef7d-f3be-421d-a3f3-d859f842fb55","type":"fetch","rationale":"Inspect the preferred source type (vendor-docs) before more weak sources","step":1,"t":"2026-09-17T15:14:21.358Z"}
{"level":"info","event":"action","runId":"1b56ef7d-f3be-421d-a3f3-d859f842fb55","type":"fetch","rationale":"Inspect the preferred source type (vendor-docs) before more weak sources","step":2,"t":"2026-09-17T15:14:21.376Z"}
{"level":"info","event":"action","runId":"1b56ef7d-f3be-421d-a3f3-d859f842fb55","type":"verify","rationale":"Scope-check contradiction on value before treating newest as correct","step":3,"t":"2026-09-17T15:14:21.391Z"}
{"level":"info","event":"action","runId":"1b56ef7d-f3be-421d-a3f3-d859f842fb55","type":"challenge","rationale":"Disconfirm material conclusion: A primary source that directly contradicts this conclusion.","step":4,"t":"2026-09-17T15:14:21.402Z"}
{"level":"info","event":"action","runId":"1b56ef7d-f3be-421d-a3f3-d859f842fb55","type":"challenge","rationale":"No counterexample found in accessed primary sources. This is not proof that the conclusion is true.","step":5,"t":"2026-09-17T15:14:21.417Z"}
{"level":"info","event":"action","runId":"1b56ef7d-f3be-421d-a3f3-d859f842fb55","type":"synthesize","rationale":"decision_critical_gaps_resolved_or_unresolvable; high-impact claims supported or qualified; contradictions handled; remaining actions low expected value","step":6,"t":"2026-09-17T15:14:21.427Z"}
{"level":"info","event":"action","runId":"9b1ac913-e706-4b10-b886-adfa08ebca82","type":"search","rationale":"Investigate an uncovered required question","step":0,"t":"2026-09-17T15:14:21.841Z"}
{"level":"info","event":"action","runId":"9b1ac913-e706-4b10-b886-adfa08ebca82","type":"fetch","rationale":"Inspect an already-known source before another generic query","step":1,"t":"2026-09-17T15:14:21.866Z"}
{"level":"info","event":"action","runId":"9b1ac913-e706-4b10-b886-adfa08ebca82","type":"synthesize","rationale":"budget requires finishing with available evidence","step":2,"t":"2026-09-17T15:14:21.882Z"}
{"level":"info","event":"action","runId":"df5da172-5cba-493d-bbe0-53a6a81082ff","type":"search","rationale":"Investigate an uncovered required question","step":0,"t":"2026-09-17T15:14:22.299Z"}
{"level":"info","event":"action","runId":"df5da172-5cba-493d-bbe0-53a6a81082ff","type":"fetch","rationale":"Inspect an already-known source before another generic query","step":1,"t":"2026-09-17T15:14:22.323Z"}
{"level":"info","event":"action","runId":"df5da172-5cba-493d-bbe0-53a6a81082ff","type":"fetch","rationale":"Inspect an already-known source before another generic query","step":2,"t":"2026-09-17T15:14:22.337Z"}
{"level":"info","event":"action","runId":"df5da172-5cba-493d-bbe0-53a6a81082ff","type":"fetch","rationale":"Inspect an already-known source before another generic query","step":3,"t":"2026-09-17T15:14:22.351Z"}
{"level":"info","event":"action","runId":"df5da172-5cba-493d-bbe0-53a6a81082ff","type":"challenge","rationale":"Disconfirm material conclusion: A hard-constraint violation for a candidate currently marked eligible.","step":4,"t":"2026-09-17T15:14:22.368Z"}
{"level":"info","event":"action","runId":"df5da172-5cba-493d-bbe0-53a6a81082ff","type":"challenge","rationale":"No counterexample found in accessed primary sources. This is not proof that the conclusion is true.","step":5,"t":"2026-09-17T15:14:22.381Z"}
{"level":"info","event":"action","runId":"df5da172-5cba-493d-bbe0-53a6a81082ff","type":"synthesize","rationale":"decision_critical_gaps_resolved_or_unresolvable; high-impact claims supported or qualified; contradictions handled; remaining actions low expected value","step":6,"t":"2026-09-17T15:14:22.393Z"}
{"level":"info","event":"action","runId":"63e4b14e-1a73-4d1e-b683-58fd4fa83ff0","type":"search","rationale":"Investigate an uncovered required question","step":0,"t":"2026-09-17T15:14:22.791Z"}
{"level":"info","event":"action","runId":"63e4b14e-1a73-4d1e-b683-58fd4fa83ff0","type":"search","rationale":"Decision-blocking gap: authoritative compatibility limitation. Switching source type to vendor-matrix.","step":1,"t":"2026-09-17T15:14:22.811Z"}
{"level":"info","event":"action","runId":"63e4b14e-1a73-4d1e-b683-58fd4fa83ff0","type":"fetch","rationale":"Inspect the preferred source type (vendor-matrix) before more weak sources","step":2,"t":"2026-09-17T15:14:22.827Z"}
{"level":"info","event":"action","runId":"63e4b14e-1a73-4d1e-b683-58fd4fa83ff0","type":"fetch","rationale":"Inspect an already-known source before another generic query","step":3,"t":"2026-09-17T15:14:22.840Z"}
{"level":"info","event":"action","runId":"63e4b14e-1a73-4d1e-b683-58fd4fa83ff0","type":"fetch","rationale":"Inspect an already-known source before another generic query","step":4,"t":"2026-09-17T15:14:22.854Z"}
{"level":"info","event":"action","runId":"63e4b14e-1a73-4d1e-b683-58fd4fa83ff0","type":"fetch","rationale":"Inspect an already-known source before another generic query","step":5,"t":"2026-09-17T15:14:22.868Z"}
{"level":"info","event":"action","runId":"63e4b14e-1a73-4d1e-b683-58fd4fa83ff0","type":"verify","rationale":"Scope-check contradiction on compatibility before treating newest as correct","step":6,"t":"2026-09-17T15:14:22.881Z"}
{"level":"info","event":"action","runId":"63e4b14e-1a73-4d1e-b683-58fd4fa83ff0","type":"challenge","rationale":"Disconfirm material conclusion: Official compatibility documentation that lists the named version as supported.","step":7,"t":"2026-09-17T15:14:22.891Z"}
{"level":"info","event":"action","runId":"63e4b14e-1a73-4d1e-b683-58fd4fa83ff0","type":"challenge","rationale":"No counterexample found in accessed primary sources. This is not proof that the conclusion is true.","step":8,"t":"2026-09-17T15:14:22.904Z"}
{"level":"info","event":"action","runId":"63e4b14e-1a73-4d1e-b683-58fd4fa83ff0","type":"synthesize","rationale":"decision_critical_gaps_resolved_or_unresolvable; high-impact claims supported or qualified; contradictions handled; remaining actions low expected value","step":9,"t":"2026-09-17T15:14:22.915Z"}
{"level":"info","event":"action","runId":"74333bc4-a2d7-4fec-805f-77cb9a6e3560","type":"search","rationale":"Investigate an uncovered required question","step":0,"t":"2026-09-17T15:14:23.309Z"}
{"level":"info","event":"action","runId":"74333bc4-a2d7-4fec-805f-77cb9a6e3560","type":"search","rationale":"Decision-blocking gap: authoritative compatibility limitation. Switching source type to vendor-matrix.","step":1,"t":"2026-09-17T15:14:23.327Z"}
{"level":"info","event":"action","runId":"74333bc4-a2d7-4fec-805f-77cb9a6e3560","type":"fetch","rationale":"Inspect the preferred source type (vendor-matrix) before more weak sources","step":2,"t":"2026-09-17T15:14:23.342Z"}
{"level":"info","event":"action","runId":"74333bc4-a2d7-4fec-805f-77cb9a6e3560","type":"fetch","rationale":"Inspect an already-known source before another generic query","step":3,"t":"2026-09-17T15:14:23.354Z"}
{"level":"info","event":"action","runId":"74333bc4-a2d7-4fec-805f-77cb9a6e3560","type":"fetch","rationale":"Inspect an already-known source before another generic query","step":4,"t":"2026-09-17T15:14:23.366Z"}
{"level":"info","event":"action","runId":"74333bc4-a2d7-4fec-805f-77cb9a6e3560","type":"fetch","rationale":"Inspect an already-known source before another generic query","step":5,"t":"2026-09-17T15:14:23.378Z"}
{"level":"info","event":"action","runId":"74333bc4-a2d7-4fec-805f-77cb9a6e3560","type":"verify","rationale":"Scope-check contradiction on compatibility before treating newest as correct","step":6,"t":"2026-09-17T15:14:23.389Z"}
{"level":"info","event":"action","runId":"74333bc4-a2d7-4fec-805f-77cb9a6e3560","type":"challenge","rationale":"Disconfirm material conclusion: Official compatibility documentation that lists the named version as supported.","step":7,"t":"2026-09-17T15:14:23.400Z"}
{"level":"info","event":"action","runId":"74333bc4-a2d7-4fec-805f-77cb9a6e3560","type":"challenge","rationale":"No counterexample found in accessed primary sources. This is not proof that the conclusion is true.","step":8,"t":"2026-09-17T15:14:23.413Z"}
{"level":"info","event":"action","runId":"74333bc4-a2d7-4fec-805f-77cb9a6e3560","type":"synthesize","rationale":"decision_critical_gaps_resolved_or_unresolvable; high-impact claims supported or qualified; contradictions handled; remaining actions low expected value","step":9,"t":"2026-09-17T15:14:23.426Z"}
{"level":"info","event":"action","runId":"96e4c1b6-0ccb-4050-86b2-1a2e8c4d563a","type":"search","rationale":"Investigate an uncovered required question","step":0,"t":"2026-09-17T15:14:23.832Z"}
{"level":"info","event":"action","runId":"96e4c1b6-0ccb-4050-86b2-1a2e8c4d563a","type":"fetch","rationale":"Inspect an already-known source before another generic query","step":1,"t":"2026-09-17T15:14:23.855Z"}
{"level":"info","event":"action","runId":"96e4c1b6-0ccb-4050-86b2-1a2e8c4d563a","type":"fetch","rationale":"Inspect an already-known source before another generic query","step":2,"t":"2026-09-17T15:14:23.867Z"}
{"level":"info","event":"action","runId":"96e4c1b6-0ccb-4050-86b2-1a2e8c4d563a","type":"fetch","rationale":"Inspect an already-known source before another generic query","step":3,"t":"2026-09-17T15:14:23.880Z"}
{"level":"info","event":"action","runId":"96e4c1b6-0ccb-4050-86b2-1a2e8c4d563a","type":"challenge","rationale":"Disconfirm material conclusion: A hard-constraint violation for a candidate currently marked eligible.","step":4,"t":"2026-09-17T15:14:23.897Z"}
{"level":"info","event":"action","runId":"96e4c1b6-0ccb-4050-86b2-1a2e8c4d563a","type":"challenge","rationale":"No counterexample found in accessed primary sources. This is not proof that the conclusion is true.","step":5,"t":"2026-09-17T15:14:23.909Z"}
{"level":"info","event":"action","runId":"96e4c1b6-0ccb-4050-86b2-1a2e8c4d563a","type":"synthesize","rationale":"decision_critical_gaps_resolved_or_unresolvable; high-impact claims supported or qualified; contradictions handled; remaining actions low expected value","step":6,"t":"2026-09-17T15:14:23.920Z"}
{"level":"info","event":"action","runId":"4bd12e30-c2af-4f45-a65d-034e4b85d32c","type":"search","rationale":"Investigate an uncovered required question","step":0,"t":"2026-09-17T15:14:24.162Z"}
{"level":"info","event":"action","runId":"4bd12e30-c2af-4f45-a65d-034e4b85d32c","type":"fetch","rationale":"Inspect an already-known source before another generic query","step":1,"t":"2026-09-17T15:14:24.178Z"}
{"level":"info","event":"action","runId":"4bd12e30-c2af-4f45-a65d-034e4b85d32c","type":"fetch","rationale":"Inspect an already-known source before another generic query","step":2,"t":"2026-09-17T15:14:24.192Z"}
{"level":"info","event":"action","runId":"4bd12e30-c2af-4f45-a65d-034e4b85d32c","type":"fetch","rationale":"Inspect an already-known source before another generic query","step":3,"t":"2026-09-17T15:14:24.206Z"}
{"level":"info","event":"action","runId":"4bd12e30-c2af-4f45-a65d-034e4b85d32c","type":"challenge","rationale":"Disconfirm material conclusion: A hard-constraint violation for a candidate currently marked eligible.","step":4,"t":"2026-09-17T15:14:24.218Z"}
{"level":"info","event":"action","runId":"4bd12e30-c2af-4f45-a65d-034e4b85d32c","type":"challenge","rationale":"No counterexample found in accessed primary sources. This is not proof that the conclusion is true.","step":5,"t":"2026-09-17T15:14:24.231Z"}
{"level":"info","event":"action","runId":"4bd12e30-c2af-4f45-a65d-034e4b85d32c","type":"synthesize","rationale":"decision_critical_gaps_resolved_or_unresolvable; high-impact claims supported or qualified; contradictions handled; remaining actions low expected value","step":6,"t":"2026-09-17T15:14:24.242Z"}
{"level":"info","event":"action","runId":"eee38cfa-1ace-43c7-b6c0-dfe80f0ed0f9","type":"search","rationale":"Investigate an uncovered required question","step":0,"t":"2026-09-17T15:14:24.634Z"}
{"level":"info","event":"action","runId":"eee38cfa-1ace-43c7-b6c0-dfe80f0ed0f9","type":"fetch","rationale":"Inspect an already-known source before another generic query","step":1,"t":"2026-09-17T15:14:24.649Z"}
{"level":"info","event":"action","runId":"eee38cfa-1ace-43c7-b6c0-dfe80f0ed0f9","type":"challenge","rationale":"Disconfirm material conclusion: A primary source that directly contradicts this conclusion.","step":2,"t":"2026-09-17T15:14:24.662Z"}
{"level":"info","event":"action","runId":"eee38cfa-1ace-43c7-b6c0-dfe80f0ed0f9","type":"challenge","rationale":"No counterexample found in accessed primary sources. This is not proof that the conclusion is true.","step":3,"t":"2026-09-17T15:14:24.674Z"}
{"level":"info","event":"action","runId":"eee38cfa-1ace-43c7-b6c0-dfe80f0ed0f9","type":"synthesize","rationale":"decision_critical_gaps_resolved_or_unresolvable; high-impact claims supported or qualified; contradictions handled; remaining actions low expected value","step":4,"t":"2026-09-17T15:14:24.683Z"}
{"level":"info","event":"action","runId":"c5d72be3-73e5-4e32-8c84-3c5eabf3bee0","type":"search","rationale":"Investigate an uncovered required question","step":0,"t":"2026-09-17T15:14:24.896Z"}
{"level":"info","event":"action","runId":"c5d72be3-73e5-4e32-8c84-3c5eabf3bee0","type":"fetch","rationale":"Inspect an already-known source before another generic query","step":1,"t":"2026-09-17T15:14:24.909Z"}
{"level":"info","event":"action","runId":"c5d72be3-73e5-4e32-8c84-3c5eabf3bee0","type":"challenge","rationale":"Disconfirm material conclusion: A primary source that directly contradicts this conclusion.","step":2,"t":"2026-09-17T15:14:24.921Z"}
{"level":"info","event":"action","runId":"c5d72be3-73e5-4e32-8c84-3c5eabf3bee0","type":"challenge","rationale":"No counterexample found in accessed primary sources. This is not proof that the conclusion is true.","step":3,"t":"2026-09-17T15:14:24.933Z"}
{"level":"info","event":"action","runId":"c5d72be3-73e5-4e32-8c84-3c5eabf3bee0","type":"synthesize","rationale":"decision_critical_gaps_resolved_or_unresolvable; high-impact claims supported or qualified; contradictions handled; remaining actions low expected value","step":4,"t":"2026-09-17T15:14:24.943Z"}
{"level":"info","event":"action","runId":"dce3b12a-f49a-47d7-ba09-ae7b76e7bb87","type":"search","rationale":"Investigate an uncovered required question","step":0,"t":"2026-09-17T15:14:25.322Z"}
{"level":"info","event":"action","runId":"dce3b12a-f49a-47d7-ba09-ae7b76e7bb87","type":"fetch","rationale":"Inspect an already-known source before another generic query","step":1,"t":"2026-09-17T15:14:25.342Z"}
{"level":"info","event":"action","runId":"dce3b12a-f49a-47d7-ba09-ae7b76e7bb87","type":"fetch","rationale":"Inspect an already-known source before another generic query","step":2,"t":"2026-09-17T15:14:25.354Z"}
{"level":"info","event":"action","runId":"dce3b12a-f49a-47d7-ba09-ae7b76e7bb87","type":"fetch","rationale":"Inspect an already-known source before another generic query","step":3,"t":"2026-09-17T15:14:25.365Z"}
{"level":"info","event":"action","runId":"dce3b12a-f49a-47d7-ba09-ae7b76e7bb87","type":"challenge","rationale":"Disconfirm material conclusion: A hard-constraint violation for a candidate currently marked eligible.","step":4,"t":"2026-09-17T15:14:25.382Z"}
{"level":"info","event":"action","runId":"dce3b12a-f49a-47d7-ba09-ae7b76e7bb87","type":"challenge","rationale":"No counterexample found in accessed primary sources. This is not proof that the conclusion is true.","step":5,"t":"2026-09-17T15:14:25.393Z"}
{"level":"info","event":"action","runId":"dce3b12a-f49a-47d7-ba09-ae7b76e7bb87","type":"synthesize","rationale":"decision_critical_gaps_resolved_or_unresolvable; high-impact claims supported or qualified; contradictions handled; remaining actions low expected value","step":6,"t":"2026-09-17T15:14:25.402Z"}
{"level":"info","event":"action","runId":"f4bd887e-5364-4b92-9205-7663a5baf7d2","type":"search","rationale":"Investigate an uncovered required question","step":0,"t":"2026-09-17T15:14:25.632Z"}
{"level":"info","event":"action","runId":"f4bd887e-5364-4b92-9205-7663a5baf7d2","type":"fetch","rationale":"Inspect an already-known source before another generic query","step":1,"t":"2026-09-17T15:14:25.652Z"}
{"level":"info","event":"action","runId":"f4bd887e-5364-4b92-9205-7663a5baf7d2","type":"fetch","rationale":"Inspect an already-known source before another generic query","step":2,"t":"2026-09-17T15:14:25.665Z"}
{"level":"info","event":"action","runId":"f4bd887e-5364-4b92-9205-7663a5baf7d2","type":"fetch","rationale":"Inspect an already-known source before another generic query","step":3,"t":"2026-09-17T15:14:25.677Z"}
{"level":"info","event":"action","runId":"f4bd887e-5364-4b92-9205-7663a5baf7d2","type":"challenge","rationale":"Disconfirm material conclusion: A hard-constraint violation for a candidate currently marked eligible.","step":4,"t":"2026-09-17T15:14:25.693Z"}
{"level":"info","event":"action","runId":"f4bd887e-5364-4b92-9205-7663a5baf7d2","type":"challenge","rationale":"Disconfirm material conclusion: A hard-constraint violation for a candidate currently marked eligible.","step":5,"t":"2026-09-17T15:14:25.705Z"}
{"level":"info","event":"action","runId":"f4bd887e-5364-4b92-9205-7663a5baf7d2","type":"challenge","rationale":"Disconfirm material conclusion: A hard-constraint violation for a candidate currently marked eligible.","step":6,"t":"2026-09-17T15:14:25.728Z"}
{"level":"info","event":"action","runId":"f4bd887e-5364-4b92-9205-7663a5baf7d2","type":"challenge","rationale":"Disconfirm material conclusion: A hard-constraint violation for a candidate currently marked eligible.","step":7,"t":"2026-09-17T15:14:25.742Z"}
{"level":"info","event":"action","runId":"f4bd887e-5364-4b92-9205-7663a5baf7d2","type":"challenge","rationale":"Disconfirm material conclusion: A hard-constraint violation for a candidate currently marked eligible.","step":8,"t":"2026-09-17T15:14:25.756Z"}
{"level":"info","event":"action","runId":"f4bd887e-5364-4b92-9205-7663a5baf7d2","type":"challenge","rationale":"Disconfirm material conclusion: A hard-constraint violation for a candidate currently marked eligible.","step":9,"t":"2026-09-17T15:14:25.768Z"}
{"level":"info","event":"action","runId":"f4bd887e-5364-4b92-9205-7663a5baf7d2","type":"challenge","rationale":"Disconfirm material conclusion: A hard-constraint violation for a candidate currently marked eligible.","step":10,"t":"2026-09-17T15:14:25.779Z"}
{"level":"info","event":"action","runId":"f4bd887e-5364-4b92-9205-7663a5baf7d2","type":"challenge","rationale":"No counterexample found in accessed primary sources. This is not proof that the conclusion is true.","step":11,"t":"2026-09-17T15:14:25.792Z"}
{"level":"info","event":"action","runId":"f4bd887e-5364-4b92-9205-7663a5baf7d2","type":"stop","rationale":"Repeated searches returned no novel source family or coverage progress","step":12,"t":"2026-09-17T15:14:25.802Z"}
{"level":"info","event":"action","runId":"46e97483-2d07-4274-8bd4-97fd109cdc89","type":"search","rationale":"Investigate an uncovered required question","step":0,"t":"2026-09-17T15:14:26.199Z"}
{"level":"info","event":"action","runId":"46e97483-2d07-4274-8bd4-97fd109cdc89","type":"fetch","rationale":"Inspect an already-known source before another generic query","step":1,"t":"2026-09-17T15:14:26.220Z"}
{"level":"info","event":"action","runId":"46e97483-2d07-4274-8bd4-97fd109cdc89","type":"fetch","rationale":"Inspect an already-known source before another generic query","step":2,"t":"2026-09-17T15:14:26.232Z"}
{"level":"info","event":"action","runId":"46e97483-2d07-4274-8bd4-97fd109cdc89","type":"fetch","rationale":"Inspect an already-known source before another generic query","step":3,"t":"2026-09-17T15:14:26.246Z"}
{"level":"info","event":"action","runId":"46e97483-2d07-4274-8bd4-97fd109cdc89","type":"challenge","rationale":"Disconfirm material conclusion: A hard-constraint violation for a candidate currently marked eligible.","step":4,"t":"2026-09-17T15:14:26.261Z"}
{"level":"info","event":"action","runId":"46e97483-2d07-4274-8bd4-97fd109cdc89","type":"challenge","rationale":"No counterexample found in accessed primary sources. This is not proof that the conclusion is true.","step":5,"t":"2026-09-17T15:14:26.276Z"}
{"level":"info","event":"action","runId":"46e97483-2d07-4274-8bd4-97fd109cdc89","type":"synthesize","rationale":"decision_critical_gaps_resolved_or_unresolvable; high-impact claims supported or qualified; contradictions handled; remaining actions low expected value","step":6,"t":"2026-09-17T15:14:26.285Z"}
{"level":"info","event":"action","runId":"84493940-b5f0-4183-8d89-85eea8c9c238","type":"search","rationale":"Investigate an uncovered required question","step":0,"t":"2026-09-17T15:14:26.517Z"}
{"level":"info","event":"action","runId":"84493940-b5f0-4183-8d89-85eea8c9c238","type":"fetch","rationale":"Inspect an already-known source before another generic query","step":1,"t":"2026-09-17T15:14:26.532Z"}
{"level":"info","event":"action","runId":"84493940-b5f0-4183-8d89-85eea8c9c238","type":"fetch","rationale":"Inspect an already-known source before another generic query","step":2,"t":"2026-09-17T15:14:26.544Z"}
{"level":"info","event":"action","runId":"84493940-b5f0-4183-8d89-85eea8c9c238","type":"fetch","rationale":"Inspect an already-known source before another generic query","step":3,"t":"2026-09-17T15:14:26.555Z"}
{"level":"info","event":"action","runId":"84493940-b5f0-4183-8d89-85eea8c9c238","type":"challenge","rationale":"Disconfirm material conclusion: A hard-constraint violation for a candidate currently marked eligible.","step":4,"t":"2026-09-17T15:14:26.570Z"}
{"level":"info","event":"action","runId":"84493940-b5f0-4183-8d89-85eea8c9c238","type":"challenge","rationale":"No counterexample found in accessed primary sources. This is not proof that the conclusion is true.","step":5,"t":"2026-09-17T15:14:26.582Z"}
{"level":"info","event":"action","runId":"84493940-b5f0-4183-8d89-85eea8c9c238","type":"synthesize","rationale":"decision_critical_gaps_resolved_or_unresolvable; high-impact claims supported or qualified; contradictions handled; remaining actions low expected value","step":6,"t":"2026-09-17T15:14:26.592Z"}
{"level":"info","event":"action","runId":"2f958863-7108-49a0-9379-2e509536200c","type":"search","rationale":"Investigate an uncovered required question","step":0,"t":"2026-09-17T15:14:26.827Z"}
{"level":"info","event":"action","runId":"2f958863-7108-49a0-9379-2e509536200c","type":"fetch","rationale":"Inspect an already-known source before another generic query","step":1,"t":"2026-09-17T15:14:26.844Z"}
{"level":"info","event":"action","runId":"2f958863-7108-49a0-9379-2e509536200c","type":"fetch","rationale":"Inspect an already-known source before another generic query","step":2,"t":"2026-09-17T15:14:26.857Z"}
{"level":"info","event":"action","runId":"2f958863-7108-49a0-9379-2e509536200c","type":"fetch","rationale":"Inspect an already-known source before another generic query","step":3,"t":"2026-09-17T15:14:26.869Z"}
{"level":"info","event":"action","runId":"2f958863-7108-49a0-9379-2e509536200c","type":"challenge","rationale":"Disconfirm material conclusion: A hard-constraint violation for a candidate currently marked eligible.","step":4,"t":"2026-09-17T15:14:26.886Z"}
{"level":"info","event":"action","runId":"2f958863-7108-49a0-9379-2e509536200c","type":"challenge","rationale":"No counterexample found in accessed primary sources. This is not proof that the conclusion is true.","step":5,"t":"2026-09-17T15:14:26.898Z"}
{"level":"info","event":"action","runId":"2f958863-7108-49a0-9379-2e509536200c","type":"synthesize","rationale":"decision_critical_gaps_resolved_or_unresolvable; high-impact claims supported or qualified; contradictions handled; remaining actions low expected value","step":6,"t":"2026-09-17T15:14:26.909Z"}
{"level":"info","event":"action","runId":"689500a8-7595-4255-a6df-dac60e1544eb","type":"search","rationale":"Investigate an uncovered required question","step":0,"t":"2026-09-17T15:14:27.157Z"}
{"level":"info","event":"action","runId":"689500a8-7595-4255-a6df-dac60e1544eb","type":"fetch","rationale":"Inspect an already-known source before another generic query","step":1,"t":"2026-09-17T15:14:27.175Z"}
{"level":"info","event":"action","runId":"689500a8-7595-4255-a6df-dac60e1544eb","type":"fetch","rationale":"Inspect an already-known source before another generic query","step":2,"t":"2026-09-17T15:14:27.187Z"}
{"level":"info","event":"action","runId":"689500a8-7595-4255-a6df-dac60e1544eb","type":"fetch","rationale":"Inspect an already-known source before another generic query","step":3,"t":"2026-09-17T15:14:27.198Z"}
{"level":"info","event":"action","runId":"689500a8-7595-4255-a6df-dac60e1544eb","type":"challenge","rationale":"Disconfirm material conclusion: A hard-constraint violation for a candidate currently marked eligible.","step":4,"t":"2026-09-17T15:14:27.209Z"}
{"level":"info","event":"action","runId":"689500a8-7595-4255-a6df-dac60e1544eb","type":"challenge","rationale":"No counterexample found in accessed primary sources. This is not proof that the conclusion is true.","step":5,"t":"2026-09-17T15:14:27.222Z"}
{"level":"info","event":"action","runId":"689500a8-7595-4255-a6df-dac60e1544eb","type":"synthesize","rationale":"decision_critical_gaps_resolved_or_unresolvable; high-impact claims supported or qualified; contradictions handled; remaining actions low expected value","step":6,"t":"2026-09-17T15:14:27.233Z"}
{"level":"info","event":"action","runId":"cac889aa-bdd2-4bcf-b217-cbe00ea35e68","type":"search","rationale":"Investigate an uncovered required question","step":0,"t":"2026-09-17T15:14:27.629Z"}
{"level":"info","event":"action","runId":"cac889aa-bdd2-4bcf-b217-cbe00ea35e68","type":"fetch","rationale":"Inspect an already-known source before another generic query","step":1,"t":"2026-09-17T15:14:27.649Z"}
{"level":"info","event":"action","runId":"cac889aa-bdd2-4bcf-b217-cbe00ea35e68","type":"fetch","rationale":"Inspect an already-known source before another generic query","step":2,"t":"2026-09-17T15:14:27.661Z"}
{"level":"info","event":"action","runId":"cac889aa-bdd2-4bcf-b217-cbe00ea35e68","type":"fetch","rationale":"Inspect an already-known source before another generic query","step":3,"t":"2026-09-17T15:14:27.672Z"}
{"level":"info","event":"action","runId":"cac889aa-bdd2-4bcf-b217-cbe00ea35e68","type":"challenge","rationale":"Disconfirm material conclusion: A hard-constraint violation for a candidate currently marked eligible.","step":4,"t":"2026-09-17T15:14:27.686Z"}
{"level":"info","event":"action","runId":"cac889aa-bdd2-4bcf-b217-cbe00ea35e68","type":"challenge","rationale":"No counterexample found in accessed primary sources. This is not proof that the conclusion is true.","step":5,"t":"2026-09-17T15:14:27.699Z"}
{"level":"info","event":"action","runId":"cac889aa-bdd2-4bcf-b217-cbe00ea35e68","type":"synthesize","rationale":"decision_critical_gaps_resolved_or_unresolvable; high-impact claims supported or qualified; contradictions handled; remaining actions low expected value","step":6,"t":"2026-09-17T15:14:27.708Z"}
{"level":"info","event":"action","runId":"08980a42-64f2-4795-b9fe-7a7fdf33be19","type":"search","rationale":"Investigate an uncovered required question","step":0,"t":"2026-09-17T15:14:27.936Z"}
{"level":"info","event":"action","runId":"08980a42-64f2-4795-b9fe-7a7fdf33be19","type":"fetch","rationale":"Inspect an already-known source before another generic query","step":1,"t":"2026-09-17T15:14:27.950Z"}
{"level":"info","event":"action","runId":"08980a42-64f2-4795-b9fe-7a7fdf33be19","type":"fetch","rationale":"Inspect an already-known source before another generic query","step":2,"t":"2026-09-17T15:14:27.962Z"}
{"level":"info","event":"action","runId":"08980a42-64f2-4795-b9fe-7a7fdf33be19","type":"challenge","rationale":"Disconfirm material conclusion: A primary source that directly contradicts this conclusion.","step":3,"t":"2026-09-17T15:14:27.975Z"}
{"level":"info","event":"action","runId":"08980a42-64f2-4795-b9fe-7a7fdf33be19","type":"challenge","rationale":"Disconfirm material conclusion: A primary source that directly contradicts this conclusion.","step":4,"t":"2026-09-17T15:14:27.988Z"}
{"level":"info","event":"action","runId":"08980a42-64f2-4795-b9fe-7a7fdf33be19","type":"challenge","rationale":"Disconfirm material conclusion: A primary source that directly contradicts this conclusion.","step":5,"t":"2026-09-17T15:14:27.999Z"}
{"level":"info","event":"action","runId":"08980a42-64f2-4795-b9fe-7a7fdf33be19","type":"challenge","rationale":"Disconfirm material conclusion: A primary source that directly contradicts this conclusion.","step":6,"t":"2026-09-17T15:14:28.011Z"}
{"level":"info","event":"action","runId":"08980a42-64f2-4795-b9fe-7a7fdf33be19","type":"challenge","rationale":"Disconfirm material conclusion: A primary source that directly contradicts this conclusion.","step":7,"t":"2026-09-17T15:14:28.024Z"}
{"level":"info","event":"action","runId":"08980a42-64f2-4795-b9fe-7a7fdf33be19","type":"challenge","rationale":"Disconfirm material conclusion: A primary source that directly contradicts this conclusion.","step":8,"t":"2026-09-17T15:14:28.036Z"}
{"level":"info","event":"action","runId":"08980a42-64f2-4795-b9fe-7a7fdf33be19","type":"challenge","rationale":"Disconfirm material conclusion: A primary source that directly contradicts this conclusion.","step":9,"t":"2026-09-17T15:14:28.048Z"}
{"level":"info","event":"action","runId":"08980a42-64f2-4795-b9fe-7a7fdf33be19","type":"challenge","rationale":"No counterexample found in accessed primary sources. This is not proof that the conclusion is true.","step":10,"t":"2026-09-17T15:14:28.060Z"}
{"level":"info","event":"action","runId":"08980a42-64f2-4795-b9fe-7a7fdf33be19","type":"stop","rationale":"Repeated searches returned no novel source family or coverage progress","step":11,"t":"2026-09-17T15:14:28.070Z"}
{"level":"info","event":"action","runId":"7a072c2e-c933-42bd-8643-ebb55c6cb9ae","type":"search","rationale":"Investigate an uncovered required question","step":0,"t":"2026-09-17T15:14:28.467Z"}
{"level":"info","event":"action","runId":"7a072c2e-c933-42bd-8643-ebb55c6cb9ae","type":"fetch","rationale":"Inspect an already-known source before another generic query","step":1,"t":"2026-09-17T15:14:28.490Z"}
{"level":"info","event":"action","runId":"7a072c2e-c933-42bd-8643-ebb55c6cb9ae","type":"fetch","rationale":"Inspect an already-known source before another generic query","step":2,"t":"2026-09-17T15:14:28.504Z"}
{"level":"info","event":"action","runId":"7a072c2e-c933-42bd-8643-ebb55c6cb9ae","type":"fetch","rationale":"Inspect an already-known source before another generic query","step":3,"t":"2026-09-17T15:14:28.517Z"}
{"level":"info","event":"action","runId":"7a072c2e-c933-42bd-8643-ebb55c6cb9ae","type":"challenge","rationale":"Disconfirm material conclusion: A primary source that directly contradicts this conclusion.","step":4,"t":"2026-09-17T15:14:28.531Z"}
{"level":"info","event":"action","runId":"7a072c2e-c933-42bd-8643-ebb55c6cb9ae","type":"challenge","rationale":"No counterexample found in accessed primary sources. This is not proof that the conclusion is true.","step":5,"t":"2026-09-17T15:14:28.544Z"}
{"level":"info","event":"action","runId":"7a072c2e-c933-42bd-8643-ebb55c6cb9ae","type":"synthesize","rationale":"decision_critical_gaps_resolved_or_unresolvable; high-impact claims supported or qualified; contradictions handled; remaining actions low expected value","step":6,"t":"2026-09-17T15:14:28.553Z"}
{"level":"info","event":"action","runId":"2f72c6de-a84b-46e1-94fb-a9957fbc75ad","type":"search","rationale":"Investigate an uncovered required question","step":0,"t":"2026-09-17T15:14:28.953Z"}
{"level":"info","event":"action","runId":"2f72c6de-a84b-46e1-94fb-a9957fbc75ad","type":"fetch","rationale":"Inspect an already-known source before another generic query","step":1,"t":"2026-09-17T15:14:28.973Z"}
{"level":"info","event":"action","runId":"2f72c6de-a84b-46e1-94fb-a9957fbc75ad","type":"fetch","rationale":"Inspect an already-known source before another generic query","step":2,"t":"2026-09-17T15:14:28.985Z"}
{"level":"info","event":"action","runId":"2f72c6de-a84b-46e1-94fb-a9957fbc75ad","type":"fetch","rationale":"Inspect an already-known source before another generic query","step":3,"t":"2026-09-17T15:14:28.996Z"}
{"level":"info","event":"action","runId":"2f72c6de-a84b-46e1-94fb-a9957fbc75ad","type":"fetch","rationale":"Inspect an already-known source before another generic query","step":4,"t":"2026-09-17T15:14:29.007Z"}
{"level":"info","event":"action","runId":"2f72c6de-a84b-46e1-94fb-a9957fbc75ad","type":"fetch","rationale":"Inspect an already-known source before another generic query","step":5,"t":"2026-09-17T15:14:29.018Z"}
{"level":"info","event":"action","runId":"2f72c6de-a84b-46e1-94fb-a9957fbc75ad","type":"challenge","rationale":"Disconfirm material conclusion: A primary source that directly contradicts this conclusion.","step":6,"t":"2026-09-17T15:14:29.030Z"}
{"level":"info","event":"action","runId":"2f72c6de-a84b-46e1-94fb-a9957fbc75ad","type":"challenge","rationale":"No counterexample found in accessed primary sources. This is not proof that the conclusion is true.","step":7,"t":"2026-09-17T15:14:29.041Z"}
{"level":"info","event":"action","runId":"2f72c6de-a84b-46e1-94fb-a9957fbc75ad","type":"synthesize","rationale":"decision_critical_gaps_resolved_or_unresolvable; high-impact claims supported or qualified; contradictions handled; remaining actions low expected value","step":8,"t":"2026-09-17T15:14:29.051Z"}
{"level":"info","event":"action","runId":"4f60cf57-f299-4a67-9f58-bfdfad6212a9","type":"search","rationale":"Investigate an uncovered required question","step":0,"t":"2026-09-17T15:14:29.449Z"}
{"level":"info","event":"action","runId":"4f60cf57-f299-4a67-9f58-bfdfad6212a9","type":"fetch","rationale":"Inspect an already-known source before another generic query","step":1,"t":"2026-09-17T15:14:29.463Z"}
{"level":"info","event":"action","runId":"4f60cf57-f299-4a67-9f58-bfdfad6212a9","type":"challenge","rationale":"Disconfirm material conclusion: A primary source that directly contradicts this conclusion.","step":2,"t":"2026-09-17T15:14:29.476Z"}
{"level":"info","event":"action","runId":"4f60cf57-f299-4a67-9f58-bfdfad6212a9","type":"challenge","rationale":"No counterexample found in accessed primary sources. This is not proof that the conclusion is true.","step":3,"t":"2026-09-17T15:14:29.489Z"}
{"level":"info","event":"action","runId":"4f60cf57-f299-4a67-9f58-bfdfad6212a9","type":"synthesize","rationale":"decision_critical_gaps_resolved_or_unresolvable; high-impact claims supported or qualified; contradictions handled; remaining actions low expected value","step":4,"t":"2026-09-17T15:14:29.498Z"}
{"level":"info","event":"action","runId":"bca93f78-e9e7-4e4d-8bd5-867a562a768c","type":"search","rationale":"Investigate an uncovered required question","step":0,"t":"2026-09-17T15:14:30.254Z"}
{"level":"info","event":"action","runId":"bca93f78-e9e7-4e4d-8bd5-867a562a768c","type":"fetch","rationale":"Inspect an already-known source before another generic query","step":1,"t":"2026-09-17T15:14:30.275Z"}
{"level":"info","event":"action","runId":"bca93f78-e9e7-4e4d-8bd5-867a562a768c","type":"fetch","rationale":"Inspect an already-known source before another generic query","step":2,"t":"2026-09-17T15:14:30.288Z"}
{"level":"info","event":"action","runId":"bca93f78-e9e7-4e4d-8bd5-867a562a768c","type":"fetch","rationale":"Inspect an already-known source before another generic query","step":3,"t":"2026-09-17T15:14:30.303Z"}
{"level":"info","event":"action","runId":"bca93f78-e9e7-4e4d-8bd5-867a562a768c","type":"fetch","rationale":"Inspect an already-known source before another generic query","step":4,"t":"2026-09-17T15:14:30.318Z"}
{"level":"info","event":"action","runId":"bca93f78-e9e7-4e4d-8bd5-867a562a768c","type":"fetch","rationale":"Inspect an already-known source before another generic query","step":5,"t":"2026-09-17T15:14:30.333Z"}
{"level":"info","event":"action","runId":"bca93f78-e9e7-4e4d-8bd5-867a562a768c","type":"challenge","rationale":"Disconfirm material conclusion: A primary source that directly contradicts this conclusion.","step":6,"t":"2026-09-17T15:14:30.345Z"}
{"level":"info","event":"action","runId":"bca93f78-e9e7-4e4d-8bd5-867a562a768c","type":"challenge","rationale":"No counterexample found in accessed primary sources. This is not proof that the conclusion is true.","step":7,"t":"2026-09-17T15:14:30.356Z"}
{"level":"info","event":"action","runId":"bca93f78-e9e7-4e4d-8bd5-867a562a768c","type":"synthesize","rationale":"decision_critical_gaps_resolved_or_unresolvable; high-impact claims supported or qualified; contradictions handled; remaining actions low expected value","step":8,"t":"2026-09-17T15:14:30.367Z"}
 ❯ test/launch-scope.integration.test.ts (19 tests | 12 failed) 10900ms
   ✓ launch-scope fixture/postgres cases > R02 asks a jurisdiction question when it would change the answer 269ms
   ✓ launch-scope fixture/postgres cases > R03 does not interview a clear comparison over style  555ms
   × launch-scope fixture/postgres cases > R07 keeps a paywalled page snippet-only and does not claim a full read 494ms
     → .toMatch() expects to receive a string, but got undefined
   × launch-scope fixture/postgres cases > R11 records a real price contradiction without averaging 493ms
     → .toMatch() expects to receive a string, but got undefined
   × launch-scope fixture/postgres cases > R14 budget-limited outcome is not marked comprehensive 446ms
     → expected undefined to be 'completed_with_limitations' // Object.is equality
   × launch-scope fixture/postgres cases > R22 preserves a reproducible annual cost calculation 518ms
     → .toMatch() expects to receive a string, but got undefined
   × launch-scope fixture/postgres cases > V2-01 uses the compatibility matrix, not summary count 515ms
     → Cannot read properties of undefined (reading 'toLowerCase')
   × launch-scope fixture/postgres cases > V2-02 / R08 switches source type after summary-family saturation 520ms
     → .toMatch() expects to receive a string, but got undefined
   × launch-scope fixture/postgres cases > V2-04 relaxed budget discovers a previously omitted candidate 803ms
     → .toMatch() expects to receive a string, but got undefined
   × launch-scope fixture/postgres cases > V2-05 recomputes a corrected numeric unit 687ms
     → .toMatch() expects to receive a string, but got undefined
   ✓ launch-scope fixture/postgres cases > V2-06 unknown dependency completeness forces a full rerun flag  871ms
   × launch-scope fixture/postgres cases > P2 selective budget reopen is not a full rerun; unknown-dependency correction is; both 120 EUR paths find Vendor C 1438ms
     → .toMatch() expects to receive a string, but got undefined
   ✓ launch-scope fixture/postgres cases > P2 a non-budget correction does not reopen candidate discovery or add Vendor C  838ms
   × launch-scope fixture/postgres cases > V2-18 distinguishes no eligible inspected option from universal absence 477ms
     → .toMatch() expects to receive a string, but got undefined
   ✓ launch-scope fixture/postgres cases > E07 denies another account's evidence id  499ms
   × launch-scope fixture/postgres cases > S04 does not leave raw script markup in the canonical report 432ms
     → .toMatch() expects to receive a string, but got undefined
   ✓ launch-scope fixture/postgres cases > S11 revoked consent blocks new runs 157ms
   ✓ launch-scope fixture/postgres cases > J09 concurrent reservations cannot exceed the remaining allowance 191ms
   × launch-scope fixture/postgres cases > challenge and markdown export use the same stored report 539ms
     → expected 500 to be 200 // Object.is equality
{"level":"info","event":"action","runId":"1af6e8ed-b3fc-46be-b173-3ab9c146a948","type":"search","rationale":"Investigate an uncovered required question","step":0,"t":"2026-09-17T15:14:31.436Z"}
{"level":"info","event":"action","runId":"1af6e8ed-b3fc-46be-b173-3ab9c146a948","type":"fetch","rationale":"Inspect an already-known source before another generic query","step":1,"t":"2026-09-17T15:14:31.470Z"}
{"level":"info","event":"action","runId":"1af6e8ed-b3fc-46be-b173-3ab9c146a948","type":"fetch","rationale":"Inspect an already-known source before another generic query","step":2,"t":"2026-09-17T15:14:31.488Z"}
{"level":"info","event":"action","runId":"1af6e8ed-b3fc-46be-b173-3ab9c146a948","type":"fetch","rationale":"Inspect an already-known source before another generic query","step":3,"t":"2026-09-17T15:14:31.506Z"}
{"level":"info","event":"action","runId":"1af6e8ed-b3fc-46be-b173-3ab9c146a948","type":"challenge","rationale":"Disconfirm material conclusion: A hard-constraint violation for a candidate currently marked eligible.","step":4,"t":"2026-09-17T15:14:31.527Z"}
{"level":"info","event":"action","runId":"1af6e8ed-b3fc-46be-b173-3ab9c146a948","type":"challenge","rationale":"No counterexample found in accessed primary sources. This is not proof that the conclusion is true.","step":5,"t":"2026-09-17T15:14:31.545Z"}
{"level":"info","event":"action","runId":"1af6e8ed-b3fc-46be-b173-3ab9c146a948","type":"synthesize","rationale":"decision_critical_gaps_resolved_or_unresolvable; high-impact claims supported or qualified; contradictions handled; remaining actions low expected value","step":6,"t":"2026-09-17T15:14:31.560Z"}
{"level":"info","event":"action","runId":"c6590fef-ba84-40fc-b559-fcb6864c29c5","type":"search","rationale":"Investigate an uncovered required question","step":0,"t":"2026-09-17T15:14:32.014Z"}
{"level":"info","event":"action","runId":"c6590fef-ba84-40fc-b559-fcb6864c29c5","type":"fetch","rationale":"Inspect an already-known source before another generic query","step":1,"t":"2026-09-17T15:14:32.033Z"}
{"level":"info","event":"action","runId":"c6590fef-ba84-40fc-b559-fcb6864c29c5","type":"challenge","rationale":"Disconfirm material conclusion: A current official catalog entry for the named product.","step":2,"t":"2026-09-17T15:14:32.055Z"}
{"level":"info","event":"action","runId":"c6590fef-ba84-40fc-b559-fcb6864c29c5","type":"challenge","rationale":"No counterexample found in accessed primary sources. This is not proof that the conclusion is true.","step":3,"t":"2026-09-17T15:14:32.086Z"}
{"level":"info","event":"action","runId":"c6590fef-ba84-40fc-b559-fcb6864c29c5","type":"synthesize","rationale":"decision_critical_gaps_resolved_or_unresolvable; high-impact claims supported or qualified; contradictions handled; remaining actions low expected value","step":4,"t":"2026-09-17T15:14:32.101Z"}
{"level":"info","event":"action","runId":"2435fa79-213a-4d2a-bca9-5ffc08c10f94","type":"search","rationale":"Investigate an uncovered required question","step":0,"t":"2026-09-17T15:14:32.521Z"}
{"level":"info","event":"action","runId":"2435fa79-213a-4d2a-bca9-5ffc08c10f94","type":"fetch","rationale":"Inspect an already-known source before another generic query","step":1,"t":"2026-09-17T15:14:32.547Z"}
{"level":"info","event":"action","runId":"2435fa79-213a-4d2a-bca9-5ffc08c10f94","type":"fetch","rationale":"Inspect an already-known source before another generic query","step":2,"t":"2026-09-17T15:14:32.561Z"}
{"level":"info","event":"action","runId":"2435fa79-213a-4d2a-bca9-5ffc08c10f94","type":"fetch","rationale":"Inspect an already-known source before another generic query","step":3,"t":"2026-09-17T15:14:32.576Z"}
{"level":"info","event":"action","runId":"2435fa79-213a-4d2a-bca9-5ffc08c10f94","type":"fetch","rationale":"Inspect an already-known source before another generic query","step":4,"t":"2026-09-17T15:14:32.592Z"}
{"level":"info","event":"action","runId":"2435fa79-213a-4d2a-bca9-5ffc08c10f94","type":"fetch","rationale":"Inspect an already-known source before another generic query","step":5,"t":"2026-09-17T15:14:32.608Z"}
{"level":"info","event":"action","runId":"2435fa79-213a-4d2a-bca9-5ffc08c10f94","type":"challenge","rationale":"Disconfirm material conclusion: A primary source that directly contradicts this conclusion.","step":6,"t":"2026-09-17T15:14:32.626Z"}
{"level":"info","event":"action","runId":"2435fa79-213a-4d2a-bca9-5ffc08c10f94","type":"challenge","rationale":"No counterexample found in accessed primary sources. This is not proof that the conclusion is true.","step":7,"t":"2026-09-17T15:14:32.639Z"}
{"level":"info","event":"action","runId":"2435fa79-213a-4d2a-bca9-5ffc08c10f94","type":"synthesize","rationale":"decision_critical_gaps_resolved_or_unresolvable; high-impact claims supported or qualified; contradictions handled; remaining actions low expected value","step":8,"t":"2026-09-17T15:14:32.651Z"}
{"level":"info","event":"action","runId":"a6c630a9-1829-496f-b3aa-e698dcd99648","type":"search","rationale":"Initial dataset excludes the user's stated population; pivot source type","step":0,"t":"2026-09-17T15:14:33.049Z"}
{"level":"info","event":"action","runId":"a6c630a9-1829-496f-b3aa-e698dcd99648","type":"search","rationale":"Decision-blocking gap: population-specific evidence. Switching source type to population-specific.","step":1,"t":"2026-09-17T15:14:33.069Z"}
{"level":"info","event":"action","runId":"a6c630a9-1829-496f-b3aa-e698dcd99648","type":"search","rationale":"Decision-blocking gap: population-specific evidence. Switching source type to population-specific.","step":2,"t":"2026-09-17T15:14:33.085Z"}
{"level":"info","event":"action","runId":"a6c630a9-1829-496f-b3aa-e698dcd99648","type":"search","rationale":"Decision-blocking gap: population-specific evidence. Switching source type to population-specific.","step":3,"t":"2026-09-17T15:14:33.098Z"}
{"level":"info","event":"action","runId":"a6c630a9-1829-496f-b3aa-e698dcd99648","type":"search","rationale":"Decision-blocking gap: population-specific evidence. Switching source type to population-specific.","step":4,"t":"2026-09-17T15:14:33.112Z"}
{"level":"info","event":"action","runId":"a6c630a9-1829-496f-b3aa-e698dcd99648","type":"search","rationale":"Decision-blocking gap: population-specific evidence. Switching source type to population-specific.","step":5,"t":"2026-09-17T15:14:33.125Z"}
{"level":"info","event":"action","runId":"a6c630a9-1829-496f-b3aa-e698dcd99648","type":"search","rationale":"Decision-blocking gap: population-specific evidence. Switching source type to population-specific.","step":6,"t":"2026-09-17T15:14:33.137Z"}
{"level":"info","event":"action","runId":"a6c630a9-1829-496f-b3aa-e698dcd99648","type":"search","rationale":"Decision-blocking gap: population-specific evidence. Switching source type to population-specific.","step":7,"t":"2026-09-17T15:14:33.150Z"}
{"level":"info","event":"action","runId":"a6c630a9-1829-496f-b3aa-e698dcd99648","type":"fetch","rationale":"Inspect an already-known source before another generic query","step":8,"t":"2026-09-17T15:14:33.164Z"}
{"level":"info","event":"action","runId":"a6c630a9-1829-496f-b3aa-e698dcd99648","type":"fetch","rationale":"Inspect an already-known source before another generic query","step":9,"t":"2026-09-17T15:14:33.182Z"}
{"level":"info","event":"action","runId":"a6c630a9-1829-496f-b3aa-e698dcd99648","type":"challenge","rationale":"No counterexample found in accessed primary sources. This is not proof that the conclusion is true.","step":10,"t":"2026-09-17T15:14:33.197Z"}
{"level":"info","event":"action","runId":"a6c630a9-1829-496f-b3aa-e698dcd99648","type":"stop","rationale":"Repeated searches returned no novel source family or coverage progress","step":11,"t":"2026-09-17T15:14:33.211Z"}
{"level":"info","event":"action","runId":"0aecf0d3-960e-46af-bf62-037c0ca90e1f","type":"search","rationale":"Investigate an uncovered required question","step":0,"t":"2026-09-17T15:14:33.628Z"}
{"level":"info","event":"action","runId":"0aecf0d3-960e-46af-bf62-037c0ca90e1f","type":"fetch","rationale":"Inspect an already-known source before another generic query","step":1,"t":"2026-09-17T15:14:33.646Z"}
{"level":"info","event":"action","runId":"0aecf0d3-960e-46af-bf62-037c0ca90e1f","type":"challenge","rationale":"Disconfirm material conclusion: A primary source that directly contradicts this conclusion.","step":2,"t":"2026-09-17T15:14:33.660Z"}
{"level":"info","event":"action","runId":"0aecf0d3-960e-46af-bf62-037c0ca90e1f","type":"challenge","rationale":"No counterexample found in accessed primary sources. This is not proof that the conclusion is true.","step":3,"t":"2026-09-17T15:14:33.671Z"}
{"level":"info","event":"action","runId":"0aecf0d3-960e-46af-bf62-037c0ca90e1f","type":"synthesize","rationale":"decision_critical_gaps_resolved_or_unresolvable; high-impact claims supported or qualified; contradictions handled; remaining actions low expected value","step":4,"t":"2026-09-17T15:14:33.681Z"}
{"level":"info","event":"action","runId":"77748cb0-7eb2-4169-b2df-03868b2407bf","type":"search","rationale":"Investigate an uncovered required question","step":0,"t":"2026-09-17T15:14:34.068Z"}
{"level":"info","event":"action","runId":"77748cb0-7eb2-4169-b2df-03868b2407bf","type":"fetch","rationale":"Inspect an already-known source before another generic query","step":1,"t":"2026-09-17T15:14:34.091Z"}
{"level":"info","event":"action","runId":"77748cb0-7eb2-4169-b2df-03868b2407bf","type":"fetch","rationale":"Inspect an already-known source before another generic query","step":2,"t":"2026-09-17T15:14:34.106Z"}
{"level":"info","event":"action","runId":"77748cb0-7eb2-4169-b2df-03868b2407bf","type":"fetch","rationale":"Inspect an already-known source before another generic query","step":3,"t":"2026-09-17T15:14:34.119Z"}
{"level":"info","event":"action","runId":"77748cb0-7eb2-4169-b2df-03868b2407bf","type":"challenge","rationale":"Disconfirm material conclusion: A hard-constraint violation for a candidate currently marked eligible.","step":4,"t":"2026-09-17T15:14:34.134Z"}
{"level":"info","event":"action","runId":"77748cb0-7eb2-4169-b2df-03868b2407bf","type":"challenge","rationale":"No counterexample found in accessed primary sources. This is not proof that the conclusion is true.","step":5,"t":"2026-09-17T15:14:34.146Z"}
{"level":"info","event":"action","runId":"77748cb0-7eb2-4169-b2df-03868b2407bf","type":"synthesize","rationale":"decision_critical_gaps_resolved_or_unresolvable; high-impact claims supported or qualified; contradictions handled; remaining actions low expected value","step":6,"t":"2026-09-17T15:14:34.159Z"}
{"level":"info","event":"action","runId":"d36bb144-217e-4b64-b44f-2e427419aa86","type":"search","rationale":"Investigate an uncovered required question","step":0,"t":"2026-09-17T15:14:34.566Z"}
{"level":"info","event":"action","runId":"d36bb144-217e-4b64-b44f-2e427419aa86","type":"fetch","rationale":"Inspect an already-known source before another generic query","step":1,"t":"2026-09-17T15:14:34.583Z"}
{"level":"info","event":"action","runId":"d36bb144-217e-4b64-b44f-2e427419aa86","type":"fetch","rationale":"Inspect an already-known source before another generic query","step":2,"t":"2026-09-17T15:14:34.597Z"}
{"level":"info","event":"action","runId":"d36bb144-217e-4b64-b44f-2e427419aa86","type":"fetch","rationale":"Inspect an already-known source before another generic query","step":3,"t":"2026-09-17T15:14:34.609Z"}
{"level":"info","event":"action","runId":"d36bb144-217e-4b64-b44f-2e427419aa86","type":"fetch","rationale":"Inspect an already-known source before another generic query","step":4,"t":"2026-09-17T15:14:34.622Z"}
{"level":"info","event":"action","runId":"d36bb144-217e-4b64-b44f-2e427419aa86","type":"fetch","rationale":"Inspect an already-known source before another generic query","step":5,"t":"2026-09-17T15:14:34.634Z"}
{"level":"info","event":"action","runId":"d36bb144-217e-4b64-b44f-2e427419aa86","type":"challenge","rationale":"Disconfirm material conclusion: A primary source that directly contradicts this conclusion.","step":6,"t":"2026-09-17T15:14:34.647Z"}
{"level":"info","event":"action","runId":"d36bb144-217e-4b64-b44f-2e427419aa86","type":"challenge","rationale":"No counterexample found in accessed primary sources. This is not proof that the conclusion is true.","step":7,"t":"2026-09-17T15:14:34.661Z"}
{"level":"info","event":"action","runId":"d36bb144-217e-4b64-b44f-2e427419aa86","type":"synthesize","rationale":"decision_critical_gaps_resolved_or_unresolvable; high-impact claims supported or qualified; contradictions handled; remaining actions low expected value","step":8,"t":"2026-09-17T15:14:34.671Z"}
{"level":"info","event":"action","runId":"daa8bd9e-595c-4c18-a0a5-dd4df3d7e291","type":"search","rationale":"Investigate an uncovered required question","step":0,"t":"2026-09-17T15:14:35.279Z"}
{"level":"info","event":"action","runId":"f3eb3083-d07e-413e-9f2e-3ffd122cb429","type":"search","rationale":"Investigate an uncovered required question","step":0,"t":"2026-09-17T15:14:35.487Z"}
{"level":"info","event":"action","runId":"f3eb3083-d07e-413e-9f2e-3ffd122cb429","type":"fetch","rationale":"Inspect an already-known source before another generic query","step":1,"t":"2026-09-17T15:14:35.508Z"}
{"level":"info","event":"action","runId":"f3eb3083-d07e-413e-9f2e-3ffd122cb429","type":"fetch","rationale":"Inspect an already-known source before another generic query","step":2,"t":"2026-09-17T15:14:35.521Z"}
{"level":"info","event":"action","runId":"f3eb3083-d07e-413e-9f2e-3ffd122cb429","type":"fetch","rationale":"Inspect an already-known source before another generic query","step":3,"t":"2026-09-17T15:14:35.533Z"}
{"level":"info","event":"action","runId":"f3eb3083-d07e-413e-9f2e-3ffd122cb429","type":"challenge","rationale":"Disconfirm material conclusion: A hard-constraint violation for a candidate currently marked eligible.","step":4,"t":"2026-09-17T15:14:35.549Z"}
{"level":"info","event":"action","runId":"f3eb3083-d07e-413e-9f2e-3ffd122cb429","type":"challenge","rationale":"No counterexample found in accessed primary sources. This is not proof that the conclusion is true.","step":5,"t":"2026-09-17T15:14:35.562Z"}
{"level":"info","event":"action","runId":"f3eb3083-d07e-413e-9f2e-3ffd122cb429","type":"synthesize","rationale":"decision_critical_gaps_resolved_or_unresolvable; high-impact claims supported or qualified; contradictions handled; remaining actions low expected value","step":6,"t":"2026-09-17T15:14:35.574Z"}
{"level":"info","event":"action","runId":"95a24a4d-5039-4967-99d5-45879711bd20","type":"search","rationale":"Investigate an uncovered required question","step":0,"t":"2026-09-17T15:14:35.810Z"}
{"level":"info","event":"action","runId":"95a24a4d-5039-4967-99d5-45879711bd20","type":"stop","rationale":"action type reveal_keys is not a permitted research action","step":1,"t":"2026-09-17T15:14:35.825Z"}
{"level":"info","event":"action","runId":"4094aadd-9334-4710-baa0-ee65beac40db","type":"search","rationale":"Investigate an uncovered required question","step":0,"t":"2026-09-17T15:14:36.236Z"}
{"level":"info","event":"action","runId":"4094aadd-9334-4710-baa0-ee65beac40db","type":"fetch","rationale":"Inspect an already-known source before another generic query","step":1,"t":"2026-09-17T15:14:36.257Z"}
{"level":"info","event":"action","runId":"4094aadd-9334-4710-baa0-ee65beac40db","type":"fetch","rationale":"Inspect an already-known source before another generic query","step":2,"t":"2026-09-17T15:14:36.271Z"}
{"level":"info","event":"action","runId":"4094aadd-9334-4710-baa0-ee65beac40db","type":"fetch","rationale":"Inspect an already-known source before another generic query","step":3,"t":"2026-09-17T15:14:36.284Z"}
{"level":"info","event":"action","runId":"4094aadd-9334-4710-baa0-ee65beac40db","type":"challenge","rationale":"Disconfirm material conclusion: A hard-constraint violation for a candidate currently marked eligible.","step":4,"t":"2026-09-17T15:14:36.302Z"}
{"level":"info","event":"action","runId":"4094aadd-9334-4710-baa0-ee65beac40db","type":"challenge","rationale":"No counterexample found in accessed primary sources. This is not proof that the conclusion is true.","step":5,"t":"2026-09-17T15:14:36.319Z"}
{"level":"info","event":"action","runId":"4094aadd-9334-4710-baa0-ee65beac40db","type":"synthesize","rationale":"decision_critical_gaps_resolved_or_unresolvable; high-impact claims supported or qualified; contradictions handled; remaining actions low expected value","step":6,"t":"2026-09-17T15:14:36.329Z"}
{"level":"info","event":"action","runId":"84128d8d-d333-4ce6-85e8-d5106ed25d08","type":"search","rationale":"Investigate an uncovered required question","step":0,"t":"2026-09-17T15:14:36.551Z"}
{"level":"info","event":"action","runId":"84128d8d-d333-4ce6-85e8-d5106ed25d08","type":"fetch","rationale":"Inspect an already-known source before another generic query","step":1,"t":"2026-09-17T15:14:36.573Z"}
{"level":"info","event":"action","runId":"84128d8d-d333-4ce6-85e8-d5106ed25d08","type":"fetch","rationale":"Inspect an already-known source before another generic query","step":2,"t":"2026-09-17T15:14:36.587Z"}
{"level":"info","event":"action","runId":"84128d8d-d333-4ce6-85e8-d5106ed25d08","type":"fetch","rationale":"Inspect an already-known source before another generic query","step":3,"t":"2026-09-17T15:14:36.599Z"}
{"level":"info","event":"action","runId":"84128d8d-d333-4ce6-85e8-d5106ed25d08","type":"challenge","rationale":"Disconfirm material conclusion: A hard-constraint violation for a candidate currently marked eligible.","step":4,"t":"2026-09-17T15:14:36.618Z"}
{"level":"info","event":"action","runId":"84128d8d-d333-4ce6-85e8-d5106ed25d08","type":"challenge","rationale":"No counterexample found in accessed primary sources. This is not proof that the conclusion is true.","step":5,"t":"2026-09-17T15:14:36.630Z"}
{"level":"info","event":"action","runId":"84128d8d-d333-4ce6-85e8-d5106ed25d08","type":"synthesize","rationale":"decision_critical_gaps_resolved_or_unresolvable; high-impact claims supported or qualified; contradictions handled; remaining actions low expected value","step":6,"t":"2026-09-17T15:14:36.643Z"}
{"level":"info","event":"action","runId":"bfc7347e-6a62-4f56-b4e5-07ad2d593fa8","type":"search","rationale":"Investigate an uncovered required question","step":0,"t":"2026-09-17T15:14:36.857Z"}
{"level":"info","event":"action","runId":"bfc7347e-6a62-4f56-b4e5-07ad2d593fa8","type":"fetch","rationale":"Inspect an already-known source before another generic query","step":1,"t":"2026-09-17T15:14:36.880Z"}
{"level":"info","event":"action","runId":"bfc7347e-6a62-4f56-b4e5-07ad2d593fa8","type":"fetch","rationale":"Inspect an already-known source before another generic query","step":2,"t":"2026-09-17T15:14:36.891Z"}
{"level":"info","event":"action","runId":"bfc7347e-6a62-4f56-b4e5-07ad2d593fa8","type":"fetch","rationale":"Inspect an already-known source before another generic query","step":3,"t":"2026-09-17T15:14:36.904Z"}
{"level":"info","event":"action","runId":"bfc7347e-6a62-4f56-b4e5-07ad2d593fa8","type":"challenge","rationale":"Disconfirm material conclusion: A hard-constraint violation for a candidate currently marked eligible.","step":4,"t":"2026-09-17T15:14:36.927Z"}
{"level":"info","event":"action","runId":"bfc7347e-6a62-4f56-b4e5-07ad2d593fa8","type":"challenge","rationale":"No counterexample found in accessed primary sources. This is not proof that the conclusion is true.","step":5,"t":"2026-09-17T15:14:36.941Z"}
{"level":"info","event":"action","runId":"bfc7347e-6a62-4f56-b4e5-07ad2d593fa8","type":"synthesize","rationale":"decision_critical_gaps_resolved_or_unresolvable; high-impact claims supported or qualified; contradictions handled; remaining actions low expected value","step":6,"t":"2026-09-17T15:14:36.951Z"}
{"level":"info","event":"action","runId":"420c9a46-69d2-4aeb-89a7-d24670ff1220","type":"search","rationale":"Investigate an uncovered required question","step":0,"t":"2026-09-17T15:14:37.185Z"}
{"level":"info","event":"action","runId":"420c9a46-69d2-4aeb-89a7-d24670ff1220","type":"fetch","rationale":"Inspect an already-known source before another generic query","step":1,"t":"2026-09-17T15:14:37.200Z"}
{"level":"info","event":"action","runId":"420c9a46-69d2-4aeb-89a7-d24670ff1220","type":"fetch","rationale":"Inspect an already-known source before another generic query","step":2,"t":"2026-09-17T15:14:37.213Z"}
{"level":"info","event":"action","runId":"420c9a46-69d2-4aeb-89a7-d24670ff1220","type":"fetch","rationale":"Inspect an already-known source before another generic query","step":3,"t":"2026-09-17T15:14:37.225Z"}
{"level":"info","event":"action","runId":"420c9a46-69d2-4aeb-89a7-d24670ff1220","type":"challenge","rationale":"Disconfirm material conclusion: A hard-constraint violation for a candidate currently marked eligible.","step":4,"t":"2026-09-17T15:14:37.237Z"}
{"level":"info","event":"action","runId":"420c9a46-69d2-4aeb-89a7-d24670ff1220","type":"challenge","rationale":"No counterexample found in accessed primary sources. This is not proof that the conclusion is true.","step":5,"t":"2026-09-17T15:14:37.249Z"}
{"level":"info","event":"action","runId":"420c9a46-69d2-4aeb-89a7-d24670ff1220","type":"synthesize","rationale":"decision_critical_gaps_resolved_or_unresolvable; high-impact claims supported or qualified; contradictions handled; remaining actions low expected value","step":6,"t":"2026-09-17T15:14:37.259Z"}
{"level":"info","event":"action","runId":"ca0cc213-eba3-4494-9644-a105abf180db","type":"challenge","rationale":"Disconfirm material conclusion: A primary source that directly contradicts this conclusion.","step":0,"t":"2026-09-17T15:14:37.667Z"}
{"level":"info","event":"action","runId":"ca0cc213-eba3-4494-9644-a105abf180db","type":"fetch","rationale":"Inspect an already-known source before another generic query","step":1,"t":"2026-09-17T15:14:37.691Z"}
{"level":"info","event":"action","runId":"ca0cc213-eba3-4494-9644-a105abf180db","type":"fetch","rationale":"Inspect an already-known source before another generic query","step":2,"t":"2026-09-17T15:14:37.705Z"}
{"level":"info","event":"action","runId":"ca0cc213-eba3-4494-9644-a105abf180db","type":"fetch","rationale":"Inspect an already-known source before another generic query","step":3,"t":"2026-09-17T15:14:37.724Z"}
{"level":"info","event":"action","runId":"ca0cc213-eba3-4494-9644-a105abf180db","type":"challenge","rationale":"Disconfirm material conclusion: A hard-constraint violation for a candidate currently marked eligible.","step":4,"t":"2026-09-17T15:14:37.740Z"}
{"level":"info","event":"action","runId":"ca0cc213-eba3-4494-9644-a105abf180db","type":"challenge","rationale":"No counterexample found in accessed primary sources. This is not proof that the conclusion is true.","step":5,"t":"2026-09-17T15:14:37.755Z"}
{"level":"info","event":"action","runId":"ca0cc213-eba3-4494-9644-a105abf180db","type":"synthesize","rationale":"decision_critical_gaps_resolved_or_unresolvable; high-impact claims supported or qualified; contradictions handled; remaining actions low expected value","step":6,"t":"2026-09-17T15:14:37.763Z"}
{"level":"info","event":"action","runId":"fe171887-157a-4d58-957a-61f5ec67e52f","type":"search","rationale":"Investigate an uncovered required question","step":0,"t":"2026-09-17T15:14:38.148Z"}
{"level":"info","event":"action","runId":"fe171887-157a-4d58-957a-61f5ec67e52f","type":"fetch","rationale":"Inspect an already-known source before another generic query","step":1,"t":"2026-09-17T15:14:38.167Z"}
{"level":"info","event":"action","runId":"fe171887-157a-4d58-957a-61f5ec67e52f","type":"fetch","rationale":"Inspect an already-known source before another generic query","step":2,"t":"2026-09-17T15:14:38.179Z"}
{"level":"info","event":"action","runId":"fe171887-157a-4d58-957a-61f5ec67e52f","type":"fetch","rationale":"Inspect an already-known source before another generic query","step":3,"t":"2026-09-17T15:14:38.191Z"}
{"level":"info","event":"action","runId":"fe171887-157a-4d58-957a-61f5ec67e52f","type":"fetch","rationale":"Inspect an already-known source before another generic query","step":4,"t":"2026-09-17T15:14:38.203Z"}
{"level":"info","event":"action","runId":"fe171887-157a-4d58-957a-61f5ec67e52f","type":"fetch","rationale":"Inspect an already-known source before another generic query","step":5,"t":"2026-09-17T15:14:38.215Z"}
{"level":"info","event":"action","runId":"fe171887-157a-4d58-957a-61f5ec67e52f","type":"challenge","rationale":"Disconfirm material conclusion: A primary source that directly contradicts this conclusion.","step":6,"t":"2026-09-17T15:14:38.228Z"}
{"level":"info","event":"action","runId":"fe171887-157a-4d58-957a-61f5ec67e52f","type":"challenge","rationale":"No counterexample found in accessed primary sources. This is not proof that the conclusion is true.","step":7,"t":"2026-09-17T15:14:38.239Z"}
{"level":"info","event":"action","runId":"fe171887-157a-4d58-957a-61f5ec67e52f","type":"synthesize","rationale":"decision_critical_gaps_resolved_or_unresolvable; high-impact claims supported or qualified; contradictions handled; remaining actions low expected value","step":8,"t":"2026-09-17T15:14:38.249Z"}
 ❯ test/p0-smoke.integration.test.ts (16 tests | 7 failed) 7422ms
   × P0 smoke against shipped API/worker/postgres > R01 already-known constraint is stored and not re-asked 620ms
     → Cannot read properties of undefined (reading 'toLowerCase')
   × P0 smoke against shipped API/worker/postgres > R04 false premise is reported and not invented 516ms
     → Cannot read properties of undefined (reading 'toLowerCase')
   × P0 smoke against shipped API/worker/postgres > R05 source duplication clusters five reprints as one origin 544ms
     → .toMatch() expects to receive a string, but got undefined
   × P0 smoke against shipped API/worker/postgres > R09 justified pivot opens a population-relevant source 568ms
     → .toMatch() expects to receive a string, but got undefined
   ✓ P0 smoke against shipped API/worker/postgres > R13 diminishing returns stops instead of exhausting a quota  454ms
   ✓ P0 smoke against shipped API/worker/postgres > E01 unknown citation ID blocks publication  494ms
   ✓ P0 smoke against shipped API/worker/postgres > E02 non-supporting citation is flagged  498ms
   ✓ P0 smoke against shipped API/worker/postgres > J01 double tap with the same idempotency key creates one run 186ms
   × P0 smoke against shipped API/worker/postgres > J03 crash after fetch recovers evidence without double settlement 238ms
     → expected 'running' to be 'terminal' // Object.is equality
   ✓ P0 smoke against shipped API/worker/postgres > J05 / V2-07 cancel during writing rejects late publication  312ms
   × P0 smoke against shipped API/worker/postgres > S01 prompt injection cannot authorize tools or reveal keys 417ms
     → .toMatch() expects to receive a string, but got undefined
   ✓ P0 smoke against shipped API/worker/postgres > S09 deletion during run purges derived text and blocks resurrection  327ms
   ✓ P0 smoke against shipped API/worker/postgres > V2-08 stale worker lease cannot publish  308ms
   ✓ P0 smoke against shipped API/worker/postgres > correction reopens discovery when a hard budget constraint is relaxed  799ms
   ✓ P0 smoke against shipped API/worker/postgres > S05 private attachment canary is not copied into a public search query  496ms
   × P0 smoke against shipped API/worker/postgres > GET events and report citations resolve to stored evidence IDs 491ms
     → expected null to be truthy
{"level":"info","event":"action","runId":"bdab73a3-088f-46d9-b90e-63be8398f82b","type":"search","rationale":"Investigate an uncovered required question","step":0,"t":"2026-09-17T15:14:39.303Z"}
{"level":"info","event":"action","runId":"bdab73a3-088f-46d9-b90e-63be8398f82b","type":"fetch","rationale":"Inspect an already-known source before another generic query","step":1,"t":"2026-09-17T15:14:39.344Z"}
{"level":"info","event":"action","runId":"bdab73a3-088f-46d9-b90e-63be8398f82b","type":"fetch","rationale":"Inspect an already-known source before another generic query","step":2,"t":"2026-09-17T15:14:39.365Z"}
{"level":"info","event":"action","runId":"bdab73a3-088f-46d9-b90e-63be8398f82b","type":"fetch","rationale":"Inspect an already-known source before another generic query","step":3,"t":"2026-09-17T15:14:39.385Z"}
{"level":"info","event":"action","runId":"bdab73a3-088f-46d9-b90e-63be8398f82b","type":"fetch","rationale":"Inspect an already-known source before another generic query","step":4,"t":"2026-09-17T15:14:39.402Z"}
{"level":"info","event":"action","runId":"bdab73a3-088f-46d9-b90e-63be8398f82b","type":"fetch","rationale":"Inspect an already-known source before another generic query","step":5,"t":"2026-09-17T15:14:39.419Z"}
{"level":"info","event":"action","runId":"bdab73a3-088f-46d9-b90e-63be8398f82b","type":"challenge","rationale":"Disconfirm material conclusion: A primary source that directly contradicts this conclusion.","step":6,"t":"2026-09-17T15:14:39.436Z"}
{"level":"info","event":"action","runId":"bdab73a3-088f-46d9-b90e-63be8398f82b","type":"challenge","rationale":"No counterexample found in accessed primary sources. This is not proof that the conclusion is true.","step":7,"t":"2026-09-17T15:14:39.454Z"}
{"level":"info","event":"action","runId":"bdab73a3-088f-46d9-b90e-63be8398f82b","type":"synthesize","rationale":"decision_critical_gaps_resolved_or_unresolvable; high-impact claims supported or qualified; contradictions handled; remaining actions low expected value","step":8,"t":"2026-09-17T15:14:39.467Z"}
{"level":"info","event":"action","runId":"0e732871-0543-45c2-9980-07f60ff07690","type":"challenge","rationale":"Disconfirm material conclusion: A primary source that directly contradicts this conclusion.","step":0,"t":"2026-09-17T15:14:39.916Z"}
{"level":"info","event":"action","runId":"0e732871-0543-45c2-9980-07f60ff07690","type":"fetch","rationale":"Inspect an already-known source before another generic query","step":1,"t":"2026-09-17T15:14:39.946Z"}
{"level":"info","event":"action","runId":"0e732871-0543-45c2-9980-07f60ff07690","type":"fetch","rationale":"Inspect an already-known source before another generic query","step":2,"t":"2026-09-17T15:14:39.963Z"}
{"level":"info","event":"action","runId":"0e732871-0543-45c2-9980-07f60ff07690","type":"fetch","rationale":"Inspect an already-known source before another generic query","step":3,"t":"2026-09-17T15:14:39.979Z"}
{"level":"info","event":"action","runId":"0e732871-0543-45c2-9980-07f60ff07690","type":"challenge","rationale":"Disconfirm material conclusion: A hard-constraint violation for a candidate currently marked eligible.","step":4,"t":"2026-09-17T15:14:40.001Z"}
{"level":"info","event":"action","runId":"0e732871-0543-45c2-9980-07f60ff07690","type":"challenge","rationale":"No counterexample found in accessed primary sources. This is not proof that the conclusion is true.","step":5,"t":"2026-09-17T15:14:40.016Z"}
{"level":"info","event":"action","runId":"0e732871-0543-45c2-9980-07f60ff07690","type":"synthesize","rationale":"decision_critical_gaps_resolved_or_unresolvable; high-impact claims supported or qualified; contradictions handled; remaining actions low expected value","step":6,"t":"2026-09-17T15:14:40.029Z"}
{"level":"info","event":"action","runId":"6816417a-e04d-435a-898f-2e902637b12d","type":"search","rationale":"Investigate an uncovered required question","step":0,"t":"2026-09-17T15:14:40.469Z"}
{"level":"info","event":"action","runId":"6816417a-e04d-435a-898f-2e902637b12d","type":"fetch","rationale":"Inspect an already-known source before another generic query","step":1,"t":"2026-09-17T15:14:40.491Z"}
{"level":"info","event":"action","runId":"6816417a-e04d-435a-898f-2e902637b12d","type":"fetch","rationale":"Inspect an already-known source before another generic query","step":2,"t":"2026-09-17T15:14:40.506Z"}
{"level":"info","event":"action","runId":"6816417a-e04d-435a-898f-2e902637b12d","type":"fetch","rationale":"Inspect an already-known source before another generic query","step":3,"t":"2026-09-17T15:14:40.524Z"}
{"level":"info","event":"action","runId":"6816417a-e04d-435a-898f-2e902637b12d","type":"challenge","rationale":"Disconfirm material conclusion: A hard-constraint violation for a candidate currently marked eligible.","step":4,"t":"2026-09-17T15:14:40.540Z"}
{"level":"info","event":"action","runId":"6816417a-e04d-435a-898f-2e902637b12d","type":"challenge","rationale":"No counterexample found in accessed primary sources. This is not proof that the conclusion is true.","step":5,"t":"2026-09-17T15:14:40.555Z"}
{"level":"info","event":"action","runId":"6816417a-e04d-435a-898f-2e902637b12d","type":"synthesize","rationale":"decision_critical_gaps_resolved_or_unresolvable; high-impact claims supported or qualified; contradictions handled; remaining actions low expected value","step":6,"t":"2026-09-17T15:14:40.566Z"}
{"level":"info","event":"action","runId":"3fd55d06-52aa-4d52-9617-286d9762083c","type":"challenge","rationale":"Disconfirm material conclusion: A primary source that directly contradicts this conclusion.","step":0,"t":"2026-09-17T15:14:40.789Z"}
{"level":"info","event":"action","runId":"3fd55d06-52aa-4d52-9617-286d9762083c","type":"fetch","rationale":"Inspect an already-known source before another generic query","step":1,"t":"2026-09-17T15:14:40.811Z"}
{"level":"info","event":"action","runId":"3fd55d06-52aa-4d52-9617-286d9762083c","type":"fetch","rationale":"Inspect an already-known source before another generic query","step":2,"t":"2026-09-17T15:14:40.827Z"}
{"level":"info","event":"action","runId":"3fd55d06-52aa-4d52-9617-286d9762083c","type":"fetch","rationale":"Inspect an already-known source before another generic query","step":3,"t":"2026-09-17T15:14:40.841Z"}
{"level":"info","event":"action","runId":"3fd55d06-52aa-4d52-9617-286d9762083c","type":"challenge","rationale":"Disconfirm material conclusion: A hard-constraint violation for a candidate currently marked eligible.","step":4,"t":"2026-09-17T15:14:40.860Z"}
{"level":"info","event":"action","runId":"3fd55d06-52aa-4d52-9617-286d9762083c","type":"challenge","rationale":"No counterexample found in accessed primary sources. This is not proof that the conclusion is true.","step":5,"t":"2026-09-17T15:14:40.875Z"}
{"level":"info","event":"action","runId":"3fd55d06-52aa-4d52-9617-286d9762083c","type":"synthesize","rationale":"decision_critical_gaps_resolved_or_unresolvable; high-impact claims supported or qualified; contradictions handled; remaining actions low expected value","step":6,"t":"2026-09-17T15:14:40.887Z"}
{"level":"info","event":"action","runId":"7dd901f2-0416-441c-9522-de2a1011bd92","type":"search","rationale":"Investigate an uncovered required question","step":0,"t":"2026-09-17T15:14:41.119Z"}
{"level":"info","event":"action","runId":"7dd901f2-0416-441c-9522-de2a1011bd92","type":"fetch","rationale":"Inspect an already-known source before another generic query","step":1,"t":"2026-09-17T15:14:41.143Z"}
{"level":"info","event":"action","runId":"7dd901f2-0416-441c-9522-de2a1011bd92","type":"fetch","rationale":"Inspect an already-known source before another generic query","step":2,"t":"2026-09-17T15:14:41.158Z"}
{"level":"info","event":"action","runId":"7dd901f2-0416-441c-9522-de2a1011bd92","type":"fetch","rationale":"Inspect an already-known source before another generic query","step":3,"t":"2026-09-17T15:14:41.170Z"}
{"level":"info","event":"action","runId":"7dd901f2-0416-441c-9522-de2a1011bd92","type":"challenge","rationale":"Disconfirm material conclusion: A hard-constraint violation for a candidate currently marked eligible.","step":4,"t":"2026-09-17T15:14:41.188Z"}
{"level":"info","event":"action","runId":"7dd901f2-0416-441c-9522-de2a1011bd92","type":"challenge","rationale":"No counterexample found in accessed primary sources. This is not proof that the conclusion is true.","step":5,"t":"2026-09-17T15:14:41.204Z"}
{"level":"info","event":"action","runId":"7dd901f2-0416-441c-9522-de2a1011bd92","type":"synthesize","rationale":"decision_critical_gaps_resolved_or_unresolvable; high-impact claims supported or qualified; contradictions handled; remaining actions low expected value","step":6,"t":"2026-09-17T15:14:41.214Z"}
{"level":"info","event":"action","runId":"4e31ad2f-1b82-4424-b326-b271798e8086","type":"search","rationale":"Investigate an uncovered required question","step":0,"t":"2026-09-17T15:14:41.422Z"}
{"level":"info","event":"action","runId":"4e31ad2f-1b82-4424-b326-b271798e8086","type":"fetch","rationale":"Inspect an already-known source before another generic query","step":1,"t":"2026-09-17T15:14:41.443Z"}
{"level":"info","event":"action","runId":"4e31ad2f-1b82-4424-b326-b271798e8086","type":"fetch","rationale":"Inspect an already-known source before another generic query","step":2,"t":"2026-09-17T15:14:41.458Z"}
{"level":"info","event":"action","runId":"4e31ad2f-1b82-4424-b326-b271798e8086","type":"fetch","rationale":"Inspect an already-known source before another generic query","step":3,"t":"2026-09-17T15:14:41.470Z"}
{"level":"info","event":"action","runId":"4e31ad2f-1b82-4424-b326-b271798e8086","type":"fetch","rationale":"Inspect an already-known source before another generic query","step":4,"t":"2026-09-17T15:14:41.483Z"}
{"level":"info","event":"action","runId":"4e31ad2f-1b82-4424-b326-b271798e8086","type":"fetch","rationale":"Inspect an already-known source before another generic query","step":5,"t":"2026-09-17T15:14:41.494Z"}
{"level":"info","event":"action","runId":"4e31ad2f-1b82-4424-b326-b271798e8086","type":"challenge","rationale":"Disconfirm material conclusion: A primary source that directly contradicts this conclusion.","step":6,"t":"2026-09-17T15:14:41.507Z"}
{"level":"info","event":"action","runId":"4e31ad2f-1b82-4424-b326-b271798e8086","type":"challenge","rationale":"No counterexample found in accessed primary sources. This is not proof that the conclusion is true.","step":7,"t":"2026-09-17T15:14:41.522Z"}
{"level":"info","event":"action","runId":"4e31ad2f-1b82-4424-b326-b271798e8086","type":"synthesize","rationale":"decision_critical_gaps_resolved_or_unresolvable; high-impact claims supported or qualified; contradictions handled; remaining actions low expected value","step":8,"t":"2026-09-17T15:14:41.532Z"}
{"level":"info","event":"action","runId":"9d286e13-aa17-4e76-aafb-1083094d2119","type":"search","rationale":"Investigate an uncovered required question","step":0,"t":"2026-09-17T15:14:41.934Z"}
{"level":"info","event":"action","runId":"9d286e13-aa17-4e76-aafb-1083094d2119","type":"fetch","rationale":"Inspect an already-known source before another generic query","step":1,"t":"2026-09-17T15:14:41.954Z"}
{"level":"info","event":"action","runId":"9d286e13-aa17-4e76-aafb-1083094d2119","type":"fetch","rationale":"Inspect an already-known source before another generic query","step":2,"t":"2026-09-17T15:14:41.968Z"}
{"level":"info","event":"action","runId":"9d286e13-aa17-4e76-aafb-1083094d2119","type":"fetch","rationale":"Inspect an already-known source before another generic query","step":3,"t":"2026-09-17T15:14:41.983Z"}
{"level":"info","event":"action","runId":"9d286e13-aa17-4e76-aafb-1083094d2119","type":"fetch","rationale":"Inspect an already-known source before another generic query","step":4,"t":"2026-09-17T15:14:41.996Z"}
{"level":"info","event":"action","runId":"9d286e13-aa17-4e76-aafb-1083094d2119","type":"fetch","rationale":"Inspect an already-known source before another generic query","step":5,"t":"2026-09-17T15:14:42.011Z"}
{"level":"info","event":"action","runId":"9d286e13-aa17-4e76-aafb-1083094d2119","type":"challenge","rationale":"Disconfirm material conclusion: A primary source that directly contradicts this conclusion.","step":6,"t":"2026-09-17T15:14:42.024Z"}
{"level":"info","event":"action","runId":"9d286e13-aa17-4e76-aafb-1083094d2119","type":"challenge","rationale":"No counterexample found in accessed primary sources. This is not proof that the conclusion is true.","step":7,"t":"2026-09-17T15:14:42.039Z"}
{"level":"info","event":"action","runId":"9d286e13-aa17-4e76-aafb-1083094d2119","type":"synthesize","rationale":"decision_critical_gaps_resolved_or_unresolvable; high-impact claims supported or qualified; contradictions handled; remaining actions low expected value","step":8,"t":"2026-09-17T15:14:42.050Z"}
{"level":"info","event":"action","runId":"a56fdcb1-1dd0-41ef-88bc-3ca80c6f4b58","type":"search","rationale":"Investigate an uncovered required question","step":0,"t":"2026-09-17T15:14:42.451Z"}
{"level":"info","event":"action","runId":"a56fdcb1-1dd0-41ef-88bc-3ca80c6f4b58","type":"fetch","rationale":"Inspect an already-known source before another generic query","step":1,"t":"2026-09-17T15:14:42.473Z"}
{"level":"info","event":"action","runId":"a56fdcb1-1dd0-41ef-88bc-3ca80c6f4b58","type":"fetch","rationale":"Inspect an already-known source before another generic query","step":2,"t":"2026-09-17T15:14:42.486Z"}
{"level":"info","event":"action","runId":"a56fdcb1-1dd0-41ef-88bc-3ca80c6f4b58","type":"fetch","rationale":"Inspect an already-known source before another generic query","step":3,"t":"2026-09-17T15:14:42.500Z"}
{"level":"info","event":"action","runId":"a56fdcb1-1dd0-41ef-88bc-3ca80c6f4b58","type":"challenge","rationale":"Disconfirm material conclusion: A hard-constraint violation for a candidate currently marked eligible.","step":4,"t":"2026-09-17T15:14:42.517Z"}
{"level":"info","event":"action","runId":"a56fdcb1-1dd0-41ef-88bc-3ca80c6f4b58","type":"challenge","rationale":"No counterexample found in accessed primary sources. This is not proof that the conclusion is true.","step":5,"t":"2026-09-17T15:14:42.529Z"}
{"level":"info","event":"action","runId":"a56fdcb1-1dd0-41ef-88bc-3ca80c6f4b58","type":"synthesize","rationale":"decision_critical_gaps_resolved_or_unresolvable; high-impact claims supported or qualified; contradictions handled; remaining actions low expected value","step":6,"t":"2026-09-17T15:14:42.540Z"}
{"level":"info","event":"action","runId":"9b3032e9-56ef-48ba-b4dc-d3020882438d","type":"search","rationale":"Investigate an uncovered required question","step":0,"t":"2026-09-17T15:14:42.768Z"}
{"level":"info","event":"action","runId":"9b3032e9-56ef-48ba-b4dc-d3020882438d","type":"fetch","rationale":"Inspect an already-known source before another generic query","step":1,"t":"2026-09-17T15:14:42.788Z"}
{"level":"info","event":"action","runId":"9b3032e9-56ef-48ba-b4dc-d3020882438d","type":"fetch","rationale":"Inspect an already-known source before another generic query","step":2,"t":"2026-09-17T15:14:42.801Z"}
{"level":"info","event":"action","runId":"9b3032e9-56ef-48ba-b4dc-d3020882438d","type":"fetch","rationale":"Inspect an already-known source before another generic query","step":3,"t":"2026-09-17T15:14:42.815Z"}
{"level":"info","event":"action","runId":"9b3032e9-56ef-48ba-b4dc-d3020882438d","type":"challenge","rationale":"Disconfirm material conclusion: A hard-constraint violation for a candidate currently marked eligible.","step":4,"t":"2026-09-17T15:14:42.829Z"}
{"level":"info","event":"action","runId":"9b3032e9-56ef-48ba-b4dc-d3020882438d","type":"challenge","rationale":"No counterexample found in accessed primary sources. This is not proof that the conclusion is true.","step":5,"t":"2026-09-17T15:14:42.842Z"}
{"level":"info","event":"action","runId":"9b3032e9-56ef-48ba-b4dc-d3020882438d","type":"synthesize","rationale":"decision_critical_gaps_resolved_or_unresolvable; high-impact claims supported or qualified; contradictions handled; remaining actions low expected value","step":6,"t":"2026-09-17T15:14:42.852Z"}
 ❯ test/g01-g02.integration.test.ts (9 tests | 4 failed) 3998ms
   × G01 safety policy > G01-cross-user: another account cannot read run, events, report, source, export, or mutate 649ms
     → expected null to be truthy
   ✓ G01 safety policy > G01-private-to-public: attachment canary is stored as evidence and omitted from search queries  550ms
   × G01 safety policy > G01-consent: missing, declined, and revoked consent cannot start or continue processing 339ms
     → expected 'unsupported_citation' to be 'consent_revoked' // Object.is equality
   ✓ G01 safety policy > G01-deletion: derived text is purged and a late worker cannot resurrect it  334ms
   ✓ G02 engineering requirement > G02-unknown-citation: invented passage IDs cannot publish  307ms
   × G02 engineering requirement > G02-lost-run: an accepted create remains recoverable from the server after the client drops state 502ms
     → expected null to be truthy
   × G02 engineering requirement > G02-duplicate-debit: replayed completion and idempotent create settle once 519ms
     → expected +0 to be 1 // Object.is equality
   ✓ G02 engineering requirement > G02-stale-revision: obsolete brief, evidence, or lease cannot publish  320ms
   ✓ G02 engineering requirement > G02-cancel-writing: cancel during writing rejects late publication  309ms
{"level":"info","event":"action","runId":"91045706-338a-49fd-a2f8-f6773c83c62e","type":"search","rationale":"Investigate an uncovered required question","step":0,"t":"2026-09-17T15:14:43.725Z"}
{"level":"info","event":"action","runId":"a00ecaa5-edda-432e-8ee3-13725dd62d78","type":"search","rationale":"Investigate an uncovered required question","step":0,"t":"2026-09-17T15:14:43.973Z"}
{"level":"info","event":"action","runId":"a00ecaa5-edda-432e-8ee3-13725dd62d78","type":"fetch","rationale":"Inspect an already-known source before another generic query","step":1,"t":"2026-09-17T15:14:44.003Z"}
{"level":"info","event":"action","runId":"a00ecaa5-edda-432e-8ee3-13725dd62d78","type":"fetch","rationale":"Inspect an already-known source before another generic query","step":2,"t":"2026-09-17T15:14:44.021Z"}
{"level":"info","event":"action","runId":"a00ecaa5-edda-432e-8ee3-13725dd62d78","type":"fetch","rationale":"Inspect an already-known source before another generic query","step":3,"t":"2026-09-17T15:14:44.037Z"}
{"level":"info","event":"action","runId":"a00ecaa5-edda-432e-8ee3-13725dd62d78","type":"challenge","rationale":"Disconfirm material conclusion: A hard-constraint violation for a candidate currently marked eligible.","step":4,"t":"2026-09-17T15:14:44.060Z"}
{"level":"info","event":"action","runId":"a00ecaa5-edda-432e-8ee3-13725dd62d78","type":"challenge","rationale":"No counterexample found in accessed primary sources. This is not proof that the conclusion is true.","step":5,"t":"2026-09-17T15:14:44.078Z"}
{"level":"info","event":"action","runId":"a00ecaa5-edda-432e-8ee3-13725dd62d78","type":"synthesize","rationale":"decision_critical_gaps_resolved_or_unresolvable; high-impact claims supported or qualified; contradictions handled; remaining actions low expected value","step":6,"t":"2026-09-17T15:14:44.090Z"}
{"level":"info","event":"action","runId":"a00ecaa5-edda-432e-8ee3-13725dd62d78","type":"synthesize","rationale":"decision_critical_gaps_resolved_or_unresolvable; high-impact claims supported or qualified; contradictions handled; remaining actions low expected value","step":0,"t":"2026-09-17T15:14:44.328Z"}
 ❯ test/p4-recovery.integration.test.ts (2 tests | 2 failed) 1258ms
   × P4 recovery drill against shipped worker/Postgres > crash after fetch: evidence kept, live lease not stolen, expired lease recovered without double-settle 299ms
     → expected 'running' to be 'terminal' // Object.is equality
   × P4 recovery drill against shipped worker/Postgres > crash before publish then expired-lease failover: one report and one settlement 792ms
     → expected null to be truthy
{"level":"info","event":"action","runId":"66efed0b-d211-4cf4-bdb1-96a2396b114f","type":"search","rationale":"Investigate an uncovered required question","step":0,"t":"2026-09-17T15:14:45.547Z"}
{"level":"info","event":"action","runId":"66efed0b-d211-4cf4-bdb1-96a2396b114f","type":"fetch","rationale":"Inspect an already-known source before another generic query","step":1,"t":"2026-09-17T15:14:45.584Z"}
{"level":"info","event":"action","runId":"66efed0b-d211-4cf4-bdb1-96a2396b114f","type":"fetch","rationale":"Inspect an already-known source before another generic query","step":2,"t":"2026-09-17T15:14:45.601Z"}
{"level":"info","event":"action","runId":"66efed0b-d211-4cf4-bdb1-96a2396b114f","type":"fetch","rationale":"Inspect an already-known source before another generic query","step":3,"t":"2026-09-17T15:14:45.619Z"}
{"level":"info","event":"action","runId":"66efed0b-d211-4cf4-bdb1-96a2396b114f","type":"fetch","rationale":"Inspect an already-known source before another generic query","step":4,"t":"2026-09-17T15:14:45.635Z"}
{"level":"info","event":"action","runId":"66efed0b-d211-4cf4-bdb1-96a2396b114f","type":"fetch","rationale":"Inspect an already-known source before another generic query","step":5,"t":"2026-09-17T15:14:45.652Z"}
{"level":"info","event":"action","runId":"66efed0b-d211-4cf4-bdb1-96a2396b114f","type":"challenge","rationale":"Disconfirm material conclusion: A primary source that directly contradicts this conclusion.","step":6,"t":"2026-09-17T15:14:45.671Z"}
{"level":"info","event":"action","runId":"66efed0b-d211-4cf4-bdb1-96a2396b114f","type":"challenge","rationale":"No counterexample found in accessed primary sources. This is not proof that the conclusion is true.","step":7,"t":"2026-09-17T15:14:45.688Z"}
{"level":"info","event":"action","runId":"66efed0b-d211-4cf4-bdb1-96a2396b114f","type":"synthesize","rationale":"decision_critical_gaps_resolved_or_unresolvable; high-impact claims supported or qualified; contradictions handled; remaining actions low expected value","step":8,"t":"2026-09-17T15:14:45.706Z"}
 ❯ test/g07-output.integration.test.ts (3 tests | 1 failed) 1177ms
   ✓ G07 / M10 in-app output reporting and privacy disclosure > GET /v1/settings exposes privacy disclosure and output-reporting categories; purchases stay gated 202ms
   × G07 / M10 in-app output reporting and privacy disclosure > M10 includeExcerpt stores owned answer text; omitting it stores no excerpt; other accounts are denied 614ms
     → expected 500 to be 200 // Object.is equality
   ✓ G07 / M10 in-app output reporting and privacy disclosure > restore purchases stays gated and grants no entitlement 205ms
{"level":"info","event":"action","runId":"2e47df73-be6e-401e-bb2e-4915e968256e","type":"search","rationale":"Investigate an uncovered required question","step":0,"t":"2026-09-17T15:14:47.110Z"}
{"level":"info","event":"action","runId":"2e47df73-be6e-401e-bb2e-4915e968256e","type":"fetch","rationale":"Inspect an already-known source before another generic query","step":1,"t":"2026-09-17T15:14:47.144Z"}
{"level":"info","event":"action","runId":"2e47df73-be6e-401e-bb2e-4915e968256e","type":"fetch","rationale":"Inspect an already-known source before another generic query","step":2,"t":"2026-09-17T15:14:47.161Z"}
{"level":"info","event":"action","runId":"2e47df73-be6e-401e-bb2e-4915e968256e","type":"fetch","rationale":"Inspect an already-known source before another generic query","step":3,"t":"2026-09-17T15:14:47.178Z"}
{"level":"info","event":"action","runId":"2e47df73-be6e-401e-bb2e-4915e968256e","type":"challenge","rationale":"Disconfirm material conclusion: A hard-constraint violation for a candidate currently marked eligible.","step":4,"t":"2026-09-17T15:14:47.198Z"}
{"level":"info","event":"action","runId":"2e47df73-be6e-401e-bb2e-4915e968256e","type":"challenge","rationale":"No counterexample found in accessed primary sources. This is not proof that the conclusion is true.","step":5,"t":"2026-09-17T15:14:47.216Z"}
{"level":"info","event":"action","runId":"2e47df73-be6e-401e-bb2e-4915e968256e","type":"synthesize","rationale":"decision_critical_gaps_resolved_or_unresolvable; high-impact claims supported or qualified; contradictions handled; remaining actions low expected value","step":6,"t":"2026-09-17T15:14:47.230Z"}
 ❯ test/g06-cost.integration.test.ts (2 tests | 1 failed) 924ms
   ✓ G06 local capability probe and measured fixture cost > GET /v1/routes/capabilities pins fixture tariffs and does not enable a live paid probe 189ms
   × G06 local capability probe and measured fixture cost > GET /v1/runs/:id/cost reconciles spent_micro to fixture intents and denies other accounts 584ms
     → expected 'reserved' to be 'settled' // Object.is equality
{"level":"info","event":"action","runId":"9a835fc1-3baf-4df2-a396-320d14202d01","type":"search","rationale":"Investigate an uncovered required question","step":0,"t":"2026-09-17T15:14:48.277Z"}
{"level":"info","event":"action","runId":"9a835fc1-3baf-4df2-a396-320d14202d01","type":"stop","rationale":"action type reveal_keys is not a permitted research action","step":1,"t":"2026-09-17T15:14:48.301Z"}
{"level":"info","event":"action","runId":"60b4ca59-8ccd-4ba0-a9b2-c6b7dad13491","type":"search","rationale":"Investigate an uncovered required question","step":0,"t":"2026-09-17T15:14:48.721Z"}
{"level":"info","event":"action","runId":"60b4ca59-8ccd-4ba0-a9b2-c6b7dad13491","type":"search","rationale":"Decision-blocking gap: authoritative compatibility limitation. Switching source type to vendor-matrix.","step":1,"t":"2026-09-17T15:14:48.747Z"}
{"level":"info","event":"action","runId":"60b4ca59-8ccd-4ba0-a9b2-c6b7dad13491","type":"fetch","rationale":"Inspect the preferred source type (vendor-matrix) before more weak sources","step":2,"t":"2026-09-17T15:14:48.767Z"}
{"level":"info","event":"action","runId":"60b4ca59-8ccd-4ba0-a9b2-c6b7dad13491","type":"fetch","rationale":"Inspect an already-known source before another generic query","step":3,"t":"2026-09-17T15:14:48.785Z"}
{"level":"info","event":"action","runId":"60b4ca59-8ccd-4ba0-a9b2-c6b7dad13491","type":"fetch","rationale":"Inspect an already-known source before another generic query","step":4,"t":"2026-09-17T15:14:48.800Z"}
{"level":"info","event":"action","runId":"60b4ca59-8ccd-4ba0-a9b2-c6b7dad13491","type":"fetch","rationale":"Inspect an already-known source before another generic query","step":5,"t":"2026-09-17T15:14:48.815Z"}
{"level":"info","event":"action","runId":"60b4ca59-8ccd-4ba0-a9b2-c6b7dad13491","type":"verify","rationale":"Scope-check contradiction on compatibility before treating newest as correct","step":6,"t":"2026-09-17T15:14:48.835Z"}
{"level":"info","event":"action","runId":"60b4ca59-8ccd-4ba0-a9b2-c6b7dad13491","type":"challenge","rationale":"Disconfirm material conclusion: Official compatibility documentation that lists the named version as supported.","step":7,"t":"2026-09-17T15:14:48.850Z"}
{"level":"info","event":"action","runId":"60b4ca59-8ccd-4ba0-a9b2-c6b7dad13491","type":"challenge","rationale":"No counterexample found in accessed primary sources. This is not proof that the conclusion is true.","step":8,"t":"2026-09-17T15:14:48.866Z"}
{"level":"info","event":"action","runId":"60b4ca59-8ccd-4ba0-a9b2-c6b7dad13491","type":"synthesize","rationale":"decision_critical_gaps_resolved_or_unresolvable; high-impact claims supported or qualified; contradictions handled; remaining actions low expected value","step":9,"t":"2026-09-17T15:14:48.880Z"}
{"level":"info","event":"action","runId":"b3030d2b-6ee9-491f-b275-6b6cd7868fa3","type":"search","rationale":"Investigate an uncovered required question","step":0,"t":"2026-09-17T15:14:49.288Z"}
{"level":"info","event":"action","runId":"b3030d2b-6ee9-491f-b275-6b6cd7868fa3","type":"fetch","rationale":"Inspect an already-known source before another generic query","step":1,"t":"2026-09-17T15:14:49.312Z"}
{"level":"info","event":"action","runId":"b3030d2b-6ee9-491f-b275-6b6cd7868fa3","type":"fetch","rationale":"Inspect an already-known source before another generic query","step":2,"t":"2026-09-17T15:14:49.328Z"}
{"level":"info","event":"action","runId":"b3030d2b-6ee9-491f-b275-6b6cd7868fa3","type":"fetch","rationale":"Inspect an already-known source before another generic query","step":3,"t":"2026-09-17T15:14:49.342Z"}
{"level":"info","event":"action","runId":"b3030d2b-6ee9-491f-b275-6b6cd7868fa3","type":"challenge","rationale":"Disconfirm material conclusion: A hard-constraint violation for a candidate currently marked eligible.","step":4,"t":"2026-09-17T15:14:49.362Z"}
{"level":"info","event":"action","runId":"b3030d2b-6ee9-491f-b275-6b6cd7868fa3","type":"challenge","rationale":"No counterexample found in accessed primary sources. This is not proof that the conclusion is true.","step":5,"t":"2026-09-17T15:14:49.377Z"}
{"level":"info","event":"action","runId":"b3030d2b-6ee9-491f-b275-6b6cd7868fa3","type":"synthesize","rationale":"decision_critical_gaps_resolved_or_unresolvable; high-impact claims supported or qualified; contradictions handled; remaining actions low expected value","step":6,"t":"2026-09-17T15:14:49.389Z"}
{"level":"info","event":"action","runId":"2e647ca8-461c-4f85-933a-de3620187f9c","type":"search","rationale":"Investigate an uncovered required question","step":0,"t":"2026-09-17T15:14:49.825Z"}
{"level":"info","event":"action","runId":"2e647ca8-461c-4f85-933a-de3620187f9c","type":"search","rationale":"Investigate an uncovered required question","step":1,"t":"2026-09-17T15:14:49.856Z"}
{"level":"info","event":"action","runId":"2e647ca8-461c-4f85-933a-de3620187f9c","type":"stop","rationale":"Repeated searches returned no novel source family or coverage progress","step":2,"t":"2026-09-17T15:14:49.875Z"}
 ✓ test/controller-admission.integration.test.ts (5 tests) 2358ms
   ✓ controller admission on the fixture worker path > rejects injected privileged proposals and still inspects remaining sources  500ms
   ✓ controller admission on the fixture worker path > records a source-type pivot and stop reason for a compatibility gap  576ms
   ✓ controller admission on the fixture worker path > unknown-dependency correction forces a full rerun  524ms
   ✓ controller admission on the fixture worker path > processRun records an issued live intent before the provider call for a well-formed search  456ms
 ✓ test/v6-execution.integration.test.ts (9 tests) 440ms
 ✓ test/v6-publication.integration.test.ts (11 tests) 178ms
 ✓ test/v6-ingestion.integration.test.ts (1 test) 82ms
 ✓ test/pinned-http.integration.test.ts (3 tests) 83ms

⎯⎯⎯⎯⎯⎯ Failed Tests 62 ⎯⎯⎯⎯⎯⎯⎯

 FAIL  test/g01-g02.integration.test.ts > G01 safety policy > G01-cross-user: another account cannot read run, events, report, source, export, or mutate
AssertionError: expected null to be truthy

- Expected: 
true

+ Received: 
null

 ❯ test/g01-g02.integration.test.ts:141:22
    139|     expect(snap.statusCode).toBe(200);
    140|     const reportId = snap.json().reportId as string;
    141|     expect(reportId).toBeTruthy();
       |                      ^
    142|     const report = await app.inject({
    143|       method: "GET",

⎯⎯⎯⎯⎯⎯⎯⎯⎯⎯⎯⎯⎯⎯⎯⎯⎯⎯⎯⎯⎯⎯⎯[1/62]⎯

 FAIL  test/g01-g02.integration.test.ts > G01 safety policy > G01-consent: missing, declined, and revoked consent cannot start or continue processing
AssertionError: expected 'unsupported_citation' to be 'consent_revoked' // Object.is equality

Expected: "consent_revoked"
Received: "unsupported_citation"

 ❯ test/g01-g02.integration.test.ts:248:25
    246|     });
    247|     expect(late.accepted).toBe(false);
    248|     expect(late.reason).toBe("consent_revoked");
       |                         ^
    249|     await processRun(pool, config, runId);
    250|     const done = await getRun(pool, runId);

⎯⎯⎯⎯⎯⎯⎯⎯⎯⎯⎯⎯⎯⎯⎯⎯⎯⎯⎯⎯⎯⎯⎯[2/62]⎯

 FAIL  test/g01-g02.integration.test.ts > G02 engineering requirement > G02-lost-run: an accepted create remains recoverable from the server after the client drops state
AssertionError: expected null to be truthy

- Expected: 
true

+ Received: 
null

 ❯ test/g01-g02.integration.test.ts:359:34
    357|       headers: { authorization: `Bearer ${token}` },
    358|     });
    359|     expect(done.json().reportId).toBeTruthy();
       |                                  ^
    360|   });
    361| 

⎯⎯⎯⎯⎯⎯⎯⎯⎯⎯⎯⎯⎯⎯⎯⎯⎯⎯⎯⎯⎯⎯⎯[3/62]⎯

 FAIL  test/g01-g02.integration.test.ts > G02 engineering requirement > G02-duplicate-debit: replayed completion and idempotent create settle once
AssertionError: expected +0 to be 1 // Object.is equality

- Expected
+ Received

- 1
+ 0

 ❯ test/g01-g02.integration.test.ts:397:53
    395|     );
    396|     expect(Number(afterSecond.rows[0]!.n)).toBe(1);
    397|     expect(Number(afterSecond.rows[0]!.reserved_n)).toBe(1);
       |                                                     ^
    398|     expect(afterSecond.rows[0]!.settled).toBe(afterFirst.rows[0]!.sett…
    399|     const reports = await pool.query(`SELECT count(*)::int AS n FROM r…

⎯⎯⎯⎯⎯⎯⎯⎯⎯⎯⎯⎯⎯⎯⎯⎯⎯⎯⎯⎯⎯⎯⎯[4/62]⎯

 FAIL  test/g06-cost.integration.test.ts > G06 local capability probe and measured fixture cost > GET /v1/runs/:id/cost reconciles spent_micro to fixture intents and denies other accounts
AssertionError: expected 'reserved' to be 'settled' // Object.is equality

Expected: "settled"
Received: "reserved"

 ❯ test/g06-cost.integration.test.ts:124:35
    122|     expect(body.breakdown.fetch).toBeGreaterThan(0);
    123|     expect(body.breakdown.synthesize).toBe(FIXTURE_SYNTH_COST_MICRO);
    124|     expect(body.reservationState).toBe("settled");
       |                                   ^
    125|     expect(body.spentMicro).toBeLessThanOrEqual(body.reservationAmount…
    126|     const allow = await pool.query<{ settled_micro: string; reserved_m…

⎯⎯⎯⎯⎯⎯⎯⎯⎯⎯⎯⎯⎯⎯⎯⎯⎯⎯⎯⎯⎯⎯⎯[5/62]⎯

 FAIL  test/g07-output.integration.test.ts > G07 / M10 in-app output reporting and privacy disclosure > M10 includeExcerpt stores owned answer text; omitting it stores no excerpt; other accounts are denied
AssertionError: expected 500 to be 200 // Object.is equality

- Expected
+ Received

- 200
+ 500

 ❯ test/g07-output.integration.test.ts:90:36
     88|       payload: { claimId: "answer", category: "inaccurate", note: "pri…
     89|     });
     90|     expect(withExcerpt.statusCode).toBe(200);
       |                                    ^
     91|     expect(withExcerpt.json().submitted).toBe(true);
     92|     expect(withExcerpt.json().includedExcerpt).toBe(true);

⎯⎯⎯⎯⎯⎯⎯⎯⎯⎯⎯⎯⎯⎯⎯⎯⎯⎯⎯⎯⎯⎯⎯[6/62]⎯

 FAIL  test/launch-scope.integration.test.ts > launch-scope fixture/postgres cases > R07 keeps a paywalled page snippet-only and does not claim a full read
TypeError: .toMatch() expects to receive a string, but got undefined
 ❯ test/launch-scope.integration.test.ts:106:44
    104|     expect(evidence.passages.some((p) => p.exact_text.includes("THIS F…
    105|     const report = await getLatestReportForRun(pool, runId, accountId);
    106|     expect(JSON.stringify(report?.blocks)).toMatch(/snippet-only|block…
       |                                            ^
    107|   });
    108| 

⎯⎯⎯⎯⎯⎯⎯⎯⎯⎯⎯⎯⎯⎯⎯⎯⎯⎯⎯⎯⎯⎯⎯[7/62]⎯

 FAIL  test/launch-scope.integration.test.ts > launch-scope fixture/postgres cases > R11 records a real price contradiction without averaging
TypeError: .toMatch() expects to receive a string, but got undefined
 ❯ test/launch-scope.integration.test.ts:116:18
    114|     const report = await getLatestReportForRun(pool, runId, accountId);
    115|     const text = JSON.stringify(report?.blocks);
    116|     expect(text).toMatch(/19/);
       |                  ^
    117|     expect(text).toMatch(/45/);
    118|     expect(text).toMatch(/not averaged|Unresolved disagreement/i);

⎯⎯⎯⎯⎯⎯⎯⎯⎯⎯⎯⎯⎯⎯⎯⎯⎯⎯⎯⎯⎯⎯⎯[8/62]⎯

 FAIL  test/launch-scope.integration.test.ts > launch-scope fixture/postgres cases > R14 budget-limited outcome is not marked comprehensive
AssertionError: expected undefined to be 'completed_with_limitations' // Object.is equality

- Expected: 
"completed_with_limitations"

+ Received: 
undefined

 ❯ test/launch-scope.integration.test.ts:128:29
    126|     await processRun(pool, config, runId);
    127|     const report = await getLatestReportForRun(pool, runId, accountId);
    128|     expect(report?.outcome).toBe("completed_with_limitations");
       |                             ^
    129|     expect(JSON.stringify(report?.limitations)).toMatch(/Budget|not co…
    130|   });

⎯⎯⎯⎯⎯⎯⎯⎯⎯⎯⎯⎯⎯⎯⎯⎯⎯⎯⎯⎯⎯⎯⎯[9/62]⎯

 FAIL  test/launch-scope.integration.test.ts > launch-scope fixture/postgres cases > R22 preserves a reproducible annual cost calculation
TypeError: .toMatch() expects to receive a string, but got undefined
 ❯ test/launch-scope.integration.test.ts:142:18
    140|     const report = await getLatestReportForRun(pool, runId, accountId);
    141|     const text = JSON.stringify(report?.blocks);
    142|     expect(text).toMatch(/480/);
       |                  ^
    143|     expect(text).toMatch(/annual_from_monthly/);
    144|   });

⎯⎯⎯⎯⎯⎯⎯⎯⎯⎯⎯⎯⎯⎯⎯⎯⎯⎯⎯⎯⎯⎯[10/62]⎯

 FAIL  test/launch-scope.integration.test.ts > launch-scope fixture/postgres cases > V2-01 uses the compatibility matrix, not summary count
TypeError: Cannot read properties of undefined (reading 'toLowerCase')
 ❯ test/launch-scope.integration.test.ts:154:47
    152|     expect(evidence.sources.some((s) => s.source_type === "vendor-matr…
    153|     const report = await getLatestReportForRun(pool, runId, accountId);
    154|     const text = JSON.stringify(report?.blocks).toLowerCase();
       |                                               ^
    155|     expect(text).toMatch(/not compatible|incompatible/);
    156|     expect(text).not.toMatch(/certified compatible from \d+ summaries/…

⎯⎯⎯⎯⎯⎯⎯⎯⎯⎯⎯⎯⎯⎯⎯⎯⎯⎯⎯⎯⎯⎯[11/62]⎯

 FAIL  test/launch-scope.integration.test.ts > launch-scope fixture/postgres cases > V2-02 / R08 switches source type after summary-family saturation
TypeError: .toMatch() expects to receive a string, but got undefined
 ❯ test/launch-scope.integration.test.ts:167:44
    165|     await processRun(pool, config, runId);
    166|     const report = await getLatestReportForRun(pool, runId, accountId);
    167|     expect(JSON.stringify(report?.blocks)).toMatch(/vendor compatibili…
       |                                            ^
    168|   });
    169| 

⎯⎯⎯⎯⎯⎯⎯⎯⎯⎯⎯⎯⎯⎯⎯⎯⎯⎯⎯⎯⎯⎯[12/62]⎯

 FAIL  test/launch-scope.integration.test.ts > launch-scope fixture/postgres cases > V2-04 relaxed budget discovers a previously omitted candidate
TypeError: .toMatch() expects to receive a string, but got undefined
 ❯ test/launch-scope.integration.test.ts:192:44
    190|     const child = await getRun(pool, childId);
    191|     const report = await getLatestReportForRun(pool, childId, child!.a…
    192|     expect(JSON.stringify(report?.blocks)).toMatch(/Vendor C/);
       |                                            ^
    193|   });
    194| 

⎯⎯⎯⎯⎯⎯⎯⎯⎯⎯⎯⎯⎯⎯⎯⎯⎯⎯⎯⎯⎯⎯[13/62]⎯

 FAIL  test/launch-scope.integration.test.ts > launch-scope fixture/postgres cases > V2-05 recomputes a corrected numeric unit
TypeError: .toMatch() expects to receive a string, but got undefined
 ❯ test/launch-scope.integration.test.ts:214:18
    212|     const report = await getLatestReportForRun(pool, childId, accountI…
    213|     const text = JSON.stringify(report?.blocks);
    214|     expect(text).toMatch(/10 mg|10000 mg|mg/);
       |                  ^
    215|     expect(corr.json().impact.reopenedDiscoveryScopes ?? []).not.toCon…
    216|   });

⎯⎯⎯⎯⎯⎯⎯⎯⎯⎯⎯⎯⎯⎯⎯⎯⎯⎯⎯⎯⎯⎯[14/62]⎯

 FAIL  test/launch-scope.integration.test.ts > launch-scope fixture/postgres cases > P2 selective budget reopen is not a full rerun; unknown-dependency correction is; both 120 EUR paths find Vendor C
TypeError: .toMatch() expects to receive a string, but got undefined
 ❯ test/launch-scope.integration.test.ts:284:48
    282|     expect(fullEv.sources.some((s) => s.canonical_locator.includes("ve…
    283|     const fullReport = await getLatestReportForRun(pool, full.json().r…
    284|     expect(JSON.stringify(fullReport?.blocks)).toMatch(/Vendor C/);
       |                                                ^
    285|   });
    286| 

⎯⎯⎯⎯⎯⎯⎯⎯⎯⎯⎯⎯⎯⎯⎯⎯⎯⎯⎯⎯⎯⎯[15/62]⎯

 FAIL  test/launch-scope.integration.test.ts > launch-scope fixture/postgres cases > V2-18 distinguishes no eligible inspected option from universal absence
TypeError: .toMatch() expects to receive a string, but got undefined
 ❯ test/launch-scope.integration.test.ts:318:18
    316|     const report = await getLatestReportForRun(pool, runId, accountId);
    317|     const text = JSON.stringify(report?.blocks);
    318|     expect(text).toMatch(/inspected/);
       |                  ^
    319|     expect(text).toMatch(/not a claim that no option exists outside/i);
    320|   });

⎯⎯⎯⎯⎯⎯⎯⎯⎯⎯⎯⎯⎯⎯⎯⎯⎯⎯⎯⎯⎯⎯[16/62]⎯

 FAIL  test/launch-scope.integration.test.ts > launch-scope fixture/postgres cases > S04 does not leave raw script markup in the canonical report
TypeError: .toMatch() expects to receive a string, but got undefined
 ❯ test/launch-scope.integration.test.ts:344:48
    342|     await processRun(pool, config, runId);
    343|     const report = await getLatestReportForRun(pool, runId, accountId);
    344|     expect(JSON.stringify(report?.blocks)).not.toMatch(/<script/i);
       |                                                ^
    345|   });
    346| 

⎯⎯⎯⎯⎯⎯⎯⎯⎯⎯⎯⎯⎯⎯⎯⎯⎯⎯⎯⎯⎯⎯[17/62]⎯

 FAIL  test/launch-scope.integration.test.ts > launch-scope fixture/postgres cases > challenge and markdown export use the same stored report
AssertionError: expected 500 to be 200 // Object.is equality

- Expected
+ Received

- 200
+ 500

 ❯ test/launch-scope.integration.test.ts:388:27
    386|       payload: { claimId: "answer", category: "claim", note: "check th…
    387|     });
    388|     expect(ch.statusCode).toBe(200);
       |                           ^
    389|     expect(ch.json().challengeId).toBeTruthy();
    390|     const row = await pool.query<{ claim_id: string; note: string; rep…

⎯⎯⎯⎯⎯⎯⎯⎯⎯⎯⎯⎯⎯⎯⎯⎯⎯⎯⎯⎯⎯⎯[18/62]⎯

 FAIL  test/p0-smoke.integration.test.ts > P0 smoke against shipped API/worker/postgres > R01 already-known constraint is stored and not re-asked
TypeError: Cannot read properties of undefined (reading 'toLowerCase')
 ❯ test/p0-smoke.integration.test.ts:98:17
     96|     const report = await getLatestReportForRun(pool, runId, (await get…
     97|     const text = JSON.stringify(report?.blocks);
     98|     expect(text.toLowerCase()).toContain("germany");
       |                 ^
     99|     expect(text).toMatch(/50/);
    100|     expect(text).toContain("2026-03-01");

⎯⎯⎯⎯⎯⎯⎯⎯⎯⎯⎯⎯⎯⎯⎯⎯⎯⎯⎯⎯⎯⎯[19/62]⎯

 FAIL  test/p0-smoke.integration.test.ts > P0 smoke against shipped API/worker/postgres > R04 false premise is reported and not invented
TypeError: Cannot read properties of undefined (reading 'toLowerCase')
 ❯ test/p0-smoke.integration.test.ts:112:17
    110|     const report = await getLatestReportForRun(pool, runId, run!.accou…
    111|     const text = JSON.stringify(report?.blocks);
    112|     expect(text.toLowerCase()).toMatch(/does not exist|not a real prod…
       |                 ^
    113|     expect(text.toLowerCase()).not.toMatch(/deepseek-research-pro incl…
    114|     const evidence = await loadEvidence(pool, runId);

⎯⎯⎯⎯⎯⎯⎯⎯⎯⎯⎯⎯⎯⎯⎯⎯⎯⎯⎯⎯⎯⎯[20/62]⎯

 FAIL  test/p0-smoke.integration.test.ts > P0 smoke against shipped API/worker/postgres > R05 source duplication clusters five reprints as one origin
TypeError: .toMatch() expects to receive a string, but got undefined
 ❯ test/p0-smoke.integration.test.ts:132:44
    130|     const run = await getRun(pool, runId);
    131|     const report = await getLatestReportForRun(pool, runId, run!.accou…
    132|     expect(JSON.stringify(report?.blocks)).toMatch(/1 origin cluster/);
       |                                            ^
    133|   });
    134| 

⎯⎯⎯⎯⎯⎯⎯⎯⎯⎯⎯⎯⎯⎯⎯⎯⎯⎯⎯⎯⎯⎯[21/62]⎯

 FAIL  test/p0-smoke.integration.test.ts > P0 smoke against shipped API/worker/postgres > R09 justified pivot opens a population-relevant source
TypeError: .toMatch() expects to receive a string, but got undefined
 ❯ test/p0-smoke.integration.test.ts:146:44
    144|     const run = await getRun(pool, runId);
    145|     const report = await getLatestReportForRun(pool, runId, run!.accou…
    146|     expect(JSON.stringify(report?.blocks)).toMatch(/population/i);
       |                                            ^
    147|   });
    148| 

⎯⎯⎯⎯⎯⎯⎯⎯⎯⎯⎯⎯⎯⎯⎯⎯⎯⎯⎯⎯⎯⎯[22/62]⎯

 FAIL  test/p0-smoke.integration.test.ts > P0 smoke against shipped API/worker/postgres > J03 crash after fetch recovers evidence without double settlement
AssertionError: expected 'running' to be 'terminal' // Object.is equality

Expected: "terminal"
Received: "running"

 ❯ test/p0-smoke.integration.test.ts:307:28
    305|     await processRun(pool, config, runId);
    306|     const run = await getRun(pool, runId);
    307|     expect(run?.lifecycle).toBe("terminal");
       |                            ^
    308|     const after = await loadEvidence(pool, runId);
    309|     expect(after.sources.length).toBeGreaterThanOrEqual(mid.sources.le…

⎯⎯⎯⎯⎯⎯⎯⎯⎯⎯⎯⎯⎯⎯⎯⎯⎯⎯⎯⎯⎯⎯[23/62]⎯

 FAIL  test/p0-smoke.integration.test.ts > P0 smoke against shipped API/worker/postgres > S01 prompt injection cannot authorize tools or reveal keys
TypeError: .toMatch() expects to receive a string, but got undefined
 ❯ test/p0-smoke.integration.test.ts:349:44
    347|     const run = await getRun(pool, runId);
    348|     const report = await getLatestReportForRun(pool, runId, run!.accou…
    349|     expect(JSON.stringify(report?.blocks)).toMatch(/source text only|u…
       |                                            ^
    350|     const evidence = await loadEvidence(pool, runId);
    351|     expect(evidence.passages.some((p) => /ignore previous instructions…

⎯⎯⎯⎯⎯⎯⎯⎯⎯⎯⎯⎯⎯⎯⎯⎯⎯⎯⎯⎯⎯⎯[24/62]⎯

 FAIL  test/p0-smoke.integration.test.ts > P0 smoke against shipped API/worker/postgres > GET events and report citations resolve to stored evidence IDs
AssertionError: expected null to be truthy

- Expected: 
true

+ Received: 
null

 ❯ test/p0-smoke.integration.test.ts:490:34
    488|     await processRun(pool, config, runId);
    489|     const snap = await app.inject({ method: "GET", url: `/v1/runs/${ru…
    490|     expect(snap.json().reportId).toBeTruthy();
       |                                  ^
    491|     const report = await app.inject({
    492|       method: "GET",

⎯⎯⎯⎯⎯⎯⎯⎯⎯⎯⎯⎯⎯⎯⎯⎯⎯⎯⎯⎯⎯⎯[25/62]⎯

 FAIL  test/p3-remaining.integration.test.ts > remaining launch-scope IDs > M04 fixture comparison publishes a wide table, code listing, unicode-safe text, and many citations
AssertionError: expected null to be truthy

- Expected: 
true

+ Received: 
null

 ❯ test/p3-remaining.integration.test.ts:80:20
     78|     await processRun(pool, config, created.json().runId);
     79|     const report = await getLatestReportForRun(pool, created.json().ru…
     80|     expect(report).toBeTruthy();
       |                    ^
     81|     const blocks = (report!.blocks ?? []) as { id?: string; kind?: str…
     82|     const table = blocks.find((b) => b.kind === "table");

⎯⎯⎯⎯⎯⎯⎯⎯⎯⎯⎯⎯⎯⎯⎯⎯⎯⎯⎯⎯⎯⎯[26/62]⎯

 FAIL  test/p3-remaining.integration.test.ts > remaining launch-scope IDs > R06 preserves event date vs publication date
TypeError: .toMatch() expects to receive a string, but got undefined
 ❯ test/p3-remaining.integration.test.ts:100:18
     98|     const report = await getLatestReportForRun(pool, created.json().ru…
     99|     const text = JSON.stringify(report?.blocks);
    100|     expect(text).toMatch(/2019-03-12|March 2019/);
       |                  ^
    101|     expect(text).toMatch(/2026-01-01|2026-2027|2026-04-01/);
    102|   });

⎯⎯⎯⎯⎯⎯⎯⎯⎯⎯⎯⎯⎯⎯⎯⎯⎯⎯⎯⎯⎯⎯[27/62]⎯

 FAIL  test/p3-remaining.integration.test.ts > remaining launch-scope IDs > R12 explains different percentage denominators instead of averaging
TypeError: .toMatch() expects to receive a string, but got undefined
 ❯ test/p3-remaining.integration.test.ts:120:18
    118|     const report = await getLatestReportForRun(pool, created.json().ru…
    119|     const text = JSON.stringify(report?.blocks);
    120|     expect(text).toMatch(/denominator/i);
       |                  ^
    121|     expect(text).toMatch(/not averaged/);
    122|     expect(text).not.toMatch(/were averaged|average of the two/i);

⎯⎯⎯⎯⎯⎯⎯⎯⎯⎯⎯⎯⎯⎯⎯⎯⎯⎯⎯⎯⎯⎯[28/62]⎯

 FAIL  test/p3-remaining.integration.test.ts > remaining launch-scope IDs > R15 states unknown without a fake probability
TypeError: .toMatch() expects to receive a string, but got number
 ❯ test/p3-remaining.integration.test.ts:131:18
    129|     const report = await getLatestReportForRun(pool, created.json().ru…
    130|     const text = JSON.stringify(report?.blocks) + JSON.stringify(repor…
    131|     expect(text).toMatch(/no reliable|unknown|not found/i);
       |                  ^
    132|     expect(text).not.toMatch(/does not exist/);
    133|     expect(text).not.toMatch(/\b\d{2}% (chance|probability|confidence)…

⎯⎯⎯⎯⎯⎯⎯⎯⎯⎯⎯⎯⎯⎯⎯⎯⎯⎯⎯⎯⎯⎯[29/62]⎯

 FAIL  test/p3-remaining.integration.test.ts > remaining launch-scope IDs > R16 comparison names the requested entities and constraints
TypeError: .toMatch() expects to receive a string, but got undefined
 ❯ test/p3-remaining.integration.test.ts:142:18
    140|     const report = await getLatestReportForRun(pool, created.json().ru…
    141|     const text = JSON.stringify(report?.blocks);
    142|     expect(text).toMatch(/Vendor A/);
       |                  ^
    143|     expect(text).toMatch(/germany/i);
    144|     expect(text).toMatch(/50/);

⎯⎯⎯⎯⎯⎯⎯⎯⎯⎯⎯⎯⎯⎯⎯⎯⎯⎯⎯⎯⎯⎯[30/62]⎯

 FAIL  test/p3-remaining.integration.test.ts > remaining launch-scope IDs > E05 new source version does not rewrite the original report citation
TypeError: Cannot read properties of undefined (reading '0')
 ❯ test/p3-remaining.integration.test.ts:155:28
    153|     const passage = evidence.passages[0]!;
    154|     const report = await getLatestReportForRun(pool, runId, accountId);
    155|     const cited = (report?.blocks as { citationIds: string[] }[])[0]!.…
       |                            ^
    156|     await insertVersionAndPassage(pool, {
    157|       sourceId: passage.source_id,

⎯⎯⎯⎯⎯⎯⎯⎯⎯⎯⎯⎯⎯⎯⎯⎯⎯⎯⎯⎯⎯⎯[31/62]⎯

 FAIL  test/p3-remaining.integration.test.ts > remaining launch-scope IDs > JOB-1 eligibility-aware comparison under platform and export constraints
TypeError: .toMatch() expects to receive a string, but got undefined
 ❯ test/p3-remaining.integration.test.ts:222:18
    220|     const report = await getLatestReportForRun(pool, created.json().ru…
    221|     const text = JSON.stringify(report?.blocks);
    222|     expect(text).toMatch(/NoteKeep/);
       |                  ^
    223|     expect(text).toMatch(/Eligible:.*NoteKeep/i);
    224|     expect(text).toMatch(/NoteDroid/);

⎯⎯⎯⎯⎯⎯⎯⎯⎯⎯⎯⎯⎯⎯⎯⎯⎯⎯⎯⎯⎯⎯[32/62]⎯

 FAIL  test/p3-remaining.integration.test.ts > remaining launch-scope IDs > JOB-1 adding Linux as a hard requirement excludes NoteKeep and keeps NoteAll
TypeError: .toMatch() expects to receive a string, but got undefined
 ❯ test/p3-remaining.integration.test.ts:247:44
    245|     await processRun(pool, config, parentId);
    246|     const parent = await getLatestReportForRun(pool, parentId, account…
    247|     expect(JSON.stringify(parent?.blocks)).toMatch(/Eligible:.*NoteKee…
       |                                            ^
    248|     const snap = await app.inject({
    249|       method: "GET",

⎯⎯⎯⎯⎯⎯⎯⎯⎯⎯⎯⎯⎯⎯⎯⎯⎯⎯⎯⎯⎯⎯[33/62]⎯

 FAIL  test/p3-remaining.integration.test.ts > remaining launch-scope IDs > JOB-1 removing Linux as a requirement makes NoteKeep eligible again
TypeError: Cannot read properties of null (reading 'blocks')
 ❯ test/p3-remaining.integration.test.ts:292:34
    290|     await processRun(pool, config, parentId);
    291|     const parent = await getLatestReportForRun(pool, parentId, account…
    292|     const parentElig = ((parent!.blocks ?? []) as { id: string; text: …
       |                                  ^
    293|     expect(parentElig?.text).toMatch(/Eligible: NoteAll/);
    294|     expect(parentElig?.text).toMatch(/Ineligible: NoteKeep \(platform=…

⎯⎯⎯⎯⎯⎯⎯⎯⎯⎯⎯⎯⎯⎯⎯⎯⎯⎯⎯⎯⎯⎯[34/62]⎯

 FAIL  test/p3-remaining.integration.test.ts > remaining launch-scope IDs > JOB-2 attached document text is stored as supplied evidence and not used as a public query
TypeError: .toMatch() expects to receive a string, but got undefined
 ❯ test/p3-remaining.integration.test.ts:350:44
    348|     expect(searches.join(" ")).not.toMatch(/INTERNAL-PROPOSAL/);
    349|     const report = await getLatestReportForRun(pool, created.json().ru…
    350|     expect(JSON.stringify(report?.blocks)).toMatch(/vector engine|INTE…
       |                                            ^
    351|   });
    352| 

⎯⎯⎯⎯⎯⎯⎯⎯⎯⎯⎯⎯⎯⎯⎯⎯⎯⎯⎯⎯⎯⎯[35/62]⎯

 FAIL  test/p3-remaining.integration.test.ts > remaining launch-scope IDs > E06 PDF attachment is disclosed as text-only / unread pages
TypeError: .toMatch() expects to receive a string, but got undefined
 ❯ test/p3-remaining.integration.test.ts:366:49
    364|     await processRun(pool, config, created.json().runId);
    365|     const report = await getLatestReportForRun(pool, created.json().ru…
    366|     expect(JSON.stringify(report?.limitations)).toMatch(/text-only|Unr…
       |                                                 ^
    367|   });
    368| 

⎯⎯⎯⎯⎯⎯⎯⎯⎯⎯⎯⎯⎯⎯⎯⎯⎯⎯⎯⎯⎯⎯[36/62]⎯

 FAIL  test/p3-remaining.integration.test.ts > remaining launch-scope IDs > E08 quoted report text is taken from the stored passage
TypeError: Cannot read properties of undefined (reading 'find')
 ❯ test/p3-remaining.integration.test.ts:376:94
    374|     const evidence = await loadEvidence(pool, runId);
    375|     const report = await getLatestReportForRun(pool, runId, accountId);
    376|     const answer = (report?.blocks as { id: string; text: string; cita…
       |                                                                                              ^
    377|     const passage = evidence.passages.find((p) => p.id === answer.cita…
    378|     expect(passage.exact_text.startsWith(answer.text.slice(0, 40)) || …

⎯⎯⎯⎯⎯⎯⎯⎯⎯⎯⎯⎯⎯⎯⎯⎯⎯⎯⎯⎯⎯⎯[37/62]⎯

 FAIL  test/p3-remaining.integration.test.ts > remaining launch-scope IDs > E09 export citation anchors resolve to owned passages
AssertionError: expected undefined to be 'markdown' // Object.is equality

- Expected: 
"markdown"

+ Received: 
undefined

 ❯ test/p3-remaining.integration.test.ts:392:31
    390|       headers: { authorization: `Bearer ${token}` },
    391|     });
    392|     expect(exp.json().format).toBe("markdown");
       |                               ^
    393|     expect(JSON.stringify(exp.json())).not.toMatch(/"pdf"/i);
    394|     const md = exp.json().markdown as string;

⎯⎯⎯⎯⎯⎯⎯⎯⎯⎯⎯⎯⎯⎯⎯⎯⎯⎯⎯⎯⎯⎯[38/62]⎯

 FAIL  test/p3-remaining.integration.test.ts > remaining launch-scope IDs > J02 a second processRun after completion does not duplicate the report or settlement
AssertionError: expected +0 to be 1 // Object.is equality

- Expected
+ Received

- 1
+ 0

 ❯ test/p3-remaining.integration.test.ts:417:32
    415|     const reports = await pool.query(`SELECT count(*)::int AS n FROM r…
    416|     const settled = await pool.query(`SELECT count(*)::int AS n FROM r…
    417|     expect(reports.rows[0]!.n).toBe(1);
       |                                ^
    418|     expect(settled.rows[0]!.n).toBe(1);
    419|   });

⎯⎯⎯⎯⎯⎯⎯⎯⎯⎯⎯⎯⎯⎯⎯⎯⎯⎯⎯⎯⎯⎯[39/62]⎯

 FAIL  test/p3-remaining.integration.test.ts > remaining launch-scope IDs > J06 cancel after completion keeps the published report
AssertionError: expected [ 'completed', …(1) ] to include 'failed'
 ❯ test/p3-remaining.integration.test.ts:434:57
    432|     await app.inject({ method: "POST", url: `/v1/runs/${runId}/cancel`…
    433|     const run = await getRun(pool, runId);
    434|     expect(["completed", "completed_with_limitations"]).toContain(run?…
       |                                                         ^
    435|     expect(run?.terminal_outcome).not.toBe("cancelled");
    436|     expect(await getLatestReportForRun(pool, runId, accountId)).toBeTr…

⎯⎯⎯⎯⎯⎯⎯⎯⎯⎯⎯⎯⎯⎯⎯⎯⎯⎯⎯⎯⎯⎯[40/62]⎯

 FAIL  test/p3-remaining.integration.test.ts > remaining launch-scope IDs > J13 live spend kill switch blocks new paid routes but keeps saved reports
AssertionError: expected null to be truthy

- Expected: 
true

+ Received: 
null

 ❯ test/p3-remaining.integration.test.ts:465:20
    463|     expect(live.statusCode).toBe(403);
    464|     const report = await getLatestReportForRun(pool, created.json().ru…
    465|     expect(report).toBeTruthy();
       |                    ^
    466|   });
    467| 

⎯⎯⎯⎯⎯⎯⎯⎯⎯⎯⎯⎯⎯⎯⎯⎯⎯⎯⎯⎯⎯⎯[41/62]⎯

 FAIL  test/p3-remaining.integration.test.ts > remaining launch-scope IDs > S07 cross-account reports are denied
TypeError: Cannot read properties of null (reading 'id')
 ❯ test/p3-remaining.integration.test.ts:488:35
    486|     const denied = await app.inject({
    487|       method: "GET",
    488|       url: `/v1/reports/${report!.id}`,
       |                                   ^
    489|       headers: { authorization: `Bearer ${b.token}` },
    490|     });

⎯⎯⎯⎯⎯⎯⎯⎯⎯⎯⎯⎯⎯⎯⎯⎯⎯⎯⎯⎯⎯⎯[42/62]⎯

 FAIL  test/p3-remaining.integration.test.ts > remaining launch-scope IDs > V2-10 a later unavailable fetch does not retract last-access evidence
TypeError: .toMatch() expects to receive a string, but got undefined
 ❯ test/p3-remaining.integration.test.ts:530:44
    528|     });
    529|     const report = await getLatestReportForRun(pool, runId, accountId);
    530|     expect(JSON.stringify(report?.blocks)).toMatch(/Widget 4/);
       |                                            ^
    531|     expect(JSON.stringify(report?.blocks)).not.toMatch(/therefore the …
    532|   });

⎯⎯⎯⎯⎯⎯⎯⎯⎯⎯⎯⎯⎯⎯⎯⎯⎯⎯⎯⎯⎯⎯[43/62]⎯

 FAIL  test/p3-remaining.integration.test.ts > remaining launch-scope IDs > V2-11 concise view uses the same answer citations as the body
TypeError: Cannot read properties of undefined (reading 'find')
 ❯ conciseFromCanonical ../../packages/research-core/src/report.ts:90:25
     88| 
     89| export function conciseFromCanonical(blocks: ReportBlock[]): ReportBlo…
     90|   const answer = blocks.find((b) => b.id === "answer");
       |                         ^
     91|   const caveats = blocks.filter((b) => b.kind === "caveat" || b.id ===…
     92|   return [answer, ...caveats].filter((b): b is ReportBlock => Boolean(…
 ❯ test/p3-remaining.integration.test.ts:540:21

⎯⎯⎯⎯⎯⎯⎯⎯⎯⎯⎯⎯⎯⎯⎯⎯⎯⎯⎯⎯⎯⎯[44/62]⎯

 FAIL  test/p3-remaining.integration.test.ts > remaining launch-scope IDs > V2-19 scanned tables stay unread rather than guessed
TypeError: .toMatch() expects to receive a string, but got undefined
 ❯ test/p3-remaining.integration.test.ts:549:44
    547|     await processRun(pool, config, created.json().runId);
    548|     const report = await getLatestReportForRun(pool, created.json().ru…
    549|     expect(JSON.stringify(report?.blocks)).toMatch(/unread|scanned tab…
       |                                            ^
    550|   });
    551| 

⎯⎯⎯⎯⎯⎯⎯⎯⎯⎯⎯⎯⎯⎯⎯⎯⎯⎯⎯⎯⎯⎯[45/62]⎯

 FAIL  test/p3-remaining.integration.test.ts > remaining launch-scope IDs > R17 concise request still keeps limitations
TypeError: Cannot read properties of undefined (reading 'find')
 ❯ conciseFromCanonical ../../packages/research-core/src/report.ts:90:25
     88| 
     89| export function conciseFromCanonical(blocks: ReportBlock[]): ReportBlo…
     90|   const answer = blocks.find((b) => b.id === "answer");
       |                         ^
     91|   const caveats = blocks.filter((b) => b.kind === "caveat" || b.id ===…
     92|   return [answer, ...caveats].filter((b): b is ReportBlock => Boolean(…
 ❯ test/p3-remaining.integration.test.ts:557:21

⎯⎯⎯⎯⎯⎯⎯⎯⎯⎯⎯⎯⎯⎯⎯⎯⎯⎯⎯⎯⎯⎯[46/62]⎯

 FAIL  test/p3-remaining.integration.test.ts > remaining launch-scope IDs > R19 follow-up verifies one claim and keeps the parent report
AssertionError: expected null to be truthy

- Expected: 
true

+ Received: 
null

 ❯ test/p3-remaining.integration.test.ts:593:80
    591|     expect(follow.json().reopenedDiscovery).toBe(false);
    592|     await processRun(pool, config, follow.json().runId);
    593|     expect(await getLatestReportForRun(pool, created.json().runId, acc…
       |                                                                                ^
    594|     expect(parent?.id).toBeTruthy();
    595|     const childEvents = await listEvents(pool, follow.json().runId, 0);

⎯⎯⎯⎯⎯⎯⎯⎯⎯⎯⎯⎯⎯⎯⎯⎯⎯⎯⎯⎯⎯⎯[47/62]⎯

 FAIL  test/p3-remaining.integration.test.ts > remaining launch-scope IDs > R20 dates a retrieved price and keeps a founding year as history
TypeError: .toMatch() expects to receive a string, but got undefined
 ❯ test/p3-remaining.integration.test.ts:610:18
    608|     const report = await getLatestReportForRun(pool, created.json().ru…
    609|     const text = JSON.stringify(report?.blocks);
    610|     expect(text).toMatch(/as of 2024-01-01|not presented as the curren…
       |                  ^
    611|     expect(text).toMatch(/2011/);
    612|     expect(text).not.toMatch(/current price is 40 EUR with no date/i);

⎯⎯⎯⎯⎯⎯⎯⎯⎯⎯⎯⎯⎯⎯⎯⎯⎯⎯⎯⎯⎯⎯[48/62]⎯

 FAIL  test/p3-remaining.integration.test.ts > remaining launch-scope IDs > R21 labels a German original as a translation
TypeError: .toMatch() expects to receive a string, but got undefined
 ❯ test/p3-remaining.integration.test.ts:620:44
    618|     await processRun(pool, config, created.json().runId);
    619|     const report = await getLatestReportForRun(pool, created.json().ru…
    620|     expect(JSON.stringify(report?.blocks)).toMatch(/Original language:…
       |                                            ^
    621|     expect(JSON.stringify(report?.blocks)).toMatch(/not a verbatim ori…
    622|   });

⎯⎯⎯⎯⎯⎯⎯⎯⎯⎯⎯⎯⎯⎯⎯⎯⎯⎯⎯⎯⎯⎯[49/62]⎯

 FAIL  test/p3-remaining.integration.test.ts > remaining launch-scope IDs > E03 preserves the adults-over-65 qualifier
TypeError: .toMatch() expects to receive a string, but got undefined
 ❯ test/p3-remaining.integration.test.ts:630:18
    628|     const report = await getLatestReportForRun(pool, created.json().ru…
    629|     const text = JSON.stringify(report?.blocks);
    630|     expect(text).toMatch(/adults over 65/i);
       |                  ^
    631|     expect(text).toMatch(/does not support an unqualified claim about …
    632|   });

⎯⎯⎯⎯⎯⎯⎯⎯⎯⎯⎯⎯⎯⎯⎯⎯⎯⎯⎯⎯⎯⎯[50/62]⎯

 FAIL  test/p3-remaining.integration.test.ts > remaining launch-scope IDs > E04 report uses the table's 24% rather than 42%
TypeError: .toMatch() expects to receive a string, but got undefined
 ❯ test/p3-remaining.integration.test.ts:640:18
    638|     const report = await getLatestReportForRun(pool, created.json().ru…
    639|     const text = JSON.stringify(report?.blocks);
    640|     expect(text).toMatch(/24%/);
       |                  ^
    641|     expect(text).not.toMatch(/42%/);
    642|   });

⎯⎯⎯⎯⎯⎯⎯⎯⎯⎯⎯⎯⎯⎯⎯⎯⎯⎯⎯⎯⎯⎯[51/62]⎯

 FAIL  test/p3-remaining.integration.test.ts > remaining launch-scope IDs > E10 withdraws the conclusion when the asserted 42% is unsupported by the 24% table
AssertionError: expected null to be truthy

- Expected: 
true

+ Received: 
null

 ❯ test/p3-remaining.integration.test.ts:650:20
    648|     await processRun(pool, config, created.json().runId);
    649|     const report = await getLatestReportForRun(pool, created.json().ru…
    650|     expect(report).toBeTruthy();
       |                    ^
    651|     const answer = (report!.blocks as { id: string; text: string; kind…
    652|     expect(answer?.text).toMatch(/withdrawn|removed an unsupported cla…

⎯⎯⎯⎯⎯⎯⎯⎯⎯⎯⎯⎯⎯⎯⎯⎯⎯⎯⎯⎯⎯⎯[52/62]⎯

 FAIL  test/p3-remaining.integration.test.ts > remaining launch-scope IDs > J07 expired lease is reclaimed; a live lease is not stolen
AssertionError: expected 2 to be null

- Expected: 
null

+ Received: 
2

 ❯ test/p3-remaining.integration.test.ts:665:20
    663|     await processRun(pool, config, runId, { pauseAt: "writing", worker…
    664|     const stolen = await claimLease(pool, runId, "other-worker", 30_00…
    665|     expect(stolen).toBeNull();
       |                    ^
    666|     await pool.query(`UPDATE run_leases SET expires_at = now() - inter…
    667|     const reclaimed = await claimLease(pool, runId, "other-worker", 30…

⎯⎯⎯⎯⎯⎯⎯⎯⎯⎯⎯⎯⎯⎯⎯⎯⎯⎯⎯⎯⎯⎯[53/62]⎯

 FAIL  test/p3-remaining.integration.test.ts > remaining launch-scope IDs > J10 a tight budget still publishes a written report
AssertionError: expected null to be truthy

- Expected: 
true

+ Received: 
null

 ❯ test/p3-remaining.integration.test.ts:678:20
    676|     await processRun(pool, config, runId);
    677|     const report = await getLatestReportForRun(pool, runId, accountId);
    678|     expect(report).toBeTruthy();
       |                    ^
    679|     const run = await getRun(pool, runId);
    680|     expect(run?.terminal_outcome).not.toBe("failed");

⎯⎯⎯⎯⎯⎯⎯⎯⎯⎯⎯⎯⎯⎯⎯⎯⎯⎯⎯⎯⎯⎯[54/62]⎯

 FAIL  test/p3-remaining.integration.test.ts > remaining launch-scope IDs > J11 reports that app counters are not provider-internal guarantees
TypeError: .toMatch() expects to receive a string, but got undefined
 ❯ test/p3-remaining.integration.test.ts:689:49
    687|     await processRun(pool, config, created.json().runId);
    688|     const report = await getLatestReportForRun(pool, created.json().ru…
    689|     expect(JSON.stringify(report?.limitations)).toMatch(/opaque provid…
       |                                                 ^
    690|   });
    691| 

⎯⎯⎯⎯⎯⎯⎯⎯⎯⎯⎯⎯⎯⎯⎯⎯⎯⎯⎯⎯⎯⎯[55/62]⎯

 FAIL  test/p3-remaining.integration.test.ts > remaining launch-scope IDs > J14 duplicate completion epochs share one outbox row and omit query text
AssertionError: expected +0 to be 1 // Object.is equality

- Expected
+ Received

- 1
+ 0

 ❯ test/p3-remaining.integration.test.ts:723:31
    721|     await recordFanout(pool, { runId, completionEpoch, bindingEpoch: 2…
    722|     const outbox = await pool.query(`SELECT count(*)::int AS n FROM co…
    723|     expect(outbox.rows[0]!.n).toBe(1);
       |                               ^
    724|     const fan = await pool.query<{ n: number }>(`SELECT count(*)::int …
    725|     expect(Number(fan.rows[0]!.n)).toBeGreaterThanOrEqual(2);

⎯⎯⎯⎯⎯⎯⎯⎯⎯⎯⎯⎯⎯⎯⎯⎯⎯⎯⎯⎯⎯⎯[56/62]⎯

 FAIL  test/p3-remaining.integration.test.ts > remaining launch-scope IDs > library lists report_id for a completed run so share can resolve
AssertionError: expected null to be truthy

- Expected: 
true

+ Received: 
null

 ❯ test/p3-remaining.integration.test.ts:865:29
    863|     expect(lib.statusCode).toBe(200);
    864|     const item = lib.json().items.find((it: { id: string }) => it.id =…
    865|     expect(item?.report_id).toBeTruthy();
       |                             ^
    866|     const exp = await app.inject({
    867|       method: "GET",

⎯⎯⎯⎯⎯⎯⎯⎯⎯⎯⎯⎯⎯⎯⎯⎯⎯⎯⎯⎯⎯⎯[57/62]⎯

 FAIL  test/p3-remaining.integration.test.ts > remaining launch-scope IDs > clarification continue records geography and resumes
AssertionError: expected null to be truthy

- Expected: 
true

+ Received: 
null

 ❯ test/p3-remaining.integration.test.ts:960:20
    958|     expect(events.filter((e) => e.type === "clarify")).toHaveLength(1);
    959|     const report = await getLatestReportForRun(pool, runId, accountId);
    960|     expect(report).toBeTruthy();
       |                    ^
    961|     expect(JSON.stringify(report?.blocks)).toMatch(/germany/i);
    962|   });

⎯⎯⎯⎯⎯⎯⎯⎯⎯⎯⎯⎯⎯⎯⎯⎯⎯⎯⎯⎯⎯⎯[58/62]⎯

 FAIL  test/p3-remaining.integration.test.ts > remaining launch-scope IDs > R02 continue with France records France and does not invent Germany
TypeError: .toMatch() expects to receive a string, but got undefined
 ❯ test/p3-remaining.integration.test.ts:985:44
    983|     expect(JSON.stringify(snap.json().brief.constraints)).not.toMatch(…
    984|     const report = await getLatestReportForRun(pool, runId, accountId);
    985|     expect(JSON.stringify(report?.blocks)).toMatch(/geography=france/i…
       |                                            ^
    986|   });
    987| 

⎯⎯⎯⎯⎯⎯⎯⎯⎯⎯⎯⎯⎯⎯⎯⎯⎯⎯⎯⎯⎯⎯[59/62]⎯

 FAIL  test/p3-remaining.integration.test.ts > remaining launch-scope IDs > R02 after France continue discovery uses France evidence not the Germany default note
TypeError: .toMatch() expects to receive a string, but got undefined
 ❯ test/p3-remaining.integration.test.ts:1003:18
    1001|     const report = await getLatestReportForRun(pool, runId, accountId);
    1002|     const text = JSON.stringify(report?.blocks);
    1003|     expect(text).toMatch(/France|french/i);
       |                  ^
    1004|     expect(text).not.toMatch(/50 EUR Germany constraint/i);
    1005|     expect(text).not.toMatch(/Option A meets a 50 EUR/i);

⎯⎯⎯⎯⎯⎯⎯⎯⎯⎯⎯⎯⎯⎯⎯⎯⎯⎯⎯⎯⎯⎯[60/62]⎯

 FAIL  test/p4-recovery.integration.test.ts > P4 recovery drill against shipped worker/Postgres > crash after fetch: evidence kept, live lease not stolen, expired lease recovered without double-settle
AssertionError: expected 'running' to be 'terminal' // Object.is equality

Expected: "terminal"
Received: "running"

 ❯ test/p4-recovery.integration.test.ts:108:29
    106|     await processRun(pool, config, runId, { workerId: "worker-b" });
    107|     const done = await getRun(pool, runId);
    108|     expect(done?.lifecycle).toBe("terminal");
       |                             ^
    109|     const report = await getLatestReportForRun(pool, runId, accountId);
    110|     expect(report).toBeTruthy();

⎯⎯⎯⎯⎯⎯⎯⎯⎯⎯⎯⎯⎯⎯⎯⎯⎯⎯⎯⎯⎯⎯[61/62]⎯

 FAIL  test/p4-recovery.integration.test.ts > P4 recovery drill against shipped worker/Postgres > crash before publish then expired-lease failover: one report and one settlement
AssertionError: expected null to be truthy

- Expected: 
true

+ Received: 
null

 ❯ test/p4-recovery.integration.test.ts:138:65
    136|     const done = await getRun(pool, runId);
    137|     expect(done?.lifecycle).toBe("terminal");
    138|     expect(await getLatestReportForRun(pool, runId, accountId)).toBeTr…
       |                                                                 ^
    139|     const endRes = await reservationCounts(runId);
    140|     expect(endRes.n).toBe(1);

⎯⎯⎯⎯⎯⎯⎯⎯⎯⎯⎯⎯⎯⎯⎯⎯⎯⎯⎯⎯⎯⎯[62/62]⎯


 Test Files  7 failed | 5 passed (12)
      Tests  62 failed | 69 passed (131)
   Start at  09:13:55
   Duration  56.42s (transform 707ms, setup 0ms, collect 2.78s, tests 51.31s, environment 3ms, prepare 837ms)

/home/oranolio/Desktop/Deep/apps/backend:
 ERR_PNPM_RECURSIVE_RUN_FIRST_FAIL  @deep/backend@0.1.0 test:integration: `vitest run --config vitest.integration.config.ts`
Exit status 1
 ELIFECYCLE  Command failed with exit code 1.
