
> deep-research-mobile@0.1.0 test:integration /home/oranolio/Desktop/Deep
> pnpm --filter @deep/backend test:integration


> @deep/backend@0.1.0 test:integration /home/oranolio/Desktop/Deep/apps/backend
> vitest run --config vitest.integration.config.ts


 RUN  v3.2.7 /home/oranolio/Desktop/Deep/apps/backend

{"level":"info","event":"action","runId":"4c0a6f45-e873-49de-ae1b-18f0a480e410","type":"search","rationale":"Investigate an uncovered required question","step":0,"t":"2026-09-17T16:17:47.257Z"}
{"level":"info","event":"action","runId":"4c0a6f45-e873-49de-ae1b-18f0a480e410","type":"fetch","rationale":"Inspect an already-known source before another generic query","step":1,"t":"2026-09-17T16:17:47.317Z"}
{"level":"info","event":"action","runId":"4c0a6f45-e873-49de-ae1b-18f0a480e410","type":"fetch","rationale":"Inspect an already-known source before another generic query","step":2,"t":"2026-09-17T16:17:47.355Z"}
{"level":"info","event":"action","runId":"4c0a6f45-e873-49de-ae1b-18f0a480e410","type":"fetch","rationale":"Inspect an already-known source before another generic query","step":3,"t":"2026-09-17T16:17:47.403Z"}
{"level":"info","event":"action","runId":"4c0a6f45-e873-49de-ae1b-18f0a480e410","type":"challenge","rationale":"Disconfirm material conclusion: A primary source that directly contradicts this conclusion.","step":4,"t":"2026-09-17T16:17:47.449Z"}
{"level":"info","event":"action","runId":"4c0a6f45-e873-49de-ae1b-18f0a480e410","type":"challenge","rationale":"No counterexample found in accessed primary sources. This is not proof that the conclusion is true.","step":5,"t":"2026-09-17T16:17:47.482Z"}
{"level":"info","event":"action","runId":"4c0a6f45-e873-49de-ae1b-18f0a480e410","type":"synthesize","rationale":"decision_critical_gaps_resolved_or_unresolvable; high-impact claims supported or qualified; contradictions handled; remaining actions low expected value","step":6,"t":"2026-09-17T16:17:47.507Z"}
{"level":"info","event":"action","runId":"3f45764a-c352-444b-8747-acfeb3f61738","type":"search","rationale":"Investigate an uncovered required question","step":0,"t":"2026-09-17T16:17:48.075Z"}
{"level":"info","event":"action","runId":"3f45764a-c352-444b-8747-acfeb3f61738","type":"fetch","rationale":"Inspect an already-known source before another generic query","step":1,"t":"2026-09-17T16:17:48.110Z"}
{"level":"info","event":"action","runId":"3f45764a-c352-444b-8747-acfeb3f61738","type":"fetch","rationale":"Inspect an already-known source before another generic query","step":2,"t":"2026-09-17T16:17:48.139Z"}
{"level":"info","event":"action","runId":"3f45764a-c352-444b-8747-acfeb3f61738","type":"challenge","rationale":"Disconfirm material conclusion: A primary source that directly contradicts this conclusion.","step":3,"t":"2026-09-17T16:17:48.160Z"}
{"level":"info","event":"action","runId":"3f45764a-c352-444b-8747-acfeb3f61738","type":"challenge","rationale":"No counterexample found in accessed primary sources. This is not proof that the conclusion is true.","step":4,"t":"2026-09-17T16:17:48.179Z"}
{"level":"info","event":"action","runId":"3f45764a-c352-444b-8747-acfeb3f61738","type":"synthesize","rationale":"decision_critical_gaps_resolved_or_unresolvable; high-impact claims supported or qualified; contradictions handled; remaining actions low expected value","step":5,"t":"2026-09-17T16:17:48.198Z"}
{"level":"info","event":"action","runId":"b8bd8c23-fa90-4546-b259-47512a994fb6","type":"search","rationale":"Investigate an uncovered required question","step":0,"t":"2026-09-17T16:17:48.760Z"}
{"level":"info","event":"action","runId":"b8bd8c23-fa90-4546-b259-47512a994fb6","type":"fetch","rationale":"Inspect an already-known source before another generic query","step":1,"t":"2026-09-17T16:17:48.799Z"}
{"level":"info","event":"action","runId":"b8bd8c23-fa90-4546-b259-47512a994fb6","type":"fetch","rationale":"Inspect an already-known source before another generic query","step":2,"t":"2026-09-17T16:17:48.822Z"}
{"level":"info","event":"action","runId":"b8bd8c23-fa90-4546-b259-47512a994fb6","type":"fetch","rationale":"Inspect an already-known source before another generic query","step":3,"t":"2026-09-17T16:17:48.841Z"}
{"level":"info","event":"action","runId":"b8bd8c23-fa90-4546-b259-47512a994fb6","type":"challenge","rationale":"Disconfirm material conclusion: A primary source that directly contradicts this conclusion.","step":4,"t":"2026-09-17T16:17:48.865Z"}
{"level":"info","event":"action","runId":"b8bd8c23-fa90-4546-b259-47512a994fb6","type":"challenge","rationale":"No counterexample found in accessed primary sources. This is not proof that the conclusion is true.","step":5,"t":"2026-09-17T16:17:48.881Z"}
{"level":"info","event":"action","runId":"b8bd8c23-fa90-4546-b259-47512a994fb6","type":"synthesize","rationale":"decision_critical_gaps_resolved_or_unresolvable; high-impact claims supported or qualified; contradictions handled; remaining actions low expected value","step":6,"t":"2026-09-17T16:17:48.898Z"}
{"level":"info","event":"action","runId":"2fbae266-cd32-4b9b-93bb-6cb67b8335fd","type":"search","rationale":"Investigate an uncovered required question","step":0,"t":"2026-09-17T16:17:49.538Z"}
{"level":"info","event":"action","runId":"2fbae266-cd32-4b9b-93bb-6cb67b8335fd","type":"fetch","rationale":"Inspect an already-known source before another generic query","step":1,"t":"2026-09-17T16:17:49.580Z"}
{"level":"info","event":"action","runId":"2fbae266-cd32-4b9b-93bb-6cb67b8335fd","type":"fetch","rationale":"Inspect an already-known source before another generic query","step":2,"t":"2026-09-17T16:17:49.613Z"}
{"level":"info","event":"action","runId":"2fbae266-cd32-4b9b-93bb-6cb67b8335fd","type":"challenge","rationale":"Disconfirm material conclusion: A primary source that directly contradicts this conclusion.","step":3,"t":"2026-09-17T16:17:49.633Z"}
{"level":"info","event":"action","runId":"2fbae266-cd32-4b9b-93bb-6cb67b8335fd","type":"challenge","rationale":"No counterexample found in accessed primary sources. This is not proof that the conclusion is true.","step":4,"t":"2026-09-17T16:17:49.655Z"}
{"level":"info","event":"action","runId":"2fbae266-cd32-4b9b-93bb-6cb67b8335fd","type":"synthesize","rationale":"decision_critical_gaps_resolved_or_unresolvable; high-impact claims supported or qualified; contradictions handled; remaining actions low expected value","step":5,"t":"2026-09-17T16:17:49.677Z"}
{"level":"info","event":"action","runId":"07f55210-3184-42b4-9e29-aa59dae1a6ef","type":"search","rationale":"Investigate an uncovered required question","step":0,"t":"2026-09-17T16:17:50.278Z"}
{"level":"info","event":"action","runId":"07f55210-3184-42b4-9e29-aa59dae1a6ef","type":"fetch","rationale":"Inspect an already-known source before another generic query","step":1,"t":"2026-09-17T16:17:50.312Z"}
{"level":"info","event":"action","runId":"07f55210-3184-42b4-9e29-aa59dae1a6ef","type":"challenge","rationale":"Disconfirm material conclusion: A primary source that directly contradicts this conclusion.","step":2,"t":"2026-09-17T16:17:50.345Z"}
{"level":"info","event":"action","runId":"07f55210-3184-42b4-9e29-aa59dae1a6ef","type":"challenge","rationale":"No counterexample found in accessed primary sources. This is not proof that the conclusion is true.","step":3,"t":"2026-09-17T16:17:50.377Z"}
{"level":"info","event":"action","runId":"07f55210-3184-42b4-9e29-aa59dae1a6ef","type":"synthesize","rationale":"decision_critical_gaps_resolved_or_unresolvable; high-impact claims supported or qualified; contradictions handled; remaining actions low expected value","step":4,"t":"2026-09-17T16:17:50.398Z"}
{"level":"info","event":"action","runId":"49afd016-bfaa-4bfb-99b6-32ebab6d2ed4","type":"search","rationale":"Investigate an uncovered required question","step":0,"t":"2026-09-17T16:17:50.889Z"}
{"level":"info","event":"action","runId":"49afd016-bfaa-4bfb-99b6-32ebab6d2ed4","type":"fetch","rationale":"Inspect an already-known source before another generic query","step":1,"t":"2026-09-17T16:17:50.921Z"}
{"level":"info","event":"action","runId":"49afd016-bfaa-4bfb-99b6-32ebab6d2ed4","type":"fetch","rationale":"Inspect an already-known source before another generic query","step":2,"t":"2026-09-17T16:17:50.939Z"}
{"level":"info","event":"action","runId":"49afd016-bfaa-4bfb-99b6-32ebab6d2ed4","type":"fetch","rationale":"Inspect an already-known source before another generic query","step":3,"t":"2026-09-17T16:17:50.956Z"}
{"level":"info","event":"action","runId":"49afd016-bfaa-4bfb-99b6-32ebab6d2ed4","type":"challenge","rationale":"Disconfirm material conclusion: A primary source that directly contradicts this conclusion.","step":4,"t":"2026-09-17T16:17:50.980Z"}
{"level":"info","event":"action","runId":"49afd016-bfaa-4bfb-99b6-32ebab6d2ed4","type":"challenge","rationale":"No counterexample found in accessed primary sources. This is not proof that the conclusion is true.","step":5,"t":"2026-09-17T16:17:51.003Z"}
{"level":"info","event":"action","runId":"49afd016-bfaa-4bfb-99b6-32ebab6d2ed4","type":"synthesize","rationale":"decision_critical_gaps_resolved_or_unresolvable; high-impact claims supported or qualified; contradictions handled; remaining actions low expected value","step":6,"t":"2026-09-17T16:17:51.018Z"}
{"level":"info","event":"action","runId":"94ecb1d5-3ece-4eb1-a824-c38d16628db2","type":"search","rationale":"Investigate an uncovered required question","step":0,"t":"2026-09-17T16:17:51.636Z"}
{"level":"info","event":"action","runId":"94ecb1d5-3ece-4eb1-a824-c38d16628db2","type":"fetch","rationale":"Inspect an already-known source before another generic query","step":1,"t":"2026-09-17T16:17:51.681Z"}
{"level":"info","event":"action","runId":"94ecb1d5-3ece-4eb1-a824-c38d16628db2","type":"fetch","rationale":"Inspect an already-known source before another generic query","step":2,"t":"2026-09-17T16:17:51.708Z"}
{"level":"info","event":"action","runId":"94ecb1d5-3ece-4eb1-a824-c38d16628db2","type":"fetch","rationale":"Inspect an already-known source before another generic query","step":3,"t":"2026-09-17T16:17:51.727Z"}
{"level":"info","event":"action","runId":"94ecb1d5-3ece-4eb1-a824-c38d16628db2","type":"fetch","rationale":"Inspect an already-known source before another generic query","step":4,"t":"2026-09-17T16:17:51.746Z"}
{"level":"info","event":"action","runId":"94ecb1d5-3ece-4eb1-a824-c38d16628db2","type":"fetch","rationale":"Inspect an already-known source before another generic query","step":5,"t":"2026-09-17T16:17:51.769Z"}
{"level":"info","event":"action","runId":"94ecb1d5-3ece-4eb1-a824-c38d16628db2","type":"challenge","rationale":"Disconfirm material conclusion: A primary source that directly contradicts this conclusion.","step":6,"t":"2026-09-17T16:17:51.799Z"}
{"level":"info","event":"action","runId":"94ecb1d5-3ece-4eb1-a824-c38d16628db2","type":"challenge","rationale":"No counterexample found in accessed primary sources. This is not proof that the conclusion is true.","step":7,"t":"2026-09-17T16:17:51.822Z"}
{"level":"info","event":"action","runId":"94ecb1d5-3ece-4eb1-a824-c38d16628db2","type":"synthesize","rationale":"decision_critical_gaps_resolved_or_unresolvable; high-impact claims supported or qualified; contradictions handled; remaining actions low expected value","step":8,"t":"2026-09-17T16:17:51.840Z"}
{"level":"info","event":"action","runId":"d5ade92f-f962-4c7f-8bb1-368953738f78","type":"challenge","rationale":"Disconfirm material conclusion: A primary source that directly contradicts this conclusion.","step":0,"t":"2026-09-17T16:17:52.417Z"}
{"level":"info","event":"action","runId":"d5ade92f-f962-4c7f-8bb1-368953738f78","type":"fetch","rationale":"Inspect an already-known source before another generic query","step":1,"t":"2026-09-17T16:17:52.461Z"}
{"level":"info","event":"action","runId":"d5ade92f-f962-4c7f-8bb1-368953738f78","type":"fetch","rationale":"Inspect an already-known source before another generic query","step":2,"t":"2026-09-17T16:17:52.489Z"}
{"level":"info","event":"action","runId":"d5ade92f-f962-4c7f-8bb1-368953738f78","type":"fetch","rationale":"Inspect an already-known source before another generic query","step":3,"t":"2026-09-17T16:17:52.534Z"}
{"level":"info","event":"action","runId":"d5ade92f-f962-4c7f-8bb1-368953738f78","type":"challenge","rationale":"No counterexample found in accessed primary sources. This is not proof that the conclusion is true.","step":4,"t":"2026-09-17T16:17:52.559Z"}
{"level":"info","event":"action","runId":"d5ade92f-f962-4c7f-8bb1-368953738f78","type":"synthesize","rationale":"decision_critical_gaps_resolved_or_unresolvable; high-impact claims supported or qualified; contradictions handled; remaining actions low expected value","step":5,"t":"2026-09-17T16:17:52.588Z"}
{"level":"info","event":"action","runId":"8431cc52-e9dd-4aa7-92f1-f10dd922ed20","type":"search","rationale":"Investigate an uncovered required question","step":0,"t":"2026-09-17T16:17:53.160Z"}
{"level":"info","event":"action","runId":"8431cc52-e9dd-4aa7-92f1-f10dd922ed20","type":"fetch","rationale":"Inspect an already-known source before another generic query","step":1,"t":"2026-09-17T16:17:53.184Z"}
{"level":"info","event":"action","runId":"8431cc52-e9dd-4aa7-92f1-f10dd922ed20","type":"fetch","rationale":"Inspect an already-known source before another generic query","step":2,"t":"2026-09-17T16:17:53.208Z"}
{"level":"info","event":"action","runId":"8431cc52-e9dd-4aa7-92f1-f10dd922ed20","type":"fetch","rationale":"Inspect an already-known source before another generic query","step":3,"t":"2026-09-17T16:17:53.236Z"}
{"level":"info","event":"action","runId":"8431cc52-e9dd-4aa7-92f1-f10dd922ed20","type":"challenge","rationale":"Disconfirm material conclusion: A hard-constraint violation for a candidate currently marked eligible.","step":4,"t":"2026-09-17T16:17:53.264Z"}
{"level":"info","event":"action","runId":"8431cc52-e9dd-4aa7-92f1-f10dd922ed20","type":"challenge","rationale":"No counterexample found in accessed primary sources. This is not proof that the conclusion is true.","step":5,"t":"2026-09-17T16:17:53.305Z"}
{"level":"info","event":"action","runId":"8431cc52-e9dd-4aa7-92f1-f10dd922ed20","type":"synthesize","rationale":"decision_critical_gaps_resolved_or_unresolvable; high-impact claims supported or qualified; contradictions handled; remaining actions low expected value","step":6,"t":"2026-09-17T16:17:53.324Z"}
{"level":"info","event":"action","runId":"3ca763e2-132a-4bf9-b7b6-e1edf60e410d","type":"search","rationale":"Investigate an uncovered required question","step":0,"t":"2026-09-17T16:17:53.838Z"}
{"level":"info","event":"action","runId":"3ca763e2-132a-4bf9-b7b6-e1edf60e410d","type":"fetch","rationale":"Inspect an already-known source before another generic query","step":1,"t":"2026-09-17T16:17:53.863Z"}
{"level":"info","event":"action","runId":"3ca763e2-132a-4bf9-b7b6-e1edf60e410d","type":"fetch","rationale":"Inspect an already-known source before another generic query","step":2,"t":"2026-09-17T16:17:53.880Z"}
{"level":"info","event":"action","runId":"3ca763e2-132a-4bf9-b7b6-e1edf60e410d","type":"fetch","rationale":"Inspect an already-known source before another generic query","step":3,"t":"2026-09-17T16:17:53.900Z"}
{"level":"info","event":"action","runId":"3ca763e2-132a-4bf9-b7b6-e1edf60e410d","type":"challenge","rationale":"Disconfirm material conclusion: A hard-constraint violation for a candidate currently marked eligible.","step":4,"t":"2026-09-17T16:17:53.926Z"}
{"level":"info","event":"action","runId":"3ca763e2-132a-4bf9-b7b6-e1edf60e410d","type":"challenge","rationale":"No counterexample found in accessed primary sources. This is not proof that the conclusion is true.","step":5,"t":"2026-09-17T16:17:53.951Z"}
{"level":"info","event":"action","runId":"3ca763e2-132a-4bf9-b7b6-e1edf60e410d","type":"synthesize","rationale":"decision_critical_gaps_resolved_or_unresolvable; high-impact claims supported or qualified; contradictions handled; remaining actions low expected value","step":6,"t":"2026-09-17T16:17:53.968Z"}
{"level":"info","event":"action","runId":"63902a79-2083-40a9-a9a1-3475e4c43ece","type":"search","rationale":"Investigate an uncovered required question","step":0,"t":"2026-09-17T16:17:54.289Z"}
{"level":"info","event":"action","runId":"63902a79-2083-40a9-a9a1-3475e4c43ece","type":"fetch","rationale":"Inspect an already-known source before another generic query","step":1,"t":"2026-09-17T16:17:54.319Z"}
{"level":"info","event":"action","runId":"63902a79-2083-40a9-a9a1-3475e4c43ece","type":"fetch","rationale":"Inspect an already-known source before another generic query","step":2,"t":"2026-09-17T16:17:54.345Z"}
{"level":"info","event":"action","runId":"63902a79-2083-40a9-a9a1-3475e4c43ece","type":"fetch","rationale":"Inspect an already-known source before another generic query","step":3,"t":"2026-09-17T16:17:54.366Z"}
{"level":"info","event":"action","runId":"63902a79-2083-40a9-a9a1-3475e4c43ece","type":"challenge","rationale":"Disconfirm material conclusion: A hard-constraint violation for a candidate currently marked eligible.","step":4,"t":"2026-09-17T16:17:54.391Z"}
{"level":"info","event":"action","runId":"63902a79-2083-40a9-a9a1-3475e4c43ece","type":"challenge","rationale":"Disconfirm material conclusion: A hard-constraint violation for a candidate currently marked eligible.","step":5,"t":"2026-09-17T16:17:54.419Z"}
{"level":"info","event":"action","runId":"63902a79-2083-40a9-a9a1-3475e4c43ece","type":"challenge","rationale":"Disconfirm material conclusion: A hard-constraint violation for a candidate currently marked eligible.","step":6,"t":"2026-09-17T16:17:54.448Z"}
{"level":"info","event":"action","runId":"63902a79-2083-40a9-a9a1-3475e4c43ece","type":"challenge","rationale":"Disconfirm material conclusion: A hard-constraint violation for a candidate currently marked eligible.","step":7,"t":"2026-09-17T16:17:54.477Z"}
{"level":"info","event":"action","runId":"63902a79-2083-40a9-a9a1-3475e4c43ece","type":"challenge","rationale":"Disconfirm material conclusion: A hard-constraint violation for a candidate currently marked eligible.","step":8,"t":"2026-09-17T16:17:54.501Z"}
{"level":"info","event":"action","runId":"63902a79-2083-40a9-a9a1-3475e4c43ece","type":"challenge","rationale":"Disconfirm material conclusion: A hard-constraint violation for a candidate currently marked eligible.","step":9,"t":"2026-09-17T16:17:54.526Z"}
{"level":"info","event":"action","runId":"63902a79-2083-40a9-a9a1-3475e4c43ece","type":"challenge","rationale":"Disconfirm material conclusion: A hard-constraint violation for a candidate currently marked eligible.","step":10,"t":"2026-09-17T16:17:54.550Z"}
{"level":"info","event":"action","runId":"63902a79-2083-40a9-a9a1-3475e4c43ece","type":"challenge","rationale":"No counterexample found in accessed primary sources. This is not proof that the conclusion is true.","step":11,"t":"2026-09-17T16:17:54.577Z"}
{"level":"info","event":"action","runId":"63902a79-2083-40a9-a9a1-3475e4c43ece","type":"stop","rationale":"Repeated searches returned no novel source family or coverage progress","step":12,"t":"2026-09-17T16:17:54.594Z"}
{"level":"info","event":"action","runId":"0f86323c-6a92-4b3b-8abe-9e84fb30c2cc","type":"search","rationale":"Investigate an uncovered required question","step":0,"t":"2026-09-17T16:17:55.195Z"}
{"level":"info","event":"action","runId":"0f86323c-6a92-4b3b-8abe-9e84fb30c2cc","type":"fetch","rationale":"Inspect an already-known source before another generic query","step":1,"t":"2026-09-17T16:17:55.221Z"}
{"level":"info","event":"action","runId":"0f86323c-6a92-4b3b-8abe-9e84fb30c2cc","type":"fetch","rationale":"Inspect an already-known source before another generic query","step":2,"t":"2026-09-17T16:17:55.246Z"}
{"level":"info","event":"action","runId":"0f86323c-6a92-4b3b-8abe-9e84fb30c2cc","type":"fetch","rationale":"Inspect an already-known source before another generic query","step":3,"t":"2026-09-17T16:17:55.271Z"}
{"level":"info","event":"action","runId":"0f86323c-6a92-4b3b-8abe-9e84fb30c2cc","type":"challenge","rationale":"Disconfirm material conclusion: A hard-constraint violation for a candidate currently marked eligible.","step":4,"t":"2026-09-17T16:17:55.302Z"}
{"level":"info","event":"action","runId":"0f86323c-6a92-4b3b-8abe-9e84fb30c2cc","type":"challenge","rationale":"No counterexample found in accessed primary sources. This is not proof that the conclusion is true.","step":5,"t":"2026-09-17T16:17:55.318Z"}
{"level":"info","event":"action","runId":"0f86323c-6a92-4b3b-8abe-9e84fb30c2cc","type":"synthesize","rationale":"decision_critical_gaps_resolved_or_unresolvable; high-impact claims supported or qualified; contradictions handled; remaining actions low expected value","step":6,"t":"2026-09-17T16:17:55.332Z"}
{"level":"info","event":"action","runId":"257c90e6-3c67-4cd6-b087-778b46b1d3c7","type":"search","rationale":"Investigate an uncovered required question","step":0,"t":"2026-09-17T16:17:55.664Z"}
{"level":"info","event":"action","runId":"257c90e6-3c67-4cd6-b087-778b46b1d3c7","type":"fetch","rationale":"Inspect an already-known source before another generic query","step":1,"t":"2026-09-17T16:17:55.698Z"}
{"level":"info","event":"action","runId":"257c90e6-3c67-4cd6-b087-778b46b1d3c7","type":"fetch","rationale":"Inspect an already-known source before another generic query","step":2,"t":"2026-09-17T16:17:55.721Z"}
{"level":"info","event":"action","runId":"257c90e6-3c67-4cd6-b087-778b46b1d3c7","type":"fetch","rationale":"Inspect an already-known source before another generic query","step":3,"t":"2026-09-17T16:17:55.741Z"}
{"level":"info","event":"action","runId":"257c90e6-3c67-4cd6-b087-778b46b1d3c7","type":"challenge","rationale":"Disconfirm material conclusion: A hard-constraint violation for a candidate currently marked eligible.","step":4,"t":"2026-09-17T16:17:55.772Z"}
{"level":"info","event":"action","runId":"257c90e6-3c67-4cd6-b087-778b46b1d3c7","type":"challenge","rationale":"Disconfirm material conclusion: A hard-constraint violation for a candidate currently marked eligible.","step":5,"t":"2026-09-17T16:17:55.797Z"}
{"level":"info","event":"action","runId":"257c90e6-3c67-4cd6-b087-778b46b1d3c7","type":"challenge","rationale":"Disconfirm material conclusion: A hard-constraint violation for a candidate currently marked eligible.","step":6,"t":"2026-09-17T16:17:55.817Z"}
{"level":"info","event":"action","runId":"257c90e6-3c67-4cd6-b087-778b46b1d3c7","type":"challenge","rationale":"Disconfirm material conclusion: A hard-constraint violation for a candidate currently marked eligible.","step":7,"t":"2026-09-17T16:17:55.834Z"}
{"level":"info","event":"action","runId":"257c90e6-3c67-4cd6-b087-778b46b1d3c7","type":"challenge","rationale":"Disconfirm material conclusion: A hard-constraint violation for a candidate currently marked eligible.","step":8,"t":"2026-09-17T16:17:55.852Z"}
{"level":"info","event":"action","runId":"257c90e6-3c67-4cd6-b087-778b46b1d3c7","type":"challenge","rationale":"Disconfirm material conclusion: A hard-constraint violation for a candidate currently marked eligible.","step":9,"t":"2026-09-17T16:17:55.884Z"}
{"level":"info","event":"action","runId":"257c90e6-3c67-4cd6-b087-778b46b1d3c7","type":"challenge","rationale":"Disconfirm material conclusion: A hard-constraint violation for a candidate currently marked eligible.","step":10,"t":"2026-09-17T16:17:55.909Z"}
{"level":"info","event":"action","runId":"257c90e6-3c67-4cd6-b087-778b46b1d3c7","type":"challenge","rationale":"No counterexample found in accessed primary sources. This is not proof that the conclusion is true.","step":11,"t":"2026-09-17T16:17:55.925Z"}
{"level":"info","event":"action","runId":"257c90e6-3c67-4cd6-b087-778b46b1d3c7","type":"stop","rationale":"Repeated searches returned no novel source family or coverage progress","step":12,"t":"2026-09-17T16:17:55.939Z"}
{"level":"info","event":"action","runId":"acab8925-487b-405d-aace-91232706af21","type":"challenge","rationale":"Disconfirm material conclusion: A primary source that directly contradicts this conclusion.","step":0,"t":"2026-09-17T16:17:56.545Z"}
{"level":"info","event":"action","runId":"acab8925-487b-405d-aace-91232706af21","type":"fetch","rationale":"Inspect an already-known source before another generic query","step":1,"t":"2026-09-17T16:17:56.591Z"}
{"level":"info","event":"action","runId":"acab8925-487b-405d-aace-91232706af21","type":"fetch","rationale":"Inspect an already-known source before another generic query","step":2,"t":"2026-09-17T16:17:56.620Z"}
{"level":"info","event":"action","runId":"acab8925-487b-405d-aace-91232706af21","type":"fetch","rationale":"Inspect an already-known source before another generic query","step":3,"t":"2026-09-17T16:17:56.649Z"}
{"level":"info","event":"action","runId":"acab8925-487b-405d-aace-91232706af21","type":"challenge","rationale":"No counterexample found in accessed primary sources. This is not proof that the conclusion is true.","step":4,"t":"2026-09-17T16:17:56.693Z"}
{"level":"info","event":"action","runId":"acab8925-487b-405d-aace-91232706af21","type":"synthesize","rationale":"decision_critical_gaps_resolved_or_unresolvable; high-impact claims supported or qualified; contradictions handled; remaining actions low expected value","step":5,"t":"2026-09-17T16:17:56.719Z"}
{"level":"info","event":"action","runId":"28cca358-5b50-49c8-8592-0cfd36e26060","type":"challenge","rationale":"Disconfirm material conclusion: A primary source that directly contradicts this conclusion.","step":0,"t":"2026-09-17T16:17:57.413Z"}
{"level":"info","event":"action","runId":"28cca358-5b50-49c8-8592-0cfd36e26060","type":"fetch","rationale":"Inspect an already-known source before another generic query","step":1,"t":"2026-09-17T16:17:57.468Z"}
{"level":"info","event":"action","runId":"28cca358-5b50-49c8-8592-0cfd36e26060","type":"fetch","rationale":"Inspect an already-known source before another generic query","step":2,"t":"2026-09-17T16:17:57.503Z"}
{"level":"info","event":"action","runId":"28cca358-5b50-49c8-8592-0cfd36e26060","type":"fetch","rationale":"Inspect an already-known source before another generic query","step":3,"t":"2026-09-17T16:17:57.542Z"}
{"level":"info","event":"action","runId":"28cca358-5b50-49c8-8592-0cfd36e26060","type":"challenge","rationale":"No counterexample found in accessed primary sources. This is not proof that the conclusion is true.","step":4,"t":"2026-09-17T16:17:57.585Z"}
{"level":"info","event":"action","runId":"28cca358-5b50-49c8-8592-0cfd36e26060","type":"synthesize","rationale":"decision_critical_gaps_resolved_or_unresolvable; high-impact claims supported or qualified; contradictions handled; remaining actions low expected value","step":5,"t":"2026-09-17T16:17:57.624Z"}
{"level":"info","event":"action","runId":"dbc1ae7d-71e5-4167-a38a-2770e3c19b76","type":"search","rationale":"Investigate an uncovered required question","step":0,"t":"2026-09-17T16:17:58.308Z"}
{"level":"info","event":"action","runId":"dbc1ae7d-71e5-4167-a38a-2770e3c19b76","type":"fetch","rationale":"Inspect an already-known source before another generic query","step":1,"t":"2026-09-17T16:17:58.350Z"}
{"level":"info","event":"action","runId":"dbc1ae7d-71e5-4167-a38a-2770e3c19b76","type":"fetch","rationale":"Inspect an already-known source before another generic query","step":2,"t":"2026-09-17T16:17:58.371Z"}
{"level":"info","event":"action","runId":"dbc1ae7d-71e5-4167-a38a-2770e3c19b76","type":"fetch","rationale":"Inspect an already-known source before another generic query","step":3,"t":"2026-09-17T16:17:58.406Z"}
{"level":"info","event":"action","runId":"dbc1ae7d-71e5-4167-a38a-2770e3c19b76","type":"fetch","rationale":"Inspect an already-known source before another generic query","step":4,"t":"2026-09-17T16:17:58.438Z"}
{"level":"info","event":"action","runId":"dbc1ae7d-71e5-4167-a38a-2770e3c19b76","type":"fetch","rationale":"Inspect an already-known source before another generic query","step":5,"t":"2026-09-17T16:17:58.464Z"}
{"level":"info","event":"action","runId":"dbc1ae7d-71e5-4167-a38a-2770e3c19b76","type":"challenge","rationale":"Disconfirm material conclusion: A primary source that directly contradicts this conclusion.","step":6,"t":"2026-09-17T16:17:58.495Z"}
{"level":"info","event":"action","runId":"dbc1ae7d-71e5-4167-a38a-2770e3c19b76","type":"challenge","rationale":"No counterexample found in accessed primary sources. This is not proof that the conclusion is true.","step":7,"t":"2026-09-17T16:17:58.527Z"}
{"level":"info","event":"action","runId":"dbc1ae7d-71e5-4167-a38a-2770e3c19b76","type":"synthesize","rationale":"decision_critical_gaps_resolved_or_unresolvable; high-impact claims supported or qualified; contradictions handled; remaining actions low expected value","step":8,"t":"2026-09-17T16:17:58.552Z"}
{"level":"info","event":"action","runId":"33d5f1ae-7802-4909-af17-f1ee25be9ce1","type":"search","rationale":"Investigate an uncovered required question","step":0,"t":"2026-09-17T16:17:59.187Z"}
{"level":"info","event":"action","runId":"33d5f1ae-7802-4909-af17-f1ee25be9ce1","type":"fetch","rationale":"Inspect an already-known source before another generic query","step":1,"t":"2026-09-17T16:17:59.244Z"}
{"level":"info","event":"action","runId":"33d5f1ae-7802-4909-af17-f1ee25be9ce1","type":"fetch","rationale":"Inspect an already-known source before another generic query","step":2,"t":"2026-09-17T16:17:59.269Z"}
{"level":"info","event":"action","runId":"33d5f1ae-7802-4909-af17-f1ee25be9ce1","type":"fetch","rationale":"Inspect an already-known source before another generic query","step":3,"t":"2026-09-17T16:17:59.293Z"}
{"level":"info","event":"action","runId":"33d5f1ae-7802-4909-af17-f1ee25be9ce1","type":"challenge","rationale":"Disconfirm material conclusion: A primary source that directly contradicts this conclusion.","step":4,"t":"2026-09-17T16:17:59.326Z"}
{"level":"info","event":"action","runId":"33d5f1ae-7802-4909-af17-f1ee25be9ce1","type":"challenge","rationale":"No counterexample found in accessed primary sources. This is not proof that the conclusion is true.","step":5,"t":"2026-09-17T16:17:59.352Z"}
{"level":"info","event":"action","runId":"33d5f1ae-7802-4909-af17-f1ee25be9ce1","type":"synthesize","rationale":"decision_critical_gaps_resolved_or_unresolvable; high-impact claims supported or qualified; contradictions handled; remaining actions low expected value","step":6,"t":"2026-09-17T16:17:59.378Z"}
{"level":"info","event":"action","runId":"9eeca659-5e5b-441b-b6ce-6a524820ea85","type":"search","rationale":"Investigate an uncovered required question","step":0,"t":"2026-09-17T16:17:59.934Z"}
{"level":"info","event":"action","runId":"9eeca659-5e5b-441b-b6ce-6a524820ea85","type":"fetch","rationale":"Inspect an already-known source before another generic query","step":1,"t":"2026-09-17T16:17:59.964Z"}
{"level":"info","event":"action","runId":"9eeca659-5e5b-441b-b6ce-6a524820ea85","type":"fetch","rationale":"Inspect an already-known source before another generic query","step":2,"t":"2026-09-17T16:17:59.986Z"}
{"level":"info","event":"action","runId":"9eeca659-5e5b-441b-b6ce-6a524820ea85","type":"fetch","rationale":"Inspect an already-known source before another generic query","step":3,"t":"2026-09-17T16:18:00.006Z"}
{"level":"info","event":"action","runId":"9eeca659-5e5b-441b-b6ce-6a524820ea85","type":"fetch","rationale":"Inspect an already-known source before another generic query","step":4,"t":"2026-09-17T16:18:00.021Z"}
{"level":"info","event":"action","runId":"9eeca659-5e5b-441b-b6ce-6a524820ea85","type":"fetch","rationale":"Inspect an already-known source before another generic query","step":5,"t":"2026-09-17T16:18:00.039Z"}
{"level":"info","event":"action","runId":"9eeca659-5e5b-441b-b6ce-6a524820ea85","type":"challenge","rationale":"Disconfirm material conclusion: A primary source that directly contradicts this conclusion.","step":6,"t":"2026-09-17T16:18:00.064Z"}
{"level":"info","event":"action","runId":"9eeca659-5e5b-441b-b6ce-6a524820ea85","type":"challenge","rationale":"No counterexample found in accessed primary sources. This is not proof that the conclusion is true.","step":7,"t":"2026-09-17T16:18:00.092Z"}
{"level":"info","event":"action","runId":"9eeca659-5e5b-441b-b6ce-6a524820ea85","type":"synthesize","rationale":"decision_critical_gaps_resolved_or_unresolvable; high-impact claims supported or qualified; contradictions handled; remaining actions low expected value","step":8,"t":"2026-09-17T16:18:00.106Z"}
{"level":"info","event":"action","runId":"ec3ca6d2-0b4d-4981-81b9-a789defd4202","type":"search","rationale":"Investigate an uncovered required question","step":0,"t":"2026-09-17T16:18:00.811Z"}
{"level":"info","event":"action","runId":"ec3ca6d2-0b4d-4981-81b9-a789defd4202","type":"fetch","rationale":"Inspect an already-known source before another generic query","step":1,"t":"2026-09-17T16:18:00.844Z"}
{"level":"info","event":"action","runId":"ec3ca6d2-0b4d-4981-81b9-a789defd4202","type":"fetch","rationale":"Inspect an already-known source before another generic query","step":2,"t":"2026-09-17T16:18:00.862Z"}
{"level":"info","event":"action","runId":"ec3ca6d2-0b4d-4981-81b9-a789defd4202","type":"fetch","rationale":"Inspect an already-known source before another generic query","step":3,"t":"2026-09-17T16:18:00.896Z"}
{"level":"info","event":"action","runId":"ec3ca6d2-0b4d-4981-81b9-a789defd4202","type":"fetch","rationale":"Inspect an already-known source before another generic query","step":4,"t":"2026-09-17T16:18:00.914Z"}
{"level":"info","event":"action","runId":"ec3ca6d2-0b4d-4981-81b9-a789defd4202","type":"fetch","rationale":"Inspect an already-known source before another generic query","step":5,"t":"2026-09-17T16:18:00.931Z"}
{"level":"info","event":"action","runId":"ec3ca6d2-0b4d-4981-81b9-a789defd4202","type":"challenge","rationale":"Disconfirm material conclusion: A primary source that directly contradicts this conclusion.","step":6,"t":"2026-09-17T16:18:00.948Z"}
{"level":"info","event":"action","runId":"ec3ca6d2-0b4d-4981-81b9-a789defd4202","type":"challenge","rationale":"No counterexample found in accessed primary sources. This is not proof that the conclusion is true.","step":7,"t":"2026-09-17T16:18:00.975Z"}
{"level":"info","event":"action","runId":"ec3ca6d2-0b4d-4981-81b9-a789defd4202","type":"synthesize","rationale":"decision_critical_gaps_resolved_or_unresolvable; high-impact claims supported or qualified; contradictions handled; remaining actions low expected value","step":8,"t":"2026-09-17T16:18:00.991Z"}
{"level":"info","event":"action","runId":"1b63673b-d9e6-47d2-ab5c-6b4ae6cba8c7","type":"search","rationale":"Investigate an uncovered required question","step":0,"t":"2026-09-17T16:18:01.578Z"}
{"level":"info","event":"action","runId":"1b63673b-d9e6-47d2-ab5c-6b4ae6cba8c7","type":"fetch","rationale":"Inspect an already-known source before another generic query","step":1,"t":"2026-09-17T16:18:01.646Z"}
{"level":"info","event":"action","runId":"1b63673b-d9e6-47d2-ab5c-6b4ae6cba8c7","type":"fetch","rationale":"Inspect an already-known source before another generic query","step":2,"t":"2026-09-17T16:18:01.682Z"}
{"level":"info","event":"action","runId":"1b63673b-d9e6-47d2-ab5c-6b4ae6cba8c7","type":"fetch","rationale":"Inspect an already-known source before another generic query","step":3,"t":"2026-09-17T16:18:01.710Z"}
{"level":"info","event":"action","runId":"1b63673b-d9e6-47d2-ab5c-6b4ae6cba8c7","type":"fetch","rationale":"Inspect an already-known source before another generic query","step":4,"t":"2026-09-17T16:18:01.734Z"}
{"level":"info","event":"action","runId":"1b63673b-d9e6-47d2-ab5c-6b4ae6cba8c7","type":"fetch","rationale":"Inspect an already-known source before another generic query","step":5,"t":"2026-09-17T16:18:01.763Z"}
{"level":"info","event":"action","runId":"1b63673b-d9e6-47d2-ab5c-6b4ae6cba8c7","type":"challenge","rationale":"Disconfirm material conclusion: A primary source that directly contradicts this conclusion.","step":6,"t":"2026-09-17T16:18:01.796Z"}
{"level":"info","event":"action","runId":"1b63673b-d9e6-47d2-ab5c-6b4ae6cba8c7","type":"challenge","rationale":"No counterexample found in accessed primary sources. This is not proof that the conclusion is true.","step":7,"t":"2026-09-17T16:18:01.831Z"}
{"level":"info","event":"action","runId":"1b63673b-d9e6-47d2-ab5c-6b4ae6cba8c7","type":"synthesize","rationale":"decision_critical_gaps_resolved_or_unresolvable; high-impact claims supported or qualified; contradictions handled; remaining actions low expected value","step":8,"t":"2026-09-17T16:18:01.847Z"}
{"level":"info","event":"action","runId":"011b042f-0329-468e-a709-cc9c9a401fe5","type":"search","rationale":"Investigate an uncovered required question","step":0,"t":"2026-09-17T16:18:02.516Z"}
{"level":"info","event":"action","runId":"011b042f-0329-468e-a709-cc9c9a401fe5","type":"fetch","rationale":"Inspect an already-known source before another generic query","step":1,"t":"2026-09-17T16:18:02.568Z"}
{"level":"info","event":"action","runId":"011b042f-0329-468e-a709-cc9c9a401fe5","type":"fetch","rationale":"Inspect an already-known source before another generic query","step":2,"t":"2026-09-17T16:18:02.599Z"}
{"level":"info","event":"action","runId":"011b042f-0329-468e-a709-cc9c9a401fe5","type":"fetch","rationale":"Inspect an already-known source before another generic query","step":3,"t":"2026-09-17T16:18:02.636Z"}
{"level":"info","event":"action","runId":"011b042f-0329-468e-a709-cc9c9a401fe5","type":"fetch","rationale":"Inspect an already-known source before another generic query","step":4,"t":"2026-09-17T16:18:02.668Z"}
{"level":"info","event":"action","runId":"011b042f-0329-468e-a709-cc9c9a401fe5","type":"fetch","rationale":"Inspect an already-known source before another generic query","step":5,"t":"2026-09-17T16:18:02.700Z"}
{"level":"info","event":"action","runId":"011b042f-0329-468e-a709-cc9c9a401fe5","type":"challenge","rationale":"Disconfirm material conclusion: A primary source that directly contradicts this conclusion.","step":6,"t":"2026-09-17T16:18:02.737Z"}
{"level":"info","event":"action","runId":"011b042f-0329-468e-a709-cc9c9a401fe5","type":"challenge","rationale":"No counterexample found in accessed primary sources. This is not proof that the conclusion is true.","step":7,"t":"2026-09-17T16:18:02.772Z"}
{"level":"info","event":"action","runId":"011b042f-0329-468e-a709-cc9c9a401fe5","type":"synthesize","rationale":"decision_critical_gaps_resolved_or_unresolvable; high-impact claims supported or qualified; contradictions handled; remaining actions low expected value","step":8,"t":"2026-09-17T16:18:02.794Z"}
{"level":"info","event":"action","runId":"67fcb903-a094-4f6e-9954-cb803e31ca76","type":"search","rationale":"Investigate an uncovered required question","step":0,"t":"2026-09-17T16:18:03.605Z"}
{"level":"info","event":"action","runId":"67fcb903-a094-4f6e-9954-cb803e31ca76","type":"fetch","rationale":"Inspect an already-known source before another generic query","step":1,"t":"2026-09-17T16:18:03.636Z"}
{"level":"info","event":"action","runId":"67fcb903-a094-4f6e-9954-cb803e31ca76","type":"fetch","rationale":"Inspect an already-known source before another generic query","step":2,"t":"2026-09-17T16:18:03.652Z"}
{"level":"info","event":"action","runId":"67fcb903-a094-4f6e-9954-cb803e31ca76","type":"fetch","rationale":"Inspect an already-known source before another generic query","step":3,"t":"2026-09-17T16:18:03.670Z"}
{"level":"info","event":"action","runId":"67fcb903-a094-4f6e-9954-cb803e31ca76","type":"fetch","rationale":"Inspect an already-known source before another generic query","step":4,"t":"2026-09-17T16:18:03.686Z"}
{"level":"info","event":"action","runId":"67fcb903-a094-4f6e-9954-cb803e31ca76","type":"fetch","rationale":"Inspect an already-known source before another generic query","step":5,"t":"2026-09-17T16:18:03.705Z"}
{"level":"info","event":"action","runId":"67fcb903-a094-4f6e-9954-cb803e31ca76","type":"challenge","rationale":"Disconfirm material conclusion: A primary source that directly contradicts this conclusion.","step":6,"t":"2026-09-17T16:18:03.723Z"}
{"level":"info","event":"action","runId":"67fcb903-a094-4f6e-9954-cb803e31ca76","type":"challenge","rationale":"No counterexample found in accessed primary sources. This is not proof that the conclusion is true.","step":7,"t":"2026-09-17T16:18:03.741Z"}
{"level":"info","event":"action","runId":"67fcb903-a094-4f6e-9954-cb803e31ca76","type":"synthesize","rationale":"decision_critical_gaps_resolved_or_unresolvable; high-impact claims supported or qualified; contradictions handled; remaining actions low expected value","step":8,"t":"2026-09-17T16:18:03.754Z"}
{"level":"info","event":"action","runId":"11784388-78cd-4992-b837-fe2245d4b9dc","type":"search","rationale":"Investigate an uncovered required question","step":0,"t":"2026-09-17T16:18:04.924Z"}
{"level":"info","event":"action","runId":"11784388-78cd-4992-b837-fe2245d4b9dc","type":"fetch","rationale":"Inspect an already-known source before another generic query","step":1,"t":"2026-09-17T16:18:04.983Z"}
{"level":"info","event":"action","runId":"11784388-78cd-4992-b837-fe2245d4b9dc","type":"fetch","rationale":"Inspect an already-known source before another generic query","step":2,"t":"2026-09-17T16:18:05.015Z"}
{"level":"info","event":"action","runId":"11784388-78cd-4992-b837-fe2245d4b9dc","type":"fetch","rationale":"Inspect an already-known source before another generic query","step":3,"t":"2026-09-17T16:18:05.046Z"}
{"level":"info","event":"action","runId":"11784388-78cd-4992-b837-fe2245d4b9dc","type":"fetch","rationale":"Inspect an already-known source before another generic query","step":4,"t":"2026-09-17T16:18:05.072Z"}
{"level":"info","event":"action","runId":"11784388-78cd-4992-b837-fe2245d4b9dc","type":"fetch","rationale":"Inspect an already-known source before another generic query","step":5,"t":"2026-09-17T16:18:05.099Z"}
{"level":"info","event":"action","runId":"11784388-78cd-4992-b837-fe2245d4b9dc","type":"challenge","rationale":"Disconfirm material conclusion: A primary source that directly contradicts this conclusion.","step":6,"t":"2026-09-17T16:18:05.145Z"}
{"level":"info","event":"action","runId":"11784388-78cd-4992-b837-fe2245d4b9dc","type":"challenge","rationale":"No counterexample found in accessed primary sources. This is not proof that the conclusion is true.","step":7,"t":"2026-09-17T16:18:05.192Z"}
{"level":"info","event":"action","runId":"11784388-78cd-4992-b837-fe2245d4b9dc","type":"synthesize","rationale":"decision_critical_gaps_resolved_or_unresolvable; high-impact claims supported or qualified; contradictions handled; remaining actions low expected value","step":8,"t":"2026-09-17T16:18:05.218Z"}
{"level":"info","event":"action","runId":"ef0958f7-2c6e-4849-892d-83299cc7edee","type":"search","rationale":"Investigate an uncovered required question","step":0,"t":"2026-09-17T16:18:05.869Z"}
{"level":"info","event":"action","runId":"ef0958f7-2c6e-4849-892d-83299cc7edee","type":"fetch","rationale":"Inspect an already-known source before another generic query","step":1,"t":"2026-09-17T16:18:05.916Z"}
{"level":"info","event":"action","runId":"ef0958f7-2c6e-4849-892d-83299cc7edee","type":"fetch","rationale":"Inspect an already-known source before another generic query","step":2,"t":"2026-09-17T16:18:05.953Z"}
{"level":"info","event":"action","runId":"ef0958f7-2c6e-4849-892d-83299cc7edee","type":"fetch","rationale":"Inspect an already-known source before another generic query","step":3,"t":"2026-09-17T16:18:05.988Z"}
{"level":"info","event":"action","runId":"ef0958f7-2c6e-4849-892d-83299cc7edee","type":"fetch","rationale":"Inspect an already-known source before another generic query","step":4,"t":"2026-09-17T16:18:06.027Z"}
{"level":"info","event":"action","runId":"ef0958f7-2c6e-4849-892d-83299cc7edee","type":"fetch","rationale":"Inspect an already-known source before another generic query","step":5,"t":"2026-09-17T16:18:06.074Z"}
{"level":"info","event":"action","runId":"ef0958f7-2c6e-4849-892d-83299cc7edee","type":"challenge","rationale":"Disconfirm material conclusion: A primary source that directly contradicts this conclusion.","step":6,"t":"2026-09-17T16:18:06.107Z"}
{"level":"info","event":"action","runId":"ef0958f7-2c6e-4849-892d-83299cc7edee","type":"challenge","rationale":"No counterexample found in accessed primary sources. This is not proof that the conclusion is true.","step":7,"t":"2026-09-17T16:18:06.146Z"}
{"level":"info","event":"action","runId":"ef0958f7-2c6e-4849-892d-83299cc7edee","type":"synthesize","rationale":"decision_critical_gaps_resolved_or_unresolvable; high-impact claims supported or qualified; contradictions handled; remaining actions low expected value","step":8,"t":"2026-09-17T16:18:06.164Z"}
{"level":"info","event":"action","runId":"9b162d6d-bd4a-4239-a476-03c4d52f9490","type":"search","rationale":"Investigate an uncovered required question","step":0,"t":"2026-09-17T16:18:06.771Z"}
{"level":"info","event":"action","runId":"9b162d6d-bd4a-4239-a476-03c4d52f9490","type":"fetch","rationale":"Inspect an already-known source before another generic query","step":1,"t":"2026-09-17T16:18:06.793Z"}
{"level":"info","event":"action","runId":"9b162d6d-bd4a-4239-a476-03c4d52f9490","type":"challenge","rationale":"Disconfirm material conclusion: A primary source that directly contradicts this conclusion.","step":2,"t":"2026-09-17T16:18:06.812Z"}
{"level":"info","event":"action","runId":"9b162d6d-bd4a-4239-a476-03c4d52f9490","type":"challenge","rationale":"No counterexample found in accessed primary sources. This is not proof that the conclusion is true.","step":3,"t":"2026-09-17T16:18:06.826Z"}
{"level":"info","event":"action","runId":"9b162d6d-bd4a-4239-a476-03c4d52f9490","type":"synthesize","rationale":"decision_critical_gaps_resolved_or_unresolvable; high-impact claims supported or qualified; contradictions handled; remaining actions low expected value","step":4,"t":"2026-09-17T16:18:06.842Z"}
{"level":"info","event":"action","runId":"13dc2173-c2e7-4b2a-9084-bc39ebe6b071","type":"search","rationale":"Investigate an uncovered required question","step":0,"t":"2026-09-17T16:18:07.339Z"}
{"level":"info","event":"action","runId":"13dc2173-c2e7-4b2a-9084-bc39ebe6b071","type":"fetch","rationale":"Inspect an already-known source before another generic query","step":1,"t":"2026-09-17T16:18:07.374Z"}
{"level":"info","event":"action","runId":"13dc2173-c2e7-4b2a-9084-bc39ebe6b071","type":"fetch","rationale":"Inspect an already-known source before another generic query","step":2,"t":"2026-09-17T16:18:07.392Z"}
{"level":"info","event":"action","runId":"13dc2173-c2e7-4b2a-9084-bc39ebe6b071","type":"fetch","rationale":"Inspect an already-known source before another generic query","step":3,"t":"2026-09-17T16:18:07.411Z"}
{"level":"info","event":"action","runId":"13dc2173-c2e7-4b2a-9084-bc39ebe6b071","type":"challenge","rationale":"Disconfirm material conclusion: A primary source that directly contradicts this conclusion.","step":4,"t":"2026-09-17T16:18:07.436Z"}
{"level":"info","event":"action","runId":"13dc2173-c2e7-4b2a-9084-bc39ebe6b071","type":"challenge","rationale":"No counterexample found in accessed primary sources. This is not proof that the conclusion is true.","step":5,"t":"2026-09-17T16:18:07.453Z"}
{"level":"info","event":"action","runId":"13dc2173-c2e7-4b2a-9084-bc39ebe6b071","type":"synthesize","rationale":"decision_critical_gaps_resolved_or_unresolvable; high-impact claims supported or qualified; contradictions handled; remaining actions low expected value","step":6,"t":"2026-09-17T16:18:07.466Z"}
{"level":"info","event":"action","runId":"7511a1f2-f06c-48cf-a9f0-d974fe33350e","type":"search","rationale":"Investigate an uncovered required question","step":0,"t":"2026-09-17T16:18:08.053Z"}
{"level":"info","event":"action","runId":"7511a1f2-f06c-48cf-a9f0-d974fe33350e","type":"fetch","rationale":"Inspect an already-known source before another generic query","step":1,"t":"2026-09-17T16:18:08.098Z"}
{"level":"info","event":"action","runId":"7511a1f2-f06c-48cf-a9f0-d974fe33350e","type":"fetch","rationale":"Inspect an already-known source before another generic query","step":2,"t":"2026-09-17T16:18:08.131Z"}
{"level":"info","event":"action","runId":"7511a1f2-f06c-48cf-a9f0-d974fe33350e","type":"fetch","rationale":"Inspect an already-known source before another generic query","step":3,"t":"2026-09-17T16:18:08.159Z"}
{"level":"info","event":"action","runId":"7511a1f2-f06c-48cf-a9f0-d974fe33350e","type":"challenge","rationale":"Disconfirm material conclusion: A primary source that directly contradicts this conclusion.","step":4,"t":"2026-09-17T16:18:08.204Z"}
{"level":"info","event":"action","runId":"7511a1f2-f06c-48cf-a9f0-d974fe33350e","type":"challenge","rationale":"No counterexample found in accessed primary sources. This is not proof that the conclusion is true.","step":5,"t":"2026-09-17T16:18:08.233Z"}
{"level":"info","event":"action","runId":"7511a1f2-f06c-48cf-a9f0-d974fe33350e","type":"synthesize","rationale":"decision_critical_gaps_resolved_or_unresolvable; high-impact claims supported or qualified; contradictions handled; remaining actions low expected value","step":6,"t":"2026-09-17T16:18:08.253Z"}
{"level":"info","event":"action","runId":"3edc5052-4313-4c1f-97e8-0ffc38bb31d7","type":"search","rationale":"Investigate an uncovered required question","step":0,"t":"2026-09-17T16:18:08.864Z"}
{"level":"info","event":"action","runId":"3edc5052-4313-4c1f-97e8-0ffc38bb31d7","type":"fetch","rationale":"Inspect an already-known source before another generic query","step":1,"t":"2026-09-17T16:18:08.895Z"}
{"level":"info","event":"action","runId":"3edc5052-4313-4c1f-97e8-0ffc38bb31d7","type":"fetch","rationale":"Inspect an already-known source before another generic query","step":2,"t":"2026-09-17T16:18:08.911Z"}
{"level":"info","event":"action","runId":"3edc5052-4313-4c1f-97e8-0ffc38bb31d7","type":"fetch","rationale":"Inspect an already-known source before another generic query","step":3,"t":"2026-09-17T16:18:08.929Z"}
{"level":"info","event":"action","runId":"3edc5052-4313-4c1f-97e8-0ffc38bb31d7","type":"fetch","rationale":"Inspect an already-known source before another generic query","step":4,"t":"2026-09-17T16:18:08.949Z"}
{"level":"info","event":"action","runId":"3edc5052-4313-4c1f-97e8-0ffc38bb31d7","type":"fetch","rationale":"Inspect an already-known source before another generic query","step":5,"t":"2026-09-17T16:18:08.966Z"}
{"level":"info","event":"action","runId":"3edc5052-4313-4c1f-97e8-0ffc38bb31d7","type":"challenge","rationale":"Disconfirm material conclusion: A primary source that directly contradicts this conclusion.","step":6,"t":"2026-09-17T16:18:08.987Z"}
{"level":"info","event":"action","runId":"3edc5052-4313-4c1f-97e8-0ffc38bb31d7","type":"challenge","rationale":"No counterexample found in accessed primary sources. This is not proof that the conclusion is true.","step":7,"t":"2026-09-17T16:18:09.004Z"}
{"level":"info","event":"action","runId":"3edc5052-4313-4c1f-97e8-0ffc38bb31d7","type":"synthesize","rationale":"decision_critical_gaps_resolved_or_unresolvable; high-impact claims supported or qualified; contradictions handled; remaining actions low expected value","step":8,"t":"2026-09-17T16:18:09.018Z"}
{"level":"info","event":"action","runId":"2aed5d37-854a-4234-b7e6-2bf0fde25091","type":"search","rationale":"Investigate an uncovered required question","step":0,"t":"2026-09-17T16:18:09.280Z"}
{"level":"info","event":"action","runId":"2aed5d37-854a-4234-b7e6-2bf0fde25091","type":"fetch","rationale":"Inspect an already-known source before another generic query","step":1,"t":"2026-09-17T16:18:09.308Z"}
{"level":"info","event":"action","runId":"2aed5d37-854a-4234-b7e6-2bf0fde25091","type":"fetch","rationale":"Inspect an already-known source before another generic query","step":2,"t":"2026-09-17T16:18:09.323Z"}
{"level":"info","event":"action","runId":"2aed5d37-854a-4234-b7e6-2bf0fde25091","type":"fetch","rationale":"Inspect an already-known source before another generic query","step":3,"t":"2026-09-17T16:18:09.338Z"}
{"level":"info","event":"action","runId":"2aed5d37-854a-4234-b7e6-2bf0fde25091","type":"fetch","rationale":"Inspect an already-known source before another generic query","step":4,"t":"2026-09-17T16:18:09.353Z"}
{"level":"info","event":"action","runId":"2aed5d37-854a-4234-b7e6-2bf0fde25091","type":"fetch","rationale":"Inspect an already-known source before another generic query","step":5,"t":"2026-09-17T16:18:09.372Z"}
{"level":"info","event":"action","runId":"2aed5d37-854a-4234-b7e6-2bf0fde25091","type":"challenge","rationale":"Disconfirm material conclusion: A primary source that directly contradicts this conclusion.","step":6,"t":"2026-09-17T16:18:09.387Z"}
{"level":"info","event":"action","runId":"2aed5d37-854a-4234-b7e6-2bf0fde25091","type":"challenge","rationale":"No counterexample found in accessed primary sources. This is not proof that the conclusion is true.","step":7,"t":"2026-09-17T16:18:09.405Z"}
{"level":"info","event":"action","runId":"2aed5d37-854a-4234-b7e6-2bf0fde25091","type":"synthesize","rationale":"decision_critical_gaps_resolved_or_unresolvable; high-impact claims supported or qualified; contradictions handled; remaining actions low expected value","step":8,"t":"2026-09-17T16:18:09.418Z"}
{"level":"info","event":"action","runId":"b5b5d4ce-c855-4bdf-841f-f45dd6e930bf","type":"search","rationale":"Investigate an uncovered required question","step":0,"t":"2026-09-17T16:18:10.016Z"}
{"level":"info","event":"action","runId":"b5b5d4ce-c855-4bdf-841f-f45dd6e930bf","type":"fetch","rationale":"Inspect an already-known source before another generic query","step":1,"t":"2026-09-17T16:18:10.047Z"}
{"level":"info","event":"action","runId":"b5b5d4ce-c855-4bdf-841f-f45dd6e930bf","type":"fetch","rationale":"Inspect an already-known source before another generic query","step":2,"t":"2026-09-17T16:18:10.071Z"}
{"level":"info","event":"action","runId":"b5b5d4ce-c855-4bdf-841f-f45dd6e930bf","type":"challenge","rationale":"Disconfirm material conclusion: A primary source that directly contradicts this conclusion.","step":3,"t":"2026-09-17T16:18:10.095Z"}
{"level":"info","event":"action","runId":"b5b5d4ce-c855-4bdf-841f-f45dd6e930bf","type":"challenge","rationale":"No counterexample found in accessed primary sources. This is not proof that the conclusion is true.","step":4,"t":"2026-09-17T16:18:10.115Z"}
{"level":"info","event":"action","runId":"b5b5d4ce-c855-4bdf-841f-f45dd6e930bf","type":"synthesize","rationale":"decision_critical_gaps_resolved_or_unresolvable; high-impact claims supported or qualified; contradictions handled; remaining actions low expected value","step":5,"t":"2026-09-17T16:18:10.132Z"}
{"level":"info","event":"action","runId":"6ca8c3d5-c075-4dde-8451-73b30fb60b7f","type":"search","rationale":"Investigate an uncovered required question","step":0,"t":"2026-09-17T16:18:10.667Z"}
{"level":"info","event":"action","runId":"6ca8c3d5-c075-4dde-8451-73b30fb60b7f","type":"fetch","rationale":"Inspect an already-known source before another generic query","step":1,"t":"2026-09-17T16:18:10.707Z"}
{"level":"info","event":"action","runId":"6ca8c3d5-c075-4dde-8451-73b30fb60b7f","type":"challenge","rationale":"Disconfirm material conclusion: A primary source that directly contradicts this conclusion.","step":2,"t":"2026-09-17T16:18:10.726Z"}
{"level":"info","event":"action","runId":"6ca8c3d5-c075-4dde-8451-73b30fb60b7f","type":"challenge","rationale":"No counterexample found in accessed primary sources. This is not proof that the conclusion is true.","step":3,"t":"2026-09-17T16:18:10.746Z"}
{"level":"info","event":"action","runId":"6ca8c3d5-c075-4dde-8451-73b30fb60b7f","type":"synthesize","rationale":"decision_critical_gaps_resolved_or_unresolvable; high-impact claims supported or qualified; contradictions handled; remaining actions low expected value","step":4,"t":"2026-09-17T16:18:10.759Z"}
{"level":"info","event":"action","runId":"15c4c191-a55b-4448-b6d8-4af8ea9860d1","type":"search","rationale":"Investigate an uncovered required question","step":0,"t":"2026-09-17T16:18:11.317Z"}
{"level":"info","event":"action","runId":"15c4c191-a55b-4448-b6d8-4af8ea9860d1","type":"fetch","rationale":"Inspect an already-known source before another generic query","step":1,"t":"2026-09-17T16:18:11.339Z"}
{"level":"info","event":"action","runId":"15c4c191-a55b-4448-b6d8-4af8ea9860d1","type":"challenge","rationale":"Disconfirm material conclusion: A primary source that directly contradicts this conclusion.","step":2,"t":"2026-09-17T16:18:11.358Z"}
{"level":"info","event":"action","runId":"15c4c191-a55b-4448-b6d8-4af8ea9860d1","type":"challenge","rationale":"No counterexample found in accessed primary sources. This is not proof that the conclusion is true.","step":3,"t":"2026-09-17T16:18:11.378Z"}
{"level":"info","event":"action","runId":"15c4c191-a55b-4448-b6d8-4af8ea9860d1","type":"synthesize","rationale":"decision_critical_gaps_resolved_or_unresolvable; high-impact claims supported or qualified; contradictions handled; remaining actions low expected value","step":4,"t":"2026-09-17T16:18:11.392Z"}
{"level":"info","event":"action","runId":"a09b2e32-c508-4935-b571-e8dcc7775c12","type":"search","rationale":"Investigate an uncovered required question","step":0,"t":"2026-09-17T16:18:11.848Z"}
{"level":"info","event":"action","runId":"a09b2e32-c508-4935-b571-e8dcc7775c12","type":"fetch","rationale":"Inspect an already-known source before another generic query","step":1,"t":"2026-09-17T16:18:11.863Z"}
{"level":"info","event":"action","runId":"a09b2e32-c508-4935-b571-e8dcc7775c12","type":"challenge","rationale":"Disconfirm material conclusion: A primary source that directly contradicts this conclusion.","step":2,"t":"2026-09-17T16:18:11.876Z"}
{"level":"info","event":"action","runId":"a09b2e32-c508-4935-b571-e8dcc7775c12","type":"challenge","rationale":"No counterexample found in accessed primary sources. This is not proof that the conclusion is true.","step":3,"t":"2026-09-17T16:18:11.888Z"}
{"level":"info","event":"action","runId":"a09b2e32-c508-4935-b571-e8dcc7775c12","type":"synthesize","rationale":"decision_critical_gaps_resolved_or_unresolvable; high-impact claims supported or qualified; contradictions handled; remaining actions low expected value","step":4,"t":"2026-09-17T16:18:11.898Z"}
{"level":"info","event":"action","runId":"618b7251-404c-41c4-9080-f0f7e00f6b11","type":"search","rationale":"Investigate an uncovered required question","step":0,"t":"2026-09-17T16:18:12.338Z"}
{"level":"info","event":"action","runId":"618b7251-404c-41c4-9080-f0f7e00f6b11","type":"fetch","rationale":"Inspect an already-known source before another generic query","step":1,"t":"2026-09-17T16:18:12.352Z"}
{"level":"info","event":"action","runId":"618b7251-404c-41c4-9080-f0f7e00f6b11","type":"challenge","rationale":"Disconfirm material conclusion: A primary source that directly contradicts this conclusion.","step":2,"t":"2026-09-17T16:18:12.364Z"}
{"level":"info","event":"action","runId":"618b7251-404c-41c4-9080-f0f7e00f6b11","type":"challenge","rationale":"No counterexample found in accessed primary sources. This is not proof that the conclusion is true.","step":3,"t":"2026-09-17T16:18:12.376Z"}
{"level":"info","event":"action","runId":"618b7251-404c-41c4-9080-f0f7e00f6b11","type":"synthesize","rationale":"decision_critical_gaps_resolved_or_unresolvable; high-impact claims supported or qualified; contradictions handled; remaining actions low expected value","step":4,"t":"2026-09-17T16:18:12.384Z"}
{"level":"info","event":"action","runId":"72cf01c0-5b01-416a-b3e5-cf4300042d60","type":"search","rationale":"Investigate an uncovered required question","step":0,"t":"2026-09-17T16:18:12.819Z"}
{"level":"info","event":"action","runId":"72cf01c0-5b01-416a-b3e5-cf4300042d60","type":"fetch","rationale":"Inspect an already-known source before another generic query","step":1,"t":"2026-09-17T16:18:12.838Z"}
{"level":"info","event":"action","runId":"72cf01c0-5b01-416a-b3e5-cf4300042d60","type":"fetch","rationale":"Inspect an already-known source before another generic query","step":2,"t":"2026-09-17T16:18:12.856Z"}
{"level":"info","event":"action","runId":"72cf01c0-5b01-416a-b3e5-cf4300042d60","type":"fetch","rationale":"Inspect an already-known source before another generic query","step":3,"t":"2026-09-17T16:18:12.870Z"}
{"level":"info","event":"action","runId":"72cf01c0-5b01-416a-b3e5-cf4300042d60","type":"fetch","rationale":"Inspect an already-known source before another generic query","step":4,"t":"2026-09-17T16:18:12.883Z"}
{"level":"info","event":"action","runId":"72cf01c0-5b01-416a-b3e5-cf4300042d60","type":"fetch","rationale":"Inspect an already-known source before another generic query","step":5,"t":"2026-09-17T16:18:12.894Z"}
{"level":"info","event":"action","runId":"72cf01c0-5b01-416a-b3e5-cf4300042d60","type":"challenge","rationale":"Disconfirm material conclusion: A primary source that directly contradicts this conclusion.","step":6,"t":"2026-09-17T16:18:12.905Z"}
{"level":"info","event":"action","runId":"72cf01c0-5b01-416a-b3e5-cf4300042d60","type":"challenge","rationale":"No counterexample found in accessed primary sources. This is not proof that the conclusion is true.","step":7,"t":"2026-09-17T16:18:12.916Z"}
{"level":"info","event":"action","runId":"72cf01c0-5b01-416a-b3e5-cf4300042d60","type":"synthesize","rationale":"decision_critical_gaps_resolved_or_unresolvable; high-impact claims supported or qualified; contradictions handled; remaining actions low expected value","step":8,"t":"2026-09-17T16:18:12.925Z"}
{"level":"info","event":"action","runId":"ae72c023-4af6-450f-aace-cef800ead285","type":"search","rationale":"Investigate an uncovered required question","step":0,"t":"2026-09-17T16:18:13.325Z"}
{"level":"info","event":"action","runId":"ae72c023-4af6-450f-aace-cef800ead285","type":"fetch","rationale":"Inspect an already-known source before another generic query","step":1,"t":"2026-09-17T16:18:13.354Z"}
{"level":"info","event":"action","runId":"ae72c023-4af6-450f-aace-cef800ead285","type":"synthesize","rationale":"budget requires finishing with available evidence","step":2,"t":"2026-09-17T16:18:13.366Z"}
{"level":"info","event":"action","runId":"866e59c0-fef8-42b4-b90b-6fa78e2f01be","type":"search","rationale":"Investigate an uncovered required question","step":0,"t":"2026-09-17T16:18:13.784Z"}
{"level":"info","event":"action","runId":"866e59c0-fef8-42b4-b90b-6fa78e2f01be","type":"fetch","rationale":"Inspect an already-known source before another generic query","step":1,"t":"2026-09-17T16:18:13.804Z"}
{"level":"info","event":"action","runId":"866e59c0-fef8-42b4-b90b-6fa78e2f01be","type":"fetch","rationale":"Inspect an already-known source before another generic query","step":2,"t":"2026-09-17T16:18:13.817Z"}
{"level":"info","event":"action","runId":"866e59c0-fef8-42b4-b90b-6fa78e2f01be","type":"fetch","rationale":"Inspect an already-known source before another generic query","step":3,"t":"2026-09-17T16:18:13.829Z"}
{"level":"info","event":"action","runId":"866e59c0-fef8-42b4-b90b-6fa78e2f01be","type":"fetch","rationale":"Inspect an already-known source before another generic query","step":4,"t":"2026-09-17T16:18:13.842Z"}
{"level":"info","event":"action","runId":"866e59c0-fef8-42b4-b90b-6fa78e2f01be","type":"fetch","rationale":"Inspect an already-known source before another generic query","step":5,"t":"2026-09-17T16:18:13.854Z"}
{"level":"info","event":"action","runId":"866e59c0-fef8-42b4-b90b-6fa78e2f01be","type":"challenge","rationale":"Disconfirm material conclusion: A primary source that directly contradicts this conclusion.","step":6,"t":"2026-09-17T16:18:13.867Z"}
{"level":"info","event":"action","runId":"866e59c0-fef8-42b4-b90b-6fa78e2f01be","type":"challenge","rationale":"No counterexample found in accessed primary sources. This is not proof that the conclusion is true.","step":7,"t":"2026-09-17T16:18:13.878Z"}
{"level":"info","event":"action","runId":"866e59c0-fef8-42b4-b90b-6fa78e2f01be","type":"synthesize","rationale":"decision_critical_gaps_resolved_or_unresolvable; high-impact claims supported or qualified; contradictions handled; remaining actions low expected value","step":8,"t":"2026-09-17T16:18:13.888Z"}
{"level":"info","event":"action","runId":"79e720d3-6767-4071-b8b7-e1d1061ab28f","type":"search","rationale":"Investigate an uncovered required question","step":0,"t":"2026-09-17T16:18:14.491Z"}
{"level":"info","event":"action","runId":"79e720d3-6767-4071-b8b7-e1d1061ab28f","type":"fetch","rationale":"Inspect an already-known source before another generic query","step":1,"t":"2026-09-17T16:18:14.511Z"}
{"level":"info","event":"action","runId":"79e720d3-6767-4071-b8b7-e1d1061ab28f","type":"fetch","rationale":"Inspect an already-known source before another generic query","step":2,"t":"2026-09-17T16:18:14.523Z"}
{"level":"info","event":"action","runId":"79e720d3-6767-4071-b8b7-e1d1061ab28f","type":"fetch","rationale":"Inspect an already-known source before another generic query","step":3,"t":"2026-09-17T16:18:14.534Z"}
{"level":"info","event":"action","runId":"79e720d3-6767-4071-b8b7-e1d1061ab28f","type":"fetch","rationale":"Inspect an already-known source before another generic query","step":4,"t":"2026-09-17T16:18:14.545Z"}
{"level":"info","event":"action","runId":"79e720d3-6767-4071-b8b7-e1d1061ab28f","type":"fetch","rationale":"Inspect an already-known source before another generic query","step":5,"t":"2026-09-17T16:18:14.557Z"}
{"level":"info","event":"action","runId":"79e720d3-6767-4071-b8b7-e1d1061ab28f","type":"challenge","rationale":"Disconfirm material conclusion: A primary source that directly contradicts this conclusion.","step":6,"t":"2026-09-17T16:18:14.569Z"}
{"level":"info","event":"action","runId":"79e720d3-6767-4071-b8b7-e1d1061ab28f","type":"challenge","rationale":"No counterexample found in accessed primary sources. This is not proof that the conclusion is true.","step":7,"t":"2026-09-17T16:18:14.581Z"}
{"level":"info","event":"action","runId":"79e720d3-6767-4071-b8b7-e1d1061ab28f","type":"synthesize","rationale":"decision_critical_gaps_resolved_or_unresolvable; high-impact claims supported or qualified; contradictions handled; remaining actions low expected value","step":8,"t":"2026-09-17T16:18:14.591Z"}
{"level":"info","event":"action","runId":"d889b034-00bb-4607-9e66-3936b7fa045b","type":"challenge","rationale":"Disconfirm material conclusion: A primary source that directly contradicts this conclusion.","step":0,"t":"2026-09-17T16:18:15.316Z"}
{"level":"info","event":"action","runId":"d889b034-00bb-4607-9e66-3936b7fa045b","type":"fetch","rationale":"Inspect an already-known source before another generic query","step":1,"t":"2026-09-17T16:18:15.338Z"}
{"level":"info","event":"action","runId":"d889b034-00bb-4607-9e66-3936b7fa045b","type":"fetch","rationale":"Inspect an already-known source before another generic query","step":2,"t":"2026-09-17T16:18:15.353Z"}
{"level":"info","event":"action","runId":"d889b034-00bb-4607-9e66-3936b7fa045b","type":"fetch","rationale":"Inspect an already-known source before another generic query","step":3,"t":"2026-09-17T16:18:15.379Z"}
{"level":"info","event":"action","runId":"d889b034-00bb-4607-9e66-3936b7fa045b","type":"challenge","rationale":"No counterexample found in accessed primary sources. This is not proof that the conclusion is true.","step":4,"t":"2026-09-17T16:18:15.397Z"}
{"level":"info","event":"action","runId":"d889b034-00bb-4607-9e66-3936b7fa045b","type":"synthesize","rationale":"decision_critical_gaps_resolved_or_unresolvable; high-impact claims supported or qualified; contradictions handled; remaining actions low expected value","step":5,"t":"2026-09-17T16:18:15.408Z"}
{"level":"info","event":"action","runId":"ba66a8d5-7137-42c3-9fd3-d9a4ec017c96","type":"challenge","rationale":"Disconfirm material conclusion: A primary source that directly contradicts this conclusion.","step":0,"t":"2026-09-17T16:18:15.906Z"}
{"level":"info","event":"action","runId":"ba66a8d5-7137-42c3-9fd3-d9a4ec017c96","type":"fetch","rationale":"Inspect an already-known source before another generic query","step":1,"t":"2026-09-17T16:18:15.930Z"}
{"level":"info","event":"action","runId":"ba66a8d5-7137-42c3-9fd3-d9a4ec017c96","type":"fetch","rationale":"Inspect an already-known source before another generic query","step":2,"t":"2026-09-17T16:18:15.943Z"}
{"level":"info","event":"action","runId":"ba66a8d5-7137-42c3-9fd3-d9a4ec017c96","type":"fetch","rationale":"Inspect an already-known source before another generic query","step":3,"t":"2026-09-17T16:18:15.957Z"}
{"level":"info","event":"action","runId":"ba66a8d5-7137-42c3-9fd3-d9a4ec017c96","type":"challenge","rationale":"No counterexample found in accessed primary sources. This is not proof that the conclusion is true.","step":4,"t":"2026-09-17T16:18:15.975Z"}
{"level":"info","event":"action","runId":"ba66a8d5-7137-42c3-9fd3-d9a4ec017c96","type":"synthesize","rationale":"decision_critical_gaps_resolved_or_unresolvable; high-impact claims supported or qualified; contradictions handled; remaining actions low expected value","step":5,"t":"2026-09-17T16:18:15.985Z"}
{"level":"info","event":"action","runId":"773ac4f1-76e8-4345-b378-83d804bfc89e","type":"search","rationale":"Investigate an uncovered required question","step":0,"t":"2026-09-17T16:18:16.246Z"}
{"level":"info","event":"action","runId":"773ac4f1-76e8-4345-b378-83d804bfc89e","type":"fetch","rationale":"Inspect an already-known source before another generic query","step":1,"t":"2026-09-17T16:18:16.266Z"}
{"level":"info","event":"action","runId":"773ac4f1-76e8-4345-b378-83d804bfc89e","type":"fetch","rationale":"Inspect an already-known source before another generic query","step":2,"t":"2026-09-17T16:18:16.278Z"}
{"level":"info","event":"action","runId":"773ac4f1-76e8-4345-b378-83d804bfc89e","type":"fetch","rationale":"Inspect an already-known source before another generic query","step":3,"t":"2026-09-17T16:18:16.290Z"}
{"level":"info","event":"action","runId":"773ac4f1-76e8-4345-b378-83d804bfc89e","type":"fetch","rationale":"Inspect an already-known source before another generic query","step":4,"t":"2026-09-17T16:18:16.302Z"}
{"level":"info","event":"action","runId":"773ac4f1-76e8-4345-b378-83d804bfc89e","type":"fetch","rationale":"Inspect an already-known source before another generic query","step":5,"t":"2026-09-17T16:18:16.314Z"}
{"level":"info","event":"action","runId":"773ac4f1-76e8-4345-b378-83d804bfc89e","type":"challenge","rationale":"Disconfirm material conclusion: A primary source that directly contradicts this conclusion.","step":6,"t":"2026-09-17T16:18:16.327Z"}
{"level":"info","event":"action","runId":"773ac4f1-76e8-4345-b378-83d804bfc89e","type":"challenge","rationale":"No counterexample found in accessed primary sources. This is not proof that the conclusion is true.","step":7,"t":"2026-09-17T16:18:16.339Z"}
{"level":"info","event":"action","runId":"773ac4f1-76e8-4345-b378-83d804bfc89e","type":"synthesize","rationale":"decision_critical_gaps_resolved_or_unresolvable; high-impact claims supported or qualified; contradictions handled; remaining actions low expected value","step":8,"t":"2026-09-17T16:18:16.351Z"}
{"level":"info","event":"action","runId":"bdefcdf1-c6dd-4c62-ade5-b682b5a35491","type":"search","rationale":"Investigate an uncovered required question","step":0,"t":"2026-09-17T16:18:16.760Z"}
{"level":"info","event":"action","runId":"bdefcdf1-c6dd-4c62-ade5-b682b5a35491","type":"fetch","rationale":"Inspect an already-known source before another generic query","step":1,"t":"2026-09-17T16:18:16.780Z"}
{"level":"info","event":"action","runId":"bdefcdf1-c6dd-4c62-ade5-b682b5a35491","type":"fetch","rationale":"Inspect an already-known source before another generic query","step":2,"t":"2026-09-17T16:18:16.792Z"}
{"level":"info","event":"action","runId":"bdefcdf1-c6dd-4c62-ade5-b682b5a35491","type":"fetch","rationale":"Inspect an already-known source before another generic query","step":3,"t":"2026-09-17T16:18:16.806Z"}
{"level":"info","event":"action","runId":"bdefcdf1-c6dd-4c62-ade5-b682b5a35491","type":"fetch","rationale":"Inspect an already-known source before another generic query","step":4,"t":"2026-09-17T16:18:16.819Z"}
{"level":"info","event":"action","runId":"bdefcdf1-c6dd-4c62-ade5-b682b5a35491","type":"fetch","rationale":"Inspect an already-known source before another generic query","step":5,"t":"2026-09-17T16:18:16.831Z"}
{"level":"info","event":"action","runId":"bdefcdf1-c6dd-4c62-ade5-b682b5a35491","type":"challenge","rationale":"Disconfirm material conclusion: A primary source that directly contradicts this conclusion.","step":6,"t":"2026-09-17T16:18:16.844Z"}
{"level":"info","event":"action","runId":"bdefcdf1-c6dd-4c62-ade5-b682b5a35491","type":"challenge","rationale":"No counterexample found in accessed primary sources. This is not proof that the conclusion is true.","step":7,"t":"2026-09-17T16:18:16.856Z"}
{"level":"info","event":"action","runId":"bdefcdf1-c6dd-4c62-ade5-b682b5a35491","type":"synthesize","rationale":"decision_critical_gaps_resolved_or_unresolvable; high-impact claims supported or qualified; contradictions handled; remaining actions low expected value","step":8,"t":"2026-09-17T16:18:16.865Z"}
{"level":"info","event":"action","runId":"32e05234-8915-4df4-9994-05267ee5b0fe","type":"clarify","rationale":"A blocking field is unspecified and would change the answer","step":0,"t":"2026-09-17T16:18:17.677Z"}
{"level":"info","event":"action","runId":"0a5119ef-0cf4-495a-b76d-1ffe7ea00aa0","type":"clarify","rationale":"A blocking field is unspecified and would change the answer","step":0,"t":"2026-09-17T16:18:17.899Z"}
{"level":"info","event":"action","runId":"0a5119ef-0cf4-495a-b76d-1ffe7ea00aa0","type":"search","rationale":"Investigate an uncovered required question","step":0,"t":"2026-09-17T16:18:17.920Z"}
{"level":"info","event":"action","runId":"0a5119ef-0cf4-495a-b76d-1ffe7ea00aa0","type":"fetch","rationale":"Inspect an already-known source before another generic query","step":1,"t":"2026-09-17T16:18:17.934Z"}
{"level":"info","event":"action","runId":"0a5119ef-0cf4-495a-b76d-1ffe7ea00aa0","type":"challenge","rationale":"Disconfirm material conclusion: A primary source that directly contradicts this conclusion.","step":2,"t":"2026-09-17T16:18:17.946Z"}
{"level":"info","event":"action","runId":"0a5119ef-0cf4-495a-b76d-1ffe7ea00aa0","type":"challenge","rationale":"Disconfirm material conclusion: A primary source that directly contradicts this conclusion.","step":3,"t":"2026-09-17T16:18:17.958Z"}
{"level":"info","event":"action","runId":"0a5119ef-0cf4-495a-b76d-1ffe7ea00aa0","type":"challenge","rationale":"Disconfirm material conclusion: A primary source that directly contradicts this conclusion.","step":4,"t":"2026-09-17T16:18:17.974Z"}
{"level":"info","event":"action","runId":"0a5119ef-0cf4-495a-b76d-1ffe7ea00aa0","type":"challenge","rationale":"Disconfirm material conclusion: A primary source that directly contradicts this conclusion.","step":5,"t":"2026-09-17T16:18:17.986Z"}
{"level":"info","event":"action","runId":"0a5119ef-0cf4-495a-b76d-1ffe7ea00aa0","type":"challenge","rationale":"Disconfirm material conclusion: A primary source that directly contradicts this conclusion.","step":6,"t":"2026-09-17T16:18:17.998Z"}
{"level":"info","event":"action","runId":"0a5119ef-0cf4-495a-b76d-1ffe7ea00aa0","type":"challenge","rationale":"Disconfirm material conclusion: A primary source that directly contradicts this conclusion.","step":7,"t":"2026-09-17T16:18:18.009Z"}
{"level":"info","event":"action","runId":"0a5119ef-0cf4-495a-b76d-1ffe7ea00aa0","type":"challenge","rationale":"Disconfirm material conclusion: A primary source that directly contradicts this conclusion.","step":8,"t":"2026-09-17T16:18:18.020Z"}
{"level":"info","event":"action","runId":"0a5119ef-0cf4-495a-b76d-1ffe7ea00aa0","type":"challenge","rationale":"No counterexample found in accessed primary sources. This is not proof that the conclusion is true.","step":9,"t":"2026-09-17T16:18:18.032Z"}
{"level":"info","event":"action","runId":"0a5119ef-0cf4-495a-b76d-1ffe7ea00aa0","type":"stop","rationale":"Repeated searches returned no novel source family or coverage progress","step":10,"t":"2026-09-17T16:18:18.041Z"}
{"level":"info","event":"action","runId":"731acd66-731e-400a-8cf0-09f6c7001d49","type":"clarify","rationale":"A blocking field is unspecified and would change the answer","step":0,"t":"2026-09-17T16:18:18.468Z"}
{"level":"info","event":"action","runId":"731acd66-731e-400a-8cf0-09f6c7001d49","type":"search","rationale":"Investigate an uncovered required question","step":0,"t":"2026-09-17T16:18:18.490Z"}
{"level":"info","event":"action","runId":"731acd66-731e-400a-8cf0-09f6c7001d49","type":"fetch","rationale":"Inspect an already-known source before another generic query","step":1,"t":"2026-09-17T16:18:18.505Z"}
{"level":"info","event":"action","runId":"731acd66-731e-400a-8cf0-09f6c7001d49","type":"challenge","rationale":"Disconfirm material conclusion: A primary source that directly contradicts this conclusion.","step":2,"t":"2026-09-17T16:18:18.516Z"}
{"level":"info","event":"action","runId":"731acd66-731e-400a-8cf0-09f6c7001d49","type":"challenge","rationale":"Disconfirm material conclusion: A primary source that directly contradicts this conclusion.","step":3,"t":"2026-09-17T16:18:18.528Z"}
{"level":"info","event":"action","runId":"731acd66-731e-400a-8cf0-09f6c7001d49","type":"challenge","rationale":"Disconfirm material conclusion: A primary source that directly contradicts this conclusion.","step":4,"t":"2026-09-17T16:18:18.540Z"}
{"level":"info","event":"action","runId":"731acd66-731e-400a-8cf0-09f6c7001d49","type":"challenge","rationale":"Disconfirm material conclusion: A primary source that directly contradicts this conclusion.","step":5,"t":"2026-09-17T16:18:18.551Z"}
{"level":"info","event":"action","runId":"731acd66-731e-400a-8cf0-09f6c7001d49","type":"challenge","rationale":"Disconfirm material conclusion: A primary source that directly contradicts this conclusion.","step":6,"t":"2026-09-17T16:18:18.563Z"}
{"level":"info","event":"action","runId":"731acd66-731e-400a-8cf0-09f6c7001d49","type":"challenge","rationale":"Disconfirm material conclusion: A primary source that directly contradicts this conclusion.","step":7,"t":"2026-09-17T16:18:18.574Z"}
{"level":"info","event":"action","runId":"731acd66-731e-400a-8cf0-09f6c7001d49","type":"challenge","rationale":"Disconfirm material conclusion: A primary source that directly contradicts this conclusion.","step":8,"t":"2026-09-17T16:18:18.586Z"}
{"level":"info","event":"action","runId":"731acd66-731e-400a-8cf0-09f6c7001d49","type":"challenge","rationale":"No counterexample found in accessed primary sources. This is not proof that the conclusion is true.","step":9,"t":"2026-09-17T16:18:18.600Z"}
{"level":"info","event":"action","runId":"731acd66-731e-400a-8cf0-09f6c7001d49","type":"stop","rationale":"Repeated searches returned no novel source family or coverage progress","step":10,"t":"2026-09-17T16:18:18.608Z"}
{"level":"info","event":"action","runId":"74a95907-16bc-4e81-971d-fba634746fd2","type":"clarify","rationale":"A blocking field is unspecified and would change the answer","step":0,"t":"2026-09-17T16:18:19.045Z"}
{"level":"info","event":"action","runId":"74a95907-16bc-4e81-971d-fba634746fd2","type":"search","rationale":"Investigate an uncovered required question","step":0,"t":"2026-09-17T16:18:19.068Z"}
{"level":"info","event":"action","runId":"74a95907-16bc-4e81-971d-fba634746fd2","type":"fetch","rationale":"Inspect an already-known source before another generic query","step":1,"t":"2026-09-17T16:18:19.082Z"}
{"level":"info","event":"action","runId":"74a95907-16bc-4e81-971d-fba634746fd2","type":"challenge","rationale":"Disconfirm material conclusion: A primary source that directly contradicts this conclusion.","step":2,"t":"2026-09-17T16:18:19.095Z"}
{"level":"info","event":"action","runId":"74a95907-16bc-4e81-971d-fba634746fd2","type":"challenge","rationale":"Disconfirm material conclusion: A primary source that directly contradicts this conclusion.","step":3,"t":"2026-09-17T16:18:19.108Z"}
{"level":"info","event":"action","runId":"74a95907-16bc-4e81-971d-fba634746fd2","type":"challenge","rationale":"Disconfirm material conclusion: A primary source that directly contradicts this conclusion.","step":4,"t":"2026-09-17T16:18:19.119Z"}
{"level":"info","event":"action","runId":"74a95907-16bc-4e81-971d-fba634746fd2","type":"challenge","rationale":"Disconfirm material conclusion: A primary source that directly contradicts this conclusion.","step":5,"t":"2026-09-17T16:18:19.132Z"}
{"level":"info","event":"action","runId":"74a95907-16bc-4e81-971d-fba634746fd2","type":"challenge","rationale":"Disconfirm material conclusion: A primary source that directly contradicts this conclusion.","step":6,"t":"2026-09-17T16:18:19.144Z"}
{"level":"info","event":"action","runId":"74a95907-16bc-4e81-971d-fba634746fd2","type":"challenge","rationale":"Disconfirm material conclusion: A primary source that directly contradicts this conclusion.","step":7,"t":"2026-09-17T16:18:19.155Z"}
{"level":"info","event":"action","runId":"74a95907-16bc-4e81-971d-fba634746fd2","type":"challenge","rationale":"Disconfirm material conclusion: A primary source that directly contradicts this conclusion.","step":8,"t":"2026-09-17T16:18:19.167Z"}
{"level":"info","event":"action","runId":"74a95907-16bc-4e81-971d-fba634746fd2","type":"challenge","rationale":"No counterexample found in accessed primary sources. This is not proof that the conclusion is true.","step":9,"t":"2026-09-17T16:18:19.179Z"}
{"level":"info","event":"action","runId":"74a95907-16bc-4e81-971d-fba634746fd2","type":"stop","rationale":"Repeated searches returned no novel source family or coverage progress","step":10,"t":"2026-09-17T16:18:19.188Z"}
 ✓ test/p3-remaining.integration.test.ts (51 tests) 32796ms
   ✓ remaining launch-scope IDs > M04 fixture comparison publishes a wide table, code listing, unicode-safe text, and many citations  979ms
   ✓ remaining launch-scope IDs > R06 preserves event date vs publication date  659ms
   ✓ remaining launch-scope IDs > R10 declines an unrelated celebrity branch from page content  743ms
   ✓ remaining launch-scope IDs > R12 explains different percentage denominators instead of averaging  751ms
   ✓ remaining launch-scope IDs > R15 states unknown without a fake probability  685ms
   ✓ remaining launch-scope IDs > R16 comparison names the requested entities and constraints  674ms
   ✓ remaining launch-scope IDs > E05 new source version does not rewrite the original report citation  798ms
   ✓ remaining launch-scope IDs > V2-13 private canary is stored as evidence, omitted from public queries, and denied to another account  757ms
   ✓ remaining launch-scope IDs > JOB-1 eligibility-aware comparison under platform and export constraints  689ms
   ✓ remaining launch-scope IDs > JOB-1 adding Linux as a hard requirement excludes NoteKeep and keeps NoteAll  1302ms
   ✓ remaining launch-scope IDs > JOB-1 removing Linux as a requirement makes NoteKeep eligible again  1354ms
   ✓ remaining launch-scope IDs > JOB-2 attached document text is stored as supplied evidence and not used as a public query  845ms
   ✓ remaining launch-scope IDs > E06 PDF attachment is disclosed as text-only / unread pages  876ms
   ✓ remaining launch-scope IDs > E08 quoted report text is taken from the stored passage  909ms
   ✓ remaining launch-scope IDs > E09 export citation anchors resolve to owned passages  816ms
   ✓ remaining launch-scope IDs > J02 a second processRun after completion does not duplicate the report or settlement  679ms
   ✓ remaining launch-scope IDs > J06 cancel after completion keeps the published report  690ms
   ✓ remaining launch-scope IDs > J08 event cursor returns only later sequences  920ms
   ✓ remaining launch-scope IDs > J13 live spend kill switch blocks new paid routes but keeps saved reports  923ms
   ✓ remaining launch-scope IDs > S07 cross-account reports are denied  692ms
   ✓ remaining launch-scope IDs > V2-10 a later unavailable fetch does not retract last-access evidence  967ms
   ✓ remaining launch-scope IDs > V2-11 concise view uses the same answer citations as the body  961ms
   ✓ remaining launch-scope IDs > V2-19 scanned tables stay unread rather than guessed  608ms
   ✓ remaining launch-scope IDs > R17 concise request still keeps limitations  651ms
   ✓ remaining launch-scope IDs > R18 compacted checkpoint still lists stored passage ids  839ms
   ✓ remaining launch-scope IDs > R19 follow-up verifies one claim and keeps the parent report  1142ms
   ✓ remaining launch-scope IDs > R20 dates a retrieved price and keeps a founding year as history  685ms
   ✓ remaining launch-scope IDs > R21 labels a German original as a translation  599ms
   ✓ remaining launch-scope IDs > E03 preserves the adults-over-65 qualifier  622ms
   ✓ remaining launch-scope IDs > E04 report uses the table's 24% rather than 42%  483ms
   ✓ remaining launch-scope IDs > E10 withdraws the conclusion when the asserted 42% is unsupported by the 24% table  485ms
   ✓ remaining launch-scope IDs > J07 expired lease is reclaimed; a live lease is not stolen  523ms
   ✓ remaining launch-scope IDs > J10 a tight budget still publishes a written report  458ms
   ✓ remaining launch-scope IDs > J11 reports that app counters are not provider-internal guarantees  527ms
   ✓ remaining launch-scope IDs > J14 duplicate completion epochs share one outbox row and omit query text  510ms
   ✓ remaining launch-scope IDs > V2-09 deleted attachment text is not left in reports  643ms
   ✓ remaining launch-scope IDs > V2-09 late worker cannot republish deleted private text even if it claims deleted=false  378ms
   ✓ remaining launch-scope IDs > expired session cannot read library or reports  525ms
   ✓ remaining launch-scope IDs > library lists report_id for a completed run so share can resolve  518ms
   ✓ remaining launch-scope IDs > clarification continue records geography and resumes  577ms
   ✓ remaining launch-scope IDs > R02 continue with France records France and does not invent Germany  566ms
   ✓ remaining launch-scope IDs > R02 after France continue discovery uses France evidence not the Germany default note  587ms
{"level":"info","event":"action","runId":"6b96ddda-0ffa-470c-a0c8-e2029b8174f3","type":"clarify","rationale":"A blocking field is unspecified and would change the answer","step":0,"t":"2026-09-17T16:18:20.312Z"}
{"level":"info","event":"action","runId":"18797e0d-b414-478b-bc23-8006af4a7d50","type":"search","rationale":"Investigate an uncovered required question","step":0,"t":"2026-09-17T16:18:20.533Z"}
{"level":"info","event":"action","runId":"18797e0d-b414-478b-bc23-8006af4a7d50","type":"fetch","rationale":"Inspect an already-known source before another generic query","step":1,"t":"2026-09-17T16:18:20.571Z"}
{"level":"info","event":"action","runId":"18797e0d-b414-478b-bc23-8006af4a7d50","type":"fetch","rationale":"Inspect an already-known source before another generic query","step":2,"t":"2026-09-17T16:18:20.589Z"}
{"level":"info","event":"action","runId":"18797e0d-b414-478b-bc23-8006af4a7d50","type":"fetch","rationale":"Inspect an already-known source before another generic query","step":3,"t":"2026-09-17T16:18:20.606Z"}
{"level":"info","event":"action","runId":"18797e0d-b414-478b-bc23-8006af4a7d50","type":"challenge","rationale":"Disconfirm material conclusion: A primary source that directly contradicts this conclusion.","step":4,"t":"2026-09-17T16:18:20.629Z"}
{"level":"info","event":"action","runId":"18797e0d-b414-478b-bc23-8006af4a7d50","type":"challenge","rationale":"No counterexample found in accessed primary sources. This is not proof that the conclusion is true.","step":5,"t":"2026-09-17T16:18:20.645Z"}
{"level":"info","event":"action","runId":"18797e0d-b414-478b-bc23-8006af4a7d50","type":"synthesize","rationale":"decision_critical_gaps_resolved_or_unresolvable; high-impact claims supported or qualified; contradictions handled; remaining actions low expected value","step":6,"t":"2026-09-17T16:18:20.661Z"}
{"level":"info","event":"action","runId":"c6dc1780-2e6f-4bd4-a05d-57a072fc30b4","type":"search","rationale":"Investigate an uncovered required question","step":0,"t":"2026-09-17T16:18:21.139Z"}
{"level":"info","event":"action","runId":"c6dc1780-2e6f-4bd4-a05d-57a072fc30b4","type":"fetch","rationale":"Inspect an already-known source before another generic query","step":1,"t":"2026-09-17T16:18:21.158Z"}
{"level":"info","event":"action","runId":"c6dc1780-2e6f-4bd4-a05d-57a072fc30b4","type":"challenge","rationale":"Disconfirm material conclusion: A primary source that directly contradicts this conclusion.","step":2,"t":"2026-09-17T16:18:21.172Z"}
{"level":"info","event":"action","runId":"c6dc1780-2e6f-4bd4-a05d-57a072fc30b4","type":"challenge","rationale":"No counterexample found in accessed primary sources. This is not proof that the conclusion is true.","step":3,"t":"2026-09-17T16:18:21.187Z"}
{"level":"info","event":"action","runId":"c6dc1780-2e6f-4bd4-a05d-57a072fc30b4","type":"synthesize","rationale":"inaccessible_or_unresolved_gap:primary source is inaccessible","step":4,"t":"2026-09-17T16:18:21.200Z"}
{"level":"info","event":"action","runId":"b7ffa3c3-93c4-4b38-917c-61d56d5e35bd","type":"search","rationale":"Investigate an uncovered required question","step":0,"t":"2026-09-17T16:18:21.640Z"}
{"level":"info","event":"action","runId":"b7ffa3c3-93c4-4b38-917c-61d56d5e35bd","type":"fetch","rationale":"Inspect the preferred source type (vendor-docs) before more weak sources","step":1,"t":"2026-09-17T16:18:21.658Z"}
{"level":"info","event":"action","runId":"b7ffa3c3-93c4-4b38-917c-61d56d5e35bd","type":"fetch","rationale":"Inspect the preferred source type (vendor-docs) before more weak sources","step":2,"t":"2026-09-17T16:18:21.670Z"}
{"level":"info","event":"action","runId":"b7ffa3c3-93c4-4b38-917c-61d56d5e35bd","type":"verify","rationale":"Scope-check contradiction on value before treating newest as correct","step":3,"t":"2026-09-17T16:18:21.685Z"}
{"level":"info","event":"action","runId":"b7ffa3c3-93c4-4b38-917c-61d56d5e35bd","type":"challenge","rationale":"Disconfirm material conclusion: A primary source that directly contradicts this conclusion.","step":4,"t":"2026-09-17T16:18:21.697Z"}
{"level":"info","event":"action","runId":"b7ffa3c3-93c4-4b38-917c-61d56d5e35bd","type":"challenge","rationale":"No counterexample found in accessed primary sources. This is not proof that the conclusion is true.","step":5,"t":"2026-09-17T16:18:21.711Z"}
{"level":"info","event":"action","runId":"b7ffa3c3-93c4-4b38-917c-61d56d5e35bd","type":"synthesize","rationale":"decision_critical_gaps_resolved_or_unresolvable; high-impact claims supported or qualified; contradictions handled; remaining actions low expected value","step":6,"t":"2026-09-17T16:18:21.721Z"}
{"level":"info","event":"action","runId":"fb19f891-1835-4238-9ed6-073904b6ca6c","type":"search","rationale":"Investigate an uncovered required question","step":0,"t":"2026-09-17T16:18:22.165Z"}
{"level":"info","event":"action","runId":"fb19f891-1835-4238-9ed6-073904b6ca6c","type":"fetch","rationale":"Inspect an already-known source before another generic query","step":1,"t":"2026-09-17T16:18:22.187Z"}
{"level":"info","event":"action","runId":"fb19f891-1835-4238-9ed6-073904b6ca6c","type":"synthesize","rationale":"budget requires finishing with available evidence","step":2,"t":"2026-09-17T16:18:22.202Z"}
{"level":"info","event":"action","runId":"d19d5322-188f-416e-ad39-9534bf5c3256","type":"search","rationale":"Investigate an uncovered required question","step":0,"t":"2026-09-17T16:18:22.651Z"}
{"level":"info","event":"action","runId":"d19d5322-188f-416e-ad39-9534bf5c3256","type":"fetch","rationale":"Inspect an already-known source before another generic query","step":1,"t":"2026-09-17T16:18:22.673Z"}
{"level":"info","event":"action","runId":"d19d5322-188f-416e-ad39-9534bf5c3256","type":"fetch","rationale":"Inspect an already-known source before another generic query","step":2,"t":"2026-09-17T16:18:22.689Z"}
{"level":"info","event":"action","runId":"d19d5322-188f-416e-ad39-9534bf5c3256","type":"fetch","rationale":"Inspect an already-known source before another generic query","step":3,"t":"2026-09-17T16:18:22.702Z"}
{"level":"info","event":"action","runId":"d19d5322-188f-416e-ad39-9534bf5c3256","type":"challenge","rationale":"Disconfirm material conclusion: A primary source that directly contradicts this conclusion.","step":4,"t":"2026-09-17T16:18:22.719Z"}
{"level":"info","event":"action","runId":"d19d5322-188f-416e-ad39-9534bf5c3256","type":"challenge","rationale":"No counterexample found in accessed primary sources. This is not proof that the conclusion is true.","step":5,"t":"2026-09-17T16:18:22.732Z"}
{"level":"info","event":"action","runId":"d19d5322-188f-416e-ad39-9534bf5c3256","type":"synthesize","rationale":"decision_critical_gaps_resolved_or_unresolvable; high-impact claims supported or qualified; contradictions handled; remaining actions low expected value","step":6,"t":"2026-09-17T16:18:22.744Z"}
{"level":"info","event":"action","runId":"67968ad4-fda8-42a0-89e3-62d25236e469","type":"search","rationale":"Investigate an uncovered required question","step":0,"t":"2026-09-17T16:18:23.177Z"}
{"level":"info","event":"action","runId":"67968ad4-fda8-42a0-89e3-62d25236e469","type":"search","rationale":"Decision-blocking gap: authoritative compatibility limitation. Switching source type to vendor-matrix.","step":1,"t":"2026-09-17T16:18:23.196Z"}
{"level":"info","event":"action","runId":"67968ad4-fda8-42a0-89e3-62d25236e469","type":"fetch","rationale":"Inspect the preferred source type (vendor-matrix) before more weak sources","step":2,"t":"2026-09-17T16:18:23.212Z"}
{"level":"info","event":"action","runId":"67968ad4-fda8-42a0-89e3-62d25236e469","type":"fetch","rationale":"Inspect an already-known source before another generic query","step":3,"t":"2026-09-17T16:18:23.223Z"}
{"level":"info","event":"action","runId":"67968ad4-fda8-42a0-89e3-62d25236e469","type":"fetch","rationale":"Inspect an already-known source before another generic query","step":4,"t":"2026-09-17T16:18:23.237Z"}
{"level":"info","event":"action","runId":"67968ad4-fda8-42a0-89e3-62d25236e469","type":"fetch","rationale":"Inspect an already-known source before another generic query","step":5,"t":"2026-09-17T16:18:23.250Z"}
{"level":"info","event":"action","runId":"67968ad4-fda8-42a0-89e3-62d25236e469","type":"verify","rationale":"Scope-check contradiction on compatibility before treating newest as correct","step":6,"t":"2026-09-17T16:18:23.270Z"}
{"level":"info","event":"action","runId":"67968ad4-fda8-42a0-89e3-62d25236e469","type":"challenge","rationale":"Disconfirm material conclusion: Official compatibility documentation that lists the named version as supported.","step":7,"t":"2026-09-17T16:18:23.286Z"}
{"level":"info","event":"action","runId":"67968ad4-fda8-42a0-89e3-62d25236e469","type":"challenge","rationale":"No counterexample found in accessed primary sources. This is not proof that the conclusion is true.","step":8,"t":"2026-09-17T16:18:23.300Z"}
{"level":"info","event":"action","runId":"67968ad4-fda8-42a0-89e3-62d25236e469","type":"synthesize","rationale":"decision_critical_gaps_resolved_or_unresolvable; high-impact claims supported or qualified; contradictions handled; remaining actions low expected value","step":9,"t":"2026-09-17T16:18:23.310Z"}
{"level":"info","event":"action","runId":"4c6f1bb5-6883-47e1-a5c6-e3d74c15209e","type":"search","rationale":"Investigate an uncovered required question","step":0,"t":"2026-09-17T16:18:23.760Z"}
{"level":"info","event":"action","runId":"4c6f1bb5-6883-47e1-a5c6-e3d74c15209e","type":"search","rationale":"Decision-blocking gap: authoritative compatibility limitation. Switching source type to vendor-matrix.","step":1,"t":"2026-09-17T16:18:23.777Z"}
{"level":"info","event":"action","runId":"4c6f1bb5-6883-47e1-a5c6-e3d74c15209e","type":"fetch","rationale":"Inspect the preferred source type (vendor-matrix) before more weak sources","step":2,"t":"2026-09-17T16:18:23.792Z"}
{"level":"info","event":"action","runId":"4c6f1bb5-6883-47e1-a5c6-e3d74c15209e","type":"fetch","rationale":"Inspect an already-known source before another generic query","step":3,"t":"2026-09-17T16:18:23.806Z"}
{"level":"info","event":"action","runId":"4c6f1bb5-6883-47e1-a5c6-e3d74c15209e","type":"fetch","rationale":"Inspect an already-known source before another generic query","step":4,"t":"2026-09-17T16:18:23.820Z"}
{"level":"info","event":"action","runId":"4c6f1bb5-6883-47e1-a5c6-e3d74c15209e","type":"fetch","rationale":"Inspect an already-known source before another generic query","step":5,"t":"2026-09-17T16:18:23.838Z"}
{"level":"info","event":"action","runId":"4c6f1bb5-6883-47e1-a5c6-e3d74c15209e","type":"verify","rationale":"Scope-check contradiction on compatibility before treating newest as correct","step":6,"t":"2026-09-17T16:18:23.854Z"}
{"level":"info","event":"action","runId":"4c6f1bb5-6883-47e1-a5c6-e3d74c15209e","type":"challenge","rationale":"Disconfirm material conclusion: Official compatibility documentation that lists the named version as supported.","step":7,"t":"2026-09-17T16:18:23.864Z"}
{"level":"info","event":"action","runId":"4c6f1bb5-6883-47e1-a5c6-e3d74c15209e","type":"challenge","rationale":"No counterexample found in accessed primary sources. This is not proof that the conclusion is true.","step":8,"t":"2026-09-17T16:18:23.882Z"}
{"level":"info","event":"action","runId":"4c6f1bb5-6883-47e1-a5c6-e3d74c15209e","type":"synthesize","rationale":"decision_critical_gaps_resolved_or_unresolvable; high-impact claims supported or qualified; contradictions handled; remaining actions low expected value","step":9,"t":"2026-09-17T16:18:23.898Z"}
{"level":"info","event":"action","runId":"2b04d40c-efa9-4e7b-b412-22285b558819","type":"search","rationale":"Investigate an uncovered required question","step":0,"t":"2026-09-17T16:18:24.344Z"}
{"level":"info","event":"action","runId":"2b04d40c-efa9-4e7b-b412-22285b558819","type":"fetch","rationale":"Inspect an already-known source before another generic query","step":1,"t":"2026-09-17T16:18:24.366Z"}
{"level":"info","event":"action","runId":"2b04d40c-efa9-4e7b-b412-22285b558819","type":"fetch","rationale":"Inspect an already-known source before another generic query","step":2,"t":"2026-09-17T16:18:24.379Z"}
{"level":"info","event":"action","runId":"2b04d40c-efa9-4e7b-b412-22285b558819","type":"fetch","rationale":"Inspect an already-known source before another generic query","step":3,"t":"2026-09-17T16:18:24.391Z"}
{"level":"info","event":"action","runId":"2b04d40c-efa9-4e7b-b412-22285b558819","type":"challenge","rationale":"Disconfirm material conclusion: A primary source that directly contradicts this conclusion.","step":4,"t":"2026-09-17T16:18:24.406Z"}
{"level":"info","event":"action","runId":"2b04d40c-efa9-4e7b-b412-22285b558819","type":"challenge","rationale":"No counterexample found in accessed primary sources. This is not proof that the conclusion is true.","step":5,"t":"2026-09-17T16:18:24.421Z"}
{"level":"info","event":"action","runId":"2b04d40c-efa9-4e7b-b412-22285b558819","type":"synthesize","rationale":"decision_critical_gaps_resolved_or_unresolvable; high-impact claims supported or qualified; contradictions handled; remaining actions low expected value","step":6,"t":"2026-09-17T16:18:24.431Z"}
{"level":"info","event":"action","runId":"16bbe7a5-bfa7-422d-a699-c3c3ed024e76","type":"search","rationale":"Investigate an uncovered required question","step":0,"t":"2026-09-17T16:18:24.681Z"}
{"level":"info","event":"action","runId":"16bbe7a5-bfa7-422d-a699-c3c3ed024e76","type":"fetch","rationale":"Inspect an already-known source before another generic query","step":1,"t":"2026-09-17T16:18:24.694Z"}
{"level":"info","event":"action","runId":"16bbe7a5-bfa7-422d-a699-c3c3ed024e76","type":"fetch","rationale":"Inspect an already-known source before another generic query","step":2,"t":"2026-09-17T16:18:24.707Z"}
{"level":"info","event":"action","runId":"16bbe7a5-bfa7-422d-a699-c3c3ed024e76","type":"fetch","rationale":"Inspect an already-known source before another generic query","step":3,"t":"2026-09-17T16:18:24.718Z"}
{"level":"info","event":"action","runId":"16bbe7a5-bfa7-422d-a699-c3c3ed024e76","type":"challenge","rationale":"Disconfirm material conclusion: A hard-constraint violation for a candidate currently marked eligible.","step":4,"t":"2026-09-17T16:18:24.730Z"}
{"level":"info","event":"action","runId":"16bbe7a5-bfa7-422d-a699-c3c3ed024e76","type":"challenge","rationale":"No counterexample found in accessed primary sources. This is not proof that the conclusion is true.","step":5,"t":"2026-09-17T16:18:24.744Z"}
{"level":"info","event":"action","runId":"16bbe7a5-bfa7-422d-a699-c3c3ed024e76","type":"synthesize","rationale":"decision_critical_gaps_resolved_or_unresolvable; high-impact claims supported or qualified; contradictions handled; remaining actions low expected value","step":6,"t":"2026-09-17T16:18:24.754Z"}
{"level":"info","event":"action","runId":"695de051-26bb-488e-990c-5a9ac70af28e","type":"search","rationale":"Investigate an uncovered required question","step":0,"t":"2026-09-17T16:18:25.179Z"}
{"level":"info","event":"action","runId":"695de051-26bb-488e-990c-5a9ac70af28e","type":"fetch","rationale":"Inspect an already-known source before another generic query","step":1,"t":"2026-09-17T16:18:25.195Z"}
{"level":"info","event":"action","runId":"695de051-26bb-488e-990c-5a9ac70af28e","type":"challenge","rationale":"Disconfirm material conclusion: A primary source that directly contradicts this conclusion.","step":2,"t":"2026-09-17T16:18:25.208Z"}
{"level":"info","event":"action","runId":"695de051-26bb-488e-990c-5a9ac70af28e","type":"challenge","rationale":"No counterexample found in accessed primary sources. This is not proof that the conclusion is true.","step":3,"t":"2026-09-17T16:18:25.221Z"}
{"level":"info","event":"action","runId":"695de051-26bb-488e-990c-5a9ac70af28e","type":"synthesize","rationale":"decision_critical_gaps_resolved_or_unresolvable; high-impact claims supported or qualified; contradictions handled; remaining actions low expected value","step":4,"t":"2026-09-17T16:18:25.232Z"}
{"level":"info","event":"action","runId":"00b480f2-2bea-4ab7-946e-f34e4a4f21a4","type":"search","rationale":"Investigate an uncovered required question","step":0,"t":"2026-09-17T16:18:25.473Z"}
{"level":"info","event":"action","runId":"00b480f2-2bea-4ab7-946e-f34e4a4f21a4","type":"fetch","rationale":"Inspect an already-known source before another generic query","step":1,"t":"2026-09-17T16:18:25.486Z"}
{"level":"info","event":"action","runId":"00b480f2-2bea-4ab7-946e-f34e4a4f21a4","type":"challenge","rationale":"Disconfirm material conclusion: A primary source that directly contradicts this conclusion.","step":2,"t":"2026-09-17T16:18:25.499Z"}
{"level":"info","event":"action","runId":"00b480f2-2bea-4ab7-946e-f34e4a4f21a4","type":"challenge","rationale":"No counterexample found in accessed primary sources. This is not proof that the conclusion is true.","step":3,"t":"2026-09-17T16:18:25.515Z"}
{"level":"info","event":"action","runId":"00b480f2-2bea-4ab7-946e-f34e4a4f21a4","type":"synthesize","rationale":"decision_critical_gaps_resolved_or_unresolvable; high-impact claims supported or qualified; contradictions handled; remaining actions low expected value","step":4,"t":"2026-09-17T16:18:25.527Z"}
{"level":"info","event":"action","runId":"58c99199-aa22-4c5f-a8c2-0478039df3c1","type":"search","rationale":"Investigate an uncovered required question","step":0,"t":"2026-09-17T16:18:25.959Z"}
{"level":"info","event":"action","runId":"58c99199-aa22-4c5f-a8c2-0478039df3c1","type":"fetch","rationale":"Inspect an already-known source before another generic query","step":1,"t":"2026-09-17T16:18:25.982Z"}
{"level":"info","event":"action","runId":"58c99199-aa22-4c5f-a8c2-0478039df3c1","type":"fetch","rationale":"Inspect an already-known source before another generic query","step":2,"t":"2026-09-17T16:18:25.994Z"}
{"level":"info","event":"action","runId":"58c99199-aa22-4c5f-a8c2-0478039df3c1","type":"fetch","rationale":"Inspect an already-known source before another generic query","step":3,"t":"2026-09-17T16:18:26.008Z"}
{"level":"info","event":"action","runId":"58c99199-aa22-4c5f-a8c2-0478039df3c1","type":"challenge","rationale":"Disconfirm material conclusion: A primary source that directly contradicts this conclusion.","step":4,"t":"2026-09-17T16:18:26.025Z"}
{"level":"info","event":"action","runId":"58c99199-aa22-4c5f-a8c2-0478039df3c1","type":"challenge","rationale":"No counterexample found in accessed primary sources. This is not proof that the conclusion is true.","step":5,"t":"2026-09-17T16:18:26.036Z"}
{"level":"info","event":"action","runId":"58c99199-aa22-4c5f-a8c2-0478039df3c1","type":"synthesize","rationale":"decision_critical_gaps_resolved_or_unresolvable; high-impact claims supported or qualified; contradictions handled; remaining actions low expected value","step":6,"t":"2026-09-17T16:18:26.047Z"}
{"level":"info","event":"action","runId":"b485887c-0ecc-4946-9624-4e797c4c5c0f","type":"search","rationale":"Investigate an uncovered required question","step":0,"t":"2026-09-17T16:18:26.303Z"}
{"level":"info","event":"action","runId":"b485887c-0ecc-4946-9624-4e797c4c5c0f","type":"fetch","rationale":"Inspect an already-known source before another generic query","step":1,"t":"2026-09-17T16:18:26.322Z"}
{"level":"info","event":"action","runId":"b485887c-0ecc-4946-9624-4e797c4c5c0f","type":"fetch","rationale":"Inspect an already-known source before another generic query","step":2,"t":"2026-09-17T16:18:26.334Z"}
{"level":"info","event":"action","runId":"b485887c-0ecc-4946-9624-4e797c4c5c0f","type":"fetch","rationale":"Inspect an already-known source before another generic query","step":3,"t":"2026-09-17T16:18:26.348Z"}
{"level":"info","event":"action","runId":"b485887c-0ecc-4946-9624-4e797c4c5c0f","type":"challenge","rationale":"Disconfirm material conclusion: A primary source that directly contradicts this conclusion.","step":4,"t":"2026-09-17T16:18:26.364Z"}
{"level":"info","event":"action","runId":"b485887c-0ecc-4946-9624-4e797c4c5c0f","type":"challenge","rationale":"Disconfirm material conclusion: A primary source that directly contradicts this conclusion.","step":5,"t":"2026-09-17T16:18:26.376Z"}
{"level":"info","event":"action","runId":"b485887c-0ecc-4946-9624-4e797c4c5c0f","type":"challenge","rationale":"Disconfirm material conclusion: A primary source that directly contradicts this conclusion.","step":6,"t":"2026-09-17T16:18:26.387Z"}
{"level":"info","event":"action","runId":"b485887c-0ecc-4946-9624-4e797c4c5c0f","type":"challenge","rationale":"Disconfirm material conclusion: A primary source that directly contradicts this conclusion.","step":7,"t":"2026-09-17T16:18:26.400Z"}
{"level":"info","event":"action","runId":"b485887c-0ecc-4946-9624-4e797c4c5c0f","type":"challenge","rationale":"Disconfirm material conclusion: A primary source that directly contradicts this conclusion.","step":8,"t":"2026-09-17T16:18:26.414Z"}
{"level":"info","event":"action","runId":"b485887c-0ecc-4946-9624-4e797c4c5c0f","type":"challenge","rationale":"Disconfirm material conclusion: A primary source that directly contradicts this conclusion.","step":9,"t":"2026-09-17T16:18:26.426Z"}
{"level":"info","event":"action","runId":"b485887c-0ecc-4946-9624-4e797c4c5c0f","type":"challenge","rationale":"Disconfirm material conclusion: A primary source that directly contradicts this conclusion.","step":10,"t":"2026-09-17T16:18:26.438Z"}
{"level":"info","event":"action","runId":"b485887c-0ecc-4946-9624-4e797c4c5c0f","type":"challenge","rationale":"No counterexample found in accessed primary sources. This is not proof that the conclusion is true.","step":11,"t":"2026-09-17T16:18:26.452Z"}
{"level":"info","event":"action","runId":"b485887c-0ecc-4946-9624-4e797c4c5c0f","type":"stop","rationale":"Repeated searches returned no novel source family or coverage progress","step":12,"t":"2026-09-17T16:18:26.462Z"}
{"level":"info","event":"action","runId":"66aa2e6a-c650-4686-a43a-15ccc09886c8","type":"search","rationale":"Investigate an uncovered required question","step":0,"t":"2026-09-17T16:18:26.883Z"}
{"level":"info","event":"action","runId":"66aa2e6a-c650-4686-a43a-15ccc09886c8","type":"fetch","rationale":"Inspect an already-known source before another generic query","step":1,"t":"2026-09-17T16:18:26.903Z"}
{"level":"info","event":"action","runId":"66aa2e6a-c650-4686-a43a-15ccc09886c8","type":"fetch","rationale":"Inspect an already-known source before another generic query","step":2,"t":"2026-09-17T16:18:26.917Z"}
{"level":"info","event":"action","runId":"66aa2e6a-c650-4686-a43a-15ccc09886c8","type":"fetch","rationale":"Inspect an already-known source before another generic query","step":3,"t":"2026-09-17T16:18:26.928Z"}
{"level":"info","event":"action","runId":"66aa2e6a-c650-4686-a43a-15ccc09886c8","type":"challenge","rationale":"Disconfirm material conclusion: A primary source that directly contradicts this conclusion.","step":4,"t":"2026-09-17T16:18:26.945Z"}
{"level":"info","event":"action","runId":"66aa2e6a-c650-4686-a43a-15ccc09886c8","type":"challenge","rationale":"No counterexample found in accessed primary sources. This is not proof that the conclusion is true.","step":5,"t":"2026-09-17T16:18:26.957Z"}
{"level":"info","event":"action","runId":"66aa2e6a-c650-4686-a43a-15ccc09886c8","type":"synthesize","rationale":"decision_critical_gaps_resolved_or_unresolvable; high-impact claims supported or qualified; contradictions handled; remaining actions low expected value","step":6,"t":"2026-09-17T16:18:26.967Z"}
{"level":"info","event":"action","runId":"0b24561e-fc3d-4cef-a579-c874306fd424","type":"search","rationale":"Investigate an uncovered required question","step":0,"t":"2026-09-17T16:18:27.217Z"}
{"level":"info","event":"action","runId":"0b24561e-fc3d-4cef-a579-c874306fd424","type":"fetch","rationale":"Inspect an already-known source before another generic query","step":1,"t":"2026-09-17T16:18:27.231Z"}
{"level":"info","event":"action","runId":"0b24561e-fc3d-4cef-a579-c874306fd424","type":"fetch","rationale":"Inspect an already-known source before another generic query","step":2,"t":"2026-09-17T16:18:27.244Z"}
{"level":"info","event":"action","runId":"0b24561e-fc3d-4cef-a579-c874306fd424","type":"fetch","rationale":"Inspect an already-known source before another generic query","step":3,"t":"2026-09-17T16:18:27.255Z"}
{"level":"info","event":"action","runId":"0b24561e-fc3d-4cef-a579-c874306fd424","type":"challenge","rationale":"Disconfirm material conclusion: A hard-constraint violation for a candidate currently marked eligible.","step":4,"t":"2026-09-17T16:18:27.269Z"}
{"level":"info","event":"action","runId":"0b24561e-fc3d-4cef-a579-c874306fd424","type":"challenge","rationale":"No counterexample found in accessed primary sources. This is not proof that the conclusion is true.","step":5,"t":"2026-09-17T16:18:27.281Z"}
{"level":"info","event":"action","runId":"0b24561e-fc3d-4cef-a579-c874306fd424","type":"synthesize","rationale":"decision_critical_gaps_resolved_or_unresolvable; high-impact claims supported or qualified; contradictions handled; remaining actions low expected value","step":6,"t":"2026-09-17T16:18:27.291Z"}
{"level":"info","event":"action","runId":"8fb33d4d-0c9d-4b4b-a58a-e985288515a9","type":"search","rationale":"Investigate an uncovered required question","step":0,"t":"2026-09-17T16:18:27.531Z"}
{"level":"info","event":"action","runId":"8fb33d4d-0c9d-4b4b-a58a-e985288515a9","type":"fetch","rationale":"Inspect an already-known source before another generic query","step":1,"t":"2026-09-17T16:18:27.549Z"}
{"level":"info","event":"action","runId":"8fb33d4d-0c9d-4b4b-a58a-e985288515a9","type":"fetch","rationale":"Inspect an already-known source before another generic query","step":2,"t":"2026-09-17T16:18:27.561Z"}
{"level":"info","event":"action","runId":"8fb33d4d-0c9d-4b4b-a58a-e985288515a9","type":"fetch","rationale":"Inspect an already-known source before another generic query","step":3,"t":"2026-09-17T16:18:27.572Z"}
{"level":"info","event":"action","runId":"8fb33d4d-0c9d-4b4b-a58a-e985288515a9","type":"challenge","rationale":"Disconfirm material conclusion: A primary source that directly contradicts this conclusion.","step":4,"t":"2026-09-17T16:18:27.587Z"}
{"level":"info","event":"action","runId":"8fb33d4d-0c9d-4b4b-a58a-e985288515a9","type":"challenge","rationale":"No counterexample found in accessed primary sources. This is not proof that the conclusion is true.","step":5,"t":"2026-09-17T16:18:27.600Z"}
{"level":"info","event":"action","runId":"8fb33d4d-0c9d-4b4b-a58a-e985288515a9","type":"synthesize","rationale":"decision_critical_gaps_resolved_or_unresolvable; high-impact claims supported or qualified; contradictions handled; remaining actions low expected value","step":6,"t":"2026-09-17T16:18:27.610Z"}
{"level":"info","event":"action","runId":"e1986e15-2f97-4afd-aae3-8c4cfad60d24","type":"search","rationale":"Investigate an uncovered required question","step":0,"t":"2026-09-17T16:18:27.860Z"}
{"level":"info","event":"action","runId":"e1986e15-2f97-4afd-aae3-8c4cfad60d24","type":"fetch","rationale":"Inspect an already-known source before another generic query","step":1,"t":"2026-09-17T16:18:27.874Z"}
{"level":"info","event":"action","runId":"e1986e15-2f97-4afd-aae3-8c4cfad60d24","type":"fetch","rationale":"Inspect an already-known source before another generic query","step":2,"t":"2026-09-17T16:18:27.884Z"}
{"level":"info","event":"action","runId":"e1986e15-2f97-4afd-aae3-8c4cfad60d24","type":"fetch","rationale":"Inspect an already-known source before another generic query","step":3,"t":"2026-09-17T16:18:27.897Z"}
{"level":"info","event":"action","runId":"e1986e15-2f97-4afd-aae3-8c4cfad60d24","type":"challenge","rationale":"Disconfirm material conclusion: A hard-constraint violation for a candidate currently marked eligible.","step":4,"t":"2026-09-17T16:18:27.908Z"}
{"level":"info","event":"action","runId":"e1986e15-2f97-4afd-aae3-8c4cfad60d24","type":"challenge","rationale":"No counterexample found in accessed primary sources. This is not proof that the conclusion is true.","step":5,"t":"2026-09-17T16:18:27.920Z"}
{"level":"info","event":"action","runId":"e1986e15-2f97-4afd-aae3-8c4cfad60d24","type":"synthesize","rationale":"decision_critical_gaps_resolved_or_unresolvable; high-impact claims supported or qualified; contradictions handled; remaining actions low expected value","step":6,"t":"2026-09-17T16:18:27.930Z"}
{"level":"info","event":"action","runId":"63a7feea-c5eb-4018-9eea-be0d273f6e24","type":"search","rationale":"Investigate an uncovered required question","step":0,"t":"2026-09-17T16:18:28.362Z"}
{"level":"info","event":"action","runId":"63a7feea-c5eb-4018-9eea-be0d273f6e24","type":"fetch","rationale":"Inspect an already-known source before another generic query","step":1,"t":"2026-09-17T16:18:28.386Z"}
{"level":"info","event":"action","runId":"63a7feea-c5eb-4018-9eea-be0d273f6e24","type":"fetch","rationale":"Inspect an already-known source before another generic query","step":2,"t":"2026-09-17T16:18:28.399Z"}
{"level":"info","event":"action","runId":"63a7feea-c5eb-4018-9eea-be0d273f6e24","type":"fetch","rationale":"Inspect an already-known source before another generic query","step":3,"t":"2026-09-17T16:18:28.410Z"}
{"level":"info","event":"action","runId":"63a7feea-c5eb-4018-9eea-be0d273f6e24","type":"challenge","rationale":"Disconfirm material conclusion: A primary source that directly contradicts this conclusion.","step":4,"t":"2026-09-17T16:18:28.425Z"}
{"level":"info","event":"action","runId":"63a7feea-c5eb-4018-9eea-be0d273f6e24","type":"challenge","rationale":"No counterexample found in accessed primary sources. This is not proof that the conclusion is true.","step":5,"t":"2026-09-17T16:18:28.437Z"}
{"level":"info","event":"action","runId":"63a7feea-c5eb-4018-9eea-be0d273f6e24","type":"synthesize","rationale":"decision_critical_gaps_resolved_or_unresolvable; high-impact claims supported or qualified; contradictions handled; remaining actions low expected value","step":6,"t":"2026-09-17T16:18:28.446Z"}
{"level":"info","event":"action","runId":"3094e6e1-49b4-4082-8cce-e5c37422a764","type":"search","rationale":"Investigate an uncovered required question","step":0,"t":"2026-09-17T16:18:28.701Z"}
{"level":"info","event":"action","runId":"3094e6e1-49b4-4082-8cce-e5c37422a764","type":"fetch","rationale":"Inspect an already-known source before another generic query","step":1,"t":"2026-09-17T16:18:28.715Z"}
{"level":"info","event":"action","runId":"3094e6e1-49b4-4082-8cce-e5c37422a764","type":"fetch","rationale":"Inspect an already-known source before another generic query","step":2,"t":"2026-09-17T16:18:28.728Z"}
{"level":"info","event":"action","runId":"3094e6e1-49b4-4082-8cce-e5c37422a764","type":"challenge","rationale":"Disconfirm material conclusion: A primary source that directly contradicts this conclusion.","step":3,"t":"2026-09-17T16:18:28.740Z"}
{"level":"info","event":"action","runId":"3094e6e1-49b4-4082-8cce-e5c37422a764","type":"challenge","rationale":"Disconfirm material conclusion: A primary source that directly contradicts this conclusion.","step":4,"t":"2026-09-17T16:18:28.751Z"}
{"level":"info","event":"action","runId":"3094e6e1-49b4-4082-8cce-e5c37422a764","type":"challenge","rationale":"Disconfirm material conclusion: A primary source that directly contradicts this conclusion.","step":5,"t":"2026-09-17T16:18:28.763Z"}
{"level":"info","event":"action","runId":"3094e6e1-49b4-4082-8cce-e5c37422a764","type":"challenge","rationale":"Disconfirm material conclusion: A primary source that directly contradicts this conclusion.","step":6,"t":"2026-09-17T16:18:28.775Z"}
{"level":"info","event":"action","runId":"3094e6e1-49b4-4082-8cce-e5c37422a764","type":"challenge","rationale":"Disconfirm material conclusion: A primary source that directly contradicts this conclusion.","step":7,"t":"2026-09-17T16:18:28.786Z"}
{"level":"info","event":"action","runId":"3094e6e1-49b4-4082-8cce-e5c37422a764","type":"challenge","rationale":"Disconfirm material conclusion: A primary source that directly contradicts this conclusion.","step":8,"t":"2026-09-17T16:18:28.799Z"}
{"level":"info","event":"action","runId":"3094e6e1-49b4-4082-8cce-e5c37422a764","type":"challenge","rationale":"Disconfirm material conclusion: A primary source that directly contradicts this conclusion.","step":9,"t":"2026-09-17T16:18:28.811Z"}
{"level":"info","event":"action","runId":"3094e6e1-49b4-4082-8cce-e5c37422a764","type":"challenge","rationale":"No counterexample found in accessed primary sources. This is not proof that the conclusion is true.","step":10,"t":"2026-09-17T16:18:28.827Z"}
{"level":"info","event":"action","runId":"3094e6e1-49b4-4082-8cce-e5c37422a764","type":"stop","rationale":"Repeated searches returned no novel source family or coverage progress","step":11,"t":"2026-09-17T16:18:28.836Z"}
{"level":"info","event":"action","runId":"73145115-cc7e-4faa-9506-0808749abb53","type":"search","rationale":"Investigate an uncovered required question","step":0,"t":"2026-09-17T16:18:29.254Z"}
{"level":"info","event":"action","runId":"73145115-cc7e-4faa-9506-0808749abb53","type":"fetch","rationale":"Inspect an already-known source before another generic query","step":1,"t":"2026-09-17T16:18:29.274Z"}
{"level":"info","event":"action","runId":"73145115-cc7e-4faa-9506-0808749abb53","type":"fetch","rationale":"Inspect an already-known source before another generic query","step":2,"t":"2026-09-17T16:18:29.286Z"}
{"level":"info","event":"action","runId":"73145115-cc7e-4faa-9506-0808749abb53","type":"fetch","rationale":"Inspect an already-known source before another generic query","step":3,"t":"2026-09-17T16:18:29.298Z"}
{"level":"info","event":"action","runId":"73145115-cc7e-4faa-9506-0808749abb53","type":"challenge","rationale":"Disconfirm material conclusion: A primary source that directly contradicts this conclusion.","step":4,"t":"2026-09-17T16:18:29.314Z"}
{"level":"info","event":"action","runId":"73145115-cc7e-4faa-9506-0808749abb53","type":"challenge","rationale":"No counterexample found in accessed primary sources. This is not proof that the conclusion is true.","step":5,"t":"2026-09-17T16:18:29.326Z"}
{"level":"info","event":"action","runId":"73145115-cc7e-4faa-9506-0808749abb53","type":"synthesize","rationale":"decision_critical_gaps_resolved_or_unresolvable; high-impact claims supported or qualified; contradictions handled; remaining actions low expected value","step":6,"t":"2026-09-17T16:18:29.335Z"}
{"level":"info","event":"action","runId":"b79b1c18-816e-44a5-bacf-ba7954b74c10","type":"search","rationale":"Investigate an uncovered required question","step":0,"t":"2026-09-17T16:18:29.753Z"}
{"level":"info","event":"action","runId":"b79b1c18-816e-44a5-bacf-ba7954b74c10","type":"fetch","rationale":"Inspect an already-known source before another generic query","step":1,"t":"2026-09-17T16:18:29.773Z"}
{"level":"info","event":"action","runId":"b79b1c18-816e-44a5-bacf-ba7954b74c10","type":"fetch","rationale":"Inspect an already-known source before another generic query","step":2,"t":"2026-09-17T16:18:29.784Z"}
{"level":"info","event":"action","runId":"b79b1c18-816e-44a5-bacf-ba7954b74c10","type":"fetch","rationale":"Inspect an already-known source before another generic query","step":3,"t":"2026-09-17T16:18:29.796Z"}
{"level":"info","event":"action","runId":"b79b1c18-816e-44a5-bacf-ba7954b74c10","type":"fetch","rationale":"Inspect an already-known source before another generic query","step":4,"t":"2026-09-17T16:18:29.808Z"}
{"level":"info","event":"action","runId":"b79b1c18-816e-44a5-bacf-ba7954b74c10","type":"fetch","rationale":"Inspect an already-known source before another generic query","step":5,"t":"2026-09-17T16:18:29.819Z"}
{"level":"info","event":"action","runId":"b79b1c18-816e-44a5-bacf-ba7954b74c10","type":"challenge","rationale":"Disconfirm material conclusion: A primary source that directly contradicts this conclusion.","step":6,"t":"2026-09-17T16:18:29.831Z"}
{"level":"info","event":"action","runId":"b79b1c18-816e-44a5-bacf-ba7954b74c10","type":"challenge","rationale":"No counterexample found in accessed primary sources. This is not proof that the conclusion is true.","step":7,"t":"2026-09-17T16:18:29.843Z"}
{"level":"info","event":"action","runId":"b79b1c18-816e-44a5-bacf-ba7954b74c10","type":"synthesize","rationale":"decision_critical_gaps_resolved_or_unresolvable; high-impact claims supported or qualified; contradictions handled; remaining actions low expected value","step":8,"t":"2026-09-17T16:18:29.852Z"}
{"level":"info","event":"action","runId":"bf95c075-cacc-4e9b-8184-4eac0a566bbb","type":"search","rationale":"Investigate an uncovered required question","step":0,"t":"2026-09-17T16:18:30.280Z"}
{"level":"info","event":"action","runId":"bf95c075-cacc-4e9b-8184-4eac0a566bbb","type":"fetch","rationale":"Inspect an already-known source before another generic query","step":1,"t":"2026-09-17T16:18:30.296Z"}
{"level":"info","event":"action","runId":"bf95c075-cacc-4e9b-8184-4eac0a566bbb","type":"challenge","rationale":"Disconfirm material conclusion: A primary source that directly contradicts this conclusion.","step":2,"t":"2026-09-17T16:18:30.309Z"}
{"level":"info","event":"action","runId":"bf95c075-cacc-4e9b-8184-4eac0a566bbb","type":"challenge","rationale":"No counterexample found in accessed primary sources. This is not proof that the conclusion is true.","step":3,"t":"2026-09-17T16:18:30.322Z"}
{"level":"info","event":"action","runId":"bf95c075-cacc-4e9b-8184-4eac0a566bbb","type":"synthesize","rationale":"decision_critical_gaps_resolved_or_unresolvable; high-impact claims supported or qualified; contradictions handled; remaining actions low expected value","step":4,"t":"2026-09-17T16:18:30.332Z"}
{"level":"info","event":"action","runId":"1e98f301-bcd1-4331-a3da-c9d0b6d4cd1e","type":"search","rationale":"Investigate an uncovered required question","step":0,"t":"2026-09-17T16:18:31.165Z"}
{"level":"info","event":"action","runId":"1e98f301-bcd1-4331-a3da-c9d0b6d4cd1e","type":"fetch","rationale":"Inspect an already-known source before another generic query","step":1,"t":"2026-09-17T16:18:31.188Z"}
{"level":"info","event":"action","runId":"1e98f301-bcd1-4331-a3da-c9d0b6d4cd1e","type":"fetch","rationale":"Inspect an already-known source before another generic query","step":2,"t":"2026-09-17T16:18:31.200Z"}
{"level":"info","event":"action","runId":"1e98f301-bcd1-4331-a3da-c9d0b6d4cd1e","type":"fetch","rationale":"Inspect an already-known source before another generic query","step":3,"t":"2026-09-17T16:18:31.214Z"}
{"level":"info","event":"action","runId":"1e98f301-bcd1-4331-a3da-c9d0b6d4cd1e","type":"fetch","rationale":"Inspect an already-known source before another generic query","step":4,"t":"2026-09-17T16:18:31.225Z"}
{"level":"info","event":"action","runId":"1e98f301-bcd1-4331-a3da-c9d0b6d4cd1e","type":"fetch","rationale":"Inspect an already-known source before another generic query","step":5,"t":"2026-09-17T16:18:31.238Z"}
{"level":"info","event":"action","runId":"1e98f301-bcd1-4331-a3da-c9d0b6d4cd1e","type":"challenge","rationale":"Disconfirm material conclusion: A primary source that directly contradicts this conclusion.","step":6,"t":"2026-09-17T16:18:31.250Z"}
{"level":"info","event":"action","runId":"1e98f301-bcd1-4331-a3da-c9d0b6d4cd1e","type":"challenge","rationale":"No counterexample found in accessed primary sources. This is not proof that the conclusion is true.","step":7,"t":"2026-09-17T16:18:31.264Z"}
{"level":"info","event":"action","runId":"1e98f301-bcd1-4331-a3da-c9d0b6d4cd1e","type":"synthesize","rationale":"decision_critical_gaps_resolved_or_unresolvable; high-impact claims supported or qualified; contradictions handled; remaining actions low expected value","step":8,"t":"2026-09-17T16:18:31.274Z"}
 ✓ test/launch-scope.integration.test.ts (19 tests) 11636ms
   ✓ launch-scope fixture/postgres cases > R03 does not interview a clear comparison over style  599ms
   ✓ launch-scope fixture/postgres cases > R07 keeps a paywalled page snippet-only and does not claim a full read  505ms
   ✓ launch-scope fixture/postgres cases > R11 records a real price contradiction without averaging  525ms
   ✓ launch-scope fixture/postgres cases > R14 budget-limited outcome is not marked comprehensive  478ms
   ✓ launch-scope fixture/postgres cases > R22 preserves a reproducible annual cost calculation  548ms
   ✓ launch-scope fixture/postgres cases > V2-01 uses the compatibility matrix, not summary count  570ms
   ✓ launch-scope fixture/postgres cases > V2-02 / R08 switches source type after summary-family saturation  589ms
   ✓ launch-scope fixture/postgres cases > V2-04 relaxed budget discovers a previously omitted candidate  839ms
   ✓ launch-scope fixture/postgres cases > V2-05 recomputes a corrected numeric unit  775ms
   ✓ launch-scope fixture/postgres cases > V2-06 unknown dependency completeness forces a full rerun flag  930ms
   ✓ launch-scope fixture/postgres cases > P2 selective budget reopen is not a full rerun; unknown-dependency correction is; both 120 EUR paths find Vendor C  1469ms
   ✓ launch-scope fixture/postgres cases > P2 a non-budget correction does not reopen candidate discovery or add Vendor C  904ms
   ✓ launch-scope fixture/postgres cases > V2-18 distinguishes no eligible inspected option from universal absence  502ms
   ✓ launch-scope fixture/postgres cases > E07 denies another account's evidence id  512ms
   ✓ launch-scope fixture/postgres cases > S04 does not leave raw script markup in the canonical report  475ms
   ✓ launch-scope fixture/postgres cases > challenge and markdown export use the same stored report  582ms
{"level":"info","event":"action","runId":"63f6af02-5987-4843-85bf-9f14b6082a40","type":"search","rationale":"Investigate an uncovered required question","step":0,"t":"2026-09-17T16:18:32.377Z"}
{"level":"info","event":"action","runId":"63f6af02-5987-4843-85bf-9f14b6082a40","type":"fetch","rationale":"Inspect an already-known source before another generic query","step":1,"t":"2026-09-17T16:18:32.413Z"}
{"level":"info","event":"action","runId":"63f6af02-5987-4843-85bf-9f14b6082a40","type":"fetch","rationale":"Inspect an already-known source before another generic query","step":2,"t":"2026-09-17T16:18:32.431Z"}
{"level":"info","event":"action","runId":"63f6af02-5987-4843-85bf-9f14b6082a40","type":"fetch","rationale":"Inspect an already-known source before another generic query","step":3,"t":"2026-09-17T16:18:32.447Z"}
{"level":"info","event":"action","runId":"63f6af02-5987-4843-85bf-9f14b6082a40","type":"challenge","rationale":"Disconfirm material conclusion: A primary source that directly contradicts this conclusion.","step":4,"t":"2026-09-17T16:18:32.468Z"}
{"level":"info","event":"action","runId":"63f6af02-5987-4843-85bf-9f14b6082a40","type":"challenge","rationale":"No counterexample found in accessed primary sources. This is not proof that the conclusion is true.","step":5,"t":"2026-09-17T16:18:32.486Z"}
{"level":"info","event":"action","runId":"63f6af02-5987-4843-85bf-9f14b6082a40","type":"synthesize","rationale":"decision_critical_gaps_resolved_or_unresolvable; high-impact claims supported or qualified; contradictions handled; remaining actions low expected value","step":6,"t":"2026-09-17T16:18:32.502Z"}
{"level":"info","event":"action","runId":"ff149f22-da4c-46d5-9ea6-863151e1fc74","type":"search","rationale":"Investigate an uncovered required question","step":0,"t":"2026-09-17T16:18:32.983Z"}
{"level":"info","event":"action","runId":"ff149f22-da4c-46d5-9ea6-863151e1fc74","type":"fetch","rationale":"Inspect an already-known source before another generic query","step":1,"t":"2026-09-17T16:18:33.002Z"}
{"level":"info","event":"action","runId":"ff149f22-da4c-46d5-9ea6-863151e1fc74","type":"challenge","rationale":"Disconfirm material conclusion: A current official catalog entry for the named product.","step":2,"t":"2026-09-17T16:18:33.018Z"}
{"level":"info","event":"action","runId":"ff149f22-da4c-46d5-9ea6-863151e1fc74","type":"challenge","rationale":"No counterexample found in accessed primary sources. This is not proof that the conclusion is true.","step":3,"t":"2026-09-17T16:18:33.033Z"}
{"level":"info","event":"action","runId":"ff149f22-da4c-46d5-9ea6-863151e1fc74","type":"synthesize","rationale":"decision_critical_gaps_resolved_or_unresolvable; high-impact claims supported or qualified; contradictions handled; remaining actions low expected value","step":4,"t":"2026-09-17T16:18:33.045Z"}
{"level":"info","event":"action","runId":"a6420feb-51dd-4e2a-8e7b-9d4c7521e833","type":"search","rationale":"Investigate an uncovered required question","step":0,"t":"2026-09-17T16:18:33.502Z"}
{"level":"info","event":"action","runId":"a6420feb-51dd-4e2a-8e7b-9d4c7521e833","type":"fetch","rationale":"Inspect an already-known source before another generic query","step":1,"t":"2026-09-17T16:18:33.528Z"}
{"level":"info","event":"action","runId":"a6420feb-51dd-4e2a-8e7b-9d4c7521e833","type":"fetch","rationale":"Inspect an already-known source before another generic query","step":2,"t":"2026-09-17T16:18:33.544Z"}
{"level":"info","event":"action","runId":"a6420feb-51dd-4e2a-8e7b-9d4c7521e833","type":"fetch","rationale":"Inspect an already-known source before another generic query","step":3,"t":"2026-09-17T16:18:33.558Z"}
{"level":"info","event":"action","runId":"a6420feb-51dd-4e2a-8e7b-9d4c7521e833","type":"fetch","rationale":"Inspect an already-known source before another generic query","step":4,"t":"2026-09-17T16:18:33.573Z"}
{"level":"info","event":"action","runId":"a6420feb-51dd-4e2a-8e7b-9d4c7521e833","type":"fetch","rationale":"Inspect an already-known source before another generic query","step":5,"t":"2026-09-17T16:18:33.587Z"}
{"level":"info","event":"action","runId":"a6420feb-51dd-4e2a-8e7b-9d4c7521e833","type":"challenge","rationale":"Disconfirm material conclusion: A primary source that directly contradicts this conclusion.","step":6,"t":"2026-09-17T16:18:33.601Z"}
{"level":"info","event":"action","runId":"a6420feb-51dd-4e2a-8e7b-9d4c7521e833","type":"challenge","rationale":"No counterexample found in accessed primary sources. This is not proof that the conclusion is true.","step":7,"t":"2026-09-17T16:18:33.617Z"}
{"level":"info","event":"action","runId":"a6420feb-51dd-4e2a-8e7b-9d4c7521e833","type":"synthesize","rationale":"decision_critical_gaps_resolved_or_unresolvable; high-impact claims supported or qualified; contradictions handled; remaining actions low expected value","step":8,"t":"2026-09-17T16:18:33.629Z"}
{"level":"info","event":"action","runId":"e0eacc01-134e-4bba-ab1b-28e27f6f1e4b","type":"search","rationale":"Initial dataset excludes the user's stated population; pivot source type","step":0,"t":"2026-09-17T16:18:34.054Z"}
{"level":"info","event":"action","runId":"e0eacc01-134e-4bba-ab1b-28e27f6f1e4b","type":"search","rationale":"Decision-blocking gap: population-specific evidence. Switching source type to population-specific.","step":1,"t":"2026-09-17T16:18:34.075Z"}
{"level":"info","event":"action","runId":"e0eacc01-134e-4bba-ab1b-28e27f6f1e4b","type":"search","rationale":"Decision-blocking gap: population-specific evidence. Switching source type to population-specific.","step":2,"t":"2026-09-17T16:18:34.089Z"}
{"level":"info","event":"action","runId":"e0eacc01-134e-4bba-ab1b-28e27f6f1e4b","type":"search","rationale":"Decision-blocking gap: population-specific evidence. Switching source type to population-specific.","step":3,"t":"2026-09-17T16:18:34.102Z"}
{"level":"info","event":"action","runId":"e0eacc01-134e-4bba-ab1b-28e27f6f1e4b","type":"search","rationale":"Decision-blocking gap: population-specific evidence. Switching source type to population-specific.","step":4,"t":"2026-09-17T16:18:34.116Z"}
{"level":"info","event":"action","runId":"e0eacc01-134e-4bba-ab1b-28e27f6f1e4b","type":"search","rationale":"Decision-blocking gap: population-specific evidence. Switching source type to population-specific.","step":5,"t":"2026-09-17T16:18:34.130Z"}
{"level":"info","event":"action","runId":"e0eacc01-134e-4bba-ab1b-28e27f6f1e4b","type":"search","rationale":"Decision-blocking gap: population-specific evidence. Switching source type to population-specific.","step":6,"t":"2026-09-17T16:18:34.143Z"}
{"level":"info","event":"action","runId":"e0eacc01-134e-4bba-ab1b-28e27f6f1e4b","type":"search","rationale":"Decision-blocking gap: population-specific evidence. Switching source type to population-specific.","step":7,"t":"2026-09-17T16:18:34.158Z"}
{"level":"info","event":"action","runId":"e0eacc01-134e-4bba-ab1b-28e27f6f1e4b","type":"fetch","rationale":"Inspect an already-known source before another generic query","step":8,"t":"2026-09-17T16:18:34.173Z"}
{"level":"info","event":"action","runId":"e0eacc01-134e-4bba-ab1b-28e27f6f1e4b","type":"fetch","rationale":"Inspect an already-known source before another generic query","step":9,"t":"2026-09-17T16:18:34.187Z"}
{"level":"info","event":"action","runId":"e0eacc01-134e-4bba-ab1b-28e27f6f1e4b","type":"challenge","rationale":"No counterexample found in accessed primary sources. This is not proof that the conclusion is true.","step":10,"t":"2026-09-17T16:18:34.207Z"}
{"level":"info","event":"action","runId":"e0eacc01-134e-4bba-ab1b-28e27f6f1e4b","type":"stop","rationale":"Repeated searches returned no novel source family or coverage progress","step":11,"t":"2026-09-17T16:18:34.218Z"}
{"level":"info","event":"action","runId":"1410b908-27a9-4f0b-ad93-23bf357d5a1c","type":"search","rationale":"Investigate an uncovered required question","step":0,"t":"2026-09-17T16:18:34.678Z"}
{"level":"info","event":"action","runId":"1410b908-27a9-4f0b-ad93-23bf357d5a1c","type":"fetch","rationale":"Inspect an already-known source before another generic query","step":1,"t":"2026-09-17T16:18:34.700Z"}
{"level":"info","event":"action","runId":"1410b908-27a9-4f0b-ad93-23bf357d5a1c","type":"challenge","rationale":"Disconfirm material conclusion: A primary source that directly contradicts this conclusion.","step":2,"t":"2026-09-17T16:18:34.718Z"}
{"level":"info","event":"action","runId":"1410b908-27a9-4f0b-ad93-23bf357d5a1c","type":"challenge","rationale":"No counterexample found in accessed primary sources. This is not proof that the conclusion is true.","step":3,"t":"2026-09-17T16:18:34.730Z"}
{"level":"info","event":"action","runId":"1410b908-27a9-4f0b-ad93-23bf357d5a1c","type":"synthesize","rationale":"decision_critical_gaps_resolved_or_unresolvable; high-impact claims supported or qualified; contradictions handled; remaining actions low expected value","step":4,"t":"2026-09-17T16:18:34.739Z"}
{"level":"info","event":"action","runId":"2910409b-e20b-4343-8dff-1b72a072284d","type":"search","rationale":"Investigate an uncovered required question","step":0,"t":"2026-09-17T16:18:35.150Z"}
{"level":"info","event":"action","runId":"2910409b-e20b-4343-8dff-1b72a072284d","type":"fetch","rationale":"Inspect an already-known source before another generic query","step":1,"t":"2026-09-17T16:18:35.173Z"}
{"level":"info","event":"action","runId":"2910409b-e20b-4343-8dff-1b72a072284d","type":"fetch","rationale":"Inspect an already-known source before another generic query","step":2,"t":"2026-09-17T16:18:35.186Z"}
{"level":"info","event":"action","runId":"2910409b-e20b-4343-8dff-1b72a072284d","type":"fetch","rationale":"Inspect an already-known source before another generic query","step":3,"t":"2026-09-17T16:18:35.201Z"}
{"level":"info","event":"action","runId":"2910409b-e20b-4343-8dff-1b72a072284d","type":"challenge","rationale":"Disconfirm material conclusion: A primary source that directly contradicts this conclusion.","step":4,"t":"2026-09-17T16:18:35.217Z"}
{"level":"info","event":"action","runId":"2910409b-e20b-4343-8dff-1b72a072284d","type":"challenge","rationale":"No counterexample found in accessed primary sources. This is not proof that the conclusion is true.","step":5,"t":"2026-09-17T16:18:35.231Z"}
{"level":"info","event":"action","runId":"2910409b-e20b-4343-8dff-1b72a072284d","type":"synthesize","rationale":"decision_critical_gaps_resolved_or_unresolvable; high-impact claims supported or qualified; contradictions handled; remaining actions low expected value","step":6,"t":"2026-09-17T16:18:35.241Z"}
{"level":"info","event":"action","runId":"2bec56ed-506b-4c11-82f2-aa43755d23e4","type":"search","rationale":"Investigate an uncovered required question","step":0,"t":"2026-09-17T16:18:35.699Z"}
{"level":"info","event":"action","runId":"2bec56ed-506b-4c11-82f2-aa43755d23e4","type":"fetch","rationale":"Inspect an already-known source before another generic query","step":1,"t":"2026-09-17T16:18:35.718Z"}
{"level":"info","event":"action","runId":"2bec56ed-506b-4c11-82f2-aa43755d23e4","type":"fetch","rationale":"Inspect an already-known source before another generic query","step":2,"t":"2026-09-17T16:18:35.733Z"}
{"level":"info","event":"action","runId":"2bec56ed-506b-4c11-82f2-aa43755d23e4","type":"fetch","rationale":"Inspect an already-known source before another generic query","step":3,"t":"2026-09-17T16:18:35.746Z"}
{"level":"info","event":"action","runId":"2bec56ed-506b-4c11-82f2-aa43755d23e4","type":"fetch","rationale":"Inspect an already-known source before another generic query","step":4,"t":"2026-09-17T16:18:35.759Z"}
{"level":"info","event":"action","runId":"2bec56ed-506b-4c11-82f2-aa43755d23e4","type":"fetch","rationale":"Inspect an already-known source before another generic query","step":5,"t":"2026-09-17T16:18:35.773Z"}
{"level":"info","event":"action","runId":"2bec56ed-506b-4c11-82f2-aa43755d23e4","type":"challenge","rationale":"Disconfirm material conclusion: A primary source that directly contradicts this conclusion.","step":6,"t":"2026-09-17T16:18:35.788Z"}
{"level":"info","event":"action","runId":"2bec56ed-506b-4c11-82f2-aa43755d23e4","type":"challenge","rationale":"No counterexample found in accessed primary sources. This is not proof that the conclusion is true.","step":7,"t":"2026-09-17T16:18:35.802Z"}
{"level":"info","event":"action","runId":"2bec56ed-506b-4c11-82f2-aa43755d23e4","type":"synthesize","rationale":"decision_critical_gaps_resolved_or_unresolvable; high-impact claims supported or qualified; contradictions handled; remaining actions low expected value","step":8,"t":"2026-09-17T16:18:35.812Z"}
{"level":"info","event":"action","runId":"894774fb-c3ed-40f7-96c8-20f343f8045d","type":"search","rationale":"Investigate an uncovered required question","step":0,"t":"2026-09-17T16:18:36.497Z"}
{"level":"info","event":"action","runId":"894774fb-c3ed-40f7-96c8-20f343f8045d","type":"fetch","rationale":"Inspect an already-known source before another generic query","step":0,"t":"2026-09-17T16:18:36.527Z"}
{"level":"info","event":"action","runId":"894774fb-c3ed-40f7-96c8-20f343f8045d","type":"fetch","rationale":"Inspect an already-known source before another generic query","step":1,"t":"2026-09-17T16:18:36.542Z"}
{"level":"info","event":"action","runId":"894774fb-c3ed-40f7-96c8-20f343f8045d","type":"fetch","rationale":"Inspect an already-known source before another generic query","step":2,"t":"2026-09-17T16:18:36.558Z"}
{"level":"info","event":"action","runId":"894774fb-c3ed-40f7-96c8-20f343f8045d","type":"challenge","rationale":"Disconfirm material conclusion: A primary source that directly contradicts this conclusion.","step":3,"t":"2026-09-17T16:18:36.575Z"}
{"level":"info","event":"action","runId":"894774fb-c3ed-40f7-96c8-20f343f8045d","type":"challenge","rationale":"No counterexample found in accessed primary sources. This is not proof that the conclusion is true.","step":4,"t":"2026-09-17T16:18:36.587Z"}
{"level":"info","event":"action","runId":"894774fb-c3ed-40f7-96c8-20f343f8045d","type":"synthesize","rationale":"decision_critical_gaps_resolved_or_unresolvable; high-impact claims supported or qualified; contradictions handled; remaining actions low expected value","step":5,"t":"2026-09-17T16:18:36.598Z"}
{"level":"info","event":"action","runId":"dcfd2f46-8530-49b3-980d-a603f159e99b","type":"search","rationale":"Investigate an uncovered required question","step":0,"t":"2026-09-17T16:18:37.055Z"}
{"level":"info","event":"action","runId":"dcfd2f46-8530-49b3-980d-a603f159e99b","type":"fetch","rationale":"Inspect an already-known source before another generic query","step":1,"t":"2026-09-17T16:18:37.078Z"}
{"level":"info","event":"action","runId":"dcfd2f46-8530-49b3-980d-a603f159e99b","type":"fetch","rationale":"Inspect an already-known source before another generic query","step":2,"t":"2026-09-17T16:18:37.093Z"}
{"level":"info","event":"action","runId":"dcfd2f46-8530-49b3-980d-a603f159e99b","type":"fetch","rationale":"Inspect an already-known source before another generic query","step":3,"t":"2026-09-17T16:18:37.107Z"}
{"level":"info","event":"action","runId":"dcfd2f46-8530-49b3-980d-a603f159e99b","type":"challenge","rationale":"Disconfirm material conclusion: A primary source that directly contradicts this conclusion.","step":4,"t":"2026-09-17T16:18:37.126Z"}
{"level":"info","event":"action","runId":"dcfd2f46-8530-49b3-980d-a603f159e99b","type":"challenge","rationale":"No counterexample found in accessed primary sources. This is not proof that the conclusion is true.","step":5,"t":"2026-09-17T16:18:37.140Z"}
{"level":"info","event":"action","runId":"dcfd2f46-8530-49b3-980d-a603f159e99b","type":"synthesize","rationale":"decision_critical_gaps_resolved_or_unresolvable; high-impact claims supported or qualified; contradictions handled; remaining actions low expected value","step":6,"t":"2026-09-17T16:18:37.151Z"}
{"level":"info","event":"action","runId":"7048663b-b868-4a01-9cf8-e73ed069c277","type":"search","rationale":"Investigate an uncovered required question","step":0,"t":"2026-09-17T16:18:37.410Z"}
{"level":"info","event":"action","runId":"7048663b-b868-4a01-9cf8-e73ed069c277","type":"stop","rationale":"action type reveal_keys is not a permitted research action","step":1,"t":"2026-09-17T16:18:37.425Z"}
{"level":"info","event":"action","runId":"38bc84f0-1b91-4881-96d3-213726095ecc","type":"search","rationale":"Investigate an uncovered required question","step":0,"t":"2026-09-17T16:18:37.899Z"}
{"level":"info","event":"action","runId":"38bc84f0-1b91-4881-96d3-213726095ecc","type":"fetch","rationale":"Inspect an already-known source before another generic query","step":1,"t":"2026-09-17T16:18:37.924Z"}
{"level":"info","event":"action","runId":"38bc84f0-1b91-4881-96d3-213726095ecc","type":"fetch","rationale":"Inspect an already-known source before another generic query","step":2,"t":"2026-09-17T16:18:37.939Z"}
{"level":"info","event":"action","runId":"38bc84f0-1b91-4881-96d3-213726095ecc","type":"fetch","rationale":"Inspect an already-known source before another generic query","step":3,"t":"2026-09-17T16:18:37.954Z"}
{"level":"info","event":"action","runId":"38bc84f0-1b91-4881-96d3-213726095ecc","type":"challenge","rationale":"Disconfirm material conclusion: A primary source that directly contradicts this conclusion.","step":4,"t":"2026-09-17T16:18:37.974Z"}
{"level":"info","event":"action","runId":"38bc84f0-1b91-4881-96d3-213726095ecc","type":"challenge","rationale":"No counterexample found in accessed primary sources. This is not proof that the conclusion is true.","step":5,"t":"2026-09-17T16:18:37.990Z"}
{"level":"info","event":"action","runId":"38bc84f0-1b91-4881-96d3-213726095ecc","type":"synthesize","rationale":"decision_critical_gaps_resolved_or_unresolvable; high-impact claims supported or qualified; contradictions handled; remaining actions low expected value","step":6,"t":"2026-09-17T16:18:38.000Z"}
{"level":"info","event":"action","runId":"b88597c8-56a5-4997-832b-87950d983a77","type":"search","rationale":"Investigate an uncovered required question","step":0,"t":"2026-09-17T16:18:38.279Z"}
{"level":"info","event":"action","runId":"b88597c8-56a5-4997-832b-87950d983a77","type":"fetch","rationale":"Inspect an already-known source before another generic query","step":1,"t":"2026-09-17T16:18:38.302Z"}
{"level":"info","event":"action","runId":"b88597c8-56a5-4997-832b-87950d983a77","type":"fetch","rationale":"Inspect an already-known source before another generic query","step":2,"t":"2026-09-17T16:18:38.315Z"}
{"level":"info","event":"action","runId":"b88597c8-56a5-4997-832b-87950d983a77","type":"fetch","rationale":"Inspect an already-known source before another generic query","step":3,"t":"2026-09-17T16:18:38.329Z"}
{"level":"info","event":"action","runId":"b88597c8-56a5-4997-832b-87950d983a77","type":"challenge","rationale":"Disconfirm material conclusion: A primary source that directly contradicts this conclusion.","step":4,"t":"2026-09-17T16:18:38.344Z"}
{"level":"info","event":"action","runId":"b88597c8-56a5-4997-832b-87950d983a77","type":"challenge","rationale":"No counterexample found in accessed primary sources. This is not proof that the conclusion is true.","step":5,"t":"2026-09-17T16:18:38.357Z"}
{"level":"info","event":"action","runId":"b88597c8-56a5-4997-832b-87950d983a77","type":"synthesize","rationale":"decision_critical_gaps_resolved_or_unresolvable; high-impact claims supported or qualified; contradictions handled; remaining actions low expected value","step":6,"t":"2026-09-17T16:18:38.366Z"}
{"level":"info","event":"action","runId":"2371f5d0-460e-4471-962a-fc17a4fd3560","type":"search","rationale":"Investigate an uncovered required question","step":0,"t":"2026-09-17T16:18:38.608Z"}
{"level":"info","event":"action","runId":"2371f5d0-460e-4471-962a-fc17a4fd3560","type":"fetch","rationale":"Inspect an already-known source before another generic query","step":1,"t":"2026-09-17T16:18:38.632Z"}
{"level":"info","event":"action","runId":"2371f5d0-460e-4471-962a-fc17a4fd3560","type":"fetch","rationale":"Inspect an already-known source before another generic query","step":2,"t":"2026-09-17T16:18:38.647Z"}
{"level":"info","event":"action","runId":"2371f5d0-460e-4471-962a-fc17a4fd3560","type":"fetch","rationale":"Inspect an already-known source before another generic query","step":3,"t":"2026-09-17T16:18:38.664Z"}
{"level":"info","event":"action","runId":"2371f5d0-460e-4471-962a-fc17a4fd3560","type":"challenge","rationale":"Disconfirm material conclusion: A primary source that directly contradicts this conclusion.","step":4,"t":"2026-09-17T16:18:38.685Z"}
{"level":"info","event":"action","runId":"2371f5d0-460e-4471-962a-fc17a4fd3560","type":"challenge","rationale":"No counterexample found in accessed primary sources. This is not proof that the conclusion is true.","step":5,"t":"2026-09-17T16:18:38.699Z"}
{"level":"info","event":"action","runId":"2371f5d0-460e-4471-962a-fc17a4fd3560","type":"synthesize","rationale":"decision_critical_gaps_resolved_or_unresolvable; high-impact claims supported or qualified; contradictions handled; remaining actions low expected value","step":6,"t":"2026-09-17T16:18:38.711Z"}
{"level":"info","event":"action","runId":"fad04903-fe5d-45b1-b096-4d46dd17c6a5","type":"search","rationale":"Investigate an uncovered required question","step":0,"t":"2026-09-17T16:18:38.961Z"}
{"level":"info","event":"action","runId":"fad04903-fe5d-45b1-b096-4d46dd17c6a5","type":"fetch","rationale":"Inspect an already-known source before another generic query","step":1,"t":"2026-09-17T16:18:38.975Z"}
{"level":"info","event":"action","runId":"fad04903-fe5d-45b1-b096-4d46dd17c6a5","type":"fetch","rationale":"Inspect an already-known source before another generic query","step":2,"t":"2026-09-17T16:18:38.986Z"}
{"level":"info","event":"action","runId":"fad04903-fe5d-45b1-b096-4d46dd17c6a5","type":"fetch","rationale":"Inspect an already-known source before another generic query","step":3,"t":"2026-09-17T16:18:38.998Z"}
{"level":"info","event":"action","runId":"fad04903-fe5d-45b1-b096-4d46dd17c6a5","type":"challenge","rationale":"Disconfirm material conclusion: A hard-constraint violation for a candidate currently marked eligible.","step":4,"t":"2026-09-17T16:18:39.009Z"}
{"level":"info","event":"action","runId":"fad04903-fe5d-45b1-b096-4d46dd17c6a5","type":"challenge","rationale":"No counterexample found in accessed primary sources. This is not proof that the conclusion is true.","step":5,"t":"2026-09-17T16:18:39.020Z"}
{"level":"info","event":"action","runId":"fad04903-fe5d-45b1-b096-4d46dd17c6a5","type":"synthesize","rationale":"decision_critical_gaps_resolved_or_unresolvable; high-impact claims supported or qualified; contradictions handled; remaining actions low expected value","step":6,"t":"2026-09-17T16:18:39.029Z"}
{"level":"info","event":"action","runId":"34744c32-30d6-4dde-beb7-5c6dc257a3ff","type":"challenge","rationale":"Disconfirm material conclusion: A primary source that directly contradicts this conclusion.","step":0,"t":"2026-09-17T16:18:39.477Z"}
{"level":"info","event":"action","runId":"34744c32-30d6-4dde-beb7-5c6dc257a3ff","type":"fetch","rationale":"Inspect an already-known source before another generic query","step":1,"t":"2026-09-17T16:18:39.497Z"}
{"level":"info","event":"action","runId":"34744c32-30d6-4dde-beb7-5c6dc257a3ff","type":"fetch","rationale":"Inspect an already-known source before another generic query","step":2,"t":"2026-09-17T16:18:39.510Z"}
{"level":"info","event":"action","runId":"34744c32-30d6-4dde-beb7-5c6dc257a3ff","type":"fetch","rationale":"Inspect an already-known source before another generic query","step":3,"t":"2026-09-17T16:18:39.524Z"}
{"level":"info","event":"action","runId":"34744c32-30d6-4dde-beb7-5c6dc257a3ff","type":"challenge","rationale":"No counterexample found in accessed primary sources. This is not proof that the conclusion is true.","step":4,"t":"2026-09-17T16:18:39.537Z"}
{"level":"info","event":"action","runId":"34744c32-30d6-4dde-beb7-5c6dc257a3ff","type":"synthesize","rationale":"decision_critical_gaps_resolved_or_unresolvable; high-impact claims supported or qualified; contradictions handled; remaining actions low expected value","step":5,"t":"2026-09-17T16:18:39.547Z"}
{"level":"info","event":"action","runId":"f843e7dc-6843-4370-8249-d36231bd5164","type":"search","rationale":"Investigate an uncovered required question","step":0,"t":"2026-09-17T16:18:39.984Z"}
{"level":"info","event":"action","runId":"f843e7dc-6843-4370-8249-d36231bd5164","type":"fetch","rationale":"Inspect an already-known source before another generic query","step":1,"t":"2026-09-17T16:18:40.013Z"}
{"level":"info","event":"action","runId":"f843e7dc-6843-4370-8249-d36231bd5164","type":"fetch","rationale":"Inspect an already-known source before another generic query","step":2,"t":"2026-09-17T16:18:40.027Z"}
{"level":"info","event":"action","runId":"f843e7dc-6843-4370-8249-d36231bd5164","type":"fetch","rationale":"Inspect an already-known source before another generic query","step":3,"t":"2026-09-17T16:18:40.041Z"}
{"level":"info","event":"action","runId":"f843e7dc-6843-4370-8249-d36231bd5164","type":"fetch","rationale":"Inspect an already-known source before another generic query","step":4,"t":"2026-09-17T16:18:40.055Z"}
{"level":"info","event":"action","runId":"f843e7dc-6843-4370-8249-d36231bd5164","type":"fetch","rationale":"Inspect an already-known source before another generic query","step":5,"t":"2026-09-17T16:18:40.066Z"}
{"level":"info","event":"action","runId":"f843e7dc-6843-4370-8249-d36231bd5164","type":"challenge","rationale":"Disconfirm material conclusion: A primary source that directly contradicts this conclusion.","step":6,"t":"2026-09-17T16:18:40.077Z"}
{"level":"info","event":"action","runId":"f843e7dc-6843-4370-8249-d36231bd5164","type":"challenge","rationale":"No counterexample found in accessed primary sources. This is not proof that the conclusion is true.","step":7,"t":"2026-09-17T16:18:40.089Z"}
{"level":"info","event":"action","runId":"f843e7dc-6843-4370-8249-d36231bd5164","type":"synthesize","rationale":"decision_critical_gaps_resolved_or_unresolvable; high-impact claims supported or qualified; contradictions handled; remaining actions low expected value","step":8,"t":"2026-09-17T16:18:40.099Z"}
 ✓ test/p0-smoke.integration.test.ts (16 tests) 8367ms
   ✓ P0 smoke against shipped API/worker/postgres > R01 already-known constraint is stored and not re-asked  656ms
   ✓ P0 smoke against shipped API/worker/postgres > R04 false premise is reported and not invented  508ms
   ✓ P0 smoke against shipped API/worker/postgres > R05 source duplication clusters five reprints as one origin  573ms
   ✓ P0 smoke against shipped API/worker/postgres > R09 justified pivot opens a population-relevant source  599ms
   ✓ P0 smoke against shipped API/worker/postgres > R13 diminishing returns stops instead of exhausting a quota  500ms
   ✓ P0 smoke against shipped API/worker/postgres > E01 unknown citation ID blocks publication  531ms
   ✓ P0 smoke against shipped API/worker/postgres > E02 non-supporting citation is flagged  570ms
   ✓ P0 smoke against shipped API/worker/postgres > J03 crash after fetch recovers evidence without double settlement  553ms
   ✓ P0 smoke against shipped API/worker/postgres > J05 / V2-07 cancel during writing rejects late publication  352ms
   ✓ P0 smoke against shipped API/worker/postgres > S01 prompt injection cannot authorize tools or reveal keys  463ms
   ✓ P0 smoke against shipped API/worker/postgres > S09 deletion during run purges derived text and blocks resurrection  410ms
   ✓ P0 smoke against shipped API/worker/postgres > V2-08 stale worker lease cannot publish  337ms
   ✓ P0 smoke against shipped API/worker/postgres > correction reopens discovery when a hard budget constraint is relaxed  868ms
   ✓ P0 smoke against shipped API/worker/postgres > S05 private attachment canary is not copied into a public search query  514ms
   ✓ P0 smoke against shipped API/worker/postgres > GET events and report citations resolve to stored evidence IDs  549ms
{"level":"info","event":"action","runId":"3fb3975e-b6eb-4e17-a1ec-eadd42779ae8","type":"search","rationale":"Investigate an uncovered required question","step":0,"t":"2026-09-17T16:18:41.254Z"}
{"level":"info","event":"action","runId":"3fb3975e-b6eb-4e17-a1ec-eadd42779ae8","type":"fetch","rationale":"Inspect an already-known source before another generic query","step":1,"t":"2026-09-17T16:18:41.287Z"}
{"level":"info","event":"action","runId":"3fb3975e-b6eb-4e17-a1ec-eadd42779ae8","type":"fetch","rationale":"Inspect an already-known source before another generic query","step":2,"t":"2026-09-17T16:18:41.305Z"}
{"level":"info","event":"action","runId":"3fb3975e-b6eb-4e17-a1ec-eadd42779ae8","type":"fetch","rationale":"Inspect an already-known source before another generic query","step":3,"t":"2026-09-17T16:18:41.321Z"}
{"level":"info","event":"action","runId":"3fb3975e-b6eb-4e17-a1ec-eadd42779ae8","type":"fetch","rationale":"Inspect an already-known source before another generic query","step":4,"t":"2026-09-17T16:18:41.340Z"}
{"level":"info","event":"action","runId":"3fb3975e-b6eb-4e17-a1ec-eadd42779ae8","type":"fetch","rationale":"Inspect an already-known source before another generic query","step":5,"t":"2026-09-17T16:18:41.357Z"}
{"level":"info","event":"action","runId":"3fb3975e-b6eb-4e17-a1ec-eadd42779ae8","type":"challenge","rationale":"Disconfirm material conclusion: A primary source that directly contradicts this conclusion.","step":6,"t":"2026-09-17T16:18:41.374Z"}
{"level":"info","event":"action","runId":"3fb3975e-b6eb-4e17-a1ec-eadd42779ae8","type":"challenge","rationale":"No counterexample found in accessed primary sources. This is not proof that the conclusion is true.","step":7,"t":"2026-09-17T16:18:41.393Z"}
{"level":"info","event":"action","runId":"3fb3975e-b6eb-4e17-a1ec-eadd42779ae8","type":"synthesize","rationale":"decision_critical_gaps_resolved_or_unresolvable; high-impact claims supported or qualified; contradictions handled; remaining actions low expected value","step":8,"t":"2026-09-17T16:18:41.412Z"}
{"level":"info","event":"action","runId":"2bac8ad6-bee7-4f8c-ad9e-1ad0ea5197db","type":"challenge","rationale":"Disconfirm material conclusion: A primary source that directly contradicts this conclusion.","step":0,"t":"2026-09-17T16:18:41.957Z"}
{"level":"info","event":"action","runId":"2bac8ad6-bee7-4f8c-ad9e-1ad0ea5197db","type":"fetch","rationale":"Inspect an already-known source before another generic query","step":1,"t":"2026-09-17T16:18:41.990Z"}
{"level":"info","event":"action","runId":"2bac8ad6-bee7-4f8c-ad9e-1ad0ea5197db","type":"fetch","rationale":"Inspect an already-known source before another generic query","step":2,"t":"2026-09-17T16:18:42.006Z"}
{"level":"info","event":"action","runId":"2bac8ad6-bee7-4f8c-ad9e-1ad0ea5197db","type":"fetch","rationale":"Inspect an already-known source before another generic query","step":3,"t":"2026-09-17T16:18:42.024Z"}
{"level":"info","event":"action","runId":"2bac8ad6-bee7-4f8c-ad9e-1ad0ea5197db","type":"challenge","rationale":"No counterexample found in accessed primary sources. This is not proof that the conclusion is true.","step":4,"t":"2026-09-17T16:18:42.043Z"}
{"level":"info","event":"action","runId":"2bac8ad6-bee7-4f8c-ad9e-1ad0ea5197db","type":"synthesize","rationale":"decision_critical_gaps_resolved_or_unresolvable; high-impact claims supported or qualified; contradictions handled; remaining actions low expected value","step":5,"t":"2026-09-17T16:18:42.055Z"}
{"level":"info","event":"action","runId":"804a2326-4fbd-4da0-9f2b-740bf9657afd","type":"search","rationale":"Investigate an uncovered required question","step":0,"t":"2026-09-17T16:18:42.551Z"}
{"level":"info","event":"action","runId":"804a2326-4fbd-4da0-9f2b-740bf9657afd","type":"fetch","rationale":"Inspect an already-known source before another generic query","step":1,"t":"2026-09-17T16:18:42.578Z"}
{"level":"info","event":"action","runId":"804a2326-4fbd-4da0-9f2b-740bf9657afd","type":"fetch","rationale":"Inspect an already-known source before another generic query","step":2,"t":"2026-09-17T16:18:42.592Z"}
{"level":"info","event":"action","runId":"804a2326-4fbd-4da0-9f2b-740bf9657afd","type":"fetch","rationale":"Inspect an already-known source before another generic query","step":3,"t":"2026-09-17T16:18:42.609Z"}
{"level":"info","event":"action","runId":"804a2326-4fbd-4da0-9f2b-740bf9657afd","type":"challenge","rationale":"Disconfirm material conclusion: A primary source that directly contradicts this conclusion.","step":4,"t":"2026-09-17T16:18:42.626Z"}
{"level":"info","event":"action","runId":"804a2326-4fbd-4da0-9f2b-740bf9657afd","type":"challenge","rationale":"No counterexample found in accessed primary sources. This is not proof that the conclusion is true.","step":5,"t":"2026-09-17T16:18:42.642Z"}
{"level":"info","event":"action","runId":"804a2326-4fbd-4da0-9f2b-740bf9657afd","type":"synthesize","rationale":"decision_critical_gaps_resolved_or_unresolvable; high-impact claims supported or qualified; contradictions handled; remaining actions low expected value","step":6,"t":"2026-09-17T16:18:42.651Z"}
{"level":"info","event":"action","runId":"98c9bc37-fc8e-4d7d-bce7-cb0b5b89384f","type":"challenge","rationale":"Disconfirm material conclusion: A primary source that directly contradicts this conclusion.","step":0,"t":"2026-09-17T16:18:42.911Z"}
{"level":"info","event":"action","runId":"98c9bc37-fc8e-4d7d-bce7-cb0b5b89384f","type":"fetch","rationale":"Inspect an already-known source before another generic query","step":1,"t":"2026-09-17T16:18:42.933Z"}
{"level":"info","event":"action","runId":"98c9bc37-fc8e-4d7d-bce7-cb0b5b89384f","type":"fetch","rationale":"Inspect an already-known source before another generic query","step":2,"t":"2026-09-17T16:18:42.948Z"}
{"level":"info","event":"action","runId":"98c9bc37-fc8e-4d7d-bce7-cb0b5b89384f","type":"fetch","rationale":"Inspect an already-known source before another generic query","step":3,"t":"2026-09-17T16:18:42.962Z"}
{"level":"info","event":"action","runId":"98c9bc37-fc8e-4d7d-bce7-cb0b5b89384f","type":"challenge","rationale":"No counterexample found in accessed primary sources. This is not proof that the conclusion is true.","step":4,"t":"2026-09-17T16:18:42.979Z"}
{"level":"info","event":"action","runId":"98c9bc37-fc8e-4d7d-bce7-cb0b5b89384f","type":"synthesize","rationale":"decision_critical_gaps_resolved_or_unresolvable; high-impact claims supported or qualified; contradictions handled; remaining actions low expected value","step":5,"t":"2026-09-17T16:18:42.991Z"}
{"level":"info","event":"action","runId":"a042f11d-3a28-482f-a963-f438f6bab3e9","type":"search","rationale":"Investigate an uncovered required question","step":0,"t":"2026-09-17T16:18:43.258Z"}
{"level":"info","event":"action","runId":"a042f11d-3a28-482f-a963-f438f6bab3e9","type":"fetch","rationale":"Inspect an already-known source before another generic query","step":1,"t":"2026-09-17T16:18:43.282Z"}
{"level":"info","event":"action","runId":"a042f11d-3a28-482f-a963-f438f6bab3e9","type":"fetch","rationale":"Inspect an already-known source before another generic query","step":2,"t":"2026-09-17T16:18:43.298Z"}
{"level":"info","event":"action","runId":"a042f11d-3a28-482f-a963-f438f6bab3e9","type":"fetch","rationale":"Inspect an already-known source before another generic query","step":3,"t":"2026-09-17T16:18:43.311Z"}
{"level":"info","event":"action","runId":"a042f11d-3a28-482f-a963-f438f6bab3e9","type":"challenge","rationale":"Disconfirm material conclusion: A primary source that directly contradicts this conclusion.","step":4,"t":"2026-09-17T16:18:43.328Z"}
{"level":"info","event":"action","runId":"a042f11d-3a28-482f-a963-f438f6bab3e9","type":"challenge","rationale":"No counterexample found in accessed primary sources. This is not proof that the conclusion is true.","step":5,"t":"2026-09-17T16:18:43.342Z"}
{"level":"info","event":"action","runId":"a042f11d-3a28-482f-a963-f438f6bab3e9","type":"synthesize","rationale":"decision_critical_gaps_resolved_or_unresolvable; high-impact claims supported or qualified; contradictions handled; remaining actions low expected value","step":6,"t":"2026-09-17T16:18:43.353Z"}
{"level":"info","event":"action","runId":"01243843-1c35-4ab5-acc9-1f30b79b0bb5","type":"search","rationale":"Investigate an uncovered required question","step":0,"t":"2026-09-17T16:18:43.596Z"}
{"level":"info","event":"action","runId":"01243843-1c35-4ab5-acc9-1f30b79b0bb5","type":"fetch","rationale":"Inspect an already-known source before another generic query","step":1,"t":"2026-09-17T16:18:43.628Z"}
{"level":"info","event":"action","runId":"01243843-1c35-4ab5-acc9-1f30b79b0bb5","type":"fetch","rationale":"Inspect an already-known source before another generic query","step":2,"t":"2026-09-17T16:18:43.648Z"}
{"level":"info","event":"action","runId":"01243843-1c35-4ab5-acc9-1f30b79b0bb5","type":"fetch","rationale":"Inspect an already-known source before another generic query","step":3,"t":"2026-09-17T16:18:43.663Z"}
{"level":"info","event":"action","runId":"01243843-1c35-4ab5-acc9-1f30b79b0bb5","type":"fetch","rationale":"Inspect an already-known source before another generic query","step":4,"t":"2026-09-17T16:18:43.679Z"}
{"level":"info","event":"action","runId":"01243843-1c35-4ab5-acc9-1f30b79b0bb5","type":"fetch","rationale":"Inspect an already-known source before another generic query","step":5,"t":"2026-09-17T16:18:43.691Z"}
{"level":"info","event":"action","runId":"01243843-1c35-4ab5-acc9-1f30b79b0bb5","type":"challenge","rationale":"Disconfirm material conclusion: A primary source that directly contradicts this conclusion.","step":6,"t":"2026-09-17T16:18:43.704Z"}
{"level":"info","event":"action","runId":"01243843-1c35-4ab5-acc9-1f30b79b0bb5","type":"challenge","rationale":"No counterexample found in accessed primary sources. This is not proof that the conclusion is true.","step":7,"t":"2026-09-17T16:18:43.718Z"}
{"level":"info","event":"action","runId":"01243843-1c35-4ab5-acc9-1f30b79b0bb5","type":"synthesize","rationale":"decision_critical_gaps_resolved_or_unresolvable; high-impact claims supported or qualified; contradictions handled; remaining actions low expected value","step":8,"t":"2026-09-17T16:18:43.727Z"}
{"level":"info","event":"action","runId":"5b4bea3a-3184-4085-8dfa-08f3876db875","type":"search","rationale":"Investigate an uncovered required question","step":0,"t":"2026-09-17T16:18:44.168Z"}
{"level":"info","event":"action","runId":"5b4bea3a-3184-4085-8dfa-08f3876db875","type":"fetch","rationale":"Inspect an already-known source before another generic query","step":1,"t":"2026-09-17T16:18:44.190Z"}
{"level":"info","event":"action","runId":"5b4bea3a-3184-4085-8dfa-08f3876db875","type":"fetch","rationale":"Inspect an already-known source before another generic query","step":2,"t":"2026-09-17T16:18:44.203Z"}
{"level":"info","event":"action","runId":"5b4bea3a-3184-4085-8dfa-08f3876db875","type":"fetch","rationale":"Inspect an already-known source before another generic query","step":3,"t":"2026-09-17T16:18:44.216Z"}
{"level":"info","event":"action","runId":"5b4bea3a-3184-4085-8dfa-08f3876db875","type":"fetch","rationale":"Inspect an already-known source before another generic query","step":4,"t":"2026-09-17T16:18:44.230Z"}
{"level":"info","event":"action","runId":"5b4bea3a-3184-4085-8dfa-08f3876db875","type":"fetch","rationale":"Inspect an already-known source before another generic query","step":5,"t":"2026-09-17T16:18:44.247Z"}
{"level":"info","event":"action","runId":"5b4bea3a-3184-4085-8dfa-08f3876db875","type":"challenge","rationale":"Disconfirm material conclusion: A primary source that directly contradicts this conclusion.","step":6,"t":"2026-09-17T16:18:44.260Z"}
{"level":"info","event":"action","runId":"5b4bea3a-3184-4085-8dfa-08f3876db875","type":"challenge","rationale":"No counterexample found in accessed primary sources. This is not proof that the conclusion is true.","step":7,"t":"2026-09-17T16:18:44.277Z"}
{"level":"info","event":"action","runId":"5b4bea3a-3184-4085-8dfa-08f3876db875","type":"synthesize","rationale":"decision_critical_gaps_resolved_or_unresolvable; high-impact claims supported or qualified; contradictions handled; remaining actions low expected value","step":8,"t":"2026-09-17T16:18:44.289Z"}
{"level":"info","event":"action","runId":"50368a6c-8c4b-44a7-ba8d-e7dbd8653a5c","type":"search","rationale":"Investigate an uncovered required question","step":0,"t":"2026-09-17T16:18:44.734Z"}
{"level":"info","event":"action","runId":"50368a6c-8c4b-44a7-ba8d-e7dbd8653a5c","type":"fetch","rationale":"Inspect an already-known source before another generic query","step":1,"t":"2026-09-17T16:18:44.758Z"}
{"level":"info","event":"action","runId":"50368a6c-8c4b-44a7-ba8d-e7dbd8653a5c","type":"fetch","rationale":"Inspect an already-known source before another generic query","step":2,"t":"2026-09-17T16:18:44.770Z"}
{"level":"info","event":"action","runId":"50368a6c-8c4b-44a7-ba8d-e7dbd8653a5c","type":"fetch","rationale":"Inspect an already-known source before another generic query","step":3,"t":"2026-09-17T16:18:44.782Z"}
{"level":"info","event":"action","runId":"50368a6c-8c4b-44a7-ba8d-e7dbd8653a5c","type":"challenge","rationale":"Disconfirm material conclusion: A primary source that directly contradicts this conclusion.","step":4,"t":"2026-09-17T16:18:44.798Z"}
{"level":"info","event":"action","runId":"50368a6c-8c4b-44a7-ba8d-e7dbd8653a5c","type":"challenge","rationale":"No counterexample found in accessed primary sources. This is not proof that the conclusion is true.","step":5,"t":"2026-09-17T16:18:44.810Z"}
{"level":"info","event":"action","runId":"50368a6c-8c4b-44a7-ba8d-e7dbd8653a5c","type":"synthesize","rationale":"decision_critical_gaps_resolved_or_unresolvable; high-impact claims supported or qualified; contradictions handled; remaining actions low expected value","step":6,"t":"2026-09-17T16:18:44.820Z"}
{"level":"info","event":"action","runId":"796960f4-312f-4563-92e3-625522633466","type":"search","rationale":"Investigate an uncovered required question","step":0,"t":"2026-09-17T16:18:45.071Z"}
{"level":"info","event":"action","runId":"796960f4-312f-4563-92e3-625522633466","type":"fetch","rationale":"Inspect an already-known source before another generic query","step":1,"t":"2026-09-17T16:18:45.092Z"}
{"level":"info","event":"action","runId":"796960f4-312f-4563-92e3-625522633466","type":"fetch","rationale":"Inspect an already-known source before another generic query","step":2,"t":"2026-09-17T16:18:45.105Z"}
{"level":"info","event":"action","runId":"796960f4-312f-4563-92e3-625522633466","type":"fetch","rationale":"Inspect an already-known source before another generic query","step":3,"t":"2026-09-17T16:18:45.118Z"}
{"level":"info","event":"action","runId":"796960f4-312f-4563-92e3-625522633466","type":"challenge","rationale":"Disconfirm material conclusion: A primary source that directly contradicts this conclusion.","step":4,"t":"2026-09-17T16:18:45.133Z"}
{"level":"info","event":"action","runId":"796960f4-312f-4563-92e3-625522633466","type":"challenge","rationale":"No counterexample found in accessed primary sources. This is not proof that the conclusion is true.","step":5,"t":"2026-09-17T16:18:45.146Z"}
{"level":"info","event":"action","runId":"796960f4-312f-4563-92e3-625522633466","type":"synthesize","rationale":"decision_critical_gaps_resolved_or_unresolvable; high-impact claims supported or qualified; contradictions handled; remaining actions low expected value","step":6,"t":"2026-09-17T16:18:45.156Z"}
 ✓ test/g01-g02.integration.test.ts (9 tests) 4384ms
   ✓ G01 safety policy > G01-cross-user: another account cannot read run, events, report, source, export, or mutate  744ms
   ✓ G01 safety policy > G01-private-to-public: attachment canary is stored as evidence and omitted from search queries  587ms
   ✓ G01 safety policy > G01-consent: missing, declined, and revoked consent cannot start or continue processing  389ms
   ✓ G01 safety policy > G01-deletion: derived text is purged and a late worker cannot resurrect it  356ms
   ✓ G02 engineering requirement > G02-unknown-citation: invented passage IDs cannot publish  326ms
   ✓ G02 engineering requirement > G02-lost-run: an accepted create remains recoverable from the server after the client drops state  570ms
   ✓ G02 engineering requirement > G02-duplicate-debit: replayed completion and idempotent create settle once  566ms
   ✓ G02 engineering requirement > G02-stale-revision: obsolete brief, evidence, or lease cannot publish  350ms
   ✓ G02 engineering requirement > G02-cancel-writing: cancel during writing rejects late publication  332ms
{"level":"info","event":"action","runId":"183fa007-be40-4512-bf41-469ae8814dda","type":"search","rationale":"Investigate an uncovered required question","step":0,"t":"2026-09-17T16:18:46.045Z"}
{"level":"info","event":"action","runId":"183fa007-be40-4512-bf41-469ae8814dda","type":"stop","rationale":"action type reveal_keys is not a permitted research action","step":1,"t":"2026-09-17T16:18:46.072Z"}
{"level":"info","event":"action","runId":"361a7883-92b6-4637-9bc7-d6b0fda79f76","type":"search","rationale":"Investigate an uncovered required question","step":0,"t":"2026-09-17T16:18:46.528Z"}
{"level":"info","event":"action","runId":"361a7883-92b6-4637-9bc7-d6b0fda79f76","type":"search","rationale":"Decision-blocking gap: authoritative compatibility limitation. Switching source type to vendor-matrix.","step":1,"t":"2026-09-17T16:18:46.554Z"}
{"level":"info","event":"action","runId":"361a7883-92b6-4637-9bc7-d6b0fda79f76","type":"fetch","rationale":"Inspect the preferred source type (vendor-matrix) before more weak sources","step":2,"t":"2026-09-17T16:18:46.573Z"}
{"level":"info","event":"action","runId":"361a7883-92b6-4637-9bc7-d6b0fda79f76","type":"fetch","rationale":"Inspect an already-known source before another generic query","step":3,"t":"2026-09-17T16:18:46.594Z"}
{"level":"info","event":"action","runId":"361a7883-92b6-4637-9bc7-d6b0fda79f76","type":"fetch","rationale":"Inspect an already-known source before another generic query","step":4,"t":"2026-09-17T16:18:46.611Z"}
{"level":"info","event":"action","runId":"361a7883-92b6-4637-9bc7-d6b0fda79f76","type":"fetch","rationale":"Inspect an already-known source before another generic query","step":5,"t":"2026-09-17T16:18:46.626Z"}
{"level":"info","event":"action","runId":"361a7883-92b6-4637-9bc7-d6b0fda79f76","type":"verify","rationale":"Scope-check contradiction on compatibility before treating newest as correct","step":6,"t":"2026-09-17T16:18:46.641Z"}
{"level":"info","event":"action","runId":"361a7883-92b6-4637-9bc7-d6b0fda79f76","type":"challenge","rationale":"Disconfirm material conclusion: Official compatibility documentation that lists the named version as supported.","step":7,"t":"2026-09-17T16:18:46.657Z"}
{"level":"info","event":"action","runId":"361a7883-92b6-4637-9bc7-d6b0fda79f76","type":"challenge","rationale":"No counterexample found in accessed primary sources. This is not proof that the conclusion is true.","step":8,"t":"2026-09-17T16:18:46.682Z"}
{"level":"info","event":"action","runId":"361a7883-92b6-4637-9bc7-d6b0fda79f76","type":"synthesize","rationale":"decision_critical_gaps_resolved_or_unresolvable; high-impact claims supported or qualified; contradictions handled; remaining actions low expected value","step":9,"t":"2026-09-17T16:18:46.701Z"}
{"level":"info","event":"action","runId":"a55d9b84-3e2b-45e4-9cba-64db65287ef0","type":"search","rationale":"Investigate an uncovered required question","step":0,"t":"2026-09-17T16:18:47.190Z"}
{"level":"info","event":"action","runId":"a55d9b84-3e2b-45e4-9cba-64db65287ef0","type":"fetch","rationale":"Inspect an already-known source before another generic query","step":1,"t":"2026-09-17T16:18:47.215Z"}
{"level":"info","event":"action","runId":"a55d9b84-3e2b-45e4-9cba-64db65287ef0","type":"fetch","rationale":"Inspect an already-known source before another generic query","step":2,"t":"2026-09-17T16:18:47.230Z"}
{"level":"info","event":"action","runId":"a55d9b84-3e2b-45e4-9cba-64db65287ef0","type":"fetch","rationale":"Inspect an already-known source before another generic query","step":3,"t":"2026-09-17T16:18:47.245Z"}
{"level":"info","event":"action","runId":"a55d9b84-3e2b-45e4-9cba-64db65287ef0","type":"challenge","rationale":"Disconfirm material conclusion: A primary source that directly contradicts this conclusion.","step":4,"t":"2026-09-17T16:18:47.265Z"}
{"level":"info","event":"action","runId":"a55d9b84-3e2b-45e4-9cba-64db65287ef0","type":"challenge","rationale":"No counterexample found in accessed primary sources. This is not proof that the conclusion is true.","step":5,"t":"2026-09-17T16:18:47.281Z"}
{"level":"info","event":"action","runId":"a55d9b84-3e2b-45e4-9cba-64db65287ef0","type":"synthesize","rationale":"decision_critical_gaps_resolved_or_unresolvable; high-impact claims supported or qualified; contradictions handled; remaining actions low expected value","step":6,"t":"2026-09-17T16:18:47.293Z"}
{"level":"info","event":"action","runId":"bfdf6ef9-9bdf-4621-9ea0-e862add69f02","type":"search","rationale":"Investigate an uncovered required question","step":0,"t":"2026-09-17T16:18:47.770Z"}
{"level":"info","event":"action","runId":"bfdf6ef9-9bdf-4621-9ea0-e862add69f02","type":"search","rationale":"Investigate an uncovered required question","step":1,"t":"2026-09-17T16:18:47.799Z"}
{"level":"info","event":"action","runId":"bfdf6ef9-9bdf-4621-9ea0-e862add69f02","type":"stop","rationale":"Repeated searches returned no novel source family or coverage progress","step":2,"t":"2026-09-17T16:18:47.816Z"}
 ✓ test/controller-admission.integration.test.ts (5 tests) 2611ms
   ✓ controller admission on the fixture worker path > rejects injected privileged proposals and still inspects remaining sources  561ms
   ✓ controller admission on the fixture worker path > records a source-type pivot and stop reason for a compatibility gap  659ms
   ✓ controller admission on the fixture worker path > unknown-dependency correction forces a full rerun  577ms
   ✓ controller admission on the fixture worker path > processRun records an issued live intent before the provider call for a well-formed search  480ms
{"level":"info","event":"action","runId":"486c3f12-0bc8-4c03-99df-b2c8117a07b5","type":"challenge","rationale":"Disconfirm material conclusion: A primary source that directly contradicts this conclusion.","step":0,"t":"2026-09-17T16:18:48.894Z"}
{"level":"info","event":"action","runId":"486c3f12-0bc8-4c03-99df-b2c8117a07b5","type":"fetch","rationale":"Inspect an already-known source before another generic query","step":1,"t":"2026-09-17T16:18:48.928Z"}
{"level":"info","event":"action","runId":"486c3f12-0bc8-4c03-99df-b2c8117a07b5","type":"fetch","rationale":"Inspect an already-known source before another generic query","step":2,"t":"2026-09-17T16:18:48.950Z"}
{"level":"info","event":"action","runId":"486c3f12-0bc8-4c03-99df-b2c8117a07b5","type":"fetch","rationale":"Inspect an already-known source before another generic query","step":3,"t":"2026-09-17T16:18:48.966Z"}
{"level":"info","event":"action","runId":"486c3f12-0bc8-4c03-99df-b2c8117a07b5","type":"challenge","rationale":"Disconfirm material conclusion: A primary source that directly contradicts this conclusion.","step":4,"t":"2026-09-17T16:18:48.989Z"}
{"level":"info","event":"action","runId":"486c3f12-0bc8-4c03-99df-b2c8117a07b5","type":"challenge","rationale":"Disconfirm material conclusion: A primary source that directly contradicts this conclusion.","step":5,"t":"2026-09-17T16:18:49.006Z"}
{"level":"info","event":"action","runId":"486c3f12-0bc8-4c03-99df-b2c8117a07b5","type":"challenge","rationale":"Disconfirm material conclusion: A primary source that directly contradicts this conclusion.","step":6,"t":"2026-09-17T16:18:49.023Z"}
{"level":"info","event":"action","runId":"486c3f12-0bc8-4c03-99df-b2c8117a07b5","type":"challenge","rationale":"Disconfirm material conclusion: A primary source that directly contradicts this conclusion.","step":7,"t":"2026-09-17T16:18:49.041Z"}
{"level":"info","event":"action","runId":"486c3f12-0bc8-4c03-99df-b2c8117a07b5","type":"challenge","rationale":"Disconfirm material conclusion: A primary source that directly contradicts this conclusion.","step":8,"t":"2026-09-17T16:18:49.059Z"}
{"level":"info","event":"action","runId":"486c3f12-0bc8-4c03-99df-b2c8117a07b5","type":"challenge","rationale":"Disconfirm material conclusion: A primary source that directly contradicts this conclusion.","step":9,"t":"2026-09-17T16:18:49.079Z"}
{"level":"info","event":"action","runId":"486c3f12-0bc8-4c03-99df-b2c8117a07b5","type":"challenge","rationale":"Disconfirm material conclusion: A primary source that directly contradicts this conclusion.","step":10,"t":"2026-09-17T16:18:49.098Z"}
{"level":"info","event":"action","runId":"486c3f12-0bc8-4c03-99df-b2c8117a07b5","type":"challenge","rationale":"No counterexample found in accessed primary sources. This is not proof that the conclusion is true.","step":11,"t":"2026-09-17T16:18:49.118Z"}
{"level":"info","event":"action","runId":"486c3f12-0bc8-4c03-99df-b2c8117a07b5","type":"stop","rationale":"Repeated searches returned no novel source family or coverage progress","step":12,"t":"2026-09-17T16:18:49.132Z"}
{"level":"info","event":"action","runId":"3da8e39f-50ac-4a8a-9d7b-491efeb3917b","type":"search","rationale":"Investigate an uncovered required question","step":0,"t":"2026-09-17T16:18:49.427Z"}
{"level":"info","event":"action","runId":"3da8e39f-50ac-4a8a-9d7b-491efeb3917b","type":"fetch","rationale":"Inspect an already-known source before another generic query","step":1,"t":"2026-09-17T16:18:49.455Z"}
{"level":"info","event":"action","runId":"3da8e39f-50ac-4a8a-9d7b-491efeb3917b","type":"fetch","rationale":"Inspect an already-known source before another generic query","step":2,"t":"2026-09-17T16:18:49.469Z"}
{"level":"info","event":"action","runId":"3da8e39f-50ac-4a8a-9d7b-491efeb3917b","type":"fetch","rationale":"Inspect an already-known source before another generic query","step":3,"t":"2026-09-17T16:18:49.485Z"}
{"level":"info","event":"action","runId":"3da8e39f-50ac-4a8a-9d7b-491efeb3917b","type":"challenge","rationale":"Disconfirm material conclusion: A primary source that directly contradicts this conclusion.","step":4,"t":"2026-09-17T16:18:49.504Z"}
{"level":"info","event":"action","runId":"3da8e39f-50ac-4a8a-9d7b-491efeb3917b","type":"challenge","rationale":"No counterexample found in accessed primary sources. This is not proof that the conclusion is true.","step":5,"t":"2026-09-17T16:18:49.518Z"}
{"level":"info","event":"action","runId":"3da8e39f-50ac-4a8a-9d7b-491efeb3917b","type":"synthesize","rationale":"decision_critical_gaps_resolved_or_unresolvable; high-impact claims supported or qualified; contradictions handled; remaining actions low expected value","step":6,"t":"2026-09-17T16:18:49.530Z"}
 ✓ test/v6-deletion.integration.test.ts (9 tests) 1257ms
   ✓ W03 deletion removes raw attachments and private text from every owned research store  503ms
{"level":"info","event":"action","runId":"f694fe54-d42c-46fb-814f-e58d3ad3473d","type":"search","rationale":"Investigate an uncovered required question","step":0,"t":"2026-09-17T16:18:50.756Z"}
{"level":"info","event":"action","runId":"f694fe54-d42c-46fb-814f-e58d3ad3473d","type":"fetch","rationale":"Inspect an already-known source before another generic query","step":0,"t":"2026-09-17T16:18:50.812Z"}
{"level":"info","event":"action","runId":"f694fe54-d42c-46fb-814f-e58d3ad3473d","type":"fetch","rationale":"Inspect an already-known source before another generic query","step":1,"t":"2026-09-17T16:18:50.830Z"}
{"level":"info","event":"action","runId":"f694fe54-d42c-46fb-814f-e58d3ad3473d","type":"fetch","rationale":"Inspect an already-known source before another generic query","step":2,"t":"2026-09-17T16:18:50.848Z"}
{"level":"info","event":"action","runId":"f694fe54-d42c-46fb-814f-e58d3ad3473d","type":"challenge","rationale":"Disconfirm material conclusion: A primary source that directly contradicts this conclusion.","step":3,"t":"2026-09-17T16:18:50.869Z"}
{"level":"info","event":"action","runId":"f694fe54-d42c-46fb-814f-e58d3ad3473d","type":"challenge","rationale":"No counterexample found in accessed primary sources. This is not proof that the conclusion is true.","step":4,"t":"2026-09-17T16:18:50.888Z"}
{"level":"info","event":"action","runId":"f694fe54-d42c-46fb-814f-e58d3ad3473d","type":"synthesize","rationale":"decision_critical_gaps_resolved_or_unresolvable; high-impact claims supported or qualified; contradictions handled; remaining actions low expected value","step":5,"t":"2026-09-17T16:18:50.902Z"}
{"level":"info","event":"action","runId":"f2b95dea-de1c-4b4f-a1bc-371e9a520283","type":"search","rationale":"Investigate an uncovered required question","step":0,"t":"2026-09-17T16:18:51.393Z"}
{"level":"info","event":"action","runId":"f2b95dea-de1c-4b4f-a1bc-371e9a520283","type":"fetch","rationale":"Inspect an already-known source before another generic query","step":1,"t":"2026-09-17T16:18:51.419Z"}
{"level":"info","event":"action","runId":"f2b95dea-de1c-4b4f-a1bc-371e9a520283","type":"fetch","rationale":"Inspect an already-known source before another generic query","step":2,"t":"2026-09-17T16:18:51.433Z"}
{"level":"info","event":"action","runId":"f2b95dea-de1c-4b4f-a1bc-371e9a520283","type":"fetch","rationale":"Inspect an already-known source before another generic query","step":3,"t":"2026-09-17T16:18:51.449Z"}
{"level":"info","event":"action","runId":"f2b95dea-de1c-4b4f-a1bc-371e9a520283","type":"challenge","rationale":"Disconfirm material conclusion: A primary source that directly contradicts this conclusion.","step":4,"t":"2026-09-17T16:18:51.467Z"}
{"level":"info","event":"action","runId":"f2b95dea-de1c-4b4f-a1bc-371e9a520283","type":"challenge","rationale":"No counterexample found in accessed primary sources. This is not proof that the conclusion is true.","step":5,"t":"2026-09-17T16:18:51.482Z"}
{"level":"info","event":"action","runId":"f2b95dea-de1c-4b4f-a1bc-371e9a520283","type":"synthesize","rationale":"decision_critical_gaps_resolved_or_unresolvable; high-impact claims supported or qualified; contradictions handled; remaining actions low expected value","step":6,"t":"2026-09-17T16:18:51.493Z"}
{"level":"info","event":"action","runId":"f2b95dea-de1c-4b4f-a1bc-371e9a520283","type":"synthesize","rationale":"decision_critical_gaps_resolved_or_unresolvable; high-impact claims supported or qualified; contradictions handled; remaining actions low expected value","step":0,"t":"2026-09-17T16:18:51.707Z"}
 ✓ test/p4-recovery.integration.test.ts (2 tests) 1631ms
   ✓ P4 recovery drill against shipped worker/Postgres > crash after fetch: evidence kept, live lease not stolen, expired lease recovered without double-settle  688ms
   ✓ P4 recovery drill against shipped worker/Postgres > crash before publish then expired-lease failover: one report and one settlement  776ms
{"level":"info","event":"action","runId":"7e6162cc-8905-4fb3-9b89-80e5c95090a3","type":"search","rationale":"Investigate an uncovered required question","step":0,"t":"2026-09-17T16:18:53.034Z"}
{"level":"info","event":"action","runId":"7e6162cc-8905-4fb3-9b89-80e5c95090a3","type":"fetch","rationale":"Inspect an already-known source before another generic query","step":1,"t":"2026-09-17T16:18:53.067Z"}
{"level":"info","event":"action","runId":"7e6162cc-8905-4fb3-9b89-80e5c95090a3","type":"fetch","rationale":"Inspect an already-known source before another generic query","step":2,"t":"2026-09-17T16:18:53.085Z"}
{"level":"info","event":"action","runId":"7e6162cc-8905-4fb3-9b89-80e5c95090a3","type":"fetch","rationale":"Inspect an already-known source before another generic query","step":3,"t":"2026-09-17T16:18:53.102Z"}
{"level":"info","event":"action","runId":"7e6162cc-8905-4fb3-9b89-80e5c95090a3","type":"fetch","rationale":"Inspect an already-known source before another generic query","step":4,"t":"2026-09-17T16:18:53.120Z"}
{"level":"info","event":"action","runId":"7e6162cc-8905-4fb3-9b89-80e5c95090a3","type":"fetch","rationale":"Inspect an already-known source before another generic query","step":5,"t":"2026-09-17T16:18:53.134Z"}
{"level":"info","event":"action","runId":"7e6162cc-8905-4fb3-9b89-80e5c95090a3","type":"challenge","rationale":"Disconfirm material conclusion: A primary source that directly contradicts this conclusion.","step":6,"t":"2026-09-17T16:18:53.155Z"}
{"level":"info","event":"action","runId":"7e6162cc-8905-4fb3-9b89-80e5c95090a3","type":"challenge","rationale":"No counterexample found in accessed primary sources. This is not proof that the conclusion is true.","step":7,"t":"2026-09-17T16:18:53.172Z"}
{"level":"info","event":"action","runId":"7e6162cc-8905-4fb3-9b89-80e5c95090a3","type":"synthesize","rationale":"decision_critical_gaps_resolved_or_unresolvable; high-impact claims supported or qualified; contradictions handled; remaining actions low expected value","step":8,"t":"2026-09-17T16:18:53.186Z"}
 ✓ test/g07-output.integration.test.ts (3 tests) 1281ms
   ✓ G07 / M10 in-app output reporting and privacy disclosure > M10 includeExcerpt stores owned answer text; omitting it stores no excerpt; other accounts are denied  708ms
{"level":"info","event":"action","runId":"2ae4cec2-8692-4750-b4da-3dcfef8ea59e","type":"search","rationale":"Investigate an uncovered required question","step":0,"t":"2026-09-17T16:18:54.722Z"}
{"level":"info","event":"action","runId":"2ae4cec2-8692-4750-b4da-3dcfef8ea59e","type":"fetch","rationale":"Inspect an already-known source before another generic query","step":1,"t":"2026-09-17T16:18:54.757Z"}
{"level":"info","event":"action","runId":"2ae4cec2-8692-4750-b4da-3dcfef8ea59e","type":"fetch","rationale":"Inspect an already-known source before another generic query","step":2,"t":"2026-09-17T16:18:54.775Z"}
{"level":"info","event":"action","runId":"2ae4cec2-8692-4750-b4da-3dcfef8ea59e","type":"fetch","rationale":"Inspect an already-known source before another generic query","step":3,"t":"2026-09-17T16:18:54.793Z"}
{"level":"info","event":"action","runId":"2ae4cec2-8692-4750-b4da-3dcfef8ea59e","type":"challenge","rationale":"Disconfirm material conclusion: A primary source that directly contradicts this conclusion.","step":4,"t":"2026-09-17T16:18:54.813Z"}
{"level":"info","event":"action","runId":"2ae4cec2-8692-4750-b4da-3dcfef8ea59e","type":"challenge","rationale":"No counterexample found in accessed primary sources. This is not proof that the conclusion is true.","step":5,"t":"2026-09-17T16:18:54.831Z"}
{"level":"info","event":"action","runId":"2ae4cec2-8692-4750-b4da-3dcfef8ea59e","type":"synthesize","rationale":"decision_critical_gaps_resolved_or_unresolvable; high-impact claims supported or qualified; contradictions handled; remaining actions low expected value","step":6,"t":"2026-09-17T16:18:54.845Z"}
 ✓ test/g06-cost.integration.test.ts (2 tests) 1065ms
   ✓ G06 local capability probe and measured fixture cost > GET /v1/runs/:id/cost reconciles spent_micro to fixture intents and denies other accounts  657ms
 ✓ test/v6-execution.integration.test.ts (9 tests) 464ms
 ✓ test/v6-publication.integration.test.ts (19 tests) 341ms
 ✓ test/v6-ingestion.integration.test.ts (1 test) 109ms
 ✓ test/pinned-http.integration.test.ts (3 tests) 84ms

 Test Files  13 passed (13)
      Tests  148 passed (148)
   Start at  10:17:44
   Duration  72.72s (transform 1.32s, setup 0ms, collect 4.07s, tests 66.03s, environment 3ms, prepare 945ms)

