
> deep-research-mobile@0.1.0 test:integration /home/oranolio/Desktop/Deep
> pnpm --filter @deep/backend test:integration


> @deep/backend@0.1.0 test:integration /home/oranolio/Desktop/Deep/apps/backend
> vitest run --config vitest.integration.config.ts


 RUN  v3.2.7 /home/oranolio/Desktop/Deep/apps/backend

 ✓ test/model-gateway.integration.test.ts (90 tests) 71644ms
   ✓ W05 durable versioned research task > allocates distinct task identities for identical questions in separate accounts  364ms
   ✓ W05 evidence-bound arbitrary assertion extraction > rejects another account's actual passage before any extraction request  399ms
   ✓ W05 evidence-bound arbitrary assertion extraction > rejects stale source digests and corrupted input manifests  335ms
   ✓ W05 substantive support execution and persisted revisions > performs and stores scoped checks with stable claim revisions on replay  609ms
   ✓ W05 substantive support execution and persisted revisions > persists a deterministic veto when the model approves changed units  417ms
   ✓ W05 substantive support execution and persisted revisions > records uncertainty instead of turning missing evidence into full support  360ms
   ✓ W05 substantive support execution and persisted revisions > rejects missing bindings without a support record  423ms
   ✓ W05 substantive support execution and persisted revisions > rejects changed evidence basis instead of checking old assertions as current  326ms
   ✓ W05 substantive support execution and persisted revisions > does not reuse corrupted claim revisions or support receipts  845ms
   ✓ W05 substantive support execution and persisted revisions > purges scoped assertions and support results on deletion  552ms
   ✓ W01/W05 scoped support at the real publication gate > publishes a checked paraphrase and preserves canonical assertion identity on reopen  538ms
   ✓ W01/W05 scoped support at the real publication gate > does not fall back to literal support when a managed assertion is partial  732ms
   ✓ W01/W05 scoped support at the real publication gate > rejects stale support even if the caller updates the report's revision  521ms
   ✓ W01/W05 scoped support at the real publication gate > rejects altered assertion text and unmapped extra prose  712ms
   ✓ W01/W05 scoped support at the real publication gate > rejects a missing stored check despite a caller-supplied approval object  445ms
   ✓ W01/W05 scoped support at the real publication gate > refuses corrupted persisted checks instead of trusting an approval flag  602ms
   ✓ W05 generic writer, exact final wording and canonical publication > writes changed prose, checks it separately, publishes and reopens its premise lineage  2728ms
   ✓ W05 generic writer, exact final wording and canonical publication > keeps supported synthesis while blocking a made-up heading, paragraph and limitation  2786ms
   ✓ W05 generic writer, exact final wording and canonical publication > reuses a durable draft after restart without another writer request  1295ms
   ✓ W05 generic writer, exact final wording and canonical publication > rejects invented premise keys and publishes no report  720ms
   ✓ W05 generic writer, exact final wording and canonical publication > blocks an oversized final assertion set without truncation or a second paid attempt  805ms
   ✓ W05 generic writer, exact final wording and canonical publication > rejects draft self-reference before dispatch  848ms
   ✓ W05 generic writer, exact final wording and canonical publication > purges drafts and composed claim text on account deletion  2825ms
   ✓ W05 generic writer, exact final wording and canonical publication > adds a new checker result without overwriting an older version or paying again  726ms
   ✓ W05 durable criterion coverage review > executes review once, stores exact claim revisions and revalidates replay  1670ms
   ✓ W05 durable criterion coverage review > vetoes supported coverage when named assertions failed substantive checks  859ms
   ✓ W05 durable criterion coverage review > rejects missing question reviews without recording coverage  670ms
   ✓ W05 durable criterion coverage review > rejects changed evidence before saving coverage while retaining cost  536ms
   ✓ W05 durable criterion coverage review > purges saved coverage on account deletion  700ms
   ✓ W05 report completion requires exact final coverage > completes and reopens a report only after final assertion coverage executes  5647ms
   ✓ W05 report completion requires exact final coverage > does not publish when the required review returns invalid output  1527ms
   ✓ W05 publication rejects a forged complete outcome without a review while preserving limited publication  971ms
   ✓ W05 structured services through production processRun > runs arbitrary evidence through criteria, extraction, substantive checks and cited publication  4143ms
   ✓ W05 structured services through production processRun > does not turn a failed assertion into a verified event or template report  1341ms
   ✓ W05 structured services through production processRun > keeps unavailable discovery explicit without fixture source injection  300ms
   ✓ W05 structured writing pause supports resume without repeating evidence work  3759ms
   ✓ W05 structured writing pause supports cancel without repeating evidence work  1061ms
   ✓ W02/W05 durable pinned public discovery > revalidates saved receipt and purges discovery output on deletion  348ms
   ✓ W02/W05 durable pinned public discovery > late deletion retains actual cost but discards search content  346ms
   ✓ W04/W05 durable discovered source reading > persists read provenance once and reuses the exact version  324ms
   ✓ W04/W05 durable discovered source reading > rejects unknown source handles and invalid question bindings before network  329ms
   ✓ W04/W05 durable discovered source reading > does not repeat an in-flight read or hold database locks during it  377ms
   ✓ W04/W05 durable discovered source reading > discards late content after delete  357ms
   ✓ W04/W05 durable discovered source reading > discards late content after change  346ms
   ✓ W04/W05 durable discovered source reading > production worker reads discovered evidence; readable=true  4142ms
   ✓ W04/W05 durable discovered source reading > production worker reads discovered evidence; readable=false  321ms
   ✓ W05 unresolved criteria trigger a distinct public query and rechecked synthesis  4168ms
   ✓ W06 immutable correction evidence membership > reuses exact passage/version identities but recomputes child claims through production worker  3603ms
   ✓ W06 fresh cited versions change evidence without claiming changed assertion wording  3680ms
   ✓ W06 missing parent publication cannot produce an unchanged comparison  1617ms
{"level":"info","event":"action","runId":"9fb14a80-d39d-4358-83f3-3e4fe8f0066c","type":"search","rationale":"Investigate an uncovered required question","step":0,"t":"2026-09-17T21:45:29.784Z"}
{"level":"info","event":"action","runId":"9fb14a80-d39d-4358-83f3-3e4fe8f0066c","type":"fetch","rationale":"Inspect an already-known source before another generic query","step":1,"t":"2026-09-17T21:45:29.831Z"}
{"level":"info","event":"action","runId":"9fb14a80-d39d-4358-83f3-3e4fe8f0066c","type":"fetch","rationale":"Inspect an already-known source before another generic query","step":2,"t":"2026-09-17T21:45:29.855Z"}
{"level":"info","event":"action","runId":"9fb14a80-d39d-4358-83f3-3e4fe8f0066c","type":"fetch","rationale":"Inspect an already-known source before another generic query","step":3,"t":"2026-09-17T21:45:29.877Z"}
{"level":"info","event":"action","runId":"9fb14a80-d39d-4358-83f3-3e4fe8f0066c","type":"challenge","rationale":"Disconfirm material conclusion: A primary source that directly contradicts this conclusion.","step":4,"t":"2026-09-17T21:45:29.908Z"}
{"level":"info","event":"action","runId":"9fb14a80-d39d-4358-83f3-3e4fe8f0066c","type":"challenge","rationale":"No counterexample found in accessed primary sources. This is not proof that the conclusion is true.","step":5,"t":"2026-09-17T21:45:29.933Z"}
{"level":"info","event":"action","runId":"9fb14a80-d39d-4358-83f3-3e4fe8f0066c","type":"synthesize","rationale":"decision_critical_gaps_resolved_or_unresolvable; high-impact claims supported or qualified; contradictions handled; remaining actions low expected value","step":6,"t":"2026-09-17T21:45:29.951Z"}
{"level":"info","event":"action","runId":"74e18c06-021b-4d7a-abd4-a0f00f40667a","type":"search","rationale":"Investigate an uncovered required question","step":0,"t":"2026-09-17T21:45:30.572Z"}
{"level":"info","event":"action","runId":"74e18c06-021b-4d7a-abd4-a0f00f40667a","type":"fetch","rationale":"Inspect an already-known source before another generic query","step":1,"t":"2026-09-17T21:45:30.598Z"}
{"level":"info","event":"action","runId":"74e18c06-021b-4d7a-abd4-a0f00f40667a","type":"fetch","rationale":"Inspect an already-known source before another generic query","step":2,"t":"2026-09-17T21:45:30.616Z"}
{"level":"info","event":"action","runId":"74e18c06-021b-4d7a-abd4-a0f00f40667a","type":"challenge","rationale":"Disconfirm material conclusion: A primary source that directly contradicts this conclusion.","step":3,"t":"2026-09-17T21:45:30.637Z"}
{"level":"info","event":"action","runId":"74e18c06-021b-4d7a-abd4-a0f00f40667a","type":"challenge","rationale":"No counterexample found in accessed primary sources. This is not proof that the conclusion is true.","step":4,"t":"2026-09-17T21:45:30.655Z"}
{"level":"info","event":"action","runId":"74e18c06-021b-4d7a-abd4-a0f00f40667a","type":"synthesize","rationale":"decision_critical_gaps_resolved_or_unresolvable; high-impact claims supported or qualified; contradictions handled; remaining actions low expected value","step":5,"t":"2026-09-17T21:45:30.669Z"}
{"level":"info","event":"action","runId":"fa22b436-649c-4824-bf90-ff29cb1a0ed2","type":"search","rationale":"Investigate an uncovered required question","step":0,"t":"2026-09-17T21:45:31.222Z"}
{"level":"info","event":"action","runId":"fa22b436-649c-4824-bf90-ff29cb1a0ed2","type":"fetch","rationale":"Inspect an already-known source before another generic query","step":1,"t":"2026-09-17T21:45:31.247Z"}
{"level":"info","event":"action","runId":"fa22b436-649c-4824-bf90-ff29cb1a0ed2","type":"fetch","rationale":"Inspect an already-known source before another generic query","step":2,"t":"2026-09-17T21:45:31.262Z"}
{"level":"info","event":"action","runId":"fa22b436-649c-4824-bf90-ff29cb1a0ed2","type":"fetch","rationale":"Inspect an already-known source before another generic query","step":3,"t":"2026-09-17T21:45:31.278Z"}
{"level":"info","event":"action","runId":"fa22b436-649c-4824-bf90-ff29cb1a0ed2","type":"challenge","rationale":"Disconfirm material conclusion: A primary source that directly contradicts this conclusion.","step":4,"t":"2026-09-17T21:45:31.298Z"}
{"level":"info","event":"action","runId":"fa22b436-649c-4824-bf90-ff29cb1a0ed2","type":"challenge","rationale":"No counterexample found in accessed primary sources. This is not proof that the conclusion is true.","step":5,"t":"2026-09-17T21:45:31.315Z"}
{"level":"info","event":"action","runId":"fa22b436-649c-4824-bf90-ff29cb1a0ed2","type":"synthesize","rationale":"decision_critical_gaps_resolved_or_unresolvable; high-impact claims supported or qualified; contradictions handled; remaining actions low expected value","step":6,"t":"2026-09-17T21:45:31.328Z"}
{"level":"info","event":"action","runId":"10060572-d133-4049-b4ef-a67ae9a2dcbd","type":"search","rationale":"Investigate an uncovered required question","step":0,"t":"2026-09-17T21:45:31.854Z"}
{"level":"info","event":"action","runId":"10060572-d133-4049-b4ef-a67ae9a2dcbd","type":"fetch","rationale":"Inspect an already-known source before another generic query","step":1,"t":"2026-09-17T21:45:31.869Z"}
{"level":"info","event":"action","runId":"10060572-d133-4049-b4ef-a67ae9a2dcbd","type":"fetch","rationale":"Inspect an already-known source before another generic query","step":2,"t":"2026-09-17T21:45:31.881Z"}
{"level":"info","event":"action","runId":"10060572-d133-4049-b4ef-a67ae9a2dcbd","type":"challenge","rationale":"Disconfirm material conclusion: A primary source that directly contradicts this conclusion.","step":3,"t":"2026-09-17T21:45:31.893Z"}
{"level":"info","event":"action","runId":"10060572-d133-4049-b4ef-a67ae9a2dcbd","type":"challenge","rationale":"No counterexample found in accessed primary sources. This is not proof that the conclusion is true.","step":4,"t":"2026-09-17T21:45:31.905Z"}
{"level":"info","event":"action","runId":"10060572-d133-4049-b4ef-a67ae9a2dcbd","type":"synthesize","rationale":"decision_critical_gaps_resolved_or_unresolvable; high-impact claims supported or qualified; contradictions handled; remaining actions low expected value","step":5,"t":"2026-09-17T21:45:31.916Z"}
{"level":"info","event":"action","runId":"48161398-2689-4c21-a711-765f76915968","type":"search","rationale":"Investigate an uncovered required question","step":0,"t":"2026-09-17T21:45:32.401Z"}
{"level":"info","event":"action","runId":"48161398-2689-4c21-a711-765f76915968","type":"fetch","rationale":"Inspect an already-known source before another generic query","step":1,"t":"2026-09-17T21:45:32.416Z"}
{"level":"info","event":"action","runId":"48161398-2689-4c21-a711-765f76915968","type":"challenge","rationale":"Disconfirm material conclusion: A primary source that directly contradicts this conclusion.","step":2,"t":"2026-09-17T21:45:32.429Z"}
{"level":"info","event":"action","runId":"48161398-2689-4c21-a711-765f76915968","type":"challenge","rationale":"No counterexample found in accessed primary sources. This is not proof that the conclusion is true.","step":3,"t":"2026-09-17T21:45:32.446Z"}
{"level":"info","event":"action","runId":"48161398-2689-4c21-a711-765f76915968","type":"synthesize","rationale":"decision_critical_gaps_resolved_or_unresolvable; high-impact claims supported or qualified; contradictions handled; remaining actions low expected value","step":4,"t":"2026-09-17T21:45:32.456Z"}
{"level":"info","event":"action","runId":"e920b555-feb1-4073-a67f-7f83c9974b17","type":"search","rationale":"Investigate an uncovered required question","step":0,"t":"2026-09-17T21:45:32.959Z"}
{"level":"info","event":"action","runId":"e920b555-feb1-4073-a67f-7f83c9974b17","type":"fetch","rationale":"Inspect an already-known source before another generic query","step":1,"t":"2026-09-17T21:45:32.981Z"}
{"level":"info","event":"action","runId":"e920b555-feb1-4073-a67f-7f83c9974b17","type":"fetch","rationale":"Inspect an already-known source before another generic query","step":2,"t":"2026-09-17T21:45:32.993Z"}
{"level":"info","event":"action","runId":"e920b555-feb1-4073-a67f-7f83c9974b17","type":"fetch","rationale":"Inspect an already-known source before another generic query","step":3,"t":"2026-09-17T21:45:33.006Z"}
{"level":"info","event":"action","runId":"e920b555-feb1-4073-a67f-7f83c9974b17","type":"challenge","rationale":"Disconfirm material conclusion: A primary source that directly contradicts this conclusion.","step":4,"t":"2026-09-17T21:45:33.021Z"}
{"level":"info","event":"action","runId":"e920b555-feb1-4073-a67f-7f83c9974b17","type":"challenge","rationale":"No counterexample found in accessed primary sources. This is not proof that the conclusion is true.","step":5,"t":"2026-09-17T21:45:33.037Z"}
{"level":"info","event":"action","runId":"e920b555-feb1-4073-a67f-7f83c9974b17","type":"synthesize","rationale":"decision_critical_gaps_resolved_or_unresolvable; high-impact claims supported or qualified; contradictions handled; remaining actions low expected value","step":6,"t":"2026-09-17T21:45:33.048Z"}
{"level":"info","event":"action","runId":"27d160ab-8cf4-4b80-b749-3b5ccc70a3c8","type":"search","rationale":"Investigate an uncovered required question","step":0,"t":"2026-09-17T21:45:33.555Z"}
{"level":"info","event":"action","runId":"27d160ab-8cf4-4b80-b749-3b5ccc70a3c8","type":"fetch","rationale":"Inspect an already-known source before another generic query","step":1,"t":"2026-09-17T21:45:33.576Z"}
{"level":"info","event":"action","runId":"27d160ab-8cf4-4b80-b749-3b5ccc70a3c8","type":"fetch","rationale":"Inspect an already-known source before another generic query","step":2,"t":"2026-09-17T21:45:33.594Z"}
{"level":"info","event":"action","runId":"27d160ab-8cf4-4b80-b749-3b5ccc70a3c8","type":"fetch","rationale":"Inspect an already-known source before another generic query","step":3,"t":"2026-09-17T21:45:33.612Z"}
{"level":"info","event":"action","runId":"27d160ab-8cf4-4b80-b749-3b5ccc70a3c8","type":"fetch","rationale":"Inspect an already-known source before another generic query","step":4,"t":"2026-09-17T21:45:33.624Z"}
{"level":"info","event":"action","runId":"27d160ab-8cf4-4b80-b749-3b5ccc70a3c8","type":"fetch","rationale":"Inspect an already-known source before another generic query","step":5,"t":"2026-09-17T21:45:33.640Z"}
{"level":"info","event":"action","runId":"27d160ab-8cf4-4b80-b749-3b5ccc70a3c8","type":"challenge","rationale":"Disconfirm material conclusion: A primary source that directly contradicts this conclusion.","step":6,"t":"2026-09-17T21:45:33.654Z"}
{"level":"info","event":"action","runId":"27d160ab-8cf4-4b80-b749-3b5ccc70a3c8","type":"challenge","rationale":"No counterexample found in accessed primary sources. This is not proof that the conclusion is true.","step":7,"t":"2026-09-17T21:45:33.667Z"}
{"level":"info","event":"action","runId":"27d160ab-8cf4-4b80-b749-3b5ccc70a3c8","type":"synthesize","rationale":"decision_critical_gaps_resolved_or_unresolvable; high-impact claims supported or qualified; contradictions handled; remaining actions low expected value","step":8,"t":"2026-09-17T21:45:33.678Z"}
{"level":"info","event":"action","runId":"0c98ca9e-480c-4dee-a518-f29dad650e47","type":"challenge","rationale":"Disconfirm material conclusion: A primary source that directly contradicts this conclusion.","step":0,"t":"2026-09-17T21:45:34.201Z"}
{"level":"info","event":"action","runId":"0c98ca9e-480c-4dee-a518-f29dad650e47","type":"fetch","rationale":"Inspect an already-known source before another generic query","step":1,"t":"2026-09-17T21:45:34.221Z"}
{"level":"info","event":"action","runId":"0c98ca9e-480c-4dee-a518-f29dad650e47","type":"fetch","rationale":"Inspect an already-known source before another generic query","step":2,"t":"2026-09-17T21:45:34.233Z"}
{"level":"info","event":"action","runId":"0c98ca9e-480c-4dee-a518-f29dad650e47","type":"fetch","rationale":"Inspect an already-known source before another generic query","step":3,"t":"2026-09-17T21:45:34.249Z"}
{"level":"info","event":"action","runId":"0c98ca9e-480c-4dee-a518-f29dad650e47","type":"challenge","rationale":"No counterexample found in accessed primary sources. This is not proof that the conclusion is true.","step":4,"t":"2026-09-17T21:45:34.266Z"}
{"level":"info","event":"action","runId":"0c98ca9e-480c-4dee-a518-f29dad650e47","type":"synthesize","rationale":"decision_critical_gaps_resolved_or_unresolvable; high-impact claims supported or qualified; contradictions handled; remaining actions low expected value","step":5,"t":"2026-09-17T21:45:34.276Z"}
{"level":"info","event":"action","runId":"483fc6e5-bf4a-4f04-8788-40e480cc6ee2","type":"search","rationale":"Investigate an uncovered required question","step":0,"t":"2026-09-17T21:45:34.803Z"}
{"level":"info","event":"action","runId":"483fc6e5-bf4a-4f04-8788-40e480cc6ee2","type":"fetch","rationale":"Inspect an already-known source before another generic query","step":1,"t":"2026-09-17T21:45:34.821Z"}
{"level":"info","event":"action","runId":"483fc6e5-bf4a-4f04-8788-40e480cc6ee2","type":"fetch","rationale":"Inspect an already-known source before another generic query","step":2,"t":"2026-09-17T21:45:34.834Z"}
{"level":"info","event":"action","runId":"483fc6e5-bf4a-4f04-8788-40e480cc6ee2","type":"fetch","rationale":"Inspect an already-known source before another generic query","step":3,"t":"2026-09-17T21:45:34.848Z"}
{"level":"info","event":"action","runId":"483fc6e5-bf4a-4f04-8788-40e480cc6ee2","type":"challenge","rationale":"Disconfirm material conclusion: A hard-constraint violation for a candidate currently marked eligible.","step":4,"t":"2026-09-17T21:45:34.860Z"}
{"level":"info","event":"action","runId":"483fc6e5-bf4a-4f04-8788-40e480cc6ee2","type":"challenge","rationale":"No counterexample found in accessed primary sources. This is not proof that the conclusion is true.","step":5,"t":"2026-09-17T21:45:34.872Z"}
{"level":"info","event":"action","runId":"483fc6e5-bf4a-4f04-8788-40e480cc6ee2","type":"synthesize","rationale":"decision_critical_gaps_resolved_or_unresolvable; high-impact claims supported or qualified; contradictions handled; remaining actions low expected value","step":6,"t":"2026-09-17T21:45:34.882Z"}
{"level":"info","event":"action","runId":"7a9be0f3-ab5f-444b-9b6a-d46a1aa46fae","type":"search","rationale":"Investigate an uncovered required question","step":0,"t":"2026-09-17T21:45:35.387Z"}
{"level":"info","event":"action","runId":"7a9be0f3-ab5f-444b-9b6a-d46a1aa46fae","type":"fetch","rationale":"Inspect an already-known source before another generic query","step":1,"t":"2026-09-17T21:45:35.403Z"}
{"level":"info","event":"action","runId":"7a9be0f3-ab5f-444b-9b6a-d46a1aa46fae","type":"fetch","rationale":"Inspect an already-known source before another generic query","step":2,"t":"2026-09-17T21:45:35.418Z"}
{"level":"info","event":"action","runId":"7a9be0f3-ab5f-444b-9b6a-d46a1aa46fae","type":"fetch","rationale":"Inspect an already-known source before another generic query","step":3,"t":"2026-09-17T21:45:35.430Z"}
{"level":"info","event":"action","runId":"7a9be0f3-ab5f-444b-9b6a-d46a1aa46fae","type":"challenge","rationale":"Disconfirm material conclusion: A hard-constraint violation for a candidate currently marked eligible.","step":4,"t":"2026-09-17T21:45:35.444Z"}
{"level":"info","event":"action","runId":"7a9be0f3-ab5f-444b-9b6a-d46a1aa46fae","type":"challenge","rationale":"No counterexample found in accessed primary sources. This is not proof that the conclusion is true.","step":5,"t":"2026-09-17T21:45:35.457Z"}
{"level":"info","event":"action","runId":"7a9be0f3-ab5f-444b-9b6a-d46a1aa46fae","type":"synthesize","rationale":"decision_critical_gaps_resolved_or_unresolvable; high-impact claims supported or qualified; contradictions handled; remaining actions low expected value","step":6,"t":"2026-09-17T21:45:35.467Z"}
{"level":"info","event":"action","runId":"711cbee1-ccac-4cee-a92c-c41e921ea867","type":"search","rationale":"Investigate an uncovered required question","step":0,"t":"2026-09-17T21:45:35.730Z"}
{"level":"info","event":"action","runId":"711cbee1-ccac-4cee-a92c-c41e921ea867","type":"fetch","rationale":"Inspect an already-known source before another generic query","step":1,"t":"2026-09-17T21:45:35.744Z"}
{"level":"info","event":"action","runId":"711cbee1-ccac-4cee-a92c-c41e921ea867","type":"fetch","rationale":"Inspect an already-known source before another generic query","step":2,"t":"2026-09-17T21:45:35.755Z"}
{"level":"info","event":"action","runId":"711cbee1-ccac-4cee-a92c-c41e921ea867","type":"fetch","rationale":"Inspect an already-known source before another generic query","step":3,"t":"2026-09-17T21:45:35.768Z"}
{"level":"info","event":"action","runId":"711cbee1-ccac-4cee-a92c-c41e921ea867","type":"challenge","rationale":"Disconfirm material conclusion: A hard-constraint violation for a candidate currently marked eligible.","step":4,"t":"2026-09-17T21:45:35.782Z"}
{"level":"info","event":"action","runId":"711cbee1-ccac-4cee-a92c-c41e921ea867","type":"challenge","rationale":"Disconfirm material conclusion: A hard-constraint violation for a candidate currently marked eligible.","step":5,"t":"2026-09-17T21:45:35.796Z"}
{"level":"info","event":"action","runId":"711cbee1-ccac-4cee-a92c-c41e921ea867","type":"challenge","rationale":"Disconfirm material conclusion: A hard-constraint violation for a candidate currently marked eligible.","step":6,"t":"2026-09-17T21:45:35.812Z"}
{"level":"info","event":"action","runId":"711cbee1-ccac-4cee-a92c-c41e921ea867","type":"challenge","rationale":"Disconfirm material conclusion: A hard-constraint violation for a candidate currently marked eligible.","step":7,"t":"2026-09-17T21:45:35.828Z"}
{"level":"info","event":"action","runId":"711cbee1-ccac-4cee-a92c-c41e921ea867","type":"challenge","rationale":"Disconfirm material conclusion: A hard-constraint violation for a candidate currently marked eligible.","step":8,"t":"2026-09-17T21:45:35.841Z"}
{"level":"info","event":"action","runId":"711cbee1-ccac-4cee-a92c-c41e921ea867","type":"challenge","rationale":"Disconfirm material conclusion: A hard-constraint violation for a candidate currently marked eligible.","step":9,"t":"2026-09-17T21:45:35.862Z"}
{"level":"info","event":"action","runId":"711cbee1-ccac-4cee-a92c-c41e921ea867","type":"challenge","rationale":"Disconfirm material conclusion: A hard-constraint violation for a candidate currently marked eligible.","step":10,"t":"2026-09-17T21:45:35.878Z"}
{"level":"info","event":"action","runId":"711cbee1-ccac-4cee-a92c-c41e921ea867","type":"challenge","rationale":"No counterexample found in accessed primary sources. This is not proof that the conclusion is true.","step":11,"t":"2026-09-17T21:45:35.893Z"}
{"level":"info","event":"action","runId":"711cbee1-ccac-4cee-a92c-c41e921ea867","type":"stop","rationale":"Repeated searches returned no novel source family or coverage progress","step":12,"t":"2026-09-17T21:45:35.903Z"}
{"level":"info","event":"action","runId":"4f4168ea-73ea-4fb1-b285-0413e162a888","type":"search","rationale":"Investigate an uncovered required question","step":0,"t":"2026-09-17T21:45:36.421Z"}
{"level":"info","event":"action","runId":"4f4168ea-73ea-4fb1-b285-0413e162a888","type":"fetch","rationale":"Inspect an already-known source before another generic query","step":1,"t":"2026-09-17T21:45:36.440Z"}
{"level":"info","event":"action","runId":"4f4168ea-73ea-4fb1-b285-0413e162a888","type":"fetch","rationale":"Inspect an already-known source before another generic query","step":2,"t":"2026-09-17T21:45:36.454Z"}
{"level":"info","event":"action","runId":"4f4168ea-73ea-4fb1-b285-0413e162a888","type":"fetch","rationale":"Inspect an already-known source before another generic query","step":3,"t":"2026-09-17T21:45:36.468Z"}
{"level":"info","event":"action","runId":"4f4168ea-73ea-4fb1-b285-0413e162a888","type":"challenge","rationale":"Disconfirm material conclusion: A hard-constraint violation for a candidate currently marked eligible.","step":4,"t":"2026-09-17T21:45:36.480Z"}
{"level":"info","event":"action","runId":"4f4168ea-73ea-4fb1-b285-0413e162a888","type":"challenge","rationale":"No counterexample found in accessed primary sources. This is not proof that the conclusion is true.","step":5,"t":"2026-09-17T21:45:36.494Z"}
{"level":"info","event":"action","runId":"4f4168ea-73ea-4fb1-b285-0413e162a888","type":"synthesize","rationale":"decision_critical_gaps_resolved_or_unresolvable; high-impact claims supported or qualified; contradictions handled; remaining actions low expected value","step":6,"t":"2026-09-17T21:45:36.505Z"}
{"level":"info","event":"action","runId":"90fb5b95-73a4-4982-9b0f-757127f70c22","type":"search","rationale":"Investigate an uncovered required question","step":0,"t":"2026-09-17T21:45:36.760Z"}
{"level":"info","event":"action","runId":"90fb5b95-73a4-4982-9b0f-757127f70c22","type":"fetch","rationale":"Inspect an already-known source before another generic query","step":1,"t":"2026-09-17T21:45:36.775Z"}
{"level":"info","event":"action","runId":"90fb5b95-73a4-4982-9b0f-757127f70c22","type":"fetch","rationale":"Inspect an already-known source before another generic query","step":2,"t":"2026-09-17T21:45:36.788Z"}
{"level":"info","event":"action","runId":"90fb5b95-73a4-4982-9b0f-757127f70c22","type":"fetch","rationale":"Inspect an already-known source before another generic query","step":3,"t":"2026-09-17T21:45:36.799Z"}
{"level":"info","event":"action","runId":"90fb5b95-73a4-4982-9b0f-757127f70c22","type":"challenge","rationale":"Disconfirm material conclusion: A hard-constraint violation for a candidate currently marked eligible.","step":4,"t":"2026-09-17T21:45:36.816Z"}
{"level":"info","event":"action","runId":"90fb5b95-73a4-4982-9b0f-757127f70c22","type":"challenge","rationale":"Disconfirm material conclusion: A hard-constraint violation for a candidate currently marked eligible.","step":5,"t":"2026-09-17T21:45:36.828Z"}
{"level":"info","event":"action","runId":"90fb5b95-73a4-4982-9b0f-757127f70c22","type":"challenge","rationale":"Disconfirm material conclusion: A hard-constraint violation for a candidate currently marked eligible.","step":6,"t":"2026-09-17T21:45:36.841Z"}
{"level":"info","event":"action","runId":"90fb5b95-73a4-4982-9b0f-757127f70c22","type":"challenge","rationale":"Disconfirm material conclusion: A hard-constraint violation for a candidate currently marked eligible.","step":7,"t":"2026-09-17T21:45:36.855Z"}
{"level":"info","event":"action","runId":"90fb5b95-73a4-4982-9b0f-757127f70c22","type":"challenge","rationale":"Disconfirm material conclusion: A hard-constraint violation for a candidate currently marked eligible.","step":8,"t":"2026-09-17T21:45:36.869Z"}
{"level":"info","event":"action","runId":"90fb5b95-73a4-4982-9b0f-757127f70c22","type":"challenge","rationale":"Disconfirm material conclusion: A hard-constraint violation for a candidate currently marked eligible.","step":9,"t":"2026-09-17T21:45:36.882Z"}
{"level":"info","event":"action","runId":"90fb5b95-73a4-4982-9b0f-757127f70c22","type":"challenge","rationale":"Disconfirm material conclusion: A hard-constraint violation for a candidate currently marked eligible.","step":10,"t":"2026-09-17T21:45:36.900Z"}
{"level":"info","event":"action","runId":"90fb5b95-73a4-4982-9b0f-757127f70c22","type":"challenge","rationale":"No counterexample found in accessed primary sources. This is not proof that the conclusion is true.","step":11,"t":"2026-09-17T21:45:36.931Z"}
{"level":"info","event":"action","runId":"90fb5b95-73a4-4982-9b0f-757127f70c22","type":"stop","rationale":"Repeated searches returned no novel source family or coverage progress","step":12,"t":"2026-09-17T21:45:36.950Z"}
{"level":"info","event":"action","runId":"9efe287a-4efa-4485-8dd8-ce76f5339bc5","type":"challenge","rationale":"Disconfirm material conclusion: A primary source that directly contradicts this conclusion.","step":0,"t":"2026-09-17T21:45:37.472Z"}
{"level":"info","event":"action","runId":"9efe287a-4efa-4485-8dd8-ce76f5339bc5","type":"fetch","rationale":"Inspect an already-known source before another generic query","step":1,"t":"2026-09-17T21:45:37.493Z"}
{"level":"info","event":"action","runId":"9efe287a-4efa-4485-8dd8-ce76f5339bc5","type":"fetch","rationale":"Inspect an already-known source before another generic query","step":2,"t":"2026-09-17T21:45:37.508Z"}
{"level":"info","event":"action","runId":"9efe287a-4efa-4485-8dd8-ce76f5339bc5","type":"fetch","rationale":"Inspect an already-known source before another generic query","step":3,"t":"2026-09-17T21:45:37.521Z"}
{"level":"info","event":"action","runId":"9efe287a-4efa-4485-8dd8-ce76f5339bc5","type":"challenge","rationale":"No counterexample found in accessed primary sources. This is not proof that the conclusion is true.","step":4,"t":"2026-09-17T21:45:37.540Z"}
{"level":"info","event":"action","runId":"9efe287a-4efa-4485-8dd8-ce76f5339bc5","type":"synthesize","rationale":"decision_critical_gaps_resolved_or_unresolvable; high-impact claims supported or qualified; contradictions handled; remaining actions low expected value","step":5,"t":"2026-09-17T21:45:37.552Z"}
{"level":"info","event":"action","runId":"a6c265e6-0d67-4653-bfb1-755cb0fa98f5","type":"search","rationale":"Investigate an uncovered required question","step":0,"t":"2026-09-17T21:45:38.087Z"}
{"level":"info","event":"action","runId":"a6c265e6-0d67-4653-bfb1-755cb0fa98f5","type":"fetch","rationale":"Inspect an already-known source before another generic query","step":1,"t":"2026-09-17T21:45:38.110Z"}
{"level":"info","event":"action","runId":"a6c265e6-0d67-4653-bfb1-755cb0fa98f5","type":"fetch","rationale":"Inspect an already-known source before another generic query","step":2,"t":"2026-09-17T21:45:38.123Z"}
{"level":"info","event":"action","runId":"a6c265e6-0d67-4653-bfb1-755cb0fa98f5","type":"fetch","rationale":"Inspect an already-known source before another generic query","step":3,"t":"2026-09-17T21:45:38.137Z"}
{"level":"info","event":"action","runId":"a6c265e6-0d67-4653-bfb1-755cb0fa98f5","type":"challenge","rationale":"Disconfirm material conclusion: A primary source that directly contradicts this conclusion.","step":4,"t":"2026-09-17T21:45:38.154Z"}
{"level":"info","event":"action","runId":"a6c265e6-0d67-4653-bfb1-755cb0fa98f5","type":"challenge","rationale":"No counterexample found in accessed primary sources. This is not proof that the conclusion is true.","step":5,"t":"2026-09-17T21:45:38.169Z"}
{"level":"info","event":"action","runId":"a6c265e6-0d67-4653-bfb1-755cb0fa98f5","type":"synthesize","rationale":"decision_critical_gaps_resolved_or_unresolvable; high-impact claims supported or qualified; contradictions handled; remaining actions low expected value","step":6,"t":"2026-09-17T21:45:38.179Z"}
{"level":"info","event":"action","runId":"656d0172-6346-4019-8ed2-f524781925ea","type":"search","rationale":"Investigate an uncovered required question","step":0,"t":"2026-09-17T21:45:38.682Z"}
{"level":"info","event":"action","runId":"656d0172-6346-4019-8ed2-f524781925ea","type":"fetch","rationale":"Inspect an already-known source before another generic query","step":1,"t":"2026-09-17T21:45:38.704Z"}
{"level":"info","event":"action","runId":"656d0172-6346-4019-8ed2-f524781925ea","type":"fetch","rationale":"Inspect an already-known source before another generic query","step":2,"t":"2026-09-17T21:45:38.719Z"}
{"level":"info","event":"action","runId":"656d0172-6346-4019-8ed2-f524781925ea","type":"fetch","rationale":"Inspect an already-known source before another generic query","step":3,"t":"2026-09-17T21:45:38.732Z"}
{"level":"info","event":"action","runId":"656d0172-6346-4019-8ed2-f524781925ea","type":"fetch","rationale":"Inspect an already-known source before another generic query","step":4,"t":"2026-09-17T21:45:38.743Z"}
{"level":"info","event":"action","runId":"656d0172-6346-4019-8ed2-f524781925ea","type":"fetch","rationale":"Inspect an already-known source before another generic query","step":5,"t":"2026-09-17T21:45:38.755Z"}
{"level":"info","event":"action","runId":"656d0172-6346-4019-8ed2-f524781925ea","type":"challenge","rationale":"Disconfirm material conclusion: A primary source that directly contradicts this conclusion.","step":6,"t":"2026-09-17T21:45:38.766Z"}
{"level":"info","event":"action","runId":"656d0172-6346-4019-8ed2-f524781925ea","type":"challenge","rationale":"No counterexample found in accessed primary sources. This is not proof that the conclusion is true.","step":7,"t":"2026-09-17T21:45:38.779Z"}
{"level":"info","event":"action","runId":"656d0172-6346-4019-8ed2-f524781925ea","type":"synthesize","rationale":"decision_critical_gaps_resolved_or_unresolvable; high-impact claims supported or qualified; contradictions handled; remaining actions low expected value","step":8,"t":"2026-09-17T21:45:38.790Z"}
{"level":"info","event":"action","runId":"7ea992a9-8779-4fa7-a49c-88058b1b1675","type":"search","rationale":"Investigate an uncovered required question","step":0,"t":"2026-09-17T21:45:39.281Z"}
{"level":"info","event":"action","runId":"7ea992a9-8779-4fa7-a49c-88058b1b1675","type":"fetch","rationale":"Inspect an already-known source before another generic query","step":1,"t":"2026-09-17T21:45:39.301Z"}
{"level":"info","event":"action","runId":"7ea992a9-8779-4fa7-a49c-88058b1b1675","type":"fetch","rationale":"Inspect an already-known source before another generic query","step":2,"t":"2026-09-17T21:45:39.314Z"}
{"level":"info","event":"action","runId":"7ea992a9-8779-4fa7-a49c-88058b1b1675","type":"fetch","rationale":"Inspect an already-known source before another generic query","step":3,"t":"2026-09-17T21:45:39.326Z"}
{"level":"info","event":"action","runId":"7ea992a9-8779-4fa7-a49c-88058b1b1675","type":"challenge","rationale":"Disconfirm material conclusion: A primary source that directly contradicts this conclusion.","step":4,"t":"2026-09-17T21:45:39.344Z"}
{"level":"info","event":"action","runId":"7ea992a9-8779-4fa7-a49c-88058b1b1675","type":"challenge","rationale":"No counterexample found in accessed primary sources. This is not proof that the conclusion is true.","step":5,"t":"2026-09-17T21:45:39.361Z"}
{"level":"info","event":"action","runId":"7ea992a9-8779-4fa7-a49c-88058b1b1675","type":"synthesize","rationale":"decision_critical_gaps_resolved_or_unresolvable; high-impact claims supported or qualified; contradictions handled; remaining actions low expected value","step":6,"t":"2026-09-17T21:45:39.371Z"}
{"level":"info","event":"action","runId":"9c2437ce-faf0-4dc8-a93f-985be5db688d","type":"search","rationale":"Investigate an uncovered required question","step":0,"t":"2026-09-17T21:45:39.865Z"}
{"level":"info","event":"action","runId":"9c2437ce-faf0-4dc8-a93f-985be5db688d","type":"fetch","rationale":"Inspect an already-known source before another generic query","step":1,"t":"2026-09-17T21:45:39.884Z"}
{"level":"info","event":"action","runId":"9c2437ce-faf0-4dc8-a93f-985be5db688d","type":"fetch","rationale":"Inspect an already-known source before another generic query","step":2,"t":"2026-09-17T21:45:39.895Z"}
{"level":"info","event":"action","runId":"9c2437ce-faf0-4dc8-a93f-985be5db688d","type":"fetch","rationale":"Inspect an already-known source before another generic query","step":3,"t":"2026-09-17T21:45:39.913Z"}
{"level":"info","event":"action","runId":"9c2437ce-faf0-4dc8-a93f-985be5db688d","type":"fetch","rationale":"Inspect an already-known source before another generic query","step":4,"t":"2026-09-17T21:45:39.927Z"}
{"level":"info","event":"action","runId":"9c2437ce-faf0-4dc8-a93f-985be5db688d","type":"fetch","rationale":"Inspect an already-known source before another generic query","step":5,"t":"2026-09-17T21:45:39.940Z"}
{"level":"info","event":"action","runId":"9c2437ce-faf0-4dc8-a93f-985be5db688d","type":"challenge","rationale":"Disconfirm material conclusion: A primary source that directly contradicts this conclusion.","step":6,"t":"2026-09-17T21:45:39.961Z"}
{"level":"info","event":"action","runId":"9c2437ce-faf0-4dc8-a93f-985be5db688d","type":"challenge","rationale":"No counterexample found in accessed primary sources. This is not proof that the conclusion is true.","step":7,"t":"2026-09-17T21:45:39.973Z"}
{"level":"info","event":"action","runId":"9c2437ce-faf0-4dc8-a93f-985be5db688d","type":"synthesize","rationale":"decision_critical_gaps_resolved_or_unresolvable; high-impact claims supported or qualified; contradictions handled; remaining actions low expected value","step":8,"t":"2026-09-17T21:45:39.982Z"}
{"level":"info","event":"action","runId":"872ceb34-e484-41cb-b79c-9b2e53ab44c8","type":"search","rationale":"Investigate an uncovered required question","step":0,"t":"2026-09-17T21:45:40.703Z"}
{"level":"info","event":"action","runId":"872ceb34-e484-41cb-b79c-9b2e53ab44c8","type":"fetch","rationale":"Inspect an already-known source before another generic query","step":1,"t":"2026-09-17T21:45:40.725Z"}
{"level":"info","event":"action","runId":"872ceb34-e484-41cb-b79c-9b2e53ab44c8","type":"fetch","rationale":"Inspect an already-known source before another generic query","step":2,"t":"2026-09-17T21:45:40.737Z"}
{"level":"info","event":"action","runId":"872ceb34-e484-41cb-b79c-9b2e53ab44c8","type":"fetch","rationale":"Inspect an already-known source before another generic query","step":3,"t":"2026-09-17T21:45:40.748Z"}
{"level":"info","event":"action","runId":"872ceb34-e484-41cb-b79c-9b2e53ab44c8","type":"fetch","rationale":"Inspect an already-known source before another generic query","step":4,"t":"2026-09-17T21:45:40.760Z"}
{"level":"info","event":"action","runId":"872ceb34-e484-41cb-b79c-9b2e53ab44c8","type":"fetch","rationale":"Inspect an already-known source before another generic query","step":5,"t":"2026-09-17T21:45:40.773Z"}
{"level":"info","event":"action","runId":"872ceb34-e484-41cb-b79c-9b2e53ab44c8","type":"challenge","rationale":"Disconfirm material conclusion: A primary source that directly contradicts this conclusion.","step":6,"t":"2026-09-17T21:45:40.785Z"}
{"level":"info","event":"action","runId":"872ceb34-e484-41cb-b79c-9b2e53ab44c8","type":"challenge","rationale":"No counterexample found in accessed primary sources. This is not proof that the conclusion is true.","step":7,"t":"2026-09-17T21:45:40.796Z"}
{"level":"info","event":"action","runId":"872ceb34-e484-41cb-b79c-9b2e53ab44c8","type":"synthesize","rationale":"decision_critical_gaps_resolved_or_unresolvable; high-impact claims supported or qualified; contradictions handled; remaining actions low expected value","step":8,"t":"2026-09-17T21:45:40.805Z"}
{"level":"info","event":"action","runId":"39badcdf-c32c-4320-a42f-dcc8df365277","type":"search","rationale":"Investigate an uncovered required question","step":0,"t":"2026-09-17T21:45:41.299Z"}
{"level":"info","event":"action","runId":"39badcdf-c32c-4320-a42f-dcc8df365277","type":"fetch","rationale":"Inspect an already-known source before another generic query","step":1,"t":"2026-09-17T21:45:41.319Z"}
{"level":"info","event":"action","runId":"39badcdf-c32c-4320-a42f-dcc8df365277","type":"fetch","rationale":"Inspect an already-known source before another generic query","step":2,"t":"2026-09-17T21:45:41.333Z"}
{"level":"info","event":"action","runId":"39badcdf-c32c-4320-a42f-dcc8df365277","type":"fetch","rationale":"Inspect an already-known source before another generic query","step":3,"t":"2026-09-17T21:45:41.345Z"}
{"level":"info","event":"action","runId":"39badcdf-c32c-4320-a42f-dcc8df365277","type":"fetch","rationale":"Inspect an already-known source before another generic query","step":4,"t":"2026-09-17T21:45:41.359Z"}
{"level":"info","event":"action","runId":"39badcdf-c32c-4320-a42f-dcc8df365277","type":"fetch","rationale":"Inspect an already-known source before another generic query","step":5,"t":"2026-09-17T21:45:41.372Z"}
{"level":"info","event":"action","runId":"39badcdf-c32c-4320-a42f-dcc8df365277","type":"challenge","rationale":"Disconfirm material conclusion: A primary source that directly contradicts this conclusion.","step":6,"t":"2026-09-17T21:45:41.385Z"}
{"level":"info","event":"action","runId":"39badcdf-c32c-4320-a42f-dcc8df365277","type":"challenge","rationale":"No counterexample found in accessed primary sources. This is not proof that the conclusion is true.","step":7,"t":"2026-09-17T21:45:41.396Z"}
{"level":"info","event":"action","runId":"39badcdf-c32c-4320-a42f-dcc8df365277","type":"synthesize","rationale":"decision_critical_gaps_resolved_or_unresolvable; high-impact claims supported or qualified; contradictions handled; remaining actions low expected value","step":8,"t":"2026-09-17T21:45:41.406Z"}
{"level":"info","event":"action","runId":"54cd5e5f-8fae-4f71-9946-bc3f46d59b0d","type":"search","rationale":"Investigate an uncovered required question","step":0,"t":"2026-09-17T21:45:41.912Z"}
{"level":"info","event":"action","runId":"54cd5e5f-8fae-4f71-9946-bc3f46d59b0d","type":"fetch","rationale":"Inspect an already-known source before another generic query","step":1,"t":"2026-09-17T21:45:41.940Z"}
{"level":"info","event":"action","runId":"54cd5e5f-8fae-4f71-9946-bc3f46d59b0d","type":"fetch","rationale":"Inspect an already-known source before another generic query","step":2,"t":"2026-09-17T21:45:41.955Z"}
{"level":"info","event":"action","runId":"54cd5e5f-8fae-4f71-9946-bc3f46d59b0d","type":"fetch","rationale":"Inspect an already-known source before another generic query","step":3,"t":"2026-09-17T21:45:41.968Z"}
{"level":"info","event":"action","runId":"54cd5e5f-8fae-4f71-9946-bc3f46d59b0d","type":"fetch","rationale":"Inspect an already-known source before another generic query","step":4,"t":"2026-09-17T21:45:41.984Z"}
{"level":"info","event":"action","runId":"54cd5e5f-8fae-4f71-9946-bc3f46d59b0d","type":"fetch","rationale":"Inspect an already-known source before another generic query","step":5,"t":"2026-09-17T21:45:41.996Z"}
{"level":"info","event":"action","runId":"54cd5e5f-8fae-4f71-9946-bc3f46d59b0d","type":"challenge","rationale":"Disconfirm material conclusion: A primary source that directly contradicts this conclusion.","step":6,"t":"2026-09-17T21:45:42.010Z"}
{"level":"info","event":"action","runId":"54cd5e5f-8fae-4f71-9946-bc3f46d59b0d","type":"challenge","rationale":"No counterexample found in accessed primary sources. This is not proof that the conclusion is true.","step":7,"t":"2026-09-17T21:45:42.024Z"}
{"level":"info","event":"action","runId":"54cd5e5f-8fae-4f71-9946-bc3f46d59b0d","type":"synthesize","rationale":"decision_critical_gaps_resolved_or_unresolvable; high-impact claims supported or qualified; contradictions handled; remaining actions low expected value","step":8,"t":"2026-09-17T21:45:42.035Z"}
{"level":"info","event":"action","runId":"8fd722aa-bc82-4583-9dd4-e7b807454f73","type":"search","rationale":"Investigate an uncovered required question","step":0,"t":"2026-09-17T21:45:42.787Z"}
{"level":"info","event":"action","runId":"8fd722aa-bc82-4583-9dd4-e7b807454f73","type":"fetch","rationale":"Inspect an already-known source before another generic query","step":1,"t":"2026-09-17T21:45:42.810Z"}
{"level":"info","event":"action","runId":"8fd722aa-bc82-4583-9dd4-e7b807454f73","type":"fetch","rationale":"Inspect an already-known source before another generic query","step":2,"t":"2026-09-17T21:45:42.823Z"}
{"level":"info","event":"action","runId":"8fd722aa-bc82-4583-9dd4-e7b807454f73","type":"fetch","rationale":"Inspect an already-known source before another generic query","step":3,"t":"2026-09-17T21:45:42.836Z"}
{"level":"info","event":"action","runId":"8fd722aa-bc82-4583-9dd4-e7b807454f73","type":"fetch","rationale":"Inspect an already-known source before another generic query","step":4,"t":"2026-09-17T21:45:42.849Z"}
{"level":"info","event":"action","runId":"8fd722aa-bc82-4583-9dd4-e7b807454f73","type":"fetch","rationale":"Inspect an already-known source before another generic query","step":5,"t":"2026-09-17T21:45:42.863Z"}
{"level":"info","event":"action","runId":"8fd722aa-bc82-4583-9dd4-e7b807454f73","type":"challenge","rationale":"Disconfirm material conclusion: A primary source that directly contradicts this conclusion.","step":6,"t":"2026-09-17T21:45:42.876Z"}
{"level":"info","event":"action","runId":"8fd722aa-bc82-4583-9dd4-e7b807454f73","type":"challenge","rationale":"No counterexample found in accessed primary sources. This is not proof that the conclusion is true.","step":7,"t":"2026-09-17T21:45:42.889Z"}
{"level":"info","event":"action","runId":"8fd722aa-bc82-4583-9dd4-e7b807454f73","type":"synthesize","rationale":"decision_critical_gaps_resolved_or_unresolvable; high-impact claims supported or qualified; contradictions handled; remaining actions low expected value","step":8,"t":"2026-09-17T21:45:42.899Z"}
{"level":"info","event":"action","runId":"6f50d30c-ebf3-493c-bc77-6cb3cd11f11d","type":"search","rationale":"Investigate an uncovered required question","step":0,"t":"2026-09-17T21:45:43.874Z"}
{"level":"info","event":"action","runId":"6f50d30c-ebf3-493c-bc77-6cb3cd11f11d","type":"fetch","rationale":"Inspect an already-known source before another generic query","step":1,"t":"2026-09-17T21:45:43.899Z"}
{"level":"info","event":"action","runId":"6f50d30c-ebf3-493c-bc77-6cb3cd11f11d","type":"fetch","rationale":"Inspect an already-known source before another generic query","step":2,"t":"2026-09-17T21:45:43.913Z"}
{"level":"info","event":"action","runId":"6f50d30c-ebf3-493c-bc77-6cb3cd11f11d","type":"fetch","rationale":"Inspect an already-known source before another generic query","step":3,"t":"2026-09-17T21:45:43.925Z"}
{"level":"info","event":"action","runId":"6f50d30c-ebf3-493c-bc77-6cb3cd11f11d","type":"fetch","rationale":"Inspect an already-known source before another generic query","step":4,"t":"2026-09-17T21:45:43.937Z"}
{"level":"info","event":"action","runId":"6f50d30c-ebf3-493c-bc77-6cb3cd11f11d","type":"fetch","rationale":"Inspect an already-known source before another generic query","step":5,"t":"2026-09-17T21:45:43.950Z"}
{"level":"info","event":"action","runId":"6f50d30c-ebf3-493c-bc77-6cb3cd11f11d","type":"challenge","rationale":"Disconfirm material conclusion: A primary source that directly contradicts this conclusion.","step":6,"t":"2026-09-17T21:45:43.962Z"}
{"level":"info","event":"action","runId":"6f50d30c-ebf3-493c-bc77-6cb3cd11f11d","type":"challenge","rationale":"No counterexample found in accessed primary sources. This is not proof that the conclusion is true.","step":7,"t":"2026-09-17T21:45:43.974Z"}
{"level":"info","event":"action","runId":"6f50d30c-ebf3-493c-bc77-6cb3cd11f11d","type":"synthesize","rationale":"decision_critical_gaps_resolved_or_unresolvable; high-impact claims supported or qualified; contradictions handled; remaining actions low expected value","step":8,"t":"2026-09-17T21:45:43.990Z"}
{"level":"info","event":"action","runId":"d18872ad-a0f0-4e97-a683-5331e34e78a4","type":"search","rationale":"Investigate an uncovered required question","step":0,"t":"2026-09-17T21:45:44.490Z"}
{"level":"info","event":"action","runId":"d18872ad-a0f0-4e97-a683-5331e34e78a4","type":"fetch","rationale":"Inspect an already-known source before another generic query","step":1,"t":"2026-09-17T21:45:44.508Z"}
{"level":"info","event":"action","runId":"d18872ad-a0f0-4e97-a683-5331e34e78a4","type":"fetch","rationale":"Inspect an already-known source before another generic query","step":2,"t":"2026-09-17T21:45:44.521Z"}
{"level":"info","event":"action","runId":"d18872ad-a0f0-4e97-a683-5331e34e78a4","type":"fetch","rationale":"Inspect an already-known source before another generic query","step":3,"t":"2026-09-17T21:45:44.532Z"}
{"level":"info","event":"action","runId":"d18872ad-a0f0-4e97-a683-5331e34e78a4","type":"fetch","rationale":"Inspect an already-known source before another generic query","step":4,"t":"2026-09-17T21:45:44.544Z"}
{"level":"info","event":"action","runId":"d18872ad-a0f0-4e97-a683-5331e34e78a4","type":"fetch","rationale":"Inspect an already-known source before another generic query","step":5,"t":"2026-09-17T21:45:44.556Z"}
{"level":"info","event":"action","runId":"d18872ad-a0f0-4e97-a683-5331e34e78a4","type":"challenge","rationale":"Disconfirm material conclusion: A primary source that directly contradicts this conclusion.","step":6,"t":"2026-09-17T21:45:44.569Z"}
{"level":"info","event":"action","runId":"d18872ad-a0f0-4e97-a683-5331e34e78a4","type":"challenge","rationale":"No counterexample found in accessed primary sources. This is not proof that the conclusion is true.","step":7,"t":"2026-09-17T21:45:44.581Z"}
{"level":"info","event":"action","runId":"d18872ad-a0f0-4e97-a683-5331e34e78a4","type":"synthesize","rationale":"decision_critical_gaps_resolved_or_unresolvable; high-impact claims supported or qualified; contradictions handled; remaining actions low expected value","step":8,"t":"2026-09-17T21:45:44.593Z"}
{"level":"info","event":"action","runId":"8740c6d2-a4d7-4c54-a5f2-c2ec159096ac","type":"search","rationale":"Investigate an uncovered required question","step":0,"t":"2026-09-17T21:45:45.100Z"}
{"level":"info","event":"action","runId":"8740c6d2-a4d7-4c54-a5f2-c2ec159096ac","type":"fetch","rationale":"Inspect an already-known source before another generic query","step":1,"t":"2026-09-17T21:45:45.114Z"}
{"level":"info","event":"action","runId":"8740c6d2-a4d7-4c54-a5f2-c2ec159096ac","type":"challenge","rationale":"Disconfirm material conclusion: A primary source that directly contradicts this conclusion.","step":2,"t":"2026-09-17T21:45:45.126Z"}
{"level":"info","event":"action","runId":"8740c6d2-a4d7-4c54-a5f2-c2ec159096ac","type":"challenge","rationale":"No counterexample found in accessed primary sources. This is not proof that the conclusion is true.","step":3,"t":"2026-09-17T21:45:45.140Z"}
{"level":"info","event":"action","runId":"8740c6d2-a4d7-4c54-a5f2-c2ec159096ac","type":"synthesize","rationale":"decision_critical_gaps_resolved_or_unresolvable; high-impact claims supported or qualified; contradictions handled; remaining actions low expected value","step":4,"t":"2026-09-17T21:45:45.148Z"}
{"level":"info","event":"action","runId":"56cbb6af-c037-4922-a42b-01a5bfad92a8","type":"search","rationale":"Investigate an uncovered required question","step":0,"t":"2026-09-17T21:45:45.629Z"}
{"level":"info","event":"action","runId":"56cbb6af-c037-4922-a42b-01a5bfad92a8","type":"fetch","rationale":"Inspect an already-known source before another generic query","step":1,"t":"2026-09-17T21:45:45.652Z"}
{"level":"info","event":"action","runId":"56cbb6af-c037-4922-a42b-01a5bfad92a8","type":"fetch","rationale":"Inspect an already-known source before another generic query","step":2,"t":"2026-09-17T21:45:45.663Z"}
{"level":"info","event":"action","runId":"56cbb6af-c037-4922-a42b-01a5bfad92a8","type":"fetch","rationale":"Inspect an already-known source before another generic query","step":3,"t":"2026-09-17T21:45:45.675Z"}
{"level":"info","event":"action","runId":"56cbb6af-c037-4922-a42b-01a5bfad92a8","type":"challenge","rationale":"Disconfirm material conclusion: A primary source that directly contradicts this conclusion.","step":4,"t":"2026-09-17T21:45:45.692Z"}
{"level":"info","event":"action","runId":"56cbb6af-c037-4922-a42b-01a5bfad92a8","type":"challenge","rationale":"No counterexample found in accessed primary sources. This is not proof that the conclusion is true.","step":5,"t":"2026-09-17T21:45:45.704Z"}
{"level":"info","event":"action","runId":"56cbb6af-c037-4922-a42b-01a5bfad92a8","type":"synthesize","rationale":"decision_critical_gaps_resolved_or_unresolvable; high-impact claims supported or qualified; contradictions handled; remaining actions low expected value","step":6,"t":"2026-09-17T21:45:45.713Z"}
{"level":"info","event":"action","runId":"c3329e43-e6ca-45c4-b1a0-4289b40f110a","type":"search","rationale":"Investigate an uncovered required question","step":0,"t":"2026-09-17T21:45:46.216Z"}
{"level":"info","event":"action","runId":"c3329e43-e6ca-45c4-b1a0-4289b40f110a","type":"fetch","rationale":"Inspect an already-known source before another generic query","step":1,"t":"2026-09-17T21:45:46.236Z"}
{"level":"info","event":"action","runId":"c3329e43-e6ca-45c4-b1a0-4289b40f110a","type":"fetch","rationale":"Inspect an already-known source before another generic query","step":2,"t":"2026-09-17T21:45:46.250Z"}
{"level":"info","event":"action","runId":"c3329e43-e6ca-45c4-b1a0-4289b40f110a","type":"fetch","rationale":"Inspect an already-known source before another generic query","step":3,"t":"2026-09-17T21:45:46.262Z"}
{"level":"info","event":"action","runId":"c3329e43-e6ca-45c4-b1a0-4289b40f110a","type":"challenge","rationale":"Disconfirm material conclusion: A primary source that directly contradicts this conclusion.","step":4,"t":"2026-09-17T21:45:46.276Z"}
{"level":"info","event":"action","runId":"c3329e43-e6ca-45c4-b1a0-4289b40f110a","type":"challenge","rationale":"No counterexample found in accessed primary sources. This is not proof that the conclusion is true.","step":5,"t":"2026-09-17T21:45:46.288Z"}
{"level":"info","event":"action","runId":"c3329e43-e6ca-45c4-b1a0-4289b40f110a","type":"synthesize","rationale":"decision_critical_gaps_resolved_or_unresolvable; high-impact claims supported or qualified; contradictions handled; remaining actions low expected value","step":6,"t":"2026-09-17T21:45:46.299Z"}
{"level":"info","event":"action","runId":"ebcc2db6-c467-4f68-b28b-c6bb6eec6af1","type":"search","rationale":"Investigate an uncovered required question","step":0,"t":"2026-09-17T21:45:46.799Z"}
{"level":"info","event":"action","runId":"ebcc2db6-c467-4f68-b28b-c6bb6eec6af1","type":"fetch","rationale":"Inspect an already-known source before another generic query","step":1,"t":"2026-09-17T21:45:46.818Z"}
{"level":"info","event":"action","runId":"ebcc2db6-c467-4f68-b28b-c6bb6eec6af1","type":"fetch","rationale":"Inspect an already-known source before another generic query","step":2,"t":"2026-09-17T21:45:46.830Z"}
{"level":"info","event":"action","runId":"ebcc2db6-c467-4f68-b28b-c6bb6eec6af1","type":"fetch","rationale":"Inspect an already-known source before another generic query","step":3,"t":"2026-09-17T21:45:46.841Z"}
{"level":"info","event":"action","runId":"ebcc2db6-c467-4f68-b28b-c6bb6eec6af1","type":"fetch","rationale":"Inspect an already-known source before another generic query","step":4,"t":"2026-09-17T21:45:46.854Z"}
{"level":"info","event":"action","runId":"ebcc2db6-c467-4f68-b28b-c6bb6eec6af1","type":"fetch","rationale":"Inspect an already-known source before another generic query","step":5,"t":"2026-09-17T21:45:46.864Z"}
{"level":"info","event":"action","runId":"ebcc2db6-c467-4f68-b28b-c6bb6eec6af1","type":"challenge","rationale":"Disconfirm material conclusion: A primary source that directly contradicts this conclusion.","step":6,"t":"2026-09-17T21:45:46.876Z"}
{"level":"info","event":"action","runId":"ebcc2db6-c467-4f68-b28b-c6bb6eec6af1","type":"challenge","rationale":"No counterexample found in accessed primary sources. This is not proof that the conclusion is true.","step":7,"t":"2026-09-17T21:45:46.891Z"}
{"level":"info","event":"action","runId":"ebcc2db6-c467-4f68-b28b-c6bb6eec6af1","type":"synthesize","rationale":"decision_critical_gaps_resolved_or_unresolvable; high-impact claims supported or qualified; contradictions handled; remaining actions low expected value","step":8,"t":"2026-09-17T21:45:46.904Z"}
{"level":"info","event":"action","runId":"56cf18c5-d988-457f-a94e-12a81640f7d9","type":"search","rationale":"Investigate an uncovered required question","step":0,"t":"2026-09-17T21:45:47.141Z"}
{"level":"info","event":"action","runId":"56cf18c5-d988-457f-a94e-12a81640f7d9","type":"fetch","rationale":"Inspect an already-known source before another generic query","step":1,"t":"2026-09-17T21:45:47.157Z"}
{"level":"info","event":"action","runId":"56cf18c5-d988-457f-a94e-12a81640f7d9","type":"fetch","rationale":"Inspect an already-known source before another generic query","step":2,"t":"2026-09-17T21:45:47.169Z"}
{"level":"info","event":"action","runId":"56cf18c5-d988-457f-a94e-12a81640f7d9","type":"fetch","rationale":"Inspect an already-known source before another generic query","step":3,"t":"2026-09-17T21:45:47.180Z"}
{"level":"info","event":"action","runId":"56cf18c5-d988-457f-a94e-12a81640f7d9","type":"fetch","rationale":"Inspect an already-known source before another generic query","step":4,"t":"2026-09-17T21:45:47.192Z"}
{"level":"info","event":"action","runId":"56cf18c5-d988-457f-a94e-12a81640f7d9","type":"fetch","rationale":"Inspect an already-known source before another generic query","step":5,"t":"2026-09-17T21:45:47.204Z"}
{"level":"info","event":"action","runId":"56cf18c5-d988-457f-a94e-12a81640f7d9","type":"challenge","rationale":"Disconfirm material conclusion: A primary source that directly contradicts this conclusion.","step":6,"t":"2026-09-17T21:45:47.217Z"}
{"level":"info","event":"action","runId":"56cf18c5-d988-457f-a94e-12a81640f7d9","type":"challenge","rationale":"Disconfirm material conclusion: A primary source that directly contradicts this conclusion.","step":7,"t":"2026-09-17T21:45:47.229Z"}
{"level":"info","event":"action","runId":"56cf18c5-d988-457f-a94e-12a81640f7d9","type":"challenge","rationale":"Disconfirm material conclusion: A primary source that directly contradicts this conclusion.","step":8,"t":"2026-09-17T21:45:47.241Z"}
{"level":"info","event":"action","runId":"56cf18c5-d988-457f-a94e-12a81640f7d9","type":"challenge","rationale":"Disconfirm material conclusion: A primary source that directly contradicts this conclusion.","step":9,"t":"2026-09-17T21:45:47.254Z"}
{"level":"info","event":"action","runId":"56cf18c5-d988-457f-a94e-12a81640f7d9","type":"challenge","rationale":"Disconfirm material conclusion: A primary source that directly contradicts this conclusion.","step":10,"t":"2026-09-17T21:45:47.265Z"}
{"level":"info","event":"action","runId":"56cf18c5-d988-457f-a94e-12a81640f7d9","type":"challenge","rationale":"Disconfirm material conclusion: A primary source that directly contradicts this conclusion.","step":11,"t":"2026-09-17T21:45:47.277Z"}
{"level":"info","event":"action","runId":"56cf18c5-d988-457f-a94e-12a81640f7d9","type":"challenge","rationale":"Disconfirm material conclusion: A primary source that directly contradicts this conclusion.","step":12,"t":"2026-09-17T21:45:47.291Z"}
{"level":"info","event":"action","runId":"56cf18c5-d988-457f-a94e-12a81640f7d9","type":"challenge","rationale":"No counterexample found in accessed primary sources. This is not proof that the conclusion is true.","step":13,"t":"2026-09-17T21:45:47.306Z"}
{"level":"info","event":"action","runId":"56cf18c5-d988-457f-a94e-12a81640f7d9","type":"stop","rationale":"Repeated searches returned no novel source family or coverage progress","step":14,"t":"2026-09-17T21:45:47.315Z"}
{"level":"info","event":"action","runId":"1bb0dacf-2894-4c46-926d-6515bd6167d5","type":"search","rationale":"Investigate an uncovered required question","step":0,"t":"2026-09-17T21:45:47.780Z"}
{"level":"info","event":"action","runId":"1bb0dacf-2894-4c46-926d-6515bd6167d5","type":"fetch","rationale":"Inspect an already-known source before another generic query","step":1,"t":"2026-09-17T21:45:47.796Z"}
{"level":"info","event":"action","runId":"1bb0dacf-2894-4c46-926d-6515bd6167d5","type":"fetch","rationale":"Inspect an already-known source before another generic query","step":2,"t":"2026-09-17T21:45:47.810Z"}
{"level":"info","event":"action","runId":"1bb0dacf-2894-4c46-926d-6515bd6167d5","type":"challenge","rationale":"Disconfirm material conclusion: A primary source that directly contradicts this conclusion.","step":3,"t":"2026-09-17T21:45:47.822Z"}
{"level":"info","event":"action","runId":"1bb0dacf-2894-4c46-926d-6515bd6167d5","type":"challenge","rationale":"No counterexample found in accessed primary sources. This is not proof that the conclusion is true.","step":4,"t":"2026-09-17T21:45:47.834Z"}
{"level":"info","event":"action","runId":"1bb0dacf-2894-4c46-926d-6515bd6167d5","type":"synthesize","rationale":"decision_critical_gaps_resolved_or_unresolvable; high-impact claims supported or qualified; contradictions handled; remaining actions low expected value","step":5,"t":"2026-09-17T21:45:47.843Z"}
{"level":"info","event":"action","runId":"2e1a0903-cb28-4642-aa1a-1bb970098d4e","type":"search","rationale":"Investigate an uncovered required question","step":0,"t":"2026-09-17T21:45:48.344Z"}
{"level":"info","event":"action","runId":"2e1a0903-cb28-4642-aa1a-1bb970098d4e","type":"fetch","rationale":"Inspect an already-known source before another generic query","step":1,"t":"2026-09-17T21:45:48.358Z"}
{"level":"info","event":"action","runId":"2e1a0903-cb28-4642-aa1a-1bb970098d4e","type":"challenge","rationale":"Disconfirm material conclusion: A primary source that directly contradicts this conclusion.","step":2,"t":"2026-09-17T21:45:48.369Z"}
{"level":"info","event":"action","runId":"2e1a0903-cb28-4642-aa1a-1bb970098d4e","type":"challenge","rationale":"No counterexample found in accessed primary sources. This is not proof that the conclusion is true.","step":3,"t":"2026-09-17T21:45:48.381Z"}
{"level":"info","event":"action","runId":"2e1a0903-cb28-4642-aa1a-1bb970098d4e","type":"synthesize","rationale":"decision_critical_gaps_resolved_or_unresolvable; high-impact claims supported or qualified; contradictions handled; remaining actions low expected value","step":4,"t":"2026-09-17T21:45:48.389Z"}
{"level":"info","event":"action","runId":"c6311995-968f-470c-bfa1-b542afdf242d","type":"search","rationale":"Investigate an uncovered required question","step":0,"t":"2026-09-17T21:45:48.858Z"}
{"level":"info","event":"action","runId":"c6311995-968f-470c-bfa1-b542afdf242d","type":"fetch","rationale":"Inspect an already-known source before another generic query","step":1,"t":"2026-09-17T21:45:48.871Z"}
{"level":"info","event":"action","runId":"c6311995-968f-470c-bfa1-b542afdf242d","type":"challenge","rationale":"Disconfirm material conclusion: A primary source that directly contradicts this conclusion.","step":2,"t":"2026-09-17T21:45:48.883Z"}
{"level":"info","event":"action","runId":"c6311995-968f-470c-bfa1-b542afdf242d","type":"challenge","rationale":"No counterexample found in accessed primary sources. This is not proof that the conclusion is true.","step":3,"t":"2026-09-17T21:45:48.894Z"}
{"level":"info","event":"action","runId":"c6311995-968f-470c-bfa1-b542afdf242d","type":"synthesize","rationale":"decision_critical_gaps_resolved_or_unresolvable; high-impact claims supported or qualified; contradictions handled; remaining actions low expected value","step":4,"t":"2026-09-17T21:45:48.905Z"}
{"level":"info","event":"action","runId":"07c755cd-d7b7-44da-93fd-6a51f93cf949","type":"search","rationale":"Investigate an uncovered required question","step":0,"t":"2026-09-17T21:45:49.385Z"}
{"level":"info","event":"action","runId":"07c755cd-d7b7-44da-93fd-6a51f93cf949","type":"fetch","rationale":"Inspect an already-known source before another generic query","step":1,"t":"2026-09-17T21:45:49.402Z"}
{"level":"info","event":"action","runId":"07c755cd-d7b7-44da-93fd-6a51f93cf949","type":"challenge","rationale":"Disconfirm material conclusion: A primary source that directly contradicts this conclusion.","step":2,"t":"2026-09-17T21:45:49.415Z"}
{"level":"info","event":"action","runId":"07c755cd-d7b7-44da-93fd-6a51f93cf949","type":"challenge","rationale":"No counterexample found in accessed primary sources. This is not proof that the conclusion is true.","step":3,"t":"2026-09-17T21:45:49.427Z"}
{"level":"info","event":"action","runId":"07c755cd-d7b7-44da-93fd-6a51f93cf949","type":"synthesize","rationale":"decision_critical_gaps_resolved_or_unresolvable; high-impact claims supported or qualified; contradictions handled; remaining actions low expected value","step":4,"t":"2026-09-17T21:45:49.437Z"}
{"level":"info","event":"action","runId":"58a5adb4-456f-45ab-b5d6-76f4e031821d","type":"search","rationale":"Investigate an uncovered required question","step":0,"t":"2026-09-17T21:45:49.911Z"}
{"level":"info","event":"action","runId":"58a5adb4-456f-45ab-b5d6-76f4e031821d","type":"fetch","rationale":"Inspect an already-known source before another generic query","step":1,"t":"2026-09-17T21:45:49.926Z"}
{"level":"info","event":"action","runId":"58a5adb4-456f-45ab-b5d6-76f4e031821d","type":"challenge","rationale":"Disconfirm material conclusion: A primary source that directly contradicts this conclusion.","step":2,"t":"2026-09-17T21:45:49.938Z"}
{"level":"info","event":"action","runId":"58a5adb4-456f-45ab-b5d6-76f4e031821d","type":"challenge","rationale":"No counterexample found in accessed primary sources. This is not proof that the conclusion is true.","step":3,"t":"2026-09-17T21:45:49.950Z"}
{"level":"info","event":"action","runId":"58a5adb4-456f-45ab-b5d6-76f4e031821d","type":"synthesize","rationale":"decision_critical_gaps_resolved_or_unresolvable; high-impact claims supported or qualified; contradictions handled; remaining actions low expected value","step":4,"t":"2026-09-17T21:45:49.960Z"}
{"level":"info","event":"action","runId":"a9983762-3e6c-4a74-a146-d45c13ab2b3d","type":"search","rationale":"Investigate an uncovered required question","step":0,"t":"2026-09-17T21:45:50.452Z"}
{"level":"info","event":"action","runId":"a9983762-3e6c-4a74-a146-d45c13ab2b3d","type":"fetch","rationale":"Inspect an already-known source before another generic query","step":1,"t":"2026-09-17T21:45:50.471Z"}
{"level":"info","event":"action","runId":"a9983762-3e6c-4a74-a146-d45c13ab2b3d","type":"fetch","rationale":"Inspect an already-known source before another generic query","step":2,"t":"2026-09-17T21:45:50.484Z"}
{"level":"info","event":"action","runId":"a9983762-3e6c-4a74-a146-d45c13ab2b3d","type":"fetch","rationale":"Inspect an already-known source before another generic query","step":3,"t":"2026-09-17T21:45:50.495Z"}
{"level":"info","event":"action","runId":"a9983762-3e6c-4a74-a146-d45c13ab2b3d","type":"fetch","rationale":"Inspect an already-known source before another generic query","step":4,"t":"2026-09-17T21:45:50.507Z"}
{"level":"info","event":"action","runId":"a9983762-3e6c-4a74-a146-d45c13ab2b3d","type":"fetch","rationale":"Inspect an already-known source before another generic query","step":5,"t":"2026-09-17T21:45:50.521Z"}
{"level":"info","event":"action","runId":"a9983762-3e6c-4a74-a146-d45c13ab2b3d","type":"challenge","rationale":"Disconfirm material conclusion: A primary source that directly contradicts this conclusion.","step":6,"t":"2026-09-17T21:45:50.533Z"}
{"level":"info","event":"action","runId":"a9983762-3e6c-4a74-a146-d45c13ab2b3d","type":"challenge","rationale":"No counterexample found in accessed primary sources. This is not proof that the conclusion is true.","step":7,"t":"2026-09-17T21:45:50.547Z"}
{"level":"info","event":"action","runId":"a9983762-3e6c-4a74-a146-d45c13ab2b3d","type":"synthesize","rationale":"decision_critical_gaps_resolved_or_unresolvable; high-impact claims supported or qualified; contradictions handled; remaining actions low expected value","step":8,"t":"2026-09-17T21:45:50.557Z"}
{"level":"info","event":"action","runId":"9bcb7111-1e4f-478c-a357-8330dfd111dd","type":"search","rationale":"Investigate an uncovered required question","step":0,"t":"2026-09-17T21:45:51.003Z"}
{"level":"info","event":"action","runId":"9bcb7111-1e4f-478c-a357-8330dfd111dd","type":"fetch","rationale":"Inspect an already-known source before another generic query","step":1,"t":"2026-09-17T21:45:51.033Z"}
{"level":"info","event":"action","runId":"9bcb7111-1e4f-478c-a357-8330dfd111dd","type":"synthesize","rationale":"budget requires finishing with available evidence","step":2,"t":"2026-09-17T21:45:51.049Z"}
{"level":"info","event":"action","runId":"75b5cc80-eed9-454c-8a0e-b76063b8355a","type":"search","rationale":"Investigate an uncovered required question","step":0,"t":"2026-09-17T21:45:51.567Z"}
{"level":"info","event":"action","runId":"75b5cc80-eed9-454c-8a0e-b76063b8355a","type":"fetch","rationale":"Inspect an already-known source before another generic query","step":1,"t":"2026-09-17T21:45:51.587Z"}
{"level":"info","event":"action","runId":"75b5cc80-eed9-454c-8a0e-b76063b8355a","type":"fetch","rationale":"Inspect an already-known source before another generic query","step":2,"t":"2026-09-17T21:45:51.599Z"}
{"level":"info","event":"action","runId":"75b5cc80-eed9-454c-8a0e-b76063b8355a","type":"fetch","rationale":"Inspect an already-known source before another generic query","step":3,"t":"2026-09-17T21:45:51.612Z"}
{"level":"info","event":"action","runId":"75b5cc80-eed9-454c-8a0e-b76063b8355a","type":"fetch","rationale":"Inspect an already-known source before another generic query","step":4,"t":"2026-09-17T21:45:51.630Z"}
{"level":"info","event":"action","runId":"75b5cc80-eed9-454c-8a0e-b76063b8355a","type":"fetch","rationale":"Inspect an already-known source before another generic query","step":5,"t":"2026-09-17T21:45:51.643Z"}
{"level":"info","event":"action","runId":"75b5cc80-eed9-454c-8a0e-b76063b8355a","type":"challenge","rationale":"Disconfirm material conclusion: A primary source that directly contradicts this conclusion.","step":6,"t":"2026-09-17T21:45:51.659Z"}
{"level":"info","event":"action","runId":"75b5cc80-eed9-454c-8a0e-b76063b8355a","type":"challenge","rationale":"No counterexample found in accessed primary sources. This is not proof that the conclusion is true.","step":7,"t":"2026-09-17T21:45:51.671Z"}
{"level":"info","event":"action","runId":"75b5cc80-eed9-454c-8a0e-b76063b8355a","type":"synthesize","rationale":"decision_critical_gaps_resolved_or_unresolvable; high-impact claims supported or qualified; contradictions handled; remaining actions low expected value","step":8,"t":"2026-09-17T21:45:51.681Z"}
{"level":"info","event":"action","runId":"a95ee672-f4ff-4b68-aef5-5d2c1d719fb1","type":"search","rationale":"Investigate an uncovered required question","step":0,"t":"2026-09-17T21:45:52.496Z"}
{"level":"info","event":"action","runId":"a95ee672-f4ff-4b68-aef5-5d2c1d719fb1","type":"fetch","rationale":"Inspect an already-known source before another generic query","step":1,"t":"2026-09-17T21:45:52.524Z"}
{"level":"info","event":"action","runId":"a95ee672-f4ff-4b68-aef5-5d2c1d719fb1","type":"fetch","rationale":"Inspect an already-known source before another generic query","step":2,"t":"2026-09-17T21:45:52.538Z"}
{"level":"info","event":"action","runId":"a95ee672-f4ff-4b68-aef5-5d2c1d719fb1","type":"fetch","rationale":"Inspect an already-known source before another generic query","step":3,"t":"2026-09-17T21:45:52.551Z"}
{"level":"info","event":"action","runId":"a95ee672-f4ff-4b68-aef5-5d2c1d719fb1","type":"fetch","rationale":"Inspect an already-known source before another generic query","step":4,"t":"2026-09-17T21:45:52.565Z"}
{"level":"info","event":"action","runId":"a95ee672-f4ff-4b68-aef5-5d2c1d719fb1","type":"fetch","rationale":"Inspect an already-known source before another generic query","step":5,"t":"2026-09-17T21:45:52.581Z"}
{"level":"info","event":"action","runId":"a95ee672-f4ff-4b68-aef5-5d2c1d719fb1","type":"challenge","rationale":"Disconfirm material conclusion: A primary source that directly contradicts this conclusion.","step":6,"t":"2026-09-17T21:45:52.596Z"}
{"level":"info","event":"action","runId":"a95ee672-f4ff-4b68-aef5-5d2c1d719fb1","type":"challenge","rationale":"No counterexample found in accessed primary sources. This is not proof that the conclusion is true.","step":7,"t":"2026-09-17T21:45:52.622Z"}
{"level":"info","event":"action","runId":"a95ee672-f4ff-4b68-aef5-5d2c1d719fb1","type":"synthesize","rationale":"decision_critical_gaps_resolved_or_unresolvable; high-impact claims supported or qualified; contradictions handled; remaining actions low expected value","step":8,"t":"2026-09-17T21:45:52.636Z"}
{"level":"info","event":"action","runId":"ffa9a660-cb36-4955-82b8-e65f7a8d75be","type":"challenge","rationale":"Disconfirm material conclusion: A primary source that directly contradicts this conclusion.","step":0,"t":"2026-09-17T21:45:53.687Z"}
{"level":"info","event":"action","runId":"ffa9a660-cb36-4955-82b8-e65f7a8d75be","type":"fetch","rationale":"Inspect an already-known source before another generic query","step":1,"t":"2026-09-17T21:45:53.725Z"}
{"level":"info","event":"action","runId":"ffa9a660-cb36-4955-82b8-e65f7a8d75be","type":"fetch","rationale":"Inspect an already-known source before another generic query","step":2,"t":"2026-09-17T21:45:53.758Z"}
{"level":"info","event":"action","runId":"ffa9a660-cb36-4955-82b8-e65f7a8d75be","type":"fetch","rationale":"Inspect an already-known source before another generic query","step":3,"t":"2026-09-17T21:45:53.784Z"}
{"level":"info","event":"action","runId":"ffa9a660-cb36-4955-82b8-e65f7a8d75be","type":"challenge","rationale":"No counterexample found in accessed primary sources. This is not proof that the conclusion is true.","step":4,"t":"2026-09-17T21:45:53.809Z"}
{"level":"info","event":"action","runId":"ffa9a660-cb36-4955-82b8-e65f7a8d75be","type":"synthesize","rationale":"decision_critical_gaps_resolved_or_unresolvable; high-impact claims supported or qualified; contradictions handled; remaining actions low expected value","step":5,"t":"2026-09-17T21:45:53.829Z"}
{"level":"info","event":"action","runId":"7b7578c3-c001-43b7-bfa8-d7ab7c44375b","type":"challenge","rationale":"Disconfirm material conclusion: A primary source that directly contradicts this conclusion.","step":0,"t":"2026-09-17T21:45:54.635Z"}
{"level":"info","event":"action","runId":"7b7578c3-c001-43b7-bfa8-d7ab7c44375b","type":"fetch","rationale":"Inspect an already-known source before another generic query","step":1,"t":"2026-09-17T21:45:54.689Z"}
{"level":"info","event":"action","runId":"7b7578c3-c001-43b7-bfa8-d7ab7c44375b","type":"fetch","rationale":"Inspect an already-known source before another generic query","step":2,"t":"2026-09-17T21:45:54.719Z"}
{"level":"info","event":"action","runId":"7b7578c3-c001-43b7-bfa8-d7ab7c44375b","type":"fetch","rationale":"Inspect an already-known source before another generic query","step":3,"t":"2026-09-17T21:45:54.754Z"}
{"level":"info","event":"action","runId":"7b7578c3-c001-43b7-bfa8-d7ab7c44375b","type":"challenge","rationale":"No counterexample found in accessed primary sources. This is not proof that the conclusion is true.","step":4,"t":"2026-09-17T21:45:54.785Z"}
{"level":"info","event":"action","runId":"7b7578c3-c001-43b7-bfa8-d7ab7c44375b","type":"synthesize","rationale":"decision_critical_gaps_resolved_or_unresolvable; high-impact claims supported or qualified; contradictions handled; remaining actions low expected value","step":5,"t":"2026-09-17T21:45:54.803Z"}
{"level":"info","event":"action","runId":"a84a4c30-771e-47a2-a923-93cbe2a0d674","type":"search","rationale":"Investigate an uncovered required question","step":0,"t":"2026-09-17T21:45:55.327Z"}
{"level":"info","event":"action","runId":"a84a4c30-771e-47a2-a923-93cbe2a0d674","type":"fetch","rationale":"Inspect an already-known source before another generic query","step":1,"t":"2026-09-17T21:45:55.393Z"}
{"level":"info","event":"action","runId":"a84a4c30-771e-47a2-a923-93cbe2a0d674","type":"fetch","rationale":"Inspect an already-known source before another generic query","step":2,"t":"2026-09-17T21:45:55.431Z"}
{"level":"info","event":"action","runId":"a84a4c30-771e-47a2-a923-93cbe2a0d674","type":"fetch","rationale":"Inspect an already-known source before another generic query","step":3,"t":"2026-09-17T21:45:55.462Z"}
{"level":"info","event":"action","runId":"a84a4c30-771e-47a2-a923-93cbe2a0d674","type":"fetch","rationale":"Inspect an already-known source before another generic query","step":4,"t":"2026-09-17T21:45:55.488Z"}
{"level":"info","event":"action","runId":"a84a4c30-771e-47a2-a923-93cbe2a0d674","type":"fetch","rationale":"Inspect an already-known source before another generic query","step":5,"t":"2026-09-17T21:45:55.522Z"}
{"level":"info","event":"action","runId":"a84a4c30-771e-47a2-a923-93cbe2a0d674","type":"challenge","rationale":"Disconfirm material conclusion: A primary source that directly contradicts this conclusion.","step":6,"t":"2026-09-17T21:45:55.554Z"}
{"level":"info","event":"action","runId":"a84a4c30-771e-47a2-a923-93cbe2a0d674","type":"challenge","rationale":"No counterexample found in accessed primary sources. This is not proof that the conclusion is true.","step":7,"t":"2026-09-17T21:45:55.586Z"}
{"level":"info","event":"action","runId":"a84a4c30-771e-47a2-a923-93cbe2a0d674","type":"synthesize","rationale":"decision_critical_gaps_resolved_or_unresolvable; high-impact claims supported or qualified; contradictions handled; remaining actions low expected value","step":8,"t":"2026-09-17T21:45:55.615Z"}
{"level":"info","event":"action","runId":"3fdca471-65fa-4e2e-b88a-812ff1eaf2da","type":"search","rationale":"Investigate an uncovered required question","step":0,"t":"2026-09-17T21:45:56.360Z"}
{"level":"info","event":"action","runId":"3fdca471-65fa-4e2e-b88a-812ff1eaf2da","type":"fetch","rationale":"Inspect an already-known source before another generic query","step":1,"t":"2026-09-17T21:45:56.399Z"}
{"level":"info","event":"action","runId":"3fdca471-65fa-4e2e-b88a-812ff1eaf2da","type":"fetch","rationale":"Inspect an already-known source before another generic query","step":2,"t":"2026-09-17T21:45:56.420Z"}
{"level":"info","event":"action","runId":"3fdca471-65fa-4e2e-b88a-812ff1eaf2da","type":"fetch","rationale":"Inspect an already-known source before another generic query","step":3,"t":"2026-09-17T21:45:56.444Z"}
{"level":"info","event":"action","runId":"3fdca471-65fa-4e2e-b88a-812ff1eaf2da","type":"fetch","rationale":"Inspect an already-known source before another generic query","step":4,"t":"2026-09-17T21:45:56.477Z"}
{"level":"info","event":"action","runId":"3fdca471-65fa-4e2e-b88a-812ff1eaf2da","type":"fetch","rationale":"Inspect an already-known source before another generic query","step":5,"t":"2026-09-17T21:45:56.515Z"}
{"level":"info","event":"action","runId":"3fdca471-65fa-4e2e-b88a-812ff1eaf2da","type":"challenge","rationale":"Disconfirm material conclusion: A primary source that directly contradicts this conclusion.","step":6,"t":"2026-09-17T21:45:56.536Z"}
{"level":"info","event":"action","runId":"3fdca471-65fa-4e2e-b88a-812ff1eaf2da","type":"challenge","rationale":"No counterexample found in accessed primary sources. This is not proof that the conclusion is true.","step":7,"t":"2026-09-17T21:45:56.565Z"}
{"level":"info","event":"action","runId":"3fdca471-65fa-4e2e-b88a-812ff1eaf2da","type":"synthesize","rationale":"decision_critical_gaps_resolved_or_unresolvable; high-impact claims supported or qualified; contradictions handled; remaining actions low expected value","step":8,"t":"2026-09-17T21:45:56.579Z"}
{"level":"info","event":"action","runId":"cdfef9ea-0fcc-49e8-8cb0-761d46c27e62","type":"clarify","rationale":"A blocking field is unspecified and would change the answer","step":0,"t":"2026-09-17T21:45:58.090Z"}
{"level":"info","event":"action","runId":"82c75728-714d-459e-b33a-32b6013e341a","type":"clarify","rationale":"A blocking field is unspecified and would change the answer","step":0,"t":"2026-09-17T21:45:58.461Z"}
{"level":"info","event":"action","runId":"82c75728-714d-459e-b33a-32b6013e341a","type":"search","rationale":"Investigate an uncovered required question","step":0,"t":"2026-09-17T21:45:58.494Z"}
{"level":"info","event":"action","runId":"82c75728-714d-459e-b33a-32b6013e341a","type":"fetch","rationale":"Inspect an already-known source before another generic query","step":1,"t":"2026-09-17T21:45:58.520Z"}
{"level":"info","event":"action","runId":"82c75728-714d-459e-b33a-32b6013e341a","type":"challenge","rationale":"Disconfirm material conclusion: A primary source that directly contradicts this conclusion.","step":2,"t":"2026-09-17T21:45:58.543Z"}
{"level":"info","event":"action","runId":"82c75728-714d-459e-b33a-32b6013e341a","type":"challenge","rationale":"Disconfirm material conclusion: A primary source that directly contradicts this conclusion.","step":3,"t":"2026-09-17T21:45:58.560Z"}
{"level":"info","event":"action","runId":"82c75728-714d-459e-b33a-32b6013e341a","type":"challenge","rationale":"Disconfirm material conclusion: A primary source that directly contradicts this conclusion.","step":4,"t":"2026-09-17T21:45:58.578Z"}
{"level":"info","event":"action","runId":"82c75728-714d-459e-b33a-32b6013e341a","type":"challenge","rationale":"Disconfirm material conclusion: A primary source that directly contradicts this conclusion.","step":5,"t":"2026-09-17T21:45:58.606Z"}
{"level":"info","event":"action","runId":"82c75728-714d-459e-b33a-32b6013e341a","type":"challenge","rationale":"Disconfirm material conclusion: A primary source that directly contradicts this conclusion.","step":6,"t":"2026-09-17T21:45:58.630Z"}
{"level":"info","event":"action","runId":"82c75728-714d-459e-b33a-32b6013e341a","type":"challenge","rationale":"Disconfirm material conclusion: A primary source that directly contradicts this conclusion.","step":7,"t":"2026-09-17T21:45:58.647Z"}
{"level":"info","event":"action","runId":"82c75728-714d-459e-b33a-32b6013e341a","type":"challenge","rationale":"Disconfirm material conclusion: A primary source that directly contradicts this conclusion.","step":8,"t":"2026-09-17T21:45:58.672Z"}
{"level":"info","event":"action","runId":"82c75728-714d-459e-b33a-32b6013e341a","type":"challenge","rationale":"No counterexample found in accessed primary sources. This is not proof that the conclusion is true.","step":9,"t":"2026-09-17T21:45:58.710Z"}
{"level":"info","event":"action","runId":"82c75728-714d-459e-b33a-32b6013e341a","type":"stop","rationale":"Repeated searches returned no novel source family or coverage progress","step":10,"t":"2026-09-17T21:45:58.736Z"}
{"level":"info","event":"action","runId":"2f68d692-94fb-4d59-aa85-bad5393bb7fa","type":"clarify","rationale":"A blocking field is unspecified and would change the answer","step":0,"t":"2026-09-17T21:45:59.409Z"}
{"level":"info","event":"action","runId":"2f68d692-94fb-4d59-aa85-bad5393bb7fa","type":"search","rationale":"Investigate an uncovered required question","step":0,"t":"2026-09-17T21:45:59.468Z"}
{"level":"info","event":"action","runId":"2f68d692-94fb-4d59-aa85-bad5393bb7fa","type":"fetch","rationale":"Inspect an already-known source before another generic query","step":1,"t":"2026-09-17T21:45:59.494Z"}
{"level":"info","event":"action","runId":"2f68d692-94fb-4d59-aa85-bad5393bb7fa","type":"challenge","rationale":"Disconfirm material conclusion: A primary source that directly contradicts this conclusion.","step":2,"t":"2026-09-17T21:45:59.519Z"}
{"level":"info","event":"action","runId":"2f68d692-94fb-4d59-aa85-bad5393bb7fa","type":"challenge","rationale":"Disconfirm material conclusion: A primary source that directly contradicts this conclusion.","step":3,"t":"2026-09-17T21:45:59.554Z"}
{"level":"info","event":"action","runId":"2f68d692-94fb-4d59-aa85-bad5393bb7fa","type":"challenge","rationale":"Disconfirm material conclusion: A primary source that directly contradicts this conclusion.","step":4,"t":"2026-09-17T21:45:59.596Z"}
{"level":"info","event":"action","runId":"2f68d692-94fb-4d59-aa85-bad5393bb7fa","type":"challenge","rationale":"Disconfirm material conclusion: A primary source that directly contradicts this conclusion.","step":5,"t":"2026-09-17T21:45:59.636Z"}
{"level":"info","event":"action","runId":"2f68d692-94fb-4d59-aa85-bad5393bb7fa","type":"challenge","rationale":"Disconfirm material conclusion: A primary source that directly contradicts this conclusion.","step":6,"t":"2026-09-17T21:45:59.660Z"}
{"level":"info","event":"action","runId":"2f68d692-94fb-4d59-aa85-bad5393bb7fa","type":"challenge","rationale":"Disconfirm material conclusion: A primary source that directly contradicts this conclusion.","step":7,"t":"2026-09-17T21:45:59.696Z"}
{"level":"info","event":"action","runId":"2f68d692-94fb-4d59-aa85-bad5393bb7fa","type":"challenge","rationale":"Disconfirm material conclusion: A primary source that directly contradicts this conclusion.","step":8,"t":"2026-09-17T21:45:59.721Z"}
{"level":"info","event":"action","runId":"2f68d692-94fb-4d59-aa85-bad5393bb7fa","type":"challenge","rationale":"No counterexample found in accessed primary sources. This is not proof that the conclusion is true.","step":9,"t":"2026-09-17T21:45:59.741Z"}
{"level":"info","event":"action","runId":"2f68d692-94fb-4d59-aa85-bad5393bb7fa","type":"stop","rationale":"Repeated searches returned no novel source family or coverage progress","step":10,"t":"2026-09-17T21:45:59.766Z"}
{"level":"info","event":"action","runId":"1d19e612-b75a-4831-b0e5-44b2a54fcd9a","type":"clarify","rationale":"A blocking field is unspecified and would change the answer","step":0,"t":"2026-09-17T21:46:00.516Z"}
{"level":"info","event":"action","runId":"1d19e612-b75a-4831-b0e5-44b2a54fcd9a","type":"search","rationale":"Investigate an uncovered required question","step":0,"t":"2026-09-17T21:46:00.563Z"}
{"level":"info","event":"action","runId":"1d19e612-b75a-4831-b0e5-44b2a54fcd9a","type":"fetch","rationale":"Inspect an already-known source before another generic query","step":1,"t":"2026-09-17T21:46:00.605Z"}
{"level":"info","event":"action","runId":"1d19e612-b75a-4831-b0e5-44b2a54fcd9a","type":"challenge","rationale":"Disconfirm material conclusion: A primary source that directly contradicts this conclusion.","step":2,"t":"2026-09-17T21:46:00.645Z"}
{"level":"info","event":"action","runId":"1d19e612-b75a-4831-b0e5-44b2a54fcd9a","type":"challenge","rationale":"Disconfirm material conclusion: A primary source that directly contradicts this conclusion.","step":3,"t":"2026-09-17T21:46:00.693Z"}
{"level":"info","event":"action","runId":"1d19e612-b75a-4831-b0e5-44b2a54fcd9a","type":"challenge","rationale":"Disconfirm material conclusion: A primary source that directly contradicts this conclusion.","step":4,"t":"2026-09-17T21:46:00.725Z"}
{"level":"info","event":"action","runId":"1d19e612-b75a-4831-b0e5-44b2a54fcd9a","type":"challenge","rationale":"Disconfirm material conclusion: A primary source that directly contradicts this conclusion.","step":5,"t":"2026-09-17T21:46:00.755Z"}
{"level":"info","event":"action","runId":"1d19e612-b75a-4831-b0e5-44b2a54fcd9a","type":"challenge","rationale":"Disconfirm material conclusion: A primary source that directly contradicts this conclusion.","step":6,"t":"2026-09-17T21:46:00.779Z"}
{"level":"info","event":"action","runId":"1d19e612-b75a-4831-b0e5-44b2a54fcd9a","type":"challenge","rationale":"Disconfirm material conclusion: A primary source that directly contradicts this conclusion.","step":7,"t":"2026-09-17T21:46:00.814Z"}
{"level":"info","event":"action","runId":"1d19e612-b75a-4831-b0e5-44b2a54fcd9a","type":"challenge","rationale":"Disconfirm material conclusion: A primary source that directly contradicts this conclusion.","step":8,"t":"2026-09-17T21:46:00.850Z"}
{"level":"info","event":"action","runId":"1d19e612-b75a-4831-b0e5-44b2a54fcd9a","type":"challenge","rationale":"No counterexample found in accessed primary sources. This is not proof that the conclusion is true.","step":9,"t":"2026-09-17T21:46:00.876Z"}
{"level":"info","event":"action","runId":"1d19e612-b75a-4831-b0e5-44b2a54fcd9a","type":"stop","rationale":"Repeated searches returned no novel source family or coverage progress","step":10,"t":"2026-09-17T21:46:00.894Z"}
 ✓ test/p3-remaining.integration.test.ts (51 tests) 32098ms
   ✓ remaining launch-scope IDs > M04 fixture comparison publishes a wide table, code listing, unicode-safe text, and many citations  905ms
   ✓ remaining launch-scope IDs > R06 preserves event date vs publication date  632ms
   ✓ remaining launch-scope IDs > R10 declines an unrelated celebrity branch from page content  678ms
   ✓ remaining launch-scope IDs > R12 explains different percentage denominators instead of averaging  560ms
   ✓ remaining launch-scope IDs > R15 states unknown without a fake probability  540ms
   ✓ remaining launch-scope IDs > R16 comparison names the requested entities and constraints  603ms
   ✓ remaining launch-scope IDs > E05 new source version does not rewrite the original report citation  630ms
   ✓ remaining launch-scope IDs > V2-13 private canary is stored as evidence, omitted from public queries, and denied to another account  614ms
   ✓ remaining launch-scope IDs > JOB-1 eligibility-aware comparison under platform and export constraints  597ms
   ✓ remaining launch-scope IDs > JOB-1 adding Linux as a hard requirement excludes NoteKeep and keeps NoteAll  998ms
   ✓ remaining launch-scope IDs > JOB-1 removing Linux as a requirement makes NoteKeep eligible again  1058ms
   ✓ remaining launch-scope IDs > JOB-2 attached document text is stored as supplied evidence and not used as a public query  606ms
   ✓ remaining launch-scope IDs > E06 actual PDF with no readable evidence is disclosed as unread pages  630ms
   ✓ remaining launch-scope IDs > E08 quoted report text is taken from the stored passage  590ms
   ✓ remaining launch-scope IDs > E09 export citation anchors resolve to owned passages  598ms
   ✓ remaining launch-scope IDs > J02 a second processRun after completion does not duplicate the report or settlement  592ms
   ✓ remaining launch-scope IDs > J06 cancel after completion keeps the published report  602ms
   ✓ remaining launch-scope IDs > J08 event cursor returns only later sequences  601ms
   ✓ remaining launch-scope IDs > J13 live spend kill switch blocks new paid routes but keeps saved reports  631ms
   ✓ remaining launch-scope IDs > S07 cross-account reports are denied  621ms
   ✓ remaining launch-scope IDs > V2-10 a later unavailable fetch does not retract last-access evidence  618ms
   ✓ remaining launch-scope IDs > V2-11 concise view uses the same answer citations as the body  600ms
   ✓ remaining launch-scope IDs > V2-19 scanned tables stay unread rather than guessed  545ms
   ✓ remaining launch-scope IDs > R17 concise request still keeps limitations  581ms
   ✓ remaining launch-scope IDs > R18 compacted checkpoint still lists stored passage ids  581ms
   ✓ remaining launch-scope IDs > R19 follow-up verifies one claim and keeps the parent report  997ms
   ✓ remaining launch-scope IDs > R20 dates a retrieved price and keeps a founding year as history  547ms
   ✓ remaining launch-scope IDs > R21 labels a German original as a translation  528ms
   ✓ remaining launch-scope IDs > E03 preserves the adults-over-65 qualifier  522ms
   ✓ remaining launch-scope IDs > E04 report uses the table's 24% rather than 42%  524ms
   ✓ remaining launch-scope IDs > E10 withdraws the conclusion when the asserted 42% is unsupported by the 24% table  527ms
   ✓ remaining launch-scope IDs > J07 expired lease is reclaimed; a live lease is not stolen  572ms
   ✓ remaining launch-scope IDs > J10 a tight budget still publishes a written report  529ms
   ✓ remaining launch-scope IDs > J11 reports that app counters are not provider-internal guarantees  630ms
   ✓ remaining launch-scope IDs > J14 duplicate completion epochs share one outbox row and omit query text  716ms
   ✓ remaining launch-scope IDs > S08 unsigned purchase payloads cannot grant entitlement  326ms
   ✓ remaining launch-scope IDs > V2-09 deleted attachment text is not left in reports  995ms
   ✓ remaining launch-scope IDs > V2-09 late worker cannot republish deleted private text even if it claims deleted=false  701ms
   ✓ remaining launch-scope IDs > expired session cannot read library or reports  1047ms
   ✓ remaining launch-scope IDs > library lists report_id for a completed run so share can resolve  906ms
   ✓ remaining launch-scope IDs > V2-14 outcome-unknown live spend is not treated as zero against the cap  452ms
   ✓ remaining launch-scope IDs > M09 web deletion page is reachable without the app and deletes with a session token  415ms
   ✓ remaining launch-scope IDs > R02 continue without geography is rejected and does not invent Germany  359ms
   ✓ remaining launch-scope IDs > clarification continue records geography and resumes  892ms
   ✓ remaining launch-scope IDs > R02 continue with France records France and does not invent Germany  1097ms
   ✓ remaining launch-scope IDs > R02 after France continue discovery uses France evidence not the Germany default note  1118ms
{"level":"info","event":"action","runId":"7c61d447-8b51-4574-9bca-d0ce3a1dddf3","type":"search","rationale":"Investigate an uncovered required question","step":0,"t":"2026-09-17T21:46:03.253Z"}
{"level":"info","event":"action","runId":"7c61d447-8b51-4574-9bca-d0ce3a1dddf3","type":"fetch","rationale":"Inspect an already-known source before another generic query","step":1,"t":"2026-09-17T21:46:03.331Z"}
{"level":"info","event":"action","runId":"7c61d447-8b51-4574-9bca-d0ce3a1dddf3","type":"fetch","rationale":"Inspect an already-known source before another generic query","step":2,"t":"2026-09-17T21:46:03.369Z"}
{"level":"info","event":"action","runId":"7c61d447-8b51-4574-9bca-d0ce3a1dddf3","type":"fetch","rationale":"Inspect an already-known source before another generic query","step":3,"t":"2026-09-17T21:46:03.423Z"}
{"level":"info","event":"action","runId":"7c61d447-8b51-4574-9bca-d0ce3a1dddf3","type":"challenge","rationale":"Disconfirm material conclusion: A primary source that directly contradicts this conclusion.","step":4,"t":"2026-09-17T21:46:03.495Z"}
{"level":"info","event":"action","runId":"7c61d447-8b51-4574-9bca-d0ce3a1dddf3","type":"challenge","rationale":"No counterexample found in accessed primary sources. This is not proof that the conclusion is true.","step":5,"t":"2026-09-17T21:46:03.549Z"}
{"level":"info","event":"action","runId":"7c61d447-8b51-4574-9bca-d0ce3a1dddf3","type":"synthesize","rationale":"decision_critical_gaps_resolved_or_unresolvable; high-impact claims supported or qualified; contradictions handled; remaining actions low expected value","step":6,"t":"2026-09-17T21:46:03.590Z"}
{"level":"info","event":"action","runId":"3221fd7e-c0a7-4385-900d-eddd55b3d23e","type":"search","rationale":"Investigate an uncovered required question","step":0,"t":"2026-09-17T21:46:04.553Z"}
{"level":"info","event":"action","runId":"3221fd7e-c0a7-4385-900d-eddd55b3d23e","type":"fetch","rationale":"Inspect an already-known source before another generic query","step":1,"t":"2026-09-17T21:46:04.618Z"}
{"level":"info","event":"action","runId":"3221fd7e-c0a7-4385-900d-eddd55b3d23e","type":"challenge","rationale":"Disconfirm material conclusion: A current official catalog entry for the named product.","step":2,"t":"2026-09-17T21:46:04.667Z"}
{"level":"info","event":"action","runId":"3221fd7e-c0a7-4385-900d-eddd55b3d23e","type":"challenge","rationale":"No counterexample found in accessed primary sources. This is not proof that the conclusion is true.","step":3,"t":"2026-09-17T21:46:04.715Z"}
{"level":"info","event":"action","runId":"3221fd7e-c0a7-4385-900d-eddd55b3d23e","type":"synthesize","rationale":"decision_critical_gaps_resolved_or_unresolvable; high-impact claims supported or qualified; contradictions handled; remaining actions low expected value","step":4,"t":"2026-09-17T21:46:04.759Z"}
{"level":"info","event":"action","runId":"e84acd45-b9df-406c-a268-0117ee080016","type":"search","rationale":"Investigate an uncovered required question","step":0,"t":"2026-09-17T21:46:05.680Z"}
{"level":"info","event":"action","runId":"e84acd45-b9df-406c-a268-0117ee080016","type":"fetch","rationale":"Inspect an already-known source before another generic query","step":1,"t":"2026-09-17T21:46:05.748Z"}
{"level":"info","event":"action","runId":"e84acd45-b9df-406c-a268-0117ee080016","type":"fetch","rationale":"Inspect an already-known source before another generic query","step":2,"t":"2026-09-17T21:46:05.782Z"}
{"level":"info","event":"action","runId":"e84acd45-b9df-406c-a268-0117ee080016","type":"fetch","rationale":"Inspect an already-known source before another generic query","step":3,"t":"2026-09-17T21:46:05.818Z"}
{"level":"info","event":"action","runId":"e84acd45-b9df-406c-a268-0117ee080016","type":"fetch","rationale":"Inspect an already-known source before another generic query","step":4,"t":"2026-09-17T21:46:05.852Z"}
{"level":"info","event":"action","runId":"e84acd45-b9df-406c-a268-0117ee080016","type":"fetch","rationale":"Inspect an already-known source before another generic query","step":5,"t":"2026-09-17T21:46:05.882Z"}
{"level":"info","event":"action","runId":"e84acd45-b9df-406c-a268-0117ee080016","type":"challenge","rationale":"Disconfirm material conclusion: A primary source that directly contradicts this conclusion.","step":6,"t":"2026-09-17T21:46:05.923Z"}
{"level":"info","event":"action","runId":"e84acd45-b9df-406c-a268-0117ee080016","type":"challenge","rationale":"No counterexample found in accessed primary sources. This is not proof that the conclusion is true.","step":7,"t":"2026-09-17T21:46:05.965Z"}
{"level":"info","event":"action","runId":"e84acd45-b9df-406c-a268-0117ee080016","type":"synthesize","rationale":"decision_critical_gaps_resolved_or_unresolvable; high-impact claims supported or qualified; contradictions handled; remaining actions low expected value","step":8,"t":"2026-09-17T21:46:05.986Z"}
{"level":"info","event":"action","runId":"d88f9f62-e129-48fe-9bdb-6187188b1a9d","type":"search","rationale":"Initial dataset excludes the user's stated population; pivot source type","step":0,"t":"2026-09-17T21:46:06.750Z"}
{"level":"info","event":"action","runId":"d88f9f62-e129-48fe-9bdb-6187188b1a9d","type":"search","rationale":"Decision-blocking gap: population-specific evidence. Switching source type to population-specific.","step":1,"t":"2026-09-17T21:46:06.794Z"}
{"level":"info","event":"action","runId":"d88f9f62-e129-48fe-9bdb-6187188b1a9d","type":"search","rationale":"Decision-blocking gap: population-specific evidence. Switching source type to population-specific.","step":2,"t":"2026-09-17T21:46:06.833Z"}
{"level":"info","event":"action","runId":"d88f9f62-e129-48fe-9bdb-6187188b1a9d","type":"search","rationale":"Decision-blocking gap: population-specific evidence. Switching source type to population-specific.","step":3,"t":"2026-09-17T21:46:06.862Z"}
{"level":"info","event":"action","runId":"d88f9f62-e129-48fe-9bdb-6187188b1a9d","type":"search","rationale":"Decision-blocking gap: population-specific evidence. Switching source type to population-specific.","step":4,"t":"2026-09-17T21:46:06.883Z"}
{"level":"info","event":"action","runId":"d88f9f62-e129-48fe-9bdb-6187188b1a9d","type":"search","rationale":"Decision-blocking gap: population-specific evidence. Switching source type to population-specific.","step":5,"t":"2026-09-17T21:46:06.904Z"}
{"level":"info","event":"action","runId":"d88f9f62-e129-48fe-9bdb-6187188b1a9d","type":"search","rationale":"Decision-blocking gap: population-specific evidence. Switching source type to population-specific.","step":6,"t":"2026-09-17T21:46:06.930Z"}
{"level":"info","event":"action","runId":"d88f9f62-e129-48fe-9bdb-6187188b1a9d","type":"search","rationale":"Decision-blocking gap: population-specific evidence. Switching source type to population-specific.","step":7,"t":"2026-09-17T21:46:06.959Z"}
{"level":"info","event":"action","runId":"d88f9f62-e129-48fe-9bdb-6187188b1a9d","type":"fetch","rationale":"Inspect an already-known source before another generic query","step":8,"t":"2026-09-17T21:46:06.998Z"}
{"level":"info","event":"action","runId":"d88f9f62-e129-48fe-9bdb-6187188b1a9d","type":"fetch","rationale":"Inspect an already-known source before another generic query","step":9,"t":"2026-09-17T21:46:07.037Z"}
{"level":"info","event":"action","runId":"d88f9f62-e129-48fe-9bdb-6187188b1a9d","type":"challenge","rationale":"No counterexample found in accessed primary sources. This is not proof that the conclusion is true.","step":10,"t":"2026-09-17T21:46:07.070Z"}
{"level":"info","event":"action","runId":"d88f9f62-e129-48fe-9bdb-6187188b1a9d","type":"stop","rationale":"Repeated searches returned no novel source family or coverage progress","step":11,"t":"2026-09-17T21:46:07.089Z"}
{"level":"info","event":"action","runId":"7acdf4b5-3814-408a-9dce-50db2a56f0e1","type":"search","rationale":"Investigate an uncovered required question","step":0,"t":"2026-09-17T21:46:07.794Z"}
{"level":"info","event":"action","runId":"7acdf4b5-3814-408a-9dce-50db2a56f0e1","type":"fetch","rationale":"Inspect an already-known source before another generic query","step":1,"t":"2026-09-17T21:46:07.817Z"}
{"level":"info","event":"action","runId":"7acdf4b5-3814-408a-9dce-50db2a56f0e1","type":"challenge","rationale":"Disconfirm material conclusion: A primary source that directly contradicts this conclusion.","step":2,"t":"2026-09-17T21:46:07.845Z"}
{"level":"info","event":"action","runId":"7acdf4b5-3814-408a-9dce-50db2a56f0e1","type":"challenge","rationale":"No counterexample found in accessed primary sources. This is not proof that the conclusion is true.","step":3,"t":"2026-09-17T21:46:07.867Z"}
{"level":"info","event":"action","runId":"7acdf4b5-3814-408a-9dce-50db2a56f0e1","type":"synthesize","rationale":"decision_critical_gaps_resolved_or_unresolvable; high-impact claims supported or qualified; contradictions handled; remaining actions low expected value","step":4,"t":"2026-09-17T21:46:07.893Z"}
{"level":"info","event":"action","runId":"61aa6cf4-b975-498f-b972-57da41a5da16","type":"search","rationale":"Investigate an uncovered required question","step":0,"t":"2026-09-17T21:46:08.642Z"}
{"level":"info","event":"action","runId":"61aa6cf4-b975-498f-b972-57da41a5da16","type":"fetch","rationale":"Inspect an already-known source before another generic query","step":1,"t":"2026-09-17T21:46:08.696Z"}
{"level":"info","event":"action","runId":"61aa6cf4-b975-498f-b972-57da41a5da16","type":"fetch","rationale":"Inspect an already-known source before another generic query","step":2,"t":"2026-09-17T21:46:08.730Z"}
{"level":"info","event":"action","runId":"61aa6cf4-b975-498f-b972-57da41a5da16","type":"fetch","rationale":"Inspect an already-known source before another generic query","step":3,"t":"2026-09-17T21:46:08.753Z"}
{"level":"info","event":"action","runId":"61aa6cf4-b975-498f-b972-57da41a5da16","type":"challenge","rationale":"Disconfirm material conclusion: A primary source that directly contradicts this conclusion.","step":4,"t":"2026-09-17T21:46:08.781Z"}
{"level":"info","event":"action","runId":"61aa6cf4-b975-498f-b972-57da41a5da16","type":"challenge","rationale":"No counterexample found in accessed primary sources. This is not proof that the conclusion is true.","step":5,"t":"2026-09-17T21:46:08.804Z"}
{"level":"info","event":"action","runId":"61aa6cf4-b975-498f-b972-57da41a5da16","type":"synthesize","rationale":"decision_critical_gaps_resolved_or_unresolvable; high-impact claims supported or qualified; contradictions handled; remaining actions low expected value","step":6,"t":"2026-09-17T21:46:08.833Z"}
{"level":"info","event":"action","runId":"cecf892a-1397-48cb-a120-7d5a9794e4de","type":"search","rationale":"Investigate an uncovered required question","step":0,"t":"2026-09-17T21:46:09.714Z"}
{"level":"info","event":"action","runId":"cecf892a-1397-48cb-a120-7d5a9794e4de","type":"fetch","rationale":"Inspect an already-known source before another generic query","step":1,"t":"2026-09-17T21:46:09.770Z"}
{"level":"info","event":"action","runId":"cecf892a-1397-48cb-a120-7d5a9794e4de","type":"fetch","rationale":"Inspect an already-known source before another generic query","step":2,"t":"2026-09-17T21:46:09.824Z"}
{"level":"info","event":"action","runId":"cecf892a-1397-48cb-a120-7d5a9794e4de","type":"fetch","rationale":"Inspect an already-known source before another generic query","step":3,"t":"2026-09-17T21:46:09.862Z"}
{"level":"info","event":"action","runId":"cecf892a-1397-48cb-a120-7d5a9794e4de","type":"fetch","rationale":"Inspect an already-known source before another generic query","step":4,"t":"2026-09-17T21:46:09.898Z"}
{"level":"info","event":"action","runId":"cecf892a-1397-48cb-a120-7d5a9794e4de","type":"fetch","rationale":"Inspect an already-known source before another generic query","step":5,"t":"2026-09-17T21:46:09.937Z"}
{"level":"info","event":"action","runId":"cecf892a-1397-48cb-a120-7d5a9794e4de","type":"challenge","rationale":"Disconfirm material conclusion: A primary source that directly contradicts this conclusion.","step":6,"t":"2026-09-17T21:46:09.972Z"}
{"level":"info","event":"action","runId":"cecf892a-1397-48cb-a120-7d5a9794e4de","type":"challenge","rationale":"No counterexample found in accessed primary sources. This is not proof that the conclusion is true.","step":7,"t":"2026-09-17T21:46:10.009Z"}
{"level":"info","event":"action","runId":"cecf892a-1397-48cb-a120-7d5a9794e4de","type":"synthesize","rationale":"decision_critical_gaps_resolved_or_unresolvable; high-impact claims supported or qualified; contradictions handled; remaining actions low expected value","step":8,"t":"2026-09-17T21:46:10.037Z"}
{"level":"info","event":"action","runId":"bb9a077b-cf5c-49f5-8e58-bd0fcec18cb9","type":"search","rationale":"Investigate an uncovered required question","step":0,"t":"2026-09-17T21:46:11.536Z"}
{"level":"info","event":"action","runId":"bb9a077b-cf5c-49f5-8e58-bd0fcec18cb9","type":"fetch","rationale":"Inspect an already-known source before another generic query","step":0,"t":"2026-09-17T21:46:11.653Z"}
{"level":"info","event":"action","runId":"bb9a077b-cf5c-49f5-8e58-bd0fcec18cb9","type":"fetch","rationale":"Inspect an already-known source before another generic query","step":1,"t":"2026-09-17T21:46:11.703Z"}
{"level":"info","event":"action","runId":"bb9a077b-cf5c-49f5-8e58-bd0fcec18cb9","type":"fetch","rationale":"Inspect an already-known source before another generic query","step":2,"t":"2026-09-17T21:46:11.750Z"}
{"level":"info","event":"action","runId":"bb9a077b-cf5c-49f5-8e58-bd0fcec18cb9","type":"challenge","rationale":"Disconfirm material conclusion: A primary source that directly contradicts this conclusion.","step":3,"t":"2026-09-17T21:46:11.809Z"}
{"level":"info","event":"action","runId":"bb9a077b-cf5c-49f5-8e58-bd0fcec18cb9","type":"challenge","rationale":"No counterexample found in accessed primary sources. This is not proof that the conclusion is true.","step":4,"t":"2026-09-17T21:46:11.871Z"}
{"level":"info","event":"action","runId":"bb9a077b-cf5c-49f5-8e58-bd0fcec18cb9","type":"synthesize","rationale":"decision_critical_gaps_resolved_or_unresolvable; high-impact claims supported or qualified; contradictions handled; remaining actions low expected value","step":5,"t":"2026-09-17T21:46:11.904Z"}
{"level":"info","event":"action","runId":"f3a44181-fcc0-415a-974d-c6de0f3a3d8c","type":"search","rationale":"Investigate an uncovered required question","step":0,"t":"2026-09-17T21:46:12.769Z"}
{"level":"info","event":"action","runId":"f3a44181-fcc0-415a-974d-c6de0f3a3d8c","type":"fetch","rationale":"Inspect an already-known source before another generic query","step":1,"t":"2026-09-17T21:46:12.856Z"}
{"level":"info","event":"action","runId":"f3a44181-fcc0-415a-974d-c6de0f3a3d8c","type":"fetch","rationale":"Inspect an already-known source before another generic query","step":2,"t":"2026-09-17T21:46:12.892Z"}
{"level":"info","event":"action","runId":"f3a44181-fcc0-415a-974d-c6de0f3a3d8c","type":"fetch","rationale":"Inspect an already-known source before another generic query","step":3,"t":"2026-09-17T21:46:12.930Z"}
{"level":"info","event":"action","runId":"f3a44181-fcc0-415a-974d-c6de0f3a3d8c","type":"challenge","rationale":"Disconfirm material conclusion: A primary source that directly contradicts this conclusion.","step":4,"t":"2026-09-17T21:46:12.973Z"}
{"level":"info","event":"action","runId":"f3a44181-fcc0-415a-974d-c6de0f3a3d8c","type":"challenge","rationale":"No counterexample found in accessed primary sources. This is not proof that the conclusion is true.","step":5,"t":"2026-09-17T21:46:13.021Z"}
{"level":"info","event":"action","runId":"f3a44181-fcc0-415a-974d-c6de0f3a3d8c","type":"synthesize","rationale":"decision_critical_gaps_resolved_or_unresolvable; high-impact claims supported or qualified; contradictions handled; remaining actions low expected value","step":6,"t":"2026-09-17T21:46:13.055Z"}
{"level":"info","event":"action","runId":"9a1afafa-6d76-4b5e-b5f3-509d52c4de9d","type":"search","rationale":"Investigate an uncovered required question","step":0,"t":"2026-09-17T21:46:13.711Z"}
{"level":"info","event":"action","runId":"9a1afafa-6d76-4b5e-b5f3-509d52c4de9d","type":"stop","rationale":"action type reveal_keys is not a permitted research action","step":1,"t":"2026-09-17T21:46:13.765Z"}
{"level":"info","event":"action","runId":"533e4ae6-353a-4080-ad7e-6dc5f0467f9a","type":"search","rationale":"Investigate an uncovered required question","step":0,"t":"2026-09-17T21:46:14.546Z"}
{"level":"info","event":"action","runId":"533e4ae6-353a-4080-ad7e-6dc5f0467f9a","type":"fetch","rationale":"Inspect an already-known source before another generic query","step":1,"t":"2026-09-17T21:46:14.620Z"}
{"level":"info","event":"action","runId":"533e4ae6-353a-4080-ad7e-6dc5f0467f9a","type":"fetch","rationale":"Inspect an already-known source before another generic query","step":2,"t":"2026-09-17T21:46:14.656Z"}
{"level":"info","event":"action","runId":"533e4ae6-353a-4080-ad7e-6dc5f0467f9a","type":"fetch","rationale":"Inspect an already-known source before another generic query","step":3,"t":"2026-09-17T21:46:14.680Z"}
{"level":"info","event":"action","runId":"533e4ae6-353a-4080-ad7e-6dc5f0467f9a","type":"challenge","rationale":"Disconfirm material conclusion: A primary source that directly contradicts this conclusion.","step":4,"t":"2026-09-17T21:46:14.713Z"}
{"level":"info","event":"action","runId":"533e4ae6-353a-4080-ad7e-6dc5f0467f9a","type":"challenge","rationale":"No counterexample found in accessed primary sources. This is not proof that the conclusion is true.","step":5,"t":"2026-09-17T21:46:14.748Z"}
{"level":"info","event":"action","runId":"533e4ae6-353a-4080-ad7e-6dc5f0467f9a","type":"synthesize","rationale":"decision_critical_gaps_resolved_or_unresolvable; high-impact claims supported or qualified; contradictions handled; remaining actions low expected value","step":6,"t":"2026-09-17T21:46:14.780Z"}
{"level":"info","event":"action","runId":"920d0725-31d4-4793-8cf7-3f136900d943","type":"search","rationale":"Investigate an uncovered required question","step":0,"t":"2026-09-17T21:46:15.398Z"}
{"level":"info","event":"action","runId":"920d0725-31d4-4793-8cf7-3f136900d943","type":"fetch","rationale":"Inspect an already-known source before another generic query","step":1,"t":"2026-09-17T21:46:15.463Z"}
{"level":"info","event":"action","runId":"920d0725-31d4-4793-8cf7-3f136900d943","type":"fetch","rationale":"Inspect an already-known source before another generic query","step":2,"t":"2026-09-17T21:46:15.496Z"}
{"level":"info","event":"action","runId":"920d0725-31d4-4793-8cf7-3f136900d943","type":"fetch","rationale":"Inspect an already-known source before another generic query","step":3,"t":"2026-09-17T21:46:15.537Z"}
{"level":"info","event":"action","runId":"920d0725-31d4-4793-8cf7-3f136900d943","type":"challenge","rationale":"Disconfirm material conclusion: A primary source that directly contradicts this conclusion.","step":4,"t":"2026-09-17T21:46:15.582Z"}
{"level":"info","event":"action","runId":"920d0725-31d4-4793-8cf7-3f136900d943","type":"challenge","rationale":"No counterexample found in accessed primary sources. This is not proof that the conclusion is true.","step":5,"t":"2026-09-17T21:46:15.621Z"}
{"level":"info","event":"action","runId":"920d0725-31d4-4793-8cf7-3f136900d943","type":"synthesize","rationale":"decision_critical_gaps_resolved_or_unresolvable; high-impact claims supported or qualified; contradictions handled; remaining actions low expected value","step":6,"t":"2026-09-17T21:46:15.640Z"}
{"level":"info","event":"action","runId":"42fc1779-ebfd-4b02-80ae-2fdebb1d682d","type":"search","rationale":"Investigate an uncovered required question","step":0,"t":"2026-09-17T21:46:16.264Z"}
{"level":"info","event":"action","runId":"42fc1779-ebfd-4b02-80ae-2fdebb1d682d","type":"fetch","rationale":"Inspect an already-known source before another generic query","step":1,"t":"2026-09-17T21:46:16.327Z"}
{"level":"info","event":"action","runId":"42fc1779-ebfd-4b02-80ae-2fdebb1d682d","type":"fetch","rationale":"Inspect an already-known source before another generic query","step":2,"t":"2026-09-17T21:46:16.362Z"}
{"level":"info","event":"action","runId":"42fc1779-ebfd-4b02-80ae-2fdebb1d682d","type":"fetch","rationale":"Inspect an already-known source before another generic query","step":3,"t":"2026-09-17T21:46:16.406Z"}
{"level":"info","event":"action","runId":"42fc1779-ebfd-4b02-80ae-2fdebb1d682d","type":"challenge","rationale":"Disconfirm material conclusion: A primary source that directly contradicts this conclusion.","step":4,"t":"2026-09-17T21:46:16.450Z"}
{"level":"info","event":"action","runId":"42fc1779-ebfd-4b02-80ae-2fdebb1d682d","type":"challenge","rationale":"No counterexample found in accessed primary sources. This is not proof that the conclusion is true.","step":5,"t":"2026-09-17T21:46:16.481Z"}
{"level":"info","event":"action","runId":"42fc1779-ebfd-4b02-80ae-2fdebb1d682d","type":"synthesize","rationale":"decision_critical_gaps_resolved_or_unresolvable; high-impact claims supported or qualified; contradictions handled; remaining actions low expected value","step":6,"t":"2026-09-17T21:46:16.507Z"}
{"level":"info","event":"action","runId":"85ccb853-fe80-41f5-a2d6-679846ab6a0c","type":"search","rationale":"Investigate an uncovered required question","step":0,"t":"2026-09-17T21:46:16.995Z"}
{"level":"info","event":"action","runId":"85ccb853-fe80-41f5-a2d6-679846ab6a0c","type":"fetch","rationale":"Inspect an already-known source before another generic query","step":1,"t":"2026-09-17T21:46:17.044Z"}
{"level":"info","event":"action","runId":"85ccb853-fe80-41f5-a2d6-679846ab6a0c","type":"fetch","rationale":"Inspect an already-known source before another generic query","step":2,"t":"2026-09-17T21:46:17.071Z"}
{"level":"info","event":"action","runId":"85ccb853-fe80-41f5-a2d6-679846ab6a0c","type":"fetch","rationale":"Inspect an already-known source before another generic query","step":3,"t":"2026-09-17T21:46:17.100Z"}
{"level":"info","event":"action","runId":"85ccb853-fe80-41f5-a2d6-679846ab6a0c","type":"challenge","rationale":"Disconfirm material conclusion: A hard-constraint violation for a candidate currently marked eligible.","step":4,"t":"2026-09-17T21:46:17.134Z"}
{"level":"info","event":"action","runId":"85ccb853-fe80-41f5-a2d6-679846ab6a0c","type":"challenge","rationale":"No counterexample found in accessed primary sources. This is not proof that the conclusion is true.","step":5,"t":"2026-09-17T21:46:17.166Z"}
{"level":"info","event":"action","runId":"85ccb853-fe80-41f5-a2d6-679846ab6a0c","type":"synthesize","rationale":"decision_critical_gaps_resolved_or_unresolvable; high-impact claims supported or qualified; contradictions handled; remaining actions low expected value","step":6,"t":"2026-09-17T21:46:17.193Z"}
{"level":"info","event":"action","runId":"ce379572-2d4a-472a-8e97-fbf1fa0f53f1","type":"challenge","rationale":"Disconfirm material conclusion: A primary source that directly contradicts this conclusion.","step":0,"t":"2026-09-17T21:46:18.070Z"}
{"level":"info","event":"action","runId":"ce379572-2d4a-472a-8e97-fbf1fa0f53f1","type":"fetch","rationale":"Inspect an already-known source before another generic query","step":1,"t":"2026-09-17T21:46:18.137Z"}
{"level":"info","event":"action","runId":"ce379572-2d4a-472a-8e97-fbf1fa0f53f1","type":"fetch","rationale":"Inspect an already-known source before another generic query","step":2,"t":"2026-09-17T21:46:18.168Z"}
{"level":"info","event":"action","runId":"ce379572-2d4a-472a-8e97-fbf1fa0f53f1","type":"fetch","rationale":"Inspect an already-known source before another generic query","step":3,"t":"2026-09-17T21:46:18.206Z"}
{"level":"info","event":"action","runId":"ce379572-2d4a-472a-8e97-fbf1fa0f53f1","type":"challenge","rationale":"No counterexample found in accessed primary sources. This is not proof that the conclusion is true.","step":4,"t":"2026-09-17T21:46:18.251Z"}
{"level":"info","event":"action","runId":"ce379572-2d4a-472a-8e97-fbf1fa0f53f1","type":"synthesize","rationale":"decision_critical_gaps_resolved_or_unresolvable; high-impact claims supported or qualified; contradictions handled; remaining actions low expected value","step":5,"t":"2026-09-17T21:46:18.270Z"}
{"level":"info","event":"action","runId":"fbe3dde3-35e5-4590-9879-ba1b27342e3c","type":"search","rationale":"Investigate an uncovered required question","step":0,"t":"2026-09-17T21:46:19.077Z"}
{"level":"info","event":"action","runId":"fbe3dde3-35e5-4590-9879-ba1b27342e3c","type":"fetch","rationale":"Inspect an already-known source before another generic query","step":1,"t":"2026-09-17T21:46:19.134Z"}
{"level":"info","event":"action","runId":"fbe3dde3-35e5-4590-9879-ba1b27342e3c","type":"fetch","rationale":"Inspect an already-known source before another generic query","step":2,"t":"2026-09-17T21:46:19.163Z"}
{"level":"info","event":"action","runId":"fbe3dde3-35e5-4590-9879-ba1b27342e3c","type":"fetch","rationale":"Inspect an already-known source before another generic query","step":3,"t":"2026-09-17T21:46:19.190Z"}
{"level":"info","event":"action","runId":"fbe3dde3-35e5-4590-9879-ba1b27342e3c","type":"fetch","rationale":"Inspect an already-known source before another generic query","step":4,"t":"2026-09-17T21:46:19.217Z"}
{"level":"info","event":"action","runId":"fbe3dde3-35e5-4590-9879-ba1b27342e3c","type":"fetch","rationale":"Inspect an already-known source before another generic query","step":5,"t":"2026-09-17T21:46:19.247Z"}
{"level":"info","event":"action","runId":"fbe3dde3-35e5-4590-9879-ba1b27342e3c","type":"challenge","rationale":"Disconfirm material conclusion: A primary source that directly contradicts this conclusion.","step":6,"t":"2026-09-17T21:46:19.272Z"}
{"level":"info","event":"action","runId":"fbe3dde3-35e5-4590-9879-ba1b27342e3c","type":"challenge","rationale":"No counterexample found in accessed primary sources. This is not proof that the conclusion is true.","step":7,"t":"2026-09-17T21:46:19.313Z"}
{"level":"info","event":"action","runId":"fbe3dde3-35e5-4590-9879-ba1b27342e3c","type":"synthesize","rationale":"decision_critical_gaps_resolved_or_unresolvable; high-impact claims supported or qualified; contradictions handled; remaining actions low expected value","step":8,"t":"2026-09-17T21:46:19.343Z"}
 ✓ test/p0-smoke.integration.test.ts (16 tests) 17554ms
   ✓ P0 smoke against shipped API/worker/postgres > R01 already-known constraint is stored and not re-asked  1428ms
   ✓ P0 smoke against shipped API/worker/postgres > R04 false premise is reported and not invented  1112ms
   ✓ P0 smoke against shipped API/worker/postgres > R05 source duplication clusters five reprints as one origin  1171ms
   ✓ P0 smoke against shipped API/worker/postgres > R09 justified pivot opens a population-relevant source  1038ms
   ✓ P0 smoke against shipped API/worker/postgres > R13 diminishing returns stops instead of exhausting a quota  867ms
   ✓ P0 smoke against shipped API/worker/postgres > E01 unknown citation ID blocks publication  1000ms
   ✓ P0 smoke against shipped API/worker/postgres > E02 non-supporting citation is flagged  1193ms
   ✓ P0 smoke against shipped API/worker/postgres > J01 double tap with the same idempotency key creates one run  574ms
   ✓ P0 smoke against shipped API/worker/postgres > J03 crash after fetch recovers evidence without double settlement  1287ms
   ✓ P0 smoke against shipped API/worker/postgres > J05 / V2-07 cancel during writing rejects late publication  886ms
   ✓ P0 smoke against shipped API/worker/postgres > S01 prompt injection cannot authorize tools or reveal keys  942ms
   ✓ P0 smoke against shipped API/worker/postgres > S09 deletion during run purges derived text and blocks resurrection  799ms
   ✓ P0 smoke against shipped API/worker/postgres > V2-08 stale worker lease cannot publish  805ms
   ✓ P0 smoke against shipped API/worker/postgres > correction reopens discovery when a hard budget constraint is relaxed  1847ms
   ✓ P0 smoke against shipped API/worker/postgres > S05 private attachment canary is not copied into a public search query  1065ms
   ✓ P0 smoke against shipped API/worker/postgres > GET events and report citations resolve to stored evidence IDs  1052ms
{"level":"info","event":"action","runId":"55d0d6e4-70aa-4f88-bf34-6c4e2bdeda53","type":"clarify","rationale":"A blocking field is unspecified and would change the answer","step":0,"t":"2026-09-17T21:46:21.430Z"}
{"level":"info","event":"action","runId":"256f0ff1-fea6-481c-b617-120e94c343f9","type":"search","rationale":"Investigate an uncovered required question","step":0,"t":"2026-09-17T21:46:21.806Z"}
{"level":"info","event":"action","runId":"256f0ff1-fea6-481c-b617-120e94c343f9","type":"fetch","rationale":"Inspect an already-known source before another generic query","step":1,"t":"2026-09-17T21:46:21.869Z"}
{"level":"info","event":"action","runId":"256f0ff1-fea6-481c-b617-120e94c343f9","type":"fetch","rationale":"Inspect an already-known source before another generic query","step":2,"t":"2026-09-17T21:46:21.896Z"}
{"level":"info","event":"action","runId":"256f0ff1-fea6-481c-b617-120e94c343f9","type":"fetch","rationale":"Inspect an already-known source before another generic query","step":3,"t":"2026-09-17T21:46:21.929Z"}
{"level":"info","event":"action","runId":"256f0ff1-fea6-481c-b617-120e94c343f9","type":"challenge","rationale":"Disconfirm material conclusion: A primary source that directly contradicts this conclusion.","step":4,"t":"2026-09-17T21:46:21.968Z"}
{"level":"info","event":"action","runId":"256f0ff1-fea6-481c-b617-120e94c343f9","type":"challenge","rationale":"No counterexample found in accessed primary sources. This is not proof that the conclusion is true.","step":5,"t":"2026-09-17T21:46:22.001Z"}
{"level":"info","event":"action","runId":"256f0ff1-fea6-481c-b617-120e94c343f9","type":"synthesize","rationale":"decision_critical_gaps_resolved_or_unresolvable; high-impact claims supported or qualified; contradictions handled; remaining actions low expected value","step":6,"t":"2026-09-17T21:46:22.027Z"}
{"level":"info","event":"action","runId":"410313f0-748a-48f2-954a-9c452b5144fa","type":"search","rationale":"Investigate an uncovered required question","step":0,"t":"2026-09-17T21:46:23.007Z"}
{"level":"info","event":"action","runId":"410313f0-748a-48f2-954a-9c452b5144fa","type":"fetch","rationale":"Inspect an already-known source before another generic query","step":1,"t":"2026-09-17T21:46:23.080Z"}
{"level":"info","event":"action","runId":"410313f0-748a-48f2-954a-9c452b5144fa","type":"challenge","rationale":"Disconfirm material conclusion: A primary source that directly contradicts this conclusion.","step":2,"t":"2026-09-17T21:46:23.151Z"}
{"level":"info","event":"action","runId":"410313f0-748a-48f2-954a-9c452b5144fa","type":"challenge","rationale":"No counterexample found in accessed primary sources. This is not proof that the conclusion is true.","step":3,"t":"2026-09-17T21:46:23.200Z"}
{"level":"info","event":"action","runId":"410313f0-748a-48f2-954a-9c452b5144fa","type":"synthesize","rationale":"inaccessible_or_unresolved_gap:primary source is inaccessible","step":4,"t":"2026-09-17T21:46:23.239Z"}
{"level":"info","event":"action","runId":"f7772b11-ecf9-4d2e-aa8a-f6b119c6abd8","type":"search","rationale":"Investigate an uncovered required question","step":0,"t":"2026-09-17T21:46:24.234Z"}
{"level":"info","event":"action","runId":"f7772b11-ecf9-4d2e-aa8a-f6b119c6abd8","type":"fetch","rationale":"Inspect the preferred source type (vendor-docs) before more weak sources","step":1,"t":"2026-09-17T21:46:24.295Z"}
{"level":"info","event":"action","runId":"f7772b11-ecf9-4d2e-aa8a-f6b119c6abd8","type":"fetch","rationale":"Inspect the preferred source type (vendor-docs) before more weak sources","step":2,"t":"2026-09-17T21:46:24.344Z"}
{"level":"info","event":"action","runId":"f7772b11-ecf9-4d2e-aa8a-f6b119c6abd8","type":"verify","rationale":"Scope-check contradiction on value before treating newest as correct","step":3,"t":"2026-09-17T21:46:24.390Z"}
{"level":"info","event":"action","runId":"f7772b11-ecf9-4d2e-aa8a-f6b119c6abd8","type":"challenge","rationale":"Disconfirm material conclusion: A primary source that directly contradicts this conclusion.","step":4,"t":"2026-09-17T21:46:24.435Z"}
{"level":"info","event":"action","runId":"f7772b11-ecf9-4d2e-aa8a-f6b119c6abd8","type":"challenge","rationale":"No counterexample found in accessed primary sources. This is not proof that the conclusion is true.","step":5,"t":"2026-09-17T21:46:24.480Z"}
{"level":"info","event":"action","runId":"f7772b11-ecf9-4d2e-aa8a-f6b119c6abd8","type":"synthesize","rationale":"decision_critical_gaps_resolved_or_unresolvable; high-impact claims supported or qualified; contradictions handled; remaining actions low expected value","step":6,"t":"2026-09-17T21:46:24.530Z"}
{"level":"info","event":"action","runId":"c2f71d8a-4e0d-4d4f-b444-a58c43902b48","type":"search","rationale":"Investigate an uncovered required question","step":0,"t":"2026-09-17T21:46:25.403Z"}
{"level":"info","event":"action","runId":"c2f71d8a-4e0d-4d4f-b444-a58c43902b48","type":"fetch","rationale":"Inspect an already-known source before another generic query","step":1,"t":"2026-09-17T21:46:25.446Z"}
{"level":"info","event":"action","runId":"c2f71d8a-4e0d-4d4f-b444-a58c43902b48","type":"synthesize","rationale":"budget requires finishing with available evidence","step":2,"t":"2026-09-17T21:46:25.469Z"}
{"level":"info","event":"action","runId":"c01baf6b-1d09-48bb-b67f-ded19b055840","type":"search","rationale":"Investigate an uncovered required question","step":0,"t":"2026-09-17T21:46:26.128Z"}
{"level":"info","event":"action","runId":"c01baf6b-1d09-48bb-b67f-ded19b055840","type":"fetch","rationale":"Inspect an already-known source before another generic query","step":1,"t":"2026-09-17T21:46:26.175Z"}
{"level":"info","event":"action","runId":"c01baf6b-1d09-48bb-b67f-ded19b055840","type":"fetch","rationale":"Inspect an already-known source before another generic query","step":2,"t":"2026-09-17T21:46:26.197Z"}
{"level":"info","event":"action","runId":"c01baf6b-1d09-48bb-b67f-ded19b055840","type":"fetch","rationale":"Inspect an already-known source before another generic query","step":3,"t":"2026-09-17T21:46:26.223Z"}
{"level":"info","event":"action","runId":"c01baf6b-1d09-48bb-b67f-ded19b055840","type":"challenge","rationale":"Disconfirm material conclusion: A primary source that directly contradicts this conclusion.","step":4,"t":"2026-09-17T21:46:26.253Z"}
{"level":"info","event":"action","runId":"c01baf6b-1d09-48bb-b67f-ded19b055840","type":"challenge","rationale":"No counterexample found in accessed primary sources. This is not proof that the conclusion is true.","step":5,"t":"2026-09-17T21:46:26.274Z"}
{"level":"info","event":"action","runId":"c01baf6b-1d09-48bb-b67f-ded19b055840","type":"synthesize","rationale":"decision_critical_gaps_resolved_or_unresolvable; high-impact claims supported or qualified; contradictions handled; remaining actions low expected value","step":6,"t":"2026-09-17T21:46:26.295Z"}
{"level":"info","event":"action","runId":"04b473e3-acf3-425c-b3a0-2c78ed05b9c9","type":"search","rationale":"Investigate an uncovered required question","step":0,"t":"2026-09-17T21:46:27.077Z"}
{"level":"info","event":"action","runId":"04b473e3-acf3-425c-b3a0-2c78ed05b9c9","type":"search","rationale":"Decision-blocking gap: authoritative compatibility limitation. Switching source type to vendor-matrix.","step":1,"t":"2026-09-17T21:46:27.128Z"}
{"level":"info","event":"action","runId":"04b473e3-acf3-425c-b3a0-2c78ed05b9c9","type":"fetch","rationale":"Inspect the preferred source type (vendor-matrix) before more weak sources","step":2,"t":"2026-09-17T21:46:27.173Z"}
{"level":"info","event":"action","runId":"04b473e3-acf3-425c-b3a0-2c78ed05b9c9","type":"fetch","rationale":"Inspect an already-known source before another generic query","step":3,"t":"2026-09-17T21:46:27.194Z"}
{"level":"info","event":"action","runId":"04b473e3-acf3-425c-b3a0-2c78ed05b9c9","type":"fetch","rationale":"Inspect an already-known source before another generic query","step":4,"t":"2026-09-17T21:46:27.217Z"}
{"level":"info","event":"action","runId":"04b473e3-acf3-425c-b3a0-2c78ed05b9c9","type":"fetch","rationale":"Inspect an already-known source before another generic query","step":5,"t":"2026-09-17T21:46:27.234Z"}
{"level":"info","event":"action","runId":"04b473e3-acf3-425c-b3a0-2c78ed05b9c9","type":"verify","rationale":"Scope-check contradiction on compatibility before treating newest as correct","step":6,"t":"2026-09-17T21:46:27.251Z"}
{"level":"info","event":"action","runId":"04b473e3-acf3-425c-b3a0-2c78ed05b9c9","type":"challenge","rationale":"Disconfirm material conclusion: Official compatibility documentation that lists the named version as supported.","step":7,"t":"2026-09-17T21:46:27.264Z"}
{"level":"info","event":"action","runId":"04b473e3-acf3-425c-b3a0-2c78ed05b9c9","type":"challenge","rationale":"No counterexample found in accessed primary sources. This is not proof that the conclusion is true.","step":8,"t":"2026-09-17T21:46:27.286Z"}
{"level":"info","event":"action","runId":"04b473e3-acf3-425c-b3a0-2c78ed05b9c9","type":"synthesize","rationale":"decision_critical_gaps_resolved_or_unresolvable; high-impact claims supported or qualified; contradictions handled; remaining actions low expected value","step":9,"t":"2026-09-17T21:46:27.299Z"}
{"level":"info","event":"action","runId":"1c727180-c25a-42e6-bc46-29d54901fbf4","type":"search","rationale":"Investigate an uncovered required question","step":0,"t":"2026-09-17T21:46:28.108Z"}
{"level":"info","event":"action","runId":"1c727180-c25a-42e6-bc46-29d54901fbf4","type":"search","rationale":"Decision-blocking gap: authoritative compatibility limitation. Switching source type to vendor-matrix.","step":1,"t":"2026-09-17T21:46:28.149Z"}
{"level":"info","event":"action","runId":"1c727180-c25a-42e6-bc46-29d54901fbf4","type":"fetch","rationale":"Inspect the preferred source type (vendor-matrix) before more weak sources","step":2,"t":"2026-09-17T21:46:28.191Z"}
{"level":"info","event":"action","runId":"1c727180-c25a-42e6-bc46-29d54901fbf4","type":"fetch","rationale":"Inspect an already-known source before another generic query","step":3,"t":"2026-09-17T21:46:28.227Z"}
{"level":"info","event":"action","runId":"1c727180-c25a-42e6-bc46-29d54901fbf4","type":"fetch","rationale":"Inspect an already-known source before another generic query","step":4,"t":"2026-09-17T21:46:28.274Z"}
{"level":"info","event":"action","runId":"1c727180-c25a-42e6-bc46-29d54901fbf4","type":"fetch","rationale":"Inspect an already-known source before another generic query","step":5,"t":"2026-09-17T21:46:28.325Z"}
{"level":"info","event":"action","runId":"1c727180-c25a-42e6-bc46-29d54901fbf4","type":"verify","rationale":"Scope-check contradiction on compatibility before treating newest as correct","step":6,"t":"2026-09-17T21:46:28.355Z"}
{"level":"info","event":"action","runId":"1c727180-c25a-42e6-bc46-29d54901fbf4","type":"challenge","rationale":"Disconfirm material conclusion: Official compatibility documentation that lists the named version as supported.","step":7,"t":"2026-09-17T21:46:28.378Z"}
{"level":"info","event":"action","runId":"1c727180-c25a-42e6-bc46-29d54901fbf4","type":"challenge","rationale":"No counterexample found in accessed primary sources. This is not proof that the conclusion is true.","step":8,"t":"2026-09-17T21:46:28.409Z"}
{"level":"info","event":"action","runId":"1c727180-c25a-42e6-bc46-29d54901fbf4","type":"synthesize","rationale":"decision_critical_gaps_resolved_or_unresolvable; high-impact claims supported or qualified; contradictions handled; remaining actions low expected value","step":9,"t":"2026-09-17T21:46:28.432Z"}
{"level":"info","event":"action","runId":"5090b933-a5b8-4fa9-a7a0-774179559433","type":"search","rationale":"Investigate an uncovered required question","step":0,"t":"2026-09-17T21:46:29.292Z"}
{"level":"info","event":"action","runId":"5090b933-a5b8-4fa9-a7a0-774179559433","type":"fetch","rationale":"Inspect an already-known source before another generic query","step":1,"t":"2026-09-17T21:46:29.342Z"}
{"level":"info","event":"action","runId":"5090b933-a5b8-4fa9-a7a0-774179559433","type":"fetch","rationale":"Inspect an already-known source before another generic query","step":2,"t":"2026-09-17T21:46:29.379Z"}
{"level":"info","event":"action","runId":"5090b933-a5b8-4fa9-a7a0-774179559433","type":"fetch","rationale":"Inspect an already-known source before another generic query","step":3,"t":"2026-09-17T21:46:29.410Z"}
{"level":"info","event":"action","runId":"5090b933-a5b8-4fa9-a7a0-774179559433","type":"challenge","rationale":"Disconfirm material conclusion: A primary source that directly contradicts this conclusion.","step":4,"t":"2026-09-17T21:46:29.448Z"}
{"level":"info","event":"action","runId":"5090b933-a5b8-4fa9-a7a0-774179559433","type":"challenge","rationale":"No counterexample found in accessed primary sources. This is not proof that the conclusion is true.","step":5,"t":"2026-09-17T21:46:29.482Z"}
{"level":"info","event":"action","runId":"5090b933-a5b8-4fa9-a7a0-774179559433","type":"synthesize","rationale":"decision_critical_gaps_resolved_or_unresolvable; high-impact claims supported or qualified; contradictions handled; remaining actions low expected value","step":6,"t":"2026-09-17T21:46:29.509Z"}
{"level":"info","event":"action","runId":"ccd4c089-cf02-4e8e-8d41-118f6b1d3484","type":"search","rationale":"Investigate an uncovered required question","step":0,"t":"2026-09-17T21:46:29.927Z"}
{"level":"info","event":"action","runId":"ccd4c089-cf02-4e8e-8d41-118f6b1d3484","type":"fetch","rationale":"Inspect an already-known source before another generic query","step":1,"t":"2026-09-17T21:46:29.957Z"}
{"level":"info","event":"action","runId":"ccd4c089-cf02-4e8e-8d41-118f6b1d3484","type":"fetch","rationale":"Inspect an already-known source before another generic query","step":2,"t":"2026-09-17T21:46:29.981Z"}
{"level":"info","event":"action","runId":"ccd4c089-cf02-4e8e-8d41-118f6b1d3484","type":"fetch","rationale":"Inspect an already-known source before another generic query","step":3,"t":"2026-09-17T21:46:30.005Z"}
{"level":"info","event":"action","runId":"ccd4c089-cf02-4e8e-8d41-118f6b1d3484","type":"challenge","rationale":"Disconfirm material conclusion: A hard-constraint violation for a candidate currently marked eligible.","step":4,"t":"2026-09-17T21:46:30.031Z"}
{"level":"info","event":"action","runId":"ccd4c089-cf02-4e8e-8d41-118f6b1d3484","type":"challenge","rationale":"No counterexample found in accessed primary sources. This is not proof that the conclusion is true.","step":5,"t":"2026-09-17T21:46:30.062Z"}
{"level":"info","event":"action","runId":"ccd4c089-cf02-4e8e-8d41-118f6b1d3484","type":"synthesize","rationale":"decision_critical_gaps_resolved_or_unresolvable; high-impact claims supported or qualified; contradictions handled; remaining actions low expected value","step":6,"t":"2026-09-17T21:46:30.091Z"}
{"level":"info","event":"action","runId":"bacca4a8-3e85-464e-856a-5becfd1f6148","type":"search","rationale":"Investigate an uncovered required question","step":0,"t":"2026-09-17T21:46:30.919Z"}
{"level":"info","event":"action","runId":"bacca4a8-3e85-464e-856a-5becfd1f6148","type":"fetch","rationale":"Inspect an already-known source before another generic query","step":1,"t":"2026-09-17T21:46:30.951Z"}
{"level":"info","event":"action","runId":"bacca4a8-3e85-464e-856a-5becfd1f6148","type":"challenge","rationale":"Disconfirm material conclusion: A primary source that directly contradicts this conclusion.","step":2,"t":"2026-09-17T21:46:30.980Z"}
{"level":"info","event":"action","runId":"bacca4a8-3e85-464e-856a-5becfd1f6148","type":"challenge","rationale":"No counterexample found in accessed primary sources. This is not proof that the conclusion is true.","step":3,"t":"2026-09-17T21:46:31.017Z"}
{"level":"info","event":"action","runId":"bacca4a8-3e85-464e-856a-5becfd1f6148","type":"synthesize","rationale":"decision_critical_gaps_resolved_or_unresolvable; high-impact claims supported or qualified; contradictions handled; remaining actions low expected value","step":4,"t":"2026-09-17T21:46:31.045Z"}
{"level":"info","event":"action","runId":"0ab6bd92-1921-42a1-acc0-fb0ae2ecea1b","type":"search","rationale":"Investigate an uncovered required question","step":0,"t":"2026-09-17T21:46:31.434Z"}
{"level":"info","event":"action","runId":"0ab6bd92-1921-42a1-acc0-fb0ae2ecea1b","type":"fetch","rationale":"Inspect an already-known source before another generic query","step":1,"t":"2026-09-17T21:46:31.462Z"}
{"level":"info","event":"action","runId":"0ab6bd92-1921-42a1-acc0-fb0ae2ecea1b","type":"challenge","rationale":"Disconfirm material conclusion: A primary source that directly contradicts this conclusion.","step":2,"t":"2026-09-17T21:46:31.490Z"}
{"level":"info","event":"action","runId":"0ab6bd92-1921-42a1-acc0-fb0ae2ecea1b","type":"challenge","rationale":"No counterexample found in accessed primary sources. This is not proof that the conclusion is true.","step":3,"t":"2026-09-17T21:46:31.521Z"}
{"level":"info","event":"action","runId":"0ab6bd92-1921-42a1-acc0-fb0ae2ecea1b","type":"synthesize","rationale":"decision_critical_gaps_resolved_or_unresolvable; high-impact claims supported or qualified; contradictions handled; remaining actions low expected value","step":4,"t":"2026-09-17T21:46:31.546Z"}
{"level":"info","event":"action","runId":"4a58b28a-2380-4ed2-a3ea-0f772c40a2b4","type":"search","rationale":"Investigate an uncovered required question","step":0,"t":"2026-09-17T21:46:32.226Z"}
{"level":"info","event":"action","runId":"4a58b28a-2380-4ed2-a3ea-0f772c40a2b4","type":"fetch","rationale":"Inspect an already-known source before another generic query","step":1,"t":"2026-09-17T21:46:32.270Z"}
{"level":"info","event":"action","runId":"4a58b28a-2380-4ed2-a3ea-0f772c40a2b4","type":"fetch","rationale":"Inspect an already-known source before another generic query","step":2,"t":"2026-09-17T21:46:32.296Z"}
{"level":"info","event":"action","runId":"4a58b28a-2380-4ed2-a3ea-0f772c40a2b4","type":"fetch","rationale":"Inspect an already-known source before another generic query","step":3,"t":"2026-09-17T21:46:32.338Z"}
{"level":"info","event":"action","runId":"4a58b28a-2380-4ed2-a3ea-0f772c40a2b4","type":"challenge","rationale":"Disconfirm material conclusion: A primary source that directly contradicts this conclusion.","step":4,"t":"2026-09-17T21:46:32.371Z"}
{"level":"info","event":"action","runId":"4a58b28a-2380-4ed2-a3ea-0f772c40a2b4","type":"challenge","rationale":"No counterexample found in accessed primary sources. This is not proof that the conclusion is true.","step":5,"t":"2026-09-17T21:46:32.397Z"}
{"level":"info","event":"action","runId":"4a58b28a-2380-4ed2-a3ea-0f772c40a2b4","type":"synthesize","rationale":"decision_critical_gaps_resolved_or_unresolvable; high-impact claims supported or qualified; contradictions handled; remaining actions low expected value","step":6,"t":"2026-09-17T21:46:32.416Z"}
{"level":"info","event":"action","runId":"b57314cb-d359-448e-ab31-6b95d74e586d","type":"search","rationale":"Investigate an uncovered required question","step":0,"t":"2026-09-17T21:46:32.746Z"}
{"level":"info","event":"action","runId":"b57314cb-d359-448e-ab31-6b95d74e586d","type":"fetch","rationale":"Inspect an already-known source before another generic query","step":1,"t":"2026-09-17T21:46:32.772Z"}
{"level":"info","event":"action","runId":"b57314cb-d359-448e-ab31-6b95d74e586d","type":"fetch","rationale":"Inspect an already-known source before another generic query","step":2,"t":"2026-09-17T21:46:32.789Z"}
{"level":"info","event":"action","runId":"b57314cb-d359-448e-ab31-6b95d74e586d","type":"fetch","rationale":"Inspect an already-known source before another generic query","step":3,"t":"2026-09-17T21:46:32.812Z"}
{"level":"info","event":"action","runId":"b57314cb-d359-448e-ab31-6b95d74e586d","type":"challenge","rationale":"Disconfirm material conclusion: A primary source that directly contradicts this conclusion.","step":4,"t":"2026-09-17T21:46:32.836Z"}
{"level":"info","event":"action","runId":"b57314cb-d359-448e-ab31-6b95d74e586d","type":"challenge","rationale":"Disconfirm material conclusion: A primary source that directly contradicts this conclusion.","step":5,"t":"2026-09-17T21:46:32.854Z"}
{"level":"info","event":"action","runId":"b57314cb-d359-448e-ab31-6b95d74e586d","type":"challenge","rationale":"Disconfirm material conclusion: A primary source that directly contradicts this conclusion.","step":6,"t":"2026-09-17T21:46:32.874Z"}
{"level":"info","event":"action","runId":"b57314cb-d359-448e-ab31-6b95d74e586d","type":"challenge","rationale":"Disconfirm material conclusion: A primary source that directly contradicts this conclusion.","step":7,"t":"2026-09-17T21:46:32.894Z"}
{"level":"info","event":"action","runId":"b57314cb-d359-448e-ab31-6b95d74e586d","type":"challenge","rationale":"Disconfirm material conclusion: A primary source that directly contradicts this conclusion.","step":8,"t":"2026-09-17T21:46:32.914Z"}
{"level":"info","event":"action","runId":"b57314cb-d359-448e-ab31-6b95d74e586d","type":"challenge","rationale":"Disconfirm material conclusion: A primary source that directly contradicts this conclusion.","step":9,"t":"2026-09-17T21:46:32.934Z"}
{"level":"info","event":"action","runId":"b57314cb-d359-448e-ab31-6b95d74e586d","type":"challenge","rationale":"Disconfirm material conclusion: A primary source that directly contradicts this conclusion.","step":10,"t":"2026-09-17T21:46:32.953Z"}
{"level":"info","event":"action","runId":"b57314cb-d359-448e-ab31-6b95d74e586d","type":"challenge","rationale":"No counterexample found in accessed primary sources. This is not proof that the conclusion is true.","step":11,"t":"2026-09-17T21:46:32.972Z"}
{"level":"info","event":"action","runId":"b57314cb-d359-448e-ab31-6b95d74e586d","type":"stop","rationale":"Repeated searches returned no novel source family or coverage progress","step":12,"t":"2026-09-17T21:46:32.989Z"}
{"level":"info","event":"action","runId":"7789fc8f-0b2e-414f-a4a6-622a4ddd837b","type":"search","rationale":"Investigate an uncovered required question","step":0,"t":"2026-09-17T21:46:33.643Z"}
{"level":"info","event":"action","runId":"7789fc8f-0b2e-414f-a4a6-622a4ddd837b","type":"fetch","rationale":"Inspect an already-known source before another generic query","step":1,"t":"2026-09-17T21:46:33.684Z"}
{"level":"info","event":"action","runId":"7789fc8f-0b2e-414f-a4a6-622a4ddd837b","type":"fetch","rationale":"Inspect an already-known source before another generic query","step":2,"t":"2026-09-17T21:46:33.707Z"}
{"level":"info","event":"action","runId":"7789fc8f-0b2e-414f-a4a6-622a4ddd837b","type":"fetch","rationale":"Inspect an already-known source before another generic query","step":3,"t":"2026-09-17T21:46:33.737Z"}
{"level":"info","event":"action","runId":"7789fc8f-0b2e-414f-a4a6-622a4ddd837b","type":"challenge","rationale":"Disconfirm material conclusion: A primary source that directly contradicts this conclusion.","step":4,"t":"2026-09-17T21:46:33.791Z"}
{"level":"info","event":"action","runId":"7789fc8f-0b2e-414f-a4a6-622a4ddd837b","type":"challenge","rationale":"No counterexample found in accessed primary sources. This is not proof that the conclusion is true.","step":5,"t":"2026-09-17T21:46:33.831Z"}
{"level":"info","event":"action","runId":"7789fc8f-0b2e-414f-a4a6-622a4ddd837b","type":"synthesize","rationale":"decision_critical_gaps_resolved_or_unresolvable; high-impact claims supported or qualified; contradictions handled; remaining actions low expected value","step":6,"t":"2026-09-17T21:46:33.850Z"}
{"level":"info","event":"action","runId":"bd75034b-fc5a-4a20-a436-94c0d6c7126c","type":"search","rationale":"Investigate an uncovered required question","step":0,"t":"2026-09-17T21:46:34.239Z"}
{"level":"info","event":"action","runId":"bd75034b-fc5a-4a20-a436-94c0d6c7126c","type":"fetch","rationale":"Inspect an already-known source before another generic query","step":1,"t":"2026-09-17T21:46:34.271Z"}
{"level":"info","event":"action","runId":"bd75034b-fc5a-4a20-a436-94c0d6c7126c","type":"fetch","rationale":"Inspect an already-known source before another generic query","step":2,"t":"2026-09-17T21:46:34.303Z"}
{"level":"info","event":"action","runId":"bd75034b-fc5a-4a20-a436-94c0d6c7126c","type":"fetch","rationale":"Inspect an already-known source before another generic query","step":3,"t":"2026-09-17T21:46:34.337Z"}
{"level":"info","event":"action","runId":"bd75034b-fc5a-4a20-a436-94c0d6c7126c","type":"challenge","rationale":"Disconfirm material conclusion: A hard-constraint violation for a candidate currently marked eligible.","step":4,"t":"2026-09-17T21:46:34.362Z"}
{"level":"info","event":"action","runId":"bd75034b-fc5a-4a20-a436-94c0d6c7126c","type":"challenge","rationale":"No counterexample found in accessed primary sources. This is not proof that the conclusion is true.","step":5,"t":"2026-09-17T21:46:34.388Z"}
{"level":"info","event":"action","runId":"bd75034b-fc5a-4a20-a436-94c0d6c7126c","type":"synthesize","rationale":"decision_critical_gaps_resolved_or_unresolvable; high-impact claims supported or qualified; contradictions handled; remaining actions low expected value","step":6,"t":"2026-09-17T21:46:34.418Z"}
{"level":"info","event":"action","runId":"2bbaceb4-9921-4326-9e4f-b3f2e681f0ab","type":"search","rationale":"Investigate an uncovered required question","step":0,"t":"2026-09-17T21:46:34.734Z"}
{"level":"info","event":"action","runId":"2bbaceb4-9921-4326-9e4f-b3f2e681f0ab","type":"fetch","rationale":"Inspect an already-known source before another generic query","step":1,"t":"2026-09-17T21:46:34.759Z"}
{"level":"info","event":"action","runId":"2bbaceb4-9921-4326-9e4f-b3f2e681f0ab","type":"fetch","rationale":"Inspect an already-known source before another generic query","step":2,"t":"2026-09-17T21:46:34.775Z"}
{"level":"info","event":"action","runId":"2bbaceb4-9921-4326-9e4f-b3f2e681f0ab","type":"fetch","rationale":"Inspect an already-known source before another generic query","step":3,"t":"2026-09-17T21:46:34.789Z"}
{"level":"info","event":"action","runId":"2bbaceb4-9921-4326-9e4f-b3f2e681f0ab","type":"challenge","rationale":"Disconfirm material conclusion: A primary source that directly contradicts this conclusion.","step":4,"t":"2026-09-17T21:46:34.818Z"}
{"level":"info","event":"action","runId":"2bbaceb4-9921-4326-9e4f-b3f2e681f0ab","type":"challenge","rationale":"No counterexample found in accessed primary sources. This is not proof that the conclusion is true.","step":5,"t":"2026-09-17T21:46:34.837Z"}
{"level":"info","event":"action","runId":"2bbaceb4-9921-4326-9e4f-b3f2e681f0ab","type":"synthesize","rationale":"decision_critical_gaps_resolved_or_unresolvable; high-impact claims supported or qualified; contradictions handled; remaining actions low expected value","step":6,"t":"2026-09-17T21:46:34.849Z"}
{"level":"info","event":"action","runId":"0c82b9b6-f0bc-4a51-851f-4280c5a4d9aa","type":"search","rationale":"Investigate an uncovered required question","step":0,"t":"2026-09-17T21:46:35.160Z"}
{"level":"info","event":"action","runId":"0c82b9b6-f0bc-4a51-851f-4280c5a4d9aa","type":"fetch","rationale":"Inspect an already-known source before another generic query","step":1,"t":"2026-09-17T21:46:35.180Z"}
{"level":"info","event":"action","runId":"0c82b9b6-f0bc-4a51-851f-4280c5a4d9aa","type":"fetch","rationale":"Inspect an already-known source before another generic query","step":2,"t":"2026-09-17T21:46:35.196Z"}
{"level":"info","event":"action","runId":"0c82b9b6-f0bc-4a51-851f-4280c5a4d9aa","type":"fetch","rationale":"Inspect an already-known source before another generic query","step":3,"t":"2026-09-17T21:46:35.217Z"}
{"level":"info","event":"action","runId":"0c82b9b6-f0bc-4a51-851f-4280c5a4d9aa","type":"challenge","rationale":"Disconfirm material conclusion: A hard-constraint violation for a candidate currently marked eligible.","step":4,"t":"2026-09-17T21:46:35.235Z"}
{"level":"info","event":"action","runId":"0c82b9b6-f0bc-4a51-851f-4280c5a4d9aa","type":"challenge","rationale":"No counterexample found in accessed primary sources. This is not proof that the conclusion is true.","step":5,"t":"2026-09-17T21:46:35.251Z"}
{"level":"info","event":"action","runId":"0c82b9b6-f0bc-4a51-851f-4280c5a4d9aa","type":"synthesize","rationale":"decision_critical_gaps_resolved_or_unresolvable; high-impact claims supported or qualified; contradictions handled; remaining actions low expected value","step":6,"t":"2026-09-17T21:46:35.270Z"}
{"level":"info","event":"action","runId":"2a59a6c2-9182-4868-bd6a-61251116701d","type":"search","rationale":"Investigate an uncovered required question","step":0,"t":"2026-09-17T21:46:36.029Z"}
{"level":"info","event":"action","runId":"2a59a6c2-9182-4868-bd6a-61251116701d","type":"fetch","rationale":"Inspect an already-known source before another generic query","step":1,"t":"2026-09-17T21:46:36.074Z"}
{"level":"info","event":"action","runId":"2a59a6c2-9182-4868-bd6a-61251116701d","type":"fetch","rationale":"Inspect an already-known source before another generic query","step":2,"t":"2026-09-17T21:46:36.097Z"}
{"level":"info","event":"action","runId":"2a59a6c2-9182-4868-bd6a-61251116701d","type":"fetch","rationale":"Inspect an already-known source before another generic query","step":3,"t":"2026-09-17T21:46:36.122Z"}
{"level":"info","event":"action","runId":"2a59a6c2-9182-4868-bd6a-61251116701d","type":"challenge","rationale":"Disconfirm material conclusion: A primary source that directly contradicts this conclusion.","step":4,"t":"2026-09-17T21:46:36.151Z"}
{"level":"info","event":"action","runId":"2a59a6c2-9182-4868-bd6a-61251116701d","type":"challenge","rationale":"No counterexample found in accessed primary sources. This is not proof that the conclusion is true.","step":5,"t":"2026-09-17T21:46:36.172Z"}
{"level":"info","event":"action","runId":"2a59a6c2-9182-4868-bd6a-61251116701d","type":"synthesize","rationale":"decision_critical_gaps_resolved_or_unresolvable; high-impact claims supported or qualified; contradictions handled; remaining actions low expected value","step":6,"t":"2026-09-17T21:46:36.194Z"}
{"level":"info","event":"action","runId":"ee3a380c-c656-4861-8987-bafd7e621c31","type":"search","rationale":"Investigate an uncovered required question","step":0,"t":"2026-09-17T21:46:36.534Z"}
{"level":"info","event":"action","runId":"ee3a380c-c656-4861-8987-bafd7e621c31","type":"fetch","rationale":"Inspect an already-known source before another generic query","step":1,"t":"2026-09-17T21:46:36.559Z"}
{"level":"info","event":"action","runId":"ee3a380c-c656-4861-8987-bafd7e621c31","type":"fetch","rationale":"Inspect an already-known source before another generic query","step":2,"t":"2026-09-17T21:46:36.579Z"}
{"level":"info","event":"action","runId":"ee3a380c-c656-4861-8987-bafd7e621c31","type":"challenge","rationale":"Disconfirm material conclusion: A primary source that directly contradicts this conclusion.","step":3,"t":"2026-09-17T21:46:36.598Z"}
{"level":"info","event":"action","runId":"ee3a380c-c656-4861-8987-bafd7e621c31","type":"challenge","rationale":"Disconfirm material conclusion: A primary source that directly contradicts this conclusion.","step":4,"t":"2026-09-17T21:46:36.635Z"}
{"level":"info","event":"action","runId":"ee3a380c-c656-4861-8987-bafd7e621c31","type":"challenge","rationale":"Disconfirm material conclusion: A primary source that directly contradicts this conclusion.","step":5,"t":"2026-09-17T21:46:36.658Z"}
{"level":"info","event":"action","runId":"ee3a380c-c656-4861-8987-bafd7e621c31","type":"challenge","rationale":"Disconfirm material conclusion: A primary source that directly contradicts this conclusion.","step":6,"t":"2026-09-17T21:46:36.675Z"}
{"level":"info","event":"action","runId":"ee3a380c-c656-4861-8987-bafd7e621c31","type":"challenge","rationale":"Disconfirm material conclusion: A primary source that directly contradicts this conclusion.","step":7,"t":"2026-09-17T21:46:36.694Z"}
{"level":"info","event":"action","runId":"ee3a380c-c656-4861-8987-bafd7e621c31","type":"challenge","rationale":"Disconfirm material conclusion: A primary source that directly contradicts this conclusion.","step":8,"t":"2026-09-17T21:46:36.713Z"}
{"level":"info","event":"action","runId":"ee3a380c-c656-4861-8987-bafd7e621c31","type":"challenge","rationale":"Disconfirm material conclusion: A primary source that directly contradicts this conclusion.","step":9,"t":"2026-09-17T21:46:36.732Z"}
{"level":"info","event":"action","runId":"ee3a380c-c656-4861-8987-bafd7e621c31","type":"challenge","rationale":"No counterexample found in accessed primary sources. This is not proof that the conclusion is true.","step":10,"t":"2026-09-17T21:46:36.752Z"}
{"level":"info","event":"action","runId":"ee3a380c-c656-4861-8987-bafd7e621c31","type":"stop","rationale":"Repeated searches returned no novel source family or coverage progress","step":11,"t":"2026-09-17T21:46:36.766Z"}
{"level":"info","event":"action","runId":"287e3875-42e9-48aa-807a-b951aed008ec","type":"search","rationale":"Investigate an uncovered required question","step":0,"t":"2026-09-17T21:46:37.384Z"}
{"level":"info","event":"action","runId":"287e3875-42e9-48aa-807a-b951aed008ec","type":"fetch","rationale":"Inspect an already-known source before another generic query","step":1,"t":"2026-09-17T21:46:37.435Z"}
{"level":"info","event":"action","runId":"287e3875-42e9-48aa-807a-b951aed008ec","type":"fetch","rationale":"Inspect an already-known source before another generic query","step":2,"t":"2026-09-17T21:46:37.460Z"}
{"level":"info","event":"action","runId":"287e3875-42e9-48aa-807a-b951aed008ec","type":"fetch","rationale":"Inspect an already-known source before another generic query","step":3,"t":"2026-09-17T21:46:37.482Z"}
{"level":"info","event":"action","runId":"287e3875-42e9-48aa-807a-b951aed008ec","type":"challenge","rationale":"Disconfirm material conclusion: A primary source that directly contradicts this conclusion.","step":4,"t":"2026-09-17T21:46:37.508Z"}
{"level":"info","event":"action","runId":"287e3875-42e9-48aa-807a-b951aed008ec","type":"challenge","rationale":"No counterexample found in accessed primary sources. This is not proof that the conclusion is true.","step":5,"t":"2026-09-17T21:46:37.537Z"}
{"level":"info","event":"action","runId":"287e3875-42e9-48aa-807a-b951aed008ec","type":"synthesize","rationale":"decision_critical_gaps_resolved_or_unresolvable; high-impact claims supported or qualified; contradictions handled; remaining actions low expected value","step":6,"t":"2026-09-17T21:46:37.556Z"}
{"level":"info","event":"action","runId":"565ec43c-9b9c-4afa-93af-19441b722f76","type":"search","rationale":"Investigate an uncovered required question","step":0,"t":"2026-09-17T21:46:38.131Z"}
{"level":"info","event":"action","runId":"565ec43c-9b9c-4afa-93af-19441b722f76","type":"fetch","rationale":"Inspect an already-known source before another generic query","step":1,"t":"2026-09-17T21:46:38.158Z"}
{"level":"info","event":"action","runId":"565ec43c-9b9c-4afa-93af-19441b722f76","type":"fetch","rationale":"Inspect an already-known source before another generic query","step":2,"t":"2026-09-17T21:46:38.171Z"}
{"level":"info","event":"action","runId":"565ec43c-9b9c-4afa-93af-19441b722f76","type":"fetch","rationale":"Inspect an already-known source before another generic query","step":3,"t":"2026-09-17T21:46:38.184Z"}
{"level":"info","event":"action","runId":"565ec43c-9b9c-4afa-93af-19441b722f76","type":"fetch","rationale":"Inspect an already-known source before another generic query","step":4,"t":"2026-09-17T21:46:38.198Z"}
{"level":"info","event":"action","runId":"565ec43c-9b9c-4afa-93af-19441b722f76","type":"fetch","rationale":"Inspect an already-known source before another generic query","step":5,"t":"2026-09-17T21:46:38.220Z"}
{"level":"info","event":"action","runId":"565ec43c-9b9c-4afa-93af-19441b722f76","type":"challenge","rationale":"Disconfirm material conclusion: A primary source that directly contradicts this conclusion.","step":6,"t":"2026-09-17T21:46:38.235Z"}
{"level":"info","event":"action","runId":"565ec43c-9b9c-4afa-93af-19441b722f76","type":"challenge","rationale":"No counterexample found in accessed primary sources. This is not proof that the conclusion is true.","step":7,"t":"2026-09-17T21:46:38.254Z"}
{"level":"info","event":"action","runId":"565ec43c-9b9c-4afa-93af-19441b722f76","type":"synthesize","rationale":"decision_critical_gaps_resolved_or_unresolvable; high-impact claims supported or qualified; contradictions handled; remaining actions low expected value","step":8,"t":"2026-09-17T21:46:38.265Z"}
{"level":"info","event":"action","runId":"c9856ff2-0b2a-492f-b5e2-61a224ee436f","type":"search","rationale":"Investigate an uncovered required question","step":0,"t":"2026-09-17T21:46:38.908Z"}
{"level":"info","event":"action","runId":"c9856ff2-0b2a-492f-b5e2-61a224ee436f","type":"fetch","rationale":"Inspect an already-known source before another generic query","step":1,"t":"2026-09-17T21:46:38.939Z"}
{"level":"info","event":"action","runId":"c9856ff2-0b2a-492f-b5e2-61a224ee436f","type":"challenge","rationale":"Disconfirm material conclusion: A primary source that directly contradicts this conclusion.","step":2,"t":"2026-09-17T21:46:38.960Z"}
{"level":"info","event":"action","runId":"c9856ff2-0b2a-492f-b5e2-61a224ee436f","type":"challenge","rationale":"No counterexample found in accessed primary sources. This is not proof that the conclusion is true.","step":3,"t":"2026-09-17T21:46:38.985Z"}
{"level":"info","event":"action","runId":"c9856ff2-0b2a-492f-b5e2-61a224ee436f","type":"synthesize","rationale":"decision_critical_gaps_resolved_or_unresolvable; high-impact claims supported or qualified; contradictions handled; remaining actions low expected value","step":4,"t":"2026-09-17T21:46:39.002Z"}
{"level":"info","event":"action","runId":"60183e08-2382-40ad-aff5-bf819d1dccaa","type":"search","rationale":"Investigate an uncovered required question","step":0,"t":"2026-09-17T21:46:40.357Z"}
{"level":"info","event":"action","runId":"60183e08-2382-40ad-aff5-bf819d1dccaa","type":"fetch","rationale":"Inspect an already-known source before another generic query","step":1,"t":"2026-09-17T21:46:40.383Z"}
{"level":"info","event":"action","runId":"60183e08-2382-40ad-aff5-bf819d1dccaa","type":"fetch","rationale":"Inspect an already-known source before another generic query","step":2,"t":"2026-09-17T21:46:40.399Z"}
{"level":"info","event":"action","runId":"60183e08-2382-40ad-aff5-bf819d1dccaa","type":"fetch","rationale":"Inspect an already-known source before another generic query","step":3,"t":"2026-09-17T21:46:40.417Z"}
{"level":"info","event":"action","runId":"60183e08-2382-40ad-aff5-bf819d1dccaa","type":"fetch","rationale":"Inspect an already-known source before another generic query","step":4,"t":"2026-09-17T21:46:40.436Z"}
{"level":"info","event":"action","runId":"60183e08-2382-40ad-aff5-bf819d1dccaa","type":"fetch","rationale":"Inspect an already-known source before another generic query","step":5,"t":"2026-09-17T21:46:40.451Z"}
{"level":"info","event":"action","runId":"60183e08-2382-40ad-aff5-bf819d1dccaa","type":"challenge","rationale":"Disconfirm material conclusion: A primary source that directly contradicts this conclusion.","step":6,"t":"2026-09-17T21:46:40.466Z"}
{"level":"info","event":"action","runId":"60183e08-2382-40ad-aff5-bf819d1dccaa","type":"challenge","rationale":"No counterexample found in accessed primary sources. This is not proof that the conclusion is true.","step":7,"t":"2026-09-17T21:46:40.481Z"}
{"level":"info","event":"action","runId":"60183e08-2382-40ad-aff5-bf819d1dccaa","type":"synthesize","rationale":"decision_critical_gaps_resolved_or_unresolvable; high-impact claims supported or qualified; contradictions handled; remaining actions low expected value","step":8,"t":"2026-09-17T21:46:40.493Z"}
 ✓ test/launch-scope.integration.test.ts (19 tests) 20122ms
   ✓ launch-scope fixture/postgres cases > R02 asks a jurisdiction question when it would change the answer  476ms
   ✓ launch-scope fixture/postgres cases > R03 does not interview a clear comparison over style  1025ms
   ✓ launch-scope fixture/postgres cases > R07 keeps a paywalled page snippet-only and does not claim a full read  1231ms
   ✓ launch-scope fixture/postgres cases > R11 records a real price contradiction without averaging  1246ms
   ✓ launch-scope fixture/postgres cases > R14 budget-limited outcome is not marked comprehensive  816ms
   ✓ launch-scope fixture/postgres cases > R22 preserves a reproducible annual cost calculation  867ms
   ✓ launch-scope fixture/postgres cases > V2-01 uses the compatibility matrix, not summary count  1038ms
   ✓ launch-scope fixture/postgres cases > V2-02 / R08 switches source type after summary-family saturation  1160ms
   ✓ launch-scope fixture/postgres cases > V2-04 relaxed budget discovers a previously omitted candidate  1610ms
   ✓ launch-scope fixture/postgres cases > V2-05 recomputes a corrected numeric unit  1401ms
   ✓ launch-scope fixture/postgres cases > V2-06 unknown dependency completeness forces a full rerun flag  1415ms
   ✓ launch-scope fixture/postgres cases > P2 selective budget reopen is not a full rerun; unknown-dependency correction is; both 120 EUR paths find Vendor C  2277ms
   ✓ launch-scope fixture/postgres cases > P2 a non-budget correction does not reopen candidate discovery or add Vendor C  1508ms
   ✓ launch-scope fixture/postgres cases > V2-18 distinguishes no eligible inspected option from universal absence  777ms
   ✓ launch-scope fixture/postgres cases > E07 denies another account's evidence id  707ms
   ✓ launch-scope fixture/postgres cases > S04 does not leave raw script markup in the canonical report  796ms
   ✓ launch-scope fixture/postgres cases > S11 revoked consent blocks new runs  344ms
   ✓ launch-scope fixture/postgres cases > J09 concurrent reservations cannot exceed the remaining allowance  357ms
   ✓ launch-scope fixture/postgres cases > challenge and markdown export use the same stored report  739ms
{"level":"info","event":"action","runId":"d849d744-d0dd-4e79-8021-365ba6049831","type":"search","rationale":"Investigate an uncovered required question","step":0,"t":"2026-09-17T21:46:41.932Z"}
{"level":"info","event":"action","runId":"d849d744-d0dd-4e79-8021-365ba6049831","type":"stop","rationale":"action type reveal_keys is not a permitted research action","step":1,"t":"2026-09-17T21:46:41.960Z"}
{"level":"info","event":"action","runId":"fc4aa0c0-1841-4138-b174-549034053822","type":"search","rationale":"Investigate an uncovered required question","step":0,"t":"2026-09-17T21:46:42.495Z"}
{"level":"info","event":"action","runId":"fc4aa0c0-1841-4138-b174-549034053822","type":"search","rationale":"Decision-blocking gap: authoritative compatibility limitation. Switching source type to vendor-matrix.","step":1,"t":"2026-09-17T21:46:42.521Z"}
{"level":"info","event":"action","runId":"fc4aa0c0-1841-4138-b174-549034053822","type":"fetch","rationale":"Inspect the preferred source type (vendor-matrix) before more weak sources","step":2,"t":"2026-09-17T21:46:42.539Z"}
{"level":"info","event":"action","runId":"fc4aa0c0-1841-4138-b174-549034053822","type":"fetch","rationale":"Inspect an already-known source before another generic query","step":3,"t":"2026-09-17T21:46:42.558Z"}
{"level":"info","event":"action","runId":"fc4aa0c0-1841-4138-b174-549034053822","type":"fetch","rationale":"Inspect an already-known source before another generic query","step":4,"t":"2026-09-17T21:46:42.574Z"}
{"level":"info","event":"action","runId":"fc4aa0c0-1841-4138-b174-549034053822","type":"fetch","rationale":"Inspect an already-known source before another generic query","step":5,"t":"2026-09-17T21:46:42.590Z"}
{"level":"info","event":"action","runId":"fc4aa0c0-1841-4138-b174-549034053822","type":"verify","rationale":"Scope-check contradiction on compatibility before treating newest as correct","step":6,"t":"2026-09-17T21:46:42.607Z"}
{"level":"info","event":"action","runId":"fc4aa0c0-1841-4138-b174-549034053822","type":"challenge","rationale":"Disconfirm material conclusion: Official compatibility documentation that lists the named version as supported.","step":7,"t":"2026-09-17T21:46:42.623Z"}
{"level":"info","event":"action","runId":"fc4aa0c0-1841-4138-b174-549034053822","type":"challenge","rationale":"No counterexample found in accessed primary sources. This is not proof that the conclusion is true.","step":8,"t":"2026-09-17T21:46:42.640Z"}
{"level":"info","event":"action","runId":"fc4aa0c0-1841-4138-b174-549034053822","type":"synthesize","rationale":"decision_critical_gaps_resolved_or_unresolvable; high-impact claims supported or qualified; contradictions handled; remaining actions low expected value","step":9,"t":"2026-09-17T21:46:42.657Z"}
{"level":"info","event":"action","runId":"a4718630-8303-44a8-acc6-5f1107b88ea5","type":"search","rationale":"Investigate an uncovered required question","step":0,"t":"2026-09-17T21:46:43.193Z"}
{"level":"info","event":"action","runId":"a4718630-8303-44a8-acc6-5f1107b88ea5","type":"fetch","rationale":"Inspect an already-known source before another generic query","step":1,"t":"2026-09-17T21:46:43.218Z"}
{"level":"info","event":"action","runId":"a4718630-8303-44a8-acc6-5f1107b88ea5","type":"fetch","rationale":"Inspect an already-known source before another generic query","step":2,"t":"2026-09-17T21:46:43.232Z"}
{"level":"info","event":"action","runId":"a4718630-8303-44a8-acc6-5f1107b88ea5","type":"fetch","rationale":"Inspect an already-known source before another generic query","step":3,"t":"2026-09-17T21:46:43.249Z"}
{"level":"info","event":"action","runId":"a4718630-8303-44a8-acc6-5f1107b88ea5","type":"challenge","rationale":"Disconfirm material conclusion: A primary source that directly contradicts this conclusion.","step":4,"t":"2026-09-17T21:46:43.267Z"}
{"level":"info","event":"action","runId":"a4718630-8303-44a8-acc6-5f1107b88ea5","type":"challenge","rationale":"No counterexample found in accessed primary sources. This is not proof that the conclusion is true.","step":5,"t":"2026-09-17T21:46:43.283Z"}
{"level":"info","event":"action","runId":"a4718630-8303-44a8-acc6-5f1107b88ea5","type":"synthesize","rationale":"decision_critical_gaps_resolved_or_unresolvable; high-impact claims supported or qualified; contradictions handled; remaining actions low expected value","step":6,"t":"2026-09-17T21:46:43.295Z"}
{"level":"info","event":"action","runId":"68eb591f-60c9-4e35-b246-348da6a4d6c7","type":"search","rationale":"Investigate an uncovered required question","step":0,"t":"2026-09-17T21:46:43.842Z"}
{"level":"info","event":"action","runId":"68eb591f-60c9-4e35-b246-348da6a4d6c7","type":"search","rationale":"Investigate an uncovered required question","step":1,"t":"2026-09-17T21:46:43.876Z"}
{"level":"info","event":"action","runId":"ff0a071a-e053-4775-ae21-541de04eb615","type":"search","rationale":"Investigate an uncovered required question","step":0,"t":"2026-09-17T21:46:44.167Z"}
{"level":"info","event":"action","runId":"f8351e50-26db-47c2-98e5-2186ce3edc83","type":"search","rationale":"Investigate an uncovered required question","step":0,"t":"2026-09-17T21:46:44.455Z"}
{"level":"info","event":"action","runId":"2e602c14-4030-431d-9ca3-3cd397469a16","type":"search","rationale":"Investigate an uncovered required question","step":0,"t":"2026-09-17T21:46:44.746Z"}
{"level":"info","event":"action","runId":"17180359-ffe6-4743-b7c2-87fc5ae4a70d","type":"search","rationale":"Investigate an uncovered required question","step":0,"t":"2026-09-17T21:46:45.040Z"}
{"level":"info","event":"action","runId":"fedcde63-d69d-40a4-8348-9485d50cd0d3","type":"search","rationale":"Investigate an uncovered required question","step":0,"t":"2026-09-17T21:46:45.325Z"}
{"level":"info","event":"action","runId":"c462f79a-f885-497f-bfae-58736e131af8","type":"search","rationale":"Investigate an uncovered required question","step":0,"t":"2026-09-17T21:46:45.607Z"}
 ✓ test/controller-admission.integration.test.ts (11 tests) 4520ms
   ✓ controller admission on the fixture worker path > rejects injected privileged proposals and still inspects remaining sources  657ms
   ✓ controller admission on the fixture worker path > records a source-type pivot and stop reason for a compatibility gap  703ms
   ✓ controller admission on the fixture worker path > unknown-dependency correction forces a full rerun  656ms
   ✓ controller admission on the fixture worker path > processRun records an issued live intent before the provider call for a well-formed search  314ms
{"level":"info","event":"action","runId":"203620d0-9349-40f2-98a8-fdff03373f10","type":"search","rationale":"Investigate an uncovered required question","step":0,"t":"2026-09-17T21:46:46.860Z"}
{"level":"info","event":"action","runId":"203620d0-9349-40f2-98a8-fdff03373f10","type":"fetch","rationale":"Inspect an already-known source before another generic query","step":1,"t":"2026-09-17T21:46:46.897Z"}
{"level":"info","event":"action","runId":"203620d0-9349-40f2-98a8-fdff03373f10","type":"fetch","rationale":"Inspect an already-known source before another generic query","step":2,"t":"2026-09-17T21:46:46.914Z"}
{"level":"info","event":"action","runId":"203620d0-9349-40f2-98a8-fdff03373f10","type":"fetch","rationale":"Inspect an already-known source before another generic query","step":3,"t":"2026-09-17T21:46:46.930Z"}
{"level":"info","event":"action","runId":"203620d0-9349-40f2-98a8-fdff03373f10","type":"fetch","rationale":"Inspect an already-known source before another generic query","step":4,"t":"2026-09-17T21:46:46.945Z"}
{"level":"info","event":"action","runId":"203620d0-9349-40f2-98a8-fdff03373f10","type":"fetch","rationale":"Inspect an already-known source before another generic query","step":5,"t":"2026-09-17T21:46:46.961Z"}
{"level":"info","event":"action","runId":"203620d0-9349-40f2-98a8-fdff03373f10","type":"challenge","rationale":"Disconfirm material conclusion: A primary source that directly contradicts this conclusion.","step":6,"t":"2026-09-17T21:46:46.979Z"}
{"level":"info","event":"action","runId":"203620d0-9349-40f2-98a8-fdff03373f10","type":"challenge","rationale":"No counterexample found in accessed primary sources. This is not proof that the conclusion is true.","step":7,"t":"2026-09-17T21:46:46.999Z"}
{"level":"info","event":"action","runId":"203620d0-9349-40f2-98a8-fdff03373f10","type":"synthesize","rationale":"decision_critical_gaps_resolved_or_unresolvable; high-impact claims supported or qualified; contradictions handled; remaining actions low expected value","step":8,"t":"2026-09-17T21:46:47.017Z"}
{"level":"info","event":"action","runId":"cb57bd8b-d0bb-45c5-ad63-2967eb427709","type":"challenge","rationale":"Disconfirm material conclusion: A primary source that directly contradicts this conclusion.","step":0,"t":"2026-09-17T21:46:47.623Z"}
{"level":"info","event":"action","runId":"cb57bd8b-d0bb-45c5-ad63-2967eb427709","type":"fetch","rationale":"Inspect an already-known source before another generic query","step":1,"t":"2026-09-17T21:46:47.659Z"}
{"level":"info","event":"action","runId":"cb57bd8b-d0bb-45c5-ad63-2967eb427709","type":"fetch","rationale":"Inspect an already-known source before another generic query","step":2,"t":"2026-09-17T21:46:47.675Z"}
{"level":"info","event":"action","runId":"cb57bd8b-d0bb-45c5-ad63-2967eb427709","type":"fetch","rationale":"Inspect an already-known source before another generic query","step":3,"t":"2026-09-17T21:46:47.690Z"}
{"level":"info","event":"action","runId":"cb57bd8b-d0bb-45c5-ad63-2967eb427709","type":"challenge","rationale":"No counterexample found in accessed primary sources. This is not proof that the conclusion is true.","step":4,"t":"2026-09-17T21:46:47.712Z"}
{"level":"info","event":"action","runId":"cb57bd8b-d0bb-45c5-ad63-2967eb427709","type":"synthesize","rationale":"decision_critical_gaps_resolved_or_unresolvable; high-impact claims supported or qualified; contradictions handled; remaining actions low expected value","step":5,"t":"2026-09-17T21:46:47.724Z"}
{"level":"info","event":"action","runId":"4592ef42-744f-447f-ad3d-f660486f0997","type":"search","rationale":"Investigate an uncovered required question","step":0,"t":"2026-09-17T21:46:48.284Z"}
{"level":"info","event":"action","runId":"4592ef42-744f-447f-ad3d-f660486f0997","type":"fetch","rationale":"Inspect an already-known source before another generic query","step":1,"t":"2026-09-17T21:46:48.308Z"}
{"level":"info","event":"action","runId":"4592ef42-744f-447f-ad3d-f660486f0997","type":"fetch","rationale":"Inspect an already-known source before another generic query","step":2,"t":"2026-09-17T21:46:48.322Z"}
{"level":"info","event":"action","runId":"4592ef42-744f-447f-ad3d-f660486f0997","type":"fetch","rationale":"Inspect an already-known source before another generic query","step":3,"t":"2026-09-17T21:46:48.335Z"}
{"level":"info","event":"action","runId":"4592ef42-744f-447f-ad3d-f660486f0997","type":"challenge","rationale":"Disconfirm material conclusion: A primary source that directly contradicts this conclusion.","step":4,"t":"2026-09-17T21:46:48.353Z"}
{"level":"info","event":"action","runId":"4592ef42-744f-447f-ad3d-f660486f0997","type":"challenge","rationale":"No counterexample found in accessed primary sources. This is not proof that the conclusion is true.","step":5,"t":"2026-09-17T21:46:48.366Z"}
{"level":"info","event":"action","runId":"4592ef42-744f-447f-ad3d-f660486f0997","type":"synthesize","rationale":"decision_critical_gaps_resolved_or_unresolvable; high-impact claims supported or qualified; contradictions handled; remaining actions low expected value","step":6,"t":"2026-09-17T21:46:48.377Z"}
{"level":"info","event":"action","runId":"c06ee29a-1590-43dd-b88b-ba502a00f73f","type":"challenge","rationale":"Disconfirm material conclusion: A primary source that directly contradicts this conclusion.","step":0,"t":"2026-09-17T21:46:48.710Z"}
{"level":"info","event":"action","runId":"c06ee29a-1590-43dd-b88b-ba502a00f73f","type":"fetch","rationale":"Inspect an already-known source before another generic query","step":1,"t":"2026-09-17T21:46:48.730Z"}
{"level":"info","event":"action","runId":"c06ee29a-1590-43dd-b88b-ba502a00f73f","type":"fetch","rationale":"Inspect an already-known source before another generic query","step":2,"t":"2026-09-17T21:46:48.743Z"}
{"level":"info","event":"action","runId":"c06ee29a-1590-43dd-b88b-ba502a00f73f","type":"fetch","rationale":"Inspect an already-known source before another generic query","step":3,"t":"2026-09-17T21:46:48.756Z"}
{"level":"info","event":"action","runId":"c06ee29a-1590-43dd-b88b-ba502a00f73f","type":"challenge","rationale":"No counterexample found in accessed primary sources. This is not proof that the conclusion is true.","step":4,"t":"2026-09-17T21:46:48.773Z"}
{"level":"info","event":"action","runId":"c06ee29a-1590-43dd-b88b-ba502a00f73f","type":"synthesize","rationale":"decision_critical_gaps_resolved_or_unresolvable; high-impact claims supported or qualified; contradictions handled; remaining actions low expected value","step":5,"t":"2026-09-17T21:46:48.784Z"}
{"level":"info","event":"action","runId":"124c1ade-228e-4f71-9f48-63052967659f","type":"search","rationale":"Investigate an uncovered required question","step":0,"t":"2026-09-17T21:46:49.134Z"}
{"level":"info","event":"action","runId":"124c1ade-228e-4f71-9f48-63052967659f","type":"fetch","rationale":"Inspect an already-known source before another generic query","step":1,"t":"2026-09-17T21:46:49.155Z"}
{"level":"info","event":"action","runId":"124c1ade-228e-4f71-9f48-63052967659f","type":"fetch","rationale":"Inspect an already-known source before another generic query","step":2,"t":"2026-09-17T21:46:49.167Z"}
{"level":"info","event":"action","runId":"124c1ade-228e-4f71-9f48-63052967659f","type":"fetch","rationale":"Inspect an already-known source before another generic query","step":3,"t":"2026-09-17T21:46:49.181Z"}
{"level":"info","event":"action","runId":"124c1ade-228e-4f71-9f48-63052967659f","type":"challenge","rationale":"Disconfirm material conclusion: A primary source that directly contradicts this conclusion.","step":4,"t":"2026-09-17T21:46:49.196Z"}
{"level":"info","event":"action","runId":"124c1ade-228e-4f71-9f48-63052967659f","type":"challenge","rationale":"No counterexample found in accessed primary sources. This is not proof that the conclusion is true.","step":5,"t":"2026-09-17T21:46:49.209Z"}
{"level":"info","event":"action","runId":"124c1ade-228e-4f71-9f48-63052967659f","type":"synthesize","rationale":"decision_critical_gaps_resolved_or_unresolvable; high-impact claims supported or qualified; contradictions handled; remaining actions low expected value","step":6,"t":"2026-09-17T21:46:49.218Z"}
{"level":"info","event":"action","runId":"9e204531-d448-4750-94e1-5eeaa50c3b6f","type":"search","rationale":"Investigate an uncovered required question","step":0,"t":"2026-09-17T21:46:49.512Z"}
{"level":"info","event":"action","runId":"9e204531-d448-4750-94e1-5eeaa50c3b6f","type":"fetch","rationale":"Inspect an already-known source before another generic query","step":1,"t":"2026-09-17T21:46:49.531Z"}
{"level":"info","event":"action","runId":"9e204531-d448-4750-94e1-5eeaa50c3b6f","type":"fetch","rationale":"Inspect an already-known source before another generic query","step":2,"t":"2026-09-17T21:46:49.544Z"}
{"level":"info","event":"action","runId":"9e204531-d448-4750-94e1-5eeaa50c3b6f","type":"fetch","rationale":"Inspect an already-known source before another generic query","step":3,"t":"2026-09-17T21:46:49.556Z"}
{"level":"info","event":"action","runId":"9e204531-d448-4750-94e1-5eeaa50c3b6f","type":"fetch","rationale":"Inspect an already-known source before another generic query","step":4,"t":"2026-09-17T21:46:49.567Z"}
{"level":"info","event":"action","runId":"9e204531-d448-4750-94e1-5eeaa50c3b6f","type":"fetch","rationale":"Inspect an already-known source before another generic query","step":5,"t":"2026-09-17T21:46:49.579Z"}
{"level":"info","event":"action","runId":"9e204531-d448-4750-94e1-5eeaa50c3b6f","type":"challenge","rationale":"Disconfirm material conclusion: A primary source that directly contradicts this conclusion.","step":6,"t":"2026-09-17T21:46:49.591Z"}
{"level":"info","event":"action","runId":"9e204531-d448-4750-94e1-5eeaa50c3b6f","type":"challenge","rationale":"No counterexample found in accessed primary sources. This is not proof that the conclusion is true.","step":7,"t":"2026-09-17T21:46:49.603Z"}
{"level":"info","event":"action","runId":"9e204531-d448-4750-94e1-5eeaa50c3b6f","type":"synthesize","rationale":"decision_critical_gaps_resolved_or_unresolvable; high-impact claims supported or qualified; contradictions handled; remaining actions low expected value","step":8,"t":"2026-09-17T21:46:49.614Z"}
{"level":"info","event":"action","runId":"c49ab1fc-51f0-4156-8f30-587af0f1188f","type":"search","rationale":"Investigate an uncovered required question","step":0,"t":"2026-09-17T21:46:50.119Z"}
{"level":"info","event":"action","runId":"c49ab1fc-51f0-4156-8f30-587af0f1188f","type":"fetch","rationale":"Inspect an already-known source before another generic query","step":1,"t":"2026-09-17T21:46:50.139Z"}
{"level":"info","event":"action","runId":"c49ab1fc-51f0-4156-8f30-587af0f1188f","type":"fetch","rationale":"Inspect an already-known source before another generic query","step":2,"t":"2026-09-17T21:46:50.151Z"}
{"level":"info","event":"action","runId":"c49ab1fc-51f0-4156-8f30-587af0f1188f","type":"fetch","rationale":"Inspect an already-known source before another generic query","step":3,"t":"2026-09-17T21:46:50.163Z"}
{"level":"info","event":"action","runId":"c49ab1fc-51f0-4156-8f30-587af0f1188f","type":"fetch","rationale":"Inspect an already-known source before another generic query","step":4,"t":"2026-09-17T21:46:50.177Z"}
{"level":"info","event":"action","runId":"c49ab1fc-51f0-4156-8f30-587af0f1188f","type":"fetch","rationale":"Inspect an already-known source before another generic query","step":5,"t":"2026-09-17T21:46:50.189Z"}
{"level":"info","event":"action","runId":"c49ab1fc-51f0-4156-8f30-587af0f1188f","type":"challenge","rationale":"Disconfirm material conclusion: A primary source that directly contradicts this conclusion.","step":6,"t":"2026-09-17T21:46:50.200Z"}
{"level":"info","event":"action","runId":"c49ab1fc-51f0-4156-8f30-587af0f1188f","type":"challenge","rationale":"No counterexample found in accessed primary sources. This is not proof that the conclusion is true.","step":7,"t":"2026-09-17T21:46:50.214Z"}
{"level":"info","event":"action","runId":"c49ab1fc-51f0-4156-8f30-587af0f1188f","type":"synthesize","rationale":"decision_critical_gaps_resolved_or_unresolvable; high-impact claims supported or qualified; contradictions handled; remaining actions low expected value","step":8,"t":"2026-09-17T21:46:50.224Z"}
{"level":"info","event":"action","runId":"1b924bad-b485-4ea2-88ec-2a06792a9839","type":"search","rationale":"Investigate an uncovered required question","step":0,"t":"2026-09-17T21:46:50.713Z"}
{"level":"info","event":"action","runId":"1b924bad-b485-4ea2-88ec-2a06792a9839","type":"fetch","rationale":"Inspect an already-known source before another generic query","step":1,"t":"2026-09-17T21:46:50.734Z"}
{"level":"info","event":"action","runId":"1b924bad-b485-4ea2-88ec-2a06792a9839","type":"fetch","rationale":"Inspect an already-known source before another generic query","step":2,"t":"2026-09-17T21:46:50.746Z"}
{"level":"info","event":"action","runId":"1b924bad-b485-4ea2-88ec-2a06792a9839","type":"fetch","rationale":"Inspect an already-known source before another generic query","step":3,"t":"2026-09-17T21:46:50.759Z"}
{"level":"info","event":"action","runId":"1b924bad-b485-4ea2-88ec-2a06792a9839","type":"challenge","rationale":"Disconfirm material conclusion: A primary source that directly contradicts this conclusion.","step":4,"t":"2026-09-17T21:46:50.775Z"}
{"level":"info","event":"action","runId":"1b924bad-b485-4ea2-88ec-2a06792a9839","type":"challenge","rationale":"No counterexample found in accessed primary sources. This is not proof that the conclusion is true.","step":5,"t":"2026-09-17T21:46:50.787Z"}
{"level":"info","event":"action","runId":"1b924bad-b485-4ea2-88ec-2a06792a9839","type":"synthesize","rationale":"decision_critical_gaps_resolved_or_unresolvable; high-impact claims supported or qualified; contradictions handled; remaining actions low expected value","step":6,"t":"2026-09-17T21:46:50.797Z"}
{"level":"info","event":"action","runId":"e8626600-16c5-4b84-8a62-391f4ca88a83","type":"search","rationale":"Investigate an uncovered required question","step":0,"t":"2026-09-17T21:46:51.119Z"}
{"level":"info","event":"action","runId":"e8626600-16c5-4b84-8a62-391f4ca88a83","type":"fetch","rationale":"Inspect an already-known source before another generic query","step":1,"t":"2026-09-17T21:46:51.140Z"}
{"level":"info","event":"action","runId":"e8626600-16c5-4b84-8a62-391f4ca88a83","type":"fetch","rationale":"Inspect an already-known source before another generic query","step":2,"t":"2026-09-17T21:46:51.151Z"}
{"level":"info","event":"action","runId":"e8626600-16c5-4b84-8a62-391f4ca88a83","type":"fetch","rationale":"Inspect an already-known source before another generic query","step":3,"t":"2026-09-17T21:46:51.162Z"}
{"level":"info","event":"action","runId":"e8626600-16c5-4b84-8a62-391f4ca88a83","type":"challenge","rationale":"Disconfirm material conclusion: A primary source that directly contradicts this conclusion.","step":4,"t":"2026-09-17T21:46:51.179Z"}
{"level":"info","event":"action","runId":"e8626600-16c5-4b84-8a62-391f4ca88a83","type":"challenge","rationale":"No counterexample found in accessed primary sources. This is not proof that the conclusion is true.","step":5,"t":"2026-09-17T21:46:51.194Z"}
{"level":"info","event":"action","runId":"e8626600-16c5-4b84-8a62-391f4ca88a83","type":"synthesize","rationale":"decision_critical_gaps_resolved_or_unresolvable; high-impact claims supported or qualified; contradictions handled; remaining actions low expected value","step":6,"t":"2026-09-17T21:46:51.205Z"}
 ✓ test/g01-g02.integration.test.ts (9 tests) 4930ms
   ✓ G01 safety policy > G01-cross-user: another account cannot read run, events, report, source, export, or mutate  790ms
   ✓ G01 safety policy > G01-private-to-public: attachment canary is stored as evidence and omitted from search queries  676ms
   ✓ G01 safety policy > G01-consent: missing, declined, and revoked consent cannot start or continue processing  449ms
   ✓ G01 safety policy > G01-deletion: derived text is purged and a late worker cannot resurrect it  427ms
   ✓ G02 engineering requirement > G02-unknown-citation: invented passage IDs cannot publish  384ms
   ✓ G02 engineering requirement > G02-lost-run: an accepted create remains recoverable from the server after the client drops state  595ms
   ✓ G02 engineering requirement > G02-duplicate-debit: replayed completion and idempotent create settle once  602ms
   ✓ G02 engineering requirement > G02-stale-revision: obsolete brief, evidence, or lease cannot publish  416ms
   ✓ G02 engineering requirement > G02-cancel-writing: cancel during writing rejects late publication  390ms
{"level":"info","event":"action","runId":"3cb0d2c9-2327-47c6-9887-48f98a9bbc1b","type":"search","rationale":"Investigate an uncovered required question","step":0,"t":"2026-09-17T21:46:52.462Z"}
{"level":"info","event":"action","runId":"3cb0d2c9-2327-47c6-9887-48f98a9bbc1b","type":"fetch","rationale":"Inspect an already-known source before another generic query","step":1,"t":"2026-09-17T21:46:52.495Z"}
{"level":"info","event":"action","runId":"3cb0d2c9-2327-47c6-9887-48f98a9bbc1b","type":"fetch","rationale":"Inspect an already-known source before another generic query","step":2,"t":"2026-09-17T21:46:52.513Z"}
{"level":"info","event":"action","runId":"3cb0d2c9-2327-47c6-9887-48f98a9bbc1b","type":"fetch","rationale":"Inspect an already-known source before another generic query","step":3,"t":"2026-09-17T21:46:52.528Z"}
{"level":"info","event":"action","runId":"3cb0d2c9-2327-47c6-9887-48f98a9bbc1b","type":"fetch","rationale":"Inspect an already-known source before another generic query","step":4,"t":"2026-09-17T21:46:52.545Z"}
{"level":"info","event":"action","runId":"3cb0d2c9-2327-47c6-9887-48f98a9bbc1b","type":"fetch","rationale":"Inspect an already-known source before another generic query","step":5,"t":"2026-09-17T21:46:52.561Z"}
{"level":"info","event":"action","runId":"3cb0d2c9-2327-47c6-9887-48f98a9bbc1b","type":"challenge","rationale":"Disconfirm material conclusion: A primary source that directly contradicts this conclusion.","step":6,"t":"2026-09-17T21:46:52.578Z"}
{"level":"info","event":"action","runId":"3cb0d2c9-2327-47c6-9887-48f98a9bbc1b","type":"challenge","rationale":"No counterexample found in accessed primary sources. This is not proof that the conclusion is true.","step":7,"t":"2026-09-17T21:46:52.595Z"}
{"level":"info","event":"action","runId":"3cb0d2c9-2327-47c6-9887-48f98a9bbc1b","type":"synthesize","rationale":"decision_critical_gaps_resolved_or_unresolvable; high-impact claims supported or qualified; contradictions handled; remaining actions low expected value","step":8,"t":"2026-09-17T21:46:52.608Z"}
{"level":"info","event":"action","runId":"5e43920e-ab14-4a84-8553-642b48953246","type":"search","rationale":"Investigate an uncovered required question","step":0,"t":"2026-09-17T21:46:52.919Z"}
{"level":"info","event":"action","runId":"5e43920e-ab14-4a84-8553-642b48953246","type":"fetch","rationale":"Inspect an already-known source before another generic query","step":1,"t":"2026-09-17T21:46:52.940Z"}
{"level":"info","event":"action","runId":"5e43920e-ab14-4a84-8553-642b48953246","type":"fetch","rationale":"Inspect an already-known source before another generic query","step":2,"t":"2026-09-17T21:46:52.953Z"}
{"level":"info","event":"action","runId":"5e43920e-ab14-4a84-8553-642b48953246","type":"fetch","rationale":"Inspect an already-known source before another generic query","step":3,"t":"2026-09-17T21:46:52.968Z"}
{"level":"info","event":"action","runId":"5e43920e-ab14-4a84-8553-642b48953246","type":"fetch","rationale":"Inspect an already-known source before another generic query","step":4,"t":"2026-09-17T21:46:52.982Z"}
{"level":"info","event":"action","runId":"5e43920e-ab14-4a84-8553-642b48953246","type":"fetch","rationale":"Inspect an already-known source before another generic query","step":5,"t":"2026-09-17T21:46:53.000Z"}
{"level":"info","event":"action","runId":"5e43920e-ab14-4a84-8553-642b48953246","type":"challenge","rationale":"Disconfirm material conclusion: A primary source that directly contradicts this conclusion.","step":6,"t":"2026-09-17T21:46:53.016Z"}
{"level":"info","event":"action","runId":"5e43920e-ab14-4a84-8553-642b48953246","type":"challenge","rationale":"No counterexample found in accessed primary sources. This is not proof that the conclusion is true.","step":7,"t":"2026-09-17T21:46:53.031Z"}
{"level":"info","event":"action","runId":"5e43920e-ab14-4a84-8553-642b48953246","type":"synthesize","rationale":"decision_critical_gaps_resolved_or_unresolvable; high-impact claims supported or qualified; contradictions handled; remaining actions low expected value","step":8,"t":"2026-09-17T21:46:53.042Z"}
 ✓ test/g07-output.integration.test.ts (3 tests) 1855ms
   ✓ G07 / M10 in-app output reporting and privacy disclosure > M10 includeExcerpt stores owned answer text; omitting it stores no excerpt; other accounts are denied  1155ms
{"level":"info","event":"action","runId":"f9ff5d40-14c4-4a5a-b1b9-4c32f61d6765","type":"search","rationale":"Investigate an uncovered required question","step":0,"t":"2026-09-17T21:46:54.521Z"}
{"level":"info","event":"action","runId":"f9ff5d40-14c4-4a5a-b1b9-4c32f61d6765","type":"fetch","rationale":"Inspect an already-known source before another generic query","step":0,"t":"2026-09-17T21:46:54.577Z"}
{"level":"info","event":"action","runId":"f9ff5d40-14c4-4a5a-b1b9-4c32f61d6765","type":"fetch","rationale":"Inspect an already-known source before another generic query","step":1,"t":"2026-09-17T21:46:54.593Z"}
{"level":"info","event":"action","runId":"f9ff5d40-14c4-4a5a-b1b9-4c32f61d6765","type":"fetch","rationale":"Inspect an already-known source before another generic query","step":2,"t":"2026-09-17T21:46:54.610Z"}
{"level":"info","event":"action","runId":"f9ff5d40-14c4-4a5a-b1b9-4c32f61d6765","type":"challenge","rationale":"Disconfirm material conclusion: A primary source that directly contradicts this conclusion.","step":3,"t":"2026-09-17T21:46:54.632Z"}
{"level":"info","event":"action","runId":"f9ff5d40-14c4-4a5a-b1b9-4c32f61d6765","type":"challenge","rationale":"No counterexample found in accessed primary sources. This is not proof that the conclusion is true.","step":4,"t":"2026-09-17T21:46:54.648Z"}
{"level":"info","event":"action","runId":"f9ff5d40-14c4-4a5a-b1b9-4c32f61d6765","type":"synthesize","rationale":"decision_critical_gaps_resolved_or_unresolvable; high-impact claims supported or qualified; contradictions handled; remaining actions low expected value","step":5,"t":"2026-09-17T21:46:54.661Z"}
{"level":"info","event":"action","runId":"eb3013bf-a530-4d05-bab5-366241325178","type":"search","rationale":"Investigate an uncovered required question","step":0,"t":"2026-09-17T21:46:55.204Z"}
{"level":"info","event":"action","runId":"eb3013bf-a530-4d05-bab5-366241325178","type":"fetch","rationale":"Inspect an already-known source before another generic query","step":1,"t":"2026-09-17T21:46:55.230Z"}
{"level":"info","event":"action","runId":"eb3013bf-a530-4d05-bab5-366241325178","type":"fetch","rationale":"Inspect an already-known source before another generic query","step":2,"t":"2026-09-17T21:46:55.246Z"}
{"level":"info","event":"action","runId":"eb3013bf-a530-4d05-bab5-366241325178","type":"fetch","rationale":"Inspect an already-known source before another generic query","step":3,"t":"2026-09-17T21:46:55.260Z"}
{"level":"info","event":"action","runId":"eb3013bf-a530-4d05-bab5-366241325178","type":"challenge","rationale":"Disconfirm material conclusion: A primary source that directly contradicts this conclusion.","step":4,"t":"2026-09-17T21:46:55.278Z"}
{"level":"info","event":"action","runId":"eb3013bf-a530-4d05-bab5-366241325178","type":"challenge","rationale":"No counterexample found in accessed primary sources. This is not proof that the conclusion is true.","step":5,"t":"2026-09-17T21:46:55.293Z"}
{"level":"info","event":"action","runId":"eb3013bf-a530-4d05-bab5-366241325178","type":"synthesize","rationale":"decision_critical_gaps_resolved_or_unresolvable; high-impact claims supported or qualified; contradictions handled; remaining actions low expected value","step":6,"t":"2026-09-17T21:46:55.308Z"}
{"level":"info","event":"action","runId":"eb3013bf-a530-4d05-bab5-366241325178","type":"synthesize","rationale":"decision_critical_gaps_resolved_or_unresolvable; high-impact claims supported or qualified; contradictions handled; remaining actions low expected value","step":0,"t":"2026-09-17T21:46:55.526Z"}
 ✓ test/p4-recovery.integration.test.ts (2 tests) 1788ms
   ✓ P4 recovery drill against shipped worker/Postgres > crash after fetch: evidence kept, live lease not stolen, expired lease recovered without double-settle  760ms
   ✓ P4 recovery drill against shipped worker/Postgres > crash before publish then expired-lease failover: one report and one settlement  844ms
{"level":"info","event":"action","runId":"b5309aed-5307-4904-8ae5-7b1cb566fe01","type":"challenge","rationale":"Disconfirm material conclusion: A primary source that directly contradicts this conclusion.","step":0,"t":"2026-09-17T21:46:56.528Z"}
{"level":"info","event":"action","runId":"b5309aed-5307-4904-8ae5-7b1cb566fe01","type":"fetch","rationale":"Inspect an already-known source before another generic query","step":1,"t":"2026-09-17T21:46:56.561Z"}
{"level":"info","event":"action","runId":"b5309aed-5307-4904-8ae5-7b1cb566fe01","type":"fetch","rationale":"Inspect an already-known source before another generic query","step":2,"t":"2026-09-17T21:46:56.579Z"}
{"level":"info","event":"action","runId":"b5309aed-5307-4904-8ae5-7b1cb566fe01","type":"fetch","rationale":"Inspect an already-known source before another generic query","step":3,"t":"2026-09-17T21:46:56.596Z"}
{"level":"info","event":"action","runId":"b5309aed-5307-4904-8ae5-7b1cb566fe01","type":"challenge","rationale":"Disconfirm material conclusion: A primary source that directly contradicts this conclusion.","step":4,"t":"2026-09-17T21:46:56.620Z"}
{"level":"info","event":"action","runId":"b5309aed-5307-4904-8ae5-7b1cb566fe01","type":"challenge","rationale":"Disconfirm material conclusion: A primary source that directly contradicts this conclusion.","step":5,"t":"2026-09-17T21:46:56.636Z"}
{"level":"info","event":"action","runId":"b5309aed-5307-4904-8ae5-7b1cb566fe01","type":"challenge","rationale":"Disconfirm material conclusion: A primary source that directly contradicts this conclusion.","step":6,"t":"2026-09-17T21:46:56.652Z"}
{"level":"info","event":"action","runId":"b5309aed-5307-4904-8ae5-7b1cb566fe01","type":"challenge","rationale":"Disconfirm material conclusion: A primary source that directly contradicts this conclusion.","step":7,"t":"2026-09-17T21:46:56.668Z"}
{"level":"info","event":"action","runId":"b5309aed-5307-4904-8ae5-7b1cb566fe01","type":"challenge","rationale":"Disconfirm material conclusion: A primary source that directly contradicts this conclusion.","step":8,"t":"2026-09-17T21:46:56.685Z"}
{"level":"info","event":"action","runId":"b5309aed-5307-4904-8ae5-7b1cb566fe01","type":"challenge","rationale":"Disconfirm material conclusion: A primary source that directly contradicts this conclusion.","step":9,"t":"2026-09-17T21:46:56.702Z"}
{"level":"info","event":"action","runId":"b5309aed-5307-4904-8ae5-7b1cb566fe01","type":"challenge","rationale":"Disconfirm material conclusion: A primary source that directly contradicts this conclusion.","step":10,"t":"2026-09-17T21:46:56.723Z"}
{"level":"info","event":"action","runId":"b5309aed-5307-4904-8ae5-7b1cb566fe01","type":"challenge","rationale":"No counterexample found in accessed primary sources. This is not proof that the conclusion is true.","step":11,"t":"2026-09-17T21:46:56.738Z"}
{"level":"info","event":"action","runId":"b5309aed-5307-4904-8ae5-7b1cb566fe01","type":"stop","rationale":"Repeated searches returned no novel source family or coverage progress","step":12,"t":"2026-09-17T21:46:56.757Z"}
{"level":"info","event":"action","runId":"6d10d9ee-7a5c-4756-8a07-9b46049162f1","type":"search","rationale":"Investigate an uncovered required question","step":0,"t":"2026-09-17T21:46:57.091Z"}
{"level":"info","event":"action","runId":"6d10d9ee-7a5c-4756-8a07-9b46049162f1","type":"fetch","rationale":"Inspect an already-known source before another generic query","step":1,"t":"2026-09-17T21:46:57.121Z"}
{"level":"info","event":"action","runId":"6d10d9ee-7a5c-4756-8a07-9b46049162f1","type":"fetch","rationale":"Inspect an already-known source before another generic query","step":2,"t":"2026-09-17T21:46:57.134Z"}
{"level":"info","event":"action","runId":"6d10d9ee-7a5c-4756-8a07-9b46049162f1","type":"fetch","rationale":"Inspect an already-known source before another generic query","step":3,"t":"2026-09-17T21:46:57.149Z"}
{"level":"info","event":"action","runId":"6d10d9ee-7a5c-4756-8a07-9b46049162f1","type":"challenge","rationale":"Disconfirm material conclusion: A primary source that directly contradicts this conclusion.","step":4,"t":"2026-09-17T21:46:57.168Z"}
{"level":"info","event":"action","runId":"6d10d9ee-7a5c-4756-8a07-9b46049162f1","type":"challenge","rationale":"No counterexample found in accessed primary sources. This is not proof that the conclusion is true.","step":5,"t":"2026-09-17T21:46:57.181Z"}
{"level":"info","event":"action","runId":"6d10d9ee-7a5c-4756-8a07-9b46049162f1","type":"synthesize","rationale":"decision_critical_gaps_resolved_or_unresolvable; high-impact claims supported or qualified; contradictions handled; remaining actions low expected value","step":6,"t":"2026-09-17T21:46:57.195Z"}
 ✓ test/v6-deletion.integration.test.ts (9 tests) 1355ms
   ✓ W03 deletion removes raw attachments and private text from every owned research store  540ms
   ✓ W03 a challenges request authenticated before deletion cannot restore private content  305ms
 ✓ test/v6-execution.integration.test.ts (22 tests) 1086ms
{"level":"info","event":"action","runId":"b1ebcfa0-ef13-4621-ba2a-1454a4fb2694","type":"search","rationale":"Investigate an uncovered required question","step":0,"t":"2026-09-17T21:47:00.198Z"}
{"level":"info","event":"action","runId":"b1ebcfa0-ef13-4621-ba2a-1454a4fb2694","type":"fetch","rationale":"Inspect an already-known source before another generic query","step":1,"t":"2026-09-17T21:47:00.235Z"}
{"level":"info","event":"action","runId":"b1ebcfa0-ef13-4621-ba2a-1454a4fb2694","type":"fetch","rationale":"Inspect an already-known source before another generic query","step":2,"t":"2026-09-17T21:47:00.256Z"}
{"level":"info","event":"action","runId":"b1ebcfa0-ef13-4621-ba2a-1454a4fb2694","type":"fetch","rationale":"Inspect an already-known source before another generic query","step":3,"t":"2026-09-17T21:47:00.276Z"}
{"level":"info","event":"action","runId":"b1ebcfa0-ef13-4621-ba2a-1454a4fb2694","type":"challenge","rationale":"Disconfirm material conclusion: A primary source that directly contradicts this conclusion.","step":4,"t":"2026-09-17T21:47:00.300Z"}
{"level":"info","event":"action","runId":"b1ebcfa0-ef13-4621-ba2a-1454a4fb2694","type":"challenge","rationale":"No counterexample found in accessed primary sources. This is not proof that the conclusion is true.","step":5,"t":"2026-09-17T21:47:00.322Z"}
{"level":"info","event":"action","runId":"b1ebcfa0-ef13-4621-ba2a-1454a4fb2694","type":"synthesize","rationale":"decision_critical_gaps_resolved_or_unresolvable; high-impact claims supported or qualified; contradictions handled; remaining actions low expected value","step":6,"t":"2026-09-17T21:47:00.336Z"}
 ✓ test/g06-cost.integration.test.ts (2 tests) 1177ms
   ✓ G06 local capability probe and measured fixture cost > GET /v1/runs/:id/cost reconciles spent_micro to fixture intents and denies other accounts  718ms
 ✓ test/v6-identity.integration.test.ts (3 tests) 381ms
 ✓ test/v6-publication.integration.test.ts (19 tests) 514ms
 ✓ test/v6-upload.integration.test.ts (2 tests) 270ms
 ✓ test/v6-ingestion.integration.test.ts (1 test) 163ms
 ✓ test/pinned-http.integration.test.ts (3 tests) 94ms

 Test Files  16 passed (16)
      Tests  262 passed (262)
   Start at  15:44:15
   Duration  168.58s (transform 1.30s, setup 0ms, collect 5.44s, tests 159.55s, environment 4ms, prepare 1.34s)

