
> @deep/backend@0.1.0 test:integration /home/oranolio/Desktop/Deep/apps/backend
> vitest run --config vitest.integration.config.ts -- test/v6-publication.integration.test.ts


 RUN  v3.2.7 /home/oranolio/Desktop/Deep/apps/backend

{"level":"info","event":"action","runId":"56d5f606-9358-4481-89ad-b5e3c07d0377","type":"search","rationale":"Investigate an uncovered required question","step":0,"t":"2026-09-17T14:16:30.894Z"}
{"level":"info","event":"action","runId":"56d5f606-9358-4481-89ad-b5e3c07d0377","type":"fetch","rationale":"Inspect an already-known source before another generic query","step":1,"t":"2026-09-17T14:16:30.922Z"}
{"level":"info","event":"action","runId":"56d5f606-9358-4481-89ad-b5e3c07d0377","type":"fetch","rationale":"Inspect an already-known source before another generic query","step":2,"t":"2026-09-17T14:16:30.936Z"}
{"level":"info","event":"action","runId":"56d5f606-9358-4481-89ad-b5e3c07d0377","type":"fetch","rationale":"Inspect an already-known source before another generic query","step":3,"t":"2026-09-17T14:16:30.950Z"}
{"level":"info","event":"action","runId":"56d5f606-9358-4481-89ad-b5e3c07d0377","type":"challenge","rationale":"Disconfirm material conclusion: A hard-constraint violation for a candidate currently marked eligible.","step":4,"t":"2026-09-17T14:16:30.967Z"}
{"level":"info","event":"action","runId":"56d5f606-9358-4481-89ad-b5e3c07d0377","type":"challenge","rationale":"No counterexample found in accessed primary sources. This is not proof that the conclusion is true.","step":5,"t":"2026-09-17T14:16:30.981Z"}
{"level":"info","event":"action","runId":"56d5f606-9358-4481-89ad-b5e3c07d0377","type":"synthesize","rationale":"decision_critical_gaps_resolved_or_unresolvable; high-impact claims supported or qualified; contradictions handled; remaining actions low expected value","step":6,"t":"2026-09-17T14:16:30.992Z"}
{"level":"info","event":"action","runId":"9eb5e648-ebb8-4805-96ab-9531aef7338d","type":"search","rationale":"Investigate an uncovered required question","step":0,"t":"2026-09-17T14:16:31.373Z"}
{"level":"info","event":"action","runId":"9eb5e648-ebb8-4805-96ab-9531aef7338d","type":"fetch","rationale":"Inspect an already-known source before another generic query","step":1,"t":"2026-09-17T14:16:31.393Z"}
{"level":"info","event":"action","runId":"9eb5e648-ebb8-4805-96ab-9531aef7338d","type":"fetch","rationale":"Inspect an already-known source before another generic query","step":2,"t":"2026-09-17T14:16:31.406Z"}
{"level":"info","event":"action","runId":"9eb5e648-ebb8-4805-96ab-9531aef7338d","type":"challenge","rationale":"Disconfirm material conclusion: A primary source that directly contradicts this conclusion.","step":3,"t":"2026-09-17T14:16:31.417Z"}
{"level":"info","event":"action","runId":"9eb5e648-ebb8-4805-96ab-9531aef7338d","type":"challenge","rationale":"No counterexample found in accessed primary sources. This is not proof that the conclusion is true.","step":4,"t":"2026-09-17T14:16:31.431Z"}
{"level":"info","event":"action","runId":"9eb5e648-ebb8-4805-96ab-9531aef7338d","type":"synthesize","rationale":"decision_critical_gaps_resolved_or_unresolvable; high-impact claims supported or qualified; contradictions handled; remaining actions low expected value","step":5,"t":"2026-09-17T14:16:31.440Z"}
{"level":"info","event":"action","runId":"a4c8ba78-7654-4a9d-9699-9af8ac0a0b00","type":"search","rationale":"Investigate an uncovered required question","step":0,"t":"2026-09-17T14:16:31.777Z"}
{"level":"info","event":"action","runId":"a4c8ba78-7654-4a9d-9699-9af8ac0a0b00","type":"fetch","rationale":"Inspect an already-known source before another generic query","step":1,"t":"2026-09-17T14:16:31.795Z"}
{"level":"info","event":"action","runId":"a4c8ba78-7654-4a9d-9699-9af8ac0a0b00","type":"fetch","rationale":"Inspect an already-known source before another generic query","step":2,"t":"2026-09-17T14:16:31.806Z"}
{"level":"info","event":"action","runId":"a4c8ba78-7654-4a9d-9699-9af8ac0a0b00","type":"fetch","rationale":"Inspect an already-known source before another generic query","step":3,"t":"2026-09-17T14:16:31.817Z"}
{"level":"info","event":"action","runId":"a4c8ba78-7654-4a9d-9699-9af8ac0a0b00","type":"challenge","rationale":"Disconfirm material conclusion: A hard-constraint violation for a candidate currently marked eligible.","step":4,"t":"2026-09-17T14:16:31.833Z"}
{"level":"info","event":"action","runId":"a4c8ba78-7654-4a9d-9699-9af8ac0a0b00","type":"challenge","rationale":"No counterexample found in accessed primary sources. This is not proof that the conclusion is true.","step":5,"t":"2026-09-17T14:16:31.843Z"}
{"level":"info","event":"action","runId":"a4c8ba78-7654-4a9d-9699-9af8ac0a0b00","type":"synthesize","rationale":"decision_critical_gaps_resolved_or_unresolvable; high-impact claims supported or qualified; contradictions handled; remaining actions low expected value","step":6,"t":"2026-09-17T14:16:31.852Z"}
{"level":"info","event":"action","runId":"6cc4967d-0d0f-4f65-b604-fc1e73ff88d0","type":"search","rationale":"Investigate an uncovered required question","step":0,"t":"2026-09-17T14:16:32.190Z"}
{"level":"info","event":"action","runId":"6cc4967d-0d0f-4f65-b604-fc1e73ff88d0","type":"fetch","rationale":"Inspect an already-known source before another generic query","step":1,"t":"2026-09-17T14:16:32.204Z"}
{"level":"info","event":"action","runId":"6cc4967d-0d0f-4f65-b604-fc1e73ff88d0","type":"fetch","rationale":"Inspect an already-known source before another generic query","step":2,"t":"2026-09-17T14:16:32.215Z"}
{"level":"info","event":"action","runId":"6cc4967d-0d0f-4f65-b604-fc1e73ff88d0","type":"challenge","rationale":"Disconfirm material conclusion: A primary source that directly contradicts this conclusion.","step":3,"t":"2026-09-17T14:16:32.227Z"}
{"level":"info","event":"action","runId":"6cc4967d-0d0f-4f65-b604-fc1e73ff88d0","type":"challenge","rationale":"No counterexample found in accessed primary sources. This is not proof that the conclusion is true.","step":4,"t":"2026-09-17T14:16:32.239Z"}
{"level":"info","event":"action","runId":"6cc4967d-0d0f-4f65-b604-fc1e73ff88d0","type":"synthesize","rationale":"decision_critical_gaps_resolved_or_unresolvable; high-impact claims supported or qualified; contradictions handled; remaining actions low expected value","step":5,"t":"2026-09-17T14:16:32.247Z"}
{"level":"info","event":"action","runId":"484bb723-a3a9-4843-924b-349fdf74bcf1","type":"search","rationale":"Investigate an uncovered required question","step":0,"t":"2026-09-17T14:16:32.595Z"}
{"level":"info","event":"action","runId":"484bb723-a3a9-4843-924b-349fdf74bcf1","type":"fetch","rationale":"Inspect an already-known source before another generic query","step":1,"t":"2026-09-17T14:16:32.607Z"}
{"level":"info","event":"action","runId":"484bb723-a3a9-4843-924b-349fdf74bcf1","type":"challenge","rationale":"Disconfirm material conclusion: A primary source that directly contradicts this conclusion.","step":2,"t":"2026-09-17T14:16:32.617Z"}
{"level":"info","event":"action","runId":"484bb723-a3a9-4843-924b-349fdf74bcf1","type":"challenge","rationale":"No counterexample found in accessed primary sources. This is not proof that the conclusion is true.","step":3,"t":"2026-09-17T14:16:32.629Z"}
{"level":"info","event":"action","runId":"484bb723-a3a9-4843-924b-349fdf74bcf1","type":"synthesize","rationale":"decision_critical_gaps_resolved_or_unresolvable; high-impact claims supported or qualified; contradictions handled; remaining actions low expected value","step":4,"t":"2026-09-17T14:16:32.637Z"}
{"level":"info","event":"action","runId":"5e8df851-0378-4de3-a105-ceeca062298a","type":"search","rationale":"Investigate an uncovered required question","step":0,"t":"2026-09-17T14:16:32.981Z"}
{"level":"info","event":"action","runId":"5e8df851-0378-4de3-a105-ceeca062298a","type":"fetch","rationale":"Inspect an already-known source before another generic query","step":1,"t":"2026-09-17T14:16:32.999Z"}
{"level":"info","event":"action","runId":"5e8df851-0378-4de3-a105-ceeca062298a","type":"fetch","rationale":"Inspect an already-known source before another generic query","step":2,"t":"2026-09-17T14:16:33.011Z"}
{"level":"info","event":"action","runId":"5e8df851-0378-4de3-a105-ceeca062298a","type":"fetch","rationale":"Inspect an already-known source before another generic query","step":3,"t":"2026-09-17T14:16:33.021Z"}
{"level":"info","event":"action","runId":"5e8df851-0378-4de3-a105-ceeca062298a","type":"challenge","rationale":"Disconfirm material conclusion: A hard-constraint violation for a candidate currently marked eligible.","step":4,"t":"2026-09-17T14:16:33.036Z"}
{"level":"info","event":"action","runId":"5e8df851-0378-4de3-a105-ceeca062298a","type":"challenge","rationale":"No counterexample found in accessed primary sources. This is not proof that the conclusion is true.","step":5,"t":"2026-09-17T14:16:33.046Z"}
{"level":"info","event":"action","runId":"5e8df851-0378-4de3-a105-ceeca062298a","type":"synthesize","rationale":"decision_critical_gaps_resolved_or_unresolvable; high-impact claims supported or qualified; contradictions handled; remaining actions low expected value","step":6,"t":"2026-09-17T14:16:33.054Z"}
{"level":"info","event":"action","runId":"9a8b39ff-c2b9-4620-99ac-d600968d5f53","type":"search","rationale":"Investigate an uncovered required question","step":0,"t":"2026-09-17T14:16:33.387Z"}
{"level":"info","event":"action","runId":"9a8b39ff-c2b9-4620-99ac-d600968d5f53","type":"fetch","rationale":"Inspect an already-known source before another generic query","step":1,"t":"2026-09-17T14:16:33.405Z"}
{"level":"info","event":"action","runId":"9a8b39ff-c2b9-4620-99ac-d600968d5f53","type":"fetch","rationale":"Inspect an already-known source before another generic query","step":2,"t":"2026-09-17T14:16:33.416Z"}
{"level":"info","event":"action","runId":"9a8b39ff-c2b9-4620-99ac-d600968d5f53","type":"fetch","rationale":"Inspect an already-known source before another generic query","step":3,"t":"2026-09-17T14:16:33.427Z"}
{"level":"info","event":"action","runId":"9a8b39ff-c2b9-4620-99ac-d600968d5f53","type":"fetch","rationale":"Inspect an already-known source before another generic query","step":4,"t":"2026-09-17T14:16:33.439Z"}
{"level":"info","event":"action","runId":"9a8b39ff-c2b9-4620-99ac-d600968d5f53","type":"fetch","rationale":"Inspect an already-known source before another generic query","step":5,"t":"2026-09-17T14:16:33.449Z"}
{"level":"info","event":"action","runId":"9a8b39ff-c2b9-4620-99ac-d600968d5f53","type":"challenge","rationale":"Disconfirm material conclusion: A primary source that directly contradicts this conclusion.","step":6,"t":"2026-09-17T14:16:33.460Z"}
{"level":"info","event":"action","runId":"9a8b39ff-c2b9-4620-99ac-d600968d5f53","type":"challenge","rationale":"No counterexample found in accessed primary sources. This is not proof that the conclusion is true.","step":7,"t":"2026-09-17T14:16:33.471Z"}
{"level":"info","event":"action","runId":"9a8b39ff-c2b9-4620-99ac-d600968d5f53","type":"synthesize","rationale":"decision_critical_gaps_resolved_or_unresolvable; high-impact claims supported or qualified; contradictions handled; remaining actions low expected value","step":8,"t":"2026-09-17T14:16:33.479Z"}
{"level":"info","event":"action","runId":"444eec43-37ac-4354-90f0-de116432abda","type":"challenge","rationale":"Disconfirm material conclusion: A primary source that directly contradicts this conclusion.","step":0,"t":"2026-09-17T14:16:33.828Z"}
{"level":"info","event":"action","runId":"444eec43-37ac-4354-90f0-de116432abda","type":"fetch","rationale":"Inspect an already-known source before another generic query","step":1,"t":"2026-09-17T14:16:33.846Z"}
{"level":"info","event":"action","runId":"444eec43-37ac-4354-90f0-de116432abda","type":"fetch","rationale":"Inspect an already-known source before another generic query","step":2,"t":"2026-09-17T14:16:33.857Z"}
{"level":"info","event":"action","runId":"444eec43-37ac-4354-90f0-de116432abda","type":"fetch","rationale":"Inspect an already-known source before another generic query","step":3,"t":"2026-09-17T14:16:33.869Z"}
{"level":"info","event":"action","runId":"444eec43-37ac-4354-90f0-de116432abda","type":"challenge","rationale":"Disconfirm material conclusion: A hard-constraint violation for a candidate currently marked eligible.","step":4,"t":"2026-09-17T14:16:33.883Z"}
{"level":"info","event":"action","runId":"444eec43-37ac-4354-90f0-de116432abda","type":"challenge","rationale":"No counterexample found in accessed primary sources. This is not proof that the conclusion is true.","step":5,"t":"2026-09-17T14:16:33.895Z"}
{"level":"info","event":"action","runId":"444eec43-37ac-4354-90f0-de116432abda","type":"synthesize","rationale":"decision_critical_gaps_resolved_or_unresolvable; high-impact claims supported or qualified; contradictions handled; remaining actions low expected value","step":6,"t":"2026-09-17T14:16:33.910Z"}
{"level":"info","event":"action","runId":"f3f47368-b15e-45ea-a5f0-529830d12e6e","type":"search","rationale":"Investigate an uncovered required question","step":0,"t":"2026-09-17T14:16:34.307Z"}
{"level":"info","event":"action","runId":"f3f47368-b15e-45ea-a5f0-529830d12e6e","type":"fetch","rationale":"Inspect an already-known source before another generic query","step":1,"t":"2026-09-17T14:16:34.323Z"}
{"level":"info","event":"action","runId":"f3f47368-b15e-45ea-a5f0-529830d12e6e","type":"fetch","rationale":"Inspect an already-known source before another generic query","step":2,"t":"2026-09-17T14:16:34.334Z"}
{"level":"info","event":"action","runId":"f3f47368-b15e-45ea-a5f0-529830d12e6e","type":"fetch","rationale":"Inspect an already-known source before another generic query","step":3,"t":"2026-09-17T14:16:34.347Z"}
{"level":"info","event":"action","runId":"f3f47368-b15e-45ea-a5f0-529830d12e6e","type":"challenge","rationale":"Disconfirm material conclusion: A hard-constraint violation for a candidate currently marked eligible.","step":4,"t":"2026-09-17T14:16:34.357Z"}
{"level":"info","event":"action","runId":"f3f47368-b15e-45ea-a5f0-529830d12e6e","type":"challenge","rationale":"No counterexample found in accessed primary sources. This is not proof that the conclusion is true.","step":5,"t":"2026-09-17T14:16:34.367Z"}
{"level":"info","event":"action","runId":"f3f47368-b15e-45ea-a5f0-529830d12e6e","type":"synthesize","rationale":"decision_critical_gaps_resolved_or_unresolvable; high-impact claims supported or qualified; contradictions handled; remaining actions low expected value","step":6,"t":"2026-09-17T14:16:34.375Z"}
{"level":"info","event":"action","runId":"5a0d1e8f-5b5f-45f2-bf83-901804a213cd","type":"search","rationale":"Investigate an uncovered required question","step":0,"t":"2026-09-17T14:16:34.710Z"}
{"level":"info","event":"action","runId":"5a0d1e8f-5b5f-45f2-bf83-901804a213cd","type":"fetch","rationale":"Inspect an already-known source before another generic query","step":1,"t":"2026-09-17T14:16:34.726Z"}
{"level":"info","event":"action","runId":"5a0d1e8f-5b5f-45f2-bf83-901804a213cd","type":"fetch","rationale":"Inspect an already-known source before another generic query","step":2,"t":"2026-09-17T14:16:34.736Z"}
{"level":"info","event":"action","runId":"5a0d1e8f-5b5f-45f2-bf83-901804a213cd","type":"fetch","rationale":"Inspect an already-known source before another generic query","step":3,"t":"2026-09-17T14:16:34.748Z"}
{"level":"info","event":"action","runId":"5a0d1e8f-5b5f-45f2-bf83-901804a213cd","type":"challenge","rationale":"Disconfirm material conclusion: A hard-constraint violation for a candidate currently marked eligible.","step":4,"t":"2026-09-17T14:16:34.759Z"}
{"level":"info","event":"action","runId":"5a0d1e8f-5b5f-45f2-bf83-901804a213cd","type":"challenge","rationale":"No counterexample found in accessed primary sources. This is not proof that the conclusion is true.","step":5,"t":"2026-09-17T14:16:34.768Z"}
{"level":"info","event":"action","runId":"5a0d1e8f-5b5f-45f2-bf83-901804a213cd","type":"synthesize","rationale":"decision_critical_gaps_resolved_or_unresolvable; high-impact claims supported or qualified; contradictions handled; remaining actions low expected value","step":6,"t":"2026-09-17T14:16:34.776Z"}
{"level":"info","event":"action","runId":"46e6cedf-c203-4eb3-ac9d-96b8b477cb3d","type":"search","rationale":"Investigate an uncovered required question","step":0,"t":"2026-09-17T14:16:35.114Z"}
{"level":"info","event":"action","runId":"46e6cedf-c203-4eb3-ac9d-96b8b477cb3d","type":"fetch","rationale":"Inspect an already-known source before another generic query","step":1,"t":"2026-09-17T14:16:35.130Z"}
{"level":"info","event":"action","runId":"46e6cedf-c203-4eb3-ac9d-96b8b477cb3d","type":"fetch","rationale":"Inspect an already-known source before another generic query","step":2,"t":"2026-09-17T14:16:35.143Z"}
{"level":"info","event":"action","runId":"46e6cedf-c203-4eb3-ac9d-96b8b477cb3d","type":"fetch","rationale":"Inspect an already-known source before another generic query","step":3,"t":"2026-09-17T14:16:35.153Z"}
{"level":"info","event":"action","runId":"46e6cedf-c203-4eb3-ac9d-96b8b477cb3d","type":"challenge","rationale":"Disconfirm material conclusion: A hard-constraint violation for a candidate currently marked eligible.","step":4,"t":"2026-09-17T14:16:35.164Z"}
{"level":"info","event":"action","runId":"46e6cedf-c203-4eb3-ac9d-96b8b477cb3d","type":"challenge","rationale":"No counterexample found in accessed primary sources. This is not proof that the conclusion is true.","step":5,"t":"2026-09-17T14:16:35.175Z"}
{"level":"info","event":"action","runId":"46e6cedf-c203-4eb3-ac9d-96b8b477cb3d","type":"synthesize","rationale":"decision_critical_gaps_resolved_or_unresolvable; high-impact claims supported or qualified; contradictions handled; remaining actions low expected value","step":6,"t":"2026-09-17T14:16:35.183Z"}
{"level":"info","event":"action","runId":"57b2b876-ef21-4a13-acda-0a9c3515807b","type":"challenge","rationale":"Disconfirm material conclusion: A primary source that directly contradicts this conclusion.","step":0,"t":"2026-09-17T14:16:35.554Z"}
{"level":"info","event":"action","runId":"57b2b876-ef21-4a13-acda-0a9c3515807b","type":"fetch","rationale":"Inspect an already-known source before another generic query","step":1,"t":"2026-09-17T14:16:35.575Z"}
{"level":"info","event":"action","runId":"57b2b876-ef21-4a13-acda-0a9c3515807b","type":"fetch","rationale":"Inspect an already-known source before another generic query","step":2,"t":"2026-09-17T14:16:35.588Z"}
{"level":"info","event":"action","runId":"57b2b876-ef21-4a13-acda-0a9c3515807b","type":"fetch","rationale":"Inspect an already-known source before another generic query","step":3,"t":"2026-09-17T14:16:35.600Z"}
{"level":"info","event":"action","runId":"57b2b876-ef21-4a13-acda-0a9c3515807b","type":"challenge","rationale":"Disconfirm material conclusion: A hard-constraint violation for a candidate currently marked eligible.","step":4,"t":"2026-09-17T14:16:35.615Z"}
{"level":"info","event":"action","runId":"57b2b876-ef21-4a13-acda-0a9c3515807b","type":"challenge","rationale":"No counterexample found in accessed primary sources. This is not proof that the conclusion is true.","step":5,"t":"2026-09-17T14:16:35.627Z"}
{"level":"info","event":"action","runId":"57b2b876-ef21-4a13-acda-0a9c3515807b","type":"synthesize","rationale":"decision_critical_gaps_resolved_or_unresolvable; high-impact claims supported or qualified; contradictions handled; remaining actions low expected value","step":6,"t":"2026-09-17T14:16:35.635Z"}
{"level":"info","event":"action","runId":"1db2a9a9-1206-409a-9e68-ba2d8f35480e","type":"challenge","rationale":"Disconfirm material conclusion: A primary source that directly contradicts this conclusion.","step":0,"t":"2026-09-17T14:16:35.983Z"}
{"level":"info","event":"action","runId":"1db2a9a9-1206-409a-9e68-ba2d8f35480e","type":"fetch","rationale":"Inspect an already-known source before another generic query","step":1,"t":"2026-09-17T14:16:36.002Z"}
{"level":"info","event":"action","runId":"1db2a9a9-1206-409a-9e68-ba2d8f35480e","type":"fetch","rationale":"Inspect an already-known source before another generic query","step":2,"t":"2026-09-17T14:16:36.013Z"}
{"level":"info","event":"action","runId":"1db2a9a9-1206-409a-9e68-ba2d8f35480e","type":"fetch","rationale":"Inspect an already-known source before another generic query","step":3,"t":"2026-09-17T14:16:36.024Z"}
{"level":"info","event":"action","runId":"1db2a9a9-1206-409a-9e68-ba2d8f35480e","type":"challenge","rationale":"Disconfirm material conclusion: A hard-constraint violation for a candidate currently marked eligible.","step":4,"t":"2026-09-17T14:16:36.036Z"}
{"level":"info","event":"action","runId":"1db2a9a9-1206-409a-9e68-ba2d8f35480e","type":"challenge","rationale":"No counterexample found in accessed primary sources. This is not proof that the conclusion is true.","step":5,"t":"2026-09-17T14:16:36.046Z"}
{"level":"info","event":"action","runId":"1db2a9a9-1206-409a-9e68-ba2d8f35480e","type":"synthesize","rationale":"decision_critical_gaps_resolved_or_unresolvable; high-impact claims supported or qualified; contradictions handled; remaining actions low expected value","step":6,"t":"2026-09-17T14:16:36.054Z"}
{"level":"info","event":"action","runId":"fc2c4ee7-2a3a-4e97-92f0-c72048d94d6d","type":"search","rationale":"Investigate an uncovered required question","step":0,"t":"2026-09-17T14:16:36.393Z"}
{"level":"info","event":"action","runId":"fc2c4ee7-2a3a-4e97-92f0-c72048d94d6d","type":"fetch","rationale":"Inspect an already-known source before another generic query","step":1,"t":"2026-09-17T14:16:36.410Z"}
{"level":"info","event":"action","runId":"fc2c4ee7-2a3a-4e97-92f0-c72048d94d6d","type":"fetch","rationale":"Inspect an already-known source before another generic query","step":2,"t":"2026-09-17T14:16:36.421Z"}
{"level":"info","event":"action","runId":"fc2c4ee7-2a3a-4e97-92f0-c72048d94d6d","type":"fetch","rationale":"Inspect an already-known source before another generic query","step":3,"t":"2026-09-17T14:16:36.430Z"}
{"level":"info","event":"action","runId":"fc2c4ee7-2a3a-4e97-92f0-c72048d94d6d","type":"fetch","rationale":"Inspect an already-known source before another generic query","step":4,"t":"2026-09-17T14:16:36.440Z"}
{"level":"info","event":"action","runId":"fc2c4ee7-2a3a-4e97-92f0-c72048d94d6d","type":"fetch","rationale":"Inspect an already-known source before another generic query","step":5,"t":"2026-09-17T14:16:36.450Z"}
{"level":"info","event":"action","runId":"fc2c4ee7-2a3a-4e97-92f0-c72048d94d6d","type":"challenge","rationale":"Disconfirm material conclusion: A primary source that directly contradicts this conclusion.","step":6,"t":"2026-09-17T14:16:36.458Z"}
{"level":"info","event":"action","runId":"fc2c4ee7-2a3a-4e97-92f0-c72048d94d6d","type":"challenge","rationale":"No counterexample found in accessed primary sources. This is not proof that the conclusion is true.","step":7,"t":"2026-09-17T14:16:36.468Z"}
{"level":"info","event":"action","runId":"fc2c4ee7-2a3a-4e97-92f0-c72048d94d6d","type":"synthesize","rationale":"decision_critical_gaps_resolved_or_unresolvable; high-impact claims supported or qualified; contradictions handled; remaining actions low expected value","step":8,"t":"2026-09-17T14:16:36.475Z"}
{"level":"info","event":"action","runId":"b57e2959-3b39-4227-8ab6-24bd0359e547","type":"search","rationale":"Investigate an uncovered required question","step":0,"t":"2026-09-17T14:16:36.811Z"}
{"level":"info","event":"action","runId":"b57e2959-3b39-4227-8ab6-24bd0359e547","type":"fetch","rationale":"Inspect an already-known source before another generic query","step":1,"t":"2026-09-17T14:16:36.827Z"}
{"level":"info","event":"action","runId":"b57e2959-3b39-4227-8ab6-24bd0359e547","type":"fetch","rationale":"Inspect an already-known source before another generic query","step":2,"t":"2026-09-17T14:16:36.836Z"}
{"level":"info","event":"action","runId":"b57e2959-3b39-4227-8ab6-24bd0359e547","type":"fetch","rationale":"Inspect an already-known source before another generic query","step":3,"t":"2026-09-17T14:16:36.847Z"}
{"level":"info","event":"action","runId":"b57e2959-3b39-4227-8ab6-24bd0359e547","type":"challenge","rationale":"Disconfirm material conclusion: A hard-constraint violation for a candidate currently marked eligible.","step":4,"t":"2026-09-17T14:16:36.858Z"}
{"level":"info","event":"action","runId":"b57e2959-3b39-4227-8ab6-24bd0359e547","type":"challenge","rationale":"No counterexample found in accessed primary sources. This is not proof that the conclusion is true.","step":5,"t":"2026-09-17T14:16:36.868Z"}
{"level":"info","event":"action","runId":"b57e2959-3b39-4227-8ab6-24bd0359e547","type":"synthesize","rationale":"decision_critical_gaps_resolved_or_unresolvable; high-impact claims supported or qualified; contradictions handled; remaining actions low expected value","step":6,"t":"2026-09-17T14:16:36.877Z"}
{"level":"info","event":"action","runId":"19b702a5-6552-4124-ac70-203118252158","type":"search","rationale":"Investigate an uncovered required question","step":0,"t":"2026-09-17T14:16:37.261Z"}
{"level":"info","event":"action","runId":"19b702a5-6552-4124-ac70-203118252158","type":"fetch","rationale":"Inspect an already-known source before another generic query","step":1,"t":"2026-09-17T14:16:37.280Z"}
{"level":"info","event":"action","runId":"19b702a5-6552-4124-ac70-203118252158","type":"fetch","rationale":"Inspect an already-known source before another generic query","step":2,"t":"2026-09-17T14:16:37.291Z"}
{"level":"info","event":"action","runId":"19b702a5-6552-4124-ac70-203118252158","type":"fetch","rationale":"Inspect an already-known source before another generic query","step":3,"t":"2026-09-17T14:16:37.302Z"}
{"level":"info","event":"action","runId":"19b702a5-6552-4124-ac70-203118252158","type":"fetch","rationale":"Inspect an already-known source before another generic query","step":4,"t":"2026-09-17T14:16:37.313Z"}
{"level":"info","event":"action","runId":"19b702a5-6552-4124-ac70-203118252158","type":"fetch","rationale":"Inspect an already-known source before another generic query","step":5,"t":"2026-09-17T14:16:37.324Z"}
{"level":"info","event":"action","runId":"19b702a5-6552-4124-ac70-203118252158","type":"challenge","rationale":"Disconfirm material conclusion: A primary source that directly contradicts this conclusion.","step":6,"t":"2026-09-17T14:16:37.334Z"}
{"level":"info","event":"action","runId":"19b702a5-6552-4124-ac70-203118252158","type":"challenge","rationale":"No counterexample found in accessed primary sources. This is not proof that the conclusion is true.","step":7,"t":"2026-09-17T14:16:37.345Z"}
{"level":"info","event":"action","runId":"19b702a5-6552-4124-ac70-203118252158","type":"synthesize","rationale":"decision_critical_gaps_resolved_or_unresolvable; high-impact claims supported or qualified; contradictions handled; remaining actions low expected value","step":8,"t":"2026-09-17T14:16:37.353Z"}
{"level":"info","event":"action","runId":"150a981b-529d-4a11-8a10-25b8824d5d6c","type":"search","rationale":"Investigate an uncovered required question","step":0,"t":"2026-09-17T14:16:37.827Z"}
{"level":"info","event":"action","runId":"150a981b-529d-4a11-8a10-25b8824d5d6c","type":"fetch","rationale":"Inspect an already-known source before another generic query","step":1,"t":"2026-09-17T14:16:37.844Z"}
{"level":"info","event":"action","runId":"150a981b-529d-4a11-8a10-25b8824d5d6c","type":"fetch","rationale":"Inspect an already-known source before another generic query","step":2,"t":"2026-09-17T14:16:37.853Z"}
{"level":"info","event":"action","runId":"150a981b-529d-4a11-8a10-25b8824d5d6c","type":"fetch","rationale":"Inspect an already-known source before another generic query","step":3,"t":"2026-09-17T14:16:37.864Z"}
{"level":"info","event":"action","runId":"150a981b-529d-4a11-8a10-25b8824d5d6c","type":"fetch","rationale":"Inspect an already-known source before another generic query","step":4,"t":"2026-09-17T14:16:37.873Z"}
{"level":"info","event":"action","runId":"150a981b-529d-4a11-8a10-25b8824d5d6c","type":"fetch","rationale":"Inspect an already-known source before another generic query","step":5,"t":"2026-09-17T14:16:37.883Z"}
{"level":"info","event":"action","runId":"150a981b-529d-4a11-8a10-25b8824d5d6c","type":"challenge","rationale":"Disconfirm material conclusion: A primary source that directly contradicts this conclusion.","step":6,"t":"2026-09-17T14:16:37.893Z"}
{"level":"info","event":"action","runId":"150a981b-529d-4a11-8a10-25b8824d5d6c","type":"challenge","rationale":"No counterexample found in accessed primary sources. This is not proof that the conclusion is true.","step":7,"t":"2026-09-17T14:16:37.903Z"}
{"level":"info","event":"action","runId":"150a981b-529d-4a11-8a10-25b8824d5d6c","type":"synthesize","rationale":"decision_critical_gaps_resolved_or_unresolvable; high-impact claims supported or qualified; contradictions handled; remaining actions low expected value","step":8,"t":"2026-09-17T14:16:37.910Z"}
{"level":"info","event":"action","runId":"fad4905f-deee-44c3-901e-c0fb1ab2bf5a","type":"search","rationale":"Investigate an uncovered required question","step":0,"t":"2026-09-17T14:16:38.255Z"}
{"level":"info","event":"action","runId":"fad4905f-deee-44c3-901e-c0fb1ab2bf5a","type":"fetch","rationale":"Inspect an already-known source before another generic query","step":1,"t":"2026-09-17T14:16:38.272Z"}
{"level":"info","event":"action","runId":"fad4905f-deee-44c3-901e-c0fb1ab2bf5a","type":"fetch","rationale":"Inspect an already-known source before another generic query","step":2,"t":"2026-09-17T14:16:38.283Z"}
{"level":"info","event":"action","runId":"fad4905f-deee-44c3-901e-c0fb1ab2bf5a","type":"fetch","rationale":"Inspect an already-known source before another generic query","step":3,"t":"2026-09-17T14:16:38.294Z"}
{"level":"info","event":"action","runId":"fad4905f-deee-44c3-901e-c0fb1ab2bf5a","type":"fetch","rationale":"Inspect an already-known source before another generic query","step":4,"t":"2026-09-17T14:16:38.305Z"}
{"level":"info","event":"action","runId":"fad4905f-deee-44c3-901e-c0fb1ab2bf5a","type":"fetch","rationale":"Inspect an already-known source before another generic query","step":5,"t":"2026-09-17T14:16:38.317Z"}
{"level":"info","event":"action","runId":"fad4905f-deee-44c3-901e-c0fb1ab2bf5a","type":"challenge","rationale":"Disconfirm material conclusion: A primary source that directly contradicts this conclusion.","step":6,"t":"2026-09-17T14:16:38.335Z"}
{"level":"info","event":"action","runId":"fad4905f-deee-44c3-901e-c0fb1ab2bf5a","type":"challenge","rationale":"No counterexample found in accessed primary sources. This is not proof that the conclusion is true.","step":7,"t":"2026-09-17T14:16:38.345Z"}
{"level":"info","event":"action","runId":"fad4905f-deee-44c3-901e-c0fb1ab2bf5a","type":"synthesize","rationale":"decision_critical_gaps_resolved_or_unresolvable; high-impact claims supported or qualified; contradictions handled; remaining actions low expected value","step":8,"t":"2026-09-17T14:16:38.354Z"}
{"level":"info","event":"action","runId":"ca3ab1b0-41df-4b7b-a28f-dc28f53f5927","type":"search","rationale":"Investigate an uncovered required question","step":0,"t":"2026-09-17T14:16:38.713Z"}
{"level":"info","event":"action","runId":"ca3ab1b0-41df-4b7b-a28f-dc28f53f5927","type":"fetch","rationale":"Inspect an already-known source before another generic query","step":1,"t":"2026-09-17T14:16:38.731Z"}
{"level":"info","event":"action","runId":"ca3ab1b0-41df-4b7b-a28f-dc28f53f5927","type":"fetch","rationale":"Inspect an already-known source before another generic query","step":2,"t":"2026-09-17T14:16:38.741Z"}
{"level":"info","event":"action","runId":"ca3ab1b0-41df-4b7b-a28f-dc28f53f5927","type":"fetch","rationale":"Inspect an already-known source before another generic query","step":3,"t":"2026-09-17T14:16:38.752Z"}
{"level":"info","event":"action","runId":"ca3ab1b0-41df-4b7b-a28f-dc28f53f5927","type":"fetch","rationale":"Inspect an already-known source before another generic query","step":4,"t":"2026-09-17T14:16:38.763Z"}
{"level":"info","event":"action","runId":"ca3ab1b0-41df-4b7b-a28f-dc28f53f5927","type":"fetch","rationale":"Inspect an already-known source before another generic query","step":5,"t":"2026-09-17T14:16:38.774Z"}
{"level":"info","event":"action","runId":"ca3ab1b0-41df-4b7b-a28f-dc28f53f5927","type":"challenge","rationale":"Disconfirm material conclusion: A primary source that directly contradicts this conclusion.","step":6,"t":"2026-09-17T14:16:38.785Z"}
{"level":"info","event":"action","runId":"ca3ab1b0-41df-4b7b-a28f-dc28f53f5927","type":"challenge","rationale":"No counterexample found in accessed primary sources. This is not proof that the conclusion is true.","step":7,"t":"2026-09-17T14:16:38.795Z"}
{"level":"info","event":"action","runId":"ca3ab1b0-41df-4b7b-a28f-dc28f53f5927","type":"synthesize","rationale":"decision_critical_gaps_resolved_or_unresolvable; high-impact claims supported or qualified; contradictions handled; remaining actions low expected value","step":8,"t":"2026-09-17T14:16:38.803Z"}
{"level":"info","event":"action","runId":"67257657-2e21-4049-9615-2d2aaa522ee3","type":"search","rationale":"Investigate an uncovered required question","step":0,"t":"2026-09-17T14:16:39.289Z"}
{"level":"info","event":"action","runId":"67257657-2e21-4049-9615-2d2aaa522ee3","type":"fetch","rationale":"Inspect an already-known source before another generic query","step":1,"t":"2026-09-17T14:16:39.305Z"}
{"level":"info","event":"action","runId":"67257657-2e21-4049-9615-2d2aaa522ee3","type":"fetch","rationale":"Inspect an already-known source before another generic query","step":2,"t":"2026-09-17T14:16:39.317Z"}
{"level":"info","event":"action","runId":"67257657-2e21-4049-9615-2d2aaa522ee3","type":"fetch","rationale":"Inspect an already-known source before another generic query","step":3,"t":"2026-09-17T14:16:39.328Z"}
{"level":"info","event":"action","runId":"67257657-2e21-4049-9615-2d2aaa522ee3","type":"fetch","rationale":"Inspect an already-known source before another generic query","step":4,"t":"2026-09-17T14:16:39.338Z"}
{"level":"info","event":"action","runId":"67257657-2e21-4049-9615-2d2aaa522ee3","type":"fetch","rationale":"Inspect an already-known source before another generic query","step":5,"t":"2026-09-17T14:16:39.349Z"}
{"level":"info","event":"action","runId":"67257657-2e21-4049-9615-2d2aaa522ee3","type":"challenge","rationale":"Disconfirm material conclusion: A primary source that directly contradicts this conclusion.","step":6,"t":"2026-09-17T14:16:39.358Z"}
{"level":"info","event":"action","runId":"67257657-2e21-4049-9615-2d2aaa522ee3","type":"challenge","rationale":"No counterexample found in accessed primary sources. This is not proof that the conclusion is true.","step":7,"t":"2026-09-17T14:16:39.368Z"}
{"level":"info","event":"action","runId":"67257657-2e21-4049-9615-2d2aaa522ee3","type":"synthesize","rationale":"decision_critical_gaps_resolved_or_unresolvable; high-impact claims supported or qualified; contradictions handled; remaining actions low expected value","step":8,"t":"2026-09-17T14:16:39.375Z"}
{"level":"info","event":"action","runId":"d889b162-3f6f-4dfb-be6e-1294b768dec6","type":"search","rationale":"Investigate an uncovered required question","step":0,"t":"2026-09-17T14:16:39.982Z"}
{"level":"info","event":"action","runId":"d889b162-3f6f-4dfb-be6e-1294b768dec6","type":"fetch","rationale":"Inspect an already-known source before another generic query","step":1,"t":"2026-09-17T14:16:40.000Z"}
{"level":"info","event":"action","runId":"d889b162-3f6f-4dfb-be6e-1294b768dec6","type":"fetch","rationale":"Inspect an already-known source before another generic query","step":2,"t":"2026-09-17T14:16:40.012Z"}
{"level":"info","event":"action","runId":"d889b162-3f6f-4dfb-be6e-1294b768dec6","type":"fetch","rationale":"Inspect an already-known source before another generic query","step":3,"t":"2026-09-17T14:16:40.022Z"}
{"level":"info","event":"action","runId":"d889b162-3f6f-4dfb-be6e-1294b768dec6","type":"fetch","rationale":"Inspect an already-known source before another generic query","step":4,"t":"2026-09-17T14:16:40.032Z"}
{"level":"info","event":"action","runId":"d889b162-3f6f-4dfb-be6e-1294b768dec6","type":"fetch","rationale":"Inspect an already-known source before another generic query","step":5,"t":"2026-09-17T14:16:40.043Z"}
{"level":"info","event":"action","runId":"d889b162-3f6f-4dfb-be6e-1294b768dec6","type":"challenge","rationale":"Disconfirm material conclusion: A primary source that directly contradicts this conclusion.","step":6,"t":"2026-09-17T14:16:40.053Z"}
{"level":"info","event":"action","runId":"d889b162-3f6f-4dfb-be6e-1294b768dec6","type":"challenge","rationale":"No counterexample found in accessed primary sources. This is not proof that the conclusion is true.","step":7,"t":"2026-09-17T14:16:40.062Z"}
{"level":"info","event":"action","runId":"d889b162-3f6f-4dfb-be6e-1294b768dec6","type":"synthesize","rationale":"decision_critical_gaps_resolved_or_unresolvable; high-impact claims supported or qualified; contradictions handled; remaining actions low expected value","step":8,"t":"2026-09-17T14:16:40.070Z"}
{"level":"info","event":"action","runId":"83d6160b-9de5-4620-82c5-9c86bbf8ce2b","type":"search","rationale":"Investigate an uncovered required question","step":0,"t":"2026-09-17T14:16:40.417Z"}
{"level":"info","event":"action","runId":"83d6160b-9de5-4620-82c5-9c86bbf8ce2b","type":"fetch","rationale":"Inspect an already-known source before another generic query","step":1,"t":"2026-09-17T14:16:40.433Z"}
{"level":"info","event":"action","runId":"83d6160b-9de5-4620-82c5-9c86bbf8ce2b","type":"fetch","rationale":"Inspect an already-known source before another generic query","step":2,"t":"2026-09-17T14:16:40.444Z"}
{"level":"info","event":"action","runId":"83d6160b-9de5-4620-82c5-9c86bbf8ce2b","type":"fetch","rationale":"Inspect an already-known source before another generic query","step":3,"t":"2026-09-17T14:16:40.454Z"}
{"level":"info","event":"action","runId":"83d6160b-9de5-4620-82c5-9c86bbf8ce2b","type":"fetch","rationale":"Inspect an already-known source before another generic query","step":4,"t":"2026-09-17T14:16:40.463Z"}
{"level":"info","event":"action","runId":"83d6160b-9de5-4620-82c5-9c86bbf8ce2b","type":"fetch","rationale":"Inspect an already-known source before another generic query","step":5,"t":"2026-09-17T14:16:40.473Z"}
{"level":"info","event":"action","runId":"83d6160b-9de5-4620-82c5-9c86bbf8ce2b","type":"challenge","rationale":"Disconfirm material conclusion: A primary source that directly contradicts this conclusion.","step":6,"t":"2026-09-17T14:16:40.483Z"}
{"level":"info","event":"action","runId":"83d6160b-9de5-4620-82c5-9c86bbf8ce2b","type":"challenge","rationale":"No counterexample found in accessed primary sources. This is not proof that the conclusion is true.","step":7,"t":"2026-09-17T14:16:40.493Z"}
{"level":"info","event":"action","runId":"83d6160b-9de5-4620-82c5-9c86bbf8ce2b","type":"synthesize","rationale":"decision_critical_gaps_resolved_or_unresolvable; high-impact claims supported or qualified; contradictions handled; remaining actions low expected value","step":8,"t":"2026-09-17T14:16:40.499Z"}
{"level":"info","event":"action","runId":"ff53c3a6-a7ce-4684-9b1b-3c0bde6d9eeb","type":"search","rationale":"Investigate an uncovered required question","step":0,"t":"2026-09-17T14:16:40.831Z"}
{"level":"info","event":"action","runId":"ff53c3a6-a7ce-4684-9b1b-3c0bde6d9eeb","type":"fetch","rationale":"Inspect an already-known source before another generic query","step":1,"t":"2026-09-17T14:16:40.845Z"}
{"level":"info","event":"action","runId":"ff53c3a6-a7ce-4684-9b1b-3c0bde6d9eeb","type":"challenge","rationale":"Disconfirm material conclusion: A primary source that directly contradicts this conclusion.","step":2,"t":"2026-09-17T14:16:40.855Z"}
{"level":"info","event":"action","runId":"ff53c3a6-a7ce-4684-9b1b-3c0bde6d9eeb","type":"challenge","rationale":"No counterexample found in accessed primary sources. This is not proof that the conclusion is true.","step":3,"t":"2026-09-17T14:16:40.865Z"}
{"level":"info","event":"action","runId":"ff53c3a6-a7ce-4684-9b1b-3c0bde6d9eeb","type":"synthesize","rationale":"decision_critical_gaps_resolved_or_unresolvable; high-impact claims supported or qualified; contradictions handled; remaining actions low expected value","step":4,"t":"2026-09-17T14:16:40.873Z"}
{"level":"info","event":"action","runId":"3b13dcff-9ba8-468d-80c8-30f83b8cdc61","type":"search","rationale":"Investigate an uncovered required question","step":0,"t":"2026-09-17T14:16:41.210Z"}
{"level":"info","event":"action","runId":"3b13dcff-9ba8-468d-80c8-30f83b8cdc61","type":"fetch","rationale":"Inspect an already-known source before another generic query","step":1,"t":"2026-09-17T14:16:41.228Z"}
{"level":"info","event":"action","runId":"3b13dcff-9ba8-468d-80c8-30f83b8cdc61","type":"fetch","rationale":"Inspect an already-known source before another generic query","step":2,"t":"2026-09-17T14:16:41.238Z"}
{"level":"info","event":"action","runId":"3b13dcff-9ba8-468d-80c8-30f83b8cdc61","type":"fetch","rationale":"Inspect an already-known source before another generic query","step":3,"t":"2026-09-17T14:16:41.250Z"}
{"level":"info","event":"action","runId":"3b13dcff-9ba8-468d-80c8-30f83b8cdc61","type":"challenge","rationale":"Disconfirm material conclusion: A hard-constraint violation for a candidate currently marked eligible.","step":4,"t":"2026-09-17T14:16:41.263Z"}
{"level":"info","event":"action","runId":"3b13dcff-9ba8-468d-80c8-30f83b8cdc61","type":"challenge","rationale":"No counterexample found in accessed primary sources. This is not proof that the conclusion is true.","step":5,"t":"2026-09-17T14:16:41.274Z"}
{"level":"info","event":"action","runId":"3b13dcff-9ba8-468d-80c8-30f83b8cdc61","type":"synthesize","rationale":"decision_critical_gaps_resolved_or_unresolvable; high-impact claims supported or qualified; contradictions handled; remaining actions low expected value","step":6,"t":"2026-09-17T14:16:41.281Z"}
{"level":"info","event":"action","runId":"f842c224-5f81-4d6e-a027-005b4652dc96","type":"search","rationale":"Investigate an uncovered required question","step":0,"t":"2026-09-17T14:16:41.614Z"}
{"level":"info","event":"action","runId":"f842c224-5f81-4d6e-a027-005b4652dc96","type":"fetch","rationale":"Inspect an already-known source before another generic query","step":1,"t":"2026-09-17T14:16:41.632Z"}
{"level":"info","event":"action","runId":"f842c224-5f81-4d6e-a027-005b4652dc96","type":"fetch","rationale":"Inspect an already-known source before another generic query","step":2,"t":"2026-09-17T14:16:41.647Z"}
{"level":"info","event":"action","runId":"f842c224-5f81-4d6e-a027-005b4652dc96","type":"fetch","rationale":"Inspect an already-known source before another generic query","step":3,"t":"2026-09-17T14:16:41.657Z"}
{"level":"info","event":"action","runId":"f842c224-5f81-4d6e-a027-005b4652dc96","type":"challenge","rationale":"Disconfirm material conclusion: A hard-constraint violation for a candidate currently marked eligible.","step":4,"t":"2026-09-17T14:16:41.668Z"}
{"level":"info","event":"action","runId":"f842c224-5f81-4d6e-a027-005b4652dc96","type":"challenge","rationale":"No counterexample found in accessed primary sources. This is not proof that the conclusion is true.","step":5,"t":"2026-09-17T14:16:41.677Z"}
{"level":"info","event":"action","runId":"f842c224-5f81-4d6e-a027-005b4652dc96","type":"synthesize","rationale":"decision_critical_gaps_resolved_or_unresolvable; high-impact claims supported or qualified; contradictions handled; remaining actions low expected value","step":6,"t":"2026-09-17T14:16:41.684Z"}
{"level":"info","event":"action","runId":"a9b22e07-993e-4f3f-9001-a72b6908b72c","type":"search","rationale":"Investigate an uncovered required question","step":0,"t":"2026-09-17T14:16:42.006Z"}
{"level":"info","event":"action","runId":"a9b22e07-993e-4f3f-9001-a72b6908b72c","type":"fetch","rationale":"Inspect an already-known source before another generic query","step":1,"t":"2026-09-17T14:16:42.024Z"}
{"level":"info","event":"action","runId":"a9b22e07-993e-4f3f-9001-a72b6908b72c","type":"fetch","rationale":"Inspect an already-known source before another generic query","step":2,"t":"2026-09-17T14:16:42.034Z"}
{"level":"info","event":"action","runId":"a9b22e07-993e-4f3f-9001-a72b6908b72c","type":"fetch","rationale":"Inspect an already-known source before another generic query","step":3,"t":"2026-09-17T14:16:42.045Z"}
{"level":"info","event":"action","runId":"a9b22e07-993e-4f3f-9001-a72b6908b72c","type":"fetch","rationale":"Inspect an already-known source before another generic query","step":4,"t":"2026-09-17T14:16:42.055Z"}
{"level":"info","event":"action","runId":"a9b22e07-993e-4f3f-9001-a72b6908b72c","type":"fetch","rationale":"Inspect an already-known source before another generic query","step":5,"t":"2026-09-17T14:16:42.064Z"}
{"level":"info","event":"action","runId":"a9b22e07-993e-4f3f-9001-a72b6908b72c","type":"challenge","rationale":"Disconfirm material conclusion: A primary source that directly contradicts this conclusion.","step":6,"t":"2026-09-17T14:16:42.073Z"}
{"level":"info","event":"action","runId":"a9b22e07-993e-4f3f-9001-a72b6908b72c","type":"challenge","rationale":"No counterexample found in accessed primary sources. This is not proof that the conclusion is true.","step":7,"t":"2026-09-17T14:16:42.083Z"}
{"level":"info","event":"action","runId":"a9b22e07-993e-4f3f-9001-a72b6908b72c","type":"synthesize","rationale":"decision_critical_gaps_resolved_or_unresolvable; high-impact claims supported or qualified; contradictions handled; remaining actions low expected value","step":8,"t":"2026-09-17T14:16:42.090Z"}
{"level":"info","event":"action","runId":"c7e65fcf-823c-4b64-b71b-714bd8201c01","type":"search","rationale":"Investigate an uncovered required question","step":0,"t":"2026-09-17T14:16:42.293Z"}
{"level":"info","event":"action","runId":"c7e65fcf-823c-4b64-b71b-714bd8201c01","type":"fetch","rationale":"Inspect an already-known source before another generic query","step":1,"t":"2026-09-17T14:16:42.307Z"}
{"level":"info","event":"action","runId":"c7e65fcf-823c-4b64-b71b-714bd8201c01","type":"fetch","rationale":"Inspect an already-known source before another generic query","step":2,"t":"2026-09-17T14:16:42.317Z"}
{"level":"info","event":"action","runId":"c7e65fcf-823c-4b64-b71b-714bd8201c01","type":"fetch","rationale":"Inspect an already-known source before another generic query","step":3,"t":"2026-09-17T14:16:42.326Z"}
{"level":"info","event":"action","runId":"c7e65fcf-823c-4b64-b71b-714bd8201c01","type":"fetch","rationale":"Inspect an already-known source before another generic query","step":4,"t":"2026-09-17T14:16:42.335Z"}
{"level":"info","event":"action","runId":"c7e65fcf-823c-4b64-b71b-714bd8201c01","type":"fetch","rationale":"Inspect an already-known source before another generic query","step":5,"t":"2026-09-17T14:16:42.344Z"}
{"level":"info","event":"action","runId":"c7e65fcf-823c-4b64-b71b-714bd8201c01","type":"challenge","rationale":"Disconfirm material conclusion: A primary source that directly contradicts this conclusion.","step":6,"t":"2026-09-17T14:16:42.354Z"}
{"level":"info","event":"action","runId":"c7e65fcf-823c-4b64-b71b-714bd8201c01","type":"challenge","rationale":"No counterexample found in accessed primary sources. This is not proof that the conclusion is true.","step":7,"t":"2026-09-17T14:16:42.363Z"}
{"level":"info","event":"action","runId":"c7e65fcf-823c-4b64-b71b-714bd8201c01","type":"synthesize","rationale":"decision_critical_gaps_resolved_or_unresolvable; high-impact claims supported or qualified; contradictions handled; remaining actions low expected value","step":8,"t":"2026-09-17T14:16:42.370Z"}
{"level":"info","event":"action","runId":"3f5ffe1f-9a79-4309-ac8f-540e9434a91b","type":"search","rationale":"Investigate an uncovered required question","step":0,"t":"2026-09-17T14:16:42.700Z"}
{"level":"info","event":"action","runId":"3f5ffe1f-9a79-4309-ac8f-540e9434a91b","type":"fetch","rationale":"Inspect an already-known source before another generic query","step":1,"t":"2026-09-17T14:16:42.716Z"}
{"level":"info","event":"action","runId":"3f5ffe1f-9a79-4309-ac8f-540e9434a91b","type":"fetch","rationale":"Inspect an already-known source before another generic query","step":2,"t":"2026-09-17T14:16:42.725Z"}
{"level":"info","event":"action","runId":"3f5ffe1f-9a79-4309-ac8f-540e9434a91b","type":"challenge","rationale":"Disconfirm material conclusion: A primary source that directly contradicts this conclusion.","step":3,"t":"2026-09-17T14:16:42.735Z"}
{"level":"info","event":"action","runId":"3f5ffe1f-9a79-4309-ac8f-540e9434a91b","type":"challenge","rationale":"No counterexample found in accessed primary sources. This is not proof that the conclusion is true.","step":4,"t":"2026-09-17T14:16:42.745Z"}
{"level":"info","event":"action","runId":"3f5ffe1f-9a79-4309-ac8f-540e9434a91b","type":"synthesize","rationale":"decision_critical_gaps_resolved_or_unresolvable; high-impact claims supported or qualified; contradictions handled; remaining actions low expected value","step":5,"t":"2026-09-17T14:16:42.752Z"}
{"level":"info","event":"action","runId":"f75b9b04-b891-4d02-b46b-11a8c9da9668","type":"search","rationale":"Investigate an uncovered required question","step":0,"t":"2026-09-17T14:16:43.088Z"}
{"level":"info","event":"action","runId":"f75b9b04-b891-4d02-b46b-11a8c9da9668","type":"fetch","rationale":"Inspect an already-known source before another generic query","step":1,"t":"2026-09-17T14:16:43.098Z"}
{"level":"info","event":"action","runId":"f75b9b04-b891-4d02-b46b-11a8c9da9668","type":"challenge","rationale":"Disconfirm material conclusion: A primary source that directly contradicts this conclusion.","step":2,"t":"2026-09-17T14:16:43.109Z"}
{"level":"info","event":"action","runId":"f75b9b04-b891-4d02-b46b-11a8c9da9668","type":"challenge","rationale":"No counterexample found in accessed primary sources. This is not proof that the conclusion is true.","step":3,"t":"2026-09-17T14:16:43.119Z"}
{"level":"info","event":"action","runId":"f75b9b04-b891-4d02-b46b-11a8c9da9668","type":"synthesize","rationale":"decision_critical_gaps_resolved_or_unresolvable; high-impact claims supported or qualified; contradictions handled; remaining actions low expected value","step":4,"t":"2026-09-17T14:16:43.125Z"}
{"level":"info","event":"action","runId":"717eb08a-20d2-469a-80c4-cd718965eb86","type":"search","rationale":"Investigate an uncovered required question","step":0,"t":"2026-09-17T14:16:43.452Z"}
{"level":"info","event":"action","runId":"717eb08a-20d2-469a-80c4-cd718965eb86","type":"fetch","rationale":"Inspect an already-known source before another generic query","step":1,"t":"2026-09-17T14:16:43.464Z"}
{"level":"info","event":"action","runId":"717eb08a-20d2-469a-80c4-cd718965eb86","type":"challenge","rationale":"Disconfirm material conclusion: A primary source that directly contradicts this conclusion.","step":2,"t":"2026-09-17T14:16:43.474Z"}
{"level":"info","event":"action","runId":"717eb08a-20d2-469a-80c4-cd718965eb86","type":"challenge","rationale":"No counterexample found in accessed primary sources. This is not proof that the conclusion is true.","step":3,"t":"2026-09-17T14:16:43.483Z"}
{"level":"info","event":"action","runId":"717eb08a-20d2-469a-80c4-cd718965eb86","type":"synthesize","rationale":"decision_critical_gaps_resolved_or_unresolvable; high-impact claims supported or qualified; contradictions handled; remaining actions low expected value","step":4,"t":"2026-09-17T14:16:43.489Z"}
{"level":"info","event":"action","runId":"dc745878-0255-4056-83b6-30e180dfa4ff","type":"search","rationale":"Investigate an uncovered required question","step":0,"t":"2026-09-17T14:16:43.819Z"}
{"level":"info","event":"action","runId":"dc745878-0255-4056-83b6-30e180dfa4ff","type":"fetch","rationale":"Inspect an already-known source before another generic query","step":1,"t":"2026-09-17T14:16:43.830Z"}
{"level":"info","event":"action","runId":"dc745878-0255-4056-83b6-30e180dfa4ff","type":"challenge","rationale":"Disconfirm material conclusion: A primary source that directly contradicts this conclusion.","step":2,"t":"2026-09-17T14:16:43.840Z"}
{"level":"info","event":"action","runId":"dc745878-0255-4056-83b6-30e180dfa4ff","type":"challenge","rationale":"No counterexample found in accessed primary sources. This is not proof that the conclusion is true.","step":3,"t":"2026-09-17T14:16:43.850Z"}
{"level":"info","event":"action","runId":"dc745878-0255-4056-83b6-30e180dfa4ff","type":"synthesize","rationale":"decision_critical_gaps_resolved_or_unresolvable; high-impact claims supported or qualified; contradictions handled; remaining actions low expected value","step":4,"t":"2026-09-17T14:16:43.858Z"}
{"level":"info","event":"action","runId":"c6819113-517a-4476-a48c-17e61f7abc8f","type":"search","rationale":"Investigate an uncovered required question","step":0,"t":"2026-09-17T14:16:44.193Z"}
{"level":"info","event":"action","runId":"c6819113-517a-4476-a48c-17e61f7abc8f","type":"fetch","rationale":"Inspect an already-known source before another generic query","step":1,"t":"2026-09-17T14:16:44.203Z"}
{"level":"info","event":"action","runId":"c6819113-517a-4476-a48c-17e61f7abc8f","type":"challenge","rationale":"Disconfirm material conclusion: A primary source that directly contradicts this conclusion.","step":2,"t":"2026-09-17T14:16:44.215Z"}
{"level":"info","event":"action","runId":"c6819113-517a-4476-a48c-17e61f7abc8f","type":"challenge","rationale":"No counterexample found in accessed primary sources. This is not proof that the conclusion is true.","step":3,"t":"2026-09-17T14:16:44.224Z"}
{"level":"info","event":"action","runId":"c6819113-517a-4476-a48c-17e61f7abc8f","type":"synthesize","rationale":"decision_critical_gaps_resolved_or_unresolvable; high-impact claims supported or qualified; contradictions handled; remaining actions low expected value","step":4,"t":"2026-09-17T14:16:44.230Z"}
{"level":"info","event":"action","runId":"c408a608-a3e4-4e5d-81c1-7610c94983d2","type":"search","rationale":"Investigate an uncovered required question","step":0,"t":"2026-09-17T14:16:44.548Z"}
{"level":"info","event":"action","runId":"c408a608-a3e4-4e5d-81c1-7610c94983d2","type":"fetch","rationale":"Inspect an already-known source before another generic query","step":1,"t":"2026-09-17T14:16:44.565Z"}
{"level":"info","event":"action","runId":"c408a608-a3e4-4e5d-81c1-7610c94983d2","type":"fetch","rationale":"Inspect an already-known source before another generic query","step":2,"t":"2026-09-17T14:16:44.576Z"}
{"level":"info","event":"action","runId":"c408a608-a3e4-4e5d-81c1-7610c94983d2","type":"fetch","rationale":"Inspect an already-known source before another generic query","step":3,"t":"2026-09-17T14:16:44.586Z"}
{"level":"info","event":"action","runId":"c408a608-a3e4-4e5d-81c1-7610c94983d2","type":"fetch","rationale":"Inspect an already-known source before another generic query","step":4,"t":"2026-09-17T14:16:44.596Z"}
{"level":"info","event":"action","runId":"c408a608-a3e4-4e5d-81c1-7610c94983d2","type":"fetch","rationale":"Inspect an already-known source before another generic query","step":5,"t":"2026-09-17T14:16:44.605Z"}
{"level":"info","event":"action","runId":"c408a608-a3e4-4e5d-81c1-7610c94983d2","type":"challenge","rationale":"Disconfirm material conclusion: A primary source that directly contradicts this conclusion.","step":6,"t":"2026-09-17T14:16:44.615Z"}
{"level":"info","event":"action","runId":"c408a608-a3e4-4e5d-81c1-7610c94983d2","type":"challenge","rationale":"No counterexample found in accessed primary sources. This is not proof that the conclusion is true.","step":7,"t":"2026-09-17T14:16:44.625Z"}
{"level":"info","event":"action","runId":"c408a608-a3e4-4e5d-81c1-7610c94983d2","type":"synthesize","rationale":"decision_critical_gaps_resolved_or_unresolvable; high-impact claims supported or qualified; contradictions handled; remaining actions low expected value","step":8,"t":"2026-09-17T14:16:44.633Z"}
{"level":"info","event":"action","runId":"d60368fc-77a5-450f-9821-370f71a78d7e","type":"search","rationale":"Investigate an uncovered required question","step":0,"t":"2026-09-17T14:16:44.796Z"}
{"level":"info","event":"action","runId":"d60368fc-77a5-450f-9821-370f71a78d7e","type":"fetch","rationale":"Inspect an already-known source before another generic query","step":1,"t":"2026-09-17T14:16:44.812Z"}
{"level":"info","event":"action","runId":"d60368fc-77a5-450f-9821-370f71a78d7e","type":"synthesize","rationale":"budget requires finishing with available evidence","step":2,"t":"2026-09-17T14:16:44.822Z"}
{"level":"info","event":"action","runId":"b325a06a-3fc5-438c-9825-0fd41d3bde94","type":"search","rationale":"Investigate an uncovered required question","step":0,"t":"2026-09-17T14:16:45.148Z"}
{"level":"info","event":"action","runId":"b325a06a-3fc5-438c-9825-0fd41d3bde94","type":"fetch","rationale":"Inspect an already-known source before another generic query","step":1,"t":"2026-09-17T14:16:45.164Z"}
{"level":"info","event":"action","runId":"b325a06a-3fc5-438c-9825-0fd41d3bde94","type":"fetch","rationale":"Inspect an already-known source before another generic query","step":2,"t":"2026-09-17T14:16:45.175Z"}
{"level":"info","event":"action","runId":"b325a06a-3fc5-438c-9825-0fd41d3bde94","type":"fetch","rationale":"Inspect an already-known source before another generic query","step":3,"t":"2026-09-17T14:16:45.185Z"}
{"level":"info","event":"action","runId":"b325a06a-3fc5-438c-9825-0fd41d3bde94","type":"fetch","rationale":"Inspect an already-known source before another generic query","step":4,"t":"2026-09-17T14:16:45.195Z"}
{"level":"info","event":"action","runId":"b325a06a-3fc5-438c-9825-0fd41d3bde94","type":"fetch","rationale":"Inspect an already-known source before another generic query","step":5,"t":"2026-09-17T14:16:45.205Z"}
{"level":"info","event":"action","runId":"b325a06a-3fc5-438c-9825-0fd41d3bde94","type":"challenge","rationale":"Disconfirm material conclusion: A primary source that directly contradicts this conclusion.","step":6,"t":"2026-09-17T14:16:45.216Z"}
{"level":"info","event":"action","runId":"b325a06a-3fc5-438c-9825-0fd41d3bde94","type":"challenge","rationale":"No counterexample found in accessed primary sources. This is not proof that the conclusion is true.","step":7,"t":"2026-09-17T14:16:45.226Z"}
{"level":"info","event":"action","runId":"b325a06a-3fc5-438c-9825-0fd41d3bde94","type":"synthesize","rationale":"decision_critical_gaps_resolved_or_unresolvable; high-impact claims supported or qualified; contradictions handled; remaining actions low expected value","step":8,"t":"2026-09-17T14:16:45.232Z"}
{"level":"info","event":"action","runId":"4391243b-ddd5-4acd-9d28-bda90c56851d","type":"search","rationale":"Investigate an uncovered required question","step":0,"t":"2026-09-17T14:16:45.729Z"}
{"level":"info","event":"action","runId":"4391243b-ddd5-4acd-9d28-bda90c56851d","type":"fetch","rationale":"Inspect an already-known source before another generic query","step":1,"t":"2026-09-17T14:16:45.746Z"}
{"level":"info","event":"action","runId":"4391243b-ddd5-4acd-9d28-bda90c56851d","type":"fetch","rationale":"Inspect an already-known source before another generic query","step":2,"t":"2026-09-17T14:16:45.755Z"}
{"level":"info","event":"action","runId":"4391243b-ddd5-4acd-9d28-bda90c56851d","type":"fetch","rationale":"Inspect an already-known source before another generic query","step":3,"t":"2026-09-17T14:16:45.765Z"}
{"level":"info","event":"action","runId":"4391243b-ddd5-4acd-9d28-bda90c56851d","type":"fetch","rationale":"Inspect an already-known source before another generic query","step":4,"t":"2026-09-17T14:16:45.775Z"}
{"level":"info","event":"action","runId":"4391243b-ddd5-4acd-9d28-bda90c56851d","type":"fetch","rationale":"Inspect an already-known source before another generic query","step":5,"t":"2026-09-17T14:16:45.784Z"}
{"level":"info","event":"action","runId":"4391243b-ddd5-4acd-9d28-bda90c56851d","type":"challenge","rationale":"Disconfirm material conclusion: A primary source that directly contradicts this conclusion.","step":6,"t":"2026-09-17T14:16:45.793Z"}
{"level":"info","event":"action","runId":"4391243b-ddd5-4acd-9d28-bda90c56851d","type":"challenge","rationale":"No counterexample found in accessed primary sources. This is not proof that the conclusion is true.","step":7,"t":"2026-09-17T14:16:45.802Z"}
{"level":"info","event":"action","runId":"4391243b-ddd5-4acd-9d28-bda90c56851d","type":"synthesize","rationale":"decision_critical_gaps_resolved_or_unresolvable; high-impact claims supported or qualified; contradictions handled; remaining actions low expected value","step":8,"t":"2026-09-17T14:16:45.809Z"}
{"level":"info","event":"action","runId":"4a726e76-d0e5-424e-aac9-d3b610bba79b","type":"challenge","rationale":"Disconfirm material conclusion: A primary source that directly contradicts this conclusion.","step":0,"t":"2026-09-17T14:16:46.287Z"}
{"level":"info","event":"action","runId":"4a726e76-d0e5-424e-aac9-d3b610bba79b","type":"fetch","rationale":"Inspect an already-known source before another generic query","step":1,"t":"2026-09-17T14:16:46.307Z"}
{"level":"info","event":"action","runId":"4a726e76-d0e5-424e-aac9-d3b610bba79b","type":"fetch","rationale":"Inspect an already-known source before another generic query","step":2,"t":"2026-09-17T14:16:46.323Z"}
{"level":"info","event":"action","runId":"4a726e76-d0e5-424e-aac9-d3b610bba79b","type":"fetch","rationale":"Inspect an already-known source before another generic query","step":3,"t":"2026-09-17T14:16:46.333Z"}
{"level":"info","event":"action","runId":"4a726e76-d0e5-424e-aac9-d3b610bba79b","type":"challenge","rationale":"Disconfirm material conclusion: A hard-constraint violation for a candidate currently marked eligible.","step":4,"t":"2026-09-17T14:16:46.347Z"}
{"level":"info","event":"action","runId":"4a726e76-d0e5-424e-aac9-d3b610bba79b","type":"challenge","rationale":"No counterexample found in accessed primary sources. This is not proof that the conclusion is true.","step":5,"t":"2026-09-17T14:16:46.360Z"}
{"level":"info","event":"action","runId":"4a726e76-d0e5-424e-aac9-d3b610bba79b","type":"synthesize","rationale":"decision_critical_gaps_resolved_or_unresolvable; high-impact claims supported or qualified; contradictions handled; remaining actions low expected value","step":6,"t":"2026-09-17T14:16:46.367Z"}
{"level":"info","event":"action","runId":"12ccd67e-d4b9-4b98-aebc-abbca5696320","type":"challenge","rationale":"Disconfirm material conclusion: A primary source that directly contradicts this conclusion.","step":0,"t":"2026-09-17T14:16:46.729Z"}
{"level":"info","event":"action","runId":"12ccd67e-d4b9-4b98-aebc-abbca5696320","type":"fetch","rationale":"Inspect an already-known source before another generic query","step":1,"t":"2026-09-17T14:16:46.745Z"}
{"level":"info","event":"action","runId":"12ccd67e-d4b9-4b98-aebc-abbca5696320","type":"fetch","rationale":"Inspect an already-known source before another generic query","step":2,"t":"2026-09-17T14:16:46.755Z"}
{"level":"info","event":"action","runId":"12ccd67e-d4b9-4b98-aebc-abbca5696320","type":"fetch","rationale":"Inspect an already-known source before another generic query","step":3,"t":"2026-09-17T14:16:46.767Z"}
{"level":"info","event":"action","runId":"12ccd67e-d4b9-4b98-aebc-abbca5696320","type":"challenge","rationale":"Disconfirm material conclusion: A hard-constraint violation for a candidate currently marked eligible.","step":4,"t":"2026-09-17T14:16:46.779Z"}
{"level":"info","event":"action","runId":"12ccd67e-d4b9-4b98-aebc-abbca5696320","type":"challenge","rationale":"No counterexample found in accessed primary sources. This is not proof that the conclusion is true.","step":5,"t":"2026-09-17T14:16:46.790Z"}
{"level":"info","event":"action","runId":"12ccd67e-d4b9-4b98-aebc-abbca5696320","type":"synthesize","rationale":"decision_critical_gaps_resolved_or_unresolvable; high-impact claims supported or qualified; contradictions handled; remaining actions low expected value","step":6,"t":"2026-09-17T14:16:46.797Z"}
{"level":"info","event":"action","runId":"e05b1c09-f823-4b46-ab85-b0f0bc52d2fd","type":"search","rationale":"Investigate an uncovered required question","step":0,"t":"2026-09-17T14:16:46.993Z"}
{"level":"info","event":"action","runId":"e05b1c09-f823-4b46-ab85-b0f0bc52d2fd","type":"fetch","rationale":"Inspect an already-known source before another generic query","step":1,"t":"2026-09-17T14:16:47.009Z"}
{"level":"info","event":"action","runId":"e05b1c09-f823-4b46-ab85-b0f0bc52d2fd","type":"fetch","rationale":"Inspect an already-known source before another generic query","step":2,"t":"2026-09-17T14:16:47.019Z"}
{"level":"info","event":"action","runId":"e05b1c09-f823-4b46-ab85-b0f0bc52d2fd","type":"fetch","rationale":"Inspect an already-known source before another generic query","step":3,"t":"2026-09-17T14:16:47.029Z"}
{"level":"info","event":"action","runId":"e05b1c09-f823-4b46-ab85-b0f0bc52d2fd","type":"fetch","rationale":"Inspect an already-known source before another generic query","step":4,"t":"2026-09-17T14:16:47.039Z"}
{"level":"info","event":"action","runId":"e05b1c09-f823-4b46-ab85-b0f0bc52d2fd","type":"fetch","rationale":"Inspect an already-known source before another generic query","step":5,"t":"2026-09-17T14:16:47.048Z"}
{"level":"info","event":"action","runId":"e05b1c09-f823-4b46-ab85-b0f0bc52d2fd","type":"challenge","rationale":"Disconfirm material conclusion: A primary source that directly contradicts this conclusion.","step":6,"t":"2026-09-17T14:16:47.058Z"}
{"level":"info","event":"action","runId":"e05b1c09-f823-4b46-ab85-b0f0bc52d2fd","type":"challenge","rationale":"No counterexample found in accessed primary sources. This is not proof that the conclusion is true.","step":7,"t":"2026-09-17T14:16:47.068Z"}
{"level":"info","event":"action","runId":"e05b1c09-f823-4b46-ab85-b0f0bc52d2fd","type":"synthesize","rationale":"decision_critical_gaps_resolved_or_unresolvable; high-impact claims supported or qualified; contradictions handled; remaining actions low expected value","step":8,"t":"2026-09-17T14:16:47.076Z"}
{"level":"info","event":"action","runId":"1d7915fa-6765-49d7-b9ed-ceed2e19e225","type":"search","rationale":"Investigate an uncovered required question","step":0,"t":"2026-09-17T14:16:47.415Z"}
{"level":"info","event":"action","runId":"1d7915fa-6765-49d7-b9ed-ceed2e19e225","type":"fetch","rationale":"Inspect an already-known source before another generic query","step":1,"t":"2026-09-17T14:16:47.432Z"}
{"level":"info","event":"action","runId":"1d7915fa-6765-49d7-b9ed-ceed2e19e225","type":"fetch","rationale":"Inspect an already-known source before another generic query","step":2,"t":"2026-09-17T14:16:47.443Z"}
{"level":"info","event":"action","runId":"1d7915fa-6765-49d7-b9ed-ceed2e19e225","type":"fetch","rationale":"Inspect an already-known source before another generic query","step":3,"t":"2026-09-17T14:16:47.452Z"}
{"level":"info","event":"action","runId":"1d7915fa-6765-49d7-b9ed-ceed2e19e225","type":"fetch","rationale":"Inspect an already-known source before another generic query","step":4,"t":"2026-09-17T14:16:47.462Z"}
{"level":"info","event":"action","runId":"1d7915fa-6765-49d7-b9ed-ceed2e19e225","type":"fetch","rationale":"Inspect an already-known source before another generic query","step":5,"t":"2026-09-17T14:16:47.471Z"}
{"level":"info","event":"action","runId":"1d7915fa-6765-49d7-b9ed-ceed2e19e225","type":"challenge","rationale":"Disconfirm material conclusion: A primary source that directly contradicts this conclusion.","step":6,"t":"2026-09-17T14:16:47.481Z"}
{"level":"info","event":"action","runId":"1d7915fa-6765-49d7-b9ed-ceed2e19e225","type":"challenge","rationale":"No counterexample found in accessed primary sources. This is not proof that the conclusion is true.","step":7,"t":"2026-09-17T14:16:47.491Z"}
{"level":"info","event":"action","runId":"1d7915fa-6765-49d7-b9ed-ceed2e19e225","type":"synthesize","rationale":"decision_critical_gaps_resolved_or_unresolvable; high-impact claims supported or qualified; contradictions handled; remaining actions low expected value","step":8,"t":"2026-09-17T14:16:47.497Z"}
{"level":"info","event":"action","runId":"59c76c7b-8cc7-4570-a25e-68d27f073607","type":"clarify","rationale":"A blocking field is unspecified and would change the answer","step":0,"t":"2026-09-17T14:16:48.136Z"}
{"level":"info","event":"action","runId":"ea07acf5-05c6-4531-bd42-c0fa53d7f3ed","type":"clarify","rationale":"A blocking field is unspecified and would change the answer","step":0,"t":"2026-09-17T14:16:48.292Z"}
{"level":"info","event":"action","runId":"ea07acf5-05c6-4531-bd42-c0fa53d7f3ed","type":"search","rationale":"Investigate an uncovered required question","step":0,"t":"2026-09-17T14:16:48.310Z"}
{"level":"info","event":"action","runId":"ea07acf5-05c6-4531-bd42-c0fa53d7f3ed","type":"fetch","rationale":"Inspect an already-known source before another generic query","step":1,"t":"2026-09-17T14:16:48.322Z"}
{"level":"info","event":"action","runId":"ea07acf5-05c6-4531-bd42-c0fa53d7f3ed","type":"challenge","rationale":"Disconfirm material conclusion: A primary source that directly contradicts this conclusion.","step":2,"t":"2026-09-17T14:16:48.331Z"}
{"level":"info","event":"action","runId":"ea07acf5-05c6-4531-bd42-c0fa53d7f3ed","type":"challenge","rationale":"Disconfirm material conclusion: A primary source that directly contradicts this conclusion.","step":3,"t":"2026-09-17T14:16:48.339Z"}
{"level":"info","event":"action","runId":"ea07acf5-05c6-4531-bd42-c0fa53d7f3ed","type":"challenge","rationale":"Disconfirm material conclusion: A primary source that directly contradicts this conclusion.","step":4,"t":"2026-09-17T14:16:48.350Z"}
{"level":"info","event":"action","runId":"ea07acf5-05c6-4531-bd42-c0fa53d7f3ed","type":"challenge","rationale":"Disconfirm material conclusion: A primary source that directly contradicts this conclusion.","step":5,"t":"2026-09-17T14:16:48.359Z"}
{"level":"info","event":"action","runId":"ea07acf5-05c6-4531-bd42-c0fa53d7f3ed","type":"challenge","rationale":"Disconfirm material conclusion: A primary source that directly contradicts this conclusion.","step":6,"t":"2026-09-17T14:16:48.367Z"}
{"level":"info","event":"action","runId":"ea07acf5-05c6-4531-bd42-c0fa53d7f3ed","type":"challenge","rationale":"Disconfirm material conclusion: A primary source that directly contradicts this conclusion.","step":7,"t":"2026-09-17T14:16:48.376Z"}
{"level":"info","event":"action","runId":"ea07acf5-05c6-4531-bd42-c0fa53d7f3ed","type":"challenge","rationale":"Disconfirm material conclusion: A primary source that directly contradicts this conclusion.","step":8,"t":"2026-09-17T14:16:48.385Z"}
{"level":"info","event":"action","runId":"ea07acf5-05c6-4531-bd42-c0fa53d7f3ed","type":"challenge","rationale":"No counterexample found in accessed primary sources. This is not proof that the conclusion is true.","step":9,"t":"2026-09-17T14:16:48.395Z"}
{"level":"info","event":"action","runId":"ea07acf5-05c6-4531-bd42-c0fa53d7f3ed","type":"stop","rationale":"Repeated searches returned no novel source family or coverage progress","step":10,"t":"2026-09-17T14:16:48.401Z"}
{"level":"info","event":"action","runId":"35a011d5-bb87-4700-8e7f-ec04720ecfb8","type":"clarify","rationale":"A blocking field is unspecified and would change the answer","step":0,"t":"2026-09-17T14:16:48.741Z"}
{"level":"info","event":"action","runId":"35a011d5-bb87-4700-8e7f-ec04720ecfb8","type":"search","rationale":"Investigate an uncovered required question","step":0,"t":"2026-09-17T14:16:48.759Z"}
{"level":"info","event":"action","runId":"35a011d5-bb87-4700-8e7f-ec04720ecfb8","type":"fetch","rationale":"Inspect an already-known source before another generic query","step":1,"t":"2026-09-17T14:16:48.770Z"}
{"level":"info","event":"action","runId":"35a011d5-bb87-4700-8e7f-ec04720ecfb8","type":"challenge","rationale":"Disconfirm material conclusion: A primary source that directly contradicts this conclusion.","step":2,"t":"2026-09-17T14:16:48.780Z"}
{"level":"info","event":"action","runId":"35a011d5-bb87-4700-8e7f-ec04720ecfb8","type":"challenge","rationale":"Disconfirm material conclusion: A primary source that directly contradicts this conclusion.","step":3,"t":"2026-09-17T14:16:48.790Z"}
{"level":"info","event":"action","runId":"35a011d5-bb87-4700-8e7f-ec04720ecfb8","type":"challenge","rationale":"Disconfirm material conclusion: A primary source that directly contradicts this conclusion.","step":4,"t":"2026-09-17T14:16:48.800Z"}
{"level":"info","event":"action","runId":"35a011d5-bb87-4700-8e7f-ec04720ecfb8","type":"challenge","rationale":"Disconfirm material conclusion: A primary source that directly contradicts this conclusion.","step":5,"t":"2026-09-17T14:16:48.809Z"}
{"level":"info","event":"action","runId":"35a011d5-bb87-4700-8e7f-ec04720ecfb8","type":"challenge","rationale":"Disconfirm material conclusion: A primary source that directly contradicts this conclusion.","step":6,"t":"2026-09-17T14:16:48.818Z"}
{"level":"info","event":"action","runId":"35a011d5-bb87-4700-8e7f-ec04720ecfb8","type":"challenge","rationale":"Disconfirm material conclusion: A primary source that directly contradicts this conclusion.","step":7,"t":"2026-09-17T14:16:48.829Z"}
{"level":"info","event":"action","runId":"35a011d5-bb87-4700-8e7f-ec04720ecfb8","type":"challenge","rationale":"Disconfirm material conclusion: A primary source that directly contradicts this conclusion.","step":8,"t":"2026-09-17T14:16:48.840Z"}
{"level":"info","event":"action","runId":"35a011d5-bb87-4700-8e7f-ec04720ecfb8","type":"challenge","rationale":"No counterexample found in accessed primary sources. This is not proof that the conclusion is true.","step":9,"t":"2026-09-17T14:16:48.849Z"}
{"level":"info","event":"action","runId":"35a011d5-bb87-4700-8e7f-ec04720ecfb8","type":"stop","rationale":"Repeated searches returned no novel source family or coverage progress","step":10,"t":"2026-09-17T14:16:48.857Z"}
{"level":"info","event":"action","runId":"3f37b7d8-5a03-49d6-bbb6-144632a921d0","type":"clarify","rationale":"A blocking field is unspecified and would change the answer","step":0,"t":"2026-09-17T14:16:49.202Z"}
{"level":"info","event":"action","runId":"3f37b7d8-5a03-49d6-bbb6-144632a921d0","type":"search","rationale":"Investigate an uncovered required question","step":0,"t":"2026-09-17T14:16:49.219Z"}
{"level":"info","event":"action","runId":"3f37b7d8-5a03-49d6-bbb6-144632a921d0","type":"fetch","rationale":"Inspect an already-known source before another generic query","step":1,"t":"2026-09-17T14:16:49.230Z"}
{"level":"info","event":"action","runId":"3f37b7d8-5a03-49d6-bbb6-144632a921d0","type":"challenge","rationale":"Disconfirm material conclusion: A primary source that directly contradicts this conclusion.","step":2,"t":"2026-09-17T14:16:49.239Z"}
{"level":"info","event":"action","runId":"3f37b7d8-5a03-49d6-bbb6-144632a921d0","type":"challenge","rationale":"Disconfirm material conclusion: A primary source that directly contradicts this conclusion.","step":3,"t":"2026-09-17T14:16:49.248Z"}
{"level":"info","event":"action","runId":"3f37b7d8-5a03-49d6-bbb6-144632a921d0","type":"challenge","rationale":"Disconfirm material conclusion: A primary source that directly contradicts this conclusion.","step":4,"t":"2026-09-17T14:16:49.257Z"}
{"level":"info","event":"action","runId":"3f37b7d8-5a03-49d6-bbb6-144632a921d0","type":"challenge","rationale":"Disconfirm material conclusion: A primary source that directly contradicts this conclusion.","step":5,"t":"2026-09-17T14:16:49.266Z"}
{"level":"info","event":"action","runId":"3f37b7d8-5a03-49d6-bbb6-144632a921d0","type":"challenge","rationale":"Disconfirm material conclusion: A primary source that directly contradicts this conclusion.","step":6,"t":"2026-09-17T14:16:49.275Z"}
{"level":"info","event":"action","runId":"3f37b7d8-5a03-49d6-bbb6-144632a921d0","type":"challenge","rationale":"Disconfirm material conclusion: A primary source that directly contradicts this conclusion.","step":7,"t":"2026-09-17T14:16:49.283Z"}
{"level":"info","event":"action","runId":"3f37b7d8-5a03-49d6-bbb6-144632a921d0","type":"challenge","rationale":"Disconfirm material conclusion: A primary source that directly contradicts this conclusion.","step":8,"t":"2026-09-17T14:16:49.293Z"}
{"level":"info","event":"action","runId":"3f37b7d8-5a03-49d6-bbb6-144632a921d0","type":"challenge","rationale":"No counterexample found in accessed primary sources. This is not proof that the conclusion is true.","step":9,"t":"2026-09-17T14:16:49.302Z"}
{"level":"info","event":"action","runId":"3f37b7d8-5a03-49d6-bbb6-144632a921d0","type":"stop","rationale":"Repeated searches returned no novel source family or coverage progress","step":10,"t":"2026-09-17T14:16:49.310Z"}
 ❯ test/p3-remaining.integration.test.ts (51 tests | 34 failed) 18964ms
   × remaining launch-scope IDs > M04 fixture comparison publishes a wide table, code listing, unicode-safe text, and many citations 529ms
     → expected null to be truthy
   × remaining launch-scope IDs > R06 preserves event date vs publication date 420ms
     → .toMatch() expects to receive a string, but got undefined
   ✓ remaining launch-scope IDs > R10 declines an unrelated celebrity branch from page content  414ms
   × remaining launch-scope IDs > R12 explains different percentage denominators instead of averaging 397ms
     → .toMatch() expects to receive a string, but got undefined
   × remaining launch-scope IDs > R15 states unknown without a fake probability 384ms
     → .toMatch() expects to receive a string, but got number
   × remaining launch-scope IDs > R16 comparison names the requested entities and constraints 421ms
     → .toMatch() expects to receive a string, but got undefined
   × remaining launch-scope IDs > E05 new source version does not rewrite the original report citation 427ms
     → Cannot read properties of undefined (reading '0')
   ✓ remaining launch-scope IDs > V2-13 private canary is stored as evidence, omitted from public queries, and denied to another account  460ms
   × remaining launch-scope IDs > JOB-1 eligibility-aware comparison under platform and export constraints 439ms
     → .toMatch() expects to receive a string, but got undefined
   × remaining launch-scope IDs > JOB-1 adding Linux as a hard requirement excludes NoteKeep and keeps NoteAll 396ms
     → .toMatch() expects to receive a string, but got undefined
   × remaining launch-scope IDs > JOB-1 removing Linux as a requirement makes NoteKeep eligible again 410ms
     → Cannot read properties of null (reading 'blocks')
   × remaining launch-scope IDs > JOB-2 attached document text is stored as supplied evidence and not used as a public query 456ms
     → .toMatch() expects to receive a string, but got undefined
   × remaining launch-scope IDs > E06 PDF attachment is disclosed as text-only / unread pages 412ms
     → .toMatch() expects to receive a string, but got undefined
   × remaining launch-scope IDs > E08 quoted report text is taken from the stored passage 420ms
     → Cannot read properties of undefined (reading 'find')
   × remaining launch-scope IDs > E09 export citation anchors resolve to owned passages 412ms
     → expected undefined to be 'markdown' // Object.is equality
   × remaining launch-scope IDs > J02 a second processRun after completion does not duplicate the report or settlement 472ms
     → expected +0 to be 1 // Object.is equality
   ✓ remaining launch-scope IDs > J04 timeout after issue is outcome-unknown, not assumed free 138ms
   × remaining launch-scope IDs > J06 cancel after completion keeps the published report 421ms
     → expected [ 'completed', …(1) ] to include 'failed'
   ✓ remaining launch-scope IDs > J08 event cursor returns only later sequences  446ms
   × remaining launch-scope IDs > J13 live spend kill switch blocks new paid routes but keeps saved reports 443ms
     → expected null to be truthy
   ✓ remaining launch-scope IDs > S03 oversized attachments are rejected 148ms
   × remaining launch-scope IDs > S07 cross-account reports are denied 423ms
     → Cannot read properties of null (reading 'id')
   ✓ remaining launch-scope IDs > S10 redacts tokens and question fields from logs 131ms
   ✓ remaining launch-scope IDs > S06 / V2-20 does not silently fall back to an unauthorized live processor 143ms
   × remaining launch-scope IDs > V2-10 a later unavailable fetch does not retract last-access evidence 425ms
     → .toMatch() expects to receive a string, but got undefined
   × remaining launch-scope IDs > V2-11 concise view uses the same answer citations as the body 423ms
     → Cannot read properties of undefined (reading 'find')
   × remaining launch-scope IDs > V2-19 scanned tables stay unread rather than guessed 370ms
     → .toMatch() expects to receive a string, but got undefined
   × remaining launch-scope IDs > R17 concise request still keeps limitations 413ms
     → Cannot read properties of undefined (reading 'find')
   ✓ remaining launch-scope IDs > R18 compacted checkpoint still lists stored passage ids  399ms
   × remaining launch-scope IDs > R19 follow-up verifies one claim and keeps the parent report 683ms
     → expected null to be truthy
   × remaining launch-scope IDs > R20 dates a retrieved price and keeps a founding year as history 388ms
     → .toMatch() expects to receive a string, but got undefined
   × remaining launch-scope IDs > R21 labels a German original as a translation 369ms
     → .toMatch() expects to receive a string, but got undefined
   × remaining launch-scope IDs > E03 preserves the adults-over-65 qualifier 360ms
     → .toMatch() expects to receive a string, but got undefined
   × remaining launch-scope IDs > E04 report uses the table's 24% rather than 42% 374ms
     → .toMatch() expects to receive a string, but got undefined
   × remaining launch-scope IDs > E10 withdraws the conclusion when the asserted 42% is unsupported by the 24% table 369ms
     → expected null to be truthy
   ✓ remaining launch-scope IDs > J07 expired lease is reclaimed; a live lease is not stolen 237ms
   × remaining launch-scope IDs > J10 a tight budget still publishes a written report 355ms
     → expected null to be truthy
   × remaining launch-scope IDs > J11 reports that app counters are not provider-internal guarantees 414ms
     → .toMatch() expects to receive a string, but got undefined
   ✓ remaining launch-scope IDs > J12 confirmed usage does not rewrite the historical estimate 158ms
   × remaining launch-scope IDs > J14 duplicate completion epochs share one outbox row and omit query text 417ms
     → expected +0 to be 1 // Object.is equality
   ✓ remaining launch-scope IDs > S08 unsigned purchase payloads cannot grant entitlement 138ms
   ✓ remaining launch-scope IDs > V2-09 deleted attachment text is not left in reports  428ms
   ✓ remaining launch-scope IDs > V2-09 late worker cannot republish deleted private text even if it claims deleted=false 266ms
   ✓ remaining launch-scope IDs > expired session cannot read library or reports  439ms
   × remaining launch-scope IDs > library lists report_id for a completed run so share can resolve 421ms
     → expected null to be truthy
   ✓ remaining launch-scope IDs > V2-14 outcome-unknown live spend is not treated as zero against the cap 146ms
   ✓ remaining launch-scope IDs > M09 web deletion page is reachable without the app and deletes with a session token 146ms
   ✓ remaining launch-scope IDs > R02 continue without geography is rejected and does not invent Germany 173ms
   × remaining launch-scope IDs > clarification continue records geography and resumes 439ms
     → expected null to be truthy
   × remaining launch-scope IDs > R02 continue with France records France and does not invent Germany 457ms
     → .toMatch() expects to receive a string, but got undefined
   × remaining launch-scope IDs > R02 after France continue discovery uses France evidence not the Germany default note 447ms
     → .toMatch() expects to receive a string, but got undefined
{"level":"info","event":"action","runId":"546abf1b-bda1-4c8b-a4ff-e70ca58d1b55","type":"clarify","rationale":"A blocking field is unspecified and would change the answer","step":0,"t":"2026-09-17T14:16:50.303Z"}
{"level":"info","event":"action","runId":"813ea0ec-ccd2-4369-a6cf-5b3d71f7b1cb","type":"search","rationale":"Investigate an uncovered required question","step":0,"t":"2026-09-17T14:16:50.474Z"}
{"level":"info","event":"action","runId":"813ea0ec-ccd2-4369-a6cf-5b3d71f7b1cb","type":"fetch","rationale":"Inspect an already-known source before another generic query","step":1,"t":"2026-09-17T14:16:50.499Z"}
{"level":"info","event":"action","runId":"813ea0ec-ccd2-4369-a6cf-5b3d71f7b1cb","type":"fetch","rationale":"Inspect an already-known source before another generic query","step":2,"t":"2026-09-17T14:16:50.514Z"}
{"level":"info","event":"action","runId":"813ea0ec-ccd2-4369-a6cf-5b3d71f7b1cb","type":"fetch","rationale":"Inspect an already-known source before another generic query","step":3,"t":"2026-09-17T14:16:50.527Z"}
{"level":"info","event":"action","runId":"813ea0ec-ccd2-4369-a6cf-5b3d71f7b1cb","type":"challenge","rationale":"Disconfirm material conclusion: A hard-constraint violation for a candidate currently marked eligible.","step":4,"t":"2026-09-17T14:16:50.544Z"}
{"level":"info","event":"action","runId":"813ea0ec-ccd2-4369-a6cf-5b3d71f7b1cb","type":"challenge","rationale":"No counterexample found in accessed primary sources. This is not proof that the conclusion is true.","step":5,"t":"2026-09-17T14:16:50.559Z"}
{"level":"info","event":"action","runId":"813ea0ec-ccd2-4369-a6cf-5b3d71f7b1cb","type":"synthesize","rationale":"decision_critical_gaps_resolved_or_unresolvable; high-impact claims supported or qualified; contradictions handled; remaining actions low expected value","step":6,"t":"2026-09-17T14:16:50.569Z"}
{"level":"info","event":"action","runId":"05b45d00-f368-4112-bbb0-cf1acb556902","type":"search","rationale":"Investigate an uncovered required question","step":0,"t":"2026-09-17T14:16:50.937Z"}
{"level":"info","event":"action","runId":"05b45d00-f368-4112-bbb0-cf1acb556902","type":"fetch","rationale":"Inspect an already-known source before another generic query","step":1,"t":"2026-09-17T14:16:50.951Z"}
{"level":"info","event":"action","runId":"05b45d00-f368-4112-bbb0-cf1acb556902","type":"challenge","rationale":"Disconfirm material conclusion: A primary source that directly contradicts this conclusion.","step":2,"t":"2026-09-17T14:16:50.965Z"}
{"level":"info","event":"action","runId":"05b45d00-f368-4112-bbb0-cf1acb556902","type":"challenge","rationale":"No counterexample found in accessed primary sources. This is not proof that the conclusion is true.","step":3,"t":"2026-09-17T14:16:50.977Z"}
{"level":"info","event":"action","runId":"05b45d00-f368-4112-bbb0-cf1acb556902","type":"synthesize","rationale":"inaccessible_or_unresolved_gap:primary source is inaccessible","step":4,"t":"2026-09-17T14:16:50.985Z"}
{"level":"info","event":"action","runId":"f3b5960a-ae25-477b-b9a6-dd8a453981bd","type":"search","rationale":"Investigate an uncovered required question","step":0,"t":"2026-09-17T14:16:51.332Z"}
{"level":"info","event":"action","runId":"f3b5960a-ae25-477b-b9a6-dd8a453981bd","type":"fetch","rationale":"Inspect the preferred source type (vendor-docs) before more weak sources","step":1,"t":"2026-09-17T14:16:51.351Z"}
{"level":"info","event":"action","runId":"f3b5960a-ae25-477b-b9a6-dd8a453981bd","type":"fetch","rationale":"Inspect the preferred source type (vendor-docs) before more weak sources","step":2,"t":"2026-09-17T14:16:51.363Z"}
{"level":"info","event":"action","runId":"f3b5960a-ae25-477b-b9a6-dd8a453981bd","type":"verify","rationale":"Scope-check contradiction on value before treating newest as correct","step":3,"t":"2026-09-17T14:16:51.376Z"}
{"level":"info","event":"action","runId":"f3b5960a-ae25-477b-b9a6-dd8a453981bd","type":"challenge","rationale":"Disconfirm material conclusion: A primary source that directly contradicts this conclusion.","step":4,"t":"2026-09-17T14:16:51.384Z"}
{"level":"info","event":"action","runId":"f3b5960a-ae25-477b-b9a6-dd8a453981bd","type":"challenge","rationale":"No counterexample found in accessed primary sources. This is not proof that the conclusion is true.","step":5,"t":"2026-09-17T14:16:51.396Z"}
{"level":"info","event":"action","runId":"f3b5960a-ae25-477b-b9a6-dd8a453981bd","type":"synthesize","rationale":"decision_critical_gaps_resolved_or_unresolvable; high-impact claims supported or qualified; contradictions handled; remaining actions low expected value","step":6,"t":"2026-09-17T14:16:51.404Z"}
{"level":"info","event":"action","runId":"84cca605-1e89-42c0-a6fb-f930d88ab0ba","type":"search","rationale":"Investigate an uncovered required question","step":0,"t":"2026-09-17T14:16:51.738Z"}
{"level":"info","event":"action","runId":"84cca605-1e89-42c0-a6fb-f930d88ab0ba","type":"fetch","rationale":"Inspect an already-known source before another generic query","step":1,"t":"2026-09-17T14:16:51.756Z"}
{"level":"info","event":"action","runId":"84cca605-1e89-42c0-a6fb-f930d88ab0ba","type":"synthesize","rationale":"budget requires finishing with available evidence","step":2,"t":"2026-09-17T14:16:51.767Z"}
{"level":"info","event":"action","runId":"f71ed5a2-dca7-4200-b4a5-449f3e52e6e4","type":"search","rationale":"Investigate an uncovered required question","step":0,"t":"2026-09-17T14:16:52.116Z"}
{"level":"info","event":"action","runId":"f71ed5a2-dca7-4200-b4a5-449f3e52e6e4","type":"fetch","rationale":"Inspect an already-known source before another generic query","step":1,"t":"2026-09-17T14:16:52.134Z"}
{"level":"info","event":"action","runId":"f71ed5a2-dca7-4200-b4a5-449f3e52e6e4","type":"fetch","rationale":"Inspect an already-known source before another generic query","step":2,"t":"2026-09-17T14:16:52.146Z"}
{"level":"info","event":"action","runId":"f71ed5a2-dca7-4200-b4a5-449f3e52e6e4","type":"fetch","rationale":"Inspect an already-known source before another generic query","step":3,"t":"2026-09-17T14:16:52.158Z"}
{"level":"info","event":"action","runId":"f71ed5a2-dca7-4200-b4a5-449f3e52e6e4","type":"challenge","rationale":"Disconfirm material conclusion: A hard-constraint violation for a candidate currently marked eligible.","step":4,"t":"2026-09-17T14:16:52.172Z"}
{"level":"info","event":"action","runId":"f71ed5a2-dca7-4200-b4a5-449f3e52e6e4","type":"challenge","rationale":"No counterexample found in accessed primary sources. This is not proof that the conclusion is true.","step":5,"t":"2026-09-17T14:16:52.183Z"}
{"level":"info","event":"action","runId":"f71ed5a2-dca7-4200-b4a5-449f3e52e6e4","type":"synthesize","rationale":"decision_critical_gaps_resolved_or_unresolvable; high-impact claims supported or qualified; contradictions handled; remaining actions low expected value","step":6,"t":"2026-09-17T14:16:52.191Z"}
{"level":"info","event":"action","runId":"58de479b-ccc9-45c0-b32d-d0d93adcccba","type":"search","rationale":"Investigate an uncovered required question","step":0,"t":"2026-09-17T14:16:52.544Z"}
{"level":"info","event":"action","runId":"58de479b-ccc9-45c0-b32d-d0d93adcccba","type":"search","rationale":"Decision-blocking gap: authoritative compatibility limitation. Switching source type to vendor-matrix.","step":1,"t":"2026-09-17T14:16:52.560Z"}
{"level":"info","event":"action","runId":"58de479b-ccc9-45c0-b32d-d0d93adcccba","type":"fetch","rationale":"Inspect the preferred source type (vendor-matrix) before more weak sources","step":2,"t":"2026-09-17T14:16:52.574Z"}
{"level":"info","event":"action","runId":"58de479b-ccc9-45c0-b32d-d0d93adcccba","type":"fetch","rationale":"Inspect an already-known source before another generic query","step":3,"t":"2026-09-17T14:16:52.587Z"}
{"level":"info","event":"action","runId":"58de479b-ccc9-45c0-b32d-d0d93adcccba","type":"fetch","rationale":"Inspect an already-known source before another generic query","step":4,"t":"2026-09-17T14:16:52.598Z"}
{"level":"info","event":"action","runId":"58de479b-ccc9-45c0-b32d-d0d93adcccba","type":"fetch","rationale":"Inspect an already-known source before another generic query","step":5,"t":"2026-09-17T14:16:52.608Z"}
{"level":"info","event":"action","runId":"58de479b-ccc9-45c0-b32d-d0d93adcccba","type":"verify","rationale":"Scope-check contradiction on compatibility before treating newest as correct","step":6,"t":"2026-09-17T14:16:52.623Z"}
{"level":"info","event":"action","runId":"58de479b-ccc9-45c0-b32d-d0d93adcccba","type":"challenge","rationale":"Disconfirm material conclusion: Official compatibility documentation that lists the named version as supported.","step":7,"t":"2026-09-17T14:16:52.629Z"}
{"level":"info","event":"action","runId":"58de479b-ccc9-45c0-b32d-d0d93adcccba","type":"challenge","rationale":"No counterexample found in accessed primary sources. This is not proof that the conclusion is true.","step":8,"t":"2026-09-17T14:16:52.640Z"}
{"level":"info","event":"action","runId":"58de479b-ccc9-45c0-b32d-d0d93adcccba","type":"synthesize","rationale":"decision_critical_gaps_resolved_or_unresolvable; high-impact claims supported or qualified; contradictions handled; remaining actions low expected value","step":9,"t":"2026-09-17T14:16:52.648Z"}
{"level":"info","event":"action","runId":"055d2712-d7fe-4122-81ea-9ea8b55f8a80","type":"search","rationale":"Investigate an uncovered required question","step":0,"t":"2026-09-17T14:16:52.990Z"}
{"level":"info","event":"action","runId":"055d2712-d7fe-4122-81ea-9ea8b55f8a80","type":"search","rationale":"Decision-blocking gap: authoritative compatibility limitation. Switching source type to vendor-matrix.","step":1,"t":"2026-09-17T14:16:53.005Z"}
{"level":"info","event":"action","runId":"055d2712-d7fe-4122-81ea-9ea8b55f8a80","type":"fetch","rationale":"Inspect the preferred source type (vendor-matrix) before more weak sources","step":2,"t":"2026-09-17T14:16:53.021Z"}
{"level":"info","event":"action","runId":"055d2712-d7fe-4122-81ea-9ea8b55f8a80","type":"fetch","rationale":"Inspect an already-known source before another generic query","step":3,"t":"2026-09-17T14:16:53.034Z"}
{"level":"info","event":"action","runId":"055d2712-d7fe-4122-81ea-9ea8b55f8a80","type":"fetch","rationale":"Inspect an already-known source before another generic query","step":4,"t":"2026-09-17T14:16:53.049Z"}
{"level":"info","event":"action","runId":"055d2712-d7fe-4122-81ea-9ea8b55f8a80","type":"fetch","rationale":"Inspect an already-known source before another generic query","step":5,"t":"2026-09-17T14:16:53.064Z"}
{"level":"info","event":"action","runId":"055d2712-d7fe-4122-81ea-9ea8b55f8a80","type":"verify","rationale":"Scope-check contradiction on compatibility before treating newest as correct","step":6,"t":"2026-09-17T14:16:53.075Z"}
{"level":"info","event":"action","runId":"055d2712-d7fe-4122-81ea-9ea8b55f8a80","type":"challenge","rationale":"Disconfirm material conclusion: Official compatibility documentation that lists the named version as supported.","step":7,"t":"2026-09-17T14:16:53.084Z"}
{"level":"info","event":"action","runId":"055d2712-d7fe-4122-81ea-9ea8b55f8a80","type":"challenge","rationale":"No counterexample found in accessed primary sources. This is not proof that the conclusion is true.","step":8,"t":"2026-09-17T14:16:53.097Z"}
{"level":"info","event":"action","runId":"055d2712-d7fe-4122-81ea-9ea8b55f8a80","type":"synthesize","rationale":"decision_critical_gaps_resolved_or_unresolvable; high-impact claims supported or qualified; contradictions handled; remaining actions low expected value","step":9,"t":"2026-09-17T14:16:53.107Z"}
{"level":"info","event":"action","runId":"637aa472-eb8a-4fd7-9222-8d2c735aeb2a","type":"search","rationale":"Investigate an uncovered required question","step":0,"t":"2026-09-17T14:16:53.446Z"}
{"level":"info","event":"action","runId":"637aa472-eb8a-4fd7-9222-8d2c735aeb2a","type":"fetch","rationale":"Inspect an already-known source before another generic query","step":1,"t":"2026-09-17T14:16:53.469Z"}
{"level":"info","event":"action","runId":"637aa472-eb8a-4fd7-9222-8d2c735aeb2a","type":"fetch","rationale":"Inspect an already-known source before another generic query","step":2,"t":"2026-09-17T14:16:53.481Z"}
{"level":"info","event":"action","runId":"637aa472-eb8a-4fd7-9222-8d2c735aeb2a","type":"fetch","rationale":"Inspect an already-known source before another generic query","step":3,"t":"2026-09-17T14:16:53.490Z"}
{"level":"info","event":"action","runId":"637aa472-eb8a-4fd7-9222-8d2c735aeb2a","type":"challenge","rationale":"Disconfirm material conclusion: A hard-constraint violation for a candidate currently marked eligible.","step":4,"t":"2026-09-17T14:16:53.503Z"}
{"level":"info","event":"action","runId":"637aa472-eb8a-4fd7-9222-8d2c735aeb2a","type":"challenge","rationale":"No counterexample found in accessed primary sources. This is not proof that the conclusion is true.","step":5,"t":"2026-09-17T14:16:53.513Z"}
{"level":"info","event":"action","runId":"637aa472-eb8a-4fd7-9222-8d2c735aeb2a","type":"synthesize","rationale":"decision_critical_gaps_resolved_or_unresolvable; high-impact claims supported or qualified; contradictions handled; remaining actions low expected value","step":6,"t":"2026-09-17T14:16:53.524Z"}
{"level":"info","event":"action","runId":"46af6f9b-f03d-40a7-83d3-474796d009db","type":"search","rationale":"Investigate an uncovered required question","step":0,"t":"2026-09-17T14:16:53.730Z"}
{"level":"info","event":"action","runId":"46af6f9b-f03d-40a7-83d3-474796d009db","type":"fetch","rationale":"Inspect an already-known source before another generic query","step":1,"t":"2026-09-17T14:16:53.744Z"}
{"level":"info","event":"action","runId":"46af6f9b-f03d-40a7-83d3-474796d009db","type":"fetch","rationale":"Inspect an already-known source before another generic query","step":2,"t":"2026-09-17T14:16:53.754Z"}
{"level":"info","event":"action","runId":"46af6f9b-f03d-40a7-83d3-474796d009db","type":"fetch","rationale":"Inspect an already-known source before another generic query","step":3,"t":"2026-09-17T14:16:53.763Z"}
{"level":"info","event":"action","runId":"46af6f9b-f03d-40a7-83d3-474796d009db","type":"challenge","rationale":"Disconfirm material conclusion: A hard-constraint violation for a candidate currently marked eligible.","step":4,"t":"2026-09-17T14:16:53.771Z"}
{"level":"info","event":"action","runId":"46af6f9b-f03d-40a7-83d3-474796d009db","type":"challenge","rationale":"No counterexample found in accessed primary sources. This is not proof that the conclusion is true.","step":5,"t":"2026-09-17T14:16:53.781Z"}
{"level":"info","event":"action","runId":"46af6f9b-f03d-40a7-83d3-474796d009db","type":"synthesize","rationale":"decision_critical_gaps_resolved_or_unresolvable; high-impact claims supported or qualified; contradictions handled; remaining actions low expected value","step":6,"t":"2026-09-17T14:16:53.789Z"}
{"level":"info","event":"action","runId":"07f399bd-00e0-4e08-9430-cb14975cc9da","type":"search","rationale":"Investigate an uncovered required question","step":0,"t":"2026-09-17T14:16:54.140Z"}
{"level":"info","event":"action","runId":"07f399bd-00e0-4e08-9430-cb14975cc9da","type":"fetch","rationale":"Inspect an already-known source before another generic query","step":1,"t":"2026-09-17T14:16:54.151Z"}
{"level":"info","event":"action","runId":"07f399bd-00e0-4e08-9430-cb14975cc9da","type":"challenge","rationale":"Disconfirm material conclusion: A primary source that directly contradicts this conclusion.","step":2,"t":"2026-09-17T14:16:54.162Z"}
{"level":"info","event":"action","runId":"07f399bd-00e0-4e08-9430-cb14975cc9da","type":"challenge","rationale":"No counterexample found in accessed primary sources. This is not proof that the conclusion is true.","step":3,"t":"2026-09-17T14:16:54.174Z"}
{"level":"info","event":"action","runId":"07f399bd-00e0-4e08-9430-cb14975cc9da","type":"synthesize","rationale":"decision_critical_gaps_resolved_or_unresolvable; high-impact claims supported or qualified; contradictions handled; remaining actions low expected value","step":4,"t":"2026-09-17T14:16:54.181Z"}
{"level":"info","event":"action","runId":"2ef8900e-a8ab-48fa-b731-c812e15b9cb9","type":"search","rationale":"Investigate an uncovered required question","step":0,"t":"2026-09-17T14:16:54.380Z"}
{"level":"info","event":"action","runId":"2ef8900e-a8ab-48fa-b731-c812e15b9cb9","type":"fetch","rationale":"Inspect an already-known source before another generic query","step":1,"t":"2026-09-17T14:16:54.392Z"}
{"level":"info","event":"action","runId":"2ef8900e-a8ab-48fa-b731-c812e15b9cb9","type":"challenge","rationale":"Disconfirm material conclusion: A primary source that directly contradicts this conclusion.","step":2,"t":"2026-09-17T14:16:54.403Z"}
{"level":"info","event":"action","runId":"2ef8900e-a8ab-48fa-b731-c812e15b9cb9","type":"challenge","rationale":"No counterexample found in accessed primary sources. This is not proof that the conclusion is true.","step":3,"t":"2026-09-17T14:16:54.415Z"}
{"level":"info","event":"action","runId":"2ef8900e-a8ab-48fa-b731-c812e15b9cb9","type":"synthesize","rationale":"decision_critical_gaps_resolved_or_unresolvable; high-impact claims supported or qualified; contradictions handled; remaining actions low expected value","step":4,"t":"2026-09-17T14:16:54.422Z"}
{"level":"info","event":"action","runId":"e9dc1204-bbd3-4735-bc9d-758f2af979b2","type":"search","rationale":"Investigate an uncovered required question","step":0,"t":"2026-09-17T14:16:54.764Z"}
{"level":"info","event":"action","runId":"e9dc1204-bbd3-4735-bc9d-758f2af979b2","type":"fetch","rationale":"Inspect an already-known source before another generic query","step":1,"t":"2026-09-17T14:16:54.779Z"}
{"level":"info","event":"action","runId":"e9dc1204-bbd3-4735-bc9d-758f2af979b2","type":"fetch","rationale":"Inspect an already-known source before another generic query","step":2,"t":"2026-09-17T14:16:54.790Z"}
{"level":"info","event":"action","runId":"e9dc1204-bbd3-4735-bc9d-758f2af979b2","type":"fetch","rationale":"Inspect an already-known source before another generic query","step":3,"t":"2026-09-17T14:16:54.800Z"}
{"level":"info","event":"action","runId":"e9dc1204-bbd3-4735-bc9d-758f2af979b2","type":"challenge","rationale":"Disconfirm material conclusion: A hard-constraint violation for a candidate currently marked eligible.","step":4,"t":"2026-09-17T14:16:54.815Z"}
{"level":"info","event":"action","runId":"e9dc1204-bbd3-4735-bc9d-758f2af979b2","type":"challenge","rationale":"No counterexample found in accessed primary sources. This is not proof that the conclusion is true.","step":5,"t":"2026-09-17T14:16:54.826Z"}
{"level":"info","event":"action","runId":"e9dc1204-bbd3-4735-bc9d-758f2af979b2","type":"synthesize","rationale":"decision_critical_gaps_resolved_or_unresolvable; high-impact claims supported or qualified; contradictions handled; remaining actions low expected value","step":6,"t":"2026-09-17T14:16:54.834Z"}
{"level":"info","event":"action","runId":"d40679e3-6587-4187-8003-00ecc0c011cc","type":"search","rationale":"Investigate an uncovered required question","step":0,"t":"2026-09-17T14:16:55.041Z"}
{"level":"info","event":"action","runId":"d40679e3-6587-4187-8003-00ecc0c011cc","type":"fetch","rationale":"Inspect an already-known source before another generic query","step":1,"t":"2026-09-17T14:16:55.054Z"}
{"level":"info","event":"action","runId":"d40679e3-6587-4187-8003-00ecc0c011cc","type":"fetch","rationale":"Inspect an already-known source before another generic query","step":2,"t":"2026-09-17T14:16:55.069Z"}
{"level":"info","event":"action","runId":"d40679e3-6587-4187-8003-00ecc0c011cc","type":"fetch","rationale":"Inspect an already-known source before another generic query","step":3,"t":"2026-09-17T14:16:55.078Z"}
{"level":"info","event":"action","runId":"d40679e3-6587-4187-8003-00ecc0c011cc","type":"challenge","rationale":"Disconfirm material conclusion: A hard-constraint violation for a candidate currently marked eligible.","step":4,"t":"2026-09-17T14:16:55.090Z"}
{"level":"info","event":"action","runId":"d40679e3-6587-4187-8003-00ecc0c011cc","type":"challenge","rationale":"Disconfirm material conclusion: A hard-constraint violation for a candidate currently marked eligible.","step":5,"t":"2026-09-17T14:16:55.100Z"}
{"level":"info","event":"action","runId":"d40679e3-6587-4187-8003-00ecc0c011cc","type":"challenge","rationale":"Disconfirm material conclusion: A hard-constraint violation for a candidate currently marked eligible.","step":6,"t":"2026-09-17T14:16:55.111Z"}
{"level":"info","event":"action","runId":"d40679e3-6587-4187-8003-00ecc0c011cc","type":"challenge","rationale":"Disconfirm material conclusion: A hard-constraint violation for a candidate currently marked eligible.","step":7,"t":"2026-09-17T14:16:55.121Z"}
{"level":"info","event":"action","runId":"d40679e3-6587-4187-8003-00ecc0c011cc","type":"challenge","rationale":"Disconfirm material conclusion: A hard-constraint violation for a candidate currently marked eligible.","step":8,"t":"2026-09-17T14:16:55.130Z"}
{"level":"info","event":"action","runId":"d40679e3-6587-4187-8003-00ecc0c011cc","type":"challenge","rationale":"Disconfirm material conclusion: A hard-constraint violation for a candidate currently marked eligible.","step":9,"t":"2026-09-17T14:16:55.140Z"}
{"level":"info","event":"action","runId":"d40679e3-6587-4187-8003-00ecc0c011cc","type":"challenge","rationale":"Disconfirm material conclusion: A hard-constraint violation for a candidate currently marked eligible.","step":10,"t":"2026-09-17T14:16:55.150Z"}
{"level":"info","event":"action","runId":"d40679e3-6587-4187-8003-00ecc0c011cc","type":"challenge","rationale":"No counterexample found in accessed primary sources. This is not proof that the conclusion is true.","step":11,"t":"2026-09-17T14:16:55.161Z"}
{"level":"info","event":"action","runId":"d40679e3-6587-4187-8003-00ecc0c011cc","type":"stop","rationale":"Repeated searches returned no novel source family or coverage progress","step":12,"t":"2026-09-17T14:16:55.168Z"}
{"level":"info","event":"action","runId":"fe239175-f032-4a16-a3da-608f1392a0ce","type":"search","rationale":"Investigate an uncovered required question","step":0,"t":"2026-09-17T14:16:55.504Z"}
{"level":"info","event":"action","runId":"fe239175-f032-4a16-a3da-608f1392a0ce","type":"fetch","rationale":"Inspect an already-known source before another generic query","step":1,"t":"2026-09-17T14:16:55.520Z"}
{"level":"info","event":"action","runId":"fe239175-f032-4a16-a3da-608f1392a0ce","type":"fetch","rationale":"Inspect an already-known source before another generic query","step":2,"t":"2026-09-17T14:16:55.534Z"}
{"level":"info","event":"action","runId":"fe239175-f032-4a16-a3da-608f1392a0ce","type":"fetch","rationale":"Inspect an already-known source before another generic query","step":3,"t":"2026-09-17T14:16:55.543Z"}
{"level":"info","event":"action","runId":"fe239175-f032-4a16-a3da-608f1392a0ce","type":"challenge","rationale":"Disconfirm material conclusion: A hard-constraint violation for a candidate currently marked eligible.","step":4,"t":"2026-09-17T14:16:55.558Z"}
{"level":"info","event":"action","runId":"fe239175-f032-4a16-a3da-608f1392a0ce","type":"challenge","rationale":"No counterexample found in accessed primary sources. This is not proof that the conclusion is true.","step":5,"t":"2026-09-17T14:16:55.568Z"}
{"level":"info","event":"action","runId":"fe239175-f032-4a16-a3da-608f1392a0ce","type":"synthesize","rationale":"decision_critical_gaps_resolved_or_unresolvable; high-impact claims supported or qualified; contradictions handled; remaining actions low expected value","step":6,"t":"2026-09-17T14:16:55.575Z"}
{"level":"info","event":"action","runId":"e8d10c0a-a86d-402d-b505-1e23a567ed28","type":"search","rationale":"Investigate an uncovered required question","step":0,"t":"2026-09-17T14:16:55.772Z"}
{"level":"info","event":"action","runId":"e8d10c0a-a86d-402d-b505-1e23a567ed28","type":"fetch","rationale":"Inspect an already-known source before another generic query","step":1,"t":"2026-09-17T14:16:55.784Z"}
{"level":"info","event":"action","runId":"e8d10c0a-a86d-402d-b505-1e23a567ed28","type":"fetch","rationale":"Inspect an already-known source before another generic query","step":2,"t":"2026-09-17T14:16:55.793Z"}
{"level":"info","event":"action","runId":"e8d10c0a-a86d-402d-b505-1e23a567ed28","type":"fetch","rationale":"Inspect an already-known source before another generic query","step":3,"t":"2026-09-17T14:16:55.803Z"}
{"level":"info","event":"action","runId":"e8d10c0a-a86d-402d-b505-1e23a567ed28","type":"challenge","rationale":"Disconfirm material conclusion: A hard-constraint violation for a candidate currently marked eligible.","step":4,"t":"2026-09-17T14:16:55.815Z"}
{"level":"info","event":"action","runId":"e8d10c0a-a86d-402d-b505-1e23a567ed28","type":"challenge","rationale":"No counterexample found in accessed primary sources. This is not proof that the conclusion is true.","step":5,"t":"2026-09-17T14:16:55.824Z"}
{"level":"info","event":"action","runId":"e8d10c0a-a86d-402d-b505-1e23a567ed28","type":"synthesize","rationale":"decision_critical_gaps_resolved_or_unresolvable; high-impact claims supported or qualified; contradictions handled; remaining actions low expected value","step":6,"t":"2026-09-17T14:16:55.831Z"}
{"level":"info","event":"action","runId":"ab3aded9-c141-4997-9670-fa7dfcf06adc","type":"search","rationale":"Investigate an uncovered required question","step":0,"t":"2026-09-17T14:16:56.029Z"}
{"level":"info","event":"action","runId":"ab3aded9-c141-4997-9670-fa7dfcf06adc","type":"fetch","rationale":"Inspect an already-known source before another generic query","step":1,"t":"2026-09-17T14:16:56.041Z"}
{"level":"info","event":"action","runId":"ab3aded9-c141-4997-9670-fa7dfcf06adc","type":"fetch","rationale":"Inspect an already-known source before another generic query","step":2,"t":"2026-09-17T14:16:56.050Z"}
{"level":"info","event":"action","runId":"ab3aded9-c141-4997-9670-fa7dfcf06adc","type":"fetch","rationale":"Inspect an already-known source before another generic query","step":3,"t":"2026-09-17T14:16:56.059Z"}
{"level":"info","event":"action","runId":"ab3aded9-c141-4997-9670-fa7dfcf06adc","type":"challenge","rationale":"Disconfirm material conclusion: A hard-constraint violation for a candidate currently marked eligible.","step":4,"t":"2026-09-17T14:16:56.071Z"}
{"level":"info","event":"action","runId":"ab3aded9-c141-4997-9670-fa7dfcf06adc","type":"challenge","rationale":"No counterexample found in accessed primary sources. This is not proof that the conclusion is true.","step":5,"t":"2026-09-17T14:16:56.080Z"}
{"level":"info","event":"action","runId":"ab3aded9-c141-4997-9670-fa7dfcf06adc","type":"synthesize","rationale":"decision_critical_gaps_resolved_or_unresolvable; high-impact claims supported or qualified; contradictions handled; remaining actions low expected value","step":6,"t":"2026-09-17T14:16:56.087Z"}
{"level":"info","event":"action","runId":"f42182fe-bf73-4c58-b50c-ce7d2bbf91e8","type":"search","rationale":"Investigate an uncovered required question","step":0,"t":"2026-09-17T14:16:56.290Z"}
{"level":"info","event":"action","runId":"f42182fe-bf73-4c58-b50c-ce7d2bbf91e8","type":"fetch","rationale":"Inspect an already-known source before another generic query","step":1,"t":"2026-09-17T14:16:56.301Z"}
{"level":"info","event":"action","runId":"f42182fe-bf73-4c58-b50c-ce7d2bbf91e8","type":"fetch","rationale":"Inspect an already-known source before another generic query","step":2,"t":"2026-09-17T14:16:56.310Z"}
{"level":"info","event":"action","runId":"f42182fe-bf73-4c58-b50c-ce7d2bbf91e8","type":"fetch","rationale":"Inspect an already-known source before another generic query","step":3,"t":"2026-09-17T14:16:56.319Z"}
{"level":"info","event":"action","runId":"f42182fe-bf73-4c58-b50c-ce7d2bbf91e8","type":"challenge","rationale":"Disconfirm material conclusion: A hard-constraint violation for a candidate currently marked eligible.","step":4,"t":"2026-09-17T14:16:56.329Z"}
{"level":"info","event":"action","runId":"f42182fe-bf73-4c58-b50c-ce7d2bbf91e8","type":"challenge","rationale":"No counterexample found in accessed primary sources. This is not proof that the conclusion is true.","step":5,"t":"2026-09-17T14:16:56.338Z"}
{"level":"info","event":"action","runId":"f42182fe-bf73-4c58-b50c-ce7d2bbf91e8","type":"synthesize","rationale":"decision_critical_gaps_resolved_or_unresolvable; high-impact claims supported or qualified; contradictions handled; remaining actions low expected value","step":6,"t":"2026-09-17T14:16:56.345Z"}
{"level":"info","event":"action","runId":"85e0f5c7-f05a-486a-a255-3a11aa76ca3b","type":"search","rationale":"Investigate an uncovered required question","step":0,"t":"2026-09-17T14:16:56.677Z"}
{"level":"info","event":"action","runId":"85e0f5c7-f05a-486a-a255-3a11aa76ca3b","type":"fetch","rationale":"Inspect an already-known source before another generic query","step":1,"t":"2026-09-17T14:16:56.692Z"}
{"level":"info","event":"action","runId":"85e0f5c7-f05a-486a-a255-3a11aa76ca3b","type":"fetch","rationale":"Inspect an already-known source before another generic query","step":2,"t":"2026-09-17T14:16:56.703Z"}
{"level":"info","event":"action","runId":"85e0f5c7-f05a-486a-a255-3a11aa76ca3b","type":"fetch","rationale":"Inspect an already-known source before another generic query","step":3,"t":"2026-09-17T14:16:56.711Z"}
{"level":"info","event":"action","runId":"85e0f5c7-f05a-486a-a255-3a11aa76ca3b","type":"challenge","rationale":"Disconfirm material conclusion: A hard-constraint violation for a candidate currently marked eligible.","step":4,"t":"2026-09-17T14:16:56.723Z"}
{"level":"info","event":"action","runId":"85e0f5c7-f05a-486a-a255-3a11aa76ca3b","type":"challenge","rationale":"No counterexample found in accessed primary sources. This is not proof that the conclusion is true.","step":5,"t":"2026-09-17T14:16:56.732Z"}
{"level":"info","event":"action","runId":"85e0f5c7-f05a-486a-a255-3a11aa76ca3b","type":"synthesize","rationale":"decision_critical_gaps_resolved_or_unresolvable; high-impact claims supported or qualified; contradictions handled; remaining actions low expected value","step":6,"t":"2026-09-17T14:16:56.739Z"}
{"level":"info","event":"action","runId":"7151fa3e-6f9c-4c3f-9d0f-581f042d162a","type":"search","rationale":"Investigate an uncovered required question","step":0,"t":"2026-09-17T14:16:56.939Z"}
{"level":"info","event":"action","runId":"7151fa3e-6f9c-4c3f-9d0f-581f042d162a","type":"fetch","rationale":"Inspect an already-known source before another generic query","step":1,"t":"2026-09-17T14:16:56.949Z"}
{"level":"info","event":"action","runId":"7151fa3e-6f9c-4c3f-9d0f-581f042d162a","type":"fetch","rationale":"Inspect an already-known source before another generic query","step":2,"t":"2026-09-17T14:16:56.959Z"}
{"level":"info","event":"action","runId":"7151fa3e-6f9c-4c3f-9d0f-581f042d162a","type":"challenge","rationale":"Disconfirm material conclusion: A primary source that directly contradicts this conclusion.","step":3,"t":"2026-09-17T14:16:56.968Z"}
{"level":"info","event":"action","runId":"7151fa3e-6f9c-4c3f-9d0f-581f042d162a","type":"challenge","rationale":"Disconfirm material conclusion: A primary source that directly contradicts this conclusion.","step":4,"t":"2026-09-17T14:16:56.977Z"}
{"level":"info","event":"action","runId":"7151fa3e-6f9c-4c3f-9d0f-581f042d162a","type":"challenge","rationale":"Disconfirm material conclusion: A primary source that directly contradicts this conclusion.","step":5,"t":"2026-09-17T14:16:56.986Z"}
{"level":"info","event":"action","runId":"7151fa3e-6f9c-4c3f-9d0f-581f042d162a","type":"challenge","rationale":"Disconfirm material conclusion: A primary source that directly contradicts this conclusion.","step":6,"t":"2026-09-17T14:16:56.996Z"}
{"level":"info","event":"action","runId":"7151fa3e-6f9c-4c3f-9d0f-581f042d162a","type":"challenge","rationale":"Disconfirm material conclusion: A primary source that directly contradicts this conclusion.","step":7,"t":"2026-09-17T14:16:57.005Z"}
{"level":"info","event":"action","runId":"7151fa3e-6f9c-4c3f-9d0f-581f042d162a","type":"challenge","rationale":"Disconfirm material conclusion: A primary source that directly contradicts this conclusion.","step":8,"t":"2026-09-17T14:16:57.015Z"}
{"level":"info","event":"action","runId":"7151fa3e-6f9c-4c3f-9d0f-581f042d162a","type":"challenge","rationale":"Disconfirm material conclusion: A primary source that directly contradicts this conclusion.","step":9,"t":"2026-09-17T14:16:57.024Z"}
{"level":"info","event":"action","runId":"7151fa3e-6f9c-4c3f-9d0f-581f042d162a","type":"challenge","rationale":"No counterexample found in accessed primary sources. This is not proof that the conclusion is true.","step":10,"t":"2026-09-17T14:16:57.033Z"}
{"level":"info","event":"action","runId":"7151fa3e-6f9c-4c3f-9d0f-581f042d162a","type":"stop","rationale":"Repeated searches returned no novel source family or coverage progress","step":11,"t":"2026-09-17T14:16:57.041Z"}
{"level":"info","event":"action","runId":"500210b2-03fb-4860-a0bb-11cb63acd4da","type":"search","rationale":"Investigate an uncovered required question","step":0,"t":"2026-09-17T14:16:57.386Z"}
{"level":"info","event":"action","runId":"500210b2-03fb-4860-a0bb-11cb63acd4da","type":"fetch","rationale":"Inspect an already-known source before another generic query","step":1,"t":"2026-09-17T14:16:57.402Z"}
{"level":"info","event":"action","runId":"500210b2-03fb-4860-a0bb-11cb63acd4da","type":"fetch","rationale":"Inspect an already-known source before another generic query","step":2,"t":"2026-09-17T14:16:57.411Z"}
{"level":"info","event":"action","runId":"500210b2-03fb-4860-a0bb-11cb63acd4da","type":"fetch","rationale":"Inspect an already-known source before another generic query","step":3,"t":"2026-09-17T14:16:57.420Z"}
{"level":"info","event":"action","runId":"500210b2-03fb-4860-a0bb-11cb63acd4da","type":"challenge","rationale":"Disconfirm material conclusion: A primary source that directly contradicts this conclusion.","step":4,"t":"2026-09-17T14:16:57.432Z"}
{"level":"info","event":"action","runId":"500210b2-03fb-4860-a0bb-11cb63acd4da","type":"challenge","rationale":"No counterexample found in accessed primary sources. This is not proof that the conclusion is true.","step":5,"t":"2026-09-17T14:16:57.442Z"}
{"level":"info","event":"action","runId":"500210b2-03fb-4860-a0bb-11cb63acd4da","type":"synthesize","rationale":"decision_critical_gaps_resolved_or_unresolvable; high-impact claims supported or qualified; contradictions handled; remaining actions low expected value","step":6,"t":"2026-09-17T14:16:57.447Z"}
{"level":"info","event":"action","runId":"023a1c52-3622-4320-87bd-1f6df57df7e0","type":"search","rationale":"Investigate an uncovered required question","step":0,"t":"2026-09-17T14:16:57.769Z"}
{"level":"info","event":"action","runId":"023a1c52-3622-4320-87bd-1f6df57df7e0","type":"fetch","rationale":"Inspect an already-known source before another generic query","step":1,"t":"2026-09-17T14:16:57.787Z"}
{"level":"info","event":"action","runId":"023a1c52-3622-4320-87bd-1f6df57df7e0","type":"fetch","rationale":"Inspect an already-known source before another generic query","step":2,"t":"2026-09-17T14:16:57.797Z"}
{"level":"info","event":"action","runId":"023a1c52-3622-4320-87bd-1f6df57df7e0","type":"fetch","rationale":"Inspect an already-known source before another generic query","step":3,"t":"2026-09-17T14:16:57.808Z"}
{"level":"info","event":"action","runId":"023a1c52-3622-4320-87bd-1f6df57df7e0","type":"fetch","rationale":"Inspect an already-known source before another generic query","step":4,"t":"2026-09-17T14:16:57.817Z"}
{"level":"info","event":"action","runId":"023a1c52-3622-4320-87bd-1f6df57df7e0","type":"fetch","rationale":"Inspect an already-known source before another generic query","step":5,"t":"2026-09-17T14:16:57.827Z"}
{"level":"info","event":"action","runId":"023a1c52-3622-4320-87bd-1f6df57df7e0","type":"challenge","rationale":"Disconfirm material conclusion: A primary source that directly contradicts this conclusion.","step":6,"t":"2026-09-17T14:16:57.838Z"}
{"level":"info","event":"action","runId":"023a1c52-3622-4320-87bd-1f6df57df7e0","type":"challenge","rationale":"No counterexample found in accessed primary sources. This is not proof that the conclusion is true.","step":7,"t":"2026-09-17T14:16:57.846Z"}
{"level":"info","event":"action","runId":"023a1c52-3622-4320-87bd-1f6df57df7e0","type":"synthesize","rationale":"decision_critical_gaps_resolved_or_unresolvable; high-impact claims supported or qualified; contradictions handled; remaining actions low expected value","step":8,"t":"2026-09-17T14:16:57.855Z"}
{"level":"info","event":"action","runId":"2d2eb5cd-16b5-4d68-be2d-f6942fbe1911","type":"search","rationale":"Investigate an uncovered required question","step":0,"t":"2026-09-17T14:16:58.193Z"}
{"level":"info","event":"action","runId":"2d2eb5cd-16b5-4d68-be2d-f6942fbe1911","type":"fetch","rationale":"Inspect an already-known source before another generic query","step":1,"t":"2026-09-17T14:16:58.204Z"}
{"level":"info","event":"action","runId":"2d2eb5cd-16b5-4d68-be2d-f6942fbe1911","type":"challenge","rationale":"Disconfirm material conclusion: A primary source that directly contradicts this conclusion.","step":2,"t":"2026-09-17T14:16:58.213Z"}
{"level":"info","event":"action","runId":"2d2eb5cd-16b5-4d68-be2d-f6942fbe1911","type":"challenge","rationale":"No counterexample found in accessed primary sources. This is not proof that the conclusion is true.","step":3,"t":"2026-09-17T14:16:58.222Z"}
{"level":"info","event":"action","runId":"2d2eb5cd-16b5-4d68-be2d-f6942fbe1911","type":"synthesize","rationale":"decision_critical_gaps_resolved_or_unresolvable; high-impact claims supported or qualified; contradictions handled; remaining actions low expected value","step":4,"t":"2026-09-17T14:16:58.229Z"}
{"level":"info","event":"action","runId":"22497b60-ea23-4623-8d0b-9eb7313e5f6b","type":"search","rationale":"Investigate an uncovered required question","step":0,"t":"2026-09-17T14:16:58.868Z"}
{"level":"info","event":"action","runId":"22497b60-ea23-4623-8d0b-9eb7313e5f6b","type":"fetch","rationale":"Inspect an already-known source before another generic query","step":1,"t":"2026-09-17T14:16:58.887Z"}
{"level":"info","event":"action","runId":"22497b60-ea23-4623-8d0b-9eb7313e5f6b","type":"fetch","rationale":"Inspect an already-known source before another generic query","step":2,"t":"2026-09-17T14:16:58.898Z"}
{"level":"info","event":"action","runId":"22497b60-ea23-4623-8d0b-9eb7313e5f6b","type":"fetch","rationale":"Inspect an already-known source before another generic query","step":3,"t":"2026-09-17T14:16:58.907Z"}
{"level":"info","event":"action","runId":"22497b60-ea23-4623-8d0b-9eb7313e5f6b","type":"fetch","rationale":"Inspect an already-known source before another generic query","step":4,"t":"2026-09-17T14:16:58.916Z"}
{"level":"info","event":"action","runId":"22497b60-ea23-4623-8d0b-9eb7313e5f6b","type":"fetch","rationale":"Inspect an already-known source before another generic query","step":5,"t":"2026-09-17T14:16:58.925Z"}
{"level":"info","event":"action","runId":"22497b60-ea23-4623-8d0b-9eb7313e5f6b","type":"challenge","rationale":"Disconfirm material conclusion: A primary source that directly contradicts this conclusion.","step":6,"t":"2026-09-17T14:16:58.934Z"}
{"level":"info","event":"action","runId":"22497b60-ea23-4623-8d0b-9eb7313e5f6b","type":"challenge","rationale":"No counterexample found in accessed primary sources. This is not proof that the conclusion is true.","step":7,"t":"2026-09-17T14:16:58.943Z"}
{"level":"info","event":"action","runId":"22497b60-ea23-4623-8d0b-9eb7313e5f6b","type":"synthesize","rationale":"decision_critical_gaps_resolved_or_unresolvable; high-impact claims supported or qualified; contradictions handled; remaining actions low expected value","step":8,"t":"2026-09-17T14:16:58.950Z"}
 ❯ test/launch-scope.integration.test.ts (19 tests | 12 failed) 9206ms
   ✓ launch-scope fixture/postgres cases > R02 asks a jurisdiction question when it would change the answer 224ms
   ✓ launch-scope fixture/postgres cases > R03 does not interview a clear comparison over style  459ms
   × launch-scope fixture/postgres cases > R07 keeps a paywalled page snippet-only and does not claim a full read 410ms
     → .toMatch() expects to receive a string, but got undefined
   × launch-scope fixture/postgres cases > R11 records a real price contradiction without averaging 407ms
     → .toMatch() expects to receive a string, but got undefined
   × launch-scope fixture/postgres cases > R14 budget-limited outcome is not marked comprehensive 368ms
     → expected undefined to be 'completed_with_limitations' // Object.is equality
   × launch-scope fixture/postgres cases > R22 preserves a reproducible annual cost calculation 421ms
     → .toMatch() expects to receive a string, but got undefined
   × launch-scope fixture/postgres cases > V2-01 uses the compatibility matrix, not summary count 457ms
     → Cannot read properties of undefined (reading 'toLowerCase')
   × launch-scope fixture/postgres cases > V2-02 / R08 switches source type after summary-family saturation 466ms
     → .toMatch() expects to receive a string, but got undefined
   × launch-scope fixture/postgres cases > V2-04 relaxed budget discovers a previously omitted candidate 677ms
     → .toMatch() expects to receive a string, but got undefined
   × launch-scope fixture/postgres cases > V2-05 recomputes a corrected numeric unit 623ms
     → .toMatch() expects to receive a string, but got undefined
   ✓ launch-scope fixture/postgres cases > V2-06 unknown dependency completeness forces a full rerun flag  747ms
   × launch-scope fixture/postgres cases > P2 selective budget reopen is not a full rerun; unknown-dependency correction is; both 120 EUR paths find Vendor C 1179ms
     → .toMatch() expects to receive a string, but got undefined
   ✓ launch-scope fixture/postgres cases > P2 a non-budget correction does not reopen candidate discovery or add Vendor C  695ms
   × launch-scope fixture/postgres cases > V2-18 distinguishes no eligible inspected option from universal absence 404ms
     → .toMatch() expects to receive a string, but got undefined
   ✓ launch-scope fixture/postgres cases > E07 denies another account's evidence id  415ms
   × launch-scope fixture/postgres cases > S04 does not leave raw script markup in the canonical report 367ms
     → .toMatch() expects to receive a string, but got undefined
   ✓ launch-scope fixture/postgres cases > S11 revoked consent blocks new runs 146ms
   ✓ launch-scope fixture/postgres cases > J09 concurrent reservations cannot exceed the remaining allowance 151ms
   × launch-scope fixture/postgres cases > challenge and markdown export use the same stored report 433ms
     → expected 500 to be 200 // Object.is equality
{"level":"info","event":"action","runId":"eb89d1ac-2e64-4f95-91af-79bd19092017","type":"search","rationale":"Investigate an uncovered required question","step":0,"t":"2026-09-17T14:16:59.930Z"}
{"level":"info","event":"action","runId":"eb89d1ac-2e64-4f95-91af-79bd19092017","type":"fetch","rationale":"Inspect an already-known source before another generic query","step":1,"t":"2026-09-17T14:16:59.958Z"}
{"level":"info","event":"action","runId":"eb89d1ac-2e64-4f95-91af-79bd19092017","type":"fetch","rationale":"Inspect an already-known source before another generic query","step":2,"t":"2026-09-17T14:16:59.970Z"}
{"level":"info","event":"action","runId":"eb89d1ac-2e64-4f95-91af-79bd19092017","type":"fetch","rationale":"Inspect an already-known source before another generic query","step":3,"t":"2026-09-17T14:16:59.984Z"}
{"level":"info","event":"action","runId":"eb89d1ac-2e64-4f95-91af-79bd19092017","type":"challenge","rationale":"Disconfirm material conclusion: A hard-constraint violation for a candidate currently marked eligible.","step":4,"t":"2026-09-17T14:16:59.998Z"}
{"level":"info","event":"action","runId":"eb89d1ac-2e64-4f95-91af-79bd19092017","type":"challenge","rationale":"No counterexample found in accessed primary sources. This is not proof that the conclusion is true.","step":5,"t":"2026-09-17T14:17:00.013Z"}
{"level":"info","event":"action","runId":"eb89d1ac-2e64-4f95-91af-79bd19092017","type":"synthesize","rationale":"decision_critical_gaps_resolved_or_unresolvable; high-impact claims supported or qualified; contradictions handled; remaining actions low expected value","step":6,"t":"2026-09-17T14:17:00.024Z"}
{"level":"info","event":"action","runId":"cc69e91c-1543-47f3-bb36-88ffda34342e","type":"search","rationale":"Investigate an uncovered required question","step":0,"t":"2026-09-17T14:17:00.394Z"}
{"level":"info","event":"action","runId":"cc69e91c-1543-47f3-bb36-88ffda34342e","type":"fetch","rationale":"Inspect an already-known source before another generic query","step":1,"t":"2026-09-17T14:17:00.408Z"}
{"level":"info","event":"action","runId":"cc69e91c-1543-47f3-bb36-88ffda34342e","type":"challenge","rationale":"Disconfirm material conclusion: A current official catalog entry for the named product.","step":2,"t":"2026-09-17T14:17:00.423Z"}
{"level":"info","event":"action","runId":"cc69e91c-1543-47f3-bb36-88ffda34342e","type":"challenge","rationale":"No counterexample found in accessed primary sources. This is not proof that the conclusion is true.","step":3,"t":"2026-09-17T14:17:00.437Z"}
{"level":"info","event":"action","runId":"cc69e91c-1543-47f3-bb36-88ffda34342e","type":"synthesize","rationale":"decision_critical_gaps_resolved_or_unresolvable; high-impact claims supported or qualified; contradictions handled; remaining actions low expected value","step":4,"t":"2026-09-17T14:17:00.447Z"}
{"level":"info","event":"action","runId":"8f7a2596-bdb4-497f-afea-f21c5079c54a","type":"search","rationale":"Investigate an uncovered required question","step":0,"t":"2026-09-17T14:17:00.787Z"}
{"level":"info","event":"action","runId":"8f7a2596-bdb4-497f-afea-f21c5079c54a","type":"fetch","rationale":"Inspect an already-known source before another generic query","step":1,"t":"2026-09-17T14:17:00.808Z"}
{"level":"info","event":"action","runId":"8f7a2596-bdb4-497f-afea-f21c5079c54a","type":"fetch","rationale":"Inspect an already-known source before another generic query","step":2,"t":"2026-09-17T14:17:00.820Z"}
{"level":"info","event":"action","runId":"8f7a2596-bdb4-497f-afea-f21c5079c54a","type":"fetch","rationale":"Inspect an already-known source before another generic query","step":3,"t":"2026-09-17T14:17:00.833Z"}
{"level":"info","event":"action","runId":"8f7a2596-bdb4-497f-afea-f21c5079c54a","type":"fetch","rationale":"Inspect an already-known source before another generic query","step":4,"t":"2026-09-17T14:17:00.846Z"}
{"level":"info","event":"action","runId":"8f7a2596-bdb4-497f-afea-f21c5079c54a","type":"fetch","rationale":"Inspect an already-known source before another generic query","step":5,"t":"2026-09-17T14:17:00.858Z"}
{"level":"info","event":"action","runId":"8f7a2596-bdb4-497f-afea-f21c5079c54a","type":"challenge","rationale":"Disconfirm material conclusion: A primary source that directly contradicts this conclusion.","step":6,"t":"2026-09-17T14:17:00.870Z"}
{"level":"info","event":"action","runId":"8f7a2596-bdb4-497f-afea-f21c5079c54a","type":"challenge","rationale":"No counterexample found in accessed primary sources. This is not proof that the conclusion is true.","step":7,"t":"2026-09-17T14:17:00.883Z"}
{"level":"info","event":"action","runId":"8f7a2596-bdb4-497f-afea-f21c5079c54a","type":"synthesize","rationale":"decision_critical_gaps_resolved_or_unresolvable; high-impact claims supported or qualified; contradictions handled; remaining actions low expected value","step":8,"t":"2026-09-17T14:17:00.891Z"}
{"level":"info","event":"action","runId":"f0621fb8-6258-43d7-8088-43468b8f54a5","type":"search","rationale":"Initial dataset excludes the user's stated population; pivot source type","step":0,"t":"2026-09-17T14:17:01.238Z"}
{"level":"info","event":"action","runId":"f0621fb8-6258-43d7-8088-43468b8f54a5","type":"search","rationale":"Decision-blocking gap: population-specific evidence. Switching source type to population-specific.","step":1,"t":"2026-09-17T14:17:01.255Z"}
{"level":"info","event":"action","runId":"f0621fb8-6258-43d7-8088-43468b8f54a5","type":"search","rationale":"Decision-blocking gap: population-specific evidence. Switching source type to population-specific.","step":2,"t":"2026-09-17T14:17:01.267Z"}
{"level":"info","event":"action","runId":"f0621fb8-6258-43d7-8088-43468b8f54a5","type":"search","rationale":"Decision-blocking gap: population-specific evidence. Switching source type to population-specific.","step":3,"t":"2026-09-17T14:17:01.279Z"}
{"level":"info","event":"action","runId":"f0621fb8-6258-43d7-8088-43468b8f54a5","type":"search","rationale":"Decision-blocking gap: population-specific evidence. Switching source type to population-specific.","step":4,"t":"2026-09-17T14:17:01.290Z"}
{"level":"info","event":"action","runId":"f0621fb8-6258-43d7-8088-43468b8f54a5","type":"search","rationale":"Decision-blocking gap: population-specific evidence. Switching source type to population-specific.","step":5,"t":"2026-09-17T14:17:01.301Z"}
{"level":"info","event":"action","runId":"f0621fb8-6258-43d7-8088-43468b8f54a5","type":"search","rationale":"Decision-blocking gap: population-specific evidence. Switching source type to population-specific.","step":6,"t":"2026-09-17T14:17:01.314Z"}
{"level":"info","event":"action","runId":"f0621fb8-6258-43d7-8088-43468b8f54a5","type":"search","rationale":"Decision-blocking gap: population-specific evidence. Switching source type to population-specific.","step":7,"t":"2026-09-17T14:17:01.326Z"}
{"level":"info","event":"action","runId":"f0621fb8-6258-43d7-8088-43468b8f54a5","type":"fetch","rationale":"Inspect an already-known source before another generic query","step":8,"t":"2026-09-17T14:17:01.336Z"}
{"level":"info","event":"action","runId":"f0621fb8-6258-43d7-8088-43468b8f54a5","type":"fetch","rationale":"Inspect an already-known source before another generic query","step":9,"t":"2026-09-17T14:17:01.350Z"}
{"level":"info","event":"action","runId":"f0621fb8-6258-43d7-8088-43468b8f54a5","type":"challenge","rationale":"No counterexample found in accessed primary sources. This is not proof that the conclusion is true.","step":10,"t":"2026-09-17T14:17:01.366Z"}
{"level":"info","event":"action","runId":"f0621fb8-6258-43d7-8088-43468b8f54a5","type":"stop","rationale":"Repeated searches returned no novel source family or coverage progress","step":11,"t":"2026-09-17T14:17:01.374Z"}
{"level":"info","event":"action","runId":"fe5dc431-d9fa-4a65-971b-b9dd6f770def","type":"search","rationale":"Investigate an uncovered required question","step":0,"t":"2026-09-17T14:17:01.727Z"}
{"level":"info","event":"action","runId":"fe5dc431-d9fa-4a65-971b-b9dd6f770def","type":"fetch","rationale":"Inspect an already-known source before another generic query","step":1,"t":"2026-09-17T14:17:01.741Z"}
{"level":"info","event":"action","runId":"fe5dc431-d9fa-4a65-971b-b9dd6f770def","type":"challenge","rationale":"Disconfirm material conclusion: A primary source that directly contradicts this conclusion.","step":2,"t":"2026-09-17T14:17:01.752Z"}
{"level":"info","event":"action","runId":"fe5dc431-d9fa-4a65-971b-b9dd6f770def","type":"challenge","rationale":"No counterexample found in accessed primary sources. This is not proof that the conclusion is true.","step":3,"t":"2026-09-17T14:17:01.764Z"}
{"level":"info","event":"action","runId":"fe5dc431-d9fa-4a65-971b-b9dd6f770def","type":"synthesize","rationale":"decision_critical_gaps_resolved_or_unresolvable; high-impact claims supported or qualified; contradictions handled; remaining actions low expected value","step":4,"t":"2026-09-17T14:17:01.771Z"}
{"level":"info","event":"action","runId":"218ce9f7-2552-42a5-b2a4-093868e92064","type":"search","rationale":"Investigate an uncovered required question","step":0,"t":"2026-09-17T14:17:02.114Z"}
{"level":"info","event":"action","runId":"218ce9f7-2552-42a5-b2a4-093868e92064","type":"fetch","rationale":"Inspect an already-known source before another generic query","step":1,"t":"2026-09-17T14:17:02.132Z"}
{"level":"info","event":"action","runId":"218ce9f7-2552-42a5-b2a4-093868e92064","type":"fetch","rationale":"Inspect an already-known source before another generic query","step":2,"t":"2026-09-17T14:17:02.144Z"}
{"level":"info","event":"action","runId":"218ce9f7-2552-42a5-b2a4-093868e92064","type":"fetch","rationale":"Inspect an already-known source before another generic query","step":3,"t":"2026-09-17T14:17:02.155Z"}
{"level":"info","event":"action","runId":"218ce9f7-2552-42a5-b2a4-093868e92064","type":"challenge","rationale":"Disconfirm material conclusion: A hard-constraint violation for a candidate currently marked eligible.","step":4,"t":"2026-09-17T14:17:02.168Z"}
{"level":"info","event":"action","runId":"218ce9f7-2552-42a5-b2a4-093868e92064","type":"challenge","rationale":"No counterexample found in accessed primary sources. This is not proof that the conclusion is true.","step":5,"t":"2026-09-17T14:17:02.180Z"}
{"level":"info","event":"action","runId":"218ce9f7-2552-42a5-b2a4-093868e92064","type":"synthesize","rationale":"decision_critical_gaps_resolved_or_unresolvable; high-impact claims supported or qualified; contradictions handled; remaining actions low expected value","step":6,"t":"2026-09-17T14:17:02.188Z"}
{"level":"info","event":"action","runId":"0fa36391-748c-4a1b-9001-7014eb64f6d9","type":"search","rationale":"Investigate an uncovered required question","step":0,"t":"2026-09-17T14:17:02.532Z"}
{"level":"info","event":"action","runId":"0fa36391-748c-4a1b-9001-7014eb64f6d9","type":"fetch","rationale":"Inspect an already-known source before another generic query","step":1,"t":"2026-09-17T14:17:02.549Z"}
{"level":"info","event":"action","runId":"0fa36391-748c-4a1b-9001-7014eb64f6d9","type":"fetch","rationale":"Inspect an already-known source before another generic query","step":2,"t":"2026-09-17T14:17:02.561Z"}
{"level":"info","event":"action","runId":"0fa36391-748c-4a1b-9001-7014eb64f6d9","type":"fetch","rationale":"Inspect an already-known source before another generic query","step":3,"t":"2026-09-17T14:17:02.572Z"}
{"level":"info","event":"action","runId":"0fa36391-748c-4a1b-9001-7014eb64f6d9","type":"fetch","rationale":"Inspect an already-known source before another generic query","step":4,"t":"2026-09-17T14:17:02.584Z"}
{"level":"info","event":"action","runId":"0fa36391-748c-4a1b-9001-7014eb64f6d9","type":"fetch","rationale":"Inspect an already-known source before another generic query","step":5,"t":"2026-09-17T14:17:02.596Z"}
{"level":"info","event":"action","runId":"0fa36391-748c-4a1b-9001-7014eb64f6d9","type":"challenge","rationale":"Disconfirm material conclusion: A primary source that directly contradicts this conclusion.","step":6,"t":"2026-09-17T14:17:02.606Z"}
{"level":"info","event":"action","runId":"0fa36391-748c-4a1b-9001-7014eb64f6d9","type":"challenge","rationale":"No counterexample found in accessed primary sources. This is not proof that the conclusion is true.","step":7,"t":"2026-09-17T14:17:02.615Z"}
{"level":"info","event":"action","runId":"0fa36391-748c-4a1b-9001-7014eb64f6d9","type":"synthesize","rationale":"decision_critical_gaps_resolved_or_unresolvable; high-impact claims supported or qualified; contradictions handled; remaining actions low expected value","step":8,"t":"2026-09-17T14:17:02.623Z"}
{"level":"info","event":"action","runId":"bfc4cccf-e7f4-4867-bc28-ac513f62ddff","type":"search","rationale":"Investigate an uncovered required question","step":0,"t":"2026-09-17T14:17:03.154Z"}
{"level":"info","event":"action","runId":"bfc4cccf-e7f4-4867-bc28-ac513f62ddff","type":"fetch","rationale":"Inspect an already-known source before another generic query","step":0,"t":"2026-09-17T14:17:03.175Z"}
{"level":"info","event":"action","runId":"bfc4cccf-e7f4-4867-bc28-ac513f62ddff","type":"fetch","rationale":"Inspect an already-known source before another generic query","step":1,"t":"2026-09-17T14:17:03.184Z"}
{"level":"info","event":"action","runId":"bfc4cccf-e7f4-4867-bc28-ac513f62ddff","type":"fetch","rationale":"Inspect an already-known source before another generic query","step":2,"t":"2026-09-17T14:17:03.196Z"}
{"level":"info","event":"action","runId":"bfc4cccf-e7f4-4867-bc28-ac513f62ddff","type":"challenge","rationale":"Disconfirm material conclusion: A hard-constraint violation for a candidate currently marked eligible.","step":3,"t":"2026-09-17T14:17:03.210Z"}
{"level":"info","event":"action","runId":"bfc4cccf-e7f4-4867-bc28-ac513f62ddff","type":"challenge","rationale":"No counterexample found in accessed primary sources. This is not proof that the conclusion is true.","step":4,"t":"2026-09-17T14:17:03.220Z"}
{"level":"info","event":"action","runId":"bfc4cccf-e7f4-4867-bc28-ac513f62ddff","type":"synthesize","rationale":"decision_critical_gaps_resolved_or_unresolvable; high-impact claims supported or qualified; contradictions handled; remaining actions low expected value","step":5,"t":"2026-09-17T14:17:03.227Z"}
{"level":"info","event":"action","runId":"9a4184cc-5942-43fb-bd99-c114fbb351c7","type":"search","rationale":"Investigate an uncovered required question","step":0,"t":"2026-09-17T14:17:03.562Z"}
{"level":"info","event":"action","runId":"9a4184cc-5942-43fb-bd99-c114fbb351c7","type":"fetch","rationale":"Inspect an already-known source before another generic query","step":1,"t":"2026-09-17T14:17:03.580Z"}
{"level":"info","event":"action","runId":"9a4184cc-5942-43fb-bd99-c114fbb351c7","type":"fetch","rationale":"Inspect an already-known source before another generic query","step":2,"t":"2026-09-17T14:17:03.592Z"}
{"level":"info","event":"action","runId":"9a4184cc-5942-43fb-bd99-c114fbb351c7","type":"fetch","rationale":"Inspect an already-known source before another generic query","step":3,"t":"2026-09-17T14:17:03.603Z"}
{"level":"info","event":"action","runId":"9a4184cc-5942-43fb-bd99-c114fbb351c7","type":"challenge","rationale":"Disconfirm material conclusion: A hard-constraint violation for a candidate currently marked eligible.","step":4,"t":"2026-09-17T14:17:03.615Z"}
{"level":"info","event":"action","runId":"9a4184cc-5942-43fb-bd99-c114fbb351c7","type":"challenge","rationale":"No counterexample found in accessed primary sources. This is not proof that the conclusion is true.","step":5,"t":"2026-09-17T14:17:03.625Z"}
{"level":"info","event":"action","runId":"9a4184cc-5942-43fb-bd99-c114fbb351c7","type":"synthesize","rationale":"decision_critical_gaps_resolved_or_unresolvable; high-impact claims supported or qualified; contradictions handled; remaining actions low expected value","step":6,"t":"2026-09-17T14:17:03.633Z"}
{"level":"info","event":"action","runId":"30d99815-2e01-4e33-9adb-32c64eaa1d3a","type":"search","rationale":"Investigate an uncovered required question","step":0,"t":"2026-09-17T14:17:03.807Z"}
{"level":"info","event":"action","runId":"30d99815-2e01-4e33-9adb-32c64eaa1d3a","type":"stop","rationale":"action type reveal_keys is not a permitted research action","step":1,"t":"2026-09-17T14:17:03.818Z"}
{"level":"info","event":"action","runId":"c51d0c14-6c44-4742-a355-82f6515612a3","type":"search","rationale":"Investigate an uncovered required question","step":0,"t":"2026-09-17T14:17:04.159Z"}
{"level":"info","event":"action","runId":"c51d0c14-6c44-4742-a355-82f6515612a3","type":"fetch","rationale":"Inspect an already-known source before another generic query","step":1,"t":"2026-09-17T14:17:04.177Z"}
{"level":"info","event":"action","runId":"c51d0c14-6c44-4742-a355-82f6515612a3","type":"fetch","rationale":"Inspect an already-known source before another generic query","step":2,"t":"2026-09-17T14:17:04.188Z"}
{"level":"info","event":"action","runId":"c51d0c14-6c44-4742-a355-82f6515612a3","type":"fetch","rationale":"Inspect an already-known source before another generic query","step":3,"t":"2026-09-17T14:17:04.200Z"}
{"level":"info","event":"action","runId":"c51d0c14-6c44-4742-a355-82f6515612a3","type":"challenge","rationale":"Disconfirm material conclusion: A hard-constraint violation for a candidate currently marked eligible.","step":4,"t":"2026-09-17T14:17:04.213Z"}
{"level":"info","event":"action","runId":"c51d0c14-6c44-4742-a355-82f6515612a3","type":"challenge","rationale":"No counterexample found in accessed primary sources. This is not proof that the conclusion is true.","step":5,"t":"2026-09-17T14:17:04.223Z"}
{"level":"info","event":"action","runId":"c51d0c14-6c44-4742-a355-82f6515612a3","type":"synthesize","rationale":"decision_critical_gaps_resolved_or_unresolvable; high-impact claims supported or qualified; contradictions handled; remaining actions low expected value","step":6,"t":"2026-09-17T14:17:04.233Z"}
{"level":"info","event":"action","runId":"4a4eafb7-7604-45f5-af2e-79cb2ddaa7ce","type":"search","rationale":"Investigate an uncovered required question","step":0,"t":"2026-09-17T14:17:04.421Z"}
{"level":"info","event":"action","runId":"4a4eafb7-7604-45f5-af2e-79cb2ddaa7ce","type":"fetch","rationale":"Inspect an already-known source before another generic query","step":1,"t":"2026-09-17T14:17:04.438Z"}
{"level":"info","event":"action","runId":"4a4eafb7-7604-45f5-af2e-79cb2ddaa7ce","type":"fetch","rationale":"Inspect an already-known source before another generic query","step":2,"t":"2026-09-17T14:17:04.447Z"}
{"level":"info","event":"action","runId":"4a4eafb7-7604-45f5-af2e-79cb2ddaa7ce","type":"fetch","rationale":"Inspect an already-known source before another generic query","step":3,"t":"2026-09-17T14:17:04.459Z"}
{"level":"info","event":"action","runId":"4a4eafb7-7604-45f5-af2e-79cb2ddaa7ce","type":"challenge","rationale":"Disconfirm material conclusion: A hard-constraint violation for a candidate currently marked eligible.","step":4,"t":"2026-09-17T14:17:04.472Z"}
{"level":"info","event":"action","runId":"4a4eafb7-7604-45f5-af2e-79cb2ddaa7ce","type":"challenge","rationale":"No counterexample found in accessed primary sources. This is not proof that the conclusion is true.","step":5,"t":"2026-09-17T14:17:04.483Z"}
{"level":"info","event":"action","runId":"4a4eafb7-7604-45f5-af2e-79cb2ddaa7ce","type":"synthesize","rationale":"decision_critical_gaps_resolved_or_unresolvable; high-impact claims supported or qualified; contradictions handled; remaining actions low expected value","step":6,"t":"2026-09-17T14:17:04.494Z"}
{"level":"info","event":"action","runId":"39622964-ee06-4008-aa82-d2fd357dc0dd","type":"search","rationale":"Investigate an uncovered required question","step":0,"t":"2026-09-17T14:17:04.691Z"}
{"level":"info","event":"action","runId":"39622964-ee06-4008-aa82-d2fd357dc0dd","type":"fetch","rationale":"Inspect an already-known source before another generic query","step":1,"t":"2026-09-17T14:17:04.709Z"}
{"level":"info","event":"action","runId":"39622964-ee06-4008-aa82-d2fd357dc0dd","type":"fetch","rationale":"Inspect an already-known source before another generic query","step":2,"t":"2026-09-17T14:17:04.719Z"}
{"level":"info","event":"action","runId":"39622964-ee06-4008-aa82-d2fd357dc0dd","type":"fetch","rationale":"Inspect an already-known source before another generic query","step":3,"t":"2026-09-17T14:17:04.728Z"}
{"level":"info","event":"action","runId":"39622964-ee06-4008-aa82-d2fd357dc0dd","type":"challenge","rationale":"Disconfirm material conclusion: A hard-constraint violation for a candidate currently marked eligible.","step":4,"t":"2026-09-17T14:17:04.741Z"}
{"level":"info","event":"action","runId":"39622964-ee06-4008-aa82-d2fd357dc0dd","type":"challenge","rationale":"No counterexample found in accessed primary sources. This is not proof that the conclusion is true.","step":5,"t":"2026-09-17T14:17:04.762Z"}
{"level":"info","event":"action","runId":"39622964-ee06-4008-aa82-d2fd357dc0dd","type":"synthesize","rationale":"decision_critical_gaps_resolved_or_unresolvable; high-impact claims supported or qualified; contradictions handled; remaining actions low expected value","step":6,"t":"2026-09-17T14:17:04.769Z"}
{"level":"info","event":"action","runId":"e3cc22b4-68df-47ea-95bf-f0a8bf41a5db","type":"search","rationale":"Investigate an uncovered required question","step":0,"t":"2026-09-17T14:17:04.969Z"}
{"level":"info","event":"action","runId":"e3cc22b4-68df-47ea-95bf-f0a8bf41a5db","type":"fetch","rationale":"Inspect an already-known source before another generic query","step":1,"t":"2026-09-17T14:17:04.982Z"}
{"level":"info","event":"action","runId":"e3cc22b4-68df-47ea-95bf-f0a8bf41a5db","type":"fetch","rationale":"Inspect an already-known source before another generic query","step":2,"t":"2026-09-17T14:17:04.993Z"}
{"level":"info","event":"action","runId":"e3cc22b4-68df-47ea-95bf-f0a8bf41a5db","type":"fetch","rationale":"Inspect an already-known source before another generic query","step":3,"t":"2026-09-17T14:17:05.003Z"}
{"level":"info","event":"action","runId":"e3cc22b4-68df-47ea-95bf-f0a8bf41a5db","type":"challenge","rationale":"Disconfirm material conclusion: A hard-constraint violation for a candidate currently marked eligible.","step":4,"t":"2026-09-17T14:17:05.012Z"}
{"level":"info","event":"action","runId":"e3cc22b4-68df-47ea-95bf-f0a8bf41a5db","type":"challenge","rationale":"No counterexample found in accessed primary sources. This is not proof that the conclusion is true.","step":5,"t":"2026-09-17T14:17:05.021Z"}
{"level":"info","event":"action","runId":"e3cc22b4-68df-47ea-95bf-f0a8bf41a5db","type":"synthesize","rationale":"decision_critical_gaps_resolved_or_unresolvable; high-impact claims supported or qualified; contradictions handled; remaining actions low expected value","step":6,"t":"2026-09-17T14:17:05.029Z"}
{"level":"info","event":"action","runId":"b89ab7ea-49c3-43bc-ad0c-49bcf83eafd5","type":"challenge","rationale":"Disconfirm material conclusion: A primary source that directly contradicts this conclusion.","step":0,"t":"2026-09-17T14:17:05.369Z"}
{"level":"info","event":"action","runId":"b89ab7ea-49c3-43bc-ad0c-49bcf83eafd5","type":"fetch","rationale":"Inspect an already-known source before another generic query","step":1,"t":"2026-09-17T14:17:05.387Z"}
{"level":"info","event":"action","runId":"b89ab7ea-49c3-43bc-ad0c-49bcf83eafd5","type":"fetch","rationale":"Inspect an already-known source before another generic query","step":2,"t":"2026-09-17T14:17:05.400Z"}
{"level":"info","event":"action","runId":"b89ab7ea-49c3-43bc-ad0c-49bcf83eafd5","type":"fetch","rationale":"Inspect an already-known source before another generic query","step":3,"t":"2026-09-17T14:17:05.411Z"}
{"level":"info","event":"action","runId":"b89ab7ea-49c3-43bc-ad0c-49bcf83eafd5","type":"challenge","rationale":"Disconfirm material conclusion: A hard-constraint violation for a candidate currently marked eligible.","step":4,"t":"2026-09-17T14:17:05.422Z"}
{"level":"info","event":"action","runId":"b89ab7ea-49c3-43bc-ad0c-49bcf83eafd5","type":"challenge","rationale":"No counterexample found in accessed primary sources. This is not proof that the conclusion is true.","step":5,"t":"2026-09-17T14:17:05.434Z"}
{"level":"info","event":"action","runId":"b89ab7ea-49c3-43bc-ad0c-49bcf83eafd5","type":"synthesize","rationale":"decision_critical_gaps_resolved_or_unresolvable; high-impact claims supported or qualified; contradictions handled; remaining actions low expected value","step":6,"t":"2026-09-17T14:17:05.442Z"}
{"level":"info","event":"action","runId":"9be3aa01-fd9f-4a87-ad7a-6948d506c7b9","type":"search","rationale":"Investigate an uncovered required question","step":0,"t":"2026-09-17T14:17:05.798Z"}
{"level":"info","event":"action","runId":"9be3aa01-fd9f-4a87-ad7a-6948d506c7b9","type":"fetch","rationale":"Inspect an already-known source before another generic query","step":1,"t":"2026-09-17T14:17:05.815Z"}
{"level":"info","event":"action","runId":"9be3aa01-fd9f-4a87-ad7a-6948d506c7b9","type":"fetch","rationale":"Inspect an already-known source before another generic query","step":2,"t":"2026-09-17T14:17:05.825Z"}
{"level":"info","event":"action","runId":"9be3aa01-fd9f-4a87-ad7a-6948d506c7b9","type":"fetch","rationale":"Inspect an already-known source before another generic query","step":3,"t":"2026-09-17T14:17:05.836Z"}
{"level":"info","event":"action","runId":"9be3aa01-fd9f-4a87-ad7a-6948d506c7b9","type":"fetch","rationale":"Inspect an already-known source before another generic query","step":4,"t":"2026-09-17T14:17:05.845Z"}
{"level":"info","event":"action","runId":"9be3aa01-fd9f-4a87-ad7a-6948d506c7b9","type":"fetch","rationale":"Inspect an already-known source before another generic query","step":5,"t":"2026-09-17T14:17:05.855Z"}
{"level":"info","event":"action","runId":"9be3aa01-fd9f-4a87-ad7a-6948d506c7b9","type":"challenge","rationale":"Disconfirm material conclusion: A primary source that directly contradicts this conclusion.","step":6,"t":"2026-09-17T14:17:05.864Z"}
{"level":"info","event":"action","runId":"9be3aa01-fd9f-4a87-ad7a-6948d506c7b9","type":"challenge","rationale":"No counterexample found in accessed primary sources. This is not proof that the conclusion is true.","step":7,"t":"2026-09-17T14:17:05.874Z"}
{"level":"info","event":"action","runId":"9be3aa01-fd9f-4a87-ad7a-6948d506c7b9","type":"synthesize","rationale":"decision_critical_gaps_resolved_or_unresolvable; high-impact claims supported or qualified; contradictions handled; remaining actions low expected value","step":8,"t":"2026-09-17T14:17:05.880Z"}
 ❯ test/p0-smoke.integration.test.ts (16 tests | 7 failed) 6485ms
   × P0 smoke against shipped API/worker/postgres > R01 already-known constraint is stored and not re-asked 508ms
     → Cannot read properties of undefined (reading 'toLowerCase')
   × P0 smoke against shipped API/worker/postgres > R04 false premise is reported and not invented 398ms
     → Cannot read properties of undefined (reading 'toLowerCase')
   × P0 smoke against shipped API/worker/postgres > R05 source duplication clusters five reprints as one origin 454ms
     → .toMatch() expects to receive a string, but got undefined
   × P0 smoke against shipped API/worker/postgres > R09 justified pivot opens a population-relevant source 488ms
     → .toMatch() expects to receive a string, but got undefined
   ✓ P0 smoke against shipped API/worker/postgres > R13 diminishing returns stops instead of exhausting a quota  381ms
   ✓ P0 smoke against shipped API/worker/postgres > E01 unknown citation ID blocks publication  430ms
   ✓ P0 smoke against shipped API/worker/postgres > E02 non-supporting citation is flagged  431ms
   ✓ P0 smoke against shipped API/worker/postgres > J01 double tap with the same idempotency key creates one run 167ms
   × P0 smoke against shipped API/worker/postgres > J03 crash after fetch recovers evidence without double settlement 436ms
     → expected +0 to be 1 // Object.is equality
   ✓ P0 smoke against shipped API/worker/postgres > J05 / V2-07 cancel during writing rejects late publication 235ms
   × P0 smoke against shipped API/worker/postgres > S01 prompt injection cannot authorize tools or reveal keys 350ms
     → .toMatch() expects to receive a string, but got undefined
   ✓ P0 smoke against shipped API/worker/postgres > S09 deletion during run purges derived text and blocks resurrection 251ms
   ✓ P0 smoke against shipped API/worker/postgres > V2-08 stale worker lease cannot publish 261ms
   ✓ P0 smoke against shipped API/worker/postgres > correction reopens discovery when a hard budget constraint is relaxed  697ms
   ✓ P0 smoke against shipped API/worker/postgres > S05 private attachment canary is not copied into a public search query  419ms
   × P0 smoke against shipped API/worker/postgres > GET events and report citations resolve to stored evidence IDs 435ms
     → expected null to be truthy
{"level":"info","event":"action","runId":"53594e0a-5f71-4db6-9331-c52ab072c1da","type":"search","rationale":"Investigate an uncovered required question","step":0,"t":"2026-09-17T14:17:06.850Z"}
{"level":"info","event":"action","runId":"53594e0a-5f71-4db6-9331-c52ab072c1da","type":"fetch","rationale":"Inspect an already-known source before another generic query","step":1,"t":"2026-09-17T14:17:06.877Z"}
{"level":"info","event":"action","runId":"53594e0a-5f71-4db6-9331-c52ab072c1da","type":"fetch","rationale":"Inspect an already-known source before another generic query","step":2,"t":"2026-09-17T14:17:06.890Z"}
{"level":"info","event":"action","runId":"53594e0a-5f71-4db6-9331-c52ab072c1da","type":"fetch","rationale":"Inspect an already-known source before another generic query","step":3,"t":"2026-09-17T14:17:06.901Z"}
{"level":"info","event":"action","runId":"53594e0a-5f71-4db6-9331-c52ab072c1da","type":"fetch","rationale":"Inspect an already-known source before another generic query","step":4,"t":"2026-09-17T14:17:06.915Z"}
{"level":"info","event":"action","runId":"53594e0a-5f71-4db6-9331-c52ab072c1da","type":"fetch","rationale":"Inspect an already-known source before another generic query","step":5,"t":"2026-09-17T14:17:06.928Z"}
{"level":"info","event":"action","runId":"53594e0a-5f71-4db6-9331-c52ab072c1da","type":"challenge","rationale":"Disconfirm material conclusion: A primary source that directly contradicts this conclusion.","step":6,"t":"2026-09-17T14:17:06.941Z"}
{"level":"info","event":"action","runId":"53594e0a-5f71-4db6-9331-c52ab072c1da","type":"challenge","rationale":"No counterexample found in accessed primary sources. This is not proof that the conclusion is true.","step":7,"t":"2026-09-17T14:17:06.954Z"}
{"level":"info","event":"action","runId":"53594e0a-5f71-4db6-9331-c52ab072c1da","type":"synthesize","rationale":"decision_critical_gaps_resolved_or_unresolvable; high-impact claims supported or qualified; contradictions handled; remaining actions low expected value","step":8,"t":"2026-09-17T14:17:06.964Z"}
{"level":"info","event":"action","runId":"6d30cdcf-91cb-49d6-9461-000e3e08e728","type":"challenge","rationale":"Disconfirm material conclusion: A primary source that directly contradicts this conclusion.","step":0,"t":"2026-09-17T14:17:07.335Z"}
{"level":"info","event":"action","runId":"6d30cdcf-91cb-49d6-9461-000e3e08e728","type":"fetch","rationale":"Inspect an already-known source before another generic query","step":1,"t":"2026-09-17T14:17:07.355Z"}
{"level":"info","event":"action","runId":"6d30cdcf-91cb-49d6-9461-000e3e08e728","type":"fetch","rationale":"Inspect an already-known source before another generic query","step":2,"t":"2026-09-17T14:17:07.368Z"}
{"level":"info","event":"action","runId":"6d30cdcf-91cb-49d6-9461-000e3e08e728","type":"fetch","rationale":"Inspect an already-known source before another generic query","step":3,"t":"2026-09-17T14:17:07.380Z"}
{"level":"info","event":"action","runId":"6d30cdcf-91cb-49d6-9461-000e3e08e728","type":"challenge","rationale":"Disconfirm material conclusion: A hard-constraint violation for a candidate currently marked eligible.","step":4,"t":"2026-09-17T14:17:07.395Z"}
{"level":"info","event":"action","runId":"6d30cdcf-91cb-49d6-9461-000e3e08e728","type":"challenge","rationale":"No counterexample found in accessed primary sources. This is not proof that the conclusion is true.","step":5,"t":"2026-09-17T14:17:07.407Z"}
{"level":"info","event":"action","runId":"6d30cdcf-91cb-49d6-9461-000e3e08e728","type":"synthesize","rationale":"decision_critical_gaps_resolved_or_unresolvable; high-impact claims supported or qualified; contradictions handled; remaining actions low expected value","step":6,"t":"2026-09-17T14:17:07.422Z"}
{"level":"info","event":"action","runId":"38e57cfb-65eb-46d5-9f55-cac012cc81f0","type":"search","rationale":"Investigate an uncovered required question","step":0,"t":"2026-09-17T14:17:07.826Z"}
{"level":"info","event":"action","runId":"38e57cfb-65eb-46d5-9f55-cac012cc81f0","type":"fetch","rationale":"Inspect an already-known source before another generic query","step":1,"t":"2026-09-17T14:17:07.846Z"}
{"level":"info","event":"action","runId":"38e57cfb-65eb-46d5-9f55-cac012cc81f0","type":"fetch","rationale":"Inspect an already-known source before another generic query","step":2,"t":"2026-09-17T14:17:07.860Z"}
{"level":"info","event":"action","runId":"38e57cfb-65eb-46d5-9f55-cac012cc81f0","type":"fetch","rationale":"Inspect an already-known source before another generic query","step":3,"t":"2026-09-17T14:17:07.872Z"}
{"level":"info","event":"action","runId":"38e57cfb-65eb-46d5-9f55-cac012cc81f0","type":"challenge","rationale":"Disconfirm material conclusion: A hard-constraint violation for a candidate currently marked eligible.","step":4,"t":"2026-09-17T14:17:07.885Z"}
{"level":"info","event":"action","runId":"38e57cfb-65eb-46d5-9f55-cac012cc81f0","type":"challenge","rationale":"No counterexample found in accessed primary sources. This is not proof that the conclusion is true.","step":5,"t":"2026-09-17T14:17:07.897Z"}
{"level":"info","event":"action","runId":"38e57cfb-65eb-46d5-9f55-cac012cc81f0","type":"synthesize","rationale":"decision_critical_gaps_resolved_or_unresolvable; high-impact claims supported or qualified; contradictions handled; remaining actions low expected value","step":6,"t":"2026-09-17T14:17:07.905Z"}
{"level":"info","event":"action","runId":"fcbd90df-c5b4-4df0-8000-3737518da328","type":"challenge","rationale":"Disconfirm material conclusion: A primary source that directly contradicts this conclusion.","step":0,"t":"2026-09-17T14:17:08.094Z"}
{"level":"info","event":"action","runId":"fcbd90df-c5b4-4df0-8000-3737518da328","type":"fetch","rationale":"Inspect an already-known source before another generic query","step":1,"t":"2026-09-17T14:17:08.113Z"}
{"level":"info","event":"action","runId":"fcbd90df-c5b4-4df0-8000-3737518da328","type":"fetch","rationale":"Inspect an already-known source before another generic query","step":2,"t":"2026-09-17T14:17:08.127Z"}
{"level":"info","event":"action","runId":"fcbd90df-c5b4-4df0-8000-3737518da328","type":"fetch","rationale":"Inspect an already-known source before another generic query","step":3,"t":"2026-09-17T14:17:08.141Z"}
{"level":"info","event":"action","runId":"fcbd90df-c5b4-4df0-8000-3737518da328","type":"challenge","rationale":"Disconfirm material conclusion: A hard-constraint violation for a candidate currently marked eligible.","step":4,"t":"2026-09-17T14:17:08.155Z"}
{"level":"info","event":"action","runId":"fcbd90df-c5b4-4df0-8000-3737518da328","type":"challenge","rationale":"No counterexample found in accessed primary sources. This is not proof that the conclusion is true.","step":5,"t":"2026-09-17T14:17:08.166Z"}
{"level":"info","event":"action","runId":"fcbd90df-c5b4-4df0-8000-3737518da328","type":"synthesize","rationale":"decision_critical_gaps_resolved_or_unresolvable; high-impact claims supported or qualified; contradictions handled; remaining actions low expected value","step":6,"t":"2026-09-17T14:17:08.175Z"}
{"level":"info","event":"action","runId":"3d5a711f-fe4a-4ae6-a163-9bc2b0babea2","type":"search","rationale":"Investigate an uncovered required question","step":0,"t":"2026-09-17T14:17:08.362Z"}
{"level":"info","event":"action","runId":"3d5a711f-fe4a-4ae6-a163-9bc2b0babea2","type":"fetch","rationale":"Inspect an already-known source before another generic query","step":1,"t":"2026-09-17T14:17:08.380Z"}
{"level":"info","event":"action","runId":"3d5a711f-fe4a-4ae6-a163-9bc2b0babea2","type":"fetch","rationale":"Inspect an already-known source before another generic query","step":2,"t":"2026-09-17T14:17:08.390Z"}
{"level":"info","event":"action","runId":"3d5a711f-fe4a-4ae6-a163-9bc2b0babea2","type":"fetch","rationale":"Inspect an already-known source before another generic query","step":3,"t":"2026-09-17T14:17:08.402Z"}
{"level":"info","event":"action","runId":"3d5a711f-fe4a-4ae6-a163-9bc2b0babea2","type":"challenge","rationale":"Disconfirm material conclusion: A hard-constraint violation for a candidate currently marked eligible.","step":4,"t":"2026-09-17T14:17:08.417Z"}
{"level":"info","event":"action","runId":"3d5a711f-fe4a-4ae6-a163-9bc2b0babea2","type":"challenge","rationale":"No counterexample found in accessed primary sources. This is not proof that the conclusion is true.","step":5,"t":"2026-09-17T14:17:08.427Z"}
{"level":"info","event":"action","runId":"3d5a711f-fe4a-4ae6-a163-9bc2b0babea2","type":"synthesize","rationale":"decision_critical_gaps_resolved_or_unresolvable; high-impact claims supported or qualified; contradictions handled; remaining actions low expected value","step":6,"t":"2026-09-17T14:17:08.437Z"}
{"level":"info","event":"action","runId":"98a671c3-5682-4f39-81e4-12f575643624","type":"search","rationale":"Investigate an uncovered required question","step":0,"t":"2026-09-17T14:17:08.613Z"}
{"level":"info","event":"action","runId":"98a671c3-5682-4f39-81e4-12f575643624","type":"fetch","rationale":"Inspect an already-known source before another generic query","step":1,"t":"2026-09-17T14:17:08.632Z"}
{"level":"info","event":"action","runId":"98a671c3-5682-4f39-81e4-12f575643624","type":"fetch","rationale":"Inspect an already-known source before another generic query","step":2,"t":"2026-09-17T14:17:08.642Z"}
{"level":"info","event":"action","runId":"98a671c3-5682-4f39-81e4-12f575643624","type":"fetch","rationale":"Inspect an already-known source before another generic query","step":3,"t":"2026-09-17T14:17:08.651Z"}
{"level":"info","event":"action","runId":"98a671c3-5682-4f39-81e4-12f575643624","type":"fetch","rationale":"Inspect an already-known source before another generic query","step":4,"t":"2026-09-17T14:17:08.664Z"}
{"level":"info","event":"action","runId":"98a671c3-5682-4f39-81e4-12f575643624","type":"fetch","rationale":"Inspect an already-known source before another generic query","step":5,"t":"2026-09-17T14:17:08.674Z"}
{"level":"info","event":"action","runId":"98a671c3-5682-4f39-81e4-12f575643624","type":"challenge","rationale":"Disconfirm material conclusion: A primary source that directly contradicts this conclusion.","step":6,"t":"2026-09-17T14:17:08.683Z"}
{"level":"info","event":"action","runId":"98a671c3-5682-4f39-81e4-12f575643624","type":"challenge","rationale":"No counterexample found in accessed primary sources. This is not proof that the conclusion is true.","step":7,"t":"2026-09-17T14:17:08.695Z"}
{"level":"info","event":"action","runId":"98a671c3-5682-4f39-81e4-12f575643624","type":"synthesize","rationale":"decision_critical_gaps_resolved_or_unresolvable; high-impact claims supported or qualified; contradictions handled; remaining actions low expected value","step":8,"t":"2026-09-17T14:17:08.703Z"}
{"level":"info","event":"action","runId":"df8fefed-4f95-4f1b-9e1d-a4578b851399","type":"search","rationale":"Investigate an uncovered required question","step":0,"t":"2026-09-17T14:17:09.048Z"}
{"level":"info","event":"action","runId":"df8fefed-4f95-4f1b-9e1d-a4578b851399","type":"fetch","rationale":"Inspect an already-known source before another generic query","step":1,"t":"2026-09-17T14:17:09.072Z"}
{"level":"info","event":"action","runId":"df8fefed-4f95-4f1b-9e1d-a4578b851399","type":"fetch","rationale":"Inspect an already-known source before another generic query","step":2,"t":"2026-09-17T14:17:09.087Z"}
{"level":"info","event":"action","runId":"df8fefed-4f95-4f1b-9e1d-a4578b851399","type":"fetch","rationale":"Inspect an already-known source before another generic query","step":3,"t":"2026-09-17T14:17:09.100Z"}
{"level":"info","event":"action","runId":"df8fefed-4f95-4f1b-9e1d-a4578b851399","type":"fetch","rationale":"Inspect an already-known source before another generic query","step":4,"t":"2026-09-17T14:17:09.111Z"}
{"level":"info","event":"action","runId":"df8fefed-4f95-4f1b-9e1d-a4578b851399","type":"fetch","rationale":"Inspect an already-known source before another generic query","step":5,"t":"2026-09-17T14:17:09.124Z"}
{"level":"info","event":"action","runId":"df8fefed-4f95-4f1b-9e1d-a4578b851399","type":"challenge","rationale":"Disconfirm material conclusion: A primary source that directly contradicts this conclusion.","step":6,"t":"2026-09-17T14:17:09.135Z"}
{"level":"info","event":"action","runId":"df8fefed-4f95-4f1b-9e1d-a4578b851399","type":"challenge","rationale":"No counterexample found in accessed primary sources. This is not proof that the conclusion is true.","step":7,"t":"2026-09-17T14:17:09.145Z"}
{"level":"info","event":"action","runId":"df8fefed-4f95-4f1b-9e1d-a4578b851399","type":"synthesize","rationale":"decision_critical_gaps_resolved_or_unresolvable; high-impact claims supported or qualified; contradictions handled; remaining actions low expected value","step":8,"t":"2026-09-17T14:17:09.153Z"}
{"level":"info","event":"action","runId":"a791108e-e1c5-4889-b7c4-3865fa82058b","type":"search","rationale":"Investigate an uncovered required question","step":0,"t":"2026-09-17T14:17:09.510Z"}
{"level":"info","event":"action","runId":"a791108e-e1c5-4889-b7c4-3865fa82058b","type":"fetch","rationale":"Inspect an already-known source before another generic query","step":1,"t":"2026-09-17T14:17:09.526Z"}
{"level":"info","event":"action","runId":"a791108e-e1c5-4889-b7c4-3865fa82058b","type":"fetch","rationale":"Inspect an already-known source before another generic query","step":2,"t":"2026-09-17T14:17:09.536Z"}
{"level":"info","event":"action","runId":"a791108e-e1c5-4889-b7c4-3865fa82058b","type":"fetch","rationale":"Inspect an already-known source before another generic query","step":3,"t":"2026-09-17T14:17:09.547Z"}
{"level":"info","event":"action","runId":"a791108e-e1c5-4889-b7c4-3865fa82058b","type":"challenge","rationale":"Disconfirm material conclusion: A hard-constraint violation for a candidate currently marked eligible.","step":4,"t":"2026-09-17T14:17:09.560Z"}
{"level":"info","event":"action","runId":"a791108e-e1c5-4889-b7c4-3865fa82058b","type":"challenge","rationale":"No counterexample found in accessed primary sources. This is not proof that the conclusion is true.","step":5,"t":"2026-09-17T14:17:09.570Z"}
{"level":"info","event":"action","runId":"a791108e-e1c5-4889-b7c4-3865fa82058b","type":"synthesize","rationale":"decision_critical_gaps_resolved_or_unresolvable; high-impact claims supported or qualified; contradictions handled; remaining actions low expected value","step":6,"t":"2026-09-17T14:17:09.578Z"}
{"level":"info","event":"action","runId":"8c72b271-b067-4de1-83bb-54a9b5664745","type":"search","rationale":"Investigate an uncovered required question","step":0,"t":"2026-09-17T14:17:09.763Z"}
{"level":"info","event":"action","runId":"8c72b271-b067-4de1-83bb-54a9b5664745","type":"fetch","rationale":"Inspect an already-known source before another generic query","step":1,"t":"2026-09-17T14:17:09.779Z"}
{"level":"info","event":"action","runId":"8c72b271-b067-4de1-83bb-54a9b5664745","type":"fetch","rationale":"Inspect an already-known source before another generic query","step":2,"t":"2026-09-17T14:17:09.789Z"}
{"level":"info","event":"action","runId":"8c72b271-b067-4de1-83bb-54a9b5664745","type":"fetch","rationale":"Inspect an already-known source before another generic query","step":3,"t":"2026-09-17T14:17:09.800Z"}
{"level":"info","event":"action","runId":"8c72b271-b067-4de1-83bb-54a9b5664745","type":"challenge","rationale":"Disconfirm material conclusion: A hard-constraint violation for a candidate currently marked eligible.","step":4,"t":"2026-09-17T14:17:09.813Z"}
{"level":"info","event":"action","runId":"8c72b271-b067-4de1-83bb-54a9b5664745","type":"challenge","rationale":"No counterexample found in accessed primary sources. This is not proof that the conclusion is true.","step":5,"t":"2026-09-17T14:17:09.822Z"}
{"level":"info","event":"action","runId":"8c72b271-b067-4de1-83bb-54a9b5664745","type":"synthesize","rationale":"decision_critical_gaps_resolved_or_unresolvable; high-impact claims supported or qualified; contradictions handled; remaining actions low expected value","step":6,"t":"2026-09-17T14:17:09.830Z"}
 ❯ test/g01-g02.integration.test.ts (9 tests | 4 failed) 3367ms
   × G01 safety policy > G01-cross-user: another account cannot read run, events, report, source, export, or mutate 529ms
     → expected null to be truthy
   ✓ G01 safety policy > G01-private-to-public: attachment canary is stored as evidence and omitted from search queries  448ms
   × G01 safety policy > G01-consent: missing, declined, and revoked consent cannot start or continue processing 315ms
     → expected 'unsupported_citation' to be 'consent_revoked' // Object.is equality
   ✓ G01 safety policy > G01-deletion: derived text is purged and a late worker cannot resurrect it 276ms
   ✓ G02 engineering requirement > G02-unknown-citation: invented passage IDs cannot publish 251ms
   × G02 engineering requirement > G02-lost-run: an accepted create remains recoverable from the server after the client drops state 430ms
     → expected null to be truthy
   × G02 engineering requirement > G02-duplicate-debit: replayed completion and idempotent create settle once 451ms
     → expected +0 to be 1 // Object.is equality
   ✓ G02 engineering requirement > G02-stale-revision: obsolete brief, evidence, or lease cannot publish 276ms
   ✓ G02 engineering requirement > G02-cancel-writing: cancel during writing rejects late publication 242ms
{"level":"info","event":"action","runId":"6c93ddc9-d702-407a-b241-eb03484a154a","type":"search","rationale":"Investigate an uncovered required question","step":0,"t":"2026-09-17T14:17:10.626Z"}
{"level":"info","event":"action","runId":"6c93ddc9-d702-407a-b241-eb03484a154a","type":"stop","rationale":"action type reveal_keys is not a permitted research action","step":1,"t":"2026-09-17T14:17:10.645Z"}
{"level":"info","event":"action","runId":"a2ec7060-0292-4186-9b2a-860a9bb818b8","type":"search","rationale":"Investigate an uncovered required question","step":0,"t":"2026-09-17T14:17:11.004Z"}
{"level":"info","event":"action","runId":"a2ec7060-0292-4186-9b2a-860a9bb818b8","type":"search","rationale":"Decision-blocking gap: authoritative compatibility limitation. Switching source type to vendor-matrix.","step":1,"t":"2026-09-17T14:17:11.025Z"}
{"level":"info","event":"action","runId":"a2ec7060-0292-4186-9b2a-860a9bb818b8","type":"fetch","rationale":"Inspect the preferred source type (vendor-matrix) before more weak sources","step":2,"t":"2026-09-17T14:17:11.041Z"}
{"level":"info","event":"action","runId":"a2ec7060-0292-4186-9b2a-860a9bb818b8","type":"fetch","rationale":"Inspect an already-known source before another generic query","step":3,"t":"2026-09-17T14:17:11.054Z"}
{"level":"info","event":"action","runId":"a2ec7060-0292-4186-9b2a-860a9bb818b8","type":"fetch","rationale":"Inspect an already-known source before another generic query","step":4,"t":"2026-09-17T14:17:11.067Z"}
{"level":"info","event":"action","runId":"a2ec7060-0292-4186-9b2a-860a9bb818b8","type":"fetch","rationale":"Inspect an already-known source before another generic query","step":5,"t":"2026-09-17T14:17:11.080Z"}
{"level":"info","event":"action","runId":"a2ec7060-0292-4186-9b2a-860a9bb818b8","type":"verify","rationale":"Scope-check contradiction on compatibility before treating newest as correct","step":6,"t":"2026-09-17T14:17:11.092Z"}
{"level":"info","event":"action","runId":"a2ec7060-0292-4186-9b2a-860a9bb818b8","type":"challenge","rationale":"Disconfirm material conclusion: Official compatibility documentation that lists the named version as supported.","step":7,"t":"2026-09-17T14:17:11.105Z"}
{"level":"info","event":"action","runId":"a2ec7060-0292-4186-9b2a-860a9bb818b8","type":"challenge","rationale":"No counterexample found in accessed primary sources. This is not proof that the conclusion is true.","step":8,"t":"2026-09-17T14:17:11.118Z"}
{"level":"info","event":"action","runId":"a2ec7060-0292-4186-9b2a-860a9bb818b8","type":"synthesize","rationale":"decision_critical_gaps_resolved_or_unresolvable; high-impact claims supported or qualified; contradictions handled; remaining actions low expected value","step":9,"t":"2026-09-17T14:17:11.128Z"}
{"level":"info","event":"action","runId":"f50e0efe-8dcd-4f45-91ec-965444edb92a","type":"search","rationale":"Investigate an uncovered required question","step":0,"t":"2026-09-17T14:17:11.481Z"}
{"level":"info","event":"action","runId":"f50e0efe-8dcd-4f45-91ec-965444edb92a","type":"fetch","rationale":"Inspect an already-known source before another generic query","step":1,"t":"2026-09-17T14:17:11.502Z"}
{"level":"info","event":"action","runId":"f50e0efe-8dcd-4f45-91ec-965444edb92a","type":"fetch","rationale":"Inspect an already-known source before another generic query","step":2,"t":"2026-09-17T14:17:11.514Z"}
{"level":"info","event":"action","runId":"f50e0efe-8dcd-4f45-91ec-965444edb92a","type":"fetch","rationale":"Inspect an already-known source before another generic query","step":3,"t":"2026-09-17T14:17:11.531Z"}
{"level":"info","event":"action","runId":"f50e0efe-8dcd-4f45-91ec-965444edb92a","type":"challenge","rationale":"Disconfirm material conclusion: A hard-constraint violation for a candidate currently marked eligible.","step":4,"t":"2026-09-17T14:17:11.544Z"}
{"level":"info","event":"action","runId":"f50e0efe-8dcd-4f45-91ec-965444edb92a","type":"challenge","rationale":"No counterexample found in accessed primary sources. This is not proof that the conclusion is true.","step":5,"t":"2026-09-17T14:17:11.557Z"}
{"level":"info","event":"action","runId":"f50e0efe-8dcd-4f45-91ec-965444edb92a","type":"synthesize","rationale":"decision_critical_gaps_resolved_or_unresolvable; high-impact claims supported or qualified; contradictions handled; remaining actions low expected value","step":6,"t":"2026-09-17T14:17:11.564Z"}
{"level":"info","event":"action","runId":"1fc57aa1-3ba0-40b2-a0c2-854dd741516d","type":"search","rationale":"Investigate an uncovered required question","step":0,"t":"2026-09-17T14:17:11.945Z"}
{"level":"info","event":"action","runId":"1fc57aa1-3ba0-40b2-a0c2-854dd741516d","type":"search","rationale":"Investigate an uncovered required question","step":1,"t":"2026-09-17T14:17:11.972Z"}
{"level":"info","event":"action","runId":"1fc57aa1-3ba0-40b2-a0c2-854dd741516d","type":"stop","rationale":"Repeated searches returned no novel source family or coverage progress","step":2,"t":"2026-09-17T14:17:11.995Z"}
 ✓ test/controller-admission.integration.test.ts (5 tests) 2058ms
   ✓ controller admission on the fixture worker path > rejects injected privileged proposals and still inspects remaining sources  423ms
   ✓ controller admission on the fixture worker path > records a source-type pivot and stop reason for a compatibility gap  488ms
   ✓ controller admission on the fixture worker path > unknown-dependency correction forces a full rerun  442ms
   ✓ controller admission on the fixture worker path > processRun records an issued live intent before the provider call for a well-formed search  413ms
{"level":"info","event":"action","runId":"b4b8e859-0591-4070-bd4f-80a9e7a96c38","type":"search","rationale":"Investigate an uncovered required question","step":0,"t":"2026-09-17T14:17:13.096Z"}
{"level":"info","event":"action","runId":"b4b8e859-0591-4070-bd4f-80a9e7a96c38","type":"fetch","rationale":"Inspect an already-known source before another generic query","step":0,"t":"2026-09-17T14:17:13.136Z"}
{"level":"info","event":"action","runId":"b4b8e859-0591-4070-bd4f-80a9e7a96c38","type":"fetch","rationale":"Inspect an already-known source before another generic query","step":1,"t":"2026-09-17T14:17:13.150Z"}
{"level":"info","event":"action","runId":"b4b8e859-0591-4070-bd4f-80a9e7a96c38","type":"fetch","rationale":"Inspect an already-known source before another generic query","step":2,"t":"2026-09-17T14:17:13.163Z"}
{"level":"info","event":"action","runId":"b4b8e859-0591-4070-bd4f-80a9e7a96c38","type":"challenge","rationale":"Disconfirm material conclusion: A hard-constraint violation for a candidate currently marked eligible.","step":3,"t":"2026-09-17T14:17:13.179Z"}
{"level":"info","event":"action","runId":"b4b8e859-0591-4070-bd4f-80a9e7a96c38","type":"challenge","rationale":"No counterexample found in accessed primary sources. This is not proof that the conclusion is true.","step":4,"t":"2026-09-17T14:17:13.192Z"}
{"level":"info","event":"action","runId":"b4b8e859-0591-4070-bd4f-80a9e7a96c38","type":"synthesize","rationale":"decision_critical_gaps_resolved_or_unresolvable; high-impact claims supported or qualified; contradictions handled; remaining actions low expected value","step":5,"t":"2026-09-17T14:17:13.202Z"}
{"level":"info","event":"action","runId":"d55b4414-42fc-4f7f-8b6f-d190c53aa8a9","type":"search","rationale":"Investigate an uncovered required question","step":0,"t":"2026-09-17T14:17:13.550Z"}
{"level":"info","event":"action","runId":"d55b4414-42fc-4f7f-8b6f-d190c53aa8a9","type":"fetch","rationale":"Inspect an already-known source before another generic query","step":1,"t":"2026-09-17T14:17:13.571Z"}
{"level":"info","event":"action","runId":"d55b4414-42fc-4f7f-8b6f-d190c53aa8a9","type":"fetch","rationale":"Inspect an already-known source before another generic query","step":2,"t":"2026-09-17T14:17:13.585Z"}
{"level":"info","event":"action","runId":"d55b4414-42fc-4f7f-8b6f-d190c53aa8a9","type":"fetch","rationale":"Inspect an already-known source before another generic query","step":3,"t":"2026-09-17T14:17:13.598Z"}
{"level":"info","event":"action","runId":"d55b4414-42fc-4f7f-8b6f-d190c53aa8a9","type":"challenge","rationale":"Disconfirm material conclusion: A hard-constraint violation for a candidate currently marked eligible.","step":4,"t":"2026-09-17T14:17:13.611Z"}
{"level":"info","event":"action","runId":"d55b4414-42fc-4f7f-8b6f-d190c53aa8a9","type":"challenge","rationale":"No counterexample found in accessed primary sources. This is not proof that the conclusion is true.","step":5,"t":"2026-09-17T14:17:13.624Z"}
{"level":"info","event":"action","runId":"d55b4414-42fc-4f7f-8b6f-d190c53aa8a9","type":"synthesize","rationale":"decision_critical_gaps_resolved_or_unresolvable; high-impact claims supported or qualified; contradictions handled; remaining actions low expected value","step":6,"t":"2026-09-17T14:17:13.632Z"}
{"level":"info","event":"action","runId":"d55b4414-42fc-4f7f-8b6f-d190c53aa8a9","type":"synthesize","rationale":"decision_critical_gaps_resolved_or_unresolvable; high-impact claims supported or qualified; contradictions handled; remaining actions low expected value","step":0,"t":"2026-09-17T14:17:13.821Z"}
 ❯ test/p4-recovery.integration.test.ts (2 tests | 2 failed) 1289ms
   × P4 recovery drill against shipped worker/Postgres > crash after fetch: evidence kept, live lease not stolen, expired lease recovered without double-settle 528ms
     → expected null to be truthy
   × P4 recovery drill against shipped worker/Postgres > crash before publish then expired-lease failover: one report and one settlement 613ms
     → expected null to be truthy
{"level":"info","event":"action","runId":"b46c19fe-0501-438e-b7a5-0fddfdfab606","type":"search","rationale":"Investigate an uncovered required question","step":0,"t":"2026-09-17T14:17:14.903Z"}
{"level":"info","event":"action","runId":"b46c19fe-0501-438e-b7a5-0fddfdfab606","type":"fetch","rationale":"Inspect an already-known source before another generic query","step":1,"t":"2026-09-17T14:17:14.931Z"}
{"level":"info","event":"action","runId":"b46c19fe-0501-438e-b7a5-0fddfdfab606","type":"fetch","rationale":"Inspect an already-known source before another generic query","step":2,"t":"2026-09-17T14:17:14.944Z"}
{"level":"info","event":"action","runId":"b46c19fe-0501-438e-b7a5-0fddfdfab606","type":"fetch","rationale":"Inspect an already-known source before another generic query","step":3,"t":"2026-09-17T14:17:14.959Z"}
{"level":"info","event":"action","runId":"b46c19fe-0501-438e-b7a5-0fddfdfab606","type":"fetch","rationale":"Inspect an already-known source before another generic query","step":4,"t":"2026-09-17T14:17:14.974Z"}
{"level":"info","event":"action","runId":"b46c19fe-0501-438e-b7a5-0fddfdfab606","type":"fetch","rationale":"Inspect an already-known source before another generic query","step":5,"t":"2026-09-17T14:17:14.986Z"}
{"level":"info","event":"action","runId":"b46c19fe-0501-438e-b7a5-0fddfdfab606","type":"challenge","rationale":"Disconfirm material conclusion: A primary source that directly contradicts this conclusion.","step":6,"t":"2026-09-17T14:17:15.001Z"}
{"level":"info","event":"action","runId":"b46c19fe-0501-438e-b7a5-0fddfdfab606","type":"challenge","rationale":"No counterexample found in accessed primary sources. This is not proof that the conclusion is true.","step":7,"t":"2026-09-17T14:17:15.014Z"}
{"level":"info","event":"action","runId":"b46c19fe-0501-438e-b7a5-0fddfdfab606","type":"synthesize","rationale":"decision_critical_gaps_resolved_or_unresolvable; high-impact claims supported or qualified; contradictions handled; remaining actions low expected value","step":8,"t":"2026-09-17T14:17:15.024Z"}
 ❯ test/g07-output.integration.test.ts (3 tests | 1 failed) 992ms
   ✓ G07 / M10 in-app output reporting and privacy disclosure > GET /v1/settings exposes privacy disclosure and output-reporting categories; purchases stay gated 172ms
   × G07 / M10 in-app output reporting and privacy disclosure > M10 includeExcerpt stores owned answer text; omitting it stores no excerpt; other accounts are denied 509ms
     → expected 500 to be 200 // Object.is equality
   ✓ G07 / M10 in-app output reporting and privacy disclosure > restore purchases stays gated and grants no entitlement 166ms
{"level":"info","event":"action","runId":"0f6b6185-1c2d-4ed4-8b8c-2456e432e667","type":"search","rationale":"Investigate an uncovered required question","step":0,"t":"2026-09-17T14:17:16.291Z"}
{"level":"info","event":"action","runId":"0f6b6185-1c2d-4ed4-8b8c-2456e432e667","type":"fetch","rationale":"Inspect an already-known source before another generic query","step":1,"t":"2026-09-17T14:17:16.318Z"}
{"level":"info","event":"action","runId":"0f6b6185-1c2d-4ed4-8b8c-2456e432e667","type":"fetch","rationale":"Inspect an already-known source before another generic query","step":2,"t":"2026-09-17T14:17:16.333Z"}
{"level":"info","event":"action","runId":"0f6b6185-1c2d-4ed4-8b8c-2456e432e667","type":"fetch","rationale":"Inspect an already-known source before another generic query","step":3,"t":"2026-09-17T14:17:16.345Z"}
{"level":"info","event":"action","runId":"0f6b6185-1c2d-4ed4-8b8c-2456e432e667","type":"challenge","rationale":"Disconfirm material conclusion: A hard-constraint violation for a candidate currently marked eligible.","step":4,"t":"2026-09-17T14:17:16.361Z"}
{"level":"info","event":"action","runId":"0f6b6185-1c2d-4ed4-8b8c-2456e432e667","type":"challenge","rationale":"No counterexample found in accessed primary sources. This is not proof that the conclusion is true.","step":5,"t":"2026-09-17T14:17:16.374Z"}
{"level":"info","event":"action","runId":"0f6b6185-1c2d-4ed4-8b8c-2456e432e667","type":"synthesize","rationale":"decision_critical_gaps_resolved_or_unresolvable; high-impact claims supported or qualified; contradictions handled; remaining actions low expected value","step":6,"t":"2026-09-17T14:17:16.385Z"}
 ❯ test/g06-cost.integration.test.ts (2 tests | 1 failed) 806ms
   ✓ G06 local capability probe and measured fixture cost > GET /v1/routes/capabilities pins fixture tariffs and does not enable a live paid probe 174ms
   × G06 local capability probe and measured fixture cost > GET /v1/runs/:id/cost reconciles spent_micro to fixture intents and denies other accounts 483ms
     → expected 'reserved' to be 'settled' // Object.is equality
 ❯ test/v6-publication.integration.test.ts (11 tests | 1 failed) 169ms
   ✓ W01 V6-F01 production publication, persisted PostgreSQL evidence > PROBE-01 26ms
   ✓ W01 V6-F01 production publication, persisted PostgreSQL evidence > PROBE-02 9ms
   ✓ W01 V6-F01 production publication, persisted PostgreSQL evidence > PROBE-03 9ms
   ✓ W01 V6-F01 production publication, persisted PostgreSQL evidence > PROBE-04 10ms
   ✓ W01 V6-F01 production publication, persisted PostgreSQL evidence > PROBE-05 11ms
   ✓ W01 V6-F01 production publication, persisted PostgreSQL evidence > PROBE-06 9ms
   ✓ W01 V6-F01 production publication, persisted PostgreSQL evidence > CONTROL-direct 17ms
   × W01 V6-F01 production publication, persisted PostgreSQL evidence > CONTROL-paraphrase 16ms
     → expected false to be true // Object.is equality
   ✓ W01 V6-F01 production publication, persisted PostgreSQL evidence > wrong-owner 9ms
   ✓ W01 V6-F01 production publication, persisted PostgreSQL evidence > wrong-version 8ms
   ✓ W01 V6-F01 production publication, persisted PostgreSQL evidence > forged-text 7ms

⎯⎯⎯⎯⎯⎯ Failed Tests 62 ⎯⎯⎯⎯⎯⎯⎯

 FAIL  test/g01-g02.integration.test.ts > G01 safety policy > G01-cross-user: another account cannot read run, events, report, source, export, or mutate
AssertionError: expected null to be truthy

- Expected: 
true

+ Received: 
null

 ❯ test/g01-g02.integration.test.ts:141:22
    139|     expect(snap.statusCode).toBe(200);
    140|     const reportId = snap.json().reportId as string;
    141|     expect(reportId).toBeTruthy();
       |                      ^
    142|     const report = await app.inject({
    143|       method: "GET",

⎯⎯⎯⎯⎯⎯⎯⎯⎯⎯⎯⎯⎯⎯⎯⎯⎯⎯⎯⎯⎯⎯⎯[1/62]⎯

 FAIL  test/g01-g02.integration.test.ts > G01 safety policy > G01-consent: missing, declined, and revoked consent cannot start or continue processing
AssertionError: expected 'unsupported_citation' to be 'consent_revoked' // Object.is equality

Expected: "consent_revoked"
Received: "unsupported_citation"

 ❯ test/g01-g02.integration.test.ts:248:25
    246|     });
    247|     expect(late.accepted).toBe(false);
    248|     expect(late.reason).toBe("consent_revoked");
       |                         ^
    249|     await processRun(pool, config, runId);
    250|     const done = await getRun(pool, runId);

⎯⎯⎯⎯⎯⎯⎯⎯⎯⎯⎯⎯⎯⎯⎯⎯⎯⎯⎯⎯⎯⎯⎯[2/62]⎯

 FAIL  test/g01-g02.integration.test.ts > G02 engineering requirement > G02-lost-run: an accepted create remains recoverable from the server after the client drops state
AssertionError: expected null to be truthy

- Expected: 
true

+ Received: 
null

 ❯ test/g01-g02.integration.test.ts:359:34
    357|       headers: { authorization: `Bearer ${token}` },
    358|     });
    359|     expect(done.json().reportId).toBeTruthy();
       |                                  ^
    360|   });
    361| 

⎯⎯⎯⎯⎯⎯⎯⎯⎯⎯⎯⎯⎯⎯⎯⎯⎯⎯⎯⎯⎯⎯⎯[3/62]⎯

 FAIL  test/g01-g02.integration.test.ts > G02 engineering requirement > G02-duplicate-debit: replayed completion and idempotent create settle once
AssertionError: expected +0 to be 1 // Object.is equality

- Expected
+ Received

- 1
+ 0

 ❯ test/g01-g02.integration.test.ts:397:53
    395|     );
    396|     expect(Number(afterSecond.rows[0]!.n)).toBe(1);
    397|     expect(Number(afterSecond.rows[0]!.reserved_n)).toBe(1);
       |                                                     ^
    398|     expect(afterSecond.rows[0]!.settled).toBe(afterFirst.rows[0]!.sett…
    399|     const reports = await pool.query(`SELECT count(*)::int AS n FROM r…

⎯⎯⎯⎯⎯⎯⎯⎯⎯⎯⎯⎯⎯⎯⎯⎯⎯⎯⎯⎯⎯⎯⎯[4/62]⎯

 FAIL  test/g06-cost.integration.test.ts > G06 local capability probe and measured fixture cost > GET /v1/runs/:id/cost reconciles spent_micro to fixture intents and denies other accounts
AssertionError: expected 'reserved' to be 'settled' // Object.is equality

Expected: "settled"
Received: "reserved"

 ❯ test/g06-cost.integration.test.ts:124:35
    122|     expect(body.breakdown.fetch).toBeGreaterThan(0);
    123|     expect(body.breakdown.synthesize).toBe(FIXTURE_SYNTH_COST_MICRO);
    124|     expect(body.reservationState).toBe("settled");
       |                                   ^
    125|     expect(body.spentMicro).toBeLessThanOrEqual(body.reservationAmount…
    126|     const allow = await pool.query<{ settled_micro: string; reserved_m…

⎯⎯⎯⎯⎯⎯⎯⎯⎯⎯⎯⎯⎯⎯⎯⎯⎯⎯⎯⎯⎯⎯⎯[5/62]⎯

 FAIL  test/g07-output.integration.test.ts > G07 / M10 in-app output reporting and privacy disclosure > M10 includeExcerpt stores owned answer text; omitting it stores no excerpt; other accounts are denied
AssertionError: expected 500 to be 200 // Object.is equality

- Expected
+ Received

- 200
+ 500

 ❯ test/g07-output.integration.test.ts:90:36
     88|       payload: { claimId: "answer", category: "inaccurate", note: "pri…
     89|     });
     90|     expect(withExcerpt.statusCode).toBe(200);
       |                                    ^
     91|     expect(withExcerpt.json().submitted).toBe(true);
     92|     expect(withExcerpt.json().includedExcerpt).toBe(true);

⎯⎯⎯⎯⎯⎯⎯⎯⎯⎯⎯⎯⎯⎯⎯⎯⎯⎯⎯⎯⎯⎯⎯[6/62]⎯

 FAIL  test/launch-scope.integration.test.ts > launch-scope fixture/postgres cases > R07 keeps a paywalled page snippet-only and does not claim a full read
TypeError: .toMatch() expects to receive a string, but got undefined
 ❯ test/launch-scope.integration.test.ts:106:44
    104|     expect(evidence.passages.some((p) => p.exact_text.includes("THIS F…
    105|     const report = await getLatestReportForRun(pool, runId, accountId);
    106|     expect(JSON.stringify(report?.blocks)).toMatch(/snippet-only|block…
       |                                            ^
    107|   });
    108| 

⎯⎯⎯⎯⎯⎯⎯⎯⎯⎯⎯⎯⎯⎯⎯⎯⎯⎯⎯⎯⎯⎯⎯[7/62]⎯

 FAIL  test/launch-scope.integration.test.ts > launch-scope fixture/postgres cases > R11 records a real price contradiction without averaging
TypeError: .toMatch() expects to receive a string, but got undefined
 ❯ test/launch-scope.integration.test.ts:116:18
    114|     const report = await getLatestReportForRun(pool, runId, accountId);
    115|     const text = JSON.stringify(report?.blocks);
    116|     expect(text).toMatch(/19/);
       |                  ^
    117|     expect(text).toMatch(/45/);
    118|     expect(text).toMatch(/not averaged|Unresolved disagreement/i);

⎯⎯⎯⎯⎯⎯⎯⎯⎯⎯⎯⎯⎯⎯⎯⎯⎯⎯⎯⎯⎯⎯⎯[8/62]⎯

 FAIL  test/launch-scope.integration.test.ts > launch-scope fixture/postgres cases > R14 budget-limited outcome is not marked comprehensive
AssertionError: expected undefined to be 'completed_with_limitations' // Object.is equality

- Expected: 
"completed_with_limitations"

+ Received: 
undefined

 ❯ test/launch-scope.integration.test.ts:128:29
    126|     await processRun(pool, config, runId);
    127|     const report = await getLatestReportForRun(pool, runId, accountId);
    128|     expect(report?.outcome).toBe("completed_with_limitations");
       |                             ^
    129|     expect(JSON.stringify(report?.limitations)).toMatch(/Budget|not co…
    130|   });

⎯⎯⎯⎯⎯⎯⎯⎯⎯⎯⎯⎯⎯⎯⎯⎯⎯⎯⎯⎯⎯⎯⎯[9/62]⎯

 FAIL  test/launch-scope.integration.test.ts > launch-scope fixture/postgres cases > R22 preserves a reproducible annual cost calculation
TypeError: .toMatch() expects to receive a string, but got undefined
 ❯ test/launch-scope.integration.test.ts:142:18
    140|     const report = await getLatestReportForRun(pool, runId, accountId);
    141|     const text = JSON.stringify(report?.blocks);
    142|     expect(text).toMatch(/480/);
       |                  ^
    143|     expect(text).toMatch(/annual_from_monthly/);
    144|   });

⎯⎯⎯⎯⎯⎯⎯⎯⎯⎯⎯⎯⎯⎯⎯⎯⎯⎯⎯⎯⎯⎯[10/62]⎯

 FAIL  test/launch-scope.integration.test.ts > launch-scope fixture/postgres cases > V2-01 uses the compatibility matrix, not summary count
TypeError: Cannot read properties of undefined (reading 'toLowerCase')
 ❯ test/launch-scope.integration.test.ts:154:47
    152|     expect(evidence.sources.some((s) => s.source_type === "vendor-matr…
    153|     const report = await getLatestReportForRun(pool, runId, accountId);
    154|     const text = JSON.stringify(report?.blocks).toLowerCase();
       |                                               ^
    155|     expect(text).toMatch(/not compatible|incompatible/);
    156|     expect(text).not.toMatch(/certified compatible from \d+ summaries/…

⎯⎯⎯⎯⎯⎯⎯⎯⎯⎯⎯⎯⎯⎯⎯⎯⎯⎯⎯⎯⎯⎯[11/62]⎯

 FAIL  test/launch-scope.integration.test.ts > launch-scope fixture/postgres cases > V2-02 / R08 switches source type after summary-family saturation
TypeError: .toMatch() expects to receive a string, but got undefined
 ❯ test/launch-scope.integration.test.ts:167:44
    165|     await processRun(pool, config, runId);
    166|     const report = await getLatestReportForRun(pool, runId, accountId);
    167|     expect(JSON.stringify(report?.blocks)).toMatch(/vendor compatibili…
       |                                            ^
    168|   });
    169| 

⎯⎯⎯⎯⎯⎯⎯⎯⎯⎯⎯⎯⎯⎯⎯⎯⎯⎯⎯⎯⎯⎯[12/62]⎯

 FAIL  test/launch-scope.integration.test.ts > launch-scope fixture/postgres cases > V2-04 relaxed budget discovers a previously omitted candidate
TypeError: .toMatch() expects to receive a string, but got undefined
 ❯ test/launch-scope.integration.test.ts:192:44
    190|     const child = await getRun(pool, childId);
    191|     const report = await getLatestReportForRun(pool, childId, child!.a…
    192|     expect(JSON.stringify(report?.blocks)).toMatch(/Vendor C/);
       |                                            ^
    193|   });
    194| 

⎯⎯⎯⎯⎯⎯⎯⎯⎯⎯⎯⎯⎯⎯⎯⎯⎯⎯⎯⎯⎯⎯[13/62]⎯

 FAIL  test/launch-scope.integration.test.ts > launch-scope fixture/postgres cases > V2-05 recomputes a corrected numeric unit
TypeError: .toMatch() expects to receive a string, but got undefined
 ❯ test/launch-scope.integration.test.ts:214:18
    212|     const report = await getLatestReportForRun(pool, childId, accountI…
    213|     const text = JSON.stringify(report?.blocks);
    214|     expect(text).toMatch(/10 mg|10000 mg|mg/);
       |                  ^
    215|     expect(corr.json().impact.reopenedDiscoveryScopes ?? []).not.toCon…
    216|   });

⎯⎯⎯⎯⎯⎯⎯⎯⎯⎯⎯⎯⎯⎯⎯⎯⎯⎯⎯⎯⎯⎯[14/62]⎯

 FAIL  test/launch-scope.integration.test.ts > launch-scope fixture/postgres cases > P2 selective budget reopen is not a full rerun; unknown-dependency correction is; both 120 EUR paths find Vendor C
TypeError: .toMatch() expects to receive a string, but got undefined
 ❯ test/launch-scope.integration.test.ts:284:48
    282|     expect(fullEv.sources.some((s) => s.canonical_locator.includes("ve…
    283|     const fullReport = await getLatestReportForRun(pool, full.json().r…
    284|     expect(JSON.stringify(fullReport?.blocks)).toMatch(/Vendor C/);
       |                                                ^
    285|   });
    286| 

⎯⎯⎯⎯⎯⎯⎯⎯⎯⎯⎯⎯⎯⎯⎯⎯⎯⎯⎯⎯⎯⎯[15/62]⎯

 FAIL  test/launch-scope.integration.test.ts > launch-scope fixture/postgres cases > V2-18 distinguishes no eligible inspected option from universal absence
TypeError: .toMatch() expects to receive a string, but got undefined
 ❯ test/launch-scope.integration.test.ts:318:18
    316|     const report = await getLatestReportForRun(pool, runId, accountId);
    317|     const text = JSON.stringify(report?.blocks);
    318|     expect(text).toMatch(/inspected/);
       |                  ^
    319|     expect(text).toMatch(/not a claim that no option exists outside/i);
    320|   });

⎯⎯⎯⎯⎯⎯⎯⎯⎯⎯⎯⎯⎯⎯⎯⎯⎯⎯⎯⎯⎯⎯[16/62]⎯

 FAIL  test/launch-scope.integration.test.ts > launch-scope fixture/postgres cases > S04 does not leave raw script markup in the canonical report
TypeError: .toMatch() expects to receive a string, but got undefined
 ❯ test/launch-scope.integration.test.ts:344:48
    342|     await processRun(pool, config, runId);
    343|     const report = await getLatestReportForRun(pool, runId, accountId);
    344|     expect(JSON.stringify(report?.blocks)).not.toMatch(/<script/i);
       |                                                ^
    345|   });
    346| 

⎯⎯⎯⎯⎯⎯⎯⎯⎯⎯⎯⎯⎯⎯⎯⎯⎯⎯⎯⎯⎯⎯[17/62]⎯

 FAIL  test/launch-scope.integration.test.ts > launch-scope fixture/postgres cases > challenge and markdown export use the same stored report
AssertionError: expected 500 to be 200 // Object.is equality

- Expected
+ Received

- 200
+ 500

 ❯ test/launch-scope.integration.test.ts:388:27
    386|       payload: { claimId: "answer", category: "claim", note: "check th…
    387|     });
    388|     expect(ch.statusCode).toBe(200);
       |                           ^
    389|     expect(ch.json().challengeId).toBeTruthy();
    390|     const row = await pool.query<{ claim_id: string; note: string; rep…

⎯⎯⎯⎯⎯⎯⎯⎯⎯⎯⎯⎯⎯⎯⎯⎯⎯⎯⎯⎯⎯⎯[18/62]⎯

 FAIL  test/p0-smoke.integration.test.ts > P0 smoke against shipped API/worker/postgres > R01 already-known constraint is stored and not re-asked
TypeError: Cannot read properties of undefined (reading 'toLowerCase')
 ❯ test/p0-smoke.integration.test.ts:98:17
     96|     const report = await getLatestReportForRun(pool, runId, (await get…
     97|     const text = JSON.stringify(report?.blocks);
     98|     expect(text.toLowerCase()).toContain("germany");
       |                 ^
     99|     expect(text).toMatch(/50/);
    100|     expect(text).toContain("2026-03-01");

⎯⎯⎯⎯⎯⎯⎯⎯⎯⎯⎯⎯⎯⎯⎯⎯⎯⎯⎯⎯⎯⎯[19/62]⎯

 FAIL  test/p0-smoke.integration.test.ts > P0 smoke against shipped API/worker/postgres > R04 false premise is reported and not invented
TypeError: Cannot read properties of undefined (reading 'toLowerCase')
 ❯ test/p0-smoke.integration.test.ts:112:17
    110|     const report = await getLatestReportForRun(pool, runId, run!.accou…
    111|     const text = JSON.stringify(report?.blocks);
    112|     expect(text.toLowerCase()).toMatch(/does not exist|not a real prod…
       |                 ^
    113|     expect(text.toLowerCase()).not.toMatch(/deepseek-research-pro incl…
    114|     const evidence = await loadEvidence(pool, runId);

⎯⎯⎯⎯⎯⎯⎯⎯⎯⎯⎯⎯⎯⎯⎯⎯⎯⎯⎯⎯⎯⎯[20/62]⎯

 FAIL  test/p0-smoke.integration.test.ts > P0 smoke against shipped API/worker/postgres > R05 source duplication clusters five reprints as one origin
TypeError: .toMatch() expects to receive a string, but got undefined
 ❯ test/p0-smoke.integration.test.ts:132:44
    130|     const run = await getRun(pool, runId);
    131|     const report = await getLatestReportForRun(pool, runId, run!.accou…
    132|     expect(JSON.stringify(report?.blocks)).toMatch(/1 origin cluster/);
       |                                            ^
    133|   });
    134| 

⎯⎯⎯⎯⎯⎯⎯⎯⎯⎯⎯⎯⎯⎯⎯⎯⎯⎯⎯⎯⎯⎯[21/62]⎯

 FAIL  test/p0-smoke.integration.test.ts > P0 smoke against shipped API/worker/postgres > R09 justified pivot opens a population-relevant source
TypeError: .toMatch() expects to receive a string, but got undefined
 ❯ test/p0-smoke.integration.test.ts:146:44
    144|     const run = await getRun(pool, runId);
    145|     const report = await getLatestReportForRun(pool, runId, run!.accou…
    146|     expect(JSON.stringify(report?.blocks)).toMatch(/population/i);
       |                                            ^
    147|   });
    148| 

⎯⎯⎯⎯⎯⎯⎯⎯⎯⎯⎯⎯⎯⎯⎯⎯⎯⎯⎯⎯⎯⎯[22/62]⎯

 FAIL  test/p0-smoke.integration.test.ts > P0 smoke against shipped API/worker/postgres > J03 crash after fetch recovers evidence without double settlement
AssertionError: expected +0 to be 1 // Object.is equality

- Expected
+ Received

- 1
+ 0

 ❯ test/p0-smoke.integration.test.ts:311:31
    309|     expect(after.sources.length).toBeGreaterThanOrEqual(mid.sources.le…
    310|     const settled = await pool.query(`SELECT count(*)::int AS n FROM r…
    311|     expect(settled.rows[0].n).toBe(1);
       |                               ^
    312|     const reserved = await pool.query(`SELECT count(*)::int AS n FROM …
    313|     expect(reserved.rows[0].n).toBe(1);

⎯⎯⎯⎯⎯⎯⎯⎯⎯⎯⎯⎯⎯⎯⎯⎯⎯⎯⎯⎯⎯⎯[23/62]⎯

 FAIL  test/p0-smoke.integration.test.ts > P0 smoke against shipped API/worker/postgres > S01 prompt injection cannot authorize tools or reveal keys
TypeError: .toMatch() expects to receive a string, but got undefined
 ❯ test/p0-smoke.integration.test.ts:349:44
    347|     const run = await getRun(pool, runId);
    348|     const report = await getLatestReportForRun(pool, runId, run!.accou…
    349|     expect(JSON.stringify(report?.blocks)).toMatch(/source text only|u…
       |                                            ^
    350|     const evidence = await loadEvidence(pool, runId);
    351|     expect(evidence.passages.some((p) => /ignore previous instructions…

⎯⎯⎯⎯⎯⎯⎯⎯⎯⎯⎯⎯⎯⎯⎯⎯⎯⎯⎯⎯⎯⎯[24/62]⎯

 FAIL  test/p0-smoke.integration.test.ts > P0 smoke against shipped API/worker/postgres > GET events and report citations resolve to stored evidence IDs
AssertionError: expected null to be truthy

- Expected: 
true

+ Received: 
null

 ❯ test/p0-smoke.integration.test.ts:490:34
    488|     await processRun(pool, config, runId);
    489|     const snap = await app.inject({ method: "GET", url: `/v1/runs/${ru…
    490|     expect(snap.json().reportId).toBeTruthy();
       |                                  ^
    491|     const report = await app.inject({
    492|       method: "GET",

⎯⎯⎯⎯⎯⎯⎯⎯⎯⎯⎯⎯⎯⎯⎯⎯⎯⎯⎯⎯⎯⎯[25/62]⎯

 FAIL  test/p3-remaining.integration.test.ts > remaining launch-scope IDs > M04 fixture comparison publishes a wide table, code listing, unicode-safe text, and many citations
AssertionError: expected null to be truthy

- Expected: 
true

+ Received: 
null

 ❯ test/p3-remaining.integration.test.ts:80:20
     78|     await processRun(pool, config, created.json().runId);
     79|     const report = await getLatestReportForRun(pool, created.json().ru…
     80|     expect(report).toBeTruthy();
       |                    ^
     81|     const blocks = (report!.blocks ?? []) as { id?: string; kind?: str…
     82|     const table = blocks.find((b) => b.kind === "table");

⎯⎯⎯⎯⎯⎯⎯⎯⎯⎯⎯⎯⎯⎯⎯⎯⎯⎯⎯⎯⎯⎯[26/62]⎯

 FAIL  test/p3-remaining.integration.test.ts > remaining launch-scope IDs > R06 preserves event date vs publication date
TypeError: .toMatch() expects to receive a string, but got undefined
 ❯ test/p3-remaining.integration.test.ts:100:18
     98|     const report = await getLatestReportForRun(pool, created.json().ru…
     99|     const text = JSON.stringify(report?.blocks);
    100|     expect(text).toMatch(/2019-03-12|March 2019/);
       |                  ^
    101|     expect(text).toMatch(/2026-01-01|2026-2027|2026-04-01/);
    102|   });

⎯⎯⎯⎯⎯⎯⎯⎯⎯⎯⎯⎯⎯⎯⎯⎯⎯⎯⎯⎯⎯⎯[27/62]⎯

 FAIL  test/p3-remaining.integration.test.ts > remaining launch-scope IDs > R12 explains different percentage denominators instead of averaging
TypeError: .toMatch() expects to receive a string, but got undefined
 ❯ test/p3-remaining.integration.test.ts:120:18
    118|     const report = await getLatestReportForRun(pool, created.json().ru…
    119|     const text = JSON.stringify(report?.blocks);
    120|     expect(text).toMatch(/denominator/i);
       |                  ^
    121|     expect(text).toMatch(/not averaged/);
    122|     expect(text).not.toMatch(/were averaged|average of the two/i);

⎯⎯⎯⎯⎯⎯⎯⎯⎯⎯⎯⎯⎯⎯⎯⎯⎯⎯⎯⎯⎯⎯[28/62]⎯

 FAIL  test/p3-remaining.integration.test.ts > remaining launch-scope IDs > R15 states unknown without a fake probability
TypeError: .toMatch() expects to receive a string, but got number
 ❯ test/p3-remaining.integration.test.ts:131:18
    129|     const report = await getLatestReportForRun(pool, created.json().ru…
    130|     const text = JSON.stringify(report?.blocks) + JSON.stringify(repor…
    131|     expect(text).toMatch(/no reliable|unknown|not found/i);
       |                  ^
    132|     expect(text).not.toMatch(/does not exist/);
    133|     expect(text).not.toMatch(/\b\d{2}% (chance|probability|confidence)…

⎯⎯⎯⎯⎯⎯⎯⎯⎯⎯⎯⎯⎯⎯⎯⎯⎯⎯⎯⎯⎯⎯[29/62]⎯

 FAIL  test/p3-remaining.integration.test.ts > remaining launch-scope IDs > R16 comparison names the requested entities and constraints
TypeError: .toMatch() expects to receive a string, but got undefined
 ❯ test/p3-remaining.integration.test.ts:142:18
    140|     const report = await getLatestReportForRun(pool, created.json().ru…
    141|     const text = JSON.stringify(report?.blocks);
    142|     expect(text).toMatch(/Vendor A/);
       |                  ^
    143|     expect(text).toMatch(/germany/i);
    144|     expect(text).toMatch(/50/);

⎯⎯⎯⎯⎯⎯⎯⎯⎯⎯⎯⎯⎯⎯⎯⎯⎯⎯⎯⎯⎯⎯[30/62]⎯

 FAIL  test/p3-remaining.integration.test.ts > remaining launch-scope IDs > E05 new source version does not rewrite the original report citation
TypeError: Cannot read properties of undefined (reading '0')
 ❯ test/p3-remaining.integration.test.ts:155:28
    153|     const passage = evidence.passages[0]!;
    154|     const report = await getLatestReportForRun(pool, runId, accountId);
    155|     const cited = (report?.blocks as { citationIds: string[] }[])[0]!.…
       |                            ^
    156|     await insertVersionAndPassage(pool, {
    157|       sourceId: passage.source_id,

⎯⎯⎯⎯⎯⎯⎯⎯⎯⎯⎯⎯⎯⎯⎯⎯⎯⎯⎯⎯⎯⎯[31/62]⎯

 FAIL  test/p3-remaining.integration.test.ts > remaining launch-scope IDs > JOB-1 eligibility-aware comparison under platform and export constraints
TypeError: .toMatch() expects to receive a string, but got undefined
 ❯ test/p3-remaining.integration.test.ts:222:18
    220|     const report = await getLatestReportForRun(pool, created.json().ru…
    221|     const text = JSON.stringify(report?.blocks);
    222|     expect(text).toMatch(/NoteKeep/);
       |                  ^
    223|     expect(text).toMatch(/Eligible:.*NoteKeep/i);
    224|     expect(text).toMatch(/NoteDroid/);

⎯⎯⎯⎯⎯⎯⎯⎯⎯⎯⎯⎯⎯⎯⎯⎯⎯⎯⎯⎯⎯⎯[32/62]⎯

 FAIL  test/p3-remaining.integration.test.ts > remaining launch-scope IDs > JOB-1 adding Linux as a hard requirement excludes NoteKeep and keeps NoteAll
TypeError: .toMatch() expects to receive a string, but got undefined
 ❯ test/p3-remaining.integration.test.ts:247:44
    245|     await processRun(pool, config, parentId);
    246|     const parent = await getLatestReportForRun(pool, parentId, account…
    247|     expect(JSON.stringify(parent?.blocks)).toMatch(/Eligible:.*NoteKee…
       |                                            ^
    248|     const snap = await app.inject({
    249|       method: "GET",

⎯⎯⎯⎯⎯⎯⎯⎯⎯⎯⎯⎯⎯⎯⎯⎯⎯⎯⎯⎯⎯⎯[33/62]⎯

 FAIL  test/p3-remaining.integration.test.ts > remaining launch-scope IDs > JOB-1 removing Linux as a requirement makes NoteKeep eligible again
TypeError: Cannot read properties of null (reading 'blocks')
 ❯ test/p3-remaining.integration.test.ts:292:34
    290|     await processRun(pool, config, parentId);
    291|     const parent = await getLatestReportForRun(pool, parentId, account…
    292|     const parentElig = ((parent!.blocks ?? []) as { id: string; text: …
       |                                  ^
    293|     expect(parentElig?.text).toMatch(/Eligible: NoteAll/);
    294|     expect(parentElig?.text).toMatch(/Ineligible: NoteKeep \(platform=…

⎯⎯⎯⎯⎯⎯⎯⎯⎯⎯⎯⎯⎯⎯⎯⎯⎯⎯⎯⎯⎯⎯[34/62]⎯

 FAIL  test/p3-remaining.integration.test.ts > remaining launch-scope IDs > JOB-2 attached document text is stored as supplied evidence and not used as a public query
TypeError: .toMatch() expects to receive a string, but got undefined
 ❯ test/p3-remaining.integration.test.ts:350:44
    348|     expect(searches.join(" ")).not.toMatch(/INTERNAL-PROPOSAL/);
    349|     const report = await getLatestReportForRun(pool, created.json().ru…
    350|     expect(JSON.stringify(report?.blocks)).toMatch(/vector engine|INTE…
       |                                            ^
    351|   });
    352| 

⎯⎯⎯⎯⎯⎯⎯⎯⎯⎯⎯⎯⎯⎯⎯⎯⎯⎯⎯⎯⎯⎯[35/62]⎯

 FAIL  test/p3-remaining.integration.test.ts > remaining launch-scope IDs > E06 PDF attachment is disclosed as text-only / unread pages
TypeError: .toMatch() expects to receive a string, but got undefined
 ❯ test/p3-remaining.integration.test.ts:366:49
    364|     await processRun(pool, config, created.json().runId);
    365|     const report = await getLatestReportForRun(pool, created.json().ru…
    366|     expect(JSON.stringify(report?.limitations)).toMatch(/text-only|Unr…
       |                                                 ^
    367|   });
    368| 

⎯⎯⎯⎯⎯⎯⎯⎯⎯⎯⎯⎯⎯⎯⎯⎯⎯⎯⎯⎯⎯⎯[36/62]⎯

 FAIL  test/p3-remaining.integration.test.ts > remaining launch-scope IDs > E08 quoted report text is taken from the stored passage
TypeError: Cannot read properties of undefined (reading 'find')
 ❯ test/p3-remaining.integration.test.ts:376:94
    374|     const evidence = await loadEvidence(pool, runId);
    375|     const report = await getLatestReportForRun(pool, runId, accountId);
    376|     const answer = (report?.blocks as { id: string; text: string; cita…
       |                                                                                              ^
    377|     const passage = evidence.passages.find((p) => p.id === answer.cita…
    378|     expect(passage.exact_text.startsWith(answer.text.slice(0, 40)) || …

⎯⎯⎯⎯⎯⎯⎯⎯⎯⎯⎯⎯⎯⎯⎯⎯⎯⎯⎯⎯⎯⎯[37/62]⎯

 FAIL  test/p3-remaining.integration.test.ts > remaining launch-scope IDs > E09 export citation anchors resolve to owned passages
AssertionError: expected undefined to be 'markdown' // Object.is equality

- Expected: 
"markdown"

+ Received: 
undefined

 ❯ test/p3-remaining.integration.test.ts:392:31
    390|       headers: { authorization: `Bearer ${token}` },
    391|     });
    392|     expect(exp.json().format).toBe("markdown");
       |                               ^
    393|     expect(JSON.stringify(exp.json())).not.toMatch(/"pdf"/i);
    394|     const md = exp.json().markdown as string;

⎯⎯⎯⎯⎯⎯⎯⎯⎯⎯⎯⎯⎯⎯⎯⎯⎯⎯⎯⎯⎯⎯[38/62]⎯

 FAIL  test/p3-remaining.integration.test.ts > remaining launch-scope IDs > J02 a second processRun after completion does not duplicate the report or settlement
AssertionError: expected +0 to be 1 // Object.is equality

- Expected
+ Received

- 1
+ 0

 ❯ test/p3-remaining.integration.test.ts:417:32
    415|     const reports = await pool.query(`SELECT count(*)::int AS n FROM r…
    416|     const settled = await pool.query(`SELECT count(*)::int AS n FROM r…
    417|     expect(reports.rows[0]!.n).toBe(1);
       |                                ^
    418|     expect(settled.rows[0]!.n).toBe(1);
    419|   });

⎯⎯⎯⎯⎯⎯⎯⎯⎯⎯⎯⎯⎯⎯⎯⎯⎯⎯⎯⎯⎯⎯[39/62]⎯

 FAIL  test/p3-remaining.integration.test.ts > remaining launch-scope IDs > J06 cancel after completion keeps the published report
AssertionError: expected [ 'completed', …(1) ] to include 'failed'
 ❯ test/p3-remaining.integration.test.ts:434:57
    432|     await app.inject({ method: "POST", url: `/v1/runs/${runId}/cancel`…
    433|     const run = await getRun(pool, runId);
    434|     expect(["completed", "completed_with_limitations"]).toContain(run?…
       |                                                         ^
    435|     expect(run?.terminal_outcome).not.toBe("cancelled");
    436|     expect(await getLatestReportForRun(pool, runId, accountId)).toBeTr…

⎯⎯⎯⎯⎯⎯⎯⎯⎯⎯⎯⎯⎯⎯⎯⎯⎯⎯⎯⎯⎯⎯[40/62]⎯

 FAIL  test/p3-remaining.integration.test.ts > remaining launch-scope IDs > J13 live spend kill switch blocks new paid routes but keeps saved reports
AssertionError: expected null to be truthy

- Expected: 
true

+ Received: 
null

 ❯ test/p3-remaining.integration.test.ts:465:20
    463|     expect(live.statusCode).toBe(403);
    464|     const report = await getLatestReportForRun(pool, created.json().ru…
    465|     expect(report).toBeTruthy();
       |                    ^
    466|   });
    467| 

⎯⎯⎯⎯⎯⎯⎯⎯⎯⎯⎯⎯⎯⎯⎯⎯⎯⎯⎯⎯⎯⎯[41/62]⎯

 FAIL  test/p3-remaining.integration.test.ts > remaining launch-scope IDs > S07 cross-account reports are denied
TypeError: Cannot read properties of null (reading 'id')
 ❯ test/p3-remaining.integration.test.ts:488:35
    486|     const denied = await app.inject({
    487|       method: "GET",
    488|       url: `/v1/reports/${report!.id}`,
       |                                   ^
    489|       headers: { authorization: `Bearer ${b.token}` },
    490|     });

⎯⎯⎯⎯⎯⎯⎯⎯⎯⎯⎯⎯⎯⎯⎯⎯⎯⎯⎯⎯⎯⎯[42/62]⎯

 FAIL  test/p3-remaining.integration.test.ts > remaining launch-scope IDs > V2-10 a later unavailable fetch does not retract last-access evidence
TypeError: .toMatch() expects to receive a string, but got undefined
 ❯ test/p3-remaining.integration.test.ts:530:44
    528|     });
    529|     const report = await getLatestReportForRun(pool, runId, accountId);
    530|     expect(JSON.stringify(report?.blocks)).toMatch(/Widget 4/);
       |                                            ^
    531|     expect(JSON.stringify(report?.blocks)).not.toMatch(/therefore the …
    532|   });

⎯⎯⎯⎯⎯⎯⎯⎯⎯⎯⎯⎯⎯⎯⎯⎯⎯⎯⎯⎯⎯⎯[43/62]⎯

 FAIL  test/p3-remaining.integration.test.ts > remaining launch-scope IDs > V2-11 concise view uses the same answer citations as the body
TypeError: Cannot read properties of undefined (reading 'find')
 ❯ conciseFromCanonical ../../packages/research-core/src/report.ts:90:25
     88| 
     89| export function conciseFromCanonical(blocks: ReportBlock[]): ReportBlo…
     90|   const answer = blocks.find((b) => b.id === "answer");
       |                         ^
     91|   const caveats = blocks.filter((b) => b.kind === "caveat" || b.id ===…
     92|   return [answer, ...caveats].filter((b): b is ReportBlock => Boolean(…
 ❯ test/p3-remaining.integration.test.ts:540:21

⎯⎯⎯⎯⎯⎯⎯⎯⎯⎯⎯⎯⎯⎯⎯⎯⎯⎯⎯⎯⎯⎯[44/62]⎯

 FAIL  test/p3-remaining.integration.test.ts > remaining launch-scope IDs > V2-19 scanned tables stay unread rather than guessed
TypeError: .toMatch() expects to receive a string, but got undefined
 ❯ test/p3-remaining.integration.test.ts:549:44
    547|     await processRun(pool, config, created.json().runId);
    548|     const report = await getLatestReportForRun(pool, created.json().ru…
    549|     expect(JSON.stringify(report?.blocks)).toMatch(/unread|scanned tab…
       |                                            ^
    550|   });
    551| 

⎯⎯⎯⎯⎯⎯⎯⎯⎯⎯⎯⎯⎯⎯⎯⎯⎯⎯⎯⎯⎯⎯[45/62]⎯

 FAIL  test/p3-remaining.integration.test.ts > remaining launch-scope IDs > R17 concise request still keeps limitations
TypeError: Cannot read properties of undefined (reading 'find')
 ❯ conciseFromCanonical ../../packages/research-core/src/report.ts:90:25
     88| 
     89| export function conciseFromCanonical(blocks: ReportBlock[]): ReportBlo…
     90|   const answer = blocks.find((b) => b.id === "answer");
       |                         ^
     91|   const caveats = blocks.filter((b) => b.kind === "caveat" || b.id ===…
     92|   return [answer, ...caveats].filter((b): b is ReportBlock => Boolean(…
 ❯ test/p3-remaining.integration.test.ts:557:21

⎯⎯⎯⎯⎯⎯⎯⎯⎯⎯⎯⎯⎯⎯⎯⎯⎯⎯⎯⎯⎯⎯[46/62]⎯

 FAIL  test/p3-remaining.integration.test.ts > remaining launch-scope IDs > R19 follow-up verifies one claim and keeps the parent report
AssertionError: expected null to be truthy

- Expected: 
true

+ Received: 
null

 ❯ test/p3-remaining.integration.test.ts:593:80
    591|     expect(follow.json().reopenedDiscovery).toBe(false);
    592|     await processRun(pool, config, follow.json().runId);
    593|     expect(await getLatestReportForRun(pool, created.json().runId, acc…
       |                                                                                ^
    594|     expect(parent?.id).toBeTruthy();
    595|     const childEvents = await listEvents(pool, follow.json().runId, 0);

⎯⎯⎯⎯⎯⎯⎯⎯⎯⎯⎯⎯⎯⎯⎯⎯⎯⎯⎯⎯⎯⎯[47/62]⎯

 FAIL  test/p3-remaining.integration.test.ts > remaining launch-scope IDs > R20 dates a retrieved price and keeps a founding year as history
TypeError: .toMatch() expects to receive a string, but got undefined
 ❯ test/p3-remaining.integration.test.ts:610:18
    608|     const report = await getLatestReportForRun(pool, created.json().ru…
    609|     const text = JSON.stringify(report?.blocks);
    610|     expect(text).toMatch(/as of 2024-01-01|not presented as the curren…
       |                  ^
    611|     expect(text).toMatch(/2011/);
    612|     expect(text).not.toMatch(/current price is 40 EUR with no date/i);

⎯⎯⎯⎯⎯⎯⎯⎯⎯⎯⎯⎯⎯⎯⎯⎯⎯⎯⎯⎯⎯⎯[48/62]⎯

 FAIL  test/p3-remaining.integration.test.ts > remaining launch-scope IDs > R21 labels a German original as a translation
TypeError: .toMatch() expects to receive a string, but got undefined
 ❯ test/p3-remaining.integration.test.ts:620:44
    618|     await processRun(pool, config, created.json().runId);
    619|     const report = await getLatestReportForRun(pool, created.json().ru…
    620|     expect(JSON.stringify(report?.blocks)).toMatch(/Original language:…
       |                                            ^
    621|     expect(JSON.stringify(report?.blocks)).toMatch(/not a verbatim ori…
    622|   });

⎯⎯⎯⎯⎯⎯⎯⎯⎯⎯⎯⎯⎯⎯⎯⎯⎯⎯⎯⎯⎯⎯[49/62]⎯

 FAIL  test/p3-remaining.integration.test.ts > remaining launch-scope IDs > E03 preserves the adults-over-65 qualifier
TypeError: .toMatch() expects to receive a string, but got undefined
 ❯ test/p3-remaining.integration.test.ts:630:18
    628|     const report = await getLatestReportForRun(pool, created.json().ru…
    629|     const text = JSON.stringify(report?.blocks);
    630|     expect(text).toMatch(/adults over 65/i);
       |                  ^
    631|     expect(text).toMatch(/does not support an unqualified claim about …
    632|   });

⎯⎯⎯⎯⎯⎯⎯⎯⎯⎯⎯⎯⎯⎯⎯⎯⎯⎯⎯⎯⎯⎯[50/62]⎯

 FAIL  test/p3-remaining.integration.test.ts > remaining launch-scope IDs > E04 report uses the table's 24% rather than 42%
TypeError: .toMatch() expects to receive a string, but got undefined
 ❯ test/p3-remaining.integration.test.ts:640:18
    638|     const report = await getLatestReportForRun(pool, created.json().ru…
    639|     const text = JSON.stringify(report?.blocks);
    640|     expect(text).toMatch(/24%/);
       |                  ^
    641|     expect(text).not.toMatch(/42%/);
    642|   });

⎯⎯⎯⎯⎯⎯⎯⎯⎯⎯⎯⎯⎯⎯⎯⎯⎯⎯⎯⎯⎯⎯[51/62]⎯

 FAIL  test/p3-remaining.integration.test.ts > remaining launch-scope IDs > E10 withdraws the conclusion when the asserted 42% is unsupported by the 24% table
AssertionError: expected null to be truthy

- Expected: 
true

+ Received: 
null

 ❯ test/p3-remaining.integration.test.ts:650:20
    648|     await processRun(pool, config, created.json().runId);
    649|     const report = await getLatestReportForRun(pool, created.json().ru…
    650|     expect(report).toBeTruthy();
       |                    ^
    651|     const answer = (report!.blocks as { id: string; text: string; kind…
    652|     expect(answer?.text).toMatch(/withdrawn|removed an unsupported cla…

⎯⎯⎯⎯⎯⎯⎯⎯⎯⎯⎯⎯⎯⎯⎯⎯⎯⎯⎯⎯⎯⎯[52/62]⎯

 FAIL  test/p3-remaining.integration.test.ts > remaining launch-scope IDs > J10 a tight budget still publishes a written report
AssertionError: expected null to be truthy

- Expected: 
true

+ Received: 
null

 ❯ test/p3-remaining.integration.test.ts:678:20
    676|     await processRun(pool, config, runId);
    677|     const report = await getLatestReportForRun(pool, runId, accountId);
    678|     expect(report).toBeTruthy();
       |                    ^
    679|     const run = await getRun(pool, runId);
    680|     expect(run?.terminal_outcome).not.toBe("failed");

⎯⎯⎯⎯⎯⎯⎯⎯⎯⎯⎯⎯⎯⎯⎯⎯⎯⎯⎯⎯⎯⎯[53/62]⎯

 FAIL  test/p3-remaining.integration.test.ts > remaining launch-scope IDs > J11 reports that app counters are not provider-internal guarantees
TypeError: .toMatch() expects to receive a string, but got undefined
 ❯ test/p3-remaining.integration.test.ts:689:49
    687|     await processRun(pool, config, created.json().runId);
    688|     const report = await getLatestReportForRun(pool, created.json().ru…
    689|     expect(JSON.stringify(report?.limitations)).toMatch(/opaque provid…
       |                                                 ^
    690|   });
    691| 

⎯⎯⎯⎯⎯⎯⎯⎯⎯⎯⎯⎯⎯⎯⎯⎯⎯⎯⎯⎯⎯⎯[54/62]⎯

 FAIL  test/p3-remaining.integration.test.ts > remaining launch-scope IDs > J14 duplicate completion epochs share one outbox row and omit query text
AssertionError: expected +0 to be 1 // Object.is equality

- Expected
+ Received

- 1
+ 0

 ❯ test/p3-remaining.integration.test.ts:723:31
    721|     await recordFanout(pool, { runId, completionEpoch, bindingEpoch: 2…
    722|     const outbox = await pool.query(`SELECT count(*)::int AS n FROM co…
    723|     expect(outbox.rows[0]!.n).toBe(1);
       |                               ^
    724|     const fan = await pool.query<{ n: number }>(`SELECT count(*)::int …
    725|     expect(Number(fan.rows[0]!.n)).toBeGreaterThanOrEqual(2);

⎯⎯⎯⎯⎯⎯⎯⎯⎯⎯⎯⎯⎯⎯⎯⎯⎯⎯⎯⎯⎯⎯[55/62]⎯

 FAIL  test/p3-remaining.integration.test.ts > remaining launch-scope IDs > library lists report_id for a completed run so share can resolve
AssertionError: expected null to be truthy

- Expected: 
true

+ Received: 
null

 ❯ test/p3-remaining.integration.test.ts:865:29
    863|     expect(lib.statusCode).toBe(200);
    864|     const item = lib.json().items.find((it: { id: string }) => it.id =…
    865|     expect(item?.report_id).toBeTruthy();
       |                             ^
    866|     const exp = await app.inject({
    867|       method: "GET",

⎯⎯⎯⎯⎯⎯⎯⎯⎯⎯⎯⎯⎯⎯⎯⎯⎯⎯⎯⎯⎯⎯[56/62]⎯

 FAIL  test/p3-remaining.integration.test.ts > remaining launch-scope IDs > clarification continue records geography and resumes
AssertionError: expected null to be truthy

- Expected: 
true

+ Received: 
null

 ❯ test/p3-remaining.integration.test.ts:960:20
    958|     expect(events.filter((e) => e.type === "clarify")).toHaveLength(1);
    959|     const report = await getLatestReportForRun(pool, runId, accountId);
    960|     expect(report).toBeTruthy();
       |                    ^
    961|     expect(JSON.stringify(report?.blocks)).toMatch(/germany/i);
    962|   });

⎯⎯⎯⎯⎯⎯⎯⎯⎯⎯⎯⎯⎯⎯⎯⎯⎯⎯⎯⎯⎯⎯[57/62]⎯

 FAIL  test/p3-remaining.integration.test.ts > remaining launch-scope IDs > R02 continue with France records France and does not invent Germany
TypeError: .toMatch() expects to receive a string, but got undefined
 ❯ test/p3-remaining.integration.test.ts:985:44
    983|     expect(JSON.stringify(snap.json().brief.constraints)).not.toMatch(…
    984|     const report = await getLatestReportForRun(pool, runId, accountId);
    985|     expect(JSON.stringify(report?.blocks)).toMatch(/geography=france/i…
       |                                            ^
    986|   });
    987| 

⎯⎯⎯⎯⎯⎯⎯⎯⎯⎯⎯⎯⎯⎯⎯⎯⎯⎯⎯⎯⎯⎯[58/62]⎯

 FAIL  test/p3-remaining.integration.test.ts > remaining launch-scope IDs > R02 after France continue discovery uses France evidence not the Germany default note
TypeError: .toMatch() expects to receive a string, but got undefined
 ❯ test/p3-remaining.integration.test.ts:1003:18
    1001|     const report = await getLatestReportForRun(pool, runId, accountId);
    1002|     const text = JSON.stringify(report?.blocks);
    1003|     expect(text).toMatch(/France|french/i);
       |                  ^
    1004|     expect(text).not.toMatch(/50 EUR Germany constraint/i);
    1005|     expect(text).not.toMatch(/Option A meets a 50 EUR/i);

⎯⎯⎯⎯⎯⎯⎯⎯⎯⎯⎯⎯⎯⎯⎯⎯⎯⎯⎯⎯⎯⎯[59/62]⎯

 FAIL  test/p4-recovery.integration.test.ts > P4 recovery drill against shipped worker/Postgres > crash after fetch: evidence kept, live lease not stolen, expired lease recovered without double-settle
AssertionError: expected null to be truthy

- Expected: 
true

+ Received: 
null

 ❯ test/p4-recovery.integration.test.ts:110:20
    108|     expect(done?.lifecycle).toBe("terminal");
    109|     const report = await getLatestReportForRun(pool, runId, accountId);
    110|     expect(report).toBeTruthy();
       |                    ^
    111|     const after = await loadEvidence(pool, runId);
    112|     expect(after.sources.length).toBeGreaterThanOrEqual(mid.sources.le…

⎯⎯⎯⎯⎯⎯⎯⎯⎯⎯⎯⎯⎯⎯⎯⎯⎯⎯⎯⎯⎯⎯[60/62]⎯

 FAIL  test/p4-recovery.integration.test.ts > P4 recovery drill against shipped worker/Postgres > crash before publish then expired-lease failover: one report and one settlement
AssertionError: expected null to be truthy

- Expected: 
true

+ Received: 
null

 ❯ test/p4-recovery.integration.test.ts:138:65
    136|     const done = await getRun(pool, runId);
    137|     expect(done?.lifecycle).toBe("terminal");
    138|     expect(await getLatestReportForRun(pool, runId, accountId)).toBeTr…
       |                                                                 ^
    139|     const endRes = await reservationCounts(runId);
    140|     expect(endRes.n).toBe(1);

⎯⎯⎯⎯⎯⎯⎯⎯⎯⎯⎯⎯⎯⎯⎯⎯⎯⎯⎯⎯⎯⎯[61/62]⎯

 FAIL  test/v6-publication.integration.test.ts > W01 V6-F01 production publication, persisted PostgreSQL evidence > CONTROL-paraphrase
AssertionError: expected false to be true // Object.is equality

- Expected
+ Received

- true
+ false

 ❯ test/v6-publication.integration.test.ts:57:31
     55|         passages: [{ id: passageId, sourceId, sourceVersionId: id === …
     56|           exactText: id === "forged-text" ? assertion : evidence, loca…
     57|       expect(result.accepted).toBe(accepted);
       |                               ^
     58|       const saved = await db.query("SELECT id FROM reports WHERE run_i…
     59|       expect(saved.rowCount).toBe(accepted ? 1 : 0);
 ❯ withTx src/platform/db.ts:33:20
 ❯ test/v6-publication.integration.test.ts:32:5

⎯⎯⎯⎯⎯⎯⎯⎯⎯⎯⎯⎯⎯⎯⎯⎯⎯⎯⎯⎯⎯⎯[62/62]⎯


 Test Files  8 failed | 1 passed (9)
      Tests  62 failed | 56 passed (118)
   Start at  08:16:29
   Duration  47.50s (transform 668ms, setup 0ms, collect 2.41s, tests 43.34s, environment 2ms, prepare 642ms)

/home/oranolio/Desktop/Deep/apps/backend:
 ERR_PNPM_RECURSIVE_RUN_FIRST_FAIL  @deep/backend@0.1.0 test:integration: `vitest run --config vitest.integration.config.ts -- test/v6-publication.integration.test.ts`
Exit status 1
