
> deep-research-mobile@0.1.0 test:integration /home/oranolio/Desktop/Deep
> pnpm --filter @deep/backend test:integration


> @deep/backend@0.1.0 test:integration /home/oranolio/Desktop/Deep/apps/backend
> vitest run --config vitest.integration.config.ts


 RUN  v3.2.7 /home/oranolio/Desktop/Deep/apps/backend

{"level":"info","event":"action","runId":"a425f30d-ff55-4496-815f-a133452ab627","type":"search","rationale":"Investigate an uncovered required question","step":0,"t":"2026-09-17T21:20:10.395Z"}
{"level":"info","event":"action","runId":"a425f30d-ff55-4496-815f-a133452ab627","type":"fetch","rationale":"Inspect an already-known source before another generic query","step":1,"t":"2026-09-17T21:20:10.440Z"}
{"level":"info","event":"action","runId":"a425f30d-ff55-4496-815f-a133452ab627","type":"fetch","rationale":"Inspect an already-known source before another generic query","step":2,"t":"2026-09-17T21:20:10.462Z"}
{"level":"info","event":"action","runId":"a425f30d-ff55-4496-815f-a133452ab627","type":"fetch","rationale":"Inspect an already-known source before another generic query","step":3,"t":"2026-09-17T21:20:10.492Z"}
{"level":"info","event":"action","runId":"a425f30d-ff55-4496-815f-a133452ab627","type":"challenge","rationale":"Disconfirm material conclusion: A primary source that directly contradicts this conclusion.","step":4,"t":"2026-09-17T21:20:10.521Z"}
{"level":"info","event":"action","runId":"a425f30d-ff55-4496-815f-a133452ab627","type":"challenge","rationale":"No counterexample found in accessed primary sources. This is not proof that the conclusion is true.","step":5,"t":"2026-09-17T21:20:10.548Z"}
{"level":"info","event":"action","runId":"a425f30d-ff55-4496-815f-a133452ab627","type":"synthesize","rationale":"decision_critical_gaps_resolved_or_unresolvable; high-impact claims supported or qualified; contradictions handled; remaining actions low expected value","step":6,"t":"2026-09-17T21:20:10.570Z"}
{"level":"info","event":"action","runId":"657c7950-94be-4c9f-b35f-2b3fd6bdb2df","type":"search","rationale":"Investigate an uncovered required question","step":0,"t":"2026-09-17T21:20:11.213Z"}
{"level":"info","event":"action","runId":"657c7950-94be-4c9f-b35f-2b3fd6bdb2df","type":"fetch","rationale":"Inspect an already-known source before another generic query","step":1,"t":"2026-09-17T21:20:11.250Z"}
{"level":"info","event":"action","runId":"657c7950-94be-4c9f-b35f-2b3fd6bdb2df","type":"fetch","rationale":"Inspect an already-known source before another generic query","step":2,"t":"2026-09-17T21:20:11.282Z"}
{"level":"info","event":"action","runId":"657c7950-94be-4c9f-b35f-2b3fd6bdb2df","type":"challenge","rationale":"Disconfirm material conclusion: A primary source that directly contradicts this conclusion.","step":3,"t":"2026-09-17T21:20:11.305Z"}
{"level":"info","event":"action","runId":"657c7950-94be-4c9f-b35f-2b3fd6bdb2df","type":"challenge","rationale":"No counterexample found in accessed primary sources. This is not proof that the conclusion is true.","step":4,"t":"2026-09-17T21:20:11.345Z"}
{"level":"info","event":"action","runId":"657c7950-94be-4c9f-b35f-2b3fd6bdb2df","type":"synthesize","rationale":"decision_critical_gaps_resolved_or_unresolvable; high-impact claims supported or qualified; contradictions handled; remaining actions low expected value","step":5,"t":"2026-09-17T21:20:11.368Z"}
{"level":"info","event":"action","runId":"738dbc70-cd14-4984-a4b3-e0dc42d798e0","type":"search","rationale":"Investigate an uncovered required question","step":0,"t":"2026-09-17T21:20:12.048Z"}
{"level":"info","event":"action","runId":"738dbc70-cd14-4984-a4b3-e0dc42d798e0","type":"fetch","rationale":"Inspect an already-known source before another generic query","step":1,"t":"2026-09-17T21:20:12.096Z"}
{"level":"info","event":"action","runId":"738dbc70-cd14-4984-a4b3-e0dc42d798e0","type":"fetch","rationale":"Inspect an already-known source before another generic query","step":2,"t":"2026-09-17T21:20:12.134Z"}
{"level":"info","event":"action","runId":"738dbc70-cd14-4984-a4b3-e0dc42d798e0","type":"fetch","rationale":"Inspect an already-known source before another generic query","step":3,"t":"2026-09-17T21:20:12.175Z"}
{"level":"info","event":"action","runId":"738dbc70-cd14-4984-a4b3-e0dc42d798e0","type":"challenge","rationale":"Disconfirm material conclusion: A primary source that directly contradicts this conclusion.","step":4,"t":"2026-09-17T21:20:12.207Z"}
{"level":"info","event":"action","runId":"738dbc70-cd14-4984-a4b3-e0dc42d798e0","type":"challenge","rationale":"No counterexample found in accessed primary sources. This is not proof that the conclusion is true.","step":5,"t":"2026-09-17T21:20:12.236Z"}
{"level":"info","event":"action","runId":"738dbc70-cd14-4984-a4b3-e0dc42d798e0","type":"synthesize","rationale":"decision_critical_gaps_resolved_or_unresolvable; high-impact claims supported or qualified; contradictions handled; remaining actions low expected value","step":6,"t":"2026-09-17T21:20:12.270Z"}
{"level":"info","event":"action","runId":"d9f99772-dd7d-4316-bff9-bdafeb0afefc","type":"search","rationale":"Investigate an uncovered required question","step":0,"t":"2026-09-17T21:20:13.157Z"}
{"level":"info","event":"action","runId":"d9f99772-dd7d-4316-bff9-bdafeb0afefc","type":"fetch","rationale":"Inspect an already-known source before another generic query","step":1,"t":"2026-09-17T21:20:13.197Z"}
{"level":"info","event":"action","runId":"d9f99772-dd7d-4316-bff9-bdafeb0afefc","type":"fetch","rationale":"Inspect an already-known source before another generic query","step":2,"t":"2026-09-17T21:20:13.226Z"}
{"level":"info","event":"action","runId":"d9f99772-dd7d-4316-bff9-bdafeb0afefc","type":"challenge","rationale":"Disconfirm material conclusion: A primary source that directly contradicts this conclusion.","step":3,"t":"2026-09-17T21:20:13.262Z"}
{"level":"info","event":"action","runId":"d9f99772-dd7d-4316-bff9-bdafeb0afefc","type":"challenge","rationale":"No counterexample found in accessed primary sources. This is not proof that the conclusion is true.","step":4,"t":"2026-09-17T21:20:13.292Z"}
{"level":"info","event":"action","runId":"d9f99772-dd7d-4316-bff9-bdafeb0afefc","type":"synthesize","rationale":"decision_critical_gaps_resolved_or_unresolvable; high-impact claims supported or qualified; contradictions handled; remaining actions low expected value","step":5,"t":"2026-09-17T21:20:13.316Z"}
{"level":"info","event":"action","runId":"3c01d432-7945-461a-8b49-0c912c2a8dca","type":"search","rationale":"Investigate an uncovered required question","step":0,"t":"2026-09-17T21:20:14.100Z"}
{"level":"info","event":"action","runId":"3c01d432-7945-461a-8b49-0c912c2a8dca","type":"fetch","rationale":"Inspect an already-known source before another generic query","step":1,"t":"2026-09-17T21:20:14.146Z"}
{"level":"info","event":"action","runId":"3c01d432-7945-461a-8b49-0c912c2a8dca","type":"challenge","rationale":"Disconfirm material conclusion: A primary source that directly contradicts this conclusion.","step":2,"t":"2026-09-17T21:20:14.181Z"}
{"level":"info","event":"action","runId":"3c01d432-7945-461a-8b49-0c912c2a8dca","type":"challenge","rationale":"No counterexample found in accessed primary sources. This is not proof that the conclusion is true.","step":3,"t":"2026-09-17T21:20:14.227Z"}
{"level":"info","event":"action","runId":"3c01d432-7945-461a-8b49-0c912c2a8dca","type":"synthesize","rationale":"decision_critical_gaps_resolved_or_unresolvable; high-impact claims supported or qualified; contradictions handled; remaining actions low expected value","step":4,"t":"2026-09-17T21:20:14.259Z"}
{"level":"info","event":"action","runId":"2cbfea4a-ce73-4c10-b211-ca87b536c687","type":"search","rationale":"Investigate an uncovered required question","step":0,"t":"2026-09-17T21:20:15.103Z"}
{"level":"info","event":"action","runId":"2cbfea4a-ce73-4c10-b211-ca87b536c687","type":"fetch","rationale":"Inspect an already-known source before another generic query","step":1,"t":"2026-09-17T21:20:15.169Z"}
{"level":"info","event":"action","runId":"2cbfea4a-ce73-4c10-b211-ca87b536c687","type":"fetch","rationale":"Inspect an already-known source before another generic query","step":2,"t":"2026-09-17T21:20:15.210Z"}
{"level":"info","event":"action","runId":"2cbfea4a-ce73-4c10-b211-ca87b536c687","type":"fetch","rationale":"Inspect an already-known source before another generic query","step":3,"t":"2026-09-17T21:20:15.250Z"}
{"level":"info","event":"action","runId":"2cbfea4a-ce73-4c10-b211-ca87b536c687","type":"challenge","rationale":"Disconfirm material conclusion: A primary source that directly contradicts this conclusion.","step":4,"t":"2026-09-17T21:20:15.298Z"}
{"level":"info","event":"action","runId":"2cbfea4a-ce73-4c10-b211-ca87b536c687","type":"challenge","rationale":"No counterexample found in accessed primary sources. This is not proof that the conclusion is true.","step":5,"t":"2026-09-17T21:20:15.334Z"}
{"level":"info","event":"action","runId":"2cbfea4a-ce73-4c10-b211-ca87b536c687","type":"synthesize","rationale":"decision_critical_gaps_resolved_or_unresolvable; high-impact claims supported or qualified; contradictions handled; remaining actions low expected value","step":6,"t":"2026-09-17T21:20:15.360Z"}
{"level":"info","event":"action","runId":"16f7e530-ce5e-4f0c-98af-11fcf6b6afda","type":"search","rationale":"Investigate an uncovered required question","step":0,"t":"2026-09-17T21:20:16.293Z"}
{"level":"info","event":"action","runId":"16f7e530-ce5e-4f0c-98af-11fcf6b6afda","type":"fetch","rationale":"Inspect an already-known source before another generic query","step":1,"t":"2026-09-17T21:20:16.355Z"}
{"level":"info","event":"action","runId":"16f7e530-ce5e-4f0c-98af-11fcf6b6afda","type":"fetch","rationale":"Inspect an already-known source before another generic query","step":2,"t":"2026-09-17T21:20:16.405Z"}
{"level":"info","event":"action","runId":"16f7e530-ce5e-4f0c-98af-11fcf6b6afda","type":"fetch","rationale":"Inspect an already-known source before another generic query","step":3,"t":"2026-09-17T21:20:16.454Z"}
{"level":"info","event":"action","runId":"16f7e530-ce5e-4f0c-98af-11fcf6b6afda","type":"fetch","rationale":"Inspect an already-known source before another generic query","step":4,"t":"2026-09-17T21:20:16.495Z"}
{"level":"info","event":"action","runId":"16f7e530-ce5e-4f0c-98af-11fcf6b6afda","type":"fetch","rationale":"Inspect an already-known source before another generic query","step":5,"t":"2026-09-17T21:20:16.532Z"}
{"level":"info","event":"action","runId":"16f7e530-ce5e-4f0c-98af-11fcf6b6afda","type":"challenge","rationale":"Disconfirm material conclusion: A primary source that directly contradicts this conclusion.","step":6,"t":"2026-09-17T21:20:16.574Z"}
{"level":"info","event":"action","runId":"16f7e530-ce5e-4f0c-98af-11fcf6b6afda","type":"challenge","rationale":"No counterexample found in accessed primary sources. This is not proof that the conclusion is true.","step":7,"t":"2026-09-17T21:20:16.626Z"}
{"level":"info","event":"action","runId":"16f7e530-ce5e-4f0c-98af-11fcf6b6afda","type":"synthesize","rationale":"decision_critical_gaps_resolved_or_unresolvable; high-impact claims supported or qualified; contradictions handled; remaining actions low expected value","step":8,"t":"2026-09-17T21:20:16.649Z"}
{"level":"info","event":"action","runId":"dd0e7697-afa9-44b3-a4b9-b6e5a2e5ef9b","type":"challenge","rationale":"Disconfirm material conclusion: A primary source that directly contradicts this conclusion.","step":0,"t":"2026-09-17T21:20:17.630Z"}
{"level":"info","event":"action","runId":"dd0e7697-afa9-44b3-a4b9-b6e5a2e5ef9b","type":"fetch","rationale":"Inspect an already-known source before another generic query","step":1,"t":"2026-09-17T21:20:17.689Z"}
{"level":"info","event":"action","runId":"dd0e7697-afa9-44b3-a4b9-b6e5a2e5ef9b","type":"fetch","rationale":"Inspect an already-known source before another generic query","step":2,"t":"2026-09-17T21:20:17.729Z"}
{"level":"info","event":"action","runId":"dd0e7697-afa9-44b3-a4b9-b6e5a2e5ef9b","type":"fetch","rationale":"Inspect an already-known source before another generic query","step":3,"t":"2026-09-17T21:20:17.771Z"}
{"level":"info","event":"action","runId":"dd0e7697-afa9-44b3-a4b9-b6e5a2e5ef9b","type":"challenge","rationale":"No counterexample found in accessed primary sources. This is not proof that the conclusion is true.","step":4,"t":"2026-09-17T21:20:17.814Z"}
{"level":"info","event":"action","runId":"dd0e7697-afa9-44b3-a4b9-b6e5a2e5ef9b","type":"synthesize","rationale":"decision_critical_gaps_resolved_or_unresolvable; high-impact claims supported or qualified; contradictions handled; remaining actions low expected value","step":5,"t":"2026-09-17T21:20:17.841Z"}
{"level":"info","event":"action","runId":"ce2ed9a2-3440-4cb6-bdae-1fae2c92ded7","type":"search","rationale":"Investigate an uncovered required question","step":0,"t":"2026-09-17T21:20:18.772Z"}
{"level":"info","event":"action","runId":"ce2ed9a2-3440-4cb6-bdae-1fae2c92ded7","type":"fetch","rationale":"Inspect an already-known source before another generic query","step":1,"t":"2026-09-17T21:20:18.814Z"}
{"level":"info","event":"action","runId":"ce2ed9a2-3440-4cb6-bdae-1fae2c92ded7","type":"fetch","rationale":"Inspect an already-known source before another generic query","step":2,"t":"2026-09-17T21:20:18.850Z"}
{"level":"info","event":"action","runId":"ce2ed9a2-3440-4cb6-bdae-1fae2c92ded7","type":"fetch","rationale":"Inspect an already-known source before another generic query","step":3,"t":"2026-09-17T21:20:18.881Z"}
{"level":"info","event":"action","runId":"ce2ed9a2-3440-4cb6-bdae-1fae2c92ded7","type":"challenge","rationale":"Disconfirm material conclusion: A hard-constraint violation for a candidate currently marked eligible.","step":4,"t":"2026-09-17T21:20:18.927Z"}
{"level":"info","event":"action","runId":"ce2ed9a2-3440-4cb6-bdae-1fae2c92ded7","type":"challenge","rationale":"No counterexample found in accessed primary sources. This is not proof that the conclusion is true.","step":5,"t":"2026-09-17T21:20:18.964Z"}
{"level":"info","event":"action","runId":"ce2ed9a2-3440-4cb6-bdae-1fae2c92ded7","type":"synthesize","rationale":"decision_critical_gaps_resolved_or_unresolvable; high-impact claims supported or qualified; contradictions handled; remaining actions low expected value","step":6,"t":"2026-09-17T21:20:18.998Z"}
{"level":"info","event":"action","runId":"dbc9cd18-9acc-4c92-8180-335583275d4a","type":"search","rationale":"Investigate an uncovered required question","step":0,"t":"2026-09-17T21:20:19.710Z"}
{"level":"info","event":"action","runId":"dbc9cd18-9acc-4c92-8180-335583275d4a","type":"fetch","rationale":"Inspect an already-known source before another generic query","step":1,"t":"2026-09-17T21:20:19.741Z"}
{"level":"info","event":"action","runId":"dbc9cd18-9acc-4c92-8180-335583275d4a","type":"fetch","rationale":"Inspect an already-known source before another generic query","step":2,"t":"2026-09-17T21:20:19.773Z"}
{"level":"info","event":"action","runId":"dbc9cd18-9acc-4c92-8180-335583275d4a","type":"fetch","rationale":"Inspect an already-known source before another generic query","step":3,"t":"2026-09-17T21:20:19.805Z"}
{"level":"info","event":"action","runId":"dbc9cd18-9acc-4c92-8180-335583275d4a","type":"challenge","rationale":"Disconfirm material conclusion: A hard-constraint violation for a candidate currently marked eligible.","step":4,"t":"2026-09-17T21:20:19.847Z"}
{"level":"info","event":"action","runId":"dbc9cd18-9acc-4c92-8180-335583275d4a","type":"challenge","rationale":"No counterexample found in accessed primary sources. This is not proof that the conclusion is true.","step":5,"t":"2026-09-17T21:20:19.938Z"}
{"level":"info","event":"action","runId":"dbc9cd18-9acc-4c92-8180-335583275d4a","type":"synthesize","rationale":"decision_critical_gaps_resolved_or_unresolvable; high-impact claims supported or qualified; contradictions handled; remaining actions low expected value","step":6,"t":"2026-09-17T21:20:19.964Z"}
{"level":"info","event":"action","runId":"1cf65ae4-e401-47b8-a693-7a2bcf87430f","type":"search","rationale":"Investigate an uncovered required question","step":0,"t":"2026-09-17T21:20:20.443Z"}
{"level":"info","event":"action","runId":"1cf65ae4-e401-47b8-a693-7a2bcf87430f","type":"fetch","rationale":"Inspect an already-known source before another generic query","step":1,"t":"2026-09-17T21:20:20.493Z"}
{"level":"info","event":"action","runId":"1cf65ae4-e401-47b8-a693-7a2bcf87430f","type":"fetch","rationale":"Inspect an already-known source before another generic query","step":2,"t":"2026-09-17T21:20:20.544Z"}
{"level":"info","event":"action","runId":"1cf65ae4-e401-47b8-a693-7a2bcf87430f","type":"fetch","rationale":"Inspect an already-known source before another generic query","step":3,"t":"2026-09-17T21:20:20.588Z"}
{"level":"info","event":"action","runId":"1cf65ae4-e401-47b8-a693-7a2bcf87430f","type":"challenge","rationale":"Disconfirm material conclusion: A hard-constraint violation for a candidate currently marked eligible.","step":4,"t":"2026-09-17T21:20:20.628Z"}
{"level":"info","event":"action","runId":"1cf65ae4-e401-47b8-a693-7a2bcf87430f","type":"challenge","rationale":"Disconfirm material conclusion: A hard-constraint violation for a candidate currently marked eligible.","step":5,"t":"2026-09-17T21:20:20.657Z"}
{"level":"info","event":"action","runId":"1cf65ae4-e401-47b8-a693-7a2bcf87430f","type":"challenge","rationale":"Disconfirm material conclusion: A hard-constraint violation for a candidate currently marked eligible.","step":6,"t":"2026-09-17T21:20:20.697Z"}
{"level":"info","event":"action","runId":"1cf65ae4-e401-47b8-a693-7a2bcf87430f","type":"challenge","rationale":"Disconfirm material conclusion: A hard-constraint violation for a candidate currently marked eligible.","step":7,"t":"2026-09-17T21:20:20.730Z"}
{"level":"info","event":"action","runId":"1cf65ae4-e401-47b8-a693-7a2bcf87430f","type":"challenge","rationale":"Disconfirm material conclusion: A hard-constraint violation for a candidate currently marked eligible.","step":8,"t":"2026-09-17T21:20:20.764Z"}
{"level":"info","event":"action","runId":"1cf65ae4-e401-47b8-a693-7a2bcf87430f","type":"challenge","rationale":"Disconfirm material conclusion: A hard-constraint violation for a candidate currently marked eligible.","step":9,"t":"2026-09-17T21:20:20.798Z"}
{"level":"info","event":"action","runId":"1cf65ae4-e401-47b8-a693-7a2bcf87430f","type":"challenge","rationale":"Disconfirm material conclusion: A hard-constraint violation for a candidate currently marked eligible.","step":10,"t":"2026-09-17T21:20:20.856Z"}
{"level":"info","event":"action","runId":"1cf65ae4-e401-47b8-a693-7a2bcf87430f","type":"challenge","rationale":"No counterexample found in accessed primary sources. This is not proof that the conclusion is true.","step":11,"t":"2026-09-17T21:20:20.894Z"}
{"level":"info","event":"action","runId":"1cf65ae4-e401-47b8-a693-7a2bcf87430f","type":"stop","rationale":"Repeated searches returned no novel source family or coverage progress","step":12,"t":"2026-09-17T21:20:20.931Z"}
{"level":"info","event":"action","runId":"4dbccbcd-79d8-4729-81d7-f6d45d391a47","type":"search","rationale":"Investigate an uncovered required question","step":0,"t":"2026-09-17T21:20:21.762Z"}
{"level":"info","event":"action","runId":"4dbccbcd-79d8-4729-81d7-f6d45d391a47","type":"fetch","rationale":"Inspect an already-known source before another generic query","step":1,"t":"2026-09-17T21:20:21.805Z"}
{"level":"info","event":"action","runId":"4dbccbcd-79d8-4729-81d7-f6d45d391a47","type":"fetch","rationale":"Inspect an already-known source before another generic query","step":2,"t":"2026-09-17T21:20:21.845Z"}
{"level":"info","event":"action","runId":"4dbccbcd-79d8-4729-81d7-f6d45d391a47","type":"fetch","rationale":"Inspect an already-known source before another generic query","step":3,"t":"2026-09-17T21:20:21.879Z"}
{"level":"info","event":"action","runId":"4dbccbcd-79d8-4729-81d7-f6d45d391a47","type":"challenge","rationale":"Disconfirm material conclusion: A hard-constraint violation for a candidate currently marked eligible.","step":4,"t":"2026-09-17T21:20:21.929Z"}
{"level":"info","event":"action","runId":"4dbccbcd-79d8-4729-81d7-f6d45d391a47","type":"challenge","rationale":"No counterexample found in accessed primary sources. This is not proof that the conclusion is true.","step":5,"t":"2026-09-17T21:20:21.972Z"}
{"level":"info","event":"action","runId":"4dbccbcd-79d8-4729-81d7-f6d45d391a47","type":"synthesize","rationale":"decision_critical_gaps_resolved_or_unresolvable; high-impact claims supported or qualified; contradictions handled; remaining actions low expected value","step":6,"t":"2026-09-17T21:20:22.002Z"}
{"level":"info","event":"action","runId":"4aa94c53-effa-4b5c-b726-518871d58908","type":"search","rationale":"Investigate an uncovered required question","step":0,"t":"2026-09-17T21:20:22.454Z"}
{"level":"info","event":"action","runId":"4aa94c53-effa-4b5c-b726-518871d58908","type":"fetch","rationale":"Inspect an already-known source before another generic query","step":1,"t":"2026-09-17T21:20:22.506Z"}
{"level":"info","event":"action","runId":"4aa94c53-effa-4b5c-b726-518871d58908","type":"fetch","rationale":"Inspect an already-known source before another generic query","step":2,"t":"2026-09-17T21:20:22.543Z"}
{"level":"info","event":"action","runId":"4aa94c53-effa-4b5c-b726-518871d58908","type":"fetch","rationale":"Inspect an already-known source before another generic query","step":3,"t":"2026-09-17T21:20:22.567Z"}
{"level":"info","event":"action","runId":"4aa94c53-effa-4b5c-b726-518871d58908","type":"challenge","rationale":"Disconfirm material conclusion: A hard-constraint violation for a candidate currently marked eligible.","step":4,"t":"2026-09-17T21:20:22.590Z"}
{"level":"info","event":"action","runId":"4aa94c53-effa-4b5c-b726-518871d58908","type":"challenge","rationale":"Disconfirm material conclusion: A hard-constraint violation for a candidate currently marked eligible.","step":5,"t":"2026-09-17T21:20:22.614Z"}
{"level":"info","event":"action","runId":"4aa94c53-effa-4b5c-b726-518871d58908","type":"challenge","rationale":"Disconfirm material conclusion: A hard-constraint violation for a candidate currently marked eligible.","step":6,"t":"2026-09-17T21:20:22.646Z"}
{"level":"info","event":"action","runId":"4aa94c53-effa-4b5c-b726-518871d58908","type":"challenge","rationale":"Disconfirm material conclusion: A hard-constraint violation for a candidate currently marked eligible.","step":7,"t":"2026-09-17T21:20:22.672Z"}
{"level":"info","event":"action","runId":"4aa94c53-effa-4b5c-b726-518871d58908","type":"challenge","rationale":"Disconfirm material conclusion: A hard-constraint violation for a candidate currently marked eligible.","step":8,"t":"2026-09-17T21:20:22.699Z"}
{"level":"info","event":"action","runId":"4aa94c53-effa-4b5c-b726-518871d58908","type":"challenge","rationale":"Disconfirm material conclusion: A hard-constraint violation for a candidate currently marked eligible.","step":9,"t":"2026-09-17T21:20:22.745Z"}
{"level":"info","event":"action","runId":"4aa94c53-effa-4b5c-b726-518871d58908","type":"challenge","rationale":"Disconfirm material conclusion: A hard-constraint violation for a candidate currently marked eligible.","step":10,"t":"2026-09-17T21:20:22.780Z"}
{"level":"info","event":"action","runId":"4aa94c53-effa-4b5c-b726-518871d58908","type":"challenge","rationale":"No counterexample found in accessed primary sources. This is not proof that the conclusion is true.","step":11,"t":"2026-09-17T21:20:22.812Z"}
{"level":"info","event":"action","runId":"4aa94c53-effa-4b5c-b726-518871d58908","type":"stop","rationale":"Repeated searches returned no novel source family or coverage progress","step":12,"t":"2026-09-17T21:20:22.857Z"}
{"level":"info","event":"action","runId":"cf844de7-464f-444a-843a-392aef9a2e28","type":"challenge","rationale":"Disconfirm material conclusion: A primary source that directly contradicts this conclusion.","step":0,"t":"2026-09-17T21:20:23.848Z"}
{"level":"info","event":"action","runId":"cf844de7-464f-444a-843a-392aef9a2e28","type":"fetch","rationale":"Inspect an already-known source before another generic query","step":1,"t":"2026-09-17T21:20:23.906Z"}
{"level":"info","event":"action","runId":"cf844de7-464f-444a-843a-392aef9a2e28","type":"fetch","rationale":"Inspect an already-known source before another generic query","step":2,"t":"2026-09-17T21:20:23.945Z"}
{"level":"info","event":"action","runId":"cf844de7-464f-444a-843a-392aef9a2e28","type":"fetch","rationale":"Inspect an already-known source before another generic query","step":3,"t":"2026-09-17T21:20:23.979Z"}
{"level":"info","event":"action","runId":"cf844de7-464f-444a-843a-392aef9a2e28","type":"challenge","rationale":"No counterexample found in accessed primary sources. This is not proof that the conclusion is true.","step":4,"t":"2026-09-17T21:20:24.036Z"}
{"level":"info","event":"action","runId":"cf844de7-464f-444a-843a-392aef9a2e28","type":"synthesize","rationale":"decision_critical_gaps_resolved_or_unresolvable; high-impact claims supported or qualified; contradictions handled; remaining actions low expected value","step":5,"t":"2026-09-17T21:20:24.075Z"}
{"level":"info","event":"action","runId":"18d65754-eaa5-49f5-9f4e-4e575f3e0561","type":"search","rationale":"Investigate an uncovered required question","step":0,"t":"2026-09-17T21:20:24.992Z"}
{"level":"info","event":"action","runId":"18d65754-eaa5-49f5-9f4e-4e575f3e0561","type":"fetch","rationale":"Inspect an already-known source before another generic query","step":1,"t":"2026-09-17T21:20:25.046Z"}
{"level":"info","event":"action","runId":"18d65754-eaa5-49f5-9f4e-4e575f3e0561","type":"fetch","rationale":"Inspect an already-known source before another generic query","step":2,"t":"2026-09-17T21:20:25.084Z"}
{"level":"info","event":"action","runId":"18d65754-eaa5-49f5-9f4e-4e575f3e0561","type":"fetch","rationale":"Inspect an already-known source before another generic query","step":3,"t":"2026-09-17T21:20:25.132Z"}
{"level":"info","event":"action","runId":"18d65754-eaa5-49f5-9f4e-4e575f3e0561","type":"challenge","rationale":"Disconfirm material conclusion: A primary source that directly contradicts this conclusion.","step":4,"t":"2026-09-17T21:20:25.190Z"}
{"level":"info","event":"action","runId":"18d65754-eaa5-49f5-9f4e-4e575f3e0561","type":"challenge","rationale":"No counterexample found in accessed primary sources. This is not proof that the conclusion is true.","step":5,"t":"2026-09-17T21:20:25.217Z"}
{"level":"info","event":"action","runId":"18d65754-eaa5-49f5-9f4e-4e575f3e0561","type":"synthesize","rationale":"decision_critical_gaps_resolved_or_unresolvable; high-impact claims supported or qualified; contradictions handled; remaining actions low expected value","step":6,"t":"2026-09-17T21:20:25.249Z"}
{"level":"info","event":"action","runId":"1bcb0ca9-c8ac-4308-a3bd-1489e2515190","type":"search","rationale":"Investigate an uncovered required question","step":0,"t":"2026-09-17T21:20:26.207Z"}
{"level":"info","event":"action","runId":"1bcb0ca9-c8ac-4308-a3bd-1489e2515190","type":"fetch","rationale":"Inspect an already-known source before another generic query","step":1,"t":"2026-09-17T21:20:26.276Z"}
{"level":"info","event":"action","runId":"1bcb0ca9-c8ac-4308-a3bd-1489e2515190","type":"fetch","rationale":"Inspect an already-known source before another generic query","step":2,"t":"2026-09-17T21:20:26.314Z"}
{"level":"info","event":"action","runId":"1bcb0ca9-c8ac-4308-a3bd-1489e2515190","type":"fetch","rationale":"Inspect an already-known source before another generic query","step":3,"t":"2026-09-17T21:20:26.347Z"}
{"level":"info","event":"action","runId":"1bcb0ca9-c8ac-4308-a3bd-1489e2515190","type":"fetch","rationale":"Inspect an already-known source before another generic query","step":4,"t":"2026-09-17T21:20:26.388Z"}
{"level":"info","event":"action","runId":"1bcb0ca9-c8ac-4308-a3bd-1489e2515190","type":"fetch","rationale":"Inspect an already-known source before another generic query","step":5,"t":"2026-09-17T21:20:26.425Z"}
{"level":"info","event":"action","runId":"1bcb0ca9-c8ac-4308-a3bd-1489e2515190","type":"challenge","rationale":"Disconfirm material conclusion: A primary source that directly contradicts this conclusion.","step":6,"t":"2026-09-17T21:20:26.471Z"}
{"level":"info","event":"action","runId":"1bcb0ca9-c8ac-4308-a3bd-1489e2515190","type":"challenge","rationale":"No counterexample found in accessed primary sources. This is not proof that the conclusion is true.","step":7,"t":"2026-09-17T21:20:26.507Z"}
{"level":"info","event":"action","runId":"1bcb0ca9-c8ac-4308-a3bd-1489e2515190","type":"synthesize","rationale":"decision_critical_gaps_resolved_or_unresolvable; high-impact claims supported or qualified; contradictions handled; remaining actions low expected value","step":8,"t":"2026-09-17T21:20:26.531Z"}
{"level":"info","event":"action","runId":"530a792c-d8db-40ca-b569-104b0d1d1f1d","type":"search","rationale":"Investigate an uncovered required question","step":0,"t":"2026-09-17T21:20:27.408Z"}
{"level":"info","event":"action","runId":"530a792c-d8db-40ca-b569-104b0d1d1f1d","type":"fetch","rationale":"Inspect an already-known source before another generic query","step":1,"t":"2026-09-17T21:20:27.452Z"}
{"level":"info","event":"action","runId":"530a792c-d8db-40ca-b569-104b0d1d1f1d","type":"fetch","rationale":"Inspect an already-known source before another generic query","step":2,"t":"2026-09-17T21:20:27.485Z"}
{"level":"info","event":"action","runId":"530a792c-d8db-40ca-b569-104b0d1d1f1d","type":"fetch","rationale":"Inspect an already-known source before another generic query","step":3,"t":"2026-09-17T21:20:27.511Z"}
{"level":"info","event":"action","runId":"530a792c-d8db-40ca-b569-104b0d1d1f1d","type":"challenge","rationale":"Disconfirm material conclusion: A primary source that directly contradicts this conclusion.","step":4,"t":"2026-09-17T21:20:27.550Z"}
{"level":"info","event":"action","runId":"530a792c-d8db-40ca-b569-104b0d1d1f1d","type":"challenge","rationale":"No counterexample found in accessed primary sources. This is not proof that the conclusion is true.","step":5,"t":"2026-09-17T21:20:27.580Z"}
{"level":"info","event":"action","runId":"530a792c-d8db-40ca-b569-104b0d1d1f1d","type":"synthesize","rationale":"decision_critical_gaps_resolved_or_unresolvable; high-impact claims supported or qualified; contradictions handled; remaining actions low expected value","step":6,"t":"2026-09-17T21:20:27.610Z"}
{"level":"info","event":"action","runId":"155a725c-95a4-4b45-9f48-f8c90824850a","type":"search","rationale":"Investigate an uncovered required question","step":0,"t":"2026-09-17T21:20:28.492Z"}
{"level":"info","event":"action","runId":"155a725c-95a4-4b45-9f48-f8c90824850a","type":"fetch","rationale":"Inspect an already-known source before another generic query","step":1,"t":"2026-09-17T21:20:28.545Z"}
{"level":"info","event":"action","runId":"155a725c-95a4-4b45-9f48-f8c90824850a","type":"fetch","rationale":"Inspect an already-known source before another generic query","step":2,"t":"2026-09-17T21:20:28.570Z"}
{"level":"info","event":"action","runId":"155a725c-95a4-4b45-9f48-f8c90824850a","type":"fetch","rationale":"Inspect an already-known source before another generic query","step":3,"t":"2026-09-17T21:20:28.598Z"}
{"level":"info","event":"action","runId":"155a725c-95a4-4b45-9f48-f8c90824850a","type":"fetch","rationale":"Inspect an already-known source before another generic query","step":4,"t":"2026-09-17T21:20:28.623Z"}
{"level":"info","event":"action","runId":"155a725c-95a4-4b45-9f48-f8c90824850a","type":"fetch","rationale":"Inspect an already-known source before another generic query","step":5,"t":"2026-09-17T21:20:28.647Z"}
{"level":"info","event":"action","runId":"155a725c-95a4-4b45-9f48-f8c90824850a","type":"challenge","rationale":"Disconfirm material conclusion: A primary source that directly contradicts this conclusion.","step":6,"t":"2026-09-17T21:20:28.679Z"}
{"level":"info","event":"action","runId":"155a725c-95a4-4b45-9f48-f8c90824850a","type":"challenge","rationale":"No counterexample found in accessed primary sources. This is not proof that the conclusion is true.","step":7,"t":"2026-09-17T21:20:28.715Z"}
{"level":"info","event":"action","runId":"155a725c-95a4-4b45-9f48-f8c90824850a","type":"synthesize","rationale":"decision_critical_gaps_resolved_or_unresolvable; high-impact claims supported or qualified; contradictions handled; remaining actions low expected value","step":8,"t":"2026-09-17T21:20:28.735Z"}
{"level":"info","event":"action","runId":"6650565b-f7fe-4c2a-a33f-6976138a0292","type":"search","rationale":"Investigate an uncovered required question","step":0,"t":"2026-09-17T21:20:30.021Z"}
{"level":"info","event":"action","runId":"6650565b-f7fe-4c2a-a33f-6976138a0292","type":"fetch","rationale":"Inspect an already-known source before another generic query","step":1,"t":"2026-09-17T21:20:30.062Z"}
{"level":"info","event":"action","runId":"6650565b-f7fe-4c2a-a33f-6976138a0292","type":"fetch","rationale":"Inspect an already-known source before another generic query","step":2,"t":"2026-09-17T21:20:30.103Z"}
{"level":"info","event":"action","runId":"6650565b-f7fe-4c2a-a33f-6976138a0292","type":"fetch","rationale":"Inspect an already-known source before another generic query","step":3,"t":"2026-09-17T21:20:30.128Z"}
{"level":"info","event":"action","runId":"6650565b-f7fe-4c2a-a33f-6976138a0292","type":"fetch","rationale":"Inspect an already-known source before another generic query","step":4,"t":"2026-09-17T21:20:30.157Z"}
{"level":"info","event":"action","runId":"6650565b-f7fe-4c2a-a33f-6976138a0292","type":"fetch","rationale":"Inspect an already-known source before another generic query","step":5,"t":"2026-09-17T21:20:30.195Z"}
{"level":"info","event":"action","runId":"6650565b-f7fe-4c2a-a33f-6976138a0292","type":"challenge","rationale":"Disconfirm material conclusion: A primary source that directly contradicts this conclusion.","step":6,"t":"2026-09-17T21:20:30.230Z"}
{"level":"info","event":"action","runId":"6650565b-f7fe-4c2a-a33f-6976138a0292","type":"challenge","rationale":"No counterexample found in accessed primary sources. This is not proof that the conclusion is true.","step":7,"t":"2026-09-17T21:20:30.259Z"}
{"level":"info","event":"action","runId":"6650565b-f7fe-4c2a-a33f-6976138a0292","type":"synthesize","rationale":"decision_critical_gaps_resolved_or_unresolvable; high-impact claims supported or qualified; contradictions handled; remaining actions low expected value","step":8,"t":"2026-09-17T21:20:30.277Z"}
{"level":"info","event":"action","runId":"e6c36ed0-9e7c-475a-b06c-ec3269dac584","type":"search","rationale":"Investigate an uncovered required question","step":0,"t":"2026-09-17T21:20:31.039Z"}
{"level":"info","event":"action","runId":"e6c36ed0-9e7c-475a-b06c-ec3269dac584","type":"fetch","rationale":"Inspect an already-known source before another generic query","step":1,"t":"2026-09-17T21:20:31.092Z"}
{"level":"info","event":"action","runId":"e6c36ed0-9e7c-475a-b06c-ec3269dac584","type":"fetch","rationale":"Inspect an already-known source before another generic query","step":2,"t":"2026-09-17T21:20:31.120Z"}
{"level":"info","event":"action","runId":"e6c36ed0-9e7c-475a-b06c-ec3269dac584","type":"fetch","rationale":"Inspect an already-known source before another generic query","step":3,"t":"2026-09-17T21:20:31.146Z"}
{"level":"info","event":"action","runId":"e6c36ed0-9e7c-475a-b06c-ec3269dac584","type":"fetch","rationale":"Inspect an already-known source before another generic query","step":4,"t":"2026-09-17T21:20:31.172Z"}
{"level":"info","event":"action","runId":"e6c36ed0-9e7c-475a-b06c-ec3269dac584","type":"fetch","rationale":"Inspect an already-known source before another generic query","step":5,"t":"2026-09-17T21:20:31.198Z"}
{"level":"info","event":"action","runId":"e6c36ed0-9e7c-475a-b06c-ec3269dac584","type":"challenge","rationale":"Disconfirm material conclusion: A primary source that directly contradicts this conclusion.","step":6,"t":"2026-09-17T21:20:31.228Z"}
{"level":"info","event":"action","runId":"e6c36ed0-9e7c-475a-b06c-ec3269dac584","type":"challenge","rationale":"No counterexample found in accessed primary sources. This is not proof that the conclusion is true.","step":7,"t":"2026-09-17T21:20:31.259Z"}
{"level":"info","event":"action","runId":"e6c36ed0-9e7c-475a-b06c-ec3269dac584","type":"synthesize","rationale":"decision_critical_gaps_resolved_or_unresolvable; high-impact claims supported or qualified; contradictions handled; remaining actions low expected value","step":8,"t":"2026-09-17T21:20:31.286Z"}
{"level":"info","event":"action","runId":"280f9959-5705-47a2-84a6-efd5fb77e7a9","type":"search","rationale":"Investigate an uncovered required question","step":0,"t":"2026-09-17T21:20:31.982Z"}
{"level":"info","event":"action","runId":"280f9959-5705-47a2-84a6-efd5fb77e7a9","type":"fetch","rationale":"Inspect an already-known source before another generic query","step":1,"t":"2026-09-17T21:20:32.021Z"}
{"level":"info","event":"action","runId":"280f9959-5705-47a2-84a6-efd5fb77e7a9","type":"fetch","rationale":"Inspect an already-known source before another generic query","step":2,"t":"2026-09-17T21:20:32.041Z"}
{"level":"info","event":"action","runId":"280f9959-5705-47a2-84a6-efd5fb77e7a9","type":"fetch","rationale":"Inspect an already-known source before another generic query","step":3,"t":"2026-09-17T21:20:32.061Z"}
{"level":"info","event":"action","runId":"280f9959-5705-47a2-84a6-efd5fb77e7a9","type":"fetch","rationale":"Inspect an already-known source before another generic query","step":4,"t":"2026-09-17T21:20:32.083Z"}
{"level":"info","event":"action","runId":"280f9959-5705-47a2-84a6-efd5fb77e7a9","type":"fetch","rationale":"Inspect an already-known source before another generic query","step":5,"t":"2026-09-17T21:20:32.107Z"}
{"level":"info","event":"action","runId":"280f9959-5705-47a2-84a6-efd5fb77e7a9","type":"challenge","rationale":"Disconfirm material conclusion: A primary source that directly contradicts this conclusion.","step":6,"t":"2026-09-17T21:20:32.127Z"}
{"level":"info","event":"action","runId":"280f9959-5705-47a2-84a6-efd5fb77e7a9","type":"challenge","rationale":"No counterexample found in accessed primary sources. This is not proof that the conclusion is true.","step":7,"t":"2026-09-17T21:20:32.147Z"}
{"level":"info","event":"action","runId":"280f9959-5705-47a2-84a6-efd5fb77e7a9","type":"synthesize","rationale":"decision_critical_gaps_resolved_or_unresolvable; high-impact claims supported or qualified; contradictions handled; remaining actions low expected value","step":8,"t":"2026-09-17T21:20:32.162Z"}
{"level":"info","event":"action","runId":"8ffc32f7-a5d4-48e4-bcfe-b97fb6d13a1e","type":"search","rationale":"Investigate an uncovered required question","step":0,"t":"2026-09-17T21:20:33.085Z"}
{"level":"info","event":"action","runId":"8ffc32f7-a5d4-48e4-bcfe-b97fb6d13a1e","type":"fetch","rationale":"Inspect an already-known source before another generic query","step":1,"t":"2026-09-17T21:20:33.125Z"}
{"level":"info","event":"action","runId":"8ffc32f7-a5d4-48e4-bcfe-b97fb6d13a1e","type":"fetch","rationale":"Inspect an already-known source before another generic query","step":2,"t":"2026-09-17T21:20:33.145Z"}
{"level":"info","event":"action","runId":"8ffc32f7-a5d4-48e4-bcfe-b97fb6d13a1e","type":"fetch","rationale":"Inspect an already-known source before another generic query","step":3,"t":"2026-09-17T21:20:33.163Z"}
{"level":"info","event":"action","runId":"8ffc32f7-a5d4-48e4-bcfe-b97fb6d13a1e","type":"fetch","rationale":"Inspect an already-known source before another generic query","step":4,"t":"2026-09-17T21:20:33.181Z"}
{"level":"info","event":"action","runId":"8ffc32f7-a5d4-48e4-bcfe-b97fb6d13a1e","type":"fetch","rationale":"Inspect an already-known source before another generic query","step":5,"t":"2026-09-17T21:20:33.200Z"}
{"level":"info","event":"action","runId":"8ffc32f7-a5d4-48e4-bcfe-b97fb6d13a1e","type":"challenge","rationale":"Disconfirm material conclusion: A primary source that directly contradicts this conclusion.","step":6,"t":"2026-09-17T21:20:33.223Z"}
{"level":"info","event":"action","runId":"8ffc32f7-a5d4-48e4-bcfe-b97fb6d13a1e","type":"challenge","rationale":"No counterexample found in accessed primary sources. This is not proof that the conclusion is true.","step":7,"t":"2026-09-17T21:20:33.242Z"}
{"level":"info","event":"action","runId":"8ffc32f7-a5d4-48e4-bcfe-b97fb6d13a1e","type":"synthesize","rationale":"decision_critical_gaps_resolved_or_unresolvable; high-impact claims supported or qualified; contradictions handled; remaining actions low expected value","step":8,"t":"2026-09-17T21:20:33.258Z"}
{"level":"info","event":"action","runId":"cb276364-d8b1-47f4-9c0b-fa41edb0018f","type":"search","rationale":"Investigate an uncovered required question","step":0,"t":"2026-09-17T21:20:34.661Z"}
{"level":"info","event":"action","runId":"cb276364-d8b1-47f4-9c0b-fa41edb0018f","type":"fetch","rationale":"Inspect an already-known source before another generic query","step":1,"t":"2026-09-17T21:20:34.710Z"}
{"level":"info","event":"action","runId":"cb276364-d8b1-47f4-9c0b-fa41edb0018f","type":"fetch","rationale":"Inspect an already-known source before another generic query","step":2,"t":"2026-09-17T21:20:34.739Z"}
{"level":"info","event":"action","runId":"cb276364-d8b1-47f4-9c0b-fa41edb0018f","type":"fetch","rationale":"Inspect an already-known source before another generic query","step":3,"t":"2026-09-17T21:20:34.773Z"}
{"level":"info","event":"action","runId":"cb276364-d8b1-47f4-9c0b-fa41edb0018f","type":"fetch","rationale":"Inspect an already-known source before another generic query","step":4,"t":"2026-09-17T21:20:34.802Z"}
{"level":"info","event":"action","runId":"cb276364-d8b1-47f4-9c0b-fa41edb0018f","type":"fetch","rationale":"Inspect an already-known source before another generic query","step":5,"t":"2026-09-17T21:20:34.830Z"}
{"level":"info","event":"action","runId":"cb276364-d8b1-47f4-9c0b-fa41edb0018f","type":"challenge","rationale":"Disconfirm material conclusion: A primary source that directly contradicts this conclusion.","step":6,"t":"2026-09-17T21:20:34.869Z"}
{"level":"info","event":"action","runId":"cb276364-d8b1-47f4-9c0b-fa41edb0018f","type":"challenge","rationale":"No counterexample found in accessed primary sources. This is not proof that the conclusion is true.","step":7,"t":"2026-09-17T21:20:34.904Z"}
{"level":"info","event":"action","runId":"cb276364-d8b1-47f4-9c0b-fa41edb0018f","type":"synthesize","rationale":"decision_critical_gaps_resolved_or_unresolvable; high-impact claims supported or qualified; contradictions handled; remaining actions low expected value","step":8,"t":"2026-09-17T21:20:34.933Z"}
{"level":"info","event":"action","runId":"648e4e1b-6946-4015-8d8e-62468862bb47","type":"search","rationale":"Investigate an uncovered required question","step":0,"t":"2026-09-17T21:20:35.853Z"}
{"level":"info","event":"action","runId":"648e4e1b-6946-4015-8d8e-62468862bb47","type":"fetch","rationale":"Inspect an already-known source before another generic query","step":1,"t":"2026-09-17T21:20:35.911Z"}
{"level":"info","event":"action","runId":"648e4e1b-6946-4015-8d8e-62468862bb47","type":"fetch","rationale":"Inspect an already-known source before another generic query","step":2,"t":"2026-09-17T21:20:35.952Z"}
{"level":"info","event":"action","runId":"648e4e1b-6946-4015-8d8e-62468862bb47","type":"fetch","rationale":"Inspect an already-known source before another generic query","step":3,"t":"2026-09-17T21:20:35.994Z"}
{"level":"info","event":"action","runId":"648e4e1b-6946-4015-8d8e-62468862bb47","type":"fetch","rationale":"Inspect an already-known source before another generic query","step":4,"t":"2026-09-17T21:20:36.041Z"}
{"level":"info","event":"action","runId":"648e4e1b-6946-4015-8d8e-62468862bb47","type":"fetch","rationale":"Inspect an already-known source before another generic query","step":5,"t":"2026-09-17T21:20:36.084Z"}
{"level":"info","event":"action","runId":"648e4e1b-6946-4015-8d8e-62468862bb47","type":"challenge","rationale":"Disconfirm material conclusion: A primary source that directly contradicts this conclusion.","step":6,"t":"2026-09-17T21:20:36.127Z"}
{"level":"info","event":"action","runId":"648e4e1b-6946-4015-8d8e-62468862bb47","type":"challenge","rationale":"No counterexample found in accessed primary sources. This is not proof that the conclusion is true.","step":7,"t":"2026-09-17T21:20:36.180Z"}
{"level":"info","event":"action","runId":"648e4e1b-6946-4015-8d8e-62468862bb47","type":"synthesize","rationale":"decision_critical_gaps_resolved_or_unresolvable; high-impact claims supported or qualified; contradictions handled; remaining actions low expected value","step":8,"t":"2026-09-17T21:20:36.205Z"}
{"level":"info","event":"action","runId":"ba7bb885-4bf5-4c38-9264-3b202cc181e0","type":"search","rationale":"Investigate an uncovered required question","step":0,"t":"2026-09-17T21:20:36.974Z"}
{"level":"info","event":"action","runId":"ba7bb885-4bf5-4c38-9264-3b202cc181e0","type":"fetch","rationale":"Inspect an already-known source before another generic query","step":1,"t":"2026-09-17T21:20:37.002Z"}
{"level":"info","event":"action","runId":"ba7bb885-4bf5-4c38-9264-3b202cc181e0","type":"challenge","rationale":"Disconfirm material conclusion: A primary source that directly contradicts this conclusion.","step":2,"t":"2026-09-17T21:20:37.023Z"}
{"level":"info","event":"action","runId":"ba7bb885-4bf5-4c38-9264-3b202cc181e0","type":"challenge","rationale":"No counterexample found in accessed primary sources. This is not proof that the conclusion is true.","step":3,"t":"2026-09-17T21:20:37.050Z"}
{"level":"info","event":"action","runId":"ba7bb885-4bf5-4c38-9264-3b202cc181e0","type":"synthesize","rationale":"decision_critical_gaps_resolved_or_unresolvable; high-impact claims supported or qualified; contradictions handled; remaining actions low expected value","step":4,"t":"2026-09-17T21:20:37.067Z"}
{"level":"info","event":"action","runId":"78c9c487-db17-4c81-a2f3-0fca29b312e8","type":"search","rationale":"Investigate an uncovered required question","step":0,"t":"2026-09-17T21:20:37.697Z"}
{"level":"info","event":"action","runId":"78c9c487-db17-4c81-a2f3-0fca29b312e8","type":"fetch","rationale":"Inspect an already-known source before another generic query","step":1,"t":"2026-09-17T21:20:37.732Z"}
{"level":"info","event":"action","runId":"78c9c487-db17-4c81-a2f3-0fca29b312e8","type":"fetch","rationale":"Inspect an already-known source before another generic query","step":2,"t":"2026-09-17T21:20:37.756Z"}
{"level":"info","event":"action","runId":"78c9c487-db17-4c81-a2f3-0fca29b312e8","type":"fetch","rationale":"Inspect an already-known source before another generic query","step":3,"t":"2026-09-17T21:20:37.777Z"}
{"level":"info","event":"action","runId":"78c9c487-db17-4c81-a2f3-0fca29b312e8","type":"challenge","rationale":"Disconfirm material conclusion: A primary source that directly contradicts this conclusion.","step":4,"t":"2026-09-17T21:20:37.809Z"}
{"level":"info","event":"action","runId":"78c9c487-db17-4c81-a2f3-0fca29b312e8","type":"challenge","rationale":"No counterexample found in accessed primary sources. This is not proof that the conclusion is true.","step":5,"t":"2026-09-17T21:20:37.832Z"}
{"level":"info","event":"action","runId":"78c9c487-db17-4c81-a2f3-0fca29b312e8","type":"synthesize","rationale":"decision_critical_gaps_resolved_or_unresolvable; high-impact claims supported or qualified; contradictions handled; remaining actions low expected value","step":6,"t":"2026-09-17T21:20:37.854Z"}
{"level":"info","event":"action","runId":"f013f0d1-1f1e-431e-9eec-b7376247d556","type":"search","rationale":"Investigate an uncovered required question","step":0,"t":"2026-09-17T21:20:38.595Z"}
{"level":"info","event":"action","runId":"f013f0d1-1f1e-431e-9eec-b7376247d556","type":"fetch","rationale":"Inspect an already-known source before another generic query","step":1,"t":"2026-09-17T21:20:38.649Z"}
{"level":"info","event":"action","runId":"f013f0d1-1f1e-431e-9eec-b7376247d556","type":"fetch","rationale":"Inspect an already-known source before another generic query","step":2,"t":"2026-09-17T21:20:38.684Z"}
{"level":"info","event":"action","runId":"f013f0d1-1f1e-431e-9eec-b7376247d556","type":"fetch","rationale":"Inspect an already-known source before another generic query","step":3,"t":"2026-09-17T21:20:38.714Z"}
{"level":"info","event":"action","runId":"f013f0d1-1f1e-431e-9eec-b7376247d556","type":"challenge","rationale":"Disconfirm material conclusion: A primary source that directly contradicts this conclusion.","step":4,"t":"2026-09-17T21:20:38.765Z"}
{"level":"info","event":"action","runId":"f013f0d1-1f1e-431e-9eec-b7376247d556","type":"challenge","rationale":"No counterexample found in accessed primary sources. This is not proof that the conclusion is true.","step":5,"t":"2026-09-17T21:20:38.804Z"}
{"level":"info","event":"action","runId":"f013f0d1-1f1e-431e-9eec-b7376247d556","type":"synthesize","rationale":"decision_critical_gaps_resolved_or_unresolvable; high-impact claims supported or qualified; contradictions handled; remaining actions low expected value","step":6,"t":"2026-09-17T21:20:38.831Z"}
{"level":"info","event":"action","runId":"6c589ccb-c500-4973-b7c9-f74055d0559b","type":"search","rationale":"Investigate an uncovered required question","step":0,"t":"2026-09-17T21:20:39.757Z"}
{"level":"info","event":"action","runId":"6c589ccb-c500-4973-b7c9-f74055d0559b","type":"fetch","rationale":"Inspect an already-known source before another generic query","step":1,"t":"2026-09-17T21:20:39.820Z"}
{"level":"info","event":"action","runId":"6c589ccb-c500-4973-b7c9-f74055d0559b","type":"fetch","rationale":"Inspect an already-known source before another generic query","step":2,"t":"2026-09-17T21:20:39.853Z"}
{"level":"info","event":"action","runId":"6c589ccb-c500-4973-b7c9-f74055d0559b","type":"fetch","rationale":"Inspect an already-known source before another generic query","step":3,"t":"2026-09-17T21:20:39.894Z"}
{"level":"info","event":"action","runId":"6c589ccb-c500-4973-b7c9-f74055d0559b","type":"fetch","rationale":"Inspect an already-known source before another generic query","step":4,"t":"2026-09-17T21:20:39.937Z"}
{"level":"info","event":"action","runId":"6c589ccb-c500-4973-b7c9-f74055d0559b","type":"fetch","rationale":"Inspect an already-known source before another generic query","step":5,"t":"2026-09-17T21:20:39.974Z"}
{"level":"info","event":"action","runId":"6c589ccb-c500-4973-b7c9-f74055d0559b","type":"challenge","rationale":"Disconfirm material conclusion: A primary source that directly contradicts this conclusion.","step":6,"t":"2026-09-17T21:20:40.013Z"}
{"level":"info","event":"action","runId":"6c589ccb-c500-4973-b7c9-f74055d0559b","type":"challenge","rationale":"No counterexample found in accessed primary sources. This is not proof that the conclusion is true.","step":7,"t":"2026-09-17T21:20:40.052Z"}
{"level":"info","event":"action","runId":"6c589ccb-c500-4973-b7c9-f74055d0559b","type":"synthesize","rationale":"decision_critical_gaps_resolved_or_unresolvable; high-impact claims supported or qualified; contradictions handled; remaining actions low expected value","step":8,"t":"2026-09-17T21:20:40.089Z"}
{"level":"info","event":"action","runId":"80454e54-1253-4dc1-bc86-d52411675b3b","type":"search","rationale":"Investigate an uncovered required question","step":0,"t":"2026-09-17T21:20:40.549Z"}
{"level":"info","event":"action","runId":"80454e54-1253-4dc1-bc86-d52411675b3b","type":"fetch","rationale":"Inspect an already-known source before another generic query","step":1,"t":"2026-09-17T21:20:40.623Z"}
{"level":"info","event":"action","runId":"80454e54-1253-4dc1-bc86-d52411675b3b","type":"fetch","rationale":"Inspect an already-known source before another generic query","step":2,"t":"2026-09-17T21:20:40.659Z"}
{"level":"info","event":"action","runId":"80454e54-1253-4dc1-bc86-d52411675b3b","type":"fetch","rationale":"Inspect an already-known source before another generic query","step":3,"t":"2026-09-17T21:20:40.688Z"}
{"level":"info","event":"action","runId":"80454e54-1253-4dc1-bc86-d52411675b3b","type":"fetch","rationale":"Inspect an already-known source before another generic query","step":4,"t":"2026-09-17T21:20:40.718Z"}
{"level":"info","event":"action","runId":"80454e54-1253-4dc1-bc86-d52411675b3b","type":"fetch","rationale":"Inspect an already-known source before another generic query","step":5,"t":"2026-09-17T21:20:40.753Z"}
{"level":"info","event":"action","runId":"80454e54-1253-4dc1-bc86-d52411675b3b","type":"challenge","rationale":"Disconfirm material conclusion: A primary source that directly contradicts this conclusion.","step":6,"t":"2026-09-17T21:20:40.788Z"}
{"level":"info","event":"action","runId":"80454e54-1253-4dc1-bc86-d52411675b3b","type":"challenge","rationale":"Disconfirm material conclusion: A primary source that directly contradicts this conclusion.","step":7,"t":"2026-09-17T21:20:40.826Z"}
{"level":"info","event":"action","runId":"80454e54-1253-4dc1-bc86-d52411675b3b","type":"challenge","rationale":"Disconfirm material conclusion: A primary source that directly contradicts this conclusion.","step":8,"t":"2026-09-17T21:20:40.857Z"}
{"level":"info","event":"action","runId":"80454e54-1253-4dc1-bc86-d52411675b3b","type":"challenge","rationale":"Disconfirm material conclusion: A primary source that directly contradicts this conclusion.","step":9,"t":"2026-09-17T21:20:40.897Z"}
{"level":"info","event":"action","runId":"80454e54-1253-4dc1-bc86-d52411675b3b","type":"challenge","rationale":"Disconfirm material conclusion: A primary source that directly contradicts this conclusion.","step":10,"t":"2026-09-17T21:20:40.933Z"}
{"level":"info","event":"action","runId":"80454e54-1253-4dc1-bc86-d52411675b3b","type":"challenge","rationale":"Disconfirm material conclusion: A primary source that directly contradicts this conclusion.","step":11,"t":"2026-09-17T21:20:40.974Z"}
{"level":"info","event":"action","runId":"80454e54-1253-4dc1-bc86-d52411675b3b","type":"challenge","rationale":"Disconfirm material conclusion: A primary source that directly contradicts this conclusion.","step":12,"t":"2026-09-17T21:20:41.016Z"}
{"level":"info","event":"action","runId":"80454e54-1253-4dc1-bc86-d52411675b3b","type":"challenge","rationale":"No counterexample found in accessed primary sources. This is not proof that the conclusion is true.","step":13,"t":"2026-09-17T21:20:41.054Z"}
{"level":"info","event":"action","runId":"80454e54-1253-4dc1-bc86-d52411675b3b","type":"stop","rationale":"Repeated searches returned no novel source family or coverage progress","step":14,"t":"2026-09-17T21:20:41.081Z"}
{"level":"info","event":"action","runId":"e7cbf65a-e853-4e1f-9bb3-c3efb8eaddcb","type":"search","rationale":"Investigate an uncovered required question","step":0,"t":"2026-09-17T21:20:41.978Z"}
{"level":"info","event":"action","runId":"e7cbf65a-e853-4e1f-9bb3-c3efb8eaddcb","type":"fetch","rationale":"Inspect an already-known source before another generic query","step":1,"t":"2026-09-17T21:20:42.025Z"}
{"level":"info","event":"action","runId":"e7cbf65a-e853-4e1f-9bb3-c3efb8eaddcb","type":"fetch","rationale":"Inspect an already-known source before another generic query","step":2,"t":"2026-09-17T21:20:42.065Z"}
{"level":"info","event":"action","runId":"e7cbf65a-e853-4e1f-9bb3-c3efb8eaddcb","type":"challenge","rationale":"Disconfirm material conclusion: A primary source that directly contradicts this conclusion.","step":3,"t":"2026-09-17T21:20:42.109Z"}
{"level":"info","event":"action","runId":"e7cbf65a-e853-4e1f-9bb3-c3efb8eaddcb","type":"challenge","rationale":"No counterexample found in accessed primary sources. This is not proof that the conclusion is true.","step":4,"t":"2026-09-17T21:20:42.162Z"}
{"level":"info","event":"action","runId":"e7cbf65a-e853-4e1f-9bb3-c3efb8eaddcb","type":"synthesize","rationale":"decision_critical_gaps_resolved_or_unresolvable; high-impact claims supported or qualified; contradictions handled; remaining actions low expected value","step":5,"t":"2026-09-17T21:20:42.200Z"}
{"level":"info","event":"action","runId":"51487a01-9edf-45e8-9c0d-b3114739578d","type":"search","rationale":"Investigate an uncovered required question","step":0,"t":"2026-09-17T21:20:42.920Z"}
{"level":"info","event":"action","runId":"51487a01-9edf-45e8-9c0d-b3114739578d","type":"fetch","rationale":"Inspect an already-known source before another generic query","step":1,"t":"2026-09-17T21:20:42.946Z"}
{"level":"info","event":"action","runId":"51487a01-9edf-45e8-9c0d-b3114739578d","type":"challenge","rationale":"Disconfirm material conclusion: A primary source that directly contradicts this conclusion.","step":2,"t":"2026-09-17T21:20:42.966Z"}
{"level":"info","event":"action","runId":"51487a01-9edf-45e8-9c0d-b3114739578d","type":"challenge","rationale":"No counterexample found in accessed primary sources. This is not proof that the conclusion is true.","step":3,"t":"2026-09-17T21:20:42.988Z"}
{"level":"info","event":"action","runId":"51487a01-9edf-45e8-9c0d-b3114739578d","type":"synthesize","rationale":"decision_critical_gaps_resolved_or_unresolvable; high-impact claims supported or qualified; contradictions handled; remaining actions low expected value","step":4,"t":"2026-09-17T21:20:43.003Z"}
{"level":"info","event":"action","runId":"ca5b9795-4b73-48b3-bdc2-da31c4b583d5","type":"search","rationale":"Investigate an uncovered required question","step":0,"t":"2026-09-17T21:20:43.637Z"}
{"level":"info","event":"action","runId":"ca5b9795-4b73-48b3-bdc2-da31c4b583d5","type":"fetch","rationale":"Inspect an already-known source before another generic query","step":1,"t":"2026-09-17T21:20:43.662Z"}
{"level":"info","event":"action","runId":"ca5b9795-4b73-48b3-bdc2-da31c4b583d5","type":"challenge","rationale":"Disconfirm material conclusion: A primary source that directly contradicts this conclusion.","step":2,"t":"2026-09-17T21:20:43.681Z"}
{"level":"info","event":"action","runId":"ca5b9795-4b73-48b3-bdc2-da31c4b583d5","type":"challenge","rationale":"No counterexample found in accessed primary sources. This is not proof that the conclusion is true.","step":3,"t":"2026-09-17T21:20:43.701Z"}
{"level":"info","event":"action","runId":"ca5b9795-4b73-48b3-bdc2-da31c4b583d5","type":"synthesize","rationale":"decision_critical_gaps_resolved_or_unresolvable; high-impact claims supported or qualified; contradictions handled; remaining actions low expected value","step":4,"t":"2026-09-17T21:20:43.716Z"}
{"level":"info","event":"action","runId":"4aeb9b2c-0133-4a8b-a541-8c006e870afa","type":"search","rationale":"Investigate an uncovered required question","step":0,"t":"2026-09-17T21:20:44.465Z"}
{"level":"info","event":"action","runId":"4aeb9b2c-0133-4a8b-a541-8c006e870afa","type":"fetch","rationale":"Inspect an already-known source before another generic query","step":1,"t":"2026-09-17T21:20:44.515Z"}
{"level":"info","event":"action","runId":"4aeb9b2c-0133-4a8b-a541-8c006e870afa","type":"challenge","rationale":"Disconfirm material conclusion: A primary source that directly contradicts this conclusion.","step":2,"t":"2026-09-17T21:20:44.556Z"}
{"level":"info","event":"action","runId":"4aeb9b2c-0133-4a8b-a541-8c006e870afa","type":"challenge","rationale":"No counterexample found in accessed primary sources. This is not proof that the conclusion is true.","step":3,"t":"2026-09-17T21:20:44.595Z"}
{"level":"info","event":"action","runId":"4aeb9b2c-0133-4a8b-a541-8c006e870afa","type":"synthesize","rationale":"decision_critical_gaps_resolved_or_unresolvable; high-impact claims supported or qualified; contradictions handled; remaining actions low expected value","step":4,"t":"2026-09-17T21:20:44.618Z"}
{"level":"info","event":"action","runId":"1bf4155c-03e7-41d6-83cc-a479977f022d","type":"search","rationale":"Investigate an uncovered required question","step":0,"t":"2026-09-17T21:20:45.491Z"}
{"level":"info","event":"action","runId":"1bf4155c-03e7-41d6-83cc-a479977f022d","type":"fetch","rationale":"Inspect an already-known source before another generic query","step":1,"t":"2026-09-17T21:20:45.537Z"}
{"level":"info","event":"action","runId":"1bf4155c-03e7-41d6-83cc-a479977f022d","type":"challenge","rationale":"Disconfirm material conclusion: A primary source that directly contradicts this conclusion.","step":2,"t":"2026-09-17T21:20:45.571Z"}
{"level":"info","event":"action","runId":"1bf4155c-03e7-41d6-83cc-a479977f022d","type":"challenge","rationale":"No counterexample found in accessed primary sources. This is not proof that the conclusion is true.","step":3,"t":"2026-09-17T21:20:45.610Z"}
{"level":"info","event":"action","runId":"1bf4155c-03e7-41d6-83cc-a479977f022d","type":"synthesize","rationale":"decision_critical_gaps_resolved_or_unresolvable; high-impact claims supported or qualified; contradictions handled; remaining actions low expected value","step":4,"t":"2026-09-17T21:20:45.637Z"}
{"level":"info","event":"action","runId":"0c99d08b-df62-4d56-bd4f-2a9ab020bd7b","type":"search","rationale":"Investigate an uncovered required question","step":0,"t":"2026-09-17T21:20:46.314Z"}
{"level":"info","event":"action","runId":"0c99d08b-df62-4d56-bd4f-2a9ab020bd7b","type":"fetch","rationale":"Inspect an already-known source before another generic query","step":1,"t":"2026-09-17T21:20:46.347Z"}
{"level":"info","event":"action","runId":"0c99d08b-df62-4d56-bd4f-2a9ab020bd7b","type":"fetch","rationale":"Inspect an already-known source before another generic query","step":2,"t":"2026-09-17T21:20:46.365Z"}
{"level":"info","event":"action","runId":"0c99d08b-df62-4d56-bd4f-2a9ab020bd7b","type":"fetch","rationale":"Inspect an already-known source before another generic query","step":3,"t":"2026-09-17T21:20:46.394Z"}
{"level":"info","event":"action","runId":"0c99d08b-df62-4d56-bd4f-2a9ab020bd7b","type":"fetch","rationale":"Inspect an already-known source before another generic query","step":4,"t":"2026-09-17T21:20:46.415Z"}
{"level":"info","event":"action","runId":"0c99d08b-df62-4d56-bd4f-2a9ab020bd7b","type":"fetch","rationale":"Inspect an already-known source before another generic query","step":5,"t":"2026-09-17T21:20:46.433Z"}
{"level":"info","event":"action","runId":"0c99d08b-df62-4d56-bd4f-2a9ab020bd7b","type":"challenge","rationale":"Disconfirm material conclusion: A primary source that directly contradicts this conclusion.","step":6,"t":"2026-09-17T21:20:46.452Z"}
{"level":"info","event":"action","runId":"0c99d08b-df62-4d56-bd4f-2a9ab020bd7b","type":"challenge","rationale":"No counterexample found in accessed primary sources. This is not proof that the conclusion is true.","step":7,"t":"2026-09-17T21:20:46.476Z"}
{"level":"info","event":"action","runId":"0c99d08b-df62-4d56-bd4f-2a9ab020bd7b","type":"synthesize","rationale":"decision_critical_gaps_resolved_or_unresolvable; high-impact claims supported or qualified; contradictions handled; remaining actions low expected value","step":8,"t":"2026-09-17T21:20:46.491Z"}
{"level":"info","event":"action","runId":"1a8cf167-df65-4ca9-8ad2-2d4fd1b60d99","type":"search","rationale":"Investigate an uncovered required question","step":0,"t":"2026-09-17T21:20:47.211Z"}
{"level":"info","event":"action","runId":"1a8cf167-df65-4ca9-8ad2-2d4fd1b60d99","type":"fetch","rationale":"Inspect an already-known source before another generic query","step":1,"t":"2026-09-17T21:20:47.259Z"}
{"level":"info","event":"action","runId":"1a8cf167-df65-4ca9-8ad2-2d4fd1b60d99","type":"synthesize","rationale":"budget requires finishing with available evidence","step":2,"t":"2026-09-17T21:20:47.286Z"}
{"level":"info","event":"action","runId":"69dae99f-03b2-4b6d-a8da-0b7dd9067e43","type":"search","rationale":"Investigate an uncovered required question","step":0,"t":"2026-09-17T21:20:47.914Z"}
{"level":"info","event":"action","runId":"69dae99f-03b2-4b6d-a8da-0b7dd9067e43","type":"fetch","rationale":"Inspect an already-known source before another generic query","step":1,"t":"2026-09-17T21:20:47.948Z"}
{"level":"info","event":"action","runId":"69dae99f-03b2-4b6d-a8da-0b7dd9067e43","type":"fetch","rationale":"Inspect an already-known source before another generic query","step":2,"t":"2026-09-17T21:20:47.971Z"}
{"level":"info","event":"action","runId":"69dae99f-03b2-4b6d-a8da-0b7dd9067e43","type":"fetch","rationale":"Inspect an already-known source before another generic query","step":3,"t":"2026-09-17T21:20:47.994Z"}
{"level":"info","event":"action","runId":"69dae99f-03b2-4b6d-a8da-0b7dd9067e43","type":"fetch","rationale":"Inspect an already-known source before another generic query","step":4,"t":"2026-09-17T21:20:48.017Z"}
{"level":"info","event":"action","runId":"69dae99f-03b2-4b6d-a8da-0b7dd9067e43","type":"fetch","rationale":"Inspect an already-known source before another generic query","step":5,"t":"2026-09-17T21:20:48.036Z"}
{"level":"info","event":"action","runId":"69dae99f-03b2-4b6d-a8da-0b7dd9067e43","type":"challenge","rationale":"Disconfirm material conclusion: A primary source that directly contradicts this conclusion.","step":6,"t":"2026-09-17T21:20:48.057Z"}
{"level":"info","event":"action","runId":"69dae99f-03b2-4b6d-a8da-0b7dd9067e43","type":"challenge","rationale":"No counterexample found in accessed primary sources. This is not proof that the conclusion is true.","step":7,"t":"2026-09-17T21:20:48.077Z"}
{"level":"info","event":"action","runId":"69dae99f-03b2-4b6d-a8da-0b7dd9067e43","type":"synthesize","rationale":"decision_critical_gaps_resolved_or_unresolvable; high-impact claims supported or qualified; contradictions handled; remaining actions low expected value","step":8,"t":"2026-09-17T21:20:48.096Z"}
{"level":"info","event":"action","runId":"cff54fe6-5975-4df3-87fb-0d0594e83ee2","type":"search","rationale":"Investigate an uncovered required question","step":0,"t":"2026-09-17T21:20:49.171Z"}
{"level":"info","event":"action","runId":"cff54fe6-5975-4df3-87fb-0d0594e83ee2","type":"fetch","rationale":"Inspect an already-known source before another generic query","step":1,"t":"2026-09-17T21:20:49.212Z"}
{"level":"info","event":"action","runId":"cff54fe6-5975-4df3-87fb-0d0594e83ee2","type":"fetch","rationale":"Inspect an already-known source before another generic query","step":2,"t":"2026-09-17T21:20:49.233Z"}
{"level":"info","event":"action","runId":"cff54fe6-5975-4df3-87fb-0d0594e83ee2","type":"fetch","rationale":"Inspect an already-known source before another generic query","step":3,"t":"2026-09-17T21:20:49.253Z"}
{"level":"info","event":"action","runId":"cff54fe6-5975-4df3-87fb-0d0594e83ee2","type":"fetch","rationale":"Inspect an already-known source before another generic query","step":4,"t":"2026-09-17T21:20:49.276Z"}
{"level":"info","event":"action","runId":"cff54fe6-5975-4df3-87fb-0d0594e83ee2","type":"fetch","rationale":"Inspect an already-known source before another generic query","step":5,"t":"2026-09-17T21:20:49.294Z"}
{"level":"info","event":"action","runId":"cff54fe6-5975-4df3-87fb-0d0594e83ee2","type":"challenge","rationale":"Disconfirm material conclusion: A primary source that directly contradicts this conclusion.","step":6,"t":"2026-09-17T21:20:49.313Z"}
{"level":"info","event":"action","runId":"cff54fe6-5975-4df3-87fb-0d0594e83ee2","type":"challenge","rationale":"No counterexample found in accessed primary sources. This is not proof that the conclusion is true.","step":7,"t":"2026-09-17T21:20:49.331Z"}
{"level":"info","event":"action","runId":"cff54fe6-5975-4df3-87fb-0d0594e83ee2","type":"synthesize","rationale":"decision_critical_gaps_resolved_or_unresolvable; high-impact claims supported or qualified; contradictions handled; remaining actions low expected value","step":8,"t":"2026-09-17T21:20:49.344Z"}
{"level":"info","event":"action","runId":"b819a6db-ba75-45d7-9db3-868a95640776","type":"challenge","rationale":"Disconfirm material conclusion: A primary source that directly contradicts this conclusion.","step":0,"t":"2026-09-17T21:20:50.176Z"}
{"level":"info","event":"action","runId":"b819a6db-ba75-45d7-9db3-868a95640776","type":"fetch","rationale":"Inspect an already-known source before another generic query","step":1,"t":"2026-09-17T21:20:50.201Z"}
{"level":"info","event":"action","runId":"b819a6db-ba75-45d7-9db3-868a95640776","type":"fetch","rationale":"Inspect an already-known source before another generic query","step":2,"t":"2026-09-17T21:20:50.215Z"}
{"level":"info","event":"action","runId":"b819a6db-ba75-45d7-9db3-868a95640776","type":"fetch","rationale":"Inspect an already-known source before another generic query","step":3,"t":"2026-09-17T21:20:50.229Z"}
{"level":"info","event":"action","runId":"b819a6db-ba75-45d7-9db3-868a95640776","type":"challenge","rationale":"No counterexample found in accessed primary sources. This is not proof that the conclusion is true.","step":4,"t":"2026-09-17T21:20:50.246Z"}
{"level":"info","event":"action","runId":"b819a6db-ba75-45d7-9db3-868a95640776","type":"synthesize","rationale":"decision_critical_gaps_resolved_or_unresolvable; high-impact claims supported or qualified; contradictions handled; remaining actions low expected value","step":5,"t":"2026-09-17T21:20:50.257Z"}
{"level":"info","event":"action","runId":"7a73a7aa-7bfe-4139-a86f-6874e1560d82","type":"challenge","rationale":"Disconfirm material conclusion: A primary source that directly contradicts this conclusion.","step":0,"t":"2026-09-17T21:20:50.814Z"}
{"level":"info","event":"action","runId":"7a73a7aa-7bfe-4139-a86f-6874e1560d82","type":"fetch","rationale":"Inspect an already-known source before another generic query","step":1,"t":"2026-09-17T21:20:50.836Z"}
{"level":"info","event":"action","runId":"7a73a7aa-7bfe-4139-a86f-6874e1560d82","type":"fetch","rationale":"Inspect an already-known source before another generic query","step":2,"t":"2026-09-17T21:20:50.849Z"}
{"level":"info","event":"action","runId":"7a73a7aa-7bfe-4139-a86f-6874e1560d82","type":"fetch","rationale":"Inspect an already-known source before another generic query","step":3,"t":"2026-09-17T21:20:50.863Z"}
{"level":"info","event":"action","runId":"7a73a7aa-7bfe-4139-a86f-6874e1560d82","type":"challenge","rationale":"No counterexample found in accessed primary sources. This is not proof that the conclusion is true.","step":4,"t":"2026-09-17T21:20:50.878Z"}
{"level":"info","event":"action","runId":"7a73a7aa-7bfe-4139-a86f-6874e1560d82","type":"synthesize","rationale":"decision_critical_gaps_resolved_or_unresolvable; high-impact claims supported or qualified; contradictions handled; remaining actions low expected value","step":5,"t":"2026-09-17T21:20:50.889Z"}
{"level":"info","event":"action","runId":"6d8a5b11-244b-435e-b756-9ac01ec822bf","type":"search","rationale":"Investigate an uncovered required question","step":0,"t":"2026-09-17T21:20:51.239Z"}
{"level":"info","event":"action","runId":"6d8a5b11-244b-435e-b756-9ac01ec822bf","type":"fetch","rationale":"Inspect an already-known source before another generic query","step":1,"t":"2026-09-17T21:20:51.260Z"}
{"level":"info","event":"action","runId":"6d8a5b11-244b-435e-b756-9ac01ec822bf","type":"fetch","rationale":"Inspect an already-known source before another generic query","step":2,"t":"2026-09-17T21:20:51.274Z"}
{"level":"info","event":"action","runId":"6d8a5b11-244b-435e-b756-9ac01ec822bf","type":"fetch","rationale":"Inspect an already-known source before another generic query","step":3,"t":"2026-09-17T21:20:51.287Z"}
{"level":"info","event":"action","runId":"6d8a5b11-244b-435e-b756-9ac01ec822bf","type":"fetch","rationale":"Inspect an already-known source before another generic query","step":4,"t":"2026-09-17T21:20:51.302Z"}
{"level":"info","event":"action","runId":"6d8a5b11-244b-435e-b756-9ac01ec822bf","type":"fetch","rationale":"Inspect an already-known source before another generic query","step":5,"t":"2026-09-17T21:20:51.316Z"}
{"level":"info","event":"action","runId":"6d8a5b11-244b-435e-b756-9ac01ec822bf","type":"challenge","rationale":"Disconfirm material conclusion: A primary source that directly contradicts this conclusion.","step":6,"t":"2026-09-17T21:20:51.329Z"}
{"level":"info","event":"action","runId":"6d8a5b11-244b-435e-b756-9ac01ec822bf","type":"challenge","rationale":"No counterexample found in accessed primary sources. This is not proof that the conclusion is true.","step":7,"t":"2026-09-17T21:20:51.343Z"}
{"level":"info","event":"action","runId":"6d8a5b11-244b-435e-b756-9ac01ec822bf","type":"synthesize","rationale":"decision_critical_gaps_resolved_or_unresolvable; high-impact claims supported or qualified; contradictions handled; remaining actions low expected value","step":8,"t":"2026-09-17T21:20:51.356Z"}
{"level":"info","event":"action","runId":"58eac8e3-68b0-4843-bb4a-b33af0bc83a3","type":"search","rationale":"Investigate an uncovered required question","step":0,"t":"2026-09-17T21:20:51.842Z"}
{"level":"info","event":"action","runId":"58eac8e3-68b0-4843-bb4a-b33af0bc83a3","type":"fetch","rationale":"Inspect an already-known source before another generic query","step":1,"t":"2026-09-17T21:20:51.862Z"}
{"level":"info","event":"action","runId":"58eac8e3-68b0-4843-bb4a-b33af0bc83a3","type":"fetch","rationale":"Inspect an already-known source before another generic query","step":2,"t":"2026-09-17T21:20:51.875Z"}
{"level":"info","event":"action","runId":"58eac8e3-68b0-4843-bb4a-b33af0bc83a3","type":"fetch","rationale":"Inspect an already-known source before another generic query","step":3,"t":"2026-09-17T21:20:51.887Z"}
{"level":"info","event":"action","runId":"58eac8e3-68b0-4843-bb4a-b33af0bc83a3","type":"fetch","rationale":"Inspect an already-known source before another generic query","step":4,"t":"2026-09-17T21:20:51.898Z"}
{"level":"info","event":"action","runId":"58eac8e3-68b0-4843-bb4a-b33af0bc83a3","type":"fetch","rationale":"Inspect an already-known source before another generic query","step":5,"t":"2026-09-17T21:20:51.913Z"}
{"level":"info","event":"action","runId":"58eac8e3-68b0-4843-bb4a-b33af0bc83a3","type":"challenge","rationale":"Disconfirm material conclusion: A primary source that directly contradicts this conclusion.","step":6,"t":"2026-09-17T21:20:51.925Z"}
{"level":"info","event":"action","runId":"58eac8e3-68b0-4843-bb4a-b33af0bc83a3","type":"challenge","rationale":"No counterexample found in accessed primary sources. This is not proof that the conclusion is true.","step":7,"t":"2026-09-17T21:20:51.937Z"}
{"level":"info","event":"action","runId":"58eac8e3-68b0-4843-bb4a-b33af0bc83a3","type":"synthesize","rationale":"decision_critical_gaps_resolved_or_unresolvable; high-impact claims supported or qualified; contradictions handled; remaining actions low expected value","step":8,"t":"2026-09-17T21:20:51.947Z"}
{"level":"info","event":"action","runId":"fc0fc693-0fdb-46ce-b359-43c7ea5cb659","type":"clarify","rationale":"A blocking field is unspecified and would change the answer","step":0,"t":"2026-09-17T21:20:52.931Z"}
{"level":"info","event":"action","runId":"e90d1051-b37e-4046-9ded-027392660ae3","type":"clarify","rationale":"A blocking field is unspecified and would change the answer","step":0,"t":"2026-09-17T21:20:53.197Z"}
{"level":"info","event":"action","runId":"e90d1051-b37e-4046-9ded-027392660ae3","type":"search","rationale":"Investigate an uncovered required question","step":0,"t":"2026-09-17T21:20:53.222Z"}
{"level":"info","event":"action","runId":"e90d1051-b37e-4046-9ded-027392660ae3","type":"fetch","rationale":"Inspect an already-known source before another generic query","step":1,"t":"2026-09-17T21:20:53.236Z"}
{"level":"info","event":"action","runId":"e90d1051-b37e-4046-9ded-027392660ae3","type":"challenge","rationale":"Disconfirm material conclusion: A primary source that directly contradicts this conclusion.","step":2,"t":"2026-09-17T21:20:53.247Z"}
{"level":"info","event":"action","runId":"e90d1051-b37e-4046-9ded-027392660ae3","type":"challenge","rationale":"Disconfirm material conclusion: A primary source that directly contradicts this conclusion.","step":3,"t":"2026-09-17T21:20:53.258Z"}
{"level":"info","event":"action","runId":"e90d1051-b37e-4046-9ded-027392660ae3","type":"challenge","rationale":"Disconfirm material conclusion: A primary source that directly contradicts this conclusion.","step":4,"t":"2026-09-17T21:20:53.270Z"}
{"level":"info","event":"action","runId":"e90d1051-b37e-4046-9ded-027392660ae3","type":"challenge","rationale":"Disconfirm material conclusion: A primary source that directly contradicts this conclusion.","step":5,"t":"2026-09-17T21:20:53.282Z"}
{"level":"info","event":"action","runId":"e90d1051-b37e-4046-9ded-027392660ae3","type":"challenge","rationale":"Disconfirm material conclusion: A primary source that directly contradicts this conclusion.","step":6,"t":"2026-09-17T21:20:53.294Z"}
{"level":"info","event":"action","runId":"e90d1051-b37e-4046-9ded-027392660ae3","type":"challenge","rationale":"Disconfirm material conclusion: A primary source that directly contradicts this conclusion.","step":7,"t":"2026-09-17T21:20:53.305Z"}
{"level":"info","event":"action","runId":"e90d1051-b37e-4046-9ded-027392660ae3","type":"challenge","rationale":"Disconfirm material conclusion: A primary source that directly contradicts this conclusion.","step":8,"t":"2026-09-17T21:20:53.319Z"}
{"level":"info","event":"action","runId":"e90d1051-b37e-4046-9ded-027392660ae3","type":"challenge","rationale":"No counterexample found in accessed primary sources. This is not proof that the conclusion is true.","step":9,"t":"2026-09-17T21:20:53.331Z"}
{"level":"info","event":"action","runId":"e90d1051-b37e-4046-9ded-027392660ae3","type":"stop","rationale":"Repeated searches returned no novel source family or coverage progress","step":10,"t":"2026-09-17T21:20:53.341Z"}
{"level":"info","event":"action","runId":"884aeeb9-63a4-45bf-822c-4f715265ff77","type":"clarify","rationale":"A blocking field is unspecified and would change the answer","step":0,"t":"2026-09-17T21:20:53.840Z"}
{"level":"info","event":"action","runId":"884aeeb9-63a4-45bf-822c-4f715265ff77","type":"search","rationale":"Investigate an uncovered required question","step":0,"t":"2026-09-17T21:20:53.864Z"}
{"level":"info","event":"action","runId":"884aeeb9-63a4-45bf-822c-4f715265ff77","type":"fetch","rationale":"Inspect an already-known source before another generic query","step":1,"t":"2026-09-17T21:20:53.879Z"}
{"level":"info","event":"action","runId":"884aeeb9-63a4-45bf-822c-4f715265ff77","type":"challenge","rationale":"Disconfirm material conclusion: A primary source that directly contradicts this conclusion.","step":2,"t":"2026-09-17T21:20:53.891Z"}
{"level":"info","event":"action","runId":"884aeeb9-63a4-45bf-822c-4f715265ff77","type":"challenge","rationale":"Disconfirm material conclusion: A primary source that directly contradicts this conclusion.","step":3,"t":"2026-09-17T21:20:53.904Z"}
{"level":"info","event":"action","runId":"884aeeb9-63a4-45bf-822c-4f715265ff77","type":"challenge","rationale":"Disconfirm material conclusion: A primary source that directly contradicts this conclusion.","step":4,"t":"2026-09-17T21:20:53.918Z"}
{"level":"info","event":"action","runId":"884aeeb9-63a4-45bf-822c-4f715265ff77","type":"challenge","rationale":"Disconfirm material conclusion: A primary source that directly contradicts this conclusion.","step":5,"t":"2026-09-17T21:20:53.932Z"}
{"level":"info","event":"action","runId":"884aeeb9-63a4-45bf-822c-4f715265ff77","type":"challenge","rationale":"Disconfirm material conclusion: A primary source that directly contradicts this conclusion.","step":6,"t":"2026-09-17T21:20:53.945Z"}
{"level":"info","event":"action","runId":"884aeeb9-63a4-45bf-822c-4f715265ff77","type":"challenge","rationale":"Disconfirm material conclusion: A primary source that directly contradicts this conclusion.","step":7,"t":"2026-09-17T21:20:53.957Z"}
{"level":"info","event":"action","runId":"884aeeb9-63a4-45bf-822c-4f715265ff77","type":"challenge","rationale":"Disconfirm material conclusion: A primary source that directly contradicts this conclusion.","step":8,"t":"2026-09-17T21:20:53.968Z"}
{"level":"info","event":"action","runId":"884aeeb9-63a4-45bf-822c-4f715265ff77","type":"challenge","rationale":"No counterexample found in accessed primary sources. This is not proof that the conclusion is true.","step":9,"t":"2026-09-17T21:20:53.982Z"}
{"level":"info","event":"action","runId":"884aeeb9-63a4-45bf-822c-4f715265ff77","type":"stop","rationale":"Repeated searches returned no novel source family or coverage progress","step":10,"t":"2026-09-17T21:20:53.992Z"}
{"level":"info","event":"action","runId":"9d1eeebb-8d9d-4e99-8f3d-9ee0a4888300","type":"clarify","rationale":"A blocking field is unspecified and would change the answer","step":0,"t":"2026-09-17T21:20:54.500Z"}
{"level":"info","event":"action","runId":"9d1eeebb-8d9d-4e99-8f3d-9ee0a4888300","type":"search","rationale":"Investigate an uncovered required question","step":0,"t":"2026-09-17T21:20:54.523Z"}
{"level":"info","event":"action","runId":"9d1eeebb-8d9d-4e99-8f3d-9ee0a4888300","type":"fetch","rationale":"Inspect an already-known source before another generic query","step":1,"t":"2026-09-17T21:20:54.537Z"}
{"level":"info","event":"action","runId":"9d1eeebb-8d9d-4e99-8f3d-9ee0a4888300","type":"challenge","rationale":"Disconfirm material conclusion: A primary source that directly contradicts this conclusion.","step":2,"t":"2026-09-17T21:20:54.549Z"}
{"level":"info","event":"action","runId":"9d1eeebb-8d9d-4e99-8f3d-9ee0a4888300","type":"challenge","rationale":"Disconfirm material conclusion: A primary source that directly contradicts this conclusion.","step":3,"t":"2026-09-17T21:20:54.561Z"}
{"level":"info","event":"action","runId":"9d1eeebb-8d9d-4e99-8f3d-9ee0a4888300","type":"challenge","rationale":"Disconfirm material conclusion: A primary source that directly contradicts this conclusion.","step":4,"t":"2026-09-17T21:20:54.573Z"}
{"level":"info","event":"action","runId":"9d1eeebb-8d9d-4e99-8f3d-9ee0a4888300","type":"challenge","rationale":"Disconfirm material conclusion: A primary source that directly contradicts this conclusion.","step":5,"t":"2026-09-17T21:20:54.584Z"}
{"level":"info","event":"action","runId":"9d1eeebb-8d9d-4e99-8f3d-9ee0a4888300","type":"challenge","rationale":"Disconfirm material conclusion: A primary source that directly contradicts this conclusion.","step":6,"t":"2026-09-17T21:20:54.596Z"}
{"level":"info","event":"action","runId":"9d1eeebb-8d9d-4e99-8f3d-9ee0a4888300","type":"challenge","rationale":"Disconfirm material conclusion: A primary source that directly contradicts this conclusion.","step":7,"t":"2026-09-17T21:20:54.609Z"}
{"level":"info","event":"action","runId":"9d1eeebb-8d9d-4e99-8f3d-9ee0a4888300","type":"challenge","rationale":"Disconfirm material conclusion: A primary source that directly contradicts this conclusion.","step":8,"t":"2026-09-17T21:20:54.623Z"}
{"level":"info","event":"action","runId":"9d1eeebb-8d9d-4e99-8f3d-9ee0a4888300","type":"challenge","rationale":"No counterexample found in accessed primary sources. This is not proof that the conclusion is true.","step":9,"t":"2026-09-17T21:20:54.636Z"}
{"level":"info","event":"action","runId":"9d1eeebb-8d9d-4e99-8f3d-9ee0a4888300","type":"stop","rationale":"Repeated searches returned no novel source family or coverage progress","step":10,"t":"2026-09-17T21:20:54.646Z"}
 ✓ test/p3-remaining.integration.test.ts (51 tests) 45174ms
   ✓ remaining launch-scope IDs > M04 fixture comparison publishes a wide table, code listing, unicode-safe text, and many citations  914ms
   ✓ remaining launch-scope IDs > R06 preserves event date vs publication date  754ms
   ✓ remaining launch-scope IDs > R10 declines an unrelated celebrity branch from page content  1039ms
   ✓ remaining launch-scope IDs > R12 explains different percentage denominators instead of averaging  914ms
   ✓ remaining launch-scope IDs > R15 states unknown without a fake probability  1017ms
   ✓ remaining launch-scope IDs > R16 comparison names the requested entities and constraints  1188ms
   ✓ remaining launch-scope IDs > E05 new source version does not rewrite the original report citation  1226ms
   ✓ remaining launch-scope IDs > V2-13 private canary is stored as evidence, omitted from public queries, and denied to another account  1216ms
   ✓ remaining launch-scope IDs > JOB-1 eligibility-aware comparison under platform and export constraints  1108ms
   ✓ remaining launch-scope IDs > JOB-1 adding Linux as a hard requirement excludes NoteKeep and keeps NoteAll  1924ms
   ✓ remaining launch-scope IDs > JOB-1 removing Linux as a requirement makes NoteKeep eligible again  1964ms
   ✓ remaining launch-scope IDs > JOB-2 attached document text is stored as supplied evidence and not used as a public query  1219ms
   ✓ remaining launch-scope IDs > E06 actual PDF with no readable evidence is disclosed as unread pages  1185ms
   ✓ remaining launch-scope IDs > E08 quoted report text is taken from the stored passage  1252ms
   ✓ remaining launch-scope IDs > E09 export citation anchors resolve to owned passages  1099ms
   ✓ remaining launch-scope IDs > J02 a second processRun after completion does not duplicate the report or settlement  1053ms
   ✓ remaining launch-scope IDs > J04 timeout after issue is outcome-unknown, not assumed free  444ms
   ✓ remaining launch-scope IDs > J06 cancel after completion keeps the published report  1090ms
   ✓ remaining launch-scope IDs > J08 event cursor returns only later sequences  987ms
   ✓ remaining launch-scope IDs > J13 live spend kill switch blocks new paid routes but keeps saved reports  837ms
   ✓ remaining launch-scope IDs > S03 oversized attachments are rejected  326ms
   ✓ remaining launch-scope IDs > S07 cross-account reports are denied  783ms
   ✓ remaining launch-scope IDs > S06 / V2-20 does not silently fall back to an unauthorized live processor  372ms
   ✓ remaining launch-scope IDs > V2-10 a later unavailable fetch does not retract last-access evidence  1120ms
   ✓ remaining launch-scope IDs > V2-11 concise view uses the same answer citations as the body  1234ms
   ✓ remaining launch-scope IDs > V2-19 scanned tables stay unread rather than guessed  786ms
   ✓ remaining launch-scope IDs > R17 concise request still keeps limitations  810ms
   ✓ remaining launch-scope IDs > R18 compacted checkpoint still lists stored passage ids  1116ms
   ✓ remaining launch-scope IDs > R19 follow-up verifies one claim and keeps the parent report  2187ms
   ✓ remaining launch-scope IDs > R20 dates a retrieved price and keeps a founding year as history  1113ms
   ✓ remaining launch-scope IDs > R21 labels a German original as a translation  717ms
   ✓ remaining launch-scope IDs > E03 preserves the adults-over-65 qualifier  705ms
   ✓ remaining launch-scope IDs > E04 report uses the table's 24% rather than 42%  986ms
   ✓ remaining launch-scope IDs > E10 withdraws the conclusion when the asserted 42% is unsupported by the 24% table  931ms
   ✓ remaining launch-scope IDs > J07 expired lease is reclaimed; a live lease is not stolen  794ms
   ✓ remaining launch-scope IDs > J10 a tight budget still publishes a written report  854ms
   ✓ remaining launch-scope IDs > J11 reports that app counters are not provider-internal guarantees  816ms
   ✓ remaining launch-scope IDs > J12 confirmed usage does not rewrite the historical estimate  412ms
   ✓ remaining launch-scope IDs > J14 duplicate completion epochs share one outbox row and omit query text  797ms
   ✓ remaining launch-scope IDs > V2-09 deleted attachment text is not left in reports  675ms
   ✓ remaining launch-scope IDs > V2-09 late worker cannot republish deleted private text even if it claims deleted=false  432ms
   ✓ remaining launch-scope IDs > expired session cannot read library or reports  625ms
   ✓ remaining launch-scope IDs > library lists report_id for a completed run so share can resolve  586ms
   ✓ remaining launch-scope IDs > clarification continue records geography and resumes  629ms
   ✓ remaining launch-scope IDs > R02 continue with France records France and does not invent Germany  653ms
   ✓ remaining launch-scope IDs > R02 after France continue discovery uses France evidence not the Germany default note  664ms
 ✓ test/model-gateway.integration.test.ts (88 tests) 43985ms
   ✓ W05 substantive support execution and persisted revisions > performs and stores scoped checks with stable claim revisions on replay  407ms
   ✓ W05 substantive support execution and persisted revisions > records uncertainty instead of turning missing evidence into full support  318ms
   ✓ W05 substantive support execution and persisted revisions > does not reuse corrupted claim revisions or support receipts  519ms
   ✓ W01/W05 scoped support at the real publication gate > publishes a checked paraphrase and preserves canonical assertion identity on reopen  361ms
   ✓ W01/W05 scoped support at the real publication gate > does not fall back to literal support when a managed assertion is partial  404ms
   ✓ W01/W05 scoped support at the real publication gate > rejects altered assertion text and unmapped extra prose  397ms
   ✓ W01/W05 scoped support at the real publication gate > refuses corrupted persisted checks instead of trusting an approval flag  332ms
   ✓ W05 generic writer, exact final wording and canonical publication > writes changed prose, checks it separately, publishes and reopens its premise lineage  1567ms
   ✓ W05 generic writer, exact final wording and canonical publication > keeps supported synthesis while blocking a made-up heading, paragraph and limitation  1601ms
   ✓ W05 generic writer, exact final wording and canonical publication > reuses a durable draft after restart without another writer request  738ms
   ✓ W05 generic writer, exact final wording and canonical publication > rejects invented premise keys and publishes no report  382ms
   ✓ W05 generic writer, exact final wording and canonical publication > blocks an oversized final assertion set without truncation or a second paid attempt  484ms
   ✓ W05 generic writer, exact final wording and canonical publication > rejects draft self-reference before dispatch  502ms
   ✓ W05 generic writer, exact final wording and canonical publication > purges drafts and composed claim text on account deletion  1786ms
   ✓ W05 generic writer, exact final wording and canonical publication > adds a new checker result without overwriting an older version or paying again  401ms
   ✓ W05 durable criterion coverage review > executes review once, stores exact claim revisions and revalidates replay  778ms
   ✓ W05 durable criterion coverage review > vetoes supported coverage when named assertions failed substantive checks  430ms
   ✓ W05 durable criterion coverage review > rejects missing question reviews without recording coverage  385ms
   ✓ W05 durable criterion coverage review > rejects changed evidence before saving coverage while retaining cost  356ms
   ✓ W05 durable criterion coverage review > purges saved coverage on account deletion  466ms
   ✓ W05 report completion requires exact final coverage > completes and reopens a report only after final assertion coverage executes  3065ms
   ✓ W05 report completion requires exact final coverage > does not publish when the required review returns invalid output  870ms
   ✓ W05 publication rejects a forged complete outcome without a review while preserving limited publication  401ms
   ✓ W05 structured services through production processRun > runs arbitrary evidence through criteria, extraction, substantive checks and cited publication  1768ms
   ✓ W05 structured services through production processRun > does not turn a failed assertion into a verified event or template report  462ms
   ✓ W05 structured writing pause supports resume without repeating evidence work  2071ms
   ✓ W05 structured writing pause supports cancel without repeating evidence work  474ms
   ✓ W04/W05 durable discovered source reading > production worker reads discovered evidence; readable=true  2211ms
   ✓ W05 unresolved criteria trigger a distinct public query and rechecked synthesis  4040ms
   ✓ W06 immutable correction evidence membership > reuses exact passage/version identities but recomputes child claims through production worker  3528ms
   ✓ W06 fresh cited versions change evidence without claiming changed assertion wording  3422ms
   ✓ W06 missing parent publication cannot produce an unchanged comparison  1714ms
{"level":"info","event":"action","runId":"d6e176b9-bb13-465b-b3da-95e75da9a400","type":"clarify","rationale":"A blocking field is unspecified and would change the answer","step":0,"t":"2026-09-17T21:21:40.898Z"}
{"level":"info","event":"action","runId":"b7d6bd7c-ba18-4e25-a93f-5d145474fc30","type":"search","rationale":"Investigate an uncovered required question","step":0,"t":"2026-09-17T21:21:41.207Z"}
{"level":"info","event":"action","runId":"b7d6bd7c-ba18-4e25-a93f-5d145474fc30","type":"fetch","rationale":"Inspect an already-known source before another generic query","step":1,"t":"2026-09-17T21:21:41.248Z"}
{"level":"info","event":"action","runId":"b7d6bd7c-ba18-4e25-a93f-5d145474fc30","type":"fetch","rationale":"Inspect an already-known source before another generic query","step":2,"t":"2026-09-17T21:21:41.268Z"}
{"level":"info","event":"action","runId":"b7d6bd7c-ba18-4e25-a93f-5d145474fc30","type":"fetch","rationale":"Inspect an already-known source before another generic query","step":3,"t":"2026-09-17T21:21:41.302Z"}
{"level":"info","event":"action","runId":"b7d6bd7c-ba18-4e25-a93f-5d145474fc30","type":"challenge","rationale":"Disconfirm material conclusion: A primary source that directly contradicts this conclusion.","step":4,"t":"2026-09-17T21:21:41.330Z"}
{"level":"info","event":"action","runId":"b7d6bd7c-ba18-4e25-a93f-5d145474fc30","type":"challenge","rationale":"No counterexample found in accessed primary sources. This is not proof that the conclusion is true.","step":5,"t":"2026-09-17T21:21:41.352Z"}
{"level":"info","event":"action","runId":"b7d6bd7c-ba18-4e25-a93f-5d145474fc30","type":"synthesize","rationale":"decision_critical_gaps_resolved_or_unresolvable; high-impact claims supported or qualified; contradictions handled; remaining actions low expected value","step":6,"t":"2026-09-17T21:21:41.367Z"}
{"level":"info","event":"action","runId":"5ce81f3b-2964-4281-9b88-87a2dcddf7e4","type":"search","rationale":"Investigate an uncovered required question","step":0,"t":"2026-09-17T21:21:41.923Z"}
{"level":"info","event":"action","runId":"5ce81f3b-2964-4281-9b88-87a2dcddf7e4","type":"fetch","rationale":"Inspect an already-known source before another generic query","step":1,"t":"2026-09-17T21:21:41.942Z"}
{"level":"info","event":"action","runId":"5ce81f3b-2964-4281-9b88-87a2dcddf7e4","type":"challenge","rationale":"Disconfirm material conclusion: A primary source that directly contradicts this conclusion.","step":2,"t":"2026-09-17T21:21:41.958Z"}
{"level":"info","event":"action","runId":"5ce81f3b-2964-4281-9b88-87a2dcddf7e4","type":"challenge","rationale":"No counterexample found in accessed primary sources. This is not proof that the conclusion is true.","step":3,"t":"2026-09-17T21:21:41.974Z"}
{"level":"info","event":"action","runId":"5ce81f3b-2964-4281-9b88-87a2dcddf7e4","type":"synthesize","rationale":"inaccessible_or_unresolved_gap:primary source is inaccessible","step":4,"t":"2026-09-17T21:21:41.988Z"}
{"level":"info","event":"action","runId":"5dc2606a-c439-4901-b3f6-c7fc0cd64a06","type":"search","rationale":"Investigate an uncovered required question","step":0,"t":"2026-09-17T21:21:42.507Z"}
{"level":"info","event":"action","runId":"5dc2606a-c439-4901-b3f6-c7fc0cd64a06","type":"fetch","rationale":"Inspect the preferred source type (vendor-docs) before more weak sources","step":1,"t":"2026-09-17T21:21:42.528Z"}
{"level":"info","event":"action","runId":"5dc2606a-c439-4901-b3f6-c7fc0cd64a06","type":"fetch","rationale":"Inspect the preferred source type (vendor-docs) before more weak sources","step":2,"t":"2026-09-17T21:21:42.543Z"}
{"level":"info","event":"action","runId":"5dc2606a-c439-4901-b3f6-c7fc0cd64a06","type":"verify","rationale":"Scope-check contradiction on value before treating newest as correct","step":3,"t":"2026-09-17T21:21:42.558Z"}
{"level":"info","event":"action","runId":"5dc2606a-c439-4901-b3f6-c7fc0cd64a06","type":"challenge","rationale":"Disconfirm material conclusion: A primary source that directly contradicts this conclusion.","step":4,"t":"2026-09-17T21:21:42.570Z"}
{"level":"info","event":"action","runId":"5dc2606a-c439-4901-b3f6-c7fc0cd64a06","type":"challenge","rationale":"No counterexample found in accessed primary sources. This is not proof that the conclusion is true.","step":5,"t":"2026-09-17T21:21:42.586Z"}
{"level":"info","event":"action","runId":"5dc2606a-c439-4901-b3f6-c7fc0cd64a06","type":"synthesize","rationale":"decision_critical_gaps_resolved_or_unresolvable; high-impact claims supported or qualified; contradictions handled; remaining actions low expected value","step":6,"t":"2026-09-17T21:21:42.596Z"}
{"level":"info","event":"action","runId":"4c9e081e-b787-4210-942f-b26af75cd891","type":"search","rationale":"Investigate an uncovered required question","step":0,"t":"2026-09-17T21:21:43.110Z"}
{"level":"info","event":"action","runId":"4c9e081e-b787-4210-942f-b26af75cd891","type":"fetch","rationale":"Inspect an already-known source before another generic query","step":1,"t":"2026-09-17T21:21:43.135Z"}
{"level":"info","event":"action","runId":"4c9e081e-b787-4210-942f-b26af75cd891","type":"synthesize","rationale":"budget requires finishing with available evidence","step":2,"t":"2026-09-17T21:21:43.149Z"}
{"level":"info","event":"action","runId":"7df4a248-2fec-4a97-bfb4-00f75e53f16e","type":"search","rationale":"Investigate an uncovered required question","step":0,"t":"2026-09-17T21:21:43.665Z"}
{"level":"info","event":"action","runId":"7df4a248-2fec-4a97-bfb4-00f75e53f16e","type":"fetch","rationale":"Inspect an already-known source before another generic query","step":1,"t":"2026-09-17T21:21:43.691Z"}
{"level":"info","event":"action","runId":"7df4a248-2fec-4a97-bfb4-00f75e53f16e","type":"fetch","rationale":"Inspect an already-known source before another generic query","step":2,"t":"2026-09-17T21:21:43.704Z"}
{"level":"info","event":"action","runId":"7df4a248-2fec-4a97-bfb4-00f75e53f16e","type":"fetch","rationale":"Inspect an already-known source before another generic query","step":3,"t":"2026-09-17T21:21:43.717Z"}
{"level":"info","event":"action","runId":"7df4a248-2fec-4a97-bfb4-00f75e53f16e","type":"challenge","rationale":"Disconfirm material conclusion: A primary source that directly contradicts this conclusion.","step":4,"t":"2026-09-17T21:21:43.737Z"}
{"level":"info","event":"action","runId":"7df4a248-2fec-4a97-bfb4-00f75e53f16e","type":"challenge","rationale":"No counterexample found in accessed primary sources. This is not proof that the conclusion is true.","step":5,"t":"2026-09-17T21:21:43.751Z"}
{"level":"info","event":"action","runId":"7df4a248-2fec-4a97-bfb4-00f75e53f16e","type":"synthesize","rationale":"decision_critical_gaps_resolved_or_unresolvable; high-impact claims supported or qualified; contradictions handled; remaining actions low expected value","step":6,"t":"2026-09-17T21:21:43.762Z"}
{"level":"info","event":"action","runId":"bd9eff19-b8d0-4835-8d0e-0c734e888f7a","type":"search","rationale":"Investigate an uncovered required question","step":0,"t":"2026-09-17T21:21:44.274Z"}
{"level":"info","event":"action","runId":"bd9eff19-b8d0-4835-8d0e-0c734e888f7a","type":"search","rationale":"Decision-blocking gap: authoritative compatibility limitation. Switching source type to vendor-matrix.","step":1,"t":"2026-09-17T21:21:44.302Z"}
{"level":"info","event":"action","runId":"bd9eff19-b8d0-4835-8d0e-0c734e888f7a","type":"fetch","rationale":"Inspect the preferred source type (vendor-matrix) before more weak sources","step":2,"t":"2026-09-17T21:21:44.320Z"}
{"level":"info","event":"action","runId":"bd9eff19-b8d0-4835-8d0e-0c734e888f7a","type":"fetch","rationale":"Inspect an already-known source before another generic query","step":3,"t":"2026-09-17T21:21:44.333Z"}
{"level":"info","event":"action","runId":"bd9eff19-b8d0-4835-8d0e-0c734e888f7a","type":"fetch","rationale":"Inspect an already-known source before another generic query","step":4,"t":"2026-09-17T21:21:44.347Z"}
{"level":"info","event":"action","runId":"bd9eff19-b8d0-4835-8d0e-0c734e888f7a","type":"fetch","rationale":"Inspect an already-known source before another generic query","step":5,"t":"2026-09-17T21:21:44.360Z"}
{"level":"info","event":"action","runId":"bd9eff19-b8d0-4835-8d0e-0c734e888f7a","type":"verify","rationale":"Scope-check contradiction on compatibility before treating newest as correct","step":6,"t":"2026-09-17T21:21:44.375Z"}
{"level":"info","event":"action","runId":"bd9eff19-b8d0-4835-8d0e-0c734e888f7a","type":"challenge","rationale":"Disconfirm material conclusion: Official compatibility documentation that lists the named version as supported.","step":7,"t":"2026-09-17T21:21:44.385Z"}
{"level":"info","event":"action","runId":"bd9eff19-b8d0-4835-8d0e-0c734e888f7a","type":"challenge","rationale":"No counterexample found in accessed primary sources. This is not proof that the conclusion is true.","step":8,"t":"2026-09-17T21:21:44.401Z"}
{"level":"info","event":"action","runId":"bd9eff19-b8d0-4835-8d0e-0c734e888f7a","type":"synthesize","rationale":"decision_critical_gaps_resolved_or_unresolvable; high-impact claims supported or qualified; contradictions handled; remaining actions low expected value","step":9,"t":"2026-09-17T21:21:44.412Z"}
{"level":"info","event":"action","runId":"2cc79287-52c2-4711-9927-3e0b30e80993","type":"search","rationale":"Investigate an uncovered required question","step":0,"t":"2026-09-17T21:21:44.948Z"}
{"level":"info","event":"action","runId":"2cc79287-52c2-4711-9927-3e0b30e80993","type":"search","rationale":"Decision-blocking gap: authoritative compatibility limitation. Switching source type to vendor-matrix.","step":1,"t":"2026-09-17T21:21:44.967Z"}
{"level":"info","event":"action","runId":"2cc79287-52c2-4711-9927-3e0b30e80993","type":"fetch","rationale":"Inspect the preferred source type (vendor-matrix) before more weak sources","step":2,"t":"2026-09-17T21:21:44.982Z"}
{"level":"info","event":"action","runId":"2cc79287-52c2-4711-9927-3e0b30e80993","type":"fetch","rationale":"Inspect an already-known source before another generic query","step":3,"t":"2026-09-17T21:21:44.997Z"}
{"level":"info","event":"action","runId":"2cc79287-52c2-4711-9927-3e0b30e80993","type":"fetch","rationale":"Inspect an already-known source before another generic query","step":4,"t":"2026-09-17T21:21:45.011Z"}
{"level":"info","event":"action","runId":"2cc79287-52c2-4711-9927-3e0b30e80993","type":"fetch","rationale":"Inspect an already-known source before another generic query","step":5,"t":"2026-09-17T21:21:45.024Z"}
{"level":"info","event":"action","runId":"2cc79287-52c2-4711-9927-3e0b30e80993","type":"verify","rationale":"Scope-check contradiction on compatibility before treating newest as correct","step":6,"t":"2026-09-17T21:21:45.036Z"}
{"level":"info","event":"action","runId":"2cc79287-52c2-4711-9927-3e0b30e80993","type":"challenge","rationale":"Disconfirm material conclusion: Official compatibility documentation that lists the named version as supported.","step":7,"t":"2026-09-17T21:21:45.047Z"}
{"level":"info","event":"action","runId":"2cc79287-52c2-4711-9927-3e0b30e80993","type":"challenge","rationale":"No counterexample found in accessed primary sources. This is not proof that the conclusion is true.","step":8,"t":"2026-09-17T21:21:45.060Z"}
{"level":"info","event":"action","runId":"2cc79287-52c2-4711-9927-3e0b30e80993","type":"synthesize","rationale":"decision_critical_gaps_resolved_or_unresolvable; high-impact claims supported or qualified; contradictions handled; remaining actions low expected value","step":9,"t":"2026-09-17T21:21:45.070Z"}
{"level":"info","event":"action","runId":"dd22427d-f69c-4fa7-8b8f-f7a5539e7535","type":"search","rationale":"Investigate an uncovered required question","step":0,"t":"2026-09-17T21:21:45.582Z"}
{"level":"info","event":"action","runId":"dd22427d-f69c-4fa7-8b8f-f7a5539e7535","type":"fetch","rationale":"Inspect an already-known source before another generic query","step":1,"t":"2026-09-17T21:21:45.604Z"}
{"level":"info","event":"action","runId":"dd22427d-f69c-4fa7-8b8f-f7a5539e7535","type":"fetch","rationale":"Inspect an already-known source before another generic query","step":2,"t":"2026-09-17T21:21:45.618Z"}
{"level":"info","event":"action","runId":"dd22427d-f69c-4fa7-8b8f-f7a5539e7535","type":"fetch","rationale":"Inspect an already-known source before another generic query","step":3,"t":"2026-09-17T21:21:45.631Z"}
{"level":"info","event":"action","runId":"dd22427d-f69c-4fa7-8b8f-f7a5539e7535","type":"challenge","rationale":"Disconfirm material conclusion: A primary source that directly contradicts this conclusion.","step":4,"t":"2026-09-17T21:21:45.648Z"}
{"level":"info","event":"action","runId":"dd22427d-f69c-4fa7-8b8f-f7a5539e7535","type":"challenge","rationale":"No counterexample found in accessed primary sources. This is not proof that the conclusion is true.","step":5,"t":"2026-09-17T21:21:45.661Z"}
{"level":"info","event":"action","runId":"dd22427d-f69c-4fa7-8b8f-f7a5539e7535","type":"synthesize","rationale":"decision_critical_gaps_resolved_or_unresolvable; high-impact claims supported or qualified; contradictions handled; remaining actions low expected value","step":6,"t":"2026-09-17T21:21:45.672Z"}
{"level":"info","event":"action","runId":"43d480e3-ff66-4089-93e2-740d7ca687bf","type":"search","rationale":"Investigate an uncovered required question","step":0,"t":"2026-09-17T21:21:45.941Z"}
{"level":"info","event":"action","runId":"43d480e3-ff66-4089-93e2-740d7ca687bf","type":"fetch","rationale":"Inspect an already-known source before another generic query","step":1,"t":"2026-09-17T21:21:45.956Z"}
{"level":"info","event":"action","runId":"43d480e3-ff66-4089-93e2-740d7ca687bf","type":"fetch","rationale":"Inspect an already-known source before another generic query","step":2,"t":"2026-09-17T21:21:45.967Z"}
{"level":"info","event":"action","runId":"43d480e3-ff66-4089-93e2-740d7ca687bf","type":"fetch","rationale":"Inspect an already-known source before another generic query","step":3,"t":"2026-09-17T21:21:45.980Z"}
{"level":"info","event":"action","runId":"43d480e3-ff66-4089-93e2-740d7ca687bf","type":"challenge","rationale":"Disconfirm material conclusion: A hard-constraint violation for a candidate currently marked eligible.","step":4,"t":"2026-09-17T21:21:45.992Z"}
{"level":"info","event":"action","runId":"43d480e3-ff66-4089-93e2-740d7ca687bf","type":"challenge","rationale":"No counterexample found in accessed primary sources. This is not proof that the conclusion is true.","step":5,"t":"2026-09-17T21:21:46.007Z"}
{"level":"info","event":"action","runId":"43d480e3-ff66-4089-93e2-740d7ca687bf","type":"synthesize","rationale":"decision_critical_gaps_resolved_or_unresolvable; high-impact claims supported or qualified; contradictions handled; remaining actions low expected value","step":6,"t":"2026-09-17T21:21:46.017Z"}
{"level":"info","event":"action","runId":"973fd906-1322-4ccd-85e2-a45e09664839","type":"search","rationale":"Investigate an uncovered required question","step":0,"t":"2026-09-17T21:21:46.536Z"}
{"level":"info","event":"action","runId":"973fd906-1322-4ccd-85e2-a45e09664839","type":"fetch","rationale":"Inspect an already-known source before another generic query","step":1,"t":"2026-09-17T21:21:46.551Z"}
{"level":"info","event":"action","runId":"973fd906-1322-4ccd-85e2-a45e09664839","type":"challenge","rationale":"Disconfirm material conclusion: A primary source that directly contradicts this conclusion.","step":2,"t":"2026-09-17T21:21:46.563Z"}
{"level":"info","event":"action","runId":"973fd906-1322-4ccd-85e2-a45e09664839","type":"challenge","rationale":"No counterexample found in accessed primary sources. This is not proof that the conclusion is true.","step":3,"t":"2026-09-17T21:21:46.575Z"}
{"level":"info","event":"action","runId":"973fd906-1322-4ccd-85e2-a45e09664839","type":"synthesize","rationale":"decision_critical_gaps_resolved_or_unresolvable; high-impact claims supported or qualified; contradictions handled; remaining actions low expected value","step":4,"t":"2026-09-17T21:21:46.583Z"}
{"level":"info","event":"action","runId":"347b94fe-8bbb-4a3f-8bf4-349b0e91a9ad","type":"search","rationale":"Investigate an uncovered required question","step":0,"t":"2026-09-17T21:21:46.833Z"}
{"level":"info","event":"action","runId":"347b94fe-8bbb-4a3f-8bf4-349b0e91a9ad","type":"fetch","rationale":"Inspect an already-known source before another generic query","step":1,"t":"2026-09-17T21:21:46.845Z"}
{"level":"info","event":"action","runId":"347b94fe-8bbb-4a3f-8bf4-349b0e91a9ad","type":"challenge","rationale":"Disconfirm material conclusion: A primary source that directly contradicts this conclusion.","step":2,"t":"2026-09-17T21:21:46.856Z"}
{"level":"info","event":"action","runId":"347b94fe-8bbb-4a3f-8bf4-349b0e91a9ad","type":"challenge","rationale":"No counterexample found in accessed primary sources. This is not proof that the conclusion is true.","step":3,"t":"2026-09-17T21:21:46.867Z"}
{"level":"info","event":"action","runId":"347b94fe-8bbb-4a3f-8bf4-349b0e91a9ad","type":"synthesize","rationale":"decision_critical_gaps_resolved_or_unresolvable; high-impact claims supported or qualified; contradictions handled; remaining actions low expected value","step":4,"t":"2026-09-17T21:21:46.877Z"}
{"level":"info","event":"action","runId":"f066885c-9c12-44fa-94a4-67f4c06b472a","type":"search","rationale":"Investigate an uncovered required question","step":0,"t":"2026-09-17T21:21:47.356Z"}
{"level":"info","event":"action","runId":"f066885c-9c12-44fa-94a4-67f4c06b472a","type":"fetch","rationale":"Inspect an already-known source before another generic query","step":1,"t":"2026-09-17T21:21:47.377Z"}
{"level":"info","event":"action","runId":"f066885c-9c12-44fa-94a4-67f4c06b472a","type":"fetch","rationale":"Inspect an already-known source before another generic query","step":2,"t":"2026-09-17T21:21:47.390Z"}
{"level":"info","event":"action","runId":"f066885c-9c12-44fa-94a4-67f4c06b472a","type":"fetch","rationale":"Inspect an already-known source before another generic query","step":3,"t":"2026-09-17T21:21:47.402Z"}
{"level":"info","event":"action","runId":"f066885c-9c12-44fa-94a4-67f4c06b472a","type":"challenge","rationale":"Disconfirm material conclusion: A primary source that directly contradicts this conclusion.","step":4,"t":"2026-09-17T21:21:47.420Z"}
{"level":"info","event":"action","runId":"f066885c-9c12-44fa-94a4-67f4c06b472a","type":"challenge","rationale":"No counterexample found in accessed primary sources. This is not proof that the conclusion is true.","step":5,"t":"2026-09-17T21:21:47.433Z"}
{"level":"info","event":"action","runId":"f066885c-9c12-44fa-94a4-67f4c06b472a","type":"synthesize","rationale":"decision_critical_gaps_resolved_or_unresolvable; high-impact claims supported or qualified; contradictions handled; remaining actions low expected value","step":6,"t":"2026-09-17T21:21:47.442Z"}
{"level":"info","event":"action","runId":"830ceb9a-a6c6-4352-98ed-44f7f1a92055","type":"search","rationale":"Investigate an uncovered required question","step":0,"t":"2026-09-17T21:21:47.701Z"}
{"level":"info","event":"action","runId":"830ceb9a-a6c6-4352-98ed-44f7f1a92055","type":"fetch","rationale":"Inspect an already-known source before another generic query","step":1,"t":"2026-09-17T21:21:47.720Z"}
{"level":"info","event":"action","runId":"830ceb9a-a6c6-4352-98ed-44f7f1a92055","type":"fetch","rationale":"Inspect an already-known source before another generic query","step":2,"t":"2026-09-17T21:21:47.732Z"}
{"level":"info","event":"action","runId":"830ceb9a-a6c6-4352-98ed-44f7f1a92055","type":"fetch","rationale":"Inspect an already-known source before another generic query","step":3,"t":"2026-09-17T21:21:47.744Z"}
{"level":"info","event":"action","runId":"830ceb9a-a6c6-4352-98ed-44f7f1a92055","type":"challenge","rationale":"Disconfirm material conclusion: A primary source that directly contradicts this conclusion.","step":4,"t":"2026-09-17T21:21:47.759Z"}
{"level":"info","event":"action","runId":"830ceb9a-a6c6-4352-98ed-44f7f1a92055","type":"challenge","rationale":"Disconfirm material conclusion: A primary source that directly contradicts this conclusion.","step":5,"t":"2026-09-17T21:21:47.773Z"}
{"level":"info","event":"action","runId":"830ceb9a-a6c6-4352-98ed-44f7f1a92055","type":"challenge","rationale":"Disconfirm material conclusion: A primary source that directly contradicts this conclusion.","step":6,"t":"2026-09-17T21:21:47.785Z"}
{"level":"info","event":"action","runId":"830ceb9a-a6c6-4352-98ed-44f7f1a92055","type":"challenge","rationale":"Disconfirm material conclusion: A primary source that directly contradicts this conclusion.","step":7,"t":"2026-09-17T21:21:47.798Z"}
{"level":"info","event":"action","runId":"830ceb9a-a6c6-4352-98ed-44f7f1a92055","type":"challenge","rationale":"Disconfirm material conclusion: A primary source that directly contradicts this conclusion.","step":8,"t":"2026-09-17T21:21:47.812Z"}
{"level":"info","event":"action","runId":"830ceb9a-a6c6-4352-98ed-44f7f1a92055","type":"challenge","rationale":"Disconfirm material conclusion: A primary source that directly contradicts this conclusion.","step":9,"t":"2026-09-17T21:21:47.825Z"}
{"level":"info","event":"action","runId":"830ceb9a-a6c6-4352-98ed-44f7f1a92055","type":"challenge","rationale":"Disconfirm material conclusion: A primary source that directly contradicts this conclusion.","step":10,"t":"2026-09-17T21:21:47.837Z"}
{"level":"info","event":"action","runId":"830ceb9a-a6c6-4352-98ed-44f7f1a92055","type":"challenge","rationale":"No counterexample found in accessed primary sources. This is not proof that the conclusion is true.","step":11,"t":"2026-09-17T21:21:47.850Z"}
{"level":"info","event":"action","runId":"830ceb9a-a6c6-4352-98ed-44f7f1a92055","type":"stop","rationale":"Repeated searches returned no novel source family or coverage progress","step":12,"t":"2026-09-17T21:21:47.861Z"}
{"level":"info","event":"action","runId":"42ec0de1-3028-4464-ac95-db5d15fc9067","type":"search","rationale":"Investigate an uncovered required question","step":0,"t":"2026-09-17T21:21:48.364Z"}
{"level":"info","event":"action","runId":"42ec0de1-3028-4464-ac95-db5d15fc9067","type":"fetch","rationale":"Inspect an already-known source before another generic query","step":1,"t":"2026-09-17T21:21:48.385Z"}
{"level":"info","event":"action","runId":"42ec0de1-3028-4464-ac95-db5d15fc9067","type":"fetch","rationale":"Inspect an already-known source before another generic query","step":2,"t":"2026-09-17T21:21:48.397Z"}
{"level":"info","event":"action","runId":"42ec0de1-3028-4464-ac95-db5d15fc9067","type":"fetch","rationale":"Inspect an already-known source before another generic query","step":3,"t":"2026-09-17T21:21:48.412Z"}
{"level":"info","event":"action","runId":"42ec0de1-3028-4464-ac95-db5d15fc9067","type":"challenge","rationale":"Disconfirm material conclusion: A primary source that directly contradicts this conclusion.","step":4,"t":"2026-09-17T21:21:48.428Z"}
{"level":"info","event":"action","runId":"42ec0de1-3028-4464-ac95-db5d15fc9067","type":"challenge","rationale":"No counterexample found in accessed primary sources. This is not proof that the conclusion is true.","step":5,"t":"2026-09-17T21:21:48.441Z"}
{"level":"info","event":"action","runId":"42ec0de1-3028-4464-ac95-db5d15fc9067","type":"synthesize","rationale":"decision_critical_gaps_resolved_or_unresolvable; high-impact claims supported or qualified; contradictions handled; remaining actions low expected value","step":6,"t":"2026-09-17T21:21:48.451Z"}
{"level":"info","event":"action","runId":"02f0a512-278a-43e0-af41-84a5a2f270d8","type":"search","rationale":"Investigate an uncovered required question","step":0,"t":"2026-09-17T21:21:48.714Z"}
{"level":"info","event":"action","runId":"02f0a512-278a-43e0-af41-84a5a2f270d8","type":"fetch","rationale":"Inspect an already-known source before another generic query","step":1,"t":"2026-09-17T21:21:48.732Z"}
{"level":"info","event":"action","runId":"02f0a512-278a-43e0-af41-84a5a2f270d8","type":"fetch","rationale":"Inspect an already-known source before another generic query","step":2,"t":"2026-09-17T21:21:48.745Z"}
{"level":"info","event":"action","runId":"02f0a512-278a-43e0-af41-84a5a2f270d8","type":"fetch","rationale":"Inspect an already-known source before another generic query","step":3,"t":"2026-09-17T21:21:48.758Z"}
{"level":"info","event":"action","runId":"02f0a512-278a-43e0-af41-84a5a2f270d8","type":"challenge","rationale":"Disconfirm material conclusion: A hard-constraint violation for a candidate currently marked eligible.","step":4,"t":"2026-09-17T21:21:48.772Z"}
{"level":"info","event":"action","runId":"02f0a512-278a-43e0-af41-84a5a2f270d8","type":"challenge","rationale":"No counterexample found in accessed primary sources. This is not proof that the conclusion is true.","step":5,"t":"2026-09-17T21:21:48.785Z"}
{"level":"info","event":"action","runId":"02f0a512-278a-43e0-af41-84a5a2f270d8","type":"synthesize","rationale":"decision_critical_gaps_resolved_or_unresolvable; high-impact claims supported or qualified; contradictions handled; remaining actions low expected value","step":6,"t":"2026-09-17T21:21:48.798Z"}
{"level":"info","event":"action","runId":"93147b82-b5a0-414e-8cc4-52114a45120d","type":"search","rationale":"Investigate an uncovered required question","step":0,"t":"2026-09-17T21:21:49.090Z"}
{"level":"info","event":"action","runId":"93147b82-b5a0-414e-8cc4-52114a45120d","type":"fetch","rationale":"Inspect an already-known source before another generic query","step":1,"t":"2026-09-17T21:21:49.112Z"}
{"level":"info","event":"action","runId":"93147b82-b5a0-414e-8cc4-52114a45120d","type":"fetch","rationale":"Inspect an already-known source before another generic query","step":2,"t":"2026-09-17T21:21:49.129Z"}
{"level":"info","event":"action","runId":"93147b82-b5a0-414e-8cc4-52114a45120d","type":"fetch","rationale":"Inspect an already-known source before another generic query","step":3,"t":"2026-09-17T21:21:49.144Z"}
{"level":"info","event":"action","runId":"93147b82-b5a0-414e-8cc4-52114a45120d","type":"challenge","rationale":"Disconfirm material conclusion: A primary source that directly contradicts this conclusion.","step":4,"t":"2026-09-17T21:21:49.163Z"}
{"level":"info","event":"action","runId":"93147b82-b5a0-414e-8cc4-52114a45120d","type":"challenge","rationale":"No counterexample found in accessed primary sources. This is not proof that the conclusion is true.","step":5,"t":"2026-09-17T21:21:49.178Z"}
{"level":"info","event":"action","runId":"93147b82-b5a0-414e-8cc4-52114a45120d","type":"synthesize","rationale":"decision_critical_gaps_resolved_or_unresolvable; high-impact claims supported or qualified; contradictions handled; remaining actions low expected value","step":6,"t":"2026-09-17T21:21:49.189Z"}
{"level":"info","event":"action","runId":"239ef5b2-7f25-4aba-819e-ef886775781e","type":"search","rationale":"Investigate an uncovered required question","step":0,"t":"2026-09-17T21:21:49.478Z"}
{"level":"info","event":"action","runId":"239ef5b2-7f25-4aba-819e-ef886775781e","type":"fetch","rationale":"Inspect an already-known source before another generic query","step":1,"t":"2026-09-17T21:21:49.495Z"}
{"level":"info","event":"action","runId":"239ef5b2-7f25-4aba-819e-ef886775781e","type":"fetch","rationale":"Inspect an already-known source before another generic query","step":2,"t":"2026-09-17T21:21:49.507Z"}
{"level":"info","event":"action","runId":"239ef5b2-7f25-4aba-819e-ef886775781e","type":"fetch","rationale":"Inspect an already-known source before another generic query","step":3,"t":"2026-09-17T21:21:49.524Z"}
{"level":"info","event":"action","runId":"239ef5b2-7f25-4aba-819e-ef886775781e","type":"challenge","rationale":"Disconfirm material conclusion: A hard-constraint violation for a candidate currently marked eligible.","step":4,"t":"2026-09-17T21:21:49.538Z"}
{"level":"info","event":"action","runId":"239ef5b2-7f25-4aba-819e-ef886775781e","type":"challenge","rationale":"No counterexample found in accessed primary sources. This is not proof that the conclusion is true.","step":5,"t":"2026-09-17T21:21:49.552Z"}
{"level":"info","event":"action","runId":"239ef5b2-7f25-4aba-819e-ef886775781e","type":"synthesize","rationale":"decision_critical_gaps_resolved_or_unresolvable; high-impact claims supported or qualified; contradictions handled; remaining actions low expected value","step":6,"t":"2026-09-17T21:21:49.564Z"}
{"level":"info","event":"action","runId":"460a67bf-3c6e-4a0c-8cad-dcfeee950ea2","type":"search","rationale":"Investigate an uncovered required question","step":0,"t":"2026-09-17T21:21:50.101Z"}
{"level":"info","event":"action","runId":"460a67bf-3c6e-4a0c-8cad-dcfeee950ea2","type":"fetch","rationale":"Inspect an already-known source before another generic query","step":1,"t":"2026-09-17T21:21:50.124Z"}
{"level":"info","event":"action","runId":"460a67bf-3c6e-4a0c-8cad-dcfeee950ea2","type":"fetch","rationale":"Inspect an already-known source before another generic query","step":2,"t":"2026-09-17T21:21:50.136Z"}
{"level":"info","event":"action","runId":"460a67bf-3c6e-4a0c-8cad-dcfeee950ea2","type":"fetch","rationale":"Inspect an already-known source before another generic query","step":3,"t":"2026-09-17T21:21:50.149Z"}
{"level":"info","event":"action","runId":"460a67bf-3c6e-4a0c-8cad-dcfeee950ea2","type":"challenge","rationale":"Disconfirm material conclusion: A primary source that directly contradicts this conclusion.","step":4,"t":"2026-09-17T21:21:50.165Z"}
{"level":"info","event":"action","runId":"460a67bf-3c6e-4a0c-8cad-dcfeee950ea2","type":"challenge","rationale":"No counterexample found in accessed primary sources. This is not proof that the conclusion is true.","step":5,"t":"2026-09-17T21:21:50.177Z"}
{"level":"info","event":"action","runId":"460a67bf-3c6e-4a0c-8cad-dcfeee950ea2","type":"synthesize","rationale":"decision_critical_gaps_resolved_or_unresolvable; high-impact claims supported or qualified; contradictions handled; remaining actions low expected value","step":6,"t":"2026-09-17T21:21:50.187Z"}
{"level":"info","event":"action","runId":"6f72391a-310e-440e-99c2-46613a77ccde","type":"search","rationale":"Investigate an uncovered required question","step":0,"t":"2026-09-17T21:21:50.452Z"}
{"level":"info","event":"action","runId":"6f72391a-310e-440e-99c2-46613a77ccde","type":"fetch","rationale":"Inspect an already-known source before another generic query","step":1,"t":"2026-09-17T21:21:50.466Z"}
{"level":"info","event":"action","runId":"6f72391a-310e-440e-99c2-46613a77ccde","type":"fetch","rationale":"Inspect an already-known source before another generic query","step":2,"t":"2026-09-17T21:21:50.479Z"}
{"level":"info","event":"action","runId":"6f72391a-310e-440e-99c2-46613a77ccde","type":"challenge","rationale":"Disconfirm material conclusion: A primary source that directly contradicts this conclusion.","step":3,"t":"2026-09-17T21:21:50.491Z"}
{"level":"info","event":"action","runId":"6f72391a-310e-440e-99c2-46613a77ccde","type":"challenge","rationale":"Disconfirm material conclusion: A primary source that directly contradicts this conclusion.","step":4,"t":"2026-09-17T21:21:50.505Z"}
{"level":"info","event":"action","runId":"6f72391a-310e-440e-99c2-46613a77ccde","type":"challenge","rationale":"Disconfirm material conclusion: A primary source that directly contradicts this conclusion.","step":5,"t":"2026-09-17T21:21:50.523Z"}
{"level":"info","event":"action","runId":"6f72391a-310e-440e-99c2-46613a77ccde","type":"challenge","rationale":"Disconfirm material conclusion: A primary source that directly contradicts this conclusion.","step":6,"t":"2026-09-17T21:21:50.536Z"}
{"level":"info","event":"action","runId":"6f72391a-310e-440e-99c2-46613a77ccde","type":"challenge","rationale":"Disconfirm material conclusion: A primary source that directly contradicts this conclusion.","step":7,"t":"2026-09-17T21:21:50.549Z"}
{"level":"info","event":"action","runId":"6f72391a-310e-440e-99c2-46613a77ccde","type":"challenge","rationale":"Disconfirm material conclusion: A primary source that directly contradicts this conclusion.","step":8,"t":"2026-09-17T21:21:50.562Z"}
{"level":"info","event":"action","runId":"6f72391a-310e-440e-99c2-46613a77ccde","type":"challenge","rationale":"Disconfirm material conclusion: A primary source that directly contradicts this conclusion.","step":9,"t":"2026-09-17T21:21:50.577Z"}
{"level":"info","event":"action","runId":"6f72391a-310e-440e-99c2-46613a77ccde","type":"challenge","rationale":"No counterexample found in accessed primary sources. This is not proof that the conclusion is true.","step":10,"t":"2026-09-17T21:21:50.592Z"}
{"level":"info","event":"action","runId":"6f72391a-310e-440e-99c2-46613a77ccde","type":"stop","rationale":"Repeated searches returned no novel source family or coverage progress","step":11,"t":"2026-09-17T21:21:50.602Z"}
{"level":"info","event":"action","runId":"6e09d5bf-6bdd-40b1-9c8e-fed8dd705469","type":"search","rationale":"Investigate an uncovered required question","step":0,"t":"2026-09-17T21:21:51.113Z"}
{"level":"info","event":"action","runId":"6e09d5bf-6bdd-40b1-9c8e-fed8dd705469","type":"fetch","rationale":"Inspect an already-known source before another generic query","step":1,"t":"2026-09-17T21:21:51.136Z"}
{"level":"info","event":"action","runId":"6e09d5bf-6bdd-40b1-9c8e-fed8dd705469","type":"fetch","rationale":"Inspect an already-known source before another generic query","step":2,"t":"2026-09-17T21:21:51.148Z"}
{"level":"info","event":"action","runId":"6e09d5bf-6bdd-40b1-9c8e-fed8dd705469","type":"fetch","rationale":"Inspect an already-known source before another generic query","step":3,"t":"2026-09-17T21:21:51.161Z"}
{"level":"info","event":"action","runId":"6e09d5bf-6bdd-40b1-9c8e-fed8dd705469","type":"challenge","rationale":"Disconfirm material conclusion: A primary source that directly contradicts this conclusion.","step":4,"t":"2026-09-17T21:21:51.177Z"}
{"level":"info","event":"action","runId":"6e09d5bf-6bdd-40b1-9c8e-fed8dd705469","type":"challenge","rationale":"No counterexample found in accessed primary sources. This is not proof that the conclusion is true.","step":5,"t":"2026-09-17T21:21:51.190Z"}
{"level":"info","event":"action","runId":"6e09d5bf-6bdd-40b1-9c8e-fed8dd705469","type":"synthesize","rationale":"decision_critical_gaps_resolved_or_unresolvable; high-impact claims supported or qualified; contradictions handled; remaining actions low expected value","step":6,"t":"2026-09-17T21:21:51.199Z"}
{"level":"info","event":"action","runId":"d9a09017-1b25-4ca8-bf77-44055540650a","type":"search","rationale":"Investigate an uncovered required question","step":0,"t":"2026-09-17T21:21:51.698Z"}
{"level":"info","event":"action","runId":"d9a09017-1b25-4ca8-bf77-44055540650a","type":"fetch","rationale":"Inspect an already-known source before another generic query","step":1,"t":"2026-09-17T21:21:51.719Z"}
{"level":"info","event":"action","runId":"d9a09017-1b25-4ca8-bf77-44055540650a","type":"fetch","rationale":"Inspect an already-known source before another generic query","step":2,"t":"2026-09-17T21:21:51.735Z"}
{"level":"info","event":"action","runId":"d9a09017-1b25-4ca8-bf77-44055540650a","type":"fetch","rationale":"Inspect an already-known source before another generic query","step":3,"t":"2026-09-17T21:21:51.747Z"}
{"level":"info","event":"action","runId":"d9a09017-1b25-4ca8-bf77-44055540650a","type":"fetch","rationale":"Inspect an already-known source before another generic query","step":4,"t":"2026-09-17T21:21:51.759Z"}
{"level":"info","event":"action","runId":"d9a09017-1b25-4ca8-bf77-44055540650a","type":"fetch","rationale":"Inspect an already-known source before another generic query","step":5,"t":"2026-09-17T21:21:51.771Z"}
{"level":"info","event":"action","runId":"d9a09017-1b25-4ca8-bf77-44055540650a","type":"challenge","rationale":"Disconfirm material conclusion: A primary source that directly contradicts this conclusion.","step":6,"t":"2026-09-17T21:21:51.783Z"}
{"level":"info","event":"action","runId":"d9a09017-1b25-4ca8-bf77-44055540650a","type":"challenge","rationale":"No counterexample found in accessed primary sources. This is not proof that the conclusion is true.","step":7,"t":"2026-09-17T21:21:51.795Z"}
{"level":"info","event":"action","runId":"d9a09017-1b25-4ca8-bf77-44055540650a","type":"synthesize","rationale":"decision_critical_gaps_resolved_or_unresolvable; high-impact claims supported or qualified; contradictions handled; remaining actions low expected value","step":8,"t":"2026-09-17T21:21:51.805Z"}
{"level":"info","event":"action","runId":"187d9f88-0ebc-4b73-a78c-4e2500faf2bf","type":"search","rationale":"Investigate an uncovered required question","step":0,"t":"2026-09-17T21:21:52.308Z"}
{"level":"info","event":"action","runId":"187d9f88-0ebc-4b73-a78c-4e2500faf2bf","type":"fetch","rationale":"Inspect an already-known source before another generic query","step":1,"t":"2026-09-17T21:21:52.322Z"}
{"level":"info","event":"action","runId":"187d9f88-0ebc-4b73-a78c-4e2500faf2bf","type":"challenge","rationale":"Disconfirm material conclusion: A primary source that directly contradicts this conclusion.","step":2,"t":"2026-09-17T21:21:52.339Z"}
{"level":"info","event":"action","runId":"187d9f88-0ebc-4b73-a78c-4e2500faf2bf","type":"challenge","rationale":"No counterexample found in accessed primary sources. This is not proof that the conclusion is true.","step":3,"t":"2026-09-17T21:21:52.352Z"}
{"level":"info","event":"action","runId":"187d9f88-0ebc-4b73-a78c-4e2500faf2bf","type":"synthesize","rationale":"decision_critical_gaps_resolved_or_unresolvable; high-impact claims supported or qualified; contradictions handled; remaining actions low expected value","step":4,"t":"2026-09-17T21:21:52.364Z"}
{"level":"info","event":"action","runId":"cb302102-a5f6-4faf-a4a3-a5319b023b53","type":"search","rationale":"Investigate an uncovered required question","step":0,"t":"2026-09-17T21:21:53.409Z"}
{"level":"info","event":"action","runId":"cb302102-a5f6-4faf-a4a3-a5319b023b53","type":"fetch","rationale":"Inspect an already-known source before another generic query","step":1,"t":"2026-09-17T21:21:53.429Z"}
{"level":"info","event":"action","runId":"cb302102-a5f6-4faf-a4a3-a5319b023b53","type":"fetch","rationale":"Inspect an already-known source before another generic query","step":2,"t":"2026-09-17T21:21:53.443Z"}
{"level":"info","event":"action","runId":"cb302102-a5f6-4faf-a4a3-a5319b023b53","type":"fetch","rationale":"Inspect an already-known source before another generic query","step":3,"t":"2026-09-17T21:21:53.457Z"}
{"level":"info","event":"action","runId":"cb302102-a5f6-4faf-a4a3-a5319b023b53","type":"fetch","rationale":"Inspect an already-known source before another generic query","step":4,"t":"2026-09-17T21:21:53.470Z"}
{"level":"info","event":"action","runId":"cb302102-a5f6-4faf-a4a3-a5319b023b53","type":"fetch","rationale":"Inspect an already-known source before another generic query","step":5,"t":"2026-09-17T21:21:53.482Z"}
{"level":"info","event":"action","runId":"cb302102-a5f6-4faf-a4a3-a5319b023b53","type":"challenge","rationale":"Disconfirm material conclusion: A primary source that directly contradicts this conclusion.","step":6,"t":"2026-09-17T21:21:53.495Z"}
{"level":"info","event":"action","runId":"cb302102-a5f6-4faf-a4a3-a5319b023b53","type":"challenge","rationale":"No counterexample found in accessed primary sources. This is not proof that the conclusion is true.","step":7,"t":"2026-09-17T21:21:53.508Z"}
{"level":"info","event":"action","runId":"cb302102-a5f6-4faf-a4a3-a5319b023b53","type":"synthesize","rationale":"decision_critical_gaps_resolved_or_unresolvable; high-impact claims supported or qualified; contradictions handled; remaining actions low expected value","step":8,"t":"2026-09-17T21:21:53.519Z"}
 ✓ test/launch-scope.integration.test.ts (19 tests) 13540ms
   ✓ launch-scope fixture/postgres cases > R02 asks a jurisdiction question when it would change the answer  408ms
   ✓ launch-scope fixture/postgres cases > R03 does not interview a clear comparison over style  742ms
   ✓ launch-scope fixture/postgres cases > R07 keeps a paywalled page snippet-only and does not claim a full read  574ms
   ✓ launch-scope fixture/postgres cases > R11 records a real price contradiction without averaging  611ms
   ✓ launch-scope fixture/postgres cases > R14 budget-limited outcome is not marked comprehensive  552ms
   ✓ launch-scope fixture/postgres cases > R22 preserves a reproducible annual cost calculation  618ms
   ✓ launch-scope fixture/postgres cases > V2-01 uses the compatibility matrix, not summary count  660ms
   ✓ launch-scope fixture/postgres cases > V2-02 / R08 switches source type after summary-family saturation  654ms
   ✓ launch-scope fixture/postgres cases > V2-04 relaxed budget discovers a previously omitted candidate  932ms
   ✓ launch-scope fixture/postgres cases > V2-05 recomputes a corrected numeric unit  838ms
   ✓ launch-scope fixture/postgres cases > V2-06 unknown dependency completeness forces a full rerun flag  1000ms
   ✓ launch-scope fixture/postgres cases > P2 selective budget reopen is not a full rerun; unknown-dependency correction is; both 120 EUR paths find Vendor C  1715ms
   ✓ launch-scope fixture/postgres cases > P2 a non-budget correction does not reopen candidate discovery or add Vendor C  1031ms
   ✓ launch-scope fixture/postgres cases > V2-18 distinguishes no eligible inspected option from universal absence  597ms
   ✓ launch-scope fixture/postgres cases > E07 denies another account's evidence id  604ms
   ✓ launch-scope fixture/postgres cases > S04 does not leave raw script markup in the canonical report  559ms
   ✓ launch-scope fixture/postgres cases > challenge and markdown export use the same stored report  669ms
{"level":"info","event":"action","runId":"8f98510d-ef2e-4dfa-954e-798a8f50921e","type":"search","rationale":"Investigate an uncovered required question","step":0,"t":"2026-09-17T21:21:55.025Z"}
{"level":"info","event":"action","runId":"8f98510d-ef2e-4dfa-954e-798a8f50921e","type":"fetch","rationale":"Inspect an already-known source before another generic query","step":1,"t":"2026-09-17T21:21:55.069Z"}
{"level":"info","event":"action","runId":"8f98510d-ef2e-4dfa-954e-798a8f50921e","type":"fetch","rationale":"Inspect an already-known source before another generic query","step":2,"t":"2026-09-17T21:21:55.091Z"}
{"level":"info","event":"action","runId":"8f98510d-ef2e-4dfa-954e-798a8f50921e","type":"fetch","rationale":"Inspect an already-known source before another generic query","step":3,"t":"2026-09-17T21:21:55.111Z"}
{"level":"info","event":"action","runId":"8f98510d-ef2e-4dfa-954e-798a8f50921e","type":"challenge","rationale":"Disconfirm material conclusion: A primary source that directly contradicts this conclusion.","step":4,"t":"2026-09-17T21:21:55.136Z"}
{"level":"info","event":"action","runId":"8f98510d-ef2e-4dfa-954e-798a8f50921e","type":"challenge","rationale":"No counterexample found in accessed primary sources. This is not proof that the conclusion is true.","step":5,"t":"2026-09-17T21:21:55.167Z"}
{"level":"info","event":"action","runId":"8f98510d-ef2e-4dfa-954e-798a8f50921e","type":"synthesize","rationale":"decision_critical_gaps_resolved_or_unresolvable; high-impact claims supported or qualified; contradictions handled; remaining actions low expected value","step":6,"t":"2026-09-17T21:21:55.185Z"}
{"level":"info","event":"action","runId":"a2d63f56-8144-4a97-a327-4ef5a0290f91","type":"search","rationale":"Investigate an uncovered required question","step":0,"t":"2026-09-17T21:21:55.782Z"}
{"level":"info","event":"action","runId":"a2d63f56-8144-4a97-a327-4ef5a0290f91","type":"fetch","rationale":"Inspect an already-known source before another generic query","step":1,"t":"2026-09-17T21:21:55.803Z"}
{"level":"info","event":"action","runId":"a2d63f56-8144-4a97-a327-4ef5a0290f91","type":"challenge","rationale":"Disconfirm material conclusion: A current official catalog entry for the named product.","step":2,"t":"2026-09-17T21:21:55.819Z"}
{"level":"info","event":"action","runId":"a2d63f56-8144-4a97-a327-4ef5a0290f91","type":"challenge","rationale":"No counterexample found in accessed primary sources. This is not proof that the conclusion is true.","step":3,"t":"2026-09-17T21:21:55.835Z"}
{"level":"info","event":"action","runId":"a2d63f56-8144-4a97-a327-4ef5a0290f91","type":"synthesize","rationale":"decision_critical_gaps_resolved_or_unresolvable; high-impact claims supported or qualified; contradictions handled; remaining actions low expected value","step":4,"t":"2026-09-17T21:21:55.849Z"}
{"level":"info","event":"action","runId":"0f588d18-6f2d-4b14-87ce-52bb88859043","type":"search","rationale":"Investigate an uncovered required question","step":0,"t":"2026-09-17T21:21:56.383Z"}
{"level":"info","event":"action","runId":"0f588d18-6f2d-4b14-87ce-52bb88859043","type":"fetch","rationale":"Inspect an already-known source before another generic query","step":1,"t":"2026-09-17T21:21:56.408Z"}
{"level":"info","event":"action","runId":"0f588d18-6f2d-4b14-87ce-52bb88859043","type":"fetch","rationale":"Inspect an already-known source before another generic query","step":2,"t":"2026-09-17T21:21:56.422Z"}
{"level":"info","event":"action","runId":"0f588d18-6f2d-4b14-87ce-52bb88859043","type":"fetch","rationale":"Inspect an already-known source before another generic query","step":3,"t":"2026-09-17T21:21:56.436Z"}
{"level":"info","event":"action","runId":"0f588d18-6f2d-4b14-87ce-52bb88859043","type":"fetch","rationale":"Inspect an already-known source before another generic query","step":4,"t":"2026-09-17T21:21:56.449Z"}
{"level":"info","event":"action","runId":"0f588d18-6f2d-4b14-87ce-52bb88859043","type":"fetch","rationale":"Inspect an already-known source before another generic query","step":5,"t":"2026-09-17T21:21:56.466Z"}
{"level":"info","event":"action","runId":"0f588d18-6f2d-4b14-87ce-52bb88859043","type":"challenge","rationale":"Disconfirm material conclusion: A primary source that directly contradicts this conclusion.","step":6,"t":"2026-09-17T21:21:56.481Z"}
{"level":"info","event":"action","runId":"0f588d18-6f2d-4b14-87ce-52bb88859043","type":"challenge","rationale":"No counterexample found in accessed primary sources. This is not proof that the conclusion is true.","step":7,"t":"2026-09-17T21:21:56.496Z"}
{"level":"info","event":"action","runId":"0f588d18-6f2d-4b14-87ce-52bb88859043","type":"synthesize","rationale":"decision_critical_gaps_resolved_or_unresolvable; high-impact claims supported or qualified; contradictions handled; remaining actions low expected value","step":8,"t":"2026-09-17T21:21:56.507Z"}
{"level":"info","event":"action","runId":"b7aec917-6b81-4b52-9983-9d8a5d8a3f01","type":"search","rationale":"Initial dataset excludes the user's stated population; pivot source type","step":0,"t":"2026-09-17T21:21:56.998Z"}
{"level":"info","event":"action","runId":"b7aec917-6b81-4b52-9983-9d8a5d8a3f01","type":"search","rationale":"Decision-blocking gap: population-specific evidence. Switching source type to population-specific.","step":1,"t":"2026-09-17T21:21:57.016Z"}
{"level":"info","event":"action","runId":"b7aec917-6b81-4b52-9983-9d8a5d8a3f01","type":"search","rationale":"Decision-blocking gap: population-specific evidence. Switching source type to population-specific.","step":2,"t":"2026-09-17T21:21:57.030Z"}
{"level":"info","event":"action","runId":"b7aec917-6b81-4b52-9983-9d8a5d8a3f01","type":"search","rationale":"Decision-blocking gap: population-specific evidence. Switching source type to population-specific.","step":3,"t":"2026-09-17T21:21:57.042Z"}
{"level":"info","event":"action","runId":"b7aec917-6b81-4b52-9983-9d8a5d8a3f01","type":"search","rationale":"Decision-blocking gap: population-specific evidence. Switching source type to population-specific.","step":4,"t":"2026-09-17T21:21:57.055Z"}
{"level":"info","event":"action","runId":"b7aec917-6b81-4b52-9983-9d8a5d8a3f01","type":"search","rationale":"Decision-blocking gap: population-specific evidence. Switching source type to population-specific.","step":5,"t":"2026-09-17T21:21:57.070Z"}
{"level":"info","event":"action","runId":"b7aec917-6b81-4b52-9983-9d8a5d8a3f01","type":"search","rationale":"Decision-blocking gap: population-specific evidence. Switching source type to population-specific.","step":6,"t":"2026-09-17T21:21:57.084Z"}
{"level":"info","event":"action","runId":"b7aec917-6b81-4b52-9983-9d8a5d8a3f01","type":"search","rationale":"Decision-blocking gap: population-specific evidence. Switching source type to population-specific.","step":7,"t":"2026-09-17T21:21:57.099Z"}
{"level":"info","event":"action","runId":"b7aec917-6b81-4b52-9983-9d8a5d8a3f01","type":"fetch","rationale":"Inspect an already-known source before another generic query","step":8,"t":"2026-09-17T21:21:57.113Z"}
{"level":"info","event":"action","runId":"b7aec917-6b81-4b52-9983-9d8a5d8a3f01","type":"fetch","rationale":"Inspect an already-known source before another generic query","step":9,"t":"2026-09-17T21:21:57.126Z"}
{"level":"info","event":"action","runId":"b7aec917-6b81-4b52-9983-9d8a5d8a3f01","type":"challenge","rationale":"No counterexample found in accessed primary sources. This is not proof that the conclusion is true.","step":10,"t":"2026-09-17T21:21:57.140Z"}
{"level":"info","event":"action","runId":"b7aec917-6b81-4b52-9983-9d8a5d8a3f01","type":"stop","rationale":"Repeated searches returned no novel source family or coverage progress","step":11,"t":"2026-09-17T21:21:57.162Z"}
{"level":"info","event":"action","runId":"b6ca7095-9661-4f53-b481-cb617fcb49d5","type":"search","rationale":"Investigate an uncovered required question","step":0,"t":"2026-09-17T21:21:57.676Z"}
{"level":"info","event":"action","runId":"b6ca7095-9661-4f53-b481-cb617fcb49d5","type":"fetch","rationale":"Inspect an already-known source before another generic query","step":1,"t":"2026-09-17T21:21:57.690Z"}
{"level":"info","event":"action","runId":"b6ca7095-9661-4f53-b481-cb617fcb49d5","type":"challenge","rationale":"Disconfirm material conclusion: A primary source that directly contradicts this conclusion.","step":2,"t":"2026-09-17T21:21:57.701Z"}
{"level":"info","event":"action","runId":"b6ca7095-9661-4f53-b481-cb617fcb49d5","type":"challenge","rationale":"No counterexample found in accessed primary sources. This is not proof that the conclusion is true.","step":3,"t":"2026-09-17T21:21:57.715Z"}
{"level":"info","event":"action","runId":"b6ca7095-9661-4f53-b481-cb617fcb49d5","type":"synthesize","rationale":"decision_critical_gaps_resolved_or_unresolvable; high-impact claims supported or qualified; contradictions handled; remaining actions low expected value","step":4,"t":"2026-09-17T21:21:57.725Z"}
{"level":"info","event":"action","runId":"39b539c7-6db8-4b81-a8fd-aff5916d65f5","type":"search","rationale":"Investigate an uncovered required question","step":0,"t":"2026-09-17T21:21:58.213Z"}
{"level":"info","event":"action","runId":"39b539c7-6db8-4b81-a8fd-aff5916d65f5","type":"fetch","rationale":"Inspect an already-known source before another generic query","step":1,"t":"2026-09-17T21:21:58.236Z"}
{"level":"info","event":"action","runId":"39b539c7-6db8-4b81-a8fd-aff5916d65f5","type":"fetch","rationale":"Inspect an already-known source before another generic query","step":2,"t":"2026-09-17T21:21:58.249Z"}
{"level":"info","event":"action","runId":"39b539c7-6db8-4b81-a8fd-aff5916d65f5","type":"fetch","rationale":"Inspect an already-known source before another generic query","step":3,"t":"2026-09-17T21:21:58.262Z"}
{"level":"info","event":"action","runId":"39b539c7-6db8-4b81-a8fd-aff5916d65f5","type":"challenge","rationale":"Disconfirm material conclusion: A primary source that directly contradicts this conclusion.","step":4,"t":"2026-09-17T21:21:58.281Z"}
{"level":"info","event":"action","runId":"39b539c7-6db8-4b81-a8fd-aff5916d65f5","type":"challenge","rationale":"No counterexample found in accessed primary sources. This is not proof that the conclusion is true.","step":5,"t":"2026-09-17T21:21:58.294Z"}
{"level":"info","event":"action","runId":"39b539c7-6db8-4b81-a8fd-aff5916d65f5","type":"synthesize","rationale":"decision_critical_gaps_resolved_or_unresolvable; high-impact claims supported or qualified; contradictions handled; remaining actions low expected value","step":6,"t":"2026-09-17T21:21:58.304Z"}
{"level":"info","event":"action","runId":"1f873822-f883-4ecd-a66a-31cad7ff19ec","type":"search","rationale":"Investigate an uncovered required question","step":0,"t":"2026-09-17T21:21:58.841Z"}
{"level":"info","event":"action","runId":"1f873822-f883-4ecd-a66a-31cad7ff19ec","type":"fetch","rationale":"Inspect an already-known source before another generic query","step":1,"t":"2026-09-17T21:21:58.861Z"}
{"level":"info","event":"action","runId":"1f873822-f883-4ecd-a66a-31cad7ff19ec","type":"fetch","rationale":"Inspect an already-known source before another generic query","step":2,"t":"2026-09-17T21:21:58.875Z"}
{"level":"info","event":"action","runId":"1f873822-f883-4ecd-a66a-31cad7ff19ec","type":"fetch","rationale":"Inspect an already-known source before another generic query","step":3,"t":"2026-09-17T21:21:58.889Z"}
{"level":"info","event":"action","runId":"1f873822-f883-4ecd-a66a-31cad7ff19ec","type":"fetch","rationale":"Inspect an already-known source before another generic query","step":4,"t":"2026-09-17T21:21:58.902Z"}
{"level":"info","event":"action","runId":"1f873822-f883-4ecd-a66a-31cad7ff19ec","type":"fetch","rationale":"Inspect an already-known source before another generic query","step":5,"t":"2026-09-17T21:21:58.915Z"}
{"level":"info","event":"action","runId":"1f873822-f883-4ecd-a66a-31cad7ff19ec","type":"challenge","rationale":"Disconfirm material conclusion: A primary source that directly contradicts this conclusion.","step":6,"t":"2026-09-17T21:21:58.928Z"}
{"level":"info","event":"action","runId":"1f873822-f883-4ecd-a66a-31cad7ff19ec","type":"challenge","rationale":"No counterexample found in accessed primary sources. This is not proof that the conclusion is true.","step":7,"t":"2026-09-17T21:21:58.940Z"}
{"level":"info","event":"action","runId":"1f873822-f883-4ecd-a66a-31cad7ff19ec","type":"synthesize","rationale":"decision_critical_gaps_resolved_or_unresolvable; high-impact claims supported or qualified; contradictions handled; remaining actions low expected value","step":8,"t":"2026-09-17T21:21:58.951Z"}
{"level":"info","event":"action","runId":"3e2d407f-10d6-42b9-9e9b-8e6c9054c9db","type":"search","rationale":"Investigate an uncovered required question","step":0,"t":"2026-09-17T21:21:59.728Z"}
{"level":"info","event":"action","runId":"3e2d407f-10d6-42b9-9e9b-8e6c9054c9db","type":"fetch","rationale":"Inspect an already-known source before another generic query","step":0,"t":"2026-09-17T21:21:59.758Z"}
{"level":"info","event":"action","runId":"3e2d407f-10d6-42b9-9e9b-8e6c9054c9db","type":"fetch","rationale":"Inspect an already-known source before another generic query","step":1,"t":"2026-09-17T21:21:59.771Z"}
{"level":"info","event":"action","runId":"3e2d407f-10d6-42b9-9e9b-8e6c9054c9db","type":"fetch","rationale":"Inspect an already-known source before another generic query","step":2,"t":"2026-09-17T21:21:59.787Z"}
{"level":"info","event":"action","runId":"3e2d407f-10d6-42b9-9e9b-8e6c9054c9db","type":"challenge","rationale":"Disconfirm material conclusion: A primary source that directly contradicts this conclusion.","step":3,"t":"2026-09-17T21:21:59.806Z"}
{"level":"info","event":"action","runId":"3e2d407f-10d6-42b9-9e9b-8e6c9054c9db","type":"challenge","rationale":"No counterexample found in accessed primary sources. This is not proof that the conclusion is true.","step":4,"t":"2026-09-17T21:21:59.819Z"}
{"level":"info","event":"action","runId":"3e2d407f-10d6-42b9-9e9b-8e6c9054c9db","type":"synthesize","rationale":"decision_critical_gaps_resolved_or_unresolvable; high-impact claims supported or qualified; contradictions handled; remaining actions low expected value","step":5,"t":"2026-09-17T21:21:59.830Z"}
{"level":"info","event":"action","runId":"cd179310-648c-4d31-ae88-77d7f9b74185","type":"search","rationale":"Investigate an uncovered required question","step":0,"t":"2026-09-17T21:22:00.340Z"}
{"level":"info","event":"action","runId":"cd179310-648c-4d31-ae88-77d7f9b74185","type":"fetch","rationale":"Inspect an already-known source before another generic query","step":1,"t":"2026-09-17T21:22:00.361Z"}
{"level":"info","event":"action","runId":"cd179310-648c-4d31-ae88-77d7f9b74185","type":"fetch","rationale":"Inspect an already-known source before another generic query","step":2,"t":"2026-09-17T21:22:00.374Z"}
{"level":"info","event":"action","runId":"cd179310-648c-4d31-ae88-77d7f9b74185","type":"fetch","rationale":"Inspect an already-known source before another generic query","step":3,"t":"2026-09-17T21:22:00.389Z"}
{"level":"info","event":"action","runId":"cd179310-648c-4d31-ae88-77d7f9b74185","type":"challenge","rationale":"Disconfirm material conclusion: A primary source that directly contradicts this conclusion.","step":4,"t":"2026-09-17T21:22:00.405Z"}
{"level":"info","event":"action","runId":"cd179310-648c-4d31-ae88-77d7f9b74185","type":"challenge","rationale":"No counterexample found in accessed primary sources. This is not proof that the conclusion is true.","step":5,"t":"2026-09-17T21:22:00.419Z"}
{"level":"info","event":"action","runId":"cd179310-648c-4d31-ae88-77d7f9b74185","type":"synthesize","rationale":"decision_critical_gaps_resolved_or_unresolvable; high-impact claims supported or qualified; contradictions handled; remaining actions low expected value","step":6,"t":"2026-09-17T21:22:00.429Z"}
{"level":"info","event":"action","runId":"ef237216-9086-4cae-9e3b-d13790663d38","type":"search","rationale":"Investigate an uncovered required question","step":0,"t":"2026-09-17T21:22:00.874Z"}
{"level":"info","event":"action","runId":"ef237216-9086-4cae-9e3b-d13790663d38","type":"stop","rationale":"action type reveal_keys is not a permitted research action","step":1,"t":"2026-09-17T21:22:00.891Z"}
{"level":"info","event":"action","runId":"73128ded-b40e-4f93-ac5f-29479273aa79","type":"search","rationale":"Investigate an uncovered required question","step":0,"t":"2026-09-17T21:22:01.594Z"}
{"level":"info","event":"action","runId":"73128ded-b40e-4f93-ac5f-29479273aa79","type":"fetch","rationale":"Inspect an already-known source before another generic query","step":1,"t":"2026-09-17T21:22:01.616Z"}
{"level":"info","event":"action","runId":"73128ded-b40e-4f93-ac5f-29479273aa79","type":"fetch","rationale":"Inspect an already-known source before another generic query","step":2,"t":"2026-09-17T21:22:01.628Z"}
{"level":"info","event":"action","runId":"73128ded-b40e-4f93-ac5f-29479273aa79","type":"fetch","rationale":"Inspect an already-known source before another generic query","step":3,"t":"2026-09-17T21:22:01.642Z"}
{"level":"info","event":"action","runId":"73128ded-b40e-4f93-ac5f-29479273aa79","type":"challenge","rationale":"Disconfirm material conclusion: A primary source that directly contradicts this conclusion.","step":4,"t":"2026-09-17T21:22:01.659Z"}
{"level":"info","event":"action","runId":"73128ded-b40e-4f93-ac5f-29479273aa79","type":"challenge","rationale":"No counterexample found in accessed primary sources. This is not proof that the conclusion is true.","step":5,"t":"2026-09-17T21:22:01.672Z"}
{"level":"info","event":"action","runId":"73128ded-b40e-4f93-ac5f-29479273aa79","type":"synthesize","rationale":"decision_critical_gaps_resolved_or_unresolvable; high-impact claims supported or qualified; contradictions handled; remaining actions low expected value","step":6,"t":"2026-09-17T21:22:01.685Z"}
{"level":"info","event":"action","runId":"c55065d8-e0e7-4750-958d-b84721a7c7d3","type":"search","rationale":"Investigate an uncovered required question","step":0,"t":"2026-09-17T21:22:02.227Z"}
{"level":"info","event":"action","runId":"c55065d8-e0e7-4750-958d-b84721a7c7d3","type":"fetch","rationale":"Inspect an already-known source before another generic query","step":1,"t":"2026-09-17T21:22:02.250Z"}
{"level":"info","event":"action","runId":"c55065d8-e0e7-4750-958d-b84721a7c7d3","type":"fetch","rationale":"Inspect an already-known source before another generic query","step":2,"t":"2026-09-17T21:22:02.264Z"}
{"level":"info","event":"action","runId":"c55065d8-e0e7-4750-958d-b84721a7c7d3","type":"fetch","rationale":"Inspect an already-known source before another generic query","step":3,"t":"2026-09-17T21:22:02.279Z"}
{"level":"info","event":"action","runId":"c55065d8-e0e7-4750-958d-b84721a7c7d3","type":"challenge","rationale":"Disconfirm material conclusion: A primary source that directly contradicts this conclusion.","step":4,"t":"2026-09-17T21:22:02.299Z"}
{"level":"info","event":"action","runId":"c55065d8-e0e7-4750-958d-b84721a7c7d3","type":"challenge","rationale":"No counterexample found in accessed primary sources. This is not proof that the conclusion is true.","step":5,"t":"2026-09-17T21:22:02.314Z"}
{"level":"info","event":"action","runId":"c55065d8-e0e7-4750-958d-b84721a7c7d3","type":"synthesize","rationale":"decision_critical_gaps_resolved_or_unresolvable; high-impact claims supported or qualified; contradictions handled; remaining actions low expected value","step":6,"t":"2026-09-17T21:22:02.326Z"}
{"level":"info","event":"action","runId":"39146fba-d4e5-4db4-9b23-28a9892ee476","type":"search","rationale":"Investigate an uncovered required question","step":0,"t":"2026-09-17T21:22:02.843Z"}
{"level":"info","event":"action","runId":"39146fba-d4e5-4db4-9b23-28a9892ee476","type":"fetch","rationale":"Inspect an already-known source before another generic query","step":1,"t":"2026-09-17T21:22:02.864Z"}
{"level":"info","event":"action","runId":"39146fba-d4e5-4db4-9b23-28a9892ee476","type":"fetch","rationale":"Inspect an already-known source before another generic query","step":2,"t":"2026-09-17T21:22:02.877Z"}
{"level":"info","event":"action","runId":"39146fba-d4e5-4db4-9b23-28a9892ee476","type":"fetch","rationale":"Inspect an already-known source before another generic query","step":3,"t":"2026-09-17T21:22:02.891Z"}
{"level":"info","event":"action","runId":"39146fba-d4e5-4db4-9b23-28a9892ee476","type":"challenge","rationale":"Disconfirm material conclusion: A primary source that directly contradicts this conclusion.","step":4,"t":"2026-09-17T21:22:02.909Z"}
{"level":"info","event":"action","runId":"39146fba-d4e5-4db4-9b23-28a9892ee476","type":"challenge","rationale":"No counterexample found in accessed primary sources. This is not proof that the conclusion is true.","step":5,"t":"2026-09-17T21:22:02.924Z"}
{"level":"info","event":"action","runId":"39146fba-d4e5-4db4-9b23-28a9892ee476","type":"synthesize","rationale":"decision_critical_gaps_resolved_or_unresolvable; high-impact claims supported or qualified; contradictions handled; remaining actions low expected value","step":6,"t":"2026-09-17T21:22:02.935Z"}
{"level":"info","event":"action","runId":"de9ad6eb-f787-474f-8db3-a76d1782a1f6","type":"search","rationale":"Investigate an uncovered required question","step":0,"t":"2026-09-17T21:22:03.223Z"}
{"level":"info","event":"action","runId":"de9ad6eb-f787-474f-8db3-a76d1782a1f6","type":"fetch","rationale":"Inspect an already-known source before another generic query","step":1,"t":"2026-09-17T21:22:03.239Z"}
{"level":"info","event":"action","runId":"de9ad6eb-f787-474f-8db3-a76d1782a1f6","type":"fetch","rationale":"Inspect an already-known source before another generic query","step":2,"t":"2026-09-17T21:22:03.252Z"}
{"level":"info","event":"action","runId":"de9ad6eb-f787-474f-8db3-a76d1782a1f6","type":"fetch","rationale":"Inspect an already-known source before another generic query","step":3,"t":"2026-09-17T21:22:03.266Z"}
{"level":"info","event":"action","runId":"de9ad6eb-f787-474f-8db3-a76d1782a1f6","type":"challenge","rationale":"Disconfirm material conclusion: A hard-constraint violation for a candidate currently marked eligible.","step":4,"t":"2026-09-17T21:22:03.280Z"}
{"level":"info","event":"action","runId":"de9ad6eb-f787-474f-8db3-a76d1782a1f6","type":"challenge","rationale":"No counterexample found in accessed primary sources. This is not proof that the conclusion is true.","step":5,"t":"2026-09-17T21:22:03.294Z"}
{"level":"info","event":"action","runId":"de9ad6eb-f787-474f-8db3-a76d1782a1f6","type":"synthesize","rationale":"decision_critical_gaps_resolved_or_unresolvable; high-impact claims supported or qualified; contradictions handled; remaining actions low expected value","step":6,"t":"2026-09-17T21:22:03.308Z"}
{"level":"info","event":"action","runId":"a27a97fd-cc93-4af8-ac2a-576a9d0a983d","type":"challenge","rationale":"Disconfirm material conclusion: A primary source that directly contradicts this conclusion.","step":0,"t":"2026-09-17T21:22:04.087Z"}
{"level":"info","event":"action","runId":"a27a97fd-cc93-4af8-ac2a-576a9d0a983d","type":"fetch","rationale":"Inspect an already-known source before another generic query","step":1,"t":"2026-09-17T21:22:04.118Z"}
{"level":"info","event":"action","runId":"a27a97fd-cc93-4af8-ac2a-576a9d0a983d","type":"fetch","rationale":"Inspect an already-known source before another generic query","step":2,"t":"2026-09-17T21:22:04.139Z"}
{"level":"info","event":"action","runId":"a27a97fd-cc93-4af8-ac2a-576a9d0a983d","type":"fetch","rationale":"Inspect an already-known source before another generic query","step":3,"t":"2026-09-17T21:22:04.153Z"}
{"level":"info","event":"action","runId":"a27a97fd-cc93-4af8-ac2a-576a9d0a983d","type":"challenge","rationale":"No counterexample found in accessed primary sources. This is not proof that the conclusion is true.","step":4,"t":"2026-09-17T21:22:04.174Z"}
{"level":"info","event":"action","runId":"a27a97fd-cc93-4af8-ac2a-576a9d0a983d","type":"synthesize","rationale":"decision_critical_gaps_resolved_or_unresolvable; high-impact claims supported or qualified; contradictions handled; remaining actions low expected value","step":5,"t":"2026-09-17T21:22:04.190Z"}
{"level":"info","event":"action","runId":"f96e6ba4-1435-41c2-af2d-598a2dba4cc6","type":"search","rationale":"Investigate an uncovered required question","step":0,"t":"2026-09-17T21:22:04.744Z"}
{"level":"info","event":"action","runId":"f96e6ba4-1435-41c2-af2d-598a2dba4cc6","type":"fetch","rationale":"Inspect an already-known source before another generic query","step":1,"t":"2026-09-17T21:22:04.764Z"}
{"level":"info","event":"action","runId":"f96e6ba4-1435-41c2-af2d-598a2dba4cc6","type":"fetch","rationale":"Inspect an already-known source before another generic query","step":2,"t":"2026-09-17T21:22:04.777Z"}
{"level":"info","event":"action","runId":"f96e6ba4-1435-41c2-af2d-598a2dba4cc6","type":"fetch","rationale":"Inspect an already-known source before another generic query","step":3,"t":"2026-09-17T21:22:04.789Z"}
{"level":"info","event":"action","runId":"f96e6ba4-1435-41c2-af2d-598a2dba4cc6","type":"fetch","rationale":"Inspect an already-known source before another generic query","step":4,"t":"2026-09-17T21:22:04.803Z"}
{"level":"info","event":"action","runId":"f96e6ba4-1435-41c2-af2d-598a2dba4cc6","type":"fetch","rationale":"Inspect an already-known source before another generic query","step":5,"t":"2026-09-17T21:22:04.817Z"}
{"level":"info","event":"action","runId":"f96e6ba4-1435-41c2-af2d-598a2dba4cc6","type":"challenge","rationale":"Disconfirm material conclusion: A primary source that directly contradicts this conclusion.","step":6,"t":"2026-09-17T21:22:04.829Z"}
{"level":"info","event":"action","runId":"f96e6ba4-1435-41c2-af2d-598a2dba4cc6","type":"challenge","rationale":"No counterexample found in accessed primary sources. This is not proof that the conclusion is true.","step":7,"t":"2026-09-17T21:22:04.841Z"}
{"level":"info","event":"action","runId":"f96e6ba4-1435-41c2-af2d-598a2dba4cc6","type":"synthesize","rationale":"decision_critical_gaps_resolved_or_unresolvable; high-impact claims supported or qualified; contradictions handled; remaining actions low expected value","step":8,"t":"2026-09-17T21:22:04.851Z"}
 ✓ test/p0-smoke.integration.test.ts (16 tests) 10675ms
   ✓ P0 smoke against shipped API/worker/postgres > R01 already-known constraint is stored and not re-asked  845ms
   ✓ P0 smoke against shipped API/worker/postgres > R04 false premise is reported and not invented  602ms
   ✓ P0 smoke against shipped API/worker/postgres > R05 source duplication clusters five reprints as one origin  640ms
   ✓ P0 smoke against shipped API/worker/postgres > R09 justified pivot opens a population-relevant source  668ms
   ✓ P0 smoke against shipped API/worker/postgres > R13 diminishing returns stops instead of exhausting a quota  544ms
   ✓ P0 smoke against shipped API/worker/postgres > E01 unknown citation ID blocks publication  622ms
   ✓ P0 smoke against shipped API/worker/postgres > E02 non-supporting citation is flagged  631ms
   ✓ P0 smoke against shipped API/worker/postgres > J03 crash after fetch recovers evidence without double settlement  624ms
   ✓ P0 smoke against shipped API/worker/postgres > J05 / V2-07 cancel during writing rejects late publication  381ms
   ✓ P0 smoke against shipped API/worker/postgres > S01 prompt injection cannot authorize tools or reveal keys  679ms
   ✓ P0 smoke against shipped API/worker/postgres > S09 deletion during run purges derived text and blocks resurrection  613ms
   ✓ P0 smoke against shipped API/worker/postgres > V2-08 stale worker lease cannot publish  616ms
   ✓ P0 smoke against shipped API/worker/postgres > correction reopens discovery when a hard budget constraint is relaxed  1197ms
   ✓ P0 smoke against shipped API/worker/postgres > S05 private attachment canary is not copied into a public search query  904ms
   ✓ P0 smoke against shipped API/worker/postgres > GET events and report citations resolve to stored evidence IDs  615ms
{"level":"info","event":"action","runId":"b4a57d87-7d92-4769-b729-6acfdc6a4e0d","type":"search","rationale":"Investigate an uncovered required question","step":0,"t":"2026-09-17T21:22:06.462Z"}
{"level":"info","event":"action","runId":"b4a57d87-7d92-4769-b729-6acfdc6a4e0d","type":"fetch","rationale":"Inspect an already-known source before another generic query","step":1,"t":"2026-09-17T21:22:06.498Z"}
{"level":"info","event":"action","runId":"b4a57d87-7d92-4769-b729-6acfdc6a4e0d","type":"fetch","rationale":"Inspect an already-known source before another generic query","step":2,"t":"2026-09-17T21:22:06.519Z"}
{"level":"info","event":"action","runId":"b4a57d87-7d92-4769-b729-6acfdc6a4e0d","type":"fetch","rationale":"Inspect an already-known source before another generic query","step":3,"t":"2026-09-17T21:22:06.538Z"}
{"level":"info","event":"action","runId":"b4a57d87-7d92-4769-b729-6acfdc6a4e0d","type":"fetch","rationale":"Inspect an already-known source before another generic query","step":4,"t":"2026-09-17T21:22:06.554Z"}
{"level":"info","event":"action","runId":"b4a57d87-7d92-4769-b729-6acfdc6a4e0d","type":"fetch","rationale":"Inspect an already-known source before another generic query","step":5,"t":"2026-09-17T21:22:06.572Z"}
{"level":"info","event":"action","runId":"b4a57d87-7d92-4769-b729-6acfdc6a4e0d","type":"challenge","rationale":"Disconfirm material conclusion: A primary source that directly contradicts this conclusion.","step":6,"t":"2026-09-17T21:22:06.590Z"}
{"level":"info","event":"action","runId":"b4a57d87-7d92-4769-b729-6acfdc6a4e0d","type":"challenge","rationale":"No counterexample found in accessed primary sources. This is not proof that the conclusion is true.","step":7,"t":"2026-09-17T21:22:06.616Z"}
{"level":"info","event":"action","runId":"b4a57d87-7d92-4769-b729-6acfdc6a4e0d","type":"synthesize","rationale":"decision_critical_gaps_resolved_or_unresolvable; high-impact claims supported or qualified; contradictions handled; remaining actions low expected value","step":8,"t":"2026-09-17T21:22:06.634Z"}
{"level":"info","event":"action","runId":"8fb2d96f-7fea-404a-afb2-e233c1a0f9d4","type":"challenge","rationale":"Disconfirm material conclusion: A primary source that directly contradicts this conclusion.","step":0,"t":"2026-09-17T21:22:07.363Z"}
{"level":"info","event":"action","runId":"8fb2d96f-7fea-404a-afb2-e233c1a0f9d4","type":"fetch","rationale":"Inspect an already-known source before another generic query","step":1,"t":"2026-09-17T21:22:07.389Z"}
{"level":"info","event":"action","runId":"8fb2d96f-7fea-404a-afb2-e233c1a0f9d4","type":"fetch","rationale":"Inspect an already-known source before another generic query","step":2,"t":"2026-09-17T21:22:07.405Z"}
{"level":"info","event":"action","runId":"8fb2d96f-7fea-404a-afb2-e233c1a0f9d4","type":"fetch","rationale":"Inspect an already-known source before another generic query","step":3,"t":"2026-09-17T21:22:07.423Z"}
{"level":"info","event":"action","runId":"8fb2d96f-7fea-404a-afb2-e233c1a0f9d4","type":"challenge","rationale":"No counterexample found in accessed primary sources. This is not proof that the conclusion is true.","step":4,"t":"2026-09-17T21:22:07.444Z"}
{"level":"info","event":"action","runId":"8fb2d96f-7fea-404a-afb2-e233c1a0f9d4","type":"synthesize","rationale":"decision_critical_gaps_resolved_or_unresolvable; high-impact claims supported or qualified; contradictions handled; remaining actions low expected value","step":5,"t":"2026-09-17T21:22:07.460Z"}
{"level":"info","event":"action","runId":"65602193-18ad-4403-acc5-89721789446a","type":"search","rationale":"Investigate an uncovered required question","step":0,"t":"2026-09-17T21:22:08.033Z"}
{"level":"info","event":"action","runId":"65602193-18ad-4403-acc5-89721789446a","type":"fetch","rationale":"Inspect an already-known source before another generic query","step":1,"t":"2026-09-17T21:22:08.057Z"}
{"level":"info","event":"action","runId":"65602193-18ad-4403-acc5-89721789446a","type":"fetch","rationale":"Inspect an already-known source before another generic query","step":2,"t":"2026-09-17T21:22:08.070Z"}
{"level":"info","event":"action","runId":"65602193-18ad-4403-acc5-89721789446a","type":"fetch","rationale":"Inspect an already-known source before another generic query","step":3,"t":"2026-09-17T21:22:08.084Z"}
{"level":"info","event":"action","runId":"65602193-18ad-4403-acc5-89721789446a","type":"challenge","rationale":"Disconfirm material conclusion: A primary source that directly contradicts this conclusion.","step":4,"t":"2026-09-17T21:22:08.103Z"}
{"level":"info","event":"action","runId":"65602193-18ad-4403-acc5-89721789446a","type":"challenge","rationale":"No counterexample found in accessed primary sources. This is not proof that the conclusion is true.","step":5,"t":"2026-09-17T21:22:08.121Z"}
{"level":"info","event":"action","runId":"65602193-18ad-4403-acc5-89721789446a","type":"synthesize","rationale":"decision_critical_gaps_resolved_or_unresolvable; high-impact claims supported or qualified; contradictions handled; remaining actions low expected value","step":6,"t":"2026-09-17T21:22:08.134Z"}
{"level":"info","event":"action","runId":"a4f264aa-1fd1-4185-8b84-797a69f141ba","type":"challenge","rationale":"Disconfirm material conclusion: A primary source that directly contradicts this conclusion.","step":0,"t":"2026-09-17T21:22:08.486Z"}
{"level":"info","event":"action","runId":"a4f264aa-1fd1-4185-8b84-797a69f141ba","type":"fetch","rationale":"Inspect an already-known source before another generic query","step":1,"t":"2026-09-17T21:22:08.511Z"}
{"level":"info","event":"action","runId":"a4f264aa-1fd1-4185-8b84-797a69f141ba","type":"fetch","rationale":"Inspect an already-known source before another generic query","step":2,"t":"2026-09-17T21:22:08.528Z"}
{"level":"info","event":"action","runId":"a4f264aa-1fd1-4185-8b84-797a69f141ba","type":"fetch","rationale":"Inspect an already-known source before another generic query","step":3,"t":"2026-09-17T21:22:08.545Z"}
{"level":"info","event":"action","runId":"a4f264aa-1fd1-4185-8b84-797a69f141ba","type":"challenge","rationale":"No counterexample found in accessed primary sources. This is not proof that the conclusion is true.","step":4,"t":"2026-09-17T21:22:08.562Z"}
{"level":"info","event":"action","runId":"a4f264aa-1fd1-4185-8b84-797a69f141ba","type":"synthesize","rationale":"decision_critical_gaps_resolved_or_unresolvable; high-impact claims supported or qualified; contradictions handled; remaining actions low expected value","step":5,"t":"2026-09-17T21:22:08.573Z"}
{"level":"info","event":"action","runId":"e489a5ef-959b-414b-8430-6bc748f8c2a7","type":"search","rationale":"Investigate an uncovered required question","step":0,"t":"2026-09-17T21:22:08.938Z"}
{"level":"info","event":"action","runId":"e489a5ef-959b-414b-8430-6bc748f8c2a7","type":"fetch","rationale":"Inspect an already-known source before another generic query","step":1,"t":"2026-09-17T21:22:08.961Z"}
{"level":"info","event":"action","runId":"e489a5ef-959b-414b-8430-6bc748f8c2a7","type":"fetch","rationale":"Inspect an already-known source before another generic query","step":2,"t":"2026-09-17T21:22:08.976Z"}
{"level":"info","event":"action","runId":"e489a5ef-959b-414b-8430-6bc748f8c2a7","type":"fetch","rationale":"Inspect an already-known source before another generic query","step":3,"t":"2026-09-17T21:22:08.992Z"}
{"level":"info","event":"action","runId":"e489a5ef-959b-414b-8430-6bc748f8c2a7","type":"challenge","rationale":"Disconfirm material conclusion: A primary source that directly contradicts this conclusion.","step":4,"t":"2026-09-17T21:22:09.010Z"}
{"level":"info","event":"action","runId":"e489a5ef-959b-414b-8430-6bc748f8c2a7","type":"challenge","rationale":"No counterexample found in accessed primary sources. This is not proof that the conclusion is true.","step":5,"t":"2026-09-17T21:22:09.027Z"}
{"level":"info","event":"action","runId":"e489a5ef-959b-414b-8430-6bc748f8c2a7","type":"synthesize","rationale":"decision_critical_gaps_resolved_or_unresolvable; high-impact claims supported or qualified; contradictions handled; remaining actions low expected value","step":6,"t":"2026-09-17T21:22:09.040Z"}
{"level":"info","event":"action","runId":"02bad705-451a-4ce3-a580-a0a4f2349132","type":"search","rationale":"Investigate an uncovered required question","step":0,"t":"2026-09-17T21:22:09.355Z"}
{"level":"info","event":"action","runId":"02bad705-451a-4ce3-a580-a0a4f2349132","type":"fetch","rationale":"Inspect an already-known source before another generic query","step":1,"t":"2026-09-17T21:22:09.377Z"}
{"level":"info","event":"action","runId":"02bad705-451a-4ce3-a580-a0a4f2349132","type":"fetch","rationale":"Inspect an already-known source before another generic query","step":2,"t":"2026-09-17T21:22:09.390Z"}
{"level":"info","event":"action","runId":"02bad705-451a-4ce3-a580-a0a4f2349132","type":"fetch","rationale":"Inspect an already-known source before another generic query","step":3,"t":"2026-09-17T21:22:09.404Z"}
{"level":"info","event":"action","runId":"02bad705-451a-4ce3-a580-a0a4f2349132","type":"fetch","rationale":"Inspect an already-known source before another generic query","step":4,"t":"2026-09-17T21:22:09.417Z"}
{"level":"info","event":"action","runId":"02bad705-451a-4ce3-a580-a0a4f2349132","type":"fetch","rationale":"Inspect an already-known source before another generic query","step":5,"t":"2026-09-17T21:22:09.435Z"}
{"level":"info","event":"action","runId":"02bad705-451a-4ce3-a580-a0a4f2349132","type":"challenge","rationale":"Disconfirm material conclusion: A primary source that directly contradicts this conclusion.","step":6,"t":"2026-09-17T21:22:09.449Z"}
{"level":"info","event":"action","runId":"02bad705-451a-4ce3-a580-a0a4f2349132","type":"challenge","rationale":"No counterexample found in accessed primary sources. This is not proof that the conclusion is true.","step":7,"t":"2026-09-17T21:22:09.464Z"}
{"level":"info","event":"action","runId":"02bad705-451a-4ce3-a580-a0a4f2349132","type":"synthesize","rationale":"decision_critical_gaps_resolved_or_unresolvable; high-impact claims supported or qualified; contradictions handled; remaining actions low expected value","step":8,"t":"2026-09-17T21:22:09.475Z"}
{"level":"info","event":"action","runId":"d5563818-e70c-48f8-8cef-5ecc163a682a","type":"search","rationale":"Investigate an uncovered required question","step":0,"t":"2026-09-17T21:22:10.018Z"}
{"level":"info","event":"action","runId":"d5563818-e70c-48f8-8cef-5ecc163a682a","type":"fetch","rationale":"Inspect an already-known source before another generic query","step":1,"t":"2026-09-17T21:22:10.042Z"}
{"level":"info","event":"action","runId":"d5563818-e70c-48f8-8cef-5ecc163a682a","type":"fetch","rationale":"Inspect an already-known source before another generic query","step":2,"t":"2026-09-17T21:22:10.056Z"}
{"level":"info","event":"action","runId":"d5563818-e70c-48f8-8cef-5ecc163a682a","type":"fetch","rationale":"Inspect an already-known source before another generic query","step":3,"t":"2026-09-17T21:22:10.071Z"}
{"level":"info","event":"action","runId":"d5563818-e70c-48f8-8cef-5ecc163a682a","type":"fetch","rationale":"Inspect an already-known source before another generic query","step":4,"t":"2026-09-17T21:22:10.095Z"}
{"level":"info","event":"action","runId":"d5563818-e70c-48f8-8cef-5ecc163a682a","type":"fetch","rationale":"Inspect an already-known source before another generic query","step":5,"t":"2026-09-17T21:22:10.109Z"}
{"level":"info","event":"action","runId":"d5563818-e70c-48f8-8cef-5ecc163a682a","type":"challenge","rationale":"Disconfirm material conclusion: A primary source that directly contradicts this conclusion.","step":6,"t":"2026-09-17T21:22:10.134Z"}
{"level":"info","event":"action","runId":"d5563818-e70c-48f8-8cef-5ecc163a682a","type":"challenge","rationale":"No counterexample found in accessed primary sources. This is not proof that the conclusion is true.","step":7,"t":"2026-09-17T21:22:10.155Z"}
{"level":"info","event":"action","runId":"d5563818-e70c-48f8-8cef-5ecc163a682a","type":"synthesize","rationale":"decision_critical_gaps_resolved_or_unresolvable; high-impact claims supported or qualified; contradictions handled; remaining actions low expected value","step":8,"t":"2026-09-17T21:22:10.168Z"}
{"level":"info","event":"action","runId":"65124f49-e756-486c-a298-d9782919bd63","type":"search","rationale":"Investigate an uncovered required question","step":0,"t":"2026-09-17T21:22:10.701Z"}
{"level":"info","event":"action","runId":"65124f49-e756-486c-a298-d9782919bd63","type":"fetch","rationale":"Inspect an already-known source before another generic query","step":1,"t":"2026-09-17T21:22:10.731Z"}
{"level":"info","event":"action","runId":"65124f49-e756-486c-a298-d9782919bd63","type":"fetch","rationale":"Inspect an already-known source before another generic query","step":2,"t":"2026-09-17T21:22:10.747Z"}
{"level":"info","event":"action","runId":"65124f49-e756-486c-a298-d9782919bd63","type":"fetch","rationale":"Inspect an already-known source before another generic query","step":3,"t":"2026-09-17T21:22:10.761Z"}
{"level":"info","event":"action","runId":"65124f49-e756-486c-a298-d9782919bd63","type":"challenge","rationale":"Disconfirm material conclusion: A primary source that directly contradicts this conclusion.","step":4,"t":"2026-09-17T21:22:10.780Z"}
{"level":"info","event":"action","runId":"65124f49-e756-486c-a298-d9782919bd63","type":"challenge","rationale":"No counterexample found in accessed primary sources. This is not proof that the conclusion is true.","step":5,"t":"2026-09-17T21:22:10.795Z"}
{"level":"info","event":"action","runId":"65124f49-e756-486c-a298-d9782919bd63","type":"synthesize","rationale":"decision_critical_gaps_resolved_or_unresolvable; high-impact claims supported or qualified; contradictions handled; remaining actions low expected value","step":6,"t":"2026-09-17T21:22:10.809Z"}
{"level":"info","event":"action","runId":"a1a3f74f-4072-4681-8e95-2d00f78a4a2e","type":"search","rationale":"Investigate an uncovered required question","step":0,"t":"2026-09-17T21:22:11.170Z"}
{"level":"info","event":"action","runId":"a1a3f74f-4072-4681-8e95-2d00f78a4a2e","type":"fetch","rationale":"Inspect an already-known source before another generic query","step":1,"t":"2026-09-17T21:22:11.193Z"}
{"level":"info","event":"action","runId":"a1a3f74f-4072-4681-8e95-2d00f78a4a2e","type":"fetch","rationale":"Inspect an already-known source before another generic query","step":2,"t":"2026-09-17T21:22:11.207Z"}
{"level":"info","event":"action","runId":"a1a3f74f-4072-4681-8e95-2d00f78a4a2e","type":"fetch","rationale":"Inspect an already-known source before another generic query","step":3,"t":"2026-09-17T21:22:11.222Z"}
{"level":"info","event":"action","runId":"a1a3f74f-4072-4681-8e95-2d00f78a4a2e","type":"challenge","rationale":"Disconfirm material conclusion: A primary source that directly contradicts this conclusion.","step":4,"t":"2026-09-17T21:22:11.243Z"}
{"level":"info","event":"action","runId":"a1a3f74f-4072-4681-8e95-2d00f78a4a2e","type":"challenge","rationale":"No counterexample found in accessed primary sources. This is not proof that the conclusion is true.","step":5,"t":"2026-09-17T21:22:11.259Z"}
{"level":"info","event":"action","runId":"a1a3f74f-4072-4681-8e95-2d00f78a4a2e","type":"synthesize","rationale":"decision_critical_gaps_resolved_or_unresolvable; high-impact claims supported or qualified; contradictions handled; remaining actions low expected value","step":6,"t":"2026-09-17T21:22:11.269Z"}
 ✓ test/g01-g02.integration.test.ts (9 tests) 5696ms
   ✓ G01 safety policy > G01-cross-user: another account cannot read run, events, report, source, export, or mutate  1086ms
   ✓ G01 safety policy > G01-private-to-public: attachment canary is stored as evidence and omitted from search queries  793ms
   ✓ G01 safety policy > G01-consent: missing, declined, and revoked consent cannot start or continue processing  446ms
   ✓ G01 safety policy > G01-deletion: derived text is purged and a late worker cannot resurrect it  476ms
   ✓ G02 engineering requirement > G02-unknown-citation: invented passage IDs cannot publish  410ms
   ✓ G02 engineering requirement > G02-lost-run: an accepted create remains recoverable from the server after the client drops state  631ms
   ✓ G02 engineering requirement > G02-duplicate-debit: replayed completion and idempotent create settle once  711ms
   ✓ G02 engineering requirement > G02-stale-revision: obsolete brief, evidence, or lease cannot publish  464ms
   ✓ G02 engineering requirement > G02-cancel-writing: cancel during writing rejects late publication  440ms
{"level":"info","event":"action","runId":"943938d5-906c-41f0-8f4a-d9925664a604","type":"search","rationale":"Investigate an uncovered required question","step":0,"t":"2026-09-17T21:22:12.525Z"}
{"level":"info","event":"action","runId":"943938d5-906c-41f0-8f4a-d9925664a604","type":"stop","rationale":"action type reveal_keys is not a permitted research action","step":1,"t":"2026-09-17T21:22:12.553Z"}
{"level":"info","event":"action","runId":"5bd86f40-11f2-4e9b-b96b-c4cc678ad5dd","type":"search","rationale":"Investigate an uncovered required question","step":0,"t":"2026-09-17T21:22:13.099Z"}
{"level":"info","event":"action","runId":"5bd86f40-11f2-4e9b-b96b-c4cc678ad5dd","type":"search","rationale":"Decision-blocking gap: authoritative compatibility limitation. Switching source type to vendor-matrix.","step":1,"t":"2026-09-17T21:22:13.131Z"}
{"level":"info","event":"action","runId":"5bd86f40-11f2-4e9b-b96b-c4cc678ad5dd","type":"fetch","rationale":"Inspect the preferred source type (vendor-matrix) before more weak sources","step":2,"t":"2026-09-17T21:22:13.153Z"}
{"level":"info","event":"action","runId":"5bd86f40-11f2-4e9b-b96b-c4cc678ad5dd","type":"fetch","rationale":"Inspect an already-known source before another generic query","step":3,"t":"2026-09-17T21:22:13.178Z"}
{"level":"info","event":"action","runId":"5bd86f40-11f2-4e9b-b96b-c4cc678ad5dd","type":"fetch","rationale":"Inspect an already-known source before another generic query","step":4,"t":"2026-09-17T21:22:13.196Z"}
{"level":"info","event":"action","runId":"5bd86f40-11f2-4e9b-b96b-c4cc678ad5dd","type":"fetch","rationale":"Inspect an already-known source before another generic query","step":5,"t":"2026-09-17T21:22:13.213Z"}
{"level":"info","event":"action","runId":"5bd86f40-11f2-4e9b-b96b-c4cc678ad5dd","type":"verify","rationale":"Scope-check contradiction on compatibility before treating newest as correct","step":6,"t":"2026-09-17T21:22:13.229Z"}
{"level":"info","event":"action","runId":"5bd86f40-11f2-4e9b-b96b-c4cc678ad5dd","type":"challenge","rationale":"Disconfirm material conclusion: Official compatibility documentation that lists the named version as supported.","step":7,"t":"2026-09-17T21:22:13.251Z"}
{"level":"info","event":"action","runId":"5bd86f40-11f2-4e9b-b96b-c4cc678ad5dd","type":"challenge","rationale":"No counterexample found in accessed primary sources. This is not proof that the conclusion is true.","step":8,"t":"2026-09-17T21:22:13.278Z"}
{"level":"info","event":"action","runId":"5bd86f40-11f2-4e9b-b96b-c4cc678ad5dd","type":"synthesize","rationale":"decision_critical_gaps_resolved_or_unresolvable; high-impact claims supported or qualified; contradictions handled; remaining actions low expected value","step":9,"t":"2026-09-17T21:22:13.296Z"}
{"level":"info","event":"action","runId":"d33efe2b-9aa7-42ec-a85e-d2850d44d358","type":"search","rationale":"Investigate an uncovered required question","step":0,"t":"2026-09-17T21:22:13.858Z"}
{"level":"info","event":"action","runId":"d33efe2b-9aa7-42ec-a85e-d2850d44d358","type":"fetch","rationale":"Inspect an already-known source before another generic query","step":1,"t":"2026-09-17T21:22:13.887Z"}
{"level":"info","event":"action","runId":"d33efe2b-9aa7-42ec-a85e-d2850d44d358","type":"fetch","rationale":"Inspect an already-known source before another generic query","step":2,"t":"2026-09-17T21:22:13.913Z"}
{"level":"info","event":"action","runId":"d33efe2b-9aa7-42ec-a85e-d2850d44d358","type":"fetch","rationale":"Inspect an already-known source before another generic query","step":3,"t":"2026-09-17T21:22:13.928Z"}
{"level":"info","event":"action","runId":"d33efe2b-9aa7-42ec-a85e-d2850d44d358","type":"challenge","rationale":"Disconfirm material conclusion: A primary source that directly contradicts this conclusion.","step":4,"t":"2026-09-17T21:22:13.948Z"}
{"level":"info","event":"action","runId":"d33efe2b-9aa7-42ec-a85e-d2850d44d358","type":"challenge","rationale":"No counterexample found in accessed primary sources. This is not proof that the conclusion is true.","step":5,"t":"2026-09-17T21:22:13.970Z"}
{"level":"info","event":"action","runId":"d33efe2b-9aa7-42ec-a85e-d2850d44d358","type":"synthesize","rationale":"decision_critical_gaps_resolved_or_unresolvable; high-impact claims supported or qualified; contradictions handled; remaining actions low expected value","step":6,"t":"2026-09-17T21:22:13.982Z"}
{"level":"info","event":"action","runId":"a340b4fa-81bf-4b78-9f09-9e3906b0fb07","type":"search","rationale":"Investigate an uncovered required question","step":0,"t":"2026-09-17T21:22:14.537Z"}
{"level":"info","event":"action","runId":"a340b4fa-81bf-4b78-9f09-9e3906b0fb07","type":"search","rationale":"Investigate an uncovered required question","step":1,"t":"2026-09-17T21:22:14.575Z"}
{"level":"info","event":"action","runId":"049186c7-583e-4b13-b228-ca2cce870497","type":"search","rationale":"Investigate an uncovered required question","step":0,"t":"2026-09-17T21:22:14.870Z"}
{"level":"info","event":"action","runId":"e4b97df3-e32e-4a68-88a0-962e9dd41252","type":"search","rationale":"Investigate an uncovered required question","step":0,"t":"2026-09-17T21:22:15.339Z"}
{"level":"info","event":"action","runId":"02497819-4b89-4187-8477-c11733b11642","type":"search","rationale":"Investigate an uncovered required question","step":0,"t":"2026-09-17T21:22:15.842Z"}
{"level":"info","event":"action","runId":"9110be55-6e44-441c-9a0d-29749d126dcc","type":"search","rationale":"Investigate an uncovered required question","step":0,"t":"2026-09-17T21:22:16.319Z"}
{"level":"info","event":"action","runId":"fdf4bc7c-f14f-4a43-922e-a7d617cf077e","type":"search","rationale":"Investigate an uncovered required question","step":0,"t":"2026-09-17T21:22:16.824Z"}
{"level":"info","event":"action","runId":"8e50452f-9dc0-4f3a-869f-112fc841626f","type":"search","rationale":"Investigate an uncovered required question","step":0,"t":"2026-09-17T21:22:17.299Z"}
 ✓ test/controller-admission.integration.test.ts (11 tests) 5817ms
   ✓ controller admission on the fixture worker path > rejects injected privileged proposals and still inspects remaining sources  666ms
   ✓ controller admission on the fixture worker path > records a source-type pivot and stop reason for a compatibility gap  759ms
   ✓ controller admission on the fixture worker path > unknown-dependency correction forces a full rerun  679ms
   ✓ controller admission on the fixture worker path > processRun records an issued live intent before the provider call for a well-formed search  337ms
   ✓ controller admission on the fixture worker path > does not count http_failure as a completed search  301ms
   ✓ controller admission on the fixture worker path > does not count unknown_cost as a completed search  471ms
   ✓ controller admission on the fixture worker path > does not count timeout as a completed search  502ms
   ✓ controller admission on the fixture worker path > does not count prior_attempt as a completed search  477ms
   ✓ controller admission on the fixture worker path > does not count prior_confirmed_attempt as a completed search  506ms
   ✓ controller admission on the fixture worker path > default run allowance blocks a larger provider reserve before any network call  467ms
   ✓ controller admission on the fixture worker path > issued then failed live intents still consume the reservation  424ms
{"level":"info","event":"action","runId":"508cfa45-75f2-424b-8c4e-489a2a0babdc","type":"search","rationale":"Investigate an uncovered required question","step":0,"t":"2026-09-17T21:22:18.987Z"}
{"level":"info","event":"action","runId":"508cfa45-75f2-424b-8c4e-489a2a0babdc","type":"fetch","rationale":"Inspect an already-known source before another generic query","step":0,"t":"2026-09-17T21:22:19.050Z"}
{"level":"info","event":"action","runId":"508cfa45-75f2-424b-8c4e-489a2a0babdc","type":"fetch","rationale":"Inspect an already-known source before another generic query","step":1,"t":"2026-09-17T21:22:19.071Z"}
{"level":"info","event":"action","runId":"508cfa45-75f2-424b-8c4e-489a2a0babdc","type":"fetch","rationale":"Inspect an already-known source before another generic query","step":2,"t":"2026-09-17T21:22:19.092Z"}
{"level":"info","event":"action","runId":"508cfa45-75f2-424b-8c4e-489a2a0babdc","type":"challenge","rationale":"Disconfirm material conclusion: A primary source that directly contradicts this conclusion.","step":3,"t":"2026-09-17T21:22:19.120Z"}
{"level":"info","event":"action","runId":"508cfa45-75f2-424b-8c4e-489a2a0babdc","type":"challenge","rationale":"No counterexample found in accessed primary sources. This is not proof that the conclusion is true.","step":4,"t":"2026-09-17T21:22:19.143Z"}
{"level":"info","event":"action","runId":"508cfa45-75f2-424b-8c4e-489a2a0babdc","type":"synthesize","rationale":"decision_critical_gaps_resolved_or_unresolvable; high-impact claims supported or qualified; contradictions handled; remaining actions low expected value","step":5,"t":"2026-09-17T21:22:19.159Z"}
{"level":"info","event":"action","runId":"ba8e245d-9e13-4bf8-851b-9607fdfec84d","type":"search","rationale":"Investigate an uncovered required question","step":0,"t":"2026-09-17T21:22:19.983Z"}
{"level":"info","event":"action","runId":"ba8e245d-9e13-4bf8-851b-9607fdfec84d","type":"fetch","rationale":"Inspect an already-known source before another generic query","step":1,"t":"2026-09-17T21:22:20.011Z"}
{"level":"info","event":"action","runId":"ba8e245d-9e13-4bf8-851b-9607fdfec84d","type":"fetch","rationale":"Inspect an already-known source before another generic query","step":2,"t":"2026-09-17T21:22:20.027Z"}
{"level":"info","event":"action","runId":"ba8e245d-9e13-4bf8-851b-9607fdfec84d","type":"fetch","rationale":"Inspect an already-known source before another generic query","step":3,"t":"2026-09-17T21:22:20.044Z"}
{"level":"info","event":"action","runId":"ba8e245d-9e13-4bf8-851b-9607fdfec84d","type":"challenge","rationale":"Disconfirm material conclusion: A primary source that directly contradicts this conclusion.","step":4,"t":"2026-09-17T21:22:20.064Z"}
{"level":"info","event":"action","runId":"ba8e245d-9e13-4bf8-851b-9607fdfec84d","type":"challenge","rationale":"No counterexample found in accessed primary sources. This is not proof that the conclusion is true.","step":5,"t":"2026-09-17T21:22:20.078Z"}
{"level":"info","event":"action","runId":"ba8e245d-9e13-4bf8-851b-9607fdfec84d","type":"synthesize","rationale":"decision_critical_gaps_resolved_or_unresolvable; high-impact claims supported or qualified; contradictions handled; remaining actions low expected value","step":6,"t":"2026-09-17T21:22:20.095Z"}
{"level":"info","event":"action","runId":"ba8e245d-9e13-4bf8-851b-9607fdfec84d","type":"synthesize","rationale":"decision_critical_gaps_resolved_or_unresolvable; high-impact claims supported or qualified; contradictions handled; remaining actions low expected value","step":0,"t":"2026-09-17T21:22:20.313Z"}
 ✓ test/p4-recovery.integration.test.ts (2 tests) 2325ms
   ✓ P4 recovery drill against shipped worker/Postgres > crash after fetch: evidence kept, live lease not stolen, expired lease recovered without double-settle  1008ms
   ✓ P4 recovery drill against shipped worker/Postgres > crash before publish then expired-lease failover: one report and one settlement  1101ms
{"level":"info","event":"action","runId":"d0d99601-410f-4268-b422-5f5f02349424","type":"search","rationale":"Investigate an uncovered required question","step":0,"t":"2026-09-17T21:22:21.937Z"}
{"level":"info","event":"action","runId":"d0d99601-410f-4268-b422-5f5f02349424","type":"fetch","rationale":"Inspect an already-known source before another generic query","step":1,"t":"2026-09-17T21:22:21.971Z"}
{"level":"info","event":"action","runId":"d0d99601-410f-4268-b422-5f5f02349424","type":"fetch","rationale":"Inspect an already-known source before another generic query","step":2,"t":"2026-09-17T21:22:21.989Z"}
{"level":"info","event":"action","runId":"d0d99601-410f-4268-b422-5f5f02349424","type":"fetch","rationale":"Inspect an already-known source before another generic query","step":3,"t":"2026-09-17T21:22:22.013Z"}
{"level":"info","event":"action","runId":"d0d99601-410f-4268-b422-5f5f02349424","type":"fetch","rationale":"Inspect an already-known source before another generic query","step":4,"t":"2026-09-17T21:22:22.030Z"}
{"level":"info","event":"action","runId":"d0d99601-410f-4268-b422-5f5f02349424","type":"fetch","rationale":"Inspect an already-known source before another generic query","step":5,"t":"2026-09-17T21:22:22.047Z"}
{"level":"info","event":"action","runId":"d0d99601-410f-4268-b422-5f5f02349424","type":"challenge","rationale":"Disconfirm material conclusion: A primary source that directly contradicts this conclusion.","step":6,"t":"2026-09-17T21:22:22.070Z"}
{"level":"info","event":"action","runId":"d0d99601-410f-4268-b422-5f5f02349424","type":"challenge","rationale":"No counterexample found in accessed primary sources. This is not proof that the conclusion is true.","step":7,"t":"2026-09-17T21:22:22.099Z"}
{"level":"info","event":"action","runId":"d0d99601-410f-4268-b422-5f5f02349424","type":"synthesize","rationale":"decision_critical_gaps_resolved_or_unresolvable; high-impact claims supported or qualified; contradictions handled; remaining actions low expected value","step":8,"t":"2026-09-17T21:22:22.115Z"}
{"level":"info","event":"action","runId":"a6b2c14a-b145-4d96-a08b-a6c83118fdbe","type":"search","rationale":"Investigate an uncovered required question","step":0,"t":"2026-09-17T21:22:22.431Z"}
{"level":"info","event":"action","runId":"a6b2c14a-b145-4d96-a08b-a6c83118fdbe","type":"fetch","rationale":"Inspect an already-known source before another generic query","step":1,"t":"2026-09-17T21:22:22.458Z"}
{"level":"info","event":"action","runId":"a6b2c14a-b145-4d96-a08b-a6c83118fdbe","type":"fetch","rationale":"Inspect an already-known source before another generic query","step":2,"t":"2026-09-17T21:22:22.476Z"}
{"level":"info","event":"action","runId":"a6b2c14a-b145-4d96-a08b-a6c83118fdbe","type":"fetch","rationale":"Inspect an already-known source before another generic query","step":3,"t":"2026-09-17T21:22:22.492Z"}
{"level":"info","event":"action","runId":"a6b2c14a-b145-4d96-a08b-a6c83118fdbe","type":"fetch","rationale":"Inspect an already-known source before another generic query","step":4,"t":"2026-09-17T21:22:22.509Z"}
{"level":"info","event":"action","runId":"a6b2c14a-b145-4d96-a08b-a6c83118fdbe","type":"fetch","rationale":"Inspect an already-known source before another generic query","step":5,"t":"2026-09-17T21:22:22.528Z"}
{"level":"info","event":"action","runId":"a6b2c14a-b145-4d96-a08b-a6c83118fdbe","type":"challenge","rationale":"Disconfirm material conclusion: A primary source that directly contradicts this conclusion.","step":6,"t":"2026-09-17T21:22:22.543Z"}
{"level":"info","event":"action","runId":"a6b2c14a-b145-4d96-a08b-a6c83118fdbe","type":"challenge","rationale":"No counterexample found in accessed primary sources. This is not proof that the conclusion is true.","step":7,"t":"2026-09-17T21:22:22.560Z"}
{"level":"info","event":"action","runId":"a6b2c14a-b145-4d96-a08b-a6c83118fdbe","type":"synthesize","rationale":"decision_critical_gaps_resolved_or_unresolvable; high-impact claims supported or qualified; contradictions handled; remaining actions low expected value","step":8,"t":"2026-09-17T21:22:22.575Z"}
 ✓ test/g07-output.integration.test.ts (3 tests) 1991ms
   ✓ G07 / M10 in-app output reporting and privacy disclosure > GET /v1/settings exposes privacy disclosure and output-reporting categories; purchases stay gated  306ms
   ✓ G07 / M10 in-app output reporting and privacy disclosure > M10 includeExcerpt stores owned answer text; omitting it stores no excerpt; other accounts are denied  1221ms
{"level":"info","event":"action","runId":"3e52ef24-449f-45ca-aac8-466cc517dcf7","type":"challenge","rationale":"Disconfirm material conclusion: A primary source that directly contradicts this conclusion.","step":0,"t":"2026-09-17T21:22:24.025Z"}
{"level":"info","event":"action","runId":"3e52ef24-449f-45ca-aac8-466cc517dcf7","type":"fetch","rationale":"Inspect an already-known source before another generic query","step":1,"t":"2026-09-17T21:22:24.066Z"}
{"level":"info","event":"action","runId":"3e52ef24-449f-45ca-aac8-466cc517dcf7","type":"fetch","rationale":"Inspect an already-known source before another generic query","step":2,"t":"2026-09-17T21:22:24.090Z"}
{"level":"info","event":"action","runId":"3e52ef24-449f-45ca-aac8-466cc517dcf7","type":"fetch","rationale":"Inspect an already-known source before another generic query","step":3,"t":"2026-09-17T21:22:24.117Z"}
{"level":"info","event":"action","runId":"3e52ef24-449f-45ca-aac8-466cc517dcf7","type":"challenge","rationale":"Disconfirm material conclusion: A primary source that directly contradicts this conclusion.","step":4,"t":"2026-09-17T21:22:24.146Z"}
{"level":"info","event":"action","runId":"3e52ef24-449f-45ca-aac8-466cc517dcf7","type":"challenge","rationale":"Disconfirm material conclusion: A primary source that directly contradicts this conclusion.","step":5,"t":"2026-09-17T21:22:24.166Z"}
{"level":"info","event":"action","runId":"3e52ef24-449f-45ca-aac8-466cc517dcf7","type":"challenge","rationale":"Disconfirm material conclusion: A primary source that directly contradicts this conclusion.","step":6,"t":"2026-09-17T21:22:24.187Z"}
{"level":"info","event":"action","runId":"3e52ef24-449f-45ca-aac8-466cc517dcf7","type":"challenge","rationale":"Disconfirm material conclusion: A primary source that directly contradicts this conclusion.","step":7,"t":"2026-09-17T21:22:24.207Z"}
{"level":"info","event":"action","runId":"3e52ef24-449f-45ca-aac8-466cc517dcf7","type":"challenge","rationale":"Disconfirm material conclusion: A primary source that directly contradicts this conclusion.","step":8,"t":"2026-09-17T21:22:24.229Z"}
{"level":"info","event":"action","runId":"3e52ef24-449f-45ca-aac8-466cc517dcf7","type":"challenge","rationale":"Disconfirm material conclusion: A primary source that directly contradicts this conclusion.","step":9,"t":"2026-09-17T21:22:24.248Z"}
{"level":"info","event":"action","runId":"3e52ef24-449f-45ca-aac8-466cc517dcf7","type":"challenge","rationale":"Disconfirm material conclusion: A primary source that directly contradicts this conclusion.","step":10,"t":"2026-09-17T21:22:24.269Z"}
{"level":"info","event":"action","runId":"3e52ef24-449f-45ca-aac8-466cc517dcf7","type":"challenge","rationale":"No counterexample found in accessed primary sources. This is not proof that the conclusion is true.","step":11,"t":"2026-09-17T21:22:24.289Z"}
{"level":"info","event":"action","runId":"3e52ef24-449f-45ca-aac8-466cc517dcf7","type":"stop","rationale":"Repeated searches returned no novel source family or coverage progress","step":12,"t":"2026-09-17T21:22:24.307Z"}
{"level":"info","event":"action","runId":"42591363-73b7-4480-9310-6ed24a50a0ca","type":"search","rationale":"Investigate an uncovered required question","step":0,"t":"2026-09-17T21:22:24.702Z"}
{"level":"info","event":"action","runId":"42591363-73b7-4480-9310-6ed24a50a0ca","type":"fetch","rationale":"Inspect an already-known source before another generic query","step":1,"t":"2026-09-17T21:22:24.734Z"}
{"level":"info","event":"action","runId":"42591363-73b7-4480-9310-6ed24a50a0ca","type":"fetch","rationale":"Inspect an already-known source before another generic query","step":2,"t":"2026-09-17T21:22:24.751Z"}
{"level":"info","event":"action","runId":"42591363-73b7-4480-9310-6ed24a50a0ca","type":"fetch","rationale":"Inspect an already-known source before another generic query","step":3,"t":"2026-09-17T21:22:24.769Z"}
{"level":"info","event":"action","runId":"42591363-73b7-4480-9310-6ed24a50a0ca","type":"challenge","rationale":"Disconfirm material conclusion: A primary source that directly contradicts this conclusion.","step":4,"t":"2026-09-17T21:22:24.793Z"}
{"level":"info","event":"action","runId":"42591363-73b7-4480-9310-6ed24a50a0ca","type":"challenge","rationale":"No counterexample found in accessed primary sources. This is not proof that the conclusion is true.","step":5,"t":"2026-09-17T21:22:24.810Z"}
{"level":"info","event":"action","runId":"42591363-73b7-4480-9310-6ed24a50a0ca","type":"synthesize","rationale":"decision_critical_gaps_resolved_or_unresolvable; high-impact claims supported or qualified; contradictions handled; remaining actions low expected value","step":6,"t":"2026-09-17T21:22:24.828Z"}
 ✓ test/v6-deletion.integration.test.ts (9 tests) 1644ms
   ✓ W03 deletion removes raw attachments and private text from every owned research store  651ms
   ✓ W03 a challenges request authenticated before deletion cannot restore private content  368ms
{"level":"info","event":"action","runId":"f4ea79c0-2029-4746-84f6-16d7a5ee2b84","type":"search","rationale":"Investigate an uncovered required question","step":0,"t":"2026-09-17T21:22:26.817Z"}
{"level":"info","event":"action","runId":"f4ea79c0-2029-4746-84f6-16d7a5ee2b84","type":"fetch","rationale":"Inspect an already-known source before another generic query","step":1,"t":"2026-09-17T21:22:26.860Z"}
{"level":"info","event":"action","runId":"f4ea79c0-2029-4746-84f6-16d7a5ee2b84","type":"fetch","rationale":"Inspect an already-known source before another generic query","step":2,"t":"2026-09-17T21:22:26.880Z"}
{"level":"info","event":"action","runId":"f4ea79c0-2029-4746-84f6-16d7a5ee2b84","type":"fetch","rationale":"Inspect an already-known source before another generic query","step":3,"t":"2026-09-17T21:22:26.899Z"}
{"level":"info","event":"action","runId":"f4ea79c0-2029-4746-84f6-16d7a5ee2b84","type":"challenge","rationale":"Disconfirm material conclusion: A primary source that directly contradicts this conclusion.","step":4,"t":"2026-09-17T21:22:26.926Z"}
{"level":"info","event":"action","runId":"f4ea79c0-2029-4746-84f6-16d7a5ee2b84","type":"challenge","rationale":"No counterexample found in accessed primary sources. This is not proof that the conclusion is true.","step":5,"t":"2026-09-17T21:22:26.950Z"}
{"level":"info","event":"action","runId":"f4ea79c0-2029-4746-84f6-16d7a5ee2b84","type":"synthesize","rationale":"decision_critical_gaps_resolved_or_unresolvable; high-impact claims supported or qualified; contradictions handled; remaining actions low expected value","step":6,"t":"2026-09-17T21:22:26.966Z"}
 ✓ test/g06-cost.integration.test.ts (2 tests) 1315ms
   ✓ G06 local capability probe and measured fixture cost > GET /v1/routes/capabilities pins fixture tariffs and does not enable a live paid probe  309ms
   ✓ G06 local capability probe and measured fixture cost > GET /v1/runs/:id/cost reconciles spent_micro to fixture intents and denies other accounts  758ms
 ✓ test/v6-execution.integration.test.ts (22 tests) 1296ms
 ✓ test/v6-publication.integration.test.ts (19 tests) 625ms
 ✓ test/v6-upload.integration.test.ts (2 tests) 310ms
 ✓ test/v6-identity.integration.test.ts (3 tests) 474ms
 ✓ test/v6-ingestion.integration.test.ts (1 test) 186ms
 ✓ test/pinned-http.integration.test.ts (3 tests) 93ms

 Test Files  16 passed (16)
      Tests  260 passed (260)
   Start at  15:20:06
   Duration  146.02s (transform 2.10s, setup 0ms, collect 7.20s, tests 135.14s, environment 4ms, prepare 1.34s)

