
> deep-research-mobile@0.1.0 test:integration /home/oranolio/Desktop/Deep
> pnpm --filter @deep/backend test:integration


> @deep/backend@0.1.0 test:integration /home/oranolio/Desktop/Deep/apps/backend
> vitest run --config vitest.integration.config.ts


 RUN  v3.2.7 /home/oranolio/Desktop/Deep/apps/backend

{"level":"info","event":"action","runId":"f8d4504f-1e99-41e5-9731-68d67f307706","type":"search","rationale":"Investigate an uncovered required question","step":0,"t":"2026-09-17T19:17:22.140Z"}
{"level":"info","event":"action","runId":"f8d4504f-1e99-41e5-9731-68d67f307706","type":"fetch","rationale":"Inspect an already-known source before another generic query","step":1,"t":"2026-09-17T19:17:22.187Z"}
{"level":"info","event":"action","runId":"f8d4504f-1e99-41e5-9731-68d67f307706","type":"fetch","rationale":"Inspect an already-known source before another generic query","step":2,"t":"2026-09-17T19:17:22.208Z"}
{"level":"info","event":"action","runId":"f8d4504f-1e99-41e5-9731-68d67f307706","type":"fetch","rationale":"Inspect an already-known source before another generic query","step":3,"t":"2026-09-17T19:17:22.231Z"}
{"level":"info","event":"action","runId":"f8d4504f-1e99-41e5-9731-68d67f307706","type":"challenge","rationale":"Disconfirm material conclusion: A primary source that directly contradicts this conclusion.","step":4,"t":"2026-09-17T19:17:22.260Z"}
{"level":"info","event":"action","runId":"f8d4504f-1e99-41e5-9731-68d67f307706","type":"challenge","rationale":"No counterexample found in accessed primary sources. This is not proof that the conclusion is true.","step":5,"t":"2026-09-17T19:17:22.284Z"}
{"level":"info","event":"action","runId":"f8d4504f-1e99-41e5-9731-68d67f307706","type":"synthesize","rationale":"decision_critical_gaps_resolved_or_unresolvable; high-impact claims supported or qualified; contradictions handled; remaining actions low expected value","step":6,"t":"2026-09-17T19:17:22.301Z"}
{"level":"info","event":"action","runId":"1d863ecc-380a-4434-8717-446624662476","type":"search","rationale":"Investigate an uncovered required question","step":0,"t":"2026-09-17T19:17:22.852Z"}
{"level":"info","event":"action","runId":"1d863ecc-380a-4434-8717-446624662476","type":"fetch","rationale":"Inspect an already-known source before another generic query","step":1,"t":"2026-09-17T19:17:22.878Z"}
{"level":"info","event":"action","runId":"1d863ecc-380a-4434-8717-446624662476","type":"fetch","rationale":"Inspect an already-known source before another generic query","step":2,"t":"2026-09-17T19:17:22.893Z"}
{"level":"info","event":"action","runId":"1d863ecc-380a-4434-8717-446624662476","type":"challenge","rationale":"Disconfirm material conclusion: A primary source that directly contradicts this conclusion.","step":3,"t":"2026-09-17T19:17:22.914Z"}
{"level":"info","event":"action","runId":"1d863ecc-380a-4434-8717-446624662476","type":"challenge","rationale":"No counterexample found in accessed primary sources. This is not proof that the conclusion is true.","step":4,"t":"2026-09-17T19:17:22.931Z"}
{"level":"info","event":"action","runId":"1d863ecc-380a-4434-8717-446624662476","type":"synthesize","rationale":"decision_critical_gaps_resolved_or_unresolvable; high-impact claims supported or qualified; contradictions handled; remaining actions low expected value","step":5,"t":"2026-09-17T19:17:22.948Z"}
{"level":"info","event":"action","runId":"5ad7a621-b6e0-46de-8827-cd21e02ec54b","type":"search","rationale":"Investigate an uncovered required question","step":0,"t":"2026-09-17T19:17:23.422Z"}
{"level":"info","event":"action","runId":"5ad7a621-b6e0-46de-8827-cd21e02ec54b","type":"fetch","rationale":"Inspect an already-known source before another generic query","step":1,"t":"2026-09-17T19:17:23.462Z"}
{"level":"info","event":"action","runId":"5ad7a621-b6e0-46de-8827-cd21e02ec54b","type":"fetch","rationale":"Inspect an already-known source before another generic query","step":2,"t":"2026-09-17T19:17:23.486Z"}
{"level":"info","event":"action","runId":"5ad7a621-b6e0-46de-8827-cd21e02ec54b","type":"fetch","rationale":"Inspect an already-known source before another generic query","step":3,"t":"2026-09-17T19:17:23.508Z"}
{"level":"info","event":"action","runId":"5ad7a621-b6e0-46de-8827-cd21e02ec54b","type":"challenge","rationale":"Disconfirm material conclusion: A primary source that directly contradicts this conclusion.","step":4,"t":"2026-09-17T19:17:23.540Z"}
{"level":"info","event":"action","runId":"5ad7a621-b6e0-46de-8827-cd21e02ec54b","type":"challenge","rationale":"No counterexample found in accessed primary sources. This is not proof that the conclusion is true.","step":5,"t":"2026-09-17T19:17:23.564Z"}
{"level":"info","event":"action","runId":"5ad7a621-b6e0-46de-8827-cd21e02ec54b","type":"synthesize","rationale":"decision_critical_gaps_resolved_or_unresolvable; high-impact claims supported or qualified; contradictions handled; remaining actions low expected value","step":6,"t":"2026-09-17T19:17:23.579Z"}
{"level":"info","event":"action","runId":"555efe94-be6f-48eb-86f0-ec847fc88772","type":"search","rationale":"Investigate an uncovered required question","step":0,"t":"2026-09-17T19:17:24.206Z"}
{"level":"info","event":"action","runId":"555efe94-be6f-48eb-86f0-ec847fc88772","type":"fetch","rationale":"Inspect an already-known source before another generic query","step":1,"t":"2026-09-17T19:17:24.227Z"}
{"level":"info","event":"action","runId":"555efe94-be6f-48eb-86f0-ec847fc88772","type":"fetch","rationale":"Inspect an already-known source before another generic query","step":2,"t":"2026-09-17T19:17:24.247Z"}
{"level":"info","event":"action","runId":"555efe94-be6f-48eb-86f0-ec847fc88772","type":"challenge","rationale":"Disconfirm material conclusion: A primary source that directly contradicts this conclusion.","step":3,"t":"2026-09-17T19:17:24.265Z"}
{"level":"info","event":"action","runId":"555efe94-be6f-48eb-86f0-ec847fc88772","type":"challenge","rationale":"No counterexample found in accessed primary sources. This is not proof that the conclusion is true.","step":4,"t":"2026-09-17T19:17:24.283Z"}
{"level":"info","event":"action","runId":"555efe94-be6f-48eb-86f0-ec847fc88772","type":"synthesize","rationale":"decision_critical_gaps_resolved_or_unresolvable; high-impact claims supported or qualified; contradictions handled; remaining actions low expected value","step":5,"t":"2026-09-17T19:17:24.296Z"}
{"level":"info","event":"action","runId":"c72fd2cb-5f07-44e6-9542-cefff89a178a","type":"search","rationale":"Investigate an uncovered required question","step":0,"t":"2026-09-17T19:17:24.855Z"}
{"level":"info","event":"action","runId":"c72fd2cb-5f07-44e6-9542-cefff89a178a","type":"fetch","rationale":"Inspect an already-known source before another generic query","step":1,"t":"2026-09-17T19:17:24.881Z"}
{"level":"info","event":"action","runId":"c72fd2cb-5f07-44e6-9542-cefff89a178a","type":"challenge","rationale":"Disconfirm material conclusion: A primary source that directly contradicts this conclusion.","step":2,"t":"2026-09-17T19:17:24.899Z"}
{"level":"info","event":"action","runId":"c72fd2cb-5f07-44e6-9542-cefff89a178a","type":"challenge","rationale":"No counterexample found in accessed primary sources. This is not proof that the conclusion is true.","step":3,"t":"2026-09-17T19:17:24.924Z"}
{"level":"info","event":"action","runId":"c72fd2cb-5f07-44e6-9542-cefff89a178a","type":"synthesize","rationale":"decision_critical_gaps_resolved_or_unresolvable; high-impact claims supported or qualified; contradictions handled; remaining actions low expected value","step":4,"t":"2026-09-17T19:17:24.939Z"}
{"level":"info","event":"action","runId":"03db0798-656d-437f-8c75-bef5275fd3f2","type":"search","rationale":"Investigate an uncovered required question","step":0,"t":"2026-09-17T19:17:25.442Z"}
{"level":"info","event":"action","runId":"03db0798-656d-437f-8c75-bef5275fd3f2","type":"fetch","rationale":"Inspect an already-known source before another generic query","step":1,"t":"2026-09-17T19:17:25.489Z"}
{"level":"info","event":"action","runId":"03db0798-656d-437f-8c75-bef5275fd3f2","type":"fetch","rationale":"Inspect an already-known source before another generic query","step":2,"t":"2026-09-17T19:17:25.510Z"}
{"level":"info","event":"action","runId":"03db0798-656d-437f-8c75-bef5275fd3f2","type":"fetch","rationale":"Inspect an already-known source before another generic query","step":3,"t":"2026-09-17T19:17:25.525Z"}
{"level":"info","event":"action","runId":"03db0798-656d-437f-8c75-bef5275fd3f2","type":"challenge","rationale":"Disconfirm material conclusion: A primary source that directly contradicts this conclusion.","step":4,"t":"2026-09-17T19:17:25.546Z"}
{"level":"info","event":"action","runId":"03db0798-656d-437f-8c75-bef5275fd3f2","type":"challenge","rationale":"No counterexample found in accessed primary sources. This is not proof that the conclusion is true.","step":5,"t":"2026-09-17T19:17:25.568Z"}
{"level":"info","event":"action","runId":"03db0798-656d-437f-8c75-bef5275fd3f2","type":"synthesize","rationale":"decision_critical_gaps_resolved_or_unresolvable; high-impact claims supported or qualified; contradictions handled; remaining actions low expected value","step":6,"t":"2026-09-17T19:17:25.583Z"}
{"level":"info","event":"action","runId":"0e22ddcd-68f9-4ec5-ad9b-a417ae58a259","type":"search","rationale":"Investigate an uncovered required question","step":0,"t":"2026-09-17T19:17:26.164Z"}
{"level":"info","event":"action","runId":"0e22ddcd-68f9-4ec5-ad9b-a417ae58a259","type":"fetch","rationale":"Inspect an already-known source before another generic query","step":1,"t":"2026-09-17T19:17:26.198Z"}
{"level":"info","event":"action","runId":"0e22ddcd-68f9-4ec5-ad9b-a417ae58a259","type":"fetch","rationale":"Inspect an already-known source before another generic query","step":2,"t":"2026-09-17T19:17:26.217Z"}
{"level":"info","event":"action","runId":"0e22ddcd-68f9-4ec5-ad9b-a417ae58a259","type":"fetch","rationale":"Inspect an already-known source before another generic query","step":3,"t":"2026-09-17T19:17:26.233Z"}
{"level":"info","event":"action","runId":"0e22ddcd-68f9-4ec5-ad9b-a417ae58a259","type":"fetch","rationale":"Inspect an already-known source before another generic query","step":4,"t":"2026-09-17T19:17:26.256Z"}
{"level":"info","event":"action","runId":"0e22ddcd-68f9-4ec5-ad9b-a417ae58a259","type":"fetch","rationale":"Inspect an already-known source before another generic query","step":5,"t":"2026-09-17T19:17:26.288Z"}
{"level":"info","event":"action","runId":"0e22ddcd-68f9-4ec5-ad9b-a417ae58a259","type":"challenge","rationale":"Disconfirm material conclusion: A primary source that directly contradicts this conclusion.","step":6,"t":"2026-09-17T19:17:26.310Z"}
{"level":"info","event":"action","runId":"0e22ddcd-68f9-4ec5-ad9b-a417ae58a259","type":"challenge","rationale":"No counterexample found in accessed primary sources. This is not proof that the conclusion is true.","step":7,"t":"2026-09-17T19:17:26.327Z"}
{"level":"info","event":"action","runId":"0e22ddcd-68f9-4ec5-ad9b-a417ae58a259","type":"synthesize","rationale":"decision_critical_gaps_resolved_or_unresolvable; high-impact claims supported or qualified; contradictions handled; remaining actions low expected value","step":8,"t":"2026-09-17T19:17:26.347Z"}
{"level":"info","event":"action","runId":"93f771d2-7afd-4908-8f0a-258a14cd646e","type":"challenge","rationale":"Disconfirm material conclusion: A primary source that directly contradicts this conclusion.","step":0,"t":"2026-09-17T19:17:26.995Z"}
{"level":"info","event":"action","runId":"93f771d2-7afd-4908-8f0a-258a14cd646e","type":"fetch","rationale":"Inspect an already-known source before another generic query","step":1,"t":"2026-09-17T19:17:27.034Z"}
{"level":"info","event":"action","runId":"93f771d2-7afd-4908-8f0a-258a14cd646e","type":"fetch","rationale":"Inspect an already-known source before another generic query","step":2,"t":"2026-09-17T19:17:27.054Z"}
{"level":"info","event":"action","runId":"93f771d2-7afd-4908-8f0a-258a14cd646e","type":"fetch","rationale":"Inspect an already-known source before another generic query","step":3,"t":"2026-09-17T19:17:27.076Z"}
{"level":"info","event":"action","runId":"93f771d2-7afd-4908-8f0a-258a14cd646e","type":"challenge","rationale":"No counterexample found in accessed primary sources. This is not proof that the conclusion is true.","step":4,"t":"2026-09-17T19:17:27.102Z"}
{"level":"info","event":"action","runId":"93f771d2-7afd-4908-8f0a-258a14cd646e","type":"synthesize","rationale":"decision_critical_gaps_resolved_or_unresolvable; high-impact claims supported or qualified; contradictions handled; remaining actions low expected value","step":5,"t":"2026-09-17T19:17:27.122Z"}
{"level":"info","event":"action","runId":"f9c42379-9ae7-48e4-a038-6190e11d6535","type":"search","rationale":"Investigate an uncovered required question","step":0,"t":"2026-09-17T19:17:27.725Z"}
{"level":"info","event":"action","runId":"f9c42379-9ae7-48e4-a038-6190e11d6535","type":"fetch","rationale":"Inspect an already-known source before another generic query","step":1,"t":"2026-09-17T19:17:27.759Z"}
{"level":"info","event":"action","runId":"f9c42379-9ae7-48e4-a038-6190e11d6535","type":"fetch","rationale":"Inspect an already-known source before another generic query","step":2,"t":"2026-09-17T19:17:27.776Z"}
{"level":"info","event":"action","runId":"f9c42379-9ae7-48e4-a038-6190e11d6535","type":"fetch","rationale":"Inspect an already-known source before another generic query","step":3,"t":"2026-09-17T19:17:27.794Z"}
{"level":"info","event":"action","runId":"f9c42379-9ae7-48e4-a038-6190e11d6535","type":"challenge","rationale":"Disconfirm material conclusion: A hard-constraint violation for a candidate currently marked eligible.","step":4,"t":"2026-09-17T19:17:27.811Z"}
{"level":"info","event":"action","runId":"f9c42379-9ae7-48e4-a038-6190e11d6535","type":"challenge","rationale":"No counterexample found in accessed primary sources. This is not proof that the conclusion is true.","step":5,"t":"2026-09-17T19:17:27.840Z"}
{"level":"info","event":"action","runId":"f9c42379-9ae7-48e4-a038-6190e11d6535","type":"synthesize","rationale":"decision_critical_gaps_resolved_or_unresolvable; high-impact claims supported or qualified; contradictions handled; remaining actions low expected value","step":6,"t":"2026-09-17T19:17:27.864Z"}
{"level":"info","event":"action","runId":"7c5b0602-9c38-4cc7-bc85-17e1b0b47f5f","type":"search","rationale":"Investigate an uncovered required question","step":0,"t":"2026-09-17T19:17:28.419Z"}
{"level":"info","event":"action","runId":"7c5b0602-9c38-4cc7-bc85-17e1b0b47f5f","type":"fetch","rationale":"Inspect an already-known source before another generic query","step":1,"t":"2026-09-17T19:17:28.442Z"}
{"level":"info","event":"action","runId":"7c5b0602-9c38-4cc7-bc85-17e1b0b47f5f","type":"fetch","rationale":"Inspect an already-known source before another generic query","step":2,"t":"2026-09-17T19:17:28.456Z"}
{"level":"info","event":"action","runId":"7c5b0602-9c38-4cc7-bc85-17e1b0b47f5f","type":"fetch","rationale":"Inspect an already-known source before another generic query","step":3,"t":"2026-09-17T19:17:28.473Z"}
{"level":"info","event":"action","runId":"7c5b0602-9c38-4cc7-bc85-17e1b0b47f5f","type":"challenge","rationale":"Disconfirm material conclusion: A hard-constraint violation for a candidate currently marked eligible.","step":4,"t":"2026-09-17T19:17:28.501Z"}
{"level":"info","event":"action","runId":"7c5b0602-9c38-4cc7-bc85-17e1b0b47f5f","type":"challenge","rationale":"No counterexample found in accessed primary sources. This is not proof that the conclusion is true.","step":5,"t":"2026-09-17T19:17:28.539Z"}
{"level":"info","event":"action","runId":"7c5b0602-9c38-4cc7-bc85-17e1b0b47f5f","type":"synthesize","rationale":"decision_critical_gaps_resolved_or_unresolvable; high-impact claims supported or qualified; contradictions handled; remaining actions low expected value","step":6,"t":"2026-09-17T19:17:28.558Z"}
{"level":"info","event":"action","runId":"8412ec60-7be2-4ead-9e93-91851bf181ca","type":"search","rationale":"Investigate an uncovered required question","step":0,"t":"2026-09-17T19:17:28.905Z"}
{"level":"info","event":"action","runId":"8412ec60-7be2-4ead-9e93-91851bf181ca","type":"fetch","rationale":"Inspect an already-known source before another generic query","step":1,"t":"2026-09-17T19:17:28.921Z"}
{"level":"info","event":"action","runId":"8412ec60-7be2-4ead-9e93-91851bf181ca","type":"fetch","rationale":"Inspect an already-known source before another generic query","step":2,"t":"2026-09-17T19:17:28.939Z"}
{"level":"info","event":"action","runId":"8412ec60-7be2-4ead-9e93-91851bf181ca","type":"fetch","rationale":"Inspect an already-known source before another generic query","step":3,"t":"2026-09-17T19:17:28.962Z"}
{"level":"info","event":"action","runId":"8412ec60-7be2-4ead-9e93-91851bf181ca","type":"challenge","rationale":"Disconfirm material conclusion: A hard-constraint violation for a candidate currently marked eligible.","step":4,"t":"2026-09-17T19:17:28.983Z"}
{"level":"info","event":"action","runId":"8412ec60-7be2-4ead-9e93-91851bf181ca","type":"challenge","rationale":"Disconfirm material conclusion: A hard-constraint violation for a candidate currently marked eligible.","step":5,"t":"2026-09-17T19:17:29.007Z"}
{"level":"info","event":"action","runId":"8412ec60-7be2-4ead-9e93-91851bf181ca","type":"challenge","rationale":"Disconfirm material conclusion: A hard-constraint violation for a candidate currently marked eligible.","step":6,"t":"2026-09-17T19:17:29.025Z"}
{"level":"info","event":"action","runId":"8412ec60-7be2-4ead-9e93-91851bf181ca","type":"challenge","rationale":"Disconfirm material conclusion: A hard-constraint violation for a candidate currently marked eligible.","step":7,"t":"2026-09-17T19:17:29.043Z"}
{"level":"info","event":"action","runId":"8412ec60-7be2-4ead-9e93-91851bf181ca","type":"challenge","rationale":"Disconfirm material conclusion: A hard-constraint violation for a candidate currently marked eligible.","step":8,"t":"2026-09-17T19:17:29.062Z"}
{"level":"info","event":"action","runId":"8412ec60-7be2-4ead-9e93-91851bf181ca","type":"challenge","rationale":"Disconfirm material conclusion: A hard-constraint violation for a candidate currently marked eligible.","step":9,"t":"2026-09-17T19:17:29.080Z"}
{"level":"info","event":"action","runId":"8412ec60-7be2-4ead-9e93-91851bf181ca","type":"challenge","rationale":"Disconfirm material conclusion: A hard-constraint violation for a candidate currently marked eligible.","step":10,"t":"2026-09-17T19:17:29.096Z"}
{"level":"info","event":"action","runId":"8412ec60-7be2-4ead-9e93-91851bf181ca","type":"challenge","rationale":"No counterexample found in accessed primary sources. This is not proof that the conclusion is true.","step":11,"t":"2026-09-17T19:17:29.120Z"}
{"level":"info","event":"action","runId":"8412ec60-7be2-4ead-9e93-91851bf181ca","type":"stop","rationale":"Repeated searches returned no novel source family or coverage progress","step":12,"t":"2026-09-17T19:17:29.141Z"}
{"level":"info","event":"action","runId":"c954b311-4783-4a7f-90a8-d6e633e130ab","type":"search","rationale":"Investigate an uncovered required question","step":0,"t":"2026-09-17T19:17:29.734Z"}
{"level":"info","event":"action","runId":"c954b311-4783-4a7f-90a8-d6e633e130ab","type":"fetch","rationale":"Inspect an already-known source before another generic query","step":1,"t":"2026-09-17T19:17:29.765Z"}
{"level":"info","event":"action","runId":"c954b311-4783-4a7f-90a8-d6e633e130ab","type":"fetch","rationale":"Inspect an already-known source before another generic query","step":2,"t":"2026-09-17T19:17:29.780Z"}
{"level":"info","event":"action","runId":"c954b311-4783-4a7f-90a8-d6e633e130ab","type":"fetch","rationale":"Inspect an already-known source before another generic query","step":3,"t":"2026-09-17T19:17:29.800Z"}
{"level":"info","event":"action","runId":"c954b311-4783-4a7f-90a8-d6e633e130ab","type":"challenge","rationale":"Disconfirm material conclusion: A hard-constraint violation for a candidate currently marked eligible.","step":4,"t":"2026-09-17T19:17:29.820Z"}
{"level":"info","event":"action","runId":"c954b311-4783-4a7f-90a8-d6e633e130ab","type":"challenge","rationale":"No counterexample found in accessed primary sources. This is not proof that the conclusion is true.","step":5,"t":"2026-09-17T19:17:29.839Z"}
{"level":"info","event":"action","runId":"c954b311-4783-4a7f-90a8-d6e633e130ab","type":"synthesize","rationale":"decision_critical_gaps_resolved_or_unresolvable; high-impact claims supported or qualified; contradictions handled; remaining actions low expected value","step":6,"t":"2026-09-17T19:17:29.856Z"}
{"level":"info","event":"action","runId":"dc6a4998-c31c-4e1d-8550-83799020f54c","type":"search","rationale":"Investigate an uncovered required question","step":0,"t":"2026-09-17T19:17:30.202Z"}
{"level":"info","event":"action","runId":"dc6a4998-c31c-4e1d-8550-83799020f54c","type":"fetch","rationale":"Inspect an already-known source before another generic query","step":1,"t":"2026-09-17T19:17:30.225Z"}
{"level":"info","event":"action","runId":"dc6a4998-c31c-4e1d-8550-83799020f54c","type":"fetch","rationale":"Inspect an already-known source before another generic query","step":2,"t":"2026-09-17T19:17:30.244Z"}
{"level":"info","event":"action","runId":"dc6a4998-c31c-4e1d-8550-83799020f54c","type":"fetch","rationale":"Inspect an already-known source before another generic query","step":3,"t":"2026-09-17T19:17:30.263Z"}
{"level":"info","event":"action","runId":"dc6a4998-c31c-4e1d-8550-83799020f54c","type":"challenge","rationale":"Disconfirm material conclusion: A hard-constraint violation for a candidate currently marked eligible.","step":4,"t":"2026-09-17T19:17:30.285Z"}
{"level":"info","event":"action","runId":"dc6a4998-c31c-4e1d-8550-83799020f54c","type":"challenge","rationale":"Disconfirm material conclusion: A hard-constraint violation for a candidate currently marked eligible.","step":5,"t":"2026-09-17T19:17:30.309Z"}
{"level":"info","event":"action","runId":"dc6a4998-c31c-4e1d-8550-83799020f54c","type":"challenge","rationale":"Disconfirm material conclusion: A hard-constraint violation for a candidate currently marked eligible.","step":6,"t":"2026-09-17T19:17:30.330Z"}
{"level":"info","event":"action","runId":"dc6a4998-c31c-4e1d-8550-83799020f54c","type":"challenge","rationale":"Disconfirm material conclusion: A hard-constraint violation for a candidate currently marked eligible.","step":7,"t":"2026-09-17T19:17:30.352Z"}
{"level":"info","event":"action","runId":"dc6a4998-c31c-4e1d-8550-83799020f54c","type":"challenge","rationale":"Disconfirm material conclusion: A hard-constraint violation for a candidate currently marked eligible.","step":8,"t":"2026-09-17T19:17:30.373Z"}
{"level":"info","event":"action","runId":"dc6a4998-c31c-4e1d-8550-83799020f54c","type":"challenge","rationale":"Disconfirm material conclusion: A hard-constraint violation for a candidate currently marked eligible.","step":9,"t":"2026-09-17T19:17:30.395Z"}
{"level":"info","event":"action","runId":"dc6a4998-c31c-4e1d-8550-83799020f54c","type":"challenge","rationale":"Disconfirm material conclusion: A hard-constraint violation for a candidate currently marked eligible.","step":10,"t":"2026-09-17T19:17:30.411Z"}
{"level":"info","event":"action","runId":"dc6a4998-c31c-4e1d-8550-83799020f54c","type":"challenge","rationale":"No counterexample found in accessed primary sources. This is not proof that the conclusion is true.","step":11,"t":"2026-09-17T19:17:30.428Z"}
{"level":"info","event":"action","runId":"dc6a4998-c31c-4e1d-8550-83799020f54c","type":"stop","rationale":"Repeated searches returned no novel source family or coverage progress","step":12,"t":"2026-09-17T19:17:30.439Z"}
{"level":"info","event":"action","runId":"3e5c7ef7-da37-414b-86f8-daa87cc16d87","type":"challenge","rationale":"Disconfirm material conclusion: A primary source that directly contradicts this conclusion.","step":0,"t":"2026-09-17T19:17:31.041Z"}
{"level":"info","event":"action","runId":"3e5c7ef7-da37-414b-86f8-daa87cc16d87","type":"fetch","rationale":"Inspect an already-known source before another generic query","step":1,"t":"2026-09-17T19:17:31.067Z"}
{"level":"info","event":"action","runId":"3e5c7ef7-da37-414b-86f8-daa87cc16d87","type":"fetch","rationale":"Inspect an already-known source before another generic query","step":2,"t":"2026-09-17T19:17:31.088Z"}
{"level":"info","event":"action","runId":"3e5c7ef7-da37-414b-86f8-daa87cc16d87","type":"fetch","rationale":"Inspect an already-known source before another generic query","step":3,"t":"2026-09-17T19:17:31.107Z"}
{"level":"info","event":"action","runId":"3e5c7ef7-da37-414b-86f8-daa87cc16d87","type":"challenge","rationale":"No counterexample found in accessed primary sources. This is not proof that the conclusion is true.","step":4,"t":"2026-09-17T19:17:31.132Z"}
{"level":"info","event":"action","runId":"3e5c7ef7-da37-414b-86f8-daa87cc16d87","type":"synthesize","rationale":"decision_critical_gaps_resolved_or_unresolvable; high-impact claims supported or qualified; contradictions handled; remaining actions low expected value","step":5,"t":"2026-09-17T19:17:31.157Z"}
{"level":"info","event":"action","runId":"906be65b-f4f1-41a7-b00c-834d20edb9be","type":"search","rationale":"Investigate an uncovered required question","step":0,"t":"2026-09-17T19:17:31.828Z"}
{"level":"info","event":"action","runId":"906be65b-f4f1-41a7-b00c-834d20edb9be","type":"fetch","rationale":"Inspect an already-known source before another generic query","step":1,"t":"2026-09-17T19:17:31.869Z"}
{"level":"info","event":"action","runId":"906be65b-f4f1-41a7-b00c-834d20edb9be","type":"fetch","rationale":"Inspect an already-known source before another generic query","step":2,"t":"2026-09-17T19:17:31.890Z"}
{"level":"info","event":"action","runId":"906be65b-f4f1-41a7-b00c-834d20edb9be","type":"fetch","rationale":"Inspect an already-known source before another generic query","step":3,"t":"2026-09-17T19:17:31.918Z"}
{"level":"info","event":"action","runId":"906be65b-f4f1-41a7-b00c-834d20edb9be","type":"challenge","rationale":"Disconfirm material conclusion: A primary source that directly contradicts this conclusion.","step":4,"t":"2026-09-17T19:17:31.948Z"}
{"level":"info","event":"action","runId":"906be65b-f4f1-41a7-b00c-834d20edb9be","type":"challenge","rationale":"No counterexample found in accessed primary sources. This is not proof that the conclusion is true.","step":5,"t":"2026-09-17T19:17:31.965Z"}
{"level":"info","event":"action","runId":"906be65b-f4f1-41a7-b00c-834d20edb9be","type":"synthesize","rationale":"decision_critical_gaps_resolved_or_unresolvable; high-impact claims supported or qualified; contradictions handled; remaining actions low expected value","step":6,"t":"2026-09-17T19:17:31.982Z"}
{"level":"info","event":"action","runId":"ffb03dc8-a4a8-4c5d-9ce6-66ab3219677c","type":"search","rationale":"Investigate an uncovered required question","step":0,"t":"2026-09-17T19:17:32.575Z"}
{"level":"info","event":"action","runId":"ffb03dc8-a4a8-4c5d-9ce6-66ab3219677c","type":"fetch","rationale":"Inspect an already-known source before another generic query","step":1,"t":"2026-09-17T19:17:32.606Z"}
{"level":"info","event":"action","runId":"ffb03dc8-a4a8-4c5d-9ce6-66ab3219677c","type":"fetch","rationale":"Inspect an already-known source before another generic query","step":2,"t":"2026-09-17T19:17:32.628Z"}
{"level":"info","event":"action","runId":"ffb03dc8-a4a8-4c5d-9ce6-66ab3219677c","type":"fetch","rationale":"Inspect an already-known source before another generic query","step":3,"t":"2026-09-17T19:17:32.658Z"}
{"level":"info","event":"action","runId":"ffb03dc8-a4a8-4c5d-9ce6-66ab3219677c","type":"fetch","rationale":"Inspect an already-known source before another generic query","step":4,"t":"2026-09-17T19:17:32.679Z"}
{"level":"info","event":"action","runId":"ffb03dc8-a4a8-4c5d-9ce6-66ab3219677c","type":"fetch","rationale":"Inspect an already-known source before another generic query","step":5,"t":"2026-09-17T19:17:32.696Z"}
{"level":"info","event":"action","runId":"ffb03dc8-a4a8-4c5d-9ce6-66ab3219677c","type":"challenge","rationale":"Disconfirm material conclusion: A primary source that directly contradicts this conclusion.","step":6,"t":"2026-09-17T19:17:32.719Z"}
{"level":"info","event":"action","runId":"ffb03dc8-a4a8-4c5d-9ce6-66ab3219677c","type":"challenge","rationale":"No counterexample found in accessed primary sources. This is not proof that the conclusion is true.","step":7,"t":"2026-09-17T19:17:32.740Z"}
{"level":"info","event":"action","runId":"ffb03dc8-a4a8-4c5d-9ce6-66ab3219677c","type":"synthesize","rationale":"decision_critical_gaps_resolved_or_unresolvable; high-impact claims supported or qualified; contradictions handled; remaining actions low expected value","step":8,"t":"2026-09-17T19:17:32.757Z"}
{"level":"info","event":"action","runId":"55d1a0f2-01a5-4d8b-b931-91a34a2f41e1","type":"search","rationale":"Investigate an uncovered required question","step":0,"t":"2026-09-17T19:17:33.304Z"}
{"level":"info","event":"action","runId":"55d1a0f2-01a5-4d8b-b931-91a34a2f41e1","type":"fetch","rationale":"Inspect an already-known source before another generic query","step":1,"t":"2026-09-17T19:17:33.333Z"}
{"level":"info","event":"action","runId":"55d1a0f2-01a5-4d8b-b931-91a34a2f41e1","type":"fetch","rationale":"Inspect an already-known source before another generic query","step":2,"t":"2026-09-17T19:17:33.363Z"}
{"level":"info","event":"action","runId":"55d1a0f2-01a5-4d8b-b931-91a34a2f41e1","type":"fetch","rationale":"Inspect an already-known source before another generic query","step":3,"t":"2026-09-17T19:17:33.382Z"}
{"level":"info","event":"action","runId":"55d1a0f2-01a5-4d8b-b931-91a34a2f41e1","type":"challenge","rationale":"Disconfirm material conclusion: A primary source that directly contradicts this conclusion.","step":4,"t":"2026-09-17T19:17:33.407Z"}
{"level":"info","event":"action","runId":"55d1a0f2-01a5-4d8b-b931-91a34a2f41e1","type":"challenge","rationale":"No counterexample found in accessed primary sources. This is not proof that the conclusion is true.","step":5,"t":"2026-09-17T19:17:33.424Z"}
{"level":"info","event":"action","runId":"55d1a0f2-01a5-4d8b-b931-91a34a2f41e1","type":"synthesize","rationale":"decision_critical_gaps_resolved_or_unresolvable; high-impact claims supported or qualified; contradictions handled; remaining actions low expected value","step":6,"t":"2026-09-17T19:17:33.436Z"}
{"level":"info","event":"action","runId":"62f0ba2a-f357-44d9-b556-deb9ece39789","type":"search","rationale":"Investigate an uncovered required question","step":0,"t":"2026-09-17T19:17:34.004Z"}
{"level":"info","event":"action","runId":"62f0ba2a-f357-44d9-b556-deb9ece39789","type":"fetch","rationale":"Inspect an already-known source before another generic query","step":1,"t":"2026-09-17T19:17:34.032Z"}
{"level":"info","event":"action","runId":"62f0ba2a-f357-44d9-b556-deb9ece39789","type":"fetch","rationale":"Inspect an already-known source before another generic query","step":2,"t":"2026-09-17T19:17:34.051Z"}
{"level":"info","event":"action","runId":"62f0ba2a-f357-44d9-b556-deb9ece39789","type":"fetch","rationale":"Inspect an already-known source before another generic query","step":3,"t":"2026-09-17T19:17:34.070Z"}
{"level":"info","event":"action","runId":"62f0ba2a-f357-44d9-b556-deb9ece39789","type":"fetch","rationale":"Inspect an already-known source before another generic query","step":4,"t":"2026-09-17T19:17:34.087Z"}
{"level":"info","event":"action","runId":"62f0ba2a-f357-44d9-b556-deb9ece39789","type":"fetch","rationale":"Inspect an already-known source before another generic query","step":5,"t":"2026-09-17T19:17:34.106Z"}
{"level":"info","event":"action","runId":"62f0ba2a-f357-44d9-b556-deb9ece39789","type":"challenge","rationale":"Disconfirm material conclusion: A primary source that directly contradicts this conclusion.","step":6,"t":"2026-09-17T19:17:34.131Z"}
{"level":"info","event":"action","runId":"62f0ba2a-f357-44d9-b556-deb9ece39789","type":"challenge","rationale":"No counterexample found in accessed primary sources. This is not proof that the conclusion is true.","step":7,"t":"2026-09-17T19:17:34.156Z"}
{"level":"info","event":"action","runId":"62f0ba2a-f357-44d9-b556-deb9ece39789","type":"synthesize","rationale":"decision_critical_gaps_resolved_or_unresolvable; high-impact claims supported or qualified; contradictions handled; remaining actions low expected value","step":8,"t":"2026-09-17T19:17:34.186Z"}
{"level":"info","event":"action","runId":"fc3558c1-84b0-435b-a1b7-1ab9d1a59369","type":"search","rationale":"Investigate an uncovered required question","step":0,"t":"2026-09-17T19:17:34.904Z"}
{"level":"info","event":"action","runId":"fc3558c1-84b0-435b-a1b7-1ab9d1a59369","type":"fetch","rationale":"Inspect an already-known source before another generic query","step":1,"t":"2026-09-17T19:17:34.925Z"}
{"level":"info","event":"action","runId":"fc3558c1-84b0-435b-a1b7-1ab9d1a59369","type":"fetch","rationale":"Inspect an already-known source before another generic query","step":2,"t":"2026-09-17T19:17:34.938Z"}
{"level":"info","event":"action","runId":"fc3558c1-84b0-435b-a1b7-1ab9d1a59369","type":"fetch","rationale":"Inspect an already-known source before another generic query","step":3,"t":"2026-09-17T19:17:34.953Z"}
{"level":"info","event":"action","runId":"fc3558c1-84b0-435b-a1b7-1ab9d1a59369","type":"fetch","rationale":"Inspect an already-known source before another generic query","step":4,"t":"2026-09-17T19:17:34.966Z"}
{"level":"info","event":"action","runId":"fc3558c1-84b0-435b-a1b7-1ab9d1a59369","type":"fetch","rationale":"Inspect an already-known source before another generic query","step":5,"t":"2026-09-17T19:17:34.978Z"}
{"level":"info","event":"action","runId":"fc3558c1-84b0-435b-a1b7-1ab9d1a59369","type":"challenge","rationale":"Disconfirm material conclusion: A primary source that directly contradicts this conclusion.","step":6,"t":"2026-09-17T19:17:34.990Z"}
{"level":"info","event":"action","runId":"fc3558c1-84b0-435b-a1b7-1ab9d1a59369","type":"challenge","rationale":"No counterexample found in accessed primary sources. This is not proof that the conclusion is true.","step":7,"t":"2026-09-17T19:17:35.003Z"}
{"level":"info","event":"action","runId":"fc3558c1-84b0-435b-a1b7-1ab9d1a59369","type":"synthesize","rationale":"decision_critical_gaps_resolved_or_unresolvable; high-impact claims supported or qualified; contradictions handled; remaining actions low expected value","step":8,"t":"2026-09-17T19:17:35.013Z"}
{"level":"info","event":"action","runId":"2874d0e3-c414-46a7-a9ab-67c35f97aed8","type":"search","rationale":"Investigate an uncovered required question","step":0,"t":"2026-09-17T19:17:35.465Z"}
{"level":"info","event":"action","runId":"2874d0e3-c414-46a7-a9ab-67c35f97aed8","type":"fetch","rationale":"Inspect an already-known source before another generic query","step":1,"t":"2026-09-17T19:17:35.486Z"}
{"level":"info","event":"action","runId":"2874d0e3-c414-46a7-a9ab-67c35f97aed8","type":"fetch","rationale":"Inspect an already-known source before another generic query","step":2,"t":"2026-09-17T19:17:35.500Z"}
{"level":"info","event":"action","runId":"2874d0e3-c414-46a7-a9ab-67c35f97aed8","type":"fetch","rationale":"Inspect an already-known source before another generic query","step":3,"t":"2026-09-17T19:17:35.512Z"}
{"level":"info","event":"action","runId":"2874d0e3-c414-46a7-a9ab-67c35f97aed8","type":"fetch","rationale":"Inspect an already-known source before another generic query","step":4,"t":"2026-09-17T19:17:35.527Z"}
{"level":"info","event":"action","runId":"2874d0e3-c414-46a7-a9ab-67c35f97aed8","type":"fetch","rationale":"Inspect an already-known source before another generic query","step":5,"t":"2026-09-17T19:17:35.541Z"}
{"level":"info","event":"action","runId":"2874d0e3-c414-46a7-a9ab-67c35f97aed8","type":"challenge","rationale":"Disconfirm material conclusion: A primary source that directly contradicts this conclusion.","step":6,"t":"2026-09-17T19:17:35.555Z"}
{"level":"info","event":"action","runId":"2874d0e3-c414-46a7-a9ab-67c35f97aed8","type":"challenge","rationale":"No counterexample found in accessed primary sources. This is not proof that the conclusion is true.","step":7,"t":"2026-09-17T19:17:35.569Z"}
{"level":"info","event":"action","runId":"2874d0e3-c414-46a7-a9ab-67c35f97aed8","type":"synthesize","rationale":"decision_critical_gaps_resolved_or_unresolvable; high-impact claims supported or qualified; contradictions handled; remaining actions low expected value","step":8,"t":"2026-09-17T19:17:35.580Z"}
{"level":"info","event":"action","runId":"db60e39e-c723-4576-b487-753663b3db07","type":"search","rationale":"Investigate an uncovered required question","step":0,"t":"2026-09-17T19:17:36.118Z"}
{"level":"info","event":"action","runId":"db60e39e-c723-4576-b487-753663b3db07","type":"fetch","rationale":"Inspect an already-known source before another generic query","step":1,"t":"2026-09-17T19:17:36.148Z"}
{"level":"info","event":"action","runId":"db60e39e-c723-4576-b487-753663b3db07","type":"fetch","rationale":"Inspect an already-known source before another generic query","step":2,"t":"2026-09-17T19:17:36.171Z"}
{"level":"info","event":"action","runId":"db60e39e-c723-4576-b487-753663b3db07","type":"fetch","rationale":"Inspect an already-known source before another generic query","step":3,"t":"2026-09-17T19:17:36.196Z"}
{"level":"info","event":"action","runId":"db60e39e-c723-4576-b487-753663b3db07","type":"fetch","rationale":"Inspect an already-known source before another generic query","step":4,"t":"2026-09-17T19:17:36.215Z"}
{"level":"info","event":"action","runId":"db60e39e-c723-4576-b487-753663b3db07","type":"fetch","rationale":"Inspect an already-known source before another generic query","step":5,"t":"2026-09-17T19:17:36.250Z"}
{"level":"info","event":"action","runId":"db60e39e-c723-4576-b487-753663b3db07","type":"challenge","rationale":"Disconfirm material conclusion: A primary source that directly contradicts this conclusion.","step":6,"t":"2026-09-17T19:17:36.269Z"}
{"level":"info","event":"action","runId":"db60e39e-c723-4576-b487-753663b3db07","type":"challenge","rationale":"No counterexample found in accessed primary sources. This is not proof that the conclusion is true.","step":7,"t":"2026-09-17T19:17:36.299Z"}
{"level":"info","event":"action","runId":"db60e39e-c723-4576-b487-753663b3db07","type":"synthesize","rationale":"decision_critical_gaps_resolved_or_unresolvable; high-impact claims supported or qualified; contradictions handled; remaining actions low expected value","step":8,"t":"2026-09-17T19:17:36.312Z"}
{"level":"info","event":"action","runId":"27b294c6-0435-49ac-80f7-da79161aa22e","type":"search","rationale":"Investigate an uncovered required question","step":0,"t":"2026-09-17T19:17:37.169Z"}
{"level":"info","event":"action","runId":"27b294c6-0435-49ac-80f7-da79161aa22e","type":"fetch","rationale":"Inspect an already-known source before another generic query","step":1,"t":"2026-09-17T19:17:37.195Z"}
{"level":"info","event":"action","runId":"27b294c6-0435-49ac-80f7-da79161aa22e","type":"fetch","rationale":"Inspect an already-known source before another generic query","step":2,"t":"2026-09-17T19:17:37.216Z"}
{"level":"info","event":"action","runId":"27b294c6-0435-49ac-80f7-da79161aa22e","type":"fetch","rationale":"Inspect an already-known source before another generic query","step":3,"t":"2026-09-17T19:17:37.244Z"}
{"level":"info","event":"action","runId":"27b294c6-0435-49ac-80f7-da79161aa22e","type":"fetch","rationale":"Inspect an already-known source before another generic query","step":4,"t":"2026-09-17T19:17:37.271Z"}
{"level":"info","event":"action","runId":"27b294c6-0435-49ac-80f7-da79161aa22e","type":"fetch","rationale":"Inspect an already-known source before another generic query","step":5,"t":"2026-09-17T19:17:37.290Z"}
{"level":"info","event":"action","runId":"27b294c6-0435-49ac-80f7-da79161aa22e","type":"challenge","rationale":"Disconfirm material conclusion: A primary source that directly contradicts this conclusion.","step":6,"t":"2026-09-17T19:17:37.303Z"}
{"level":"info","event":"action","runId":"27b294c6-0435-49ac-80f7-da79161aa22e","type":"challenge","rationale":"No counterexample found in accessed primary sources. This is not proof that the conclusion is true.","step":7,"t":"2026-09-17T19:17:37.319Z"}
{"level":"info","event":"action","runId":"27b294c6-0435-49ac-80f7-da79161aa22e","type":"synthesize","rationale":"decision_critical_gaps_resolved_or_unresolvable; high-impact claims supported or qualified; contradictions handled; remaining actions low expected value","step":8,"t":"2026-09-17T19:17:37.332Z"}
{"level":"info","event":"action","runId":"a7be409c-f762-4a6a-a8e9-b68fa3f5099d","type":"search","rationale":"Investigate an uncovered required question","step":0,"t":"2026-09-17T19:17:38.258Z"}
{"level":"info","event":"action","runId":"a7be409c-f762-4a6a-a8e9-b68fa3f5099d","type":"fetch","rationale":"Inspect an already-known source before another generic query","step":1,"t":"2026-09-17T19:17:38.280Z"}
{"level":"info","event":"action","runId":"a7be409c-f762-4a6a-a8e9-b68fa3f5099d","type":"fetch","rationale":"Inspect an already-known source before another generic query","step":2,"t":"2026-09-17T19:17:38.302Z"}
{"level":"info","event":"action","runId":"a7be409c-f762-4a6a-a8e9-b68fa3f5099d","type":"fetch","rationale":"Inspect an already-known source before another generic query","step":3,"t":"2026-09-17T19:17:38.318Z"}
{"level":"info","event":"action","runId":"a7be409c-f762-4a6a-a8e9-b68fa3f5099d","type":"fetch","rationale":"Inspect an already-known source before another generic query","step":4,"t":"2026-09-17T19:17:38.337Z"}
{"level":"info","event":"action","runId":"a7be409c-f762-4a6a-a8e9-b68fa3f5099d","type":"fetch","rationale":"Inspect an already-known source before another generic query","step":5,"t":"2026-09-17T19:17:38.368Z"}
{"level":"info","event":"action","runId":"a7be409c-f762-4a6a-a8e9-b68fa3f5099d","type":"challenge","rationale":"Disconfirm material conclusion: A primary source that directly contradicts this conclusion.","step":6,"t":"2026-09-17T19:17:38.389Z"}
{"level":"info","event":"action","runId":"a7be409c-f762-4a6a-a8e9-b68fa3f5099d","type":"challenge","rationale":"No counterexample found in accessed primary sources. This is not proof that the conclusion is true.","step":7,"t":"2026-09-17T19:17:38.422Z"}
{"level":"info","event":"action","runId":"a7be409c-f762-4a6a-a8e9-b68fa3f5099d","type":"synthesize","rationale":"decision_critical_gaps_resolved_or_unresolvable; high-impact claims supported or qualified; contradictions handled; remaining actions low expected value","step":8,"t":"2026-09-17T19:17:38.442Z"}
{"level":"info","event":"action","runId":"74d3e82e-acf1-4357-8246-1a3c266f8237","type":"search","rationale":"Investigate an uncovered required question","step":0,"t":"2026-09-17T19:17:39.029Z"}
{"level":"info","event":"action","runId":"74d3e82e-acf1-4357-8246-1a3c266f8237","type":"fetch","rationale":"Inspect an already-known source before another generic query","step":1,"t":"2026-09-17T19:17:39.064Z"}
{"level":"info","event":"action","runId":"74d3e82e-acf1-4357-8246-1a3c266f8237","type":"fetch","rationale":"Inspect an already-known source before another generic query","step":2,"t":"2026-09-17T19:17:39.089Z"}
{"level":"info","event":"action","runId":"74d3e82e-acf1-4357-8246-1a3c266f8237","type":"fetch","rationale":"Inspect an already-known source before another generic query","step":3,"t":"2026-09-17T19:17:39.114Z"}
{"level":"info","event":"action","runId":"74d3e82e-acf1-4357-8246-1a3c266f8237","type":"fetch","rationale":"Inspect an already-known source before another generic query","step":4,"t":"2026-09-17T19:17:39.133Z"}
{"level":"info","event":"action","runId":"74d3e82e-acf1-4357-8246-1a3c266f8237","type":"fetch","rationale":"Inspect an already-known source before another generic query","step":5,"t":"2026-09-17T19:17:39.150Z"}
{"level":"info","event":"action","runId":"74d3e82e-acf1-4357-8246-1a3c266f8237","type":"challenge","rationale":"Disconfirm material conclusion: A primary source that directly contradicts this conclusion.","step":6,"t":"2026-09-17T19:17:39.171Z"}
{"level":"info","event":"action","runId":"74d3e82e-acf1-4357-8246-1a3c266f8237","type":"challenge","rationale":"No counterexample found in accessed primary sources. This is not proof that the conclusion is true.","step":7,"t":"2026-09-17T19:17:39.192Z"}
{"level":"info","event":"action","runId":"74d3e82e-acf1-4357-8246-1a3c266f8237","type":"synthesize","rationale":"decision_critical_gaps_resolved_or_unresolvable; high-impact claims supported or qualified; contradictions handled; remaining actions low expected value","step":8,"t":"2026-09-17T19:17:39.211Z"}
{"level":"info","event":"action","runId":"f6bab784-2558-412f-816f-8ba31f8235a8","type":"search","rationale":"Investigate an uncovered required question","step":0,"t":"2026-09-17T19:17:39.831Z"}
{"level":"info","event":"action","runId":"f6bab784-2558-412f-816f-8ba31f8235a8","type":"fetch","rationale":"Inspect an already-known source before another generic query","step":1,"t":"2026-09-17T19:17:39.858Z"}
{"level":"info","event":"action","runId":"f6bab784-2558-412f-816f-8ba31f8235a8","type":"challenge","rationale":"Disconfirm material conclusion: A primary source that directly contradicts this conclusion.","step":2,"t":"2026-09-17T19:17:39.880Z"}
{"level":"info","event":"action","runId":"f6bab784-2558-412f-816f-8ba31f8235a8","type":"challenge","rationale":"No counterexample found in accessed primary sources. This is not proof that the conclusion is true.","step":3,"t":"2026-09-17T19:17:39.902Z"}
{"level":"info","event":"action","runId":"f6bab784-2558-412f-816f-8ba31f8235a8","type":"synthesize","rationale":"decision_critical_gaps_resolved_or_unresolvable; high-impact claims supported or qualified; contradictions handled; remaining actions low expected value","step":4,"t":"2026-09-17T19:17:39.919Z"}
{"level":"info","event":"action","runId":"693f9e36-5e5d-458d-a777-316b8dcec66b","type":"search","rationale":"Investigate an uncovered required question","step":0,"t":"2026-09-17T19:17:40.456Z"}
{"level":"info","event":"action","runId":"693f9e36-5e5d-458d-a777-316b8dcec66b","type":"fetch","rationale":"Inspect an already-known source before another generic query","step":1,"t":"2026-09-17T19:17:40.478Z"}
{"level":"info","event":"action","runId":"693f9e36-5e5d-458d-a777-316b8dcec66b","type":"fetch","rationale":"Inspect an already-known source before another generic query","step":2,"t":"2026-09-17T19:17:40.492Z"}
{"level":"info","event":"action","runId":"693f9e36-5e5d-458d-a777-316b8dcec66b","type":"fetch","rationale":"Inspect an already-known source before another generic query","step":3,"t":"2026-09-17T19:17:40.504Z"}
{"level":"info","event":"action","runId":"693f9e36-5e5d-458d-a777-316b8dcec66b","type":"challenge","rationale":"Disconfirm material conclusion: A primary source that directly contradicts this conclusion.","step":4,"t":"2026-09-17T19:17:40.521Z"}
{"level":"info","event":"action","runId":"693f9e36-5e5d-458d-a777-316b8dcec66b","type":"challenge","rationale":"No counterexample found in accessed primary sources. This is not proof that the conclusion is true.","step":5,"t":"2026-09-17T19:17:40.535Z"}
{"level":"info","event":"action","runId":"693f9e36-5e5d-458d-a777-316b8dcec66b","type":"synthesize","rationale":"decision_critical_gaps_resolved_or_unresolvable; high-impact claims supported or qualified; contradictions handled; remaining actions low expected value","step":6,"t":"2026-09-17T19:17:40.546Z"}
{"level":"info","event":"action","runId":"abf06eaa-98c9-4939-978a-7f59e11b696f","type":"search","rationale":"Investigate an uncovered required question","step":0,"t":"2026-09-17T19:17:41.071Z"}
{"level":"info","event":"action","runId":"abf06eaa-98c9-4939-978a-7f59e11b696f","type":"fetch","rationale":"Inspect an already-known source before another generic query","step":1,"t":"2026-09-17T19:17:41.094Z"}
{"level":"info","event":"action","runId":"abf06eaa-98c9-4939-978a-7f59e11b696f","type":"fetch","rationale":"Inspect an already-known source before another generic query","step":2,"t":"2026-09-17T19:17:41.111Z"}
{"level":"info","event":"action","runId":"abf06eaa-98c9-4939-978a-7f59e11b696f","type":"fetch","rationale":"Inspect an already-known source before another generic query","step":3,"t":"2026-09-17T19:17:41.129Z"}
{"level":"info","event":"action","runId":"abf06eaa-98c9-4939-978a-7f59e11b696f","type":"challenge","rationale":"Disconfirm material conclusion: A primary source that directly contradicts this conclusion.","step":4,"t":"2026-09-17T19:17:41.147Z"}
{"level":"info","event":"action","runId":"abf06eaa-98c9-4939-978a-7f59e11b696f","type":"challenge","rationale":"No counterexample found in accessed primary sources. This is not proof that the conclusion is true.","step":5,"t":"2026-09-17T19:17:41.164Z"}
{"level":"info","event":"action","runId":"abf06eaa-98c9-4939-978a-7f59e11b696f","type":"synthesize","rationale":"decision_critical_gaps_resolved_or_unresolvable; high-impact claims supported or qualified; contradictions handled; remaining actions low expected value","step":6,"t":"2026-09-17T19:17:41.175Z"}
{"level":"info","event":"action","runId":"9dbdc7f0-078f-4936-b684-e895c7b36a67","type":"search","rationale":"Investigate an uncovered required question","step":0,"t":"2026-09-17T19:17:41.791Z"}
{"level":"info","event":"action","runId":"9dbdc7f0-078f-4936-b684-e895c7b36a67","type":"fetch","rationale":"Inspect an already-known source before another generic query","step":1,"t":"2026-09-17T19:17:41.821Z"}
{"level":"info","event":"action","runId":"9dbdc7f0-078f-4936-b684-e895c7b36a67","type":"fetch","rationale":"Inspect an already-known source before another generic query","step":2,"t":"2026-09-17T19:17:41.839Z"}
{"level":"info","event":"action","runId":"9dbdc7f0-078f-4936-b684-e895c7b36a67","type":"fetch","rationale":"Inspect an already-known source before another generic query","step":3,"t":"2026-09-17T19:17:41.858Z"}
{"level":"info","event":"action","runId":"9dbdc7f0-078f-4936-b684-e895c7b36a67","type":"fetch","rationale":"Inspect an already-known source before another generic query","step":4,"t":"2026-09-17T19:17:41.875Z"}
{"level":"info","event":"action","runId":"9dbdc7f0-078f-4936-b684-e895c7b36a67","type":"fetch","rationale":"Inspect an already-known source before another generic query","step":5,"t":"2026-09-17T19:17:41.892Z"}
{"level":"info","event":"action","runId":"9dbdc7f0-078f-4936-b684-e895c7b36a67","type":"challenge","rationale":"Disconfirm material conclusion: A primary source that directly contradicts this conclusion.","step":6,"t":"2026-09-17T19:17:41.909Z"}
{"level":"info","event":"action","runId":"9dbdc7f0-078f-4936-b684-e895c7b36a67","type":"challenge","rationale":"No counterexample found in accessed primary sources. This is not proof that the conclusion is true.","step":7,"t":"2026-09-17T19:17:41.928Z"}
{"level":"info","event":"action","runId":"9dbdc7f0-078f-4936-b684-e895c7b36a67","type":"synthesize","rationale":"decision_critical_gaps_resolved_or_unresolvable; high-impact claims supported or qualified; contradictions handled; remaining actions low expected value","step":8,"t":"2026-09-17T19:17:41.940Z"}
{"level":"info","event":"action","runId":"c2f7023e-8d85-408c-a4f2-af1084a9fdd5","type":"search","rationale":"Investigate an uncovered required question","step":0,"t":"2026-09-17T19:17:42.178Z"}
{"level":"info","event":"action","runId":"c2f7023e-8d85-408c-a4f2-af1084a9fdd5","type":"fetch","rationale":"Inspect an already-known source before another generic query","step":1,"t":"2026-09-17T19:17:42.201Z"}
{"level":"info","event":"action","runId":"c2f7023e-8d85-408c-a4f2-af1084a9fdd5","type":"fetch","rationale":"Inspect an already-known source before another generic query","step":2,"t":"2026-09-17T19:17:42.214Z"}
{"level":"info","event":"action","runId":"c2f7023e-8d85-408c-a4f2-af1084a9fdd5","type":"fetch","rationale":"Inspect an already-known source before another generic query","step":3,"t":"2026-09-17T19:17:42.225Z"}
{"level":"info","event":"action","runId":"c2f7023e-8d85-408c-a4f2-af1084a9fdd5","type":"fetch","rationale":"Inspect an already-known source before another generic query","step":4,"t":"2026-09-17T19:17:42.242Z"}
{"level":"info","event":"action","runId":"c2f7023e-8d85-408c-a4f2-af1084a9fdd5","type":"fetch","rationale":"Inspect an already-known source before another generic query","step":5,"t":"2026-09-17T19:17:42.258Z"}
{"level":"info","event":"action","runId":"c2f7023e-8d85-408c-a4f2-af1084a9fdd5","type":"challenge","rationale":"Disconfirm material conclusion: A primary source that directly contradicts this conclusion.","step":6,"t":"2026-09-17T19:17:42.274Z"}
{"level":"info","event":"action","runId":"c2f7023e-8d85-408c-a4f2-af1084a9fdd5","type":"challenge","rationale":"Disconfirm material conclusion: A primary source that directly contradicts this conclusion.","step":7,"t":"2026-09-17T19:17:42.308Z"}
{"level":"info","event":"action","runId":"c2f7023e-8d85-408c-a4f2-af1084a9fdd5","type":"challenge","rationale":"Disconfirm material conclusion: A primary source that directly contradicts this conclusion.","step":8,"t":"2026-09-17T19:17:42.329Z"}
{"level":"info","event":"action","runId":"c2f7023e-8d85-408c-a4f2-af1084a9fdd5","type":"challenge","rationale":"Disconfirm material conclusion: A primary source that directly contradicts this conclusion.","step":9,"t":"2026-09-17T19:17:42.359Z"}
{"level":"info","event":"action","runId":"c2f7023e-8d85-408c-a4f2-af1084a9fdd5","type":"challenge","rationale":"Disconfirm material conclusion: A primary source that directly contradicts this conclusion.","step":10,"t":"2026-09-17T19:17:42.374Z"}
{"level":"info","event":"action","runId":"c2f7023e-8d85-408c-a4f2-af1084a9fdd5","type":"challenge","rationale":"Disconfirm material conclusion: A primary source that directly contradicts this conclusion.","step":11,"t":"2026-09-17T19:17:42.390Z"}
{"level":"info","event":"action","runId":"c2f7023e-8d85-408c-a4f2-af1084a9fdd5","type":"challenge","rationale":"Disconfirm material conclusion: A primary source that directly contradicts this conclusion.","step":12,"t":"2026-09-17T19:17:42.404Z"}
{"level":"info","event":"action","runId":"c2f7023e-8d85-408c-a4f2-af1084a9fdd5","type":"challenge","rationale":"No counterexample found in accessed primary sources. This is not proof that the conclusion is true.","step":13,"t":"2026-09-17T19:17:42.422Z"}
{"level":"info","event":"action","runId":"c2f7023e-8d85-408c-a4f2-af1084a9fdd5","type":"stop","rationale":"Repeated searches returned no novel source family or coverage progress","step":14,"t":"2026-09-17T19:17:42.433Z"}
{"level":"info","event":"action","runId":"6bd867f1-8140-4e05-ab63-00e5d5aef71e","type":"search","rationale":"Investigate an uncovered required question","step":0,"t":"2026-09-17T19:17:42.951Z"}
{"level":"info","event":"action","runId":"6bd867f1-8140-4e05-ab63-00e5d5aef71e","type":"fetch","rationale":"Inspect an already-known source before another generic query","step":1,"t":"2026-09-17T19:17:42.973Z"}
{"level":"info","event":"action","runId":"6bd867f1-8140-4e05-ab63-00e5d5aef71e","type":"fetch","rationale":"Inspect an already-known source before another generic query","step":2,"t":"2026-09-17T19:17:42.999Z"}
{"level":"info","event":"action","runId":"6bd867f1-8140-4e05-ab63-00e5d5aef71e","type":"challenge","rationale":"Disconfirm material conclusion: A primary source that directly contradicts this conclusion.","step":3,"t":"2026-09-17T19:17:43.013Z"}
{"level":"info","event":"action","runId":"6bd867f1-8140-4e05-ab63-00e5d5aef71e","type":"challenge","rationale":"No counterexample found in accessed primary sources. This is not proof that the conclusion is true.","step":4,"t":"2026-09-17T19:17:43.026Z"}
{"level":"info","event":"action","runId":"6bd867f1-8140-4e05-ab63-00e5d5aef71e","type":"synthesize","rationale":"decision_critical_gaps_resolved_or_unresolvable; high-impact claims supported or qualified; contradictions handled; remaining actions low expected value","step":5,"t":"2026-09-17T19:17:43.036Z"}
{"level":"info","event":"action","runId":"91b7894b-e431-47e1-89fd-dd64fda46eb4","type":"search","rationale":"Investigate an uncovered required question","step":0,"t":"2026-09-17T19:17:43.516Z"}
{"level":"info","event":"action","runId":"91b7894b-e431-47e1-89fd-dd64fda46eb4","type":"fetch","rationale":"Inspect an already-known source before another generic query","step":1,"t":"2026-09-17T19:17:43.531Z"}
{"level":"info","event":"action","runId":"91b7894b-e431-47e1-89fd-dd64fda46eb4","type":"challenge","rationale":"Disconfirm material conclusion: A primary source that directly contradicts this conclusion.","step":2,"t":"2026-09-17T19:17:43.546Z"}
{"level":"info","event":"action","runId":"91b7894b-e431-47e1-89fd-dd64fda46eb4","type":"challenge","rationale":"No counterexample found in accessed primary sources. This is not proof that the conclusion is true.","step":3,"t":"2026-09-17T19:17:43.559Z"}
{"level":"info","event":"action","runId":"91b7894b-e431-47e1-89fd-dd64fda46eb4","type":"synthesize","rationale":"decision_critical_gaps_resolved_or_unresolvable; high-impact claims supported or qualified; contradictions handled; remaining actions low expected value","step":4,"t":"2026-09-17T19:17:43.569Z"}
{"level":"info","event":"action","runId":"cf1179a6-ce69-4db3-b351-318b2b8c39a5","type":"search","rationale":"Investigate an uncovered required question","step":0,"t":"2026-09-17T19:17:44.056Z"}
{"level":"info","event":"action","runId":"cf1179a6-ce69-4db3-b351-318b2b8c39a5","type":"fetch","rationale":"Inspect an already-known source before another generic query","step":1,"t":"2026-09-17T19:17:44.074Z"}
{"level":"info","event":"action","runId":"cf1179a6-ce69-4db3-b351-318b2b8c39a5","type":"challenge","rationale":"Disconfirm material conclusion: A primary source that directly contradicts this conclusion.","step":2,"t":"2026-09-17T19:17:44.090Z"}
{"level":"info","event":"action","runId":"cf1179a6-ce69-4db3-b351-318b2b8c39a5","type":"challenge","rationale":"No counterexample found in accessed primary sources. This is not proof that the conclusion is true.","step":3,"t":"2026-09-17T19:17:44.104Z"}
{"level":"info","event":"action","runId":"cf1179a6-ce69-4db3-b351-318b2b8c39a5","type":"synthesize","rationale":"decision_critical_gaps_resolved_or_unresolvable; high-impact claims supported or qualified; contradictions handled; remaining actions low expected value","step":4,"t":"2026-09-17T19:17:44.114Z"}
{"level":"info","event":"action","runId":"8749931e-622d-4c27-835c-03b147a2df35","type":"search","rationale":"Investigate an uncovered required question","step":0,"t":"2026-09-17T19:17:44.550Z"}
{"level":"info","event":"action","runId":"8749931e-622d-4c27-835c-03b147a2df35","type":"fetch","rationale":"Inspect an already-known source before another generic query","step":1,"t":"2026-09-17T19:17:44.564Z"}
{"level":"info","event":"action","runId":"8749931e-622d-4c27-835c-03b147a2df35","type":"challenge","rationale":"Disconfirm material conclusion: A primary source that directly contradicts this conclusion.","step":2,"t":"2026-09-17T19:17:44.574Z"}
{"level":"info","event":"action","runId":"8749931e-622d-4c27-835c-03b147a2df35","type":"challenge","rationale":"No counterexample found in accessed primary sources. This is not proof that the conclusion is true.","step":3,"t":"2026-09-17T19:17:44.584Z"}
{"level":"info","event":"action","runId":"8749931e-622d-4c27-835c-03b147a2df35","type":"synthesize","rationale":"decision_critical_gaps_resolved_or_unresolvable; high-impact claims supported or qualified; contradictions handled; remaining actions low expected value","step":4,"t":"2026-09-17T19:17:44.592Z"}
{"level":"info","event":"action","runId":"73ebb3c4-738f-4310-a1d5-657b3f568be6","type":"search","rationale":"Investigate an uncovered required question","step":0,"t":"2026-09-17T19:17:45.016Z"}
{"level":"info","event":"action","runId":"73ebb3c4-738f-4310-a1d5-657b3f568be6","type":"fetch","rationale":"Inspect an already-known source before another generic query","step":1,"t":"2026-09-17T19:17:45.030Z"}
{"level":"info","event":"action","runId":"73ebb3c4-738f-4310-a1d5-657b3f568be6","type":"challenge","rationale":"Disconfirm material conclusion: A primary source that directly contradicts this conclusion.","step":2,"t":"2026-09-17T19:17:45.041Z"}
{"level":"info","event":"action","runId":"73ebb3c4-738f-4310-a1d5-657b3f568be6","type":"challenge","rationale":"No counterexample found in accessed primary sources. This is not proof that the conclusion is true.","step":3,"t":"2026-09-17T19:17:45.052Z"}
{"level":"info","event":"action","runId":"73ebb3c4-738f-4310-a1d5-657b3f568be6","type":"synthesize","rationale":"decision_critical_gaps_resolved_or_unresolvable; high-impact claims supported or qualified; contradictions handled; remaining actions low expected value","step":4,"t":"2026-09-17T19:17:45.061Z"}
{"level":"info","event":"action","runId":"8f0c2963-a3b3-41fc-991d-0b9b93dd65e7","type":"search","rationale":"Investigate an uncovered required question","step":0,"t":"2026-09-17T19:17:45.510Z"}
{"level":"info","event":"action","runId":"8f0c2963-a3b3-41fc-991d-0b9b93dd65e7","type":"fetch","rationale":"Inspect an already-known source before another generic query","step":1,"t":"2026-09-17T19:17:45.528Z"}
{"level":"info","event":"action","runId":"8f0c2963-a3b3-41fc-991d-0b9b93dd65e7","type":"fetch","rationale":"Inspect an already-known source before another generic query","step":2,"t":"2026-09-17T19:17:45.538Z"}
{"level":"info","event":"action","runId":"8f0c2963-a3b3-41fc-991d-0b9b93dd65e7","type":"fetch","rationale":"Inspect an already-known source before another generic query","step":3,"t":"2026-09-17T19:17:45.549Z"}
{"level":"info","event":"action","runId":"8f0c2963-a3b3-41fc-991d-0b9b93dd65e7","type":"fetch","rationale":"Inspect an already-known source before another generic query","step":4,"t":"2026-09-17T19:17:45.560Z"}
{"level":"info","event":"action","runId":"8f0c2963-a3b3-41fc-991d-0b9b93dd65e7","type":"fetch","rationale":"Inspect an already-known source before another generic query","step":5,"t":"2026-09-17T19:17:45.570Z"}
{"level":"info","event":"action","runId":"8f0c2963-a3b3-41fc-991d-0b9b93dd65e7","type":"challenge","rationale":"Disconfirm material conclusion: A primary source that directly contradicts this conclusion.","step":6,"t":"2026-09-17T19:17:45.580Z"}
{"level":"info","event":"action","runId":"8f0c2963-a3b3-41fc-991d-0b9b93dd65e7","type":"challenge","rationale":"No counterexample found in accessed primary sources. This is not proof that the conclusion is true.","step":7,"t":"2026-09-17T19:17:45.591Z"}
{"level":"info","event":"action","runId":"8f0c2963-a3b3-41fc-991d-0b9b93dd65e7","type":"synthesize","rationale":"decision_critical_gaps_resolved_or_unresolvable; high-impact claims supported or qualified; contradictions handled; remaining actions low expected value","step":8,"t":"2026-09-17T19:17:45.601Z"}
{"level":"info","event":"action","runId":"1cd8e75c-5788-40cf-967f-0f240c0025b0","type":"search","rationale":"Investigate an uncovered required question","step":0,"t":"2026-09-17T19:17:46.002Z"}
{"level":"info","event":"action","runId":"1cd8e75c-5788-40cf-967f-0f240c0025b0","type":"fetch","rationale":"Inspect an already-known source before another generic query","step":1,"t":"2026-09-17T19:17:46.020Z"}
{"level":"info","event":"action","runId":"1cd8e75c-5788-40cf-967f-0f240c0025b0","type":"synthesize","rationale":"budget requires finishing with available evidence","step":2,"t":"2026-09-17T19:17:46.031Z"}
{"level":"info","event":"action","runId":"1c64ccb0-bbf0-49cf-a53f-03243b7d325f","type":"search","rationale":"Investigate an uncovered required question","step":0,"t":"2026-09-17T19:17:46.470Z"}
{"level":"info","event":"action","runId":"1c64ccb0-bbf0-49cf-a53f-03243b7d325f","type":"fetch","rationale":"Inspect an already-known source before another generic query","step":1,"t":"2026-09-17T19:17:46.489Z"}
{"level":"info","event":"action","runId":"1c64ccb0-bbf0-49cf-a53f-03243b7d325f","type":"fetch","rationale":"Inspect an already-known source before another generic query","step":2,"t":"2026-09-17T19:17:46.500Z"}
{"level":"info","event":"action","runId":"1c64ccb0-bbf0-49cf-a53f-03243b7d325f","type":"fetch","rationale":"Inspect an already-known source before another generic query","step":3,"t":"2026-09-17T19:17:46.510Z"}
{"level":"info","event":"action","runId":"1c64ccb0-bbf0-49cf-a53f-03243b7d325f","type":"fetch","rationale":"Inspect an already-known source before another generic query","step":4,"t":"2026-09-17T19:17:46.520Z"}
{"level":"info","event":"action","runId":"1c64ccb0-bbf0-49cf-a53f-03243b7d325f","type":"fetch","rationale":"Inspect an already-known source before another generic query","step":5,"t":"2026-09-17T19:17:46.531Z"}
{"level":"info","event":"action","runId":"1c64ccb0-bbf0-49cf-a53f-03243b7d325f","type":"challenge","rationale":"Disconfirm material conclusion: A primary source that directly contradicts this conclusion.","step":6,"t":"2026-09-17T19:17:46.542Z"}
{"level":"info","event":"action","runId":"1c64ccb0-bbf0-49cf-a53f-03243b7d325f","type":"challenge","rationale":"No counterexample found in accessed primary sources. This is not proof that the conclusion is true.","step":7,"t":"2026-09-17T19:17:46.554Z"}
{"level":"info","event":"action","runId":"1c64ccb0-bbf0-49cf-a53f-03243b7d325f","type":"synthesize","rationale":"decision_critical_gaps_resolved_or_unresolvable; high-impact claims supported or qualified; contradictions handled; remaining actions low expected value","step":8,"t":"2026-09-17T19:17:46.563Z"}
{"level":"info","event":"action","runId":"6f578c07-2e69-41b3-b2cd-1c935be282ca","type":"search","rationale":"Investigate an uncovered required question","step":0,"t":"2026-09-17T19:17:47.200Z"}
{"level":"info","event":"action","runId":"6f578c07-2e69-41b3-b2cd-1c935be282ca","type":"fetch","rationale":"Inspect an already-known source before another generic query","step":1,"t":"2026-09-17T19:17:47.219Z"}
{"level":"info","event":"action","runId":"6f578c07-2e69-41b3-b2cd-1c935be282ca","type":"fetch","rationale":"Inspect an already-known source before another generic query","step":2,"t":"2026-09-17T19:17:47.230Z"}
{"level":"info","event":"action","runId":"6f578c07-2e69-41b3-b2cd-1c935be282ca","type":"fetch","rationale":"Inspect an already-known source before another generic query","step":3,"t":"2026-09-17T19:17:47.241Z"}
{"level":"info","event":"action","runId":"6f578c07-2e69-41b3-b2cd-1c935be282ca","type":"fetch","rationale":"Inspect an already-known source before another generic query","step":4,"t":"2026-09-17T19:17:47.253Z"}
{"level":"info","event":"action","runId":"6f578c07-2e69-41b3-b2cd-1c935be282ca","type":"fetch","rationale":"Inspect an already-known source before another generic query","step":5,"t":"2026-09-17T19:17:47.264Z"}
{"level":"info","event":"action","runId":"6f578c07-2e69-41b3-b2cd-1c935be282ca","type":"challenge","rationale":"Disconfirm material conclusion: A primary source that directly contradicts this conclusion.","step":6,"t":"2026-09-17T19:17:47.275Z"}
{"level":"info","event":"action","runId":"6f578c07-2e69-41b3-b2cd-1c935be282ca","type":"challenge","rationale":"No counterexample found in accessed primary sources. This is not proof that the conclusion is true.","step":7,"t":"2026-09-17T19:17:47.286Z"}
{"level":"info","event":"action","runId":"6f578c07-2e69-41b3-b2cd-1c935be282ca","type":"synthesize","rationale":"decision_critical_gaps_resolved_or_unresolvable; high-impact claims supported or qualified; contradictions handled; remaining actions low expected value","step":8,"t":"2026-09-17T19:17:47.296Z"}
{"level":"info","event":"action","runId":"7ae63b99-a6d1-45ec-a1d3-26a130bd4ff2","type":"challenge","rationale":"Disconfirm material conclusion: A primary source that directly contradicts this conclusion.","step":0,"t":"2026-09-17T19:17:47.935Z"}
{"level":"info","event":"action","runId":"7ae63b99-a6d1-45ec-a1d3-26a130bd4ff2","type":"fetch","rationale":"Inspect an already-known source before another generic query","step":1,"t":"2026-09-17T19:17:47.956Z"}
{"level":"info","event":"action","runId":"7ae63b99-a6d1-45ec-a1d3-26a130bd4ff2","type":"fetch","rationale":"Inspect an already-known source before another generic query","step":2,"t":"2026-09-17T19:17:47.967Z"}
{"level":"info","event":"action","runId":"7ae63b99-a6d1-45ec-a1d3-26a130bd4ff2","type":"fetch","rationale":"Inspect an already-known source before another generic query","step":3,"t":"2026-09-17T19:17:47.979Z"}
{"level":"info","event":"action","runId":"7ae63b99-a6d1-45ec-a1d3-26a130bd4ff2","type":"challenge","rationale":"No counterexample found in accessed primary sources. This is not proof that the conclusion is true.","step":4,"t":"2026-09-17T19:17:47.993Z"}
{"level":"info","event":"action","runId":"7ae63b99-a6d1-45ec-a1d3-26a130bd4ff2","type":"synthesize","rationale":"decision_critical_gaps_resolved_or_unresolvable; high-impact claims supported or qualified; contradictions handled; remaining actions low expected value","step":5,"t":"2026-09-17T19:17:48.001Z"}
{"level":"info","event":"action","runId":"3bf28a23-9660-4f45-9f15-4c5f468dab5f","type":"challenge","rationale":"Disconfirm material conclusion: A primary source that directly contradicts this conclusion.","step":0,"t":"2026-09-17T19:17:48.500Z"}
{"level":"info","event":"action","runId":"3bf28a23-9660-4f45-9f15-4c5f468dab5f","type":"fetch","rationale":"Inspect an already-known source before another generic query","step":1,"t":"2026-09-17T19:17:48.520Z"}
{"level":"info","event":"action","runId":"3bf28a23-9660-4f45-9f15-4c5f468dab5f","type":"fetch","rationale":"Inspect an already-known source before another generic query","step":2,"t":"2026-09-17T19:17:48.531Z"}
{"level":"info","event":"action","runId":"3bf28a23-9660-4f45-9f15-4c5f468dab5f","type":"fetch","rationale":"Inspect an already-known source before another generic query","step":3,"t":"2026-09-17T19:17:48.543Z"}
{"level":"info","event":"action","runId":"3bf28a23-9660-4f45-9f15-4c5f468dab5f","type":"challenge","rationale":"No counterexample found in accessed primary sources. This is not proof that the conclusion is true.","step":4,"t":"2026-09-17T19:17:48.557Z"}
{"level":"info","event":"action","runId":"3bf28a23-9660-4f45-9f15-4c5f468dab5f","type":"synthesize","rationale":"decision_critical_gaps_resolved_or_unresolvable; high-impact claims supported or qualified; contradictions handled; remaining actions low expected value","step":5,"t":"2026-09-17T19:17:48.565Z"}
{"level":"info","event":"action","runId":"09f25112-ca10-4287-b058-e928f3896437","type":"search","rationale":"Investigate an uncovered required question","step":0,"t":"2026-09-17T19:17:48.819Z"}
{"level":"info","event":"action","runId":"09f25112-ca10-4287-b058-e928f3896437","type":"fetch","rationale":"Inspect an already-known source before another generic query","step":1,"t":"2026-09-17T19:17:48.836Z"}
{"level":"info","event":"action","runId":"09f25112-ca10-4287-b058-e928f3896437","type":"fetch","rationale":"Inspect an already-known source before another generic query","step":2,"t":"2026-09-17T19:17:48.848Z"}
{"level":"info","event":"action","runId":"09f25112-ca10-4287-b058-e928f3896437","type":"fetch","rationale":"Inspect an already-known source before another generic query","step":3,"t":"2026-09-17T19:17:48.859Z"}
{"level":"info","event":"action","runId":"09f25112-ca10-4287-b058-e928f3896437","type":"fetch","rationale":"Inspect an already-known source before another generic query","step":4,"t":"2026-09-17T19:17:48.870Z"}
{"level":"info","event":"action","runId":"09f25112-ca10-4287-b058-e928f3896437","type":"fetch","rationale":"Inspect an already-known source before another generic query","step":5,"t":"2026-09-17T19:17:48.880Z"}
{"level":"info","event":"action","runId":"09f25112-ca10-4287-b058-e928f3896437","type":"challenge","rationale":"Disconfirm material conclusion: A primary source that directly contradicts this conclusion.","step":6,"t":"2026-09-17T19:17:48.891Z"}
{"level":"info","event":"action","runId":"09f25112-ca10-4287-b058-e928f3896437","type":"challenge","rationale":"No counterexample found in accessed primary sources. This is not proof that the conclusion is true.","step":7,"t":"2026-09-17T19:17:48.901Z"}
{"level":"info","event":"action","runId":"09f25112-ca10-4287-b058-e928f3896437","type":"synthesize","rationale":"decision_critical_gaps_resolved_or_unresolvable; high-impact claims supported or qualified; contradictions handled; remaining actions low expected value","step":8,"t":"2026-09-17T19:17:48.910Z"}
{"level":"info","event":"action","runId":"cf438b10-4058-460c-8e02-36ac9df28778","type":"search","rationale":"Investigate an uncovered required question","step":0,"t":"2026-09-17T19:17:49.337Z"}
{"level":"info","event":"action","runId":"cf438b10-4058-460c-8e02-36ac9df28778","type":"fetch","rationale":"Inspect an already-known source before another generic query","step":1,"t":"2026-09-17T19:17:49.357Z"}
{"level":"info","event":"action","runId":"cf438b10-4058-460c-8e02-36ac9df28778","type":"fetch","rationale":"Inspect an already-known source before another generic query","step":2,"t":"2026-09-17T19:17:49.368Z"}
{"level":"info","event":"action","runId":"cf438b10-4058-460c-8e02-36ac9df28778","type":"fetch","rationale":"Inspect an already-known source before another generic query","step":3,"t":"2026-09-17T19:17:49.379Z"}
{"level":"info","event":"action","runId":"cf438b10-4058-460c-8e02-36ac9df28778","type":"fetch","rationale":"Inspect an already-known source before another generic query","step":4,"t":"2026-09-17T19:17:49.390Z"}
{"level":"info","event":"action","runId":"cf438b10-4058-460c-8e02-36ac9df28778","type":"fetch","rationale":"Inspect an already-known source before another generic query","step":5,"t":"2026-09-17T19:17:49.401Z"}
{"level":"info","event":"action","runId":"cf438b10-4058-460c-8e02-36ac9df28778","type":"challenge","rationale":"Disconfirm material conclusion: A primary source that directly contradicts this conclusion.","step":6,"t":"2026-09-17T19:17:49.412Z"}
{"level":"info","event":"action","runId":"cf438b10-4058-460c-8e02-36ac9df28778","type":"challenge","rationale":"No counterexample found in accessed primary sources. This is not proof that the conclusion is true.","step":7,"t":"2026-09-17T19:17:49.423Z"}
{"level":"info","event":"action","runId":"cf438b10-4058-460c-8e02-36ac9df28778","type":"synthesize","rationale":"decision_critical_gaps_resolved_or_unresolvable; high-impact claims supported or qualified; contradictions handled; remaining actions low expected value","step":8,"t":"2026-09-17T19:17:49.432Z"}
{"level":"info","event":"action","runId":"8ca5cc04-81aa-4b1c-97d5-5e823f320b6e","type":"clarify","rationale":"A blocking field is unspecified and would change the answer","step":0,"t":"2026-09-17T19:17:50.278Z"}
{"level":"info","event":"action","runId":"a79b9c77-3ca5-4795-a669-9a4497ebdc48","type":"clarify","rationale":"A blocking field is unspecified and would change the answer","step":0,"t":"2026-09-17T19:17:50.501Z"}
{"level":"info","event":"action","runId":"a79b9c77-3ca5-4795-a669-9a4497ebdc48","type":"search","rationale":"Investigate an uncovered required question","step":0,"t":"2026-09-17T19:17:50.522Z"}
{"level":"info","event":"action","runId":"a79b9c77-3ca5-4795-a669-9a4497ebdc48","type":"fetch","rationale":"Inspect an already-known source before another generic query","step":1,"t":"2026-09-17T19:17:50.536Z"}
{"level":"info","event":"action","runId":"a79b9c77-3ca5-4795-a669-9a4497ebdc48","type":"challenge","rationale":"Disconfirm material conclusion: A primary source that directly contradicts this conclusion.","step":2,"t":"2026-09-17T19:17:50.547Z"}
{"level":"info","event":"action","runId":"a79b9c77-3ca5-4795-a669-9a4497ebdc48","type":"challenge","rationale":"Disconfirm material conclusion: A primary source that directly contradicts this conclusion.","step":3,"t":"2026-09-17T19:17:50.558Z"}
{"level":"info","event":"action","runId":"a79b9c77-3ca5-4795-a669-9a4497ebdc48","type":"challenge","rationale":"Disconfirm material conclusion: A primary source that directly contradicts this conclusion.","step":4,"t":"2026-09-17T19:17:50.570Z"}
{"level":"info","event":"action","runId":"a79b9c77-3ca5-4795-a669-9a4497ebdc48","type":"challenge","rationale":"Disconfirm material conclusion: A primary source that directly contradicts this conclusion.","step":5,"t":"2026-09-17T19:17:50.582Z"}
{"level":"info","event":"action","runId":"a79b9c77-3ca5-4795-a669-9a4497ebdc48","type":"challenge","rationale":"Disconfirm material conclusion: A primary source that directly contradicts this conclusion.","step":6,"t":"2026-09-17T19:17:50.592Z"}
{"level":"info","event":"action","runId":"a79b9c77-3ca5-4795-a669-9a4497ebdc48","type":"challenge","rationale":"Disconfirm material conclusion: A primary source that directly contradicts this conclusion.","step":7,"t":"2026-09-17T19:17:50.604Z"}
{"level":"info","event":"action","runId":"a79b9c77-3ca5-4795-a669-9a4497ebdc48","type":"challenge","rationale":"Disconfirm material conclusion: A primary source that directly contradicts this conclusion.","step":8,"t":"2026-09-17T19:17:50.616Z"}
{"level":"info","event":"action","runId":"a79b9c77-3ca5-4795-a669-9a4497ebdc48","type":"challenge","rationale":"No counterexample found in accessed primary sources. This is not proof that the conclusion is true.","step":9,"t":"2026-09-17T19:17:50.627Z"}
{"level":"info","event":"action","runId":"a79b9c77-3ca5-4795-a669-9a4497ebdc48","type":"stop","rationale":"Repeated searches returned no novel source family or coverage progress","step":10,"t":"2026-09-17T19:17:50.635Z"}
{"level":"info","event":"action","runId":"27ebcd14-cf0c-4dbd-9bc4-ae815caedc66","type":"clarify","rationale":"A blocking field is unspecified and would change the answer","step":0,"t":"2026-09-17T19:17:51.084Z"}
{"level":"info","event":"action","runId":"27ebcd14-cf0c-4dbd-9bc4-ae815caedc66","type":"search","rationale":"Investigate an uncovered required question","step":0,"t":"2026-09-17T19:17:51.102Z"}
{"level":"info","event":"action","runId":"27ebcd14-cf0c-4dbd-9bc4-ae815caedc66","type":"fetch","rationale":"Inspect an already-known source before another generic query","step":1,"t":"2026-09-17T19:17:51.115Z"}
{"level":"info","event":"action","runId":"27ebcd14-cf0c-4dbd-9bc4-ae815caedc66","type":"challenge","rationale":"Disconfirm material conclusion: A primary source that directly contradicts this conclusion.","step":2,"t":"2026-09-17T19:17:51.125Z"}
{"level":"info","event":"action","runId":"27ebcd14-cf0c-4dbd-9bc4-ae815caedc66","type":"challenge","rationale":"Disconfirm material conclusion: A primary source that directly contradicts this conclusion.","step":3,"t":"2026-09-17T19:17:51.135Z"}
{"level":"info","event":"action","runId":"27ebcd14-cf0c-4dbd-9bc4-ae815caedc66","type":"challenge","rationale":"Disconfirm material conclusion: A primary source that directly contradicts this conclusion.","step":4,"t":"2026-09-17T19:17:51.146Z"}
{"level":"info","event":"action","runId":"27ebcd14-cf0c-4dbd-9bc4-ae815caedc66","type":"challenge","rationale":"Disconfirm material conclusion: A primary source that directly contradicts this conclusion.","step":5,"t":"2026-09-17T19:17:51.157Z"}
{"level":"info","event":"action","runId":"27ebcd14-cf0c-4dbd-9bc4-ae815caedc66","type":"challenge","rationale":"Disconfirm material conclusion: A primary source that directly contradicts this conclusion.","step":6,"t":"2026-09-17T19:17:51.167Z"}
{"level":"info","event":"action","runId":"27ebcd14-cf0c-4dbd-9bc4-ae815caedc66","type":"challenge","rationale":"Disconfirm material conclusion: A primary source that directly contradicts this conclusion.","step":7,"t":"2026-09-17T19:17:51.178Z"}
{"level":"info","event":"action","runId":"27ebcd14-cf0c-4dbd-9bc4-ae815caedc66","type":"challenge","rationale":"Disconfirm material conclusion: A primary source that directly contradicts this conclusion.","step":8,"t":"2026-09-17T19:17:51.189Z"}
{"level":"info","event":"action","runId":"27ebcd14-cf0c-4dbd-9bc4-ae815caedc66","type":"challenge","rationale":"No counterexample found in accessed primary sources. This is not proof that the conclusion is true.","step":9,"t":"2026-09-17T19:17:51.200Z"}
{"level":"info","event":"action","runId":"27ebcd14-cf0c-4dbd-9bc4-ae815caedc66","type":"stop","rationale":"Repeated searches returned no novel source family or coverage progress","step":10,"t":"2026-09-17T19:17:51.209Z"}
{"level":"info","event":"action","runId":"85c5e039-cd49-4f6a-9b9a-df8fbf45ca59","type":"clarify","rationale":"A blocking field is unspecified and would change the answer","step":0,"t":"2026-09-17T19:17:51.646Z"}
{"level":"info","event":"action","runId":"85c5e039-cd49-4f6a-9b9a-df8fbf45ca59","type":"search","rationale":"Investigate an uncovered required question","step":0,"t":"2026-09-17T19:17:51.666Z"}
{"level":"info","event":"action","runId":"85c5e039-cd49-4f6a-9b9a-df8fbf45ca59","type":"fetch","rationale":"Inspect an already-known source before another generic query","step":1,"t":"2026-09-17T19:17:51.679Z"}
{"level":"info","event":"action","runId":"85c5e039-cd49-4f6a-9b9a-df8fbf45ca59","type":"challenge","rationale":"Disconfirm material conclusion: A primary source that directly contradicts this conclusion.","step":2,"t":"2026-09-17T19:17:51.691Z"}
{"level":"info","event":"action","runId":"85c5e039-cd49-4f6a-9b9a-df8fbf45ca59","type":"challenge","rationale":"Disconfirm material conclusion: A primary source that directly contradicts this conclusion.","step":3,"t":"2026-09-17T19:17:51.702Z"}
{"level":"info","event":"action","runId":"85c5e039-cd49-4f6a-9b9a-df8fbf45ca59","type":"challenge","rationale":"Disconfirm material conclusion: A primary source that directly contradicts this conclusion.","step":4,"t":"2026-09-17T19:17:51.713Z"}
{"level":"info","event":"action","runId":"85c5e039-cd49-4f6a-9b9a-df8fbf45ca59","type":"challenge","rationale":"Disconfirm material conclusion: A primary source that directly contradicts this conclusion.","step":5,"t":"2026-09-17T19:17:51.723Z"}
{"level":"info","event":"action","runId":"85c5e039-cd49-4f6a-9b9a-df8fbf45ca59","type":"challenge","rationale":"Disconfirm material conclusion: A primary source that directly contradicts this conclusion.","step":6,"t":"2026-09-17T19:17:51.734Z"}
{"level":"info","event":"action","runId":"85c5e039-cd49-4f6a-9b9a-df8fbf45ca59","type":"challenge","rationale":"Disconfirm material conclusion: A primary source that directly contradicts this conclusion.","step":7,"t":"2026-09-17T19:17:51.746Z"}
{"level":"info","event":"action","runId":"85c5e039-cd49-4f6a-9b9a-df8fbf45ca59","type":"challenge","rationale":"Disconfirm material conclusion: A primary source that directly contradicts this conclusion.","step":8,"t":"2026-09-17T19:17:51.756Z"}
{"level":"info","event":"action","runId":"85c5e039-cd49-4f6a-9b9a-df8fbf45ca59","type":"challenge","rationale":"No counterexample found in accessed primary sources. This is not proof that the conclusion is true.","step":9,"t":"2026-09-17T19:17:51.767Z"}
{"level":"info","event":"action","runId":"85c5e039-cd49-4f6a-9b9a-df8fbf45ca59","type":"stop","rationale":"Repeated searches returned no novel source family or coverage progress","step":10,"t":"2026-09-17T19:17:51.776Z"}
 ✓ test/p3-remaining.integration.test.ts (51 tests) 30536ms
   ✓ remaining launch-scope IDs > M04 fixture comparison publishes a wide table, code listing, unicode-safe text, and many citations  817ms
   ✓ remaining launch-scope IDs > R06 preserves event date vs publication date  605ms
   ✓ remaining launch-scope IDs > R10 declines an unrelated celebrity branch from page content  685ms
   ✓ remaining launch-scope IDs > R12 explains different percentage denominators instead of averaging  694ms
   ✓ remaining launch-scope IDs > R15 states unknown without a fake probability  594ms
   ✓ remaining launch-scope IDs > R16 comparison names the requested entities and constraints  702ms
   ✓ remaining launch-scope IDs > E05 new source version does not rewrite the original report citation  769ms
   ✓ remaining launch-scope IDs > V2-13 private canary is stored as evidence, omitted from public queries, and denied to another account  778ms
   ✓ remaining launch-scope IDs > JOB-1 eligibility-aware comparison under platform and export constraints  767ms
   ✓ remaining launch-scope IDs > JOB-1 adding Linux as a hard requirement excludes NoteKeep and keeps NoteAll  1249ms
   ✓ remaining launch-scope IDs > JOB-1 removing Linux as a requirement makes NoteKeep eligible again  1284ms
   ✓ remaining launch-scope IDs > JOB-2 attached document text is stored as supplied evidence and not used as a public query  738ms
   ✓ remaining launch-scope IDs > E06 actual PDF with no readable evidence is disclosed as unread pages  811ms
   ✓ remaining launch-scope IDs > E08 quoted report text is taken from the stored passage  734ms
   ✓ remaining launch-scope IDs > E09 export citation anchors resolve to owned passages  727ms
   ✓ remaining launch-scope IDs > J02 a second processRun after completion does not duplicate the report or settlement  727ms
   ✓ remaining launch-scope IDs > J06 cancel after completion keeps the published report  567ms
   ✓ remaining launch-scope IDs > J08 event cursor returns only later sequences  579ms
   ✓ remaining launch-scope IDs > J13 live spend kill switch blocks new paid routes but keeps saved reports  757ms
   ✓ remaining launch-scope IDs > S07 cross-account reports are denied  720ms
   ✓ remaining launch-scope IDs > V2-10 a later unavailable fetch does not retract last-access evidence  709ms
   ✓ remaining launch-scope IDs > V2-11 concise view uses the same answer citations as the body  775ms
   ✓ remaining launch-scope IDs > V2-19 scanned tables stay unread rather than guessed  691ms
   ✓ remaining launch-scope IDs > R17 concise request still keeps limitations  602ms
   ✓ remaining launch-scope IDs > R18 compacted checkpoint still lists stored passage ids  677ms
   ✓ remaining launch-scope IDs > R19 follow-up verifies one claim and keeps the parent report  1183ms
   ✓ remaining launch-scope IDs > R20 dates a retrieved price and keeps a founding year as history  623ms
   ✓ remaining launch-scope IDs > R21 labels a German original as a translation  526ms
   ✓ remaining launch-scope IDs > E03 preserves the adults-over-65 qualifier  532ms
   ✓ remaining launch-scope IDs > E04 report uses the table's 24% rather than 42%  472ms
   ✓ remaining launch-scope IDs > E10 withdraws the conclusion when the asserted 42% is unsupported by the 24% table  473ms
   ✓ remaining launch-scope IDs > J07 expired lease is reclaimed; a live lease is not stolen  515ms
   ✓ remaining launch-scope IDs > J10 a tight budget still publishes a written report  453ms
   ✓ remaining launch-scope IDs > J11 reports that app counters are not provider-internal guarantees  529ms
   ✓ remaining launch-scope IDs > J14 duplicate completion epochs share one outbox row and omit query text  520ms
   ✓ remaining launch-scope IDs > V2-09 deleted attachment text is not left in reports  543ms
   ✓ remaining launch-scope IDs > V2-09 late worker cannot republish deleted private text even if it claims deleted=false  355ms
   ✓ remaining launch-scope IDs > expired session cannot read library or reports  507ms
   ✓ remaining launch-scope IDs > library lists report_id for a completed run so share can resolve  526ms
   ✓ remaining launch-scope IDs > clarification continue records geography and resumes  565ms
   ✓ remaining launch-scope IDs > R02 continue with France records France and does not invent Germany  574ms
   ✓ remaining launch-scope IDs > R02 after France continue discovery uses France evidence not the Germany default note  563ms
{"level":"info","event":"action","runId":"4ef9968e-6945-4d5f-a5fe-ecc6b17099a1","type":"clarify","rationale":"A blocking field is unspecified and would change the answer","step":0,"t":"2026-09-17T19:17:52.863Z"}
{"level":"info","event":"action","runId":"f7679340-d498-430b-9064-80d66d81efba","type":"search","rationale":"Investigate an uncovered required question","step":0,"t":"2026-09-17T19:17:53.102Z"}
{"level":"info","event":"action","runId":"f7679340-d498-430b-9064-80d66d81efba","type":"fetch","rationale":"Inspect an already-known source before another generic query","step":1,"t":"2026-09-17T19:17:53.133Z"}
{"level":"info","event":"action","runId":"f7679340-d498-430b-9064-80d66d81efba","type":"fetch","rationale":"Inspect an already-known source before another generic query","step":2,"t":"2026-09-17T19:17:53.150Z"}
{"level":"info","event":"action","runId":"f7679340-d498-430b-9064-80d66d81efba","type":"fetch","rationale":"Inspect an already-known source before another generic query","step":3,"t":"2026-09-17T19:17:53.165Z"}
{"level":"info","event":"action","runId":"f7679340-d498-430b-9064-80d66d81efba","type":"challenge","rationale":"Disconfirm material conclusion: A primary source that directly contradicts this conclusion.","step":4,"t":"2026-09-17T19:17:53.189Z"}
{"level":"info","event":"action","runId":"f7679340-d498-430b-9064-80d66d81efba","type":"challenge","rationale":"No counterexample found in accessed primary sources. This is not proof that the conclusion is true.","step":5,"t":"2026-09-17T19:17:53.206Z"}
{"level":"info","event":"action","runId":"f7679340-d498-430b-9064-80d66d81efba","type":"synthesize","rationale":"decision_critical_gaps_resolved_or_unresolvable; high-impact claims supported or qualified; contradictions handled; remaining actions low expected value","step":6,"t":"2026-09-17T19:17:53.218Z"}
{"level":"info","event":"action","runId":"df59d3d9-1aca-4765-b063-78a2b6df9c4b","type":"search","rationale":"Investigate an uncovered required question","step":0,"t":"2026-09-17T19:17:53.705Z"}
{"level":"info","event":"action","runId":"df59d3d9-1aca-4765-b063-78a2b6df9c4b","type":"fetch","rationale":"Inspect an already-known source before another generic query","step":1,"t":"2026-09-17T19:17:53.721Z"}
{"level":"info","event":"action","runId":"df59d3d9-1aca-4765-b063-78a2b6df9c4b","type":"challenge","rationale":"Disconfirm material conclusion: A primary source that directly contradicts this conclusion.","step":2,"t":"2026-09-17T19:17:53.734Z"}
{"level":"info","event":"action","runId":"df59d3d9-1aca-4765-b063-78a2b6df9c4b","type":"challenge","rationale":"No counterexample found in accessed primary sources. This is not proof that the conclusion is true.","step":3,"t":"2026-09-17T19:17:53.748Z"}
{"level":"info","event":"action","runId":"df59d3d9-1aca-4765-b063-78a2b6df9c4b","type":"synthesize","rationale":"inaccessible_or_unresolved_gap:primary source is inaccessible","step":4,"t":"2026-09-17T19:17:53.758Z"}
{"level":"info","event":"action","runId":"2017ed30-90b1-4400-8686-b9b1bb83dd65","type":"search","rationale":"Investigate an uncovered required question","step":0,"t":"2026-09-17T19:17:54.210Z"}
{"level":"info","event":"action","runId":"2017ed30-90b1-4400-8686-b9b1bb83dd65","type":"fetch","rationale":"Inspect the preferred source type (vendor-docs) before more weak sources","step":1,"t":"2026-09-17T19:17:54.227Z"}
{"level":"info","event":"action","runId":"2017ed30-90b1-4400-8686-b9b1bb83dd65","type":"fetch","rationale":"Inspect the preferred source type (vendor-docs) before more weak sources","step":2,"t":"2026-09-17T19:17:54.241Z"}
{"level":"info","event":"action","runId":"2017ed30-90b1-4400-8686-b9b1bb83dd65","type":"verify","rationale":"Scope-check contradiction on value before treating newest as correct","step":3,"t":"2026-09-17T19:17:54.255Z"}
{"level":"info","event":"action","runId":"2017ed30-90b1-4400-8686-b9b1bb83dd65","type":"challenge","rationale":"Disconfirm material conclusion: A primary source that directly contradicts this conclusion.","step":4,"t":"2026-09-17T19:17:54.265Z"}
{"level":"info","event":"action","runId":"2017ed30-90b1-4400-8686-b9b1bb83dd65","type":"challenge","rationale":"No counterexample found in accessed primary sources. This is not proof that the conclusion is true.","step":5,"t":"2026-09-17T19:17:54.279Z"}
{"level":"info","event":"action","runId":"2017ed30-90b1-4400-8686-b9b1bb83dd65","type":"synthesize","rationale":"decision_critical_gaps_resolved_or_unresolvable; high-impact claims supported or qualified; contradictions handled; remaining actions low expected value","step":6,"t":"2026-09-17T19:17:54.291Z"}
{"level":"info","event":"action","runId":"c6bbf463-4da3-48b1-b8b0-57cbfe5fa21a","type":"search","rationale":"Investigate an uncovered required question","step":0,"t":"2026-09-17T19:17:54.764Z"}
{"level":"info","event":"action","runId":"c6bbf463-4da3-48b1-b8b0-57cbfe5fa21a","type":"fetch","rationale":"Inspect an already-known source before another generic query","step":1,"t":"2026-09-17T19:17:54.783Z"}
{"level":"info","event":"action","runId":"c6bbf463-4da3-48b1-b8b0-57cbfe5fa21a","type":"synthesize","rationale":"budget requires finishing with available evidence","step":2,"t":"2026-09-17T19:17:54.796Z"}
{"level":"info","event":"action","runId":"0974b627-105e-409e-a5c3-1b5a0942e97d","type":"search","rationale":"Investigate an uncovered required question","step":0,"t":"2026-09-17T19:17:55.246Z"}
{"level":"info","event":"action","runId":"0974b627-105e-409e-a5c3-1b5a0942e97d","type":"fetch","rationale":"Inspect an already-known source before another generic query","step":1,"t":"2026-09-17T19:17:55.269Z"}
{"level":"info","event":"action","runId":"0974b627-105e-409e-a5c3-1b5a0942e97d","type":"fetch","rationale":"Inspect an already-known source before another generic query","step":2,"t":"2026-09-17T19:17:55.287Z"}
{"level":"info","event":"action","runId":"0974b627-105e-409e-a5c3-1b5a0942e97d","type":"fetch","rationale":"Inspect an already-known source before another generic query","step":3,"t":"2026-09-17T19:17:55.300Z"}
{"level":"info","event":"action","runId":"0974b627-105e-409e-a5c3-1b5a0942e97d","type":"challenge","rationale":"Disconfirm material conclusion: A primary source that directly contradicts this conclusion.","step":4,"t":"2026-09-17T19:17:55.320Z"}
{"level":"info","event":"action","runId":"0974b627-105e-409e-a5c3-1b5a0942e97d","type":"challenge","rationale":"No counterexample found in accessed primary sources. This is not proof that the conclusion is true.","step":5,"t":"2026-09-17T19:17:55.335Z"}
{"level":"info","event":"action","runId":"0974b627-105e-409e-a5c3-1b5a0942e97d","type":"synthesize","rationale":"decision_critical_gaps_resolved_or_unresolvable; high-impact claims supported or qualified; contradictions handled; remaining actions low expected value","step":6,"t":"2026-09-17T19:17:55.349Z"}
{"level":"info","event":"action","runId":"dd3d0d2c-f25c-40cf-a82a-0f4fb4063c85","type":"search","rationale":"Investigate an uncovered required question","step":0,"t":"2026-09-17T19:17:55.817Z"}
{"level":"info","event":"action","runId":"dd3d0d2c-f25c-40cf-a82a-0f4fb4063c85","type":"search","rationale":"Decision-blocking gap: authoritative compatibility limitation. Switching source type to vendor-matrix.","step":1,"t":"2026-09-17T19:17:55.833Z"}
{"level":"info","event":"action","runId":"dd3d0d2c-f25c-40cf-a82a-0f4fb4063c85","type":"fetch","rationale":"Inspect the preferred source type (vendor-matrix) before more weak sources","step":2,"t":"2026-09-17T19:17:55.845Z"}
{"level":"info","event":"action","runId":"dd3d0d2c-f25c-40cf-a82a-0f4fb4063c85","type":"fetch","rationale":"Inspect an already-known source before another generic query","step":3,"t":"2026-09-17T19:17:55.856Z"}
{"level":"info","event":"action","runId":"dd3d0d2c-f25c-40cf-a82a-0f4fb4063c85","type":"fetch","rationale":"Inspect an already-known source before another generic query","step":4,"t":"2026-09-17T19:17:55.867Z"}
{"level":"info","event":"action","runId":"dd3d0d2c-f25c-40cf-a82a-0f4fb4063c85","type":"fetch","rationale":"Inspect an already-known source before another generic query","step":5,"t":"2026-09-17T19:17:55.878Z"}
{"level":"info","event":"action","runId":"dd3d0d2c-f25c-40cf-a82a-0f4fb4063c85","type":"verify","rationale":"Scope-check contradiction on compatibility before treating newest as correct","step":6,"t":"2026-09-17T19:17:55.889Z"}
{"level":"info","event":"action","runId":"dd3d0d2c-f25c-40cf-a82a-0f4fb4063c85","type":"challenge","rationale":"Disconfirm material conclusion: Official compatibility documentation that lists the named version as supported.","step":7,"t":"2026-09-17T19:17:55.897Z"}
{"level":"info","event":"action","runId":"dd3d0d2c-f25c-40cf-a82a-0f4fb4063c85","type":"challenge","rationale":"No counterexample found in accessed primary sources. This is not proof that the conclusion is true.","step":8,"t":"2026-09-17T19:17:55.910Z"}
{"level":"info","event":"action","runId":"dd3d0d2c-f25c-40cf-a82a-0f4fb4063c85","type":"synthesize","rationale":"decision_critical_gaps_resolved_or_unresolvable; high-impact claims supported or qualified; contradictions handled; remaining actions low expected value","step":9,"t":"2026-09-17T19:17:55.918Z"}
{"level":"info","event":"action","runId":"88f9985f-e7cc-411b-9c03-b30d9e3dc463","type":"search","rationale":"Investigate an uncovered required question","step":0,"t":"2026-09-17T19:17:56.369Z"}
{"level":"info","event":"action","runId":"88f9985f-e7cc-411b-9c03-b30d9e3dc463","type":"search","rationale":"Decision-blocking gap: authoritative compatibility limitation. Switching source type to vendor-matrix.","step":1,"t":"2026-09-17T19:17:56.386Z"}
{"level":"info","event":"action","runId":"88f9985f-e7cc-411b-9c03-b30d9e3dc463","type":"fetch","rationale":"Inspect the preferred source type (vendor-matrix) before more weak sources","step":2,"t":"2026-09-17T19:17:56.399Z"}
{"level":"info","event":"action","runId":"88f9985f-e7cc-411b-9c03-b30d9e3dc463","type":"fetch","rationale":"Inspect an already-known source before another generic query","step":3,"t":"2026-09-17T19:17:56.411Z"}
{"level":"info","event":"action","runId":"88f9985f-e7cc-411b-9c03-b30d9e3dc463","type":"fetch","rationale":"Inspect an already-known source before another generic query","step":4,"t":"2026-09-17T19:17:56.423Z"}
{"level":"info","event":"action","runId":"88f9985f-e7cc-411b-9c03-b30d9e3dc463","type":"fetch","rationale":"Inspect an already-known source before another generic query","step":5,"t":"2026-09-17T19:17:56.434Z"}
{"level":"info","event":"action","runId":"88f9985f-e7cc-411b-9c03-b30d9e3dc463","type":"verify","rationale":"Scope-check contradiction on compatibility before treating newest as correct","step":6,"t":"2026-09-17T19:17:56.446Z"}
{"level":"info","event":"action","runId":"88f9985f-e7cc-411b-9c03-b30d9e3dc463","type":"challenge","rationale":"Disconfirm material conclusion: Official compatibility documentation that lists the named version as supported.","step":7,"t":"2026-09-17T19:17:56.456Z"}
{"level":"info","event":"action","runId":"88f9985f-e7cc-411b-9c03-b30d9e3dc463","type":"challenge","rationale":"No counterexample found in accessed primary sources. This is not proof that the conclusion is true.","step":8,"t":"2026-09-17T19:17:56.468Z"}
{"level":"info","event":"action","runId":"88f9985f-e7cc-411b-9c03-b30d9e3dc463","type":"synthesize","rationale":"decision_critical_gaps_resolved_or_unresolvable; high-impact claims supported or qualified; contradictions handled; remaining actions low expected value","step":9,"t":"2026-09-17T19:17:56.477Z"}
{"level":"info","event":"action","runId":"8871b07a-323b-4cff-8be1-6ec77632ac23","type":"search","rationale":"Investigate an uncovered required question","step":0,"t":"2026-09-17T19:17:56.928Z"}
{"level":"info","event":"action","runId":"8871b07a-323b-4cff-8be1-6ec77632ac23","type":"fetch","rationale":"Inspect an already-known source before another generic query","step":1,"t":"2026-09-17T19:17:56.947Z"}
{"level":"info","event":"action","runId":"8871b07a-323b-4cff-8be1-6ec77632ac23","type":"fetch","rationale":"Inspect an already-known source before another generic query","step":2,"t":"2026-09-17T19:17:56.958Z"}
{"level":"info","event":"action","runId":"8871b07a-323b-4cff-8be1-6ec77632ac23","type":"fetch","rationale":"Inspect an already-known source before another generic query","step":3,"t":"2026-09-17T19:17:56.970Z"}
{"level":"info","event":"action","runId":"8871b07a-323b-4cff-8be1-6ec77632ac23","type":"challenge","rationale":"Disconfirm material conclusion: A primary source that directly contradicts this conclusion.","step":4,"t":"2026-09-17T19:17:56.984Z"}
{"level":"info","event":"action","runId":"8871b07a-323b-4cff-8be1-6ec77632ac23","type":"challenge","rationale":"No counterexample found in accessed primary sources. This is not proof that the conclusion is true.","step":5,"t":"2026-09-17T19:17:56.996Z"}
{"level":"info","event":"action","runId":"8871b07a-323b-4cff-8be1-6ec77632ac23","type":"synthesize","rationale":"decision_critical_gaps_resolved_or_unresolvable; high-impact claims supported or qualified; contradictions handled; remaining actions low expected value","step":6,"t":"2026-09-17T19:17:57.005Z"}
{"level":"info","event":"action","runId":"b85011a8-d206-49bd-9422-9ab227fca1b9","type":"search","rationale":"Investigate an uncovered required question","step":0,"t":"2026-09-17T19:17:57.252Z"}
{"level":"info","event":"action","runId":"b85011a8-d206-49bd-9422-9ab227fca1b9","type":"fetch","rationale":"Inspect an already-known source before another generic query","step":1,"t":"2026-09-17T19:17:57.267Z"}
{"level":"info","event":"action","runId":"b85011a8-d206-49bd-9422-9ab227fca1b9","type":"fetch","rationale":"Inspect an already-known source before another generic query","step":2,"t":"2026-09-17T19:17:57.278Z"}
{"level":"info","event":"action","runId":"b85011a8-d206-49bd-9422-9ab227fca1b9","type":"fetch","rationale":"Inspect an already-known source before another generic query","step":3,"t":"2026-09-17T19:17:57.289Z"}
{"level":"info","event":"action","runId":"b85011a8-d206-49bd-9422-9ab227fca1b9","type":"challenge","rationale":"Disconfirm material conclusion: A hard-constraint violation for a candidate currently marked eligible.","step":4,"t":"2026-09-17T19:17:57.301Z"}
{"level":"info","event":"action","runId":"b85011a8-d206-49bd-9422-9ab227fca1b9","type":"challenge","rationale":"No counterexample found in accessed primary sources. This is not proof that the conclusion is true.","step":5,"t":"2026-09-17T19:17:57.312Z"}
{"level":"info","event":"action","runId":"b85011a8-d206-49bd-9422-9ab227fca1b9","type":"synthesize","rationale":"decision_critical_gaps_resolved_or_unresolvable; high-impact claims supported or qualified; contradictions handled; remaining actions low expected value","step":6,"t":"2026-09-17T19:17:57.322Z"}
{"level":"info","event":"action","runId":"ea4b7e30-bd3f-499e-bc53-f5461dadb570","type":"search","rationale":"Investigate an uncovered required question","step":0,"t":"2026-09-17T19:17:57.780Z"}
{"level":"info","event":"action","runId":"ea4b7e30-bd3f-499e-bc53-f5461dadb570","type":"fetch","rationale":"Inspect an already-known source before another generic query","step":1,"t":"2026-09-17T19:17:57.794Z"}
{"level":"info","event":"action","runId":"ea4b7e30-bd3f-499e-bc53-f5461dadb570","type":"challenge","rationale":"Disconfirm material conclusion: A primary source that directly contradicts this conclusion.","step":2,"t":"2026-09-17T19:17:57.805Z"}
{"level":"info","event":"action","runId":"ea4b7e30-bd3f-499e-bc53-f5461dadb570","type":"challenge","rationale":"No counterexample found in accessed primary sources. This is not proof that the conclusion is true.","step":3,"t":"2026-09-17T19:17:57.816Z"}
{"level":"info","event":"action","runId":"ea4b7e30-bd3f-499e-bc53-f5461dadb570","type":"synthesize","rationale":"decision_critical_gaps_resolved_or_unresolvable; high-impact claims supported or qualified; contradictions handled; remaining actions low expected value","step":4,"t":"2026-09-17T19:17:57.824Z"}
{"level":"info","event":"action","runId":"810e4bfb-e01a-43ba-999f-fc79925940bc","type":"search","rationale":"Investigate an uncovered required question","step":0,"t":"2026-09-17T19:17:58.057Z"}
{"level":"info","event":"action","runId":"810e4bfb-e01a-43ba-999f-fc79925940bc","type":"fetch","rationale":"Inspect an already-known source before another generic query","step":1,"t":"2026-09-17T19:17:58.069Z"}
{"level":"info","event":"action","runId":"810e4bfb-e01a-43ba-999f-fc79925940bc","type":"challenge","rationale":"Disconfirm material conclusion: A primary source that directly contradicts this conclusion.","step":2,"t":"2026-09-17T19:17:58.079Z"}
{"level":"info","event":"action","runId":"810e4bfb-e01a-43ba-999f-fc79925940bc","type":"challenge","rationale":"No counterexample found in accessed primary sources. This is not proof that the conclusion is true.","step":3,"t":"2026-09-17T19:17:58.091Z"}
{"level":"info","event":"action","runId":"810e4bfb-e01a-43ba-999f-fc79925940bc","type":"synthesize","rationale":"decision_critical_gaps_resolved_or_unresolvable; high-impact claims supported or qualified; contradictions handled; remaining actions low expected value","step":4,"t":"2026-09-17T19:17:58.099Z"}
{"level":"info","event":"action","runId":"77e84300-76cc-4917-bb70-099db0bf8e74","type":"search","rationale":"Investigate an uncovered required question","step":0,"t":"2026-09-17T19:17:58.518Z"}
{"level":"info","event":"action","runId":"77e84300-76cc-4917-bb70-099db0bf8e74","type":"fetch","rationale":"Inspect an already-known source before another generic query","step":1,"t":"2026-09-17T19:17:58.538Z"}
{"level":"info","event":"action","runId":"77e84300-76cc-4917-bb70-099db0bf8e74","type":"fetch","rationale":"Inspect an already-known source before another generic query","step":2,"t":"2026-09-17T19:17:58.551Z"}
{"level":"info","event":"action","runId":"77e84300-76cc-4917-bb70-099db0bf8e74","type":"fetch","rationale":"Inspect an already-known source before another generic query","step":3,"t":"2026-09-17T19:17:58.562Z"}
{"level":"info","event":"action","runId":"77e84300-76cc-4917-bb70-099db0bf8e74","type":"challenge","rationale":"Disconfirm material conclusion: A primary source that directly contradicts this conclusion.","step":4,"t":"2026-09-17T19:17:58.577Z"}
{"level":"info","event":"action","runId":"77e84300-76cc-4917-bb70-099db0bf8e74","type":"challenge","rationale":"No counterexample found in accessed primary sources. This is not proof that the conclusion is true.","step":5,"t":"2026-09-17T19:17:58.591Z"}
{"level":"info","event":"action","runId":"77e84300-76cc-4917-bb70-099db0bf8e74","type":"synthesize","rationale":"decision_critical_gaps_resolved_or_unresolvable; high-impact claims supported or qualified; contradictions handled; remaining actions low expected value","step":6,"t":"2026-09-17T19:17:58.601Z"}
{"level":"info","event":"action","runId":"b3f11491-578b-40fd-bcd4-0ed1508613ff","type":"search","rationale":"Investigate an uncovered required question","step":0,"t":"2026-09-17T19:17:58.850Z"}
{"level":"info","event":"action","runId":"b3f11491-578b-40fd-bcd4-0ed1508613ff","type":"fetch","rationale":"Inspect an already-known source before another generic query","step":1,"t":"2026-09-17T19:17:58.869Z"}
{"level":"info","event":"action","runId":"b3f11491-578b-40fd-bcd4-0ed1508613ff","type":"fetch","rationale":"Inspect an already-known source before another generic query","step":2,"t":"2026-09-17T19:17:58.879Z"}
{"level":"info","event":"action","runId":"b3f11491-578b-40fd-bcd4-0ed1508613ff","type":"fetch","rationale":"Inspect an already-known source before another generic query","step":3,"t":"2026-09-17T19:17:58.890Z"}
{"level":"info","event":"action","runId":"b3f11491-578b-40fd-bcd4-0ed1508613ff","type":"challenge","rationale":"Disconfirm material conclusion: A primary source that directly contradicts this conclusion.","step":4,"t":"2026-09-17T19:17:58.904Z"}
{"level":"info","event":"action","runId":"b3f11491-578b-40fd-bcd4-0ed1508613ff","type":"challenge","rationale":"Disconfirm material conclusion: A primary source that directly contradicts this conclusion.","step":5,"t":"2026-09-17T19:17:58.915Z"}
{"level":"info","event":"action","runId":"b3f11491-578b-40fd-bcd4-0ed1508613ff","type":"challenge","rationale":"Disconfirm material conclusion: A primary source that directly contradicts this conclusion.","step":6,"t":"2026-09-17T19:17:58.927Z"}
{"level":"info","event":"action","runId":"b3f11491-578b-40fd-bcd4-0ed1508613ff","type":"challenge","rationale":"Disconfirm material conclusion: A primary source that directly contradicts this conclusion.","step":7,"t":"2026-09-17T19:17:58.938Z"}
{"level":"info","event":"action","runId":"b3f11491-578b-40fd-bcd4-0ed1508613ff","type":"challenge","rationale":"Disconfirm material conclusion: A primary source that directly contradicts this conclusion.","step":8,"t":"2026-09-17T19:17:58.951Z"}
{"level":"info","event":"action","runId":"b3f11491-578b-40fd-bcd4-0ed1508613ff","type":"challenge","rationale":"Disconfirm material conclusion: A primary source that directly contradicts this conclusion.","step":9,"t":"2026-09-17T19:17:58.962Z"}
{"level":"info","event":"action","runId":"b3f11491-578b-40fd-bcd4-0ed1508613ff","type":"challenge","rationale":"Disconfirm material conclusion: A primary source that directly contradicts this conclusion.","step":10,"t":"2026-09-17T19:17:58.973Z"}
{"level":"info","event":"action","runId":"b3f11491-578b-40fd-bcd4-0ed1508613ff","type":"challenge","rationale":"No counterexample found in accessed primary sources. This is not proof that the conclusion is true.","step":11,"t":"2026-09-17T19:17:58.984Z"}
{"level":"info","event":"action","runId":"b3f11491-578b-40fd-bcd4-0ed1508613ff","type":"stop","rationale":"Repeated searches returned no novel source family or coverage progress","step":12,"t":"2026-09-17T19:17:58.993Z"}
{"level":"info","event":"action","runId":"f63e80f8-efc9-4e7f-8886-b7811b0b351a","type":"search","rationale":"Investigate an uncovered required question","step":0,"t":"2026-09-17T19:17:59.452Z"}
{"level":"info","event":"action","runId":"f63e80f8-efc9-4e7f-8886-b7811b0b351a","type":"fetch","rationale":"Inspect an already-known source before another generic query","step":1,"t":"2026-09-17T19:17:59.470Z"}
{"level":"info","event":"action","runId":"f63e80f8-efc9-4e7f-8886-b7811b0b351a","type":"fetch","rationale":"Inspect an already-known source before another generic query","step":2,"t":"2026-09-17T19:17:59.481Z"}
{"level":"info","event":"action","runId":"f63e80f8-efc9-4e7f-8886-b7811b0b351a","type":"fetch","rationale":"Inspect an already-known source before another generic query","step":3,"t":"2026-09-17T19:17:59.492Z"}
{"level":"info","event":"action","runId":"f63e80f8-efc9-4e7f-8886-b7811b0b351a","type":"challenge","rationale":"Disconfirm material conclusion: A primary source that directly contradicts this conclusion.","step":4,"t":"2026-09-17T19:17:59.506Z"}
{"level":"info","event":"action","runId":"f63e80f8-efc9-4e7f-8886-b7811b0b351a","type":"challenge","rationale":"No counterexample found in accessed primary sources. This is not proof that the conclusion is true.","step":5,"t":"2026-09-17T19:17:59.519Z"}
{"level":"info","event":"action","runId":"f63e80f8-efc9-4e7f-8886-b7811b0b351a","type":"synthesize","rationale":"decision_critical_gaps_resolved_or_unresolvable; high-impact claims supported or qualified; contradictions handled; remaining actions low expected value","step":6,"t":"2026-09-17T19:17:59.528Z"}
{"level":"info","event":"action","runId":"f26418c6-f5ff-49b9-bf4c-0b07b8f83c02","type":"search","rationale":"Investigate an uncovered required question","step":0,"t":"2026-09-17T19:17:59.768Z"}
{"level":"info","event":"action","runId":"f26418c6-f5ff-49b9-bf4c-0b07b8f83c02","type":"fetch","rationale":"Inspect an already-known source before another generic query","step":1,"t":"2026-09-17T19:17:59.781Z"}
{"level":"info","event":"action","runId":"f26418c6-f5ff-49b9-bf4c-0b07b8f83c02","type":"fetch","rationale":"Inspect an already-known source before another generic query","step":2,"t":"2026-09-17T19:17:59.792Z"}
{"level":"info","event":"action","runId":"f26418c6-f5ff-49b9-bf4c-0b07b8f83c02","type":"fetch","rationale":"Inspect an already-known source before another generic query","step":3,"t":"2026-09-17T19:17:59.803Z"}
{"level":"info","event":"action","runId":"f26418c6-f5ff-49b9-bf4c-0b07b8f83c02","type":"challenge","rationale":"Disconfirm material conclusion: A hard-constraint violation for a candidate currently marked eligible.","step":4,"t":"2026-09-17T19:17:59.814Z"}
{"level":"info","event":"action","runId":"f26418c6-f5ff-49b9-bf4c-0b07b8f83c02","type":"challenge","rationale":"No counterexample found in accessed primary sources. This is not proof that the conclusion is true.","step":5,"t":"2026-09-17T19:17:59.824Z"}
{"level":"info","event":"action","runId":"f26418c6-f5ff-49b9-bf4c-0b07b8f83c02","type":"synthesize","rationale":"decision_critical_gaps_resolved_or_unresolvable; high-impact claims supported or qualified; contradictions handled; remaining actions low expected value","step":6,"t":"2026-09-17T19:17:59.834Z"}
{"level":"info","event":"action","runId":"5fe0fd0a-5d69-4d74-be46-c95f7696d74a","type":"search","rationale":"Investigate an uncovered required question","step":0,"t":"2026-09-17T19:18:00.065Z"}
{"level":"info","event":"action","runId":"5fe0fd0a-5d69-4d74-be46-c95f7696d74a","type":"fetch","rationale":"Inspect an already-known source before another generic query","step":1,"t":"2026-09-17T19:18:00.081Z"}
{"level":"info","event":"action","runId":"5fe0fd0a-5d69-4d74-be46-c95f7696d74a","type":"fetch","rationale":"Inspect an already-known source before another generic query","step":2,"t":"2026-09-17T19:18:00.092Z"}
{"level":"info","event":"action","runId":"5fe0fd0a-5d69-4d74-be46-c95f7696d74a","type":"fetch","rationale":"Inspect an already-known source before another generic query","step":3,"t":"2026-09-17T19:18:00.102Z"}
{"level":"info","event":"action","runId":"5fe0fd0a-5d69-4d74-be46-c95f7696d74a","type":"challenge","rationale":"Disconfirm material conclusion: A primary source that directly contradicts this conclusion.","step":4,"t":"2026-09-17T19:18:00.116Z"}
{"level":"info","event":"action","runId":"5fe0fd0a-5d69-4d74-be46-c95f7696d74a","type":"challenge","rationale":"No counterexample found in accessed primary sources. This is not proof that the conclusion is true.","step":5,"t":"2026-09-17T19:18:00.128Z"}
{"level":"info","event":"action","runId":"5fe0fd0a-5d69-4d74-be46-c95f7696d74a","type":"synthesize","rationale":"decision_critical_gaps_resolved_or_unresolvable; high-impact claims supported or qualified; contradictions handled; remaining actions low expected value","step":6,"t":"2026-09-17T19:18:00.137Z"}
{"level":"info","event":"action","runId":"95c20b91-b2ac-47d7-b10c-29513c12ebb1","type":"search","rationale":"Investigate an uncovered required question","step":0,"t":"2026-09-17T19:18:00.383Z"}
{"level":"info","event":"action","runId":"95c20b91-b2ac-47d7-b10c-29513c12ebb1","type":"fetch","rationale":"Inspect an already-known source before another generic query","step":1,"t":"2026-09-17T19:18:00.395Z"}
{"level":"info","event":"action","runId":"95c20b91-b2ac-47d7-b10c-29513c12ebb1","type":"fetch","rationale":"Inspect an already-known source before another generic query","step":2,"t":"2026-09-17T19:18:00.406Z"}
{"level":"info","event":"action","runId":"95c20b91-b2ac-47d7-b10c-29513c12ebb1","type":"fetch","rationale":"Inspect an already-known source before another generic query","step":3,"t":"2026-09-17T19:18:00.416Z"}
{"level":"info","event":"action","runId":"95c20b91-b2ac-47d7-b10c-29513c12ebb1","type":"challenge","rationale":"Disconfirm material conclusion: A hard-constraint violation for a candidate currently marked eligible.","step":4,"t":"2026-09-17T19:18:00.427Z"}
{"level":"info","event":"action","runId":"95c20b91-b2ac-47d7-b10c-29513c12ebb1","type":"challenge","rationale":"No counterexample found in accessed primary sources. This is not proof that the conclusion is true.","step":5,"t":"2026-09-17T19:18:00.438Z"}
{"level":"info","event":"action","runId":"95c20b91-b2ac-47d7-b10c-29513c12ebb1","type":"synthesize","rationale":"decision_critical_gaps_resolved_or_unresolvable; high-impact claims supported or qualified; contradictions handled; remaining actions low expected value","step":6,"t":"2026-09-17T19:18:00.449Z"}
{"level":"info","event":"action","runId":"ff2b5763-233d-436a-8bf4-25dd6cd1ca58","type":"search","rationale":"Investigate an uncovered required question","step":0,"t":"2026-09-17T19:18:00.893Z"}
{"level":"info","event":"action","runId":"ff2b5763-233d-436a-8bf4-25dd6cd1ca58","type":"fetch","rationale":"Inspect an already-known source before another generic query","step":1,"t":"2026-09-17T19:18:00.912Z"}
{"level":"info","event":"action","runId":"ff2b5763-233d-436a-8bf4-25dd6cd1ca58","type":"fetch","rationale":"Inspect an already-known source before another generic query","step":2,"t":"2026-09-17T19:18:00.923Z"}
{"level":"info","event":"action","runId":"ff2b5763-233d-436a-8bf4-25dd6cd1ca58","type":"fetch","rationale":"Inspect an already-known source before another generic query","step":3,"t":"2026-09-17T19:18:00.933Z"}
{"level":"info","event":"action","runId":"ff2b5763-233d-436a-8bf4-25dd6cd1ca58","type":"challenge","rationale":"Disconfirm material conclusion: A primary source that directly contradicts this conclusion.","step":4,"t":"2026-09-17T19:18:00.948Z"}
{"level":"info","event":"action","runId":"ff2b5763-233d-436a-8bf4-25dd6cd1ca58","type":"challenge","rationale":"No counterexample found in accessed primary sources. This is not proof that the conclusion is true.","step":5,"t":"2026-09-17T19:18:00.959Z"}
{"level":"info","event":"action","runId":"ff2b5763-233d-436a-8bf4-25dd6cd1ca58","type":"synthesize","rationale":"decision_critical_gaps_resolved_or_unresolvable; high-impact claims supported or qualified; contradictions handled; remaining actions low expected value","step":6,"t":"2026-09-17T19:18:00.967Z"}
{"level":"info","event":"action","runId":"11a46997-786c-46c2-88fe-87c477d794d0","type":"search","rationale":"Investigate an uncovered required question","step":0,"t":"2026-09-17T19:18:01.210Z"}
{"level":"info","event":"action","runId":"11a46997-786c-46c2-88fe-87c477d794d0","type":"fetch","rationale":"Inspect an already-known source before another generic query","step":1,"t":"2026-09-17T19:18:01.223Z"}
{"level":"info","event":"action","runId":"11a46997-786c-46c2-88fe-87c477d794d0","type":"fetch","rationale":"Inspect an already-known source before another generic query","step":2,"t":"2026-09-17T19:18:01.234Z"}
{"level":"info","event":"action","runId":"11a46997-786c-46c2-88fe-87c477d794d0","type":"challenge","rationale":"Disconfirm material conclusion: A primary source that directly contradicts this conclusion.","step":3,"t":"2026-09-17T19:18:01.245Z"}
{"level":"info","event":"action","runId":"11a46997-786c-46c2-88fe-87c477d794d0","type":"challenge","rationale":"Disconfirm material conclusion: A primary source that directly contradicts this conclusion.","step":4,"t":"2026-09-17T19:18:01.259Z"}
{"level":"info","event":"action","runId":"11a46997-786c-46c2-88fe-87c477d794d0","type":"challenge","rationale":"Disconfirm material conclusion: A primary source that directly contradicts this conclusion.","step":5,"t":"2026-09-17T19:18:01.272Z"}
{"level":"info","event":"action","runId":"11a46997-786c-46c2-88fe-87c477d794d0","type":"challenge","rationale":"Disconfirm material conclusion: A primary source that directly contradicts this conclusion.","step":6,"t":"2026-09-17T19:18:01.283Z"}
{"level":"info","event":"action","runId":"11a46997-786c-46c2-88fe-87c477d794d0","type":"challenge","rationale":"Disconfirm material conclusion: A primary source that directly contradicts this conclusion.","step":7,"t":"2026-09-17T19:18:01.294Z"}
{"level":"info","event":"action","runId":"11a46997-786c-46c2-88fe-87c477d794d0","type":"challenge","rationale":"Disconfirm material conclusion: A primary source that directly contradicts this conclusion.","step":8,"t":"2026-09-17T19:18:01.306Z"}
{"level":"info","event":"action","runId":"11a46997-786c-46c2-88fe-87c477d794d0","type":"challenge","rationale":"Disconfirm material conclusion: A primary source that directly contradicts this conclusion.","step":9,"t":"2026-09-17T19:18:01.318Z"}
{"level":"info","event":"action","runId":"11a46997-786c-46c2-88fe-87c477d794d0","type":"challenge","rationale":"No counterexample found in accessed primary sources. This is not proof that the conclusion is true.","step":10,"t":"2026-09-17T19:18:01.330Z"}
{"level":"info","event":"action","runId":"11a46997-786c-46c2-88fe-87c477d794d0","type":"stop","rationale":"Repeated searches returned no novel source family or coverage progress","step":11,"t":"2026-09-17T19:18:01.339Z"}
{"level":"info","event":"action","runId":"af60a288-d907-4074-8dbc-b09f4ebb3c9a","type":"search","rationale":"Investigate an uncovered required question","step":0,"t":"2026-09-17T19:18:01.786Z"}
{"level":"info","event":"action","runId":"af60a288-d907-4074-8dbc-b09f4ebb3c9a","type":"fetch","rationale":"Inspect an already-known source before another generic query","step":1,"t":"2026-09-17T19:18:01.804Z"}
{"level":"info","event":"action","runId":"af60a288-d907-4074-8dbc-b09f4ebb3c9a","type":"fetch","rationale":"Inspect an already-known source before another generic query","step":2,"t":"2026-09-17T19:18:01.815Z"}
{"level":"info","event":"action","runId":"af60a288-d907-4074-8dbc-b09f4ebb3c9a","type":"fetch","rationale":"Inspect an already-known source before another generic query","step":3,"t":"2026-09-17T19:18:01.826Z"}
{"level":"info","event":"action","runId":"af60a288-d907-4074-8dbc-b09f4ebb3c9a","type":"challenge","rationale":"Disconfirm material conclusion: A primary source that directly contradicts this conclusion.","step":4,"t":"2026-09-17T19:18:01.840Z"}
{"level":"info","event":"action","runId":"af60a288-d907-4074-8dbc-b09f4ebb3c9a","type":"challenge","rationale":"No counterexample found in accessed primary sources. This is not proof that the conclusion is true.","step":5,"t":"2026-09-17T19:18:01.851Z"}
{"level":"info","event":"action","runId":"af60a288-d907-4074-8dbc-b09f4ebb3c9a","type":"synthesize","rationale":"decision_critical_gaps_resolved_or_unresolvable; high-impact claims supported or qualified; contradictions handled; remaining actions low expected value","step":6,"t":"2026-09-17T19:18:01.860Z"}
{"level":"info","event":"action","runId":"4c8f1dfb-76cf-4791-8a01-e51db16f98ce","type":"search","rationale":"Investigate an uncovered required question","step":0,"t":"2026-09-17T19:18:02.294Z"}
{"level":"info","event":"action","runId":"4c8f1dfb-76cf-4791-8a01-e51db16f98ce","type":"fetch","rationale":"Inspect an already-known source before another generic query","step":1,"t":"2026-09-17T19:18:02.311Z"}
{"level":"info","event":"action","runId":"4c8f1dfb-76cf-4791-8a01-e51db16f98ce","type":"fetch","rationale":"Inspect an already-known source before another generic query","step":2,"t":"2026-09-17T19:18:02.322Z"}
{"level":"info","event":"action","runId":"4c8f1dfb-76cf-4791-8a01-e51db16f98ce","type":"fetch","rationale":"Inspect an already-known source before another generic query","step":3,"t":"2026-09-17T19:18:02.333Z"}
{"level":"info","event":"action","runId":"4c8f1dfb-76cf-4791-8a01-e51db16f98ce","type":"fetch","rationale":"Inspect an already-known source before another generic query","step":4,"t":"2026-09-17T19:18:02.346Z"}
{"level":"info","event":"action","runId":"4c8f1dfb-76cf-4791-8a01-e51db16f98ce","type":"fetch","rationale":"Inspect an already-known source before another generic query","step":5,"t":"2026-09-17T19:18:02.356Z"}
{"level":"info","event":"action","runId":"4c8f1dfb-76cf-4791-8a01-e51db16f98ce","type":"challenge","rationale":"Disconfirm material conclusion: A primary source that directly contradicts this conclusion.","step":6,"t":"2026-09-17T19:18:02.366Z"}
{"level":"info","event":"action","runId":"4c8f1dfb-76cf-4791-8a01-e51db16f98ce","type":"challenge","rationale":"No counterexample found in accessed primary sources. This is not proof that the conclusion is true.","step":7,"t":"2026-09-17T19:18:02.377Z"}
{"level":"info","event":"action","runId":"4c8f1dfb-76cf-4791-8a01-e51db16f98ce","type":"synthesize","rationale":"decision_critical_gaps_resolved_or_unresolvable; high-impact claims supported or qualified; contradictions handled; remaining actions low expected value","step":8,"t":"2026-09-17T19:18:02.386Z"}
{"level":"info","event":"action","runId":"5eb42e46-af41-41ea-bd31-ff60fa81357f","type":"search","rationale":"Investigate an uncovered required question","step":0,"t":"2026-09-17T19:18:02.813Z"}
{"level":"info","event":"action","runId":"5eb42e46-af41-41ea-bd31-ff60fa81357f","type":"fetch","rationale":"Inspect an already-known source before another generic query","step":1,"t":"2026-09-17T19:18:02.825Z"}
{"level":"info","event":"action","runId":"5eb42e46-af41-41ea-bd31-ff60fa81357f","type":"challenge","rationale":"Disconfirm material conclusion: A primary source that directly contradicts this conclusion.","step":2,"t":"2026-09-17T19:18:02.836Z"}
{"level":"info","event":"action","runId":"5eb42e46-af41-41ea-bd31-ff60fa81357f","type":"challenge","rationale":"No counterexample found in accessed primary sources. This is not proof that the conclusion is true.","step":3,"t":"2026-09-17T19:18:02.848Z"}
{"level":"info","event":"action","runId":"5eb42e46-af41-41ea-bd31-ff60fa81357f","type":"synthesize","rationale":"decision_critical_gaps_resolved_or_unresolvable; high-impact claims supported or qualified; contradictions handled; remaining actions low expected value","step":4,"t":"2026-09-17T19:18:02.856Z"}
{"level":"info","event":"action","runId":"9b1b46e8-a0b7-470a-8fc6-9216a8ce492f","type":"search","rationale":"Investigate an uncovered required question","step":0,"t":"2026-09-17T19:18:03.746Z"}
{"level":"info","event":"action","runId":"9b1b46e8-a0b7-470a-8fc6-9216a8ce492f","type":"fetch","rationale":"Inspect an already-known source before another generic query","step":1,"t":"2026-09-17T19:18:03.763Z"}
{"level":"info","event":"action","runId":"9b1b46e8-a0b7-470a-8fc6-9216a8ce492f","type":"fetch","rationale":"Inspect an already-known source before another generic query","step":2,"t":"2026-09-17T19:18:03.775Z"}
{"level":"info","event":"action","runId":"9b1b46e8-a0b7-470a-8fc6-9216a8ce492f","type":"fetch","rationale":"Inspect an already-known source before another generic query","step":3,"t":"2026-09-17T19:18:03.788Z"}
{"level":"info","event":"action","runId":"9b1b46e8-a0b7-470a-8fc6-9216a8ce492f","type":"fetch","rationale":"Inspect an already-known source before another generic query","step":4,"t":"2026-09-17T19:18:03.799Z"}
{"level":"info","event":"action","runId":"9b1b46e8-a0b7-470a-8fc6-9216a8ce492f","type":"fetch","rationale":"Inspect an already-known source before another generic query","step":5,"t":"2026-09-17T19:18:03.810Z"}
{"level":"info","event":"action","runId":"9b1b46e8-a0b7-470a-8fc6-9216a8ce492f","type":"challenge","rationale":"Disconfirm material conclusion: A primary source that directly contradicts this conclusion.","step":6,"t":"2026-09-17T19:18:03.821Z"}
{"level":"info","event":"action","runId":"9b1b46e8-a0b7-470a-8fc6-9216a8ce492f","type":"challenge","rationale":"No counterexample found in accessed primary sources. This is not proof that the conclusion is true.","step":7,"t":"2026-09-17T19:18:03.832Z"}
{"level":"info","event":"action","runId":"9b1b46e8-a0b7-470a-8fc6-9216a8ce492f","type":"synthesize","rationale":"decision_critical_gaps_resolved_or_unresolvable; high-impact claims supported or qualified; contradictions handled; remaining actions low expected value","step":8,"t":"2026-09-17T19:18:03.841Z"}
 ✓ test/launch-scope.integration.test.ts (19 tests) 11652ms
   ✓ launch-scope fixture/postgres cases > R03 does not interview a clear comparison over style  592ms
   ✓ launch-scope fixture/postgres cases > R07 keeps a paywalled page snippet-only and does not claim a full read  521ms
   ✓ launch-scope fixture/postgres cases > R11 records a real price contradiction without averaging  541ms
   ✓ launch-scope fixture/postgres cases > R14 budget-limited outcome is not marked comprehensive  492ms
   ✓ launch-scope fixture/postgres cases > R22 preserves a reproducible annual cost calculation  572ms
   ✓ launch-scope fixture/postgres cases > V2-01 uses the compatibility matrix, not summary count  555ms
   ✓ launch-scope fixture/postgres cases > V2-02 / R08 switches source type after summary-family saturation  565ms
   ✓ launch-scope fixture/postgres cases > V2-04 relaxed budget discovers a previously omitted candidate  838ms
   ✓ launch-scope fixture/postgres cases > V2-05 recomputes a corrected numeric unit  752ms
   ✓ launch-scope fixture/postgres cases > V2-06 unknown dependency completeness forces a full rerun flag  901ms
   ✓ launch-scope fixture/postgres cases > P2 selective budget reopen is not a full rerun; unknown-dependency correction is; both 120 EUR paths find Vendor C  1459ms
   ✓ launch-scope fixture/postgres cases > P2 a non-budget correction does not reopen candidate discovery or add Vendor C  895ms
   ✓ launch-scope fixture/postgres cases > V2-18 distinguishes no eligible inspected option from universal absence  519ms
   ✓ launch-scope fixture/postgres cases > E07 denies another account's evidence id  519ms
   ✓ launch-scope fixture/postgres cases > S04 does not leave raw script markup in the canonical report  470ms
   ✓ launch-scope fixture/postgres cases > challenge and markdown export use the same stored report  567ms
{"level":"info","event":"action","runId":"fa14ca4a-44fe-4269-a92c-4aff5ea44442","type":"search","rationale":"Investigate an uncovered required question","step":0,"t":"2026-09-17T19:18:04.946Z"}
{"level":"info","event":"action","runId":"fa14ca4a-44fe-4269-a92c-4aff5ea44442","type":"fetch","rationale":"Inspect an already-known source before another generic query","step":1,"t":"2026-09-17T19:18:04.980Z"}
{"level":"info","event":"action","runId":"fa14ca4a-44fe-4269-a92c-4aff5ea44442","type":"fetch","rationale":"Inspect an already-known source before another generic query","step":2,"t":"2026-09-17T19:18:04.996Z"}
{"level":"info","event":"action","runId":"fa14ca4a-44fe-4269-a92c-4aff5ea44442","type":"fetch","rationale":"Inspect an already-known source before another generic query","step":3,"t":"2026-09-17T19:18:05.011Z"}
{"level":"info","event":"action","runId":"fa14ca4a-44fe-4269-a92c-4aff5ea44442","type":"challenge","rationale":"Disconfirm material conclusion: A primary source that directly contradicts this conclusion.","step":4,"t":"2026-09-17T19:18:05.031Z"}
{"level":"info","event":"action","runId":"fa14ca4a-44fe-4269-a92c-4aff5ea44442","type":"challenge","rationale":"No counterexample found in accessed primary sources. This is not proof that the conclusion is true.","step":5,"t":"2026-09-17T19:18:05.048Z"}
{"level":"info","event":"action","runId":"fa14ca4a-44fe-4269-a92c-4aff5ea44442","type":"synthesize","rationale":"decision_critical_gaps_resolved_or_unresolvable; high-impact claims supported or qualified; contradictions handled; remaining actions low expected value","step":6,"t":"2026-09-17T19:18:05.063Z"}
{"level":"info","event":"action","runId":"b3232ecc-2e1f-4e8d-b7c8-a9e1520b793e","type":"search","rationale":"Investigate an uncovered required question","step":0,"t":"2026-09-17T19:18:05.555Z"}
{"level":"info","event":"action","runId":"b3232ecc-2e1f-4e8d-b7c8-a9e1520b793e","type":"fetch","rationale":"Inspect an already-known source before another generic query","step":1,"t":"2026-09-17T19:18:05.574Z"}
{"level":"info","event":"action","runId":"b3232ecc-2e1f-4e8d-b7c8-a9e1520b793e","type":"challenge","rationale":"Disconfirm material conclusion: A current official catalog entry for the named product.","step":2,"t":"2026-09-17T19:18:05.588Z"}
{"level":"info","event":"action","runId":"b3232ecc-2e1f-4e8d-b7c8-a9e1520b793e","type":"challenge","rationale":"No counterexample found in accessed primary sources. This is not proof that the conclusion is true.","step":3,"t":"2026-09-17T19:18:05.602Z"}
{"level":"info","event":"action","runId":"b3232ecc-2e1f-4e8d-b7c8-a9e1520b793e","type":"synthesize","rationale":"decision_critical_gaps_resolved_or_unresolvable; high-impact claims supported or qualified; contradictions handled; remaining actions low expected value","step":4,"t":"2026-09-17T19:18:05.613Z"}
{"level":"info","event":"action","runId":"92f2296d-f7d4-4474-adab-6f7162a960e5","type":"search","rationale":"Investigate an uncovered required question","step":0,"t":"2026-09-17T19:18:06.060Z"}
{"level":"info","event":"action","runId":"92f2296d-f7d4-4474-adab-6f7162a960e5","type":"fetch","rationale":"Inspect an already-known source before another generic query","step":1,"t":"2026-09-17T19:18:06.083Z"}
{"level":"info","event":"action","runId":"92f2296d-f7d4-4474-adab-6f7162a960e5","type":"fetch","rationale":"Inspect an already-known source before another generic query","step":2,"t":"2026-09-17T19:18:06.097Z"}
{"level":"info","event":"action","runId":"92f2296d-f7d4-4474-adab-6f7162a960e5","type":"fetch","rationale":"Inspect an already-known source before another generic query","step":3,"t":"2026-09-17T19:18:06.112Z"}
{"level":"info","event":"action","runId":"92f2296d-f7d4-4474-adab-6f7162a960e5","type":"fetch","rationale":"Inspect an already-known source before another generic query","step":4,"t":"2026-09-17T19:18:06.130Z"}
{"level":"info","event":"action","runId":"92f2296d-f7d4-4474-adab-6f7162a960e5","type":"fetch","rationale":"Inspect an already-known source before another generic query","step":5,"t":"2026-09-17T19:18:06.143Z"}
{"level":"info","event":"action","runId":"92f2296d-f7d4-4474-adab-6f7162a960e5","type":"challenge","rationale":"Disconfirm material conclusion: A primary source that directly contradicts this conclusion.","step":6,"t":"2026-09-17T19:18:06.157Z"}
{"level":"info","event":"action","runId":"92f2296d-f7d4-4474-adab-6f7162a960e5","type":"challenge","rationale":"No counterexample found in accessed primary sources. This is not proof that the conclusion is true.","step":7,"t":"2026-09-17T19:18:06.169Z"}
{"level":"info","event":"action","runId":"92f2296d-f7d4-4474-adab-6f7162a960e5","type":"synthesize","rationale":"decision_critical_gaps_resolved_or_unresolvable; high-impact claims supported or qualified; contradictions handled; remaining actions low expected value","step":8,"t":"2026-09-17T19:18:06.181Z"}
{"level":"info","event":"action","runId":"946c9ab6-6fdd-4e0e-bd23-4c5c9e209d10","type":"search","rationale":"Initial dataset excludes the user's stated population; pivot source type","step":0,"t":"2026-09-17T19:18:06.619Z"}
{"level":"info","event":"action","runId":"946c9ab6-6fdd-4e0e-bd23-4c5c9e209d10","type":"search","rationale":"Decision-blocking gap: population-specific evidence. Switching source type to population-specific.","step":1,"t":"2026-09-17T19:18:06.638Z"}
{"level":"info","event":"action","runId":"946c9ab6-6fdd-4e0e-bd23-4c5c9e209d10","type":"search","rationale":"Decision-blocking gap: population-specific evidence. Switching source type to population-specific.","step":2,"t":"2026-09-17T19:18:06.653Z"}
{"level":"info","event":"action","runId":"946c9ab6-6fdd-4e0e-bd23-4c5c9e209d10","type":"search","rationale":"Decision-blocking gap: population-specific evidence. Switching source type to population-specific.","step":3,"t":"2026-09-17T19:18:06.665Z"}
{"level":"info","event":"action","runId":"946c9ab6-6fdd-4e0e-bd23-4c5c9e209d10","type":"search","rationale":"Decision-blocking gap: population-specific evidence. Switching source type to population-specific.","step":4,"t":"2026-09-17T19:18:06.681Z"}
{"level":"info","event":"action","runId":"946c9ab6-6fdd-4e0e-bd23-4c5c9e209d10","type":"search","rationale":"Decision-blocking gap: population-specific evidence. Switching source type to population-specific.","step":5,"t":"2026-09-17T19:18:06.693Z"}
{"level":"info","event":"action","runId":"946c9ab6-6fdd-4e0e-bd23-4c5c9e209d10","type":"search","rationale":"Decision-blocking gap: population-specific evidence. Switching source type to population-specific.","step":6,"t":"2026-09-17T19:18:06.704Z"}
{"level":"info","event":"action","runId":"946c9ab6-6fdd-4e0e-bd23-4c5c9e209d10","type":"search","rationale":"Decision-blocking gap: population-specific evidence. Switching source type to population-specific.","step":7,"t":"2026-09-17T19:18:06.715Z"}
{"level":"info","event":"action","runId":"946c9ab6-6fdd-4e0e-bd23-4c5c9e209d10","type":"fetch","rationale":"Inspect an already-known source before another generic query","step":8,"t":"2026-09-17T19:18:06.727Z"}
{"level":"info","event":"action","runId":"946c9ab6-6fdd-4e0e-bd23-4c5c9e209d10","type":"fetch","rationale":"Inspect an already-known source before another generic query","step":9,"t":"2026-09-17T19:18:06.739Z"}
{"level":"info","event":"action","runId":"946c9ab6-6fdd-4e0e-bd23-4c5c9e209d10","type":"challenge","rationale":"No counterexample found in accessed primary sources. This is not proof that the conclusion is true.","step":10,"t":"2026-09-17T19:18:06.752Z"}
{"level":"info","event":"action","runId":"946c9ab6-6fdd-4e0e-bd23-4c5c9e209d10","type":"stop","rationale":"Repeated searches returned no novel source family or coverage progress","step":11,"t":"2026-09-17T19:18:06.763Z"}
{"level":"info","event":"action","runId":"1ef5f0fa-8424-4719-80f3-50d819107098","type":"search","rationale":"Investigate an uncovered required question","step":0,"t":"2026-09-17T19:18:07.212Z"}
{"level":"info","event":"action","runId":"1ef5f0fa-8424-4719-80f3-50d819107098","type":"fetch","rationale":"Inspect an already-known source before another generic query","step":1,"t":"2026-09-17T19:18:07.226Z"}
{"level":"info","event":"action","runId":"1ef5f0fa-8424-4719-80f3-50d819107098","type":"challenge","rationale":"Disconfirm material conclusion: A primary source that directly contradicts this conclusion.","step":2,"t":"2026-09-17T19:18:07.238Z"}
{"level":"info","event":"action","runId":"1ef5f0fa-8424-4719-80f3-50d819107098","type":"challenge","rationale":"No counterexample found in accessed primary sources. This is not proof that the conclusion is true.","step":3,"t":"2026-09-17T19:18:07.251Z"}
{"level":"info","event":"action","runId":"1ef5f0fa-8424-4719-80f3-50d819107098","type":"synthesize","rationale":"decision_critical_gaps_resolved_or_unresolvable; high-impact claims supported or qualified; contradictions handled; remaining actions low expected value","step":4,"t":"2026-09-17T19:18:07.261Z"}
{"level":"info","event":"action","runId":"f4d2d59d-2ff7-4c86-887f-cae10fcf1b79","type":"search","rationale":"Investigate an uncovered required question","step":0,"t":"2026-09-17T19:18:07.692Z"}
{"level":"info","event":"action","runId":"f4d2d59d-2ff7-4c86-887f-cae10fcf1b79","type":"fetch","rationale":"Inspect an already-known source before another generic query","step":1,"t":"2026-09-17T19:18:07.712Z"}
{"level":"info","event":"action","runId":"f4d2d59d-2ff7-4c86-887f-cae10fcf1b79","type":"fetch","rationale":"Inspect an already-known source before another generic query","step":2,"t":"2026-09-17T19:18:07.725Z"}
{"level":"info","event":"action","runId":"f4d2d59d-2ff7-4c86-887f-cae10fcf1b79","type":"fetch","rationale":"Inspect an already-known source before another generic query","step":3,"t":"2026-09-17T19:18:07.740Z"}
{"level":"info","event":"action","runId":"f4d2d59d-2ff7-4c86-887f-cae10fcf1b79","type":"challenge","rationale":"Disconfirm material conclusion: A primary source that directly contradicts this conclusion.","step":4,"t":"2026-09-17T19:18:07.757Z"}
{"level":"info","event":"action","runId":"f4d2d59d-2ff7-4c86-887f-cae10fcf1b79","type":"challenge","rationale":"No counterexample found in accessed primary sources. This is not proof that the conclusion is true.","step":5,"t":"2026-09-17T19:18:07.773Z"}
{"level":"info","event":"action","runId":"f4d2d59d-2ff7-4c86-887f-cae10fcf1b79","type":"synthesize","rationale":"decision_critical_gaps_resolved_or_unresolvable; high-impact claims supported or qualified; contradictions handled; remaining actions low expected value","step":6,"t":"2026-09-17T19:18:07.784Z"}
{"level":"info","event":"action","runId":"8f1cdf9c-db89-44fc-bc55-14328d249aff","type":"search","rationale":"Investigate an uncovered required question","step":0,"t":"2026-09-17T19:18:08.259Z"}
{"level":"info","event":"action","runId":"8f1cdf9c-db89-44fc-bc55-14328d249aff","type":"fetch","rationale":"Inspect an already-known source before another generic query","step":1,"t":"2026-09-17T19:18:08.279Z"}
{"level":"info","event":"action","runId":"8f1cdf9c-db89-44fc-bc55-14328d249aff","type":"fetch","rationale":"Inspect an already-known source before another generic query","step":2,"t":"2026-09-17T19:18:08.291Z"}
{"level":"info","event":"action","runId":"8f1cdf9c-db89-44fc-bc55-14328d249aff","type":"fetch","rationale":"Inspect an already-known source before another generic query","step":3,"t":"2026-09-17T19:18:08.303Z"}
{"level":"info","event":"action","runId":"8f1cdf9c-db89-44fc-bc55-14328d249aff","type":"fetch","rationale":"Inspect an already-known source before another generic query","step":4,"t":"2026-09-17T19:18:08.315Z"}
{"level":"info","event":"action","runId":"8f1cdf9c-db89-44fc-bc55-14328d249aff","type":"fetch","rationale":"Inspect an already-known source before another generic query","step":5,"t":"2026-09-17T19:18:08.326Z"}
{"level":"info","event":"action","runId":"8f1cdf9c-db89-44fc-bc55-14328d249aff","type":"challenge","rationale":"Disconfirm material conclusion: A primary source that directly contradicts this conclusion.","step":6,"t":"2026-09-17T19:18:08.338Z"}
{"level":"info","event":"action","runId":"8f1cdf9c-db89-44fc-bc55-14328d249aff","type":"challenge","rationale":"No counterexample found in accessed primary sources. This is not proof that the conclusion is true.","step":7,"t":"2026-09-17T19:18:08.352Z"}
{"level":"info","event":"action","runId":"8f1cdf9c-db89-44fc-bc55-14328d249aff","type":"synthesize","rationale":"decision_critical_gaps_resolved_or_unresolvable; high-impact claims supported or qualified; contradictions handled; remaining actions low expected value","step":8,"t":"2026-09-17T19:18:08.362Z"}
{"level":"info","event":"action","runId":"7c63e0da-91dc-4432-8e21-8238ff055d6b","type":"search","rationale":"Investigate an uncovered required question","step":0,"t":"2026-09-17T19:18:09.039Z"}
{"level":"info","event":"action","runId":"7c63e0da-91dc-4432-8e21-8238ff055d6b","type":"fetch","rationale":"Inspect an already-known source before another generic query","step":0,"t":"2026-09-17T19:18:09.066Z"}
{"level":"info","event":"action","runId":"7c63e0da-91dc-4432-8e21-8238ff055d6b","type":"fetch","rationale":"Inspect an already-known source before another generic query","step":1,"t":"2026-09-17T19:18:09.078Z"}
{"level":"info","event":"action","runId":"7c63e0da-91dc-4432-8e21-8238ff055d6b","type":"fetch","rationale":"Inspect an already-known source before another generic query","step":2,"t":"2026-09-17T19:18:09.090Z"}
{"level":"info","event":"action","runId":"7c63e0da-91dc-4432-8e21-8238ff055d6b","type":"challenge","rationale":"Disconfirm material conclusion: A primary source that directly contradicts this conclusion.","step":3,"t":"2026-09-17T19:18:09.104Z"}
{"level":"info","event":"action","runId":"7c63e0da-91dc-4432-8e21-8238ff055d6b","type":"challenge","rationale":"No counterexample found in accessed primary sources. This is not proof that the conclusion is true.","step":4,"t":"2026-09-17T19:18:09.115Z"}
{"level":"info","event":"action","runId":"7c63e0da-91dc-4432-8e21-8238ff055d6b","type":"synthesize","rationale":"decision_critical_gaps_resolved_or_unresolvable; high-impact claims supported or qualified; contradictions handled; remaining actions low expected value","step":5,"t":"2026-09-17T19:18:09.123Z"}
{"level":"info","event":"action","runId":"c3b68c04-3006-4548-8648-58d58f3f515c","type":"search","rationale":"Investigate an uncovered required question","step":0,"t":"2026-09-17T19:18:09.570Z"}
{"level":"info","event":"action","runId":"c3b68c04-3006-4548-8648-58d58f3f515c","type":"fetch","rationale":"Inspect an already-known source before another generic query","step":1,"t":"2026-09-17T19:18:09.590Z"}
{"level":"info","event":"action","runId":"c3b68c04-3006-4548-8648-58d58f3f515c","type":"fetch","rationale":"Inspect an already-known source before another generic query","step":2,"t":"2026-09-17T19:18:09.601Z"}
{"level":"info","event":"action","runId":"c3b68c04-3006-4548-8648-58d58f3f515c","type":"fetch","rationale":"Inspect an already-known source before another generic query","step":3,"t":"2026-09-17T19:18:09.611Z"}
{"level":"info","event":"action","runId":"c3b68c04-3006-4548-8648-58d58f3f515c","type":"challenge","rationale":"Disconfirm material conclusion: A primary source that directly contradicts this conclusion.","step":4,"t":"2026-09-17T19:18:09.625Z"}
{"level":"info","event":"action","runId":"c3b68c04-3006-4548-8648-58d58f3f515c","type":"challenge","rationale":"No counterexample found in accessed primary sources. This is not proof that the conclusion is true.","step":5,"t":"2026-09-17T19:18:09.635Z"}
{"level":"info","event":"action","runId":"c3b68c04-3006-4548-8648-58d58f3f515c","type":"synthesize","rationale":"decision_critical_gaps_resolved_or_unresolvable; high-impact claims supported or qualified; contradictions handled; remaining actions low expected value","step":6,"t":"2026-09-17T19:18:09.644Z"}
{"level":"info","event":"action","runId":"e2788f8e-0d8f-4460-a0e6-bae4e5a67791","type":"search","rationale":"Investigate an uncovered required question","step":0,"t":"2026-09-17T19:18:09.891Z"}
{"level":"info","event":"action","runId":"e2788f8e-0d8f-4460-a0e6-bae4e5a67791","type":"stop","rationale":"action type reveal_keys is not a permitted research action","step":1,"t":"2026-09-17T19:18:09.905Z"}
{"level":"info","event":"action","runId":"cd2461c1-ffa7-4323-bc7b-e48f4fabaa44","type":"search","rationale":"Investigate an uncovered required question","step":0,"t":"2026-09-17T19:18:10.350Z"}
{"level":"info","event":"action","runId":"cd2461c1-ffa7-4323-bc7b-e48f4fabaa44","type":"fetch","rationale":"Inspect an already-known source before another generic query","step":1,"t":"2026-09-17T19:18:10.369Z"}
{"level":"info","event":"action","runId":"cd2461c1-ffa7-4323-bc7b-e48f4fabaa44","type":"fetch","rationale":"Inspect an already-known source before another generic query","step":2,"t":"2026-09-17T19:18:10.380Z"}
{"level":"info","event":"action","runId":"cd2461c1-ffa7-4323-bc7b-e48f4fabaa44","type":"fetch","rationale":"Inspect an already-known source before another generic query","step":3,"t":"2026-09-17T19:18:10.391Z"}
{"level":"info","event":"action","runId":"cd2461c1-ffa7-4323-bc7b-e48f4fabaa44","type":"challenge","rationale":"Disconfirm material conclusion: A primary source that directly contradicts this conclusion.","step":4,"t":"2026-09-17T19:18:10.405Z"}
{"level":"info","event":"action","runId":"cd2461c1-ffa7-4323-bc7b-e48f4fabaa44","type":"challenge","rationale":"No counterexample found in accessed primary sources. This is not proof that the conclusion is true.","step":5,"t":"2026-09-17T19:18:10.416Z"}
{"level":"info","event":"action","runId":"cd2461c1-ffa7-4323-bc7b-e48f4fabaa44","type":"synthesize","rationale":"decision_critical_gaps_resolved_or_unresolvable; high-impact claims supported or qualified; contradictions handled; remaining actions low expected value","step":6,"t":"2026-09-17T19:18:10.425Z"}
{"level":"info","event":"action","runId":"d481bc06-136e-487e-ad40-81c244ba717f","type":"search","rationale":"Investigate an uncovered required question","step":0,"t":"2026-09-17T19:18:10.691Z"}
{"level":"info","event":"action","runId":"d481bc06-136e-487e-ad40-81c244ba717f","type":"fetch","rationale":"Inspect an already-known source before another generic query","step":1,"t":"2026-09-17T19:18:10.710Z"}
{"level":"info","event":"action","runId":"d481bc06-136e-487e-ad40-81c244ba717f","type":"fetch","rationale":"Inspect an already-known source before another generic query","step":2,"t":"2026-09-17T19:18:10.721Z"}
{"level":"info","event":"action","runId":"d481bc06-136e-487e-ad40-81c244ba717f","type":"fetch","rationale":"Inspect an already-known source before another generic query","step":3,"t":"2026-09-17T19:18:10.733Z"}
{"level":"info","event":"action","runId":"d481bc06-136e-487e-ad40-81c244ba717f","type":"challenge","rationale":"Disconfirm material conclusion: A primary source that directly contradicts this conclusion.","step":4,"t":"2026-09-17T19:18:10.748Z"}
{"level":"info","event":"action","runId":"d481bc06-136e-487e-ad40-81c244ba717f","type":"challenge","rationale":"No counterexample found in accessed primary sources. This is not proof that the conclusion is true.","step":5,"t":"2026-09-17T19:18:10.759Z"}
{"level":"info","event":"action","runId":"d481bc06-136e-487e-ad40-81c244ba717f","type":"synthesize","rationale":"decision_critical_gaps_resolved_or_unresolvable; high-impact claims supported or qualified; contradictions handled; remaining actions low expected value","step":6,"t":"2026-09-17T19:18:10.768Z"}
{"level":"info","event":"action","runId":"ce9ab5a6-a5e1-484b-a66a-f9bbf8ad428f","type":"search","rationale":"Investigate an uncovered required question","step":0,"t":"2026-09-17T19:18:11.023Z"}
{"level":"info","event":"action","runId":"ce9ab5a6-a5e1-484b-a66a-f9bbf8ad428f","type":"fetch","rationale":"Inspect an already-known source before another generic query","step":1,"t":"2026-09-17T19:18:11.041Z"}
{"level":"info","event":"action","runId":"ce9ab5a6-a5e1-484b-a66a-f9bbf8ad428f","type":"fetch","rationale":"Inspect an already-known source before another generic query","step":2,"t":"2026-09-17T19:18:11.053Z"}
{"level":"info","event":"action","runId":"ce9ab5a6-a5e1-484b-a66a-f9bbf8ad428f","type":"fetch","rationale":"Inspect an already-known source before another generic query","step":3,"t":"2026-09-17T19:18:11.064Z"}
{"level":"info","event":"action","runId":"ce9ab5a6-a5e1-484b-a66a-f9bbf8ad428f","type":"challenge","rationale":"Disconfirm material conclusion: A primary source that directly contradicts this conclusion.","step":4,"t":"2026-09-17T19:18:11.077Z"}
{"level":"info","event":"action","runId":"ce9ab5a6-a5e1-484b-a66a-f9bbf8ad428f","type":"challenge","rationale":"No counterexample found in accessed primary sources. This is not proof that the conclusion is true.","step":5,"t":"2026-09-17T19:18:11.088Z"}
{"level":"info","event":"action","runId":"ce9ab5a6-a5e1-484b-a66a-f9bbf8ad428f","type":"synthesize","rationale":"decision_critical_gaps_resolved_or_unresolvable; high-impact claims supported or qualified; contradictions handled; remaining actions low expected value","step":6,"t":"2026-09-17T19:18:11.098Z"}
{"level":"info","event":"action","runId":"1dc12054-f59a-444b-bc5b-a2ae0080440d","type":"search","rationale":"Investigate an uncovered required question","step":0,"t":"2026-09-17T19:18:11.338Z"}
{"level":"info","event":"action","runId":"1dc12054-f59a-444b-bc5b-a2ae0080440d","type":"fetch","rationale":"Inspect an already-known source before another generic query","step":1,"t":"2026-09-17T19:18:11.353Z"}
{"level":"info","event":"action","runId":"1dc12054-f59a-444b-bc5b-a2ae0080440d","type":"fetch","rationale":"Inspect an already-known source before another generic query","step":2,"t":"2026-09-17T19:18:11.364Z"}
{"level":"info","event":"action","runId":"1dc12054-f59a-444b-bc5b-a2ae0080440d","type":"fetch","rationale":"Inspect an already-known source before another generic query","step":3,"t":"2026-09-17T19:18:11.374Z"}
{"level":"info","event":"action","runId":"1dc12054-f59a-444b-bc5b-a2ae0080440d","type":"challenge","rationale":"Disconfirm material conclusion: A hard-constraint violation for a candidate currently marked eligible.","step":4,"t":"2026-09-17T19:18:11.384Z"}
{"level":"info","event":"action","runId":"1dc12054-f59a-444b-bc5b-a2ae0080440d","type":"challenge","rationale":"No counterexample found in accessed primary sources. This is not proof that the conclusion is true.","step":5,"t":"2026-09-17T19:18:11.397Z"}
{"level":"info","event":"action","runId":"1dc12054-f59a-444b-bc5b-a2ae0080440d","type":"synthesize","rationale":"decision_critical_gaps_resolved_or_unresolvable; high-impact claims supported or qualified; contradictions handled; remaining actions low expected value","step":6,"t":"2026-09-17T19:18:11.406Z"}
{"level":"info","event":"action","runId":"c2fbb12e-ba2c-4767-be88-e15033cca943","type":"challenge","rationale":"Disconfirm material conclusion: A primary source that directly contradicts this conclusion.","step":0,"t":"2026-09-17T19:18:11.849Z"}
{"level":"info","event":"action","runId":"c2fbb12e-ba2c-4767-be88-e15033cca943","type":"fetch","rationale":"Inspect an already-known source before another generic query","step":1,"t":"2026-09-17T19:18:11.868Z"}
{"level":"info","event":"action","runId":"c2fbb12e-ba2c-4767-be88-e15033cca943","type":"fetch","rationale":"Inspect an already-known source before another generic query","step":2,"t":"2026-09-17T19:18:11.880Z"}
{"level":"info","event":"action","runId":"c2fbb12e-ba2c-4767-be88-e15033cca943","type":"fetch","rationale":"Inspect an already-known source before another generic query","step":3,"t":"2026-09-17T19:18:11.892Z"}
{"level":"info","event":"action","runId":"c2fbb12e-ba2c-4767-be88-e15033cca943","type":"challenge","rationale":"No counterexample found in accessed primary sources. This is not proof that the conclusion is true.","step":4,"t":"2026-09-17T19:18:11.906Z"}
{"level":"info","event":"action","runId":"c2fbb12e-ba2c-4767-be88-e15033cca943","type":"synthesize","rationale":"decision_critical_gaps_resolved_or_unresolvable; high-impact claims supported or qualified; contradictions handled; remaining actions low expected value","step":5,"t":"2026-09-17T19:18:11.916Z"}
{"level":"info","event":"action","runId":"31bfb3dc-6c8a-4d22-a634-5465d6706168","type":"search","rationale":"Investigate an uncovered required question","step":0,"t":"2026-09-17T19:18:12.367Z"}
{"level":"info","event":"action","runId":"31bfb3dc-6c8a-4d22-a634-5465d6706168","type":"fetch","rationale":"Inspect an already-known source before another generic query","step":1,"t":"2026-09-17T19:18:12.385Z"}
{"level":"info","event":"action","runId":"31bfb3dc-6c8a-4d22-a634-5465d6706168","type":"fetch","rationale":"Inspect an already-known source before another generic query","step":2,"t":"2026-09-17T19:18:12.395Z"}
{"level":"info","event":"action","runId":"31bfb3dc-6c8a-4d22-a634-5465d6706168","type":"fetch","rationale":"Inspect an already-known source before another generic query","step":3,"t":"2026-09-17T19:18:12.407Z"}
{"level":"info","event":"action","runId":"31bfb3dc-6c8a-4d22-a634-5465d6706168","type":"fetch","rationale":"Inspect an already-known source before another generic query","step":4,"t":"2026-09-17T19:18:12.417Z"}
{"level":"info","event":"action","runId":"31bfb3dc-6c8a-4d22-a634-5465d6706168","type":"fetch","rationale":"Inspect an already-known source before another generic query","step":5,"t":"2026-09-17T19:18:12.428Z"}
{"level":"info","event":"action","runId":"31bfb3dc-6c8a-4d22-a634-5465d6706168","type":"challenge","rationale":"Disconfirm material conclusion: A primary source that directly contradicts this conclusion.","step":6,"t":"2026-09-17T19:18:12.438Z"}
{"level":"info","event":"action","runId":"31bfb3dc-6c8a-4d22-a634-5465d6706168","type":"challenge","rationale":"No counterexample found in accessed primary sources. This is not proof that the conclusion is true.","step":7,"t":"2026-09-17T19:18:12.450Z"}
{"level":"info","event":"action","runId":"31bfb3dc-6c8a-4d22-a634-5465d6706168","type":"synthesize","rationale":"decision_critical_gaps_resolved_or_unresolvable; high-impact claims supported or qualified; contradictions handled; remaining actions low expected value","step":8,"t":"2026-09-17T19:18:12.459Z"}
 ✓ test/p0-smoke.integration.test.ts (16 tests) 8165ms
   ✓ P0 smoke against shipped API/worker/postgres > R01 already-known constraint is stored and not re-asked  664ms
   ✓ P0 smoke against shipped API/worker/postgres > R04 false premise is reported and not invented  509ms
   ✓ P0 smoke against shipped API/worker/postgres > R05 source duplication clusters five reprints as one origin  565ms
   ✓ P0 smoke against shipped API/worker/postgres > R09 justified pivot opens a population-relevant source  589ms
   ✓ P0 smoke against shipped API/worker/postgres > R13 diminishing returns stops instead of exhausting a quota  484ms
   ✓ P0 smoke against shipped API/worker/postgres > E01 unknown citation ID blocks publication  553ms
   ✓ P0 smoke against shipped API/worker/postgres > E02 non-supporting citation is flagged  558ms
   ✓ P0 smoke against shipped API/worker/postgres > J03 crash after fetch recovers evidence without double settlement  548ms
   ✓ P0 smoke against shipped API/worker/postgres > J05 / V2-07 cancel during writing rejects late publication  318ms
   ✓ P0 smoke against shipped API/worker/postgres > S01 prompt injection cannot authorize tools or reveal keys  448ms
   ✓ P0 smoke against shipped API/worker/postgres > S09 deletion during run purges derived text and blocks resurrection  353ms
   ✓ P0 smoke against shipped API/worker/postgres > V2-08 stale worker lease cannot publish  324ms
   ✓ P0 smoke against shipped API/worker/postgres > correction reopens discovery when a hard budget constraint is relaxed  822ms
   ✓ P0 smoke against shipped API/worker/postgres > S05 private attachment canary is not copied into a public search query  520ms
   ✓ P0 smoke against shipped API/worker/postgres > GET events and report citations resolve to stored evidence IDs  533ms
{"level":"info","event":"action","runId":"b4143da8-cfbb-4d2b-b257-0393108e293e","type":"search","rationale":"Investigate an uncovered required question","step":0,"t":"2026-09-17T19:18:13.538Z"}
{"level":"info","event":"action","runId":"b4143da8-cfbb-4d2b-b257-0393108e293e","type":"fetch","rationale":"Inspect an already-known source before another generic query","step":1,"t":"2026-09-17T19:18:13.572Z"}
{"level":"info","event":"action","runId":"b4143da8-cfbb-4d2b-b257-0393108e293e","type":"fetch","rationale":"Inspect an already-known source before another generic query","step":2,"t":"2026-09-17T19:18:13.589Z"}
{"level":"info","event":"action","runId":"b4143da8-cfbb-4d2b-b257-0393108e293e","type":"fetch","rationale":"Inspect an already-known source before another generic query","step":3,"t":"2026-09-17T19:18:13.604Z"}
{"level":"info","event":"action","runId":"b4143da8-cfbb-4d2b-b257-0393108e293e","type":"fetch","rationale":"Inspect an already-known source before another generic query","step":4,"t":"2026-09-17T19:18:13.622Z"}
{"level":"info","event":"action","runId":"b4143da8-cfbb-4d2b-b257-0393108e293e","type":"fetch","rationale":"Inspect an already-known source before another generic query","step":5,"t":"2026-09-17T19:18:13.636Z"}
{"level":"info","event":"action","runId":"b4143da8-cfbb-4d2b-b257-0393108e293e","type":"challenge","rationale":"Disconfirm material conclusion: A primary source that directly contradicts this conclusion.","step":6,"t":"2026-09-17T19:18:13.653Z"}
{"level":"info","event":"action","runId":"b4143da8-cfbb-4d2b-b257-0393108e293e","type":"challenge","rationale":"No counterexample found in accessed primary sources. This is not proof that the conclusion is true.","step":7,"t":"2026-09-17T19:18:13.669Z"}
{"level":"info","event":"action","runId":"b4143da8-cfbb-4d2b-b257-0393108e293e","type":"synthesize","rationale":"decision_critical_gaps_resolved_or_unresolvable; high-impact claims supported or qualified; contradictions handled; remaining actions low expected value","step":8,"t":"2026-09-17T19:18:13.682Z"}
{"level":"info","event":"action","runId":"7dc62cc5-80be-40e8-914f-541af2c47078","type":"challenge","rationale":"Disconfirm material conclusion: A primary source that directly contradicts this conclusion.","step":0,"t":"2026-09-17T19:18:14.198Z"}
{"level":"info","event":"action","runId":"7dc62cc5-80be-40e8-914f-541af2c47078","type":"fetch","rationale":"Inspect an already-known source before another generic query","step":1,"t":"2026-09-17T19:18:14.222Z"}
{"level":"info","event":"action","runId":"7dc62cc5-80be-40e8-914f-541af2c47078","type":"fetch","rationale":"Inspect an already-known source before another generic query","step":2,"t":"2026-09-17T19:18:14.237Z"}
{"level":"info","event":"action","runId":"7dc62cc5-80be-40e8-914f-541af2c47078","type":"fetch","rationale":"Inspect an already-known source before another generic query","step":3,"t":"2026-09-17T19:18:14.253Z"}
{"level":"info","event":"action","runId":"7dc62cc5-80be-40e8-914f-541af2c47078","type":"challenge","rationale":"No counterexample found in accessed primary sources. This is not proof that the conclusion is true.","step":4,"t":"2026-09-17T19:18:14.273Z"}
{"level":"info","event":"action","runId":"7dc62cc5-80be-40e8-914f-541af2c47078","type":"synthesize","rationale":"decision_critical_gaps_resolved_or_unresolvable; high-impact claims supported or qualified; contradictions handled; remaining actions low expected value","step":5,"t":"2026-09-17T19:18:14.284Z"}
{"level":"info","event":"action","runId":"274408a7-5301-422d-8441-1c8aeccd0165","type":"search","rationale":"Investigate an uncovered required question","step":0,"t":"2026-09-17T19:18:14.778Z"}
{"level":"info","event":"action","runId":"274408a7-5301-422d-8441-1c8aeccd0165","type":"fetch","rationale":"Inspect an already-known source before another generic query","step":1,"t":"2026-09-17T19:18:14.801Z"}
{"level":"info","event":"action","runId":"274408a7-5301-422d-8441-1c8aeccd0165","type":"fetch","rationale":"Inspect an already-known source before another generic query","step":2,"t":"2026-09-17T19:18:14.814Z"}
{"level":"info","event":"action","runId":"274408a7-5301-422d-8441-1c8aeccd0165","type":"fetch","rationale":"Inspect an already-known source before another generic query","step":3,"t":"2026-09-17T19:18:14.826Z"}
{"level":"info","event":"action","runId":"274408a7-5301-422d-8441-1c8aeccd0165","type":"challenge","rationale":"Disconfirm material conclusion: A primary source that directly contradicts this conclusion.","step":4,"t":"2026-09-17T19:18:14.843Z"}
{"level":"info","event":"action","runId":"274408a7-5301-422d-8441-1c8aeccd0165","type":"challenge","rationale":"No counterexample found in accessed primary sources. This is not proof that the conclusion is true.","step":5,"t":"2026-09-17T19:18:14.858Z"}
{"level":"info","event":"action","runId":"274408a7-5301-422d-8441-1c8aeccd0165","type":"synthesize","rationale":"decision_critical_gaps_resolved_or_unresolvable; high-impact claims supported or qualified; contradictions handled; remaining actions low expected value","step":6,"t":"2026-09-17T19:18:14.868Z"}
{"level":"info","event":"action","runId":"bfa95c21-4486-4b5c-bc9c-d9a63d341f3d","type":"challenge","rationale":"Disconfirm material conclusion: A primary source that directly contradicts this conclusion.","step":0,"t":"2026-09-17T19:18:15.138Z"}
{"level":"info","event":"action","runId":"bfa95c21-4486-4b5c-bc9c-d9a63d341f3d","type":"fetch","rationale":"Inspect an already-known source before another generic query","step":1,"t":"2026-09-17T19:18:15.160Z"}
{"level":"info","event":"action","runId":"bfa95c21-4486-4b5c-bc9c-d9a63d341f3d","type":"fetch","rationale":"Inspect an already-known source before another generic query","step":2,"t":"2026-09-17T19:18:15.172Z"}
{"level":"info","event":"action","runId":"bfa95c21-4486-4b5c-bc9c-d9a63d341f3d","type":"fetch","rationale":"Inspect an already-known source before another generic query","step":3,"t":"2026-09-17T19:18:15.184Z"}
{"level":"info","event":"action","runId":"bfa95c21-4486-4b5c-bc9c-d9a63d341f3d","type":"challenge","rationale":"No counterexample found in accessed primary sources. This is not proof that the conclusion is true.","step":4,"t":"2026-09-17T19:18:15.201Z"}
{"level":"info","event":"action","runId":"bfa95c21-4486-4b5c-bc9c-d9a63d341f3d","type":"synthesize","rationale":"decision_critical_gaps_resolved_or_unresolvable; high-impact claims supported or qualified; contradictions handled; remaining actions low expected value","step":5,"t":"2026-09-17T19:18:15.210Z"}
{"level":"info","event":"action","runId":"342596cf-06d4-4724-b4d5-d79e42229732","type":"search","rationale":"Investigate an uncovered required question","step":0,"t":"2026-09-17T19:18:15.492Z"}
{"level":"info","event":"action","runId":"342596cf-06d4-4724-b4d5-d79e42229732","type":"fetch","rationale":"Inspect an already-known source before another generic query","step":1,"t":"2026-09-17T19:18:15.512Z"}
{"level":"info","event":"action","runId":"342596cf-06d4-4724-b4d5-d79e42229732","type":"fetch","rationale":"Inspect an already-known source before another generic query","step":2,"t":"2026-09-17T19:18:15.523Z"}
{"level":"info","event":"action","runId":"342596cf-06d4-4724-b4d5-d79e42229732","type":"fetch","rationale":"Inspect an already-known source before another generic query","step":3,"t":"2026-09-17T19:18:15.535Z"}
{"level":"info","event":"action","runId":"342596cf-06d4-4724-b4d5-d79e42229732","type":"challenge","rationale":"Disconfirm material conclusion: A primary source that directly contradicts this conclusion.","step":4,"t":"2026-09-17T19:18:15.551Z"}
{"level":"info","event":"action","runId":"342596cf-06d4-4724-b4d5-d79e42229732","type":"challenge","rationale":"No counterexample found in accessed primary sources. This is not proof that the conclusion is true.","step":5,"t":"2026-09-17T19:18:15.564Z"}
{"level":"info","event":"action","runId":"342596cf-06d4-4724-b4d5-d79e42229732","type":"synthesize","rationale":"decision_critical_gaps_resolved_or_unresolvable; high-impact claims supported or qualified; contradictions handled; remaining actions low expected value","step":6,"t":"2026-09-17T19:18:15.573Z"}
{"level":"info","event":"action","runId":"f72f70e2-0def-4ccc-9b0b-15d341a3b96c","type":"search","rationale":"Investigate an uncovered required question","step":0,"t":"2026-09-17T19:18:15.823Z"}
{"level":"info","event":"action","runId":"f72f70e2-0def-4ccc-9b0b-15d341a3b96c","type":"fetch","rationale":"Inspect an already-known source before another generic query","step":1,"t":"2026-09-17T19:18:15.844Z"}
{"level":"info","event":"action","runId":"f72f70e2-0def-4ccc-9b0b-15d341a3b96c","type":"fetch","rationale":"Inspect an already-known source before another generic query","step":2,"t":"2026-09-17T19:18:15.856Z"}
{"level":"info","event":"action","runId":"f72f70e2-0def-4ccc-9b0b-15d341a3b96c","type":"fetch","rationale":"Inspect an already-known source before another generic query","step":3,"t":"2026-09-17T19:18:15.868Z"}
{"level":"info","event":"action","runId":"f72f70e2-0def-4ccc-9b0b-15d341a3b96c","type":"fetch","rationale":"Inspect an already-known source before another generic query","step":4,"t":"2026-09-17T19:18:15.879Z"}
{"level":"info","event":"action","runId":"f72f70e2-0def-4ccc-9b0b-15d341a3b96c","type":"fetch","rationale":"Inspect an already-known source before another generic query","step":5,"t":"2026-09-17T19:18:15.891Z"}
{"level":"info","event":"action","runId":"f72f70e2-0def-4ccc-9b0b-15d341a3b96c","type":"challenge","rationale":"Disconfirm material conclusion: A primary source that directly contradicts this conclusion.","step":6,"t":"2026-09-17T19:18:15.903Z"}
{"level":"info","event":"action","runId":"f72f70e2-0def-4ccc-9b0b-15d341a3b96c","type":"challenge","rationale":"No counterexample found in accessed primary sources. This is not proof that the conclusion is true.","step":7,"t":"2026-09-17T19:18:15.915Z"}
{"level":"info","event":"action","runId":"f72f70e2-0def-4ccc-9b0b-15d341a3b96c","type":"synthesize","rationale":"decision_critical_gaps_resolved_or_unresolvable; high-impact claims supported or qualified; contradictions handled; remaining actions low expected value","step":8,"t":"2026-09-17T19:18:15.924Z"}
{"level":"info","event":"action","runId":"94188c83-4d5b-472b-95c1-ed42d2a30fa0","type":"search","rationale":"Investigate an uncovered required question","step":0,"t":"2026-09-17T19:18:16.366Z"}
{"level":"info","event":"action","runId":"94188c83-4d5b-472b-95c1-ed42d2a30fa0","type":"fetch","rationale":"Inspect an already-known source before another generic query","step":1,"t":"2026-09-17T19:18:16.384Z"}
{"level":"info","event":"action","runId":"94188c83-4d5b-472b-95c1-ed42d2a30fa0","type":"fetch","rationale":"Inspect an already-known source before another generic query","step":2,"t":"2026-09-17T19:18:16.397Z"}
{"level":"info","event":"action","runId":"94188c83-4d5b-472b-95c1-ed42d2a30fa0","type":"fetch","rationale":"Inspect an already-known source before another generic query","step":3,"t":"2026-09-17T19:18:16.408Z"}
{"level":"info","event":"action","runId":"94188c83-4d5b-472b-95c1-ed42d2a30fa0","type":"fetch","rationale":"Inspect an already-known source before another generic query","step":4,"t":"2026-09-17T19:18:16.422Z"}
{"level":"info","event":"action","runId":"94188c83-4d5b-472b-95c1-ed42d2a30fa0","type":"fetch","rationale":"Inspect an already-known source before another generic query","step":5,"t":"2026-09-17T19:18:16.433Z"}
{"level":"info","event":"action","runId":"94188c83-4d5b-472b-95c1-ed42d2a30fa0","type":"challenge","rationale":"Disconfirm material conclusion: A primary source that directly contradicts this conclusion.","step":6,"t":"2026-09-17T19:18:16.446Z"}
{"level":"info","event":"action","runId":"94188c83-4d5b-472b-95c1-ed42d2a30fa0","type":"challenge","rationale":"No counterexample found in accessed primary sources. This is not proof that the conclusion is true.","step":7,"t":"2026-09-17T19:18:16.458Z"}
{"level":"info","event":"action","runId":"94188c83-4d5b-472b-95c1-ed42d2a30fa0","type":"synthesize","rationale":"decision_critical_gaps_resolved_or_unresolvable; high-impact claims supported or qualified; contradictions handled; remaining actions low expected value","step":8,"t":"2026-09-17T19:18:16.468Z"}
{"level":"info","event":"action","runId":"937e59ef-a813-4821-8ccf-bda46d114dce","type":"search","rationale":"Investigate an uncovered required question","step":0,"t":"2026-09-17T19:18:16.901Z"}
{"level":"info","event":"action","runId":"937e59ef-a813-4821-8ccf-bda46d114dce","type":"fetch","rationale":"Inspect an already-known source before another generic query","step":1,"t":"2026-09-17T19:18:16.924Z"}
{"level":"info","event":"action","runId":"937e59ef-a813-4821-8ccf-bda46d114dce","type":"fetch","rationale":"Inspect an already-known source before another generic query","step":2,"t":"2026-09-17T19:18:16.936Z"}
{"level":"info","event":"action","runId":"937e59ef-a813-4821-8ccf-bda46d114dce","type":"fetch","rationale":"Inspect an already-known source before another generic query","step":3,"t":"2026-09-17T19:18:16.949Z"}
{"level":"info","event":"action","runId":"937e59ef-a813-4821-8ccf-bda46d114dce","type":"challenge","rationale":"Disconfirm material conclusion: A primary source that directly contradicts this conclusion.","step":4,"t":"2026-09-17T19:18:16.963Z"}
{"level":"info","event":"action","runId":"937e59ef-a813-4821-8ccf-bda46d114dce","type":"challenge","rationale":"No counterexample found in accessed primary sources. This is not proof that the conclusion is true.","step":5,"t":"2026-09-17T19:18:16.975Z"}
{"level":"info","event":"action","runId":"937e59ef-a813-4821-8ccf-bda46d114dce","type":"synthesize","rationale":"decision_critical_gaps_resolved_or_unresolvable; high-impact claims supported or qualified; contradictions handled; remaining actions low expected value","step":6,"t":"2026-09-17T19:18:16.984Z"}
{"level":"info","event":"action","runId":"88fe6873-7e7f-42fb-93e7-a94135d3ef16","type":"search","rationale":"Investigate an uncovered required question","step":0,"t":"2026-09-17T19:18:17.239Z"}
{"level":"info","event":"action","runId":"88fe6873-7e7f-42fb-93e7-a94135d3ef16","type":"fetch","rationale":"Inspect an already-known source before another generic query","step":1,"t":"2026-09-17T19:18:17.260Z"}
{"level":"info","event":"action","runId":"88fe6873-7e7f-42fb-93e7-a94135d3ef16","type":"fetch","rationale":"Inspect an already-known source before another generic query","step":2,"t":"2026-09-17T19:18:17.271Z"}
{"level":"info","event":"action","runId":"88fe6873-7e7f-42fb-93e7-a94135d3ef16","type":"fetch","rationale":"Inspect an already-known source before another generic query","step":3,"t":"2026-09-17T19:18:17.283Z"}
{"level":"info","event":"action","runId":"88fe6873-7e7f-42fb-93e7-a94135d3ef16","type":"challenge","rationale":"Disconfirm material conclusion: A primary source that directly contradicts this conclusion.","step":4,"t":"2026-09-17T19:18:17.298Z"}
{"level":"info","event":"action","runId":"88fe6873-7e7f-42fb-93e7-a94135d3ef16","type":"challenge","rationale":"No counterexample found in accessed primary sources. This is not proof that the conclusion is true.","step":5,"t":"2026-09-17T19:18:17.309Z"}
{"level":"info","event":"action","runId":"88fe6873-7e7f-42fb-93e7-a94135d3ef16","type":"synthesize","rationale":"decision_critical_gaps_resolved_or_unresolvable; high-impact claims supported or qualified; contradictions handled; remaining actions low expected value","step":6,"t":"2026-09-17T19:18:17.318Z"}
 ✓ test/g01-g02.integration.test.ts (9 tests) 4259ms
   ✓ G01 safety policy > G01-cross-user: another account cannot read run, events, report, source, export, or mutate  695ms
   ✓ G01 safety policy > G01-private-to-public: attachment canary is stored as evidence and omitted from search queries  585ms
   ✓ G01 safety policy > G01-consent: missing, declined, and revoked consent cannot start or continue processing  371ms
   ✓ G01 safety policy > G01-deletion: derived text is purged and a late worker cannot resurrect it  364ms
   ✓ G02 engineering requirement > G02-unknown-citation: invented passage IDs cannot publish  324ms
   ✓ G02 engineering requirement > G02-lost-run: an accepted create remains recoverable from the server after the client drops state  540ms
   ✓ G02 engineering requirement > G02-duplicate-debit: replayed completion and idempotent create settle once  547ms
   ✓ G02 engineering requirement > G02-stale-revision: obsolete brief, evidence, or lease cannot publish  340ms
   ✓ G02 engineering requirement > G02-cancel-writing: cancel during writing rejects late publication  336ms
 ✓ test/model-gateway.integration.test.ts (37 tests) 3202ms
{"level":"info","event":"action","runId":"8e6bfd81-6aa7-4a1a-a485-76f03627a0b8","type":"search","rationale":"Investigate an uncovered required question","step":0,"t":"2026-09-17T19:18:21.834Z"}
{"level":"info","event":"action","runId":"8e6bfd81-6aa7-4a1a-a485-76f03627a0b8","type":"stop","rationale":"action type reveal_keys is not a permitted research action","step":1,"t":"2026-09-17T19:18:21.856Z"}
{"level":"info","event":"action","runId":"e49354c0-40e5-49a0-91d2-325148c242a9","type":"search","rationale":"Investigate an uncovered required question","step":0,"t":"2026-09-17T19:18:22.330Z"}
{"level":"info","event":"action","runId":"e49354c0-40e5-49a0-91d2-325148c242a9","type":"search","rationale":"Decision-blocking gap: authoritative compatibility limitation. Switching source type to vendor-matrix.","step":1,"t":"2026-09-17T19:18:22.357Z"}
{"level":"info","event":"action","runId":"e49354c0-40e5-49a0-91d2-325148c242a9","type":"fetch","rationale":"Inspect the preferred source type (vendor-matrix) before more weak sources","step":2,"t":"2026-09-17T19:18:22.373Z"}
{"level":"info","event":"action","runId":"e49354c0-40e5-49a0-91d2-325148c242a9","type":"fetch","rationale":"Inspect an already-known source before another generic query","step":3,"t":"2026-09-17T19:18:22.389Z"}
{"level":"info","event":"action","runId":"e49354c0-40e5-49a0-91d2-325148c242a9","type":"fetch","rationale":"Inspect an already-known source before another generic query","step":4,"t":"2026-09-17T19:18:22.403Z"}
{"level":"info","event":"action","runId":"e49354c0-40e5-49a0-91d2-325148c242a9","type":"fetch","rationale":"Inspect an already-known source before another generic query","step":5,"t":"2026-09-17T19:18:22.417Z"}
{"level":"info","event":"action","runId":"e49354c0-40e5-49a0-91d2-325148c242a9","type":"verify","rationale":"Scope-check contradiction on compatibility before treating newest as correct","step":6,"t":"2026-09-17T19:18:22.430Z"}
{"level":"info","event":"action","runId":"e49354c0-40e5-49a0-91d2-325148c242a9","type":"challenge","rationale":"Disconfirm material conclusion: Official compatibility documentation that lists the named version as supported.","step":7,"t":"2026-09-17T19:18:22.445Z"}
{"level":"info","event":"action","runId":"e49354c0-40e5-49a0-91d2-325148c242a9","type":"challenge","rationale":"No counterexample found in accessed primary sources. This is not proof that the conclusion is true.","step":8,"t":"2026-09-17T19:18:22.461Z"}
{"level":"info","event":"action","runId":"e49354c0-40e5-49a0-91d2-325148c242a9","type":"synthesize","rationale":"decision_critical_gaps_resolved_or_unresolvable; high-impact claims supported or qualified; contradictions handled; remaining actions low expected value","step":9,"t":"2026-09-17T19:18:22.472Z"}
{"level":"info","event":"action","runId":"961f7668-9dd8-49a0-b66a-145cf266c18e","type":"search","rationale":"Investigate an uncovered required question","step":0,"t":"2026-09-17T19:18:22.939Z"}
{"level":"info","event":"action","runId":"961f7668-9dd8-49a0-b66a-145cf266c18e","type":"fetch","rationale":"Inspect an already-known source before another generic query","step":1,"t":"2026-09-17T19:18:22.964Z"}
{"level":"info","event":"action","runId":"961f7668-9dd8-49a0-b66a-145cf266c18e","type":"fetch","rationale":"Inspect an already-known source before another generic query","step":2,"t":"2026-09-17T19:18:22.982Z"}
{"level":"info","event":"action","runId":"961f7668-9dd8-49a0-b66a-145cf266c18e","type":"fetch","rationale":"Inspect an already-known source before another generic query","step":3,"t":"2026-09-17T19:18:22.998Z"}
{"level":"info","event":"action","runId":"961f7668-9dd8-49a0-b66a-145cf266c18e","type":"challenge","rationale":"Disconfirm material conclusion: A primary source that directly contradicts this conclusion.","step":4,"t":"2026-09-17T19:18:23.018Z"}
{"level":"info","event":"action","runId":"961f7668-9dd8-49a0-b66a-145cf266c18e","type":"challenge","rationale":"No counterexample found in accessed primary sources. This is not proof that the conclusion is true.","step":5,"t":"2026-09-17T19:18:23.034Z"}
{"level":"info","event":"action","runId":"961f7668-9dd8-49a0-b66a-145cf266c18e","type":"synthesize","rationale":"decision_critical_gaps_resolved_or_unresolvable; high-impact claims supported or qualified; contradictions handled; remaining actions low expected value","step":6,"t":"2026-09-17T19:18:23.046Z"}
{"level":"info","event":"action","runId":"f9f830f5-fa64-4585-9f71-1a2d9d78189e","type":"search","rationale":"Investigate an uncovered required question","step":0,"t":"2026-09-17T19:18:23.521Z"}
{"level":"info","event":"action","runId":"f9f830f5-fa64-4585-9f71-1a2d9d78189e","type":"search","rationale":"Investigate an uncovered required question","step":1,"t":"2026-09-17T19:18:23.551Z"}
{"level":"info","event":"action","runId":"b2cc228c-9e20-42a6-bfa4-5209edea4f8d","type":"search","rationale":"Investigate an uncovered required question","step":0,"t":"2026-09-17T19:18:23.794Z"}
{"level":"info","event":"action","runId":"3c8cf400-4776-4d86-9e24-29942872e479","type":"search","rationale":"Investigate an uncovered required question","step":0,"t":"2026-09-17T19:18:24.045Z"}
{"level":"info","event":"action","runId":"b1fa4e88-6f73-48c5-996a-1643c3e74691","type":"search","rationale":"Investigate an uncovered required question","step":0,"t":"2026-09-17T19:18:24.299Z"}
{"level":"info","event":"action","runId":"1be08f74-c02d-4634-b356-17f9168ca919","type":"search","rationale":"Investigate an uncovered required question","step":0,"t":"2026-09-17T19:18:24.572Z"}
{"level":"info","event":"action","runId":"fe95c24c-e8c8-4100-a370-8ced17362849","type":"search","rationale":"Investigate an uncovered required question","step":0,"t":"2026-09-17T19:18:24.920Z"}
{"level":"info","event":"action","runId":"936accbe-a4b6-4d9a-b5b1-3a26701da228","type":"search","rationale":"Investigate an uncovered required question","step":0,"t":"2026-09-17T19:18:25.229Z"}
 ✓ test/controller-admission.integration.test.ts (11 tests) 4110ms
   ✓ controller admission on the fixture worker path > rejects injected privileged proposals and still inspects remaining sources  535ms
   ✓ controller admission on the fixture worker path > records a source-type pivot and stop reason for a compatibility gap  622ms
   ✓ controller admission on the fixture worker path > unknown-dependency correction forces a full rerun  582ms
   ✓ controller admission on the fixture worker path > does not count prior_confirmed_attempt as a completed search  356ms
{"level":"info","event":"action","runId":"8f8215b5-e0e2-4595-abf0-3ecb75ca96d6","type":"search","rationale":"Investigate an uncovered required question","step":0,"t":"2026-09-17T19:18:26.803Z"}
{"level":"info","event":"action","runId":"8f8215b5-e0e2-4595-abf0-3ecb75ca96d6","type":"fetch","rationale":"Inspect an already-known source before another generic query","step":1,"t":"2026-09-17T19:18:26.836Z"}
{"level":"info","event":"action","runId":"8f8215b5-e0e2-4595-abf0-3ecb75ca96d6","type":"fetch","rationale":"Inspect an already-known source before another generic query","step":2,"t":"2026-09-17T19:18:26.855Z"}
{"level":"info","event":"action","runId":"8f8215b5-e0e2-4595-abf0-3ecb75ca96d6","type":"fetch","rationale":"Inspect an already-known source before another generic query","step":3,"t":"2026-09-17T19:18:26.870Z"}
{"level":"info","event":"action","runId":"8f8215b5-e0e2-4595-abf0-3ecb75ca96d6","type":"fetch","rationale":"Inspect an already-known source before another generic query","step":4,"t":"2026-09-17T19:18:26.883Z"}
{"level":"info","event":"action","runId":"8f8215b5-e0e2-4595-abf0-3ecb75ca96d6","type":"fetch","rationale":"Inspect an already-known source before another generic query","step":5,"t":"2026-09-17T19:18:26.898Z"}
{"level":"info","event":"action","runId":"8f8215b5-e0e2-4595-abf0-3ecb75ca96d6","type":"challenge","rationale":"Disconfirm material conclusion: A primary source that directly contradicts this conclusion.","step":6,"t":"2026-09-17T19:18:26.913Z"}
{"level":"info","event":"action","runId":"8f8215b5-e0e2-4595-abf0-3ecb75ca96d6","type":"challenge","rationale":"No counterexample found in accessed primary sources. This is not proof that the conclusion is true.","step":7,"t":"2026-09-17T19:18:26.930Z"}
{"level":"info","event":"action","runId":"8f8215b5-e0e2-4595-abf0-3ecb75ca96d6","type":"synthesize","rationale":"decision_critical_gaps_resolved_or_unresolvable; high-impact claims supported or qualified; contradictions handled; remaining actions low expected value","step":8,"t":"2026-09-17T19:18:26.942Z"}
{"level":"info","event":"action","runId":"26754f25-a88a-41f1-b045-98e846d8e153","type":"search","rationale":"Investigate an uncovered required question","step":0,"t":"2026-09-17T19:18:27.220Z"}
{"level":"info","event":"action","runId":"26754f25-a88a-41f1-b045-98e846d8e153","type":"fetch","rationale":"Inspect an already-known source before another generic query","step":1,"t":"2026-09-17T19:18:27.238Z"}
{"level":"info","event":"action","runId":"26754f25-a88a-41f1-b045-98e846d8e153","type":"fetch","rationale":"Inspect an already-known source before another generic query","step":2,"t":"2026-09-17T19:18:27.251Z"}
{"level":"info","event":"action","runId":"26754f25-a88a-41f1-b045-98e846d8e153","type":"fetch","rationale":"Inspect an already-known source before another generic query","step":3,"t":"2026-09-17T19:18:27.265Z"}
{"level":"info","event":"action","runId":"26754f25-a88a-41f1-b045-98e846d8e153","type":"fetch","rationale":"Inspect an already-known source before another generic query","step":4,"t":"2026-09-17T19:18:27.279Z"}
{"level":"info","event":"action","runId":"26754f25-a88a-41f1-b045-98e846d8e153","type":"fetch","rationale":"Inspect an already-known source before another generic query","step":5,"t":"2026-09-17T19:18:27.293Z"}
{"level":"info","event":"action","runId":"26754f25-a88a-41f1-b045-98e846d8e153","type":"challenge","rationale":"Disconfirm material conclusion: A primary source that directly contradicts this conclusion.","step":6,"t":"2026-09-17T19:18:27.306Z"}
{"level":"info","event":"action","runId":"26754f25-a88a-41f1-b045-98e846d8e153","type":"challenge","rationale":"No counterexample found in accessed primary sources. This is not proof that the conclusion is true.","step":7,"t":"2026-09-17T19:18:27.320Z"}
{"level":"info","event":"action","runId":"26754f25-a88a-41f1-b045-98e846d8e153","type":"synthesize","rationale":"decision_critical_gaps_resolved_or_unresolvable; high-impact claims supported or qualified; contradictions handled; remaining actions low expected value","step":8,"t":"2026-09-17T19:18:27.331Z"}
 ✓ test/g07-output.integration.test.ts (3 tests) 1860ms
   ✓ G07 / M10 in-app output reporting and privacy disclosure > GET /v1/settings exposes privacy disclosure and output-reporting categories; purchases stay gated  408ms
   ✓ G07 / M10 in-app output reporting and privacy disclosure > M10 includeExcerpt stores owned answer text; omitting it stores no excerpt; other accounts are denied  1029ms
{"level":"info","event":"action","runId":"f3d885d7-dc72-4754-b244-333a26219887","type":"search","rationale":"Investigate an uncovered required question","step":0,"t":"2026-09-17T19:18:28.652Z"}
{"level":"info","event":"action","runId":"f3d885d7-dc72-4754-b244-333a26219887","type":"fetch","rationale":"Inspect an already-known source before another generic query","step":0,"t":"2026-09-17T19:18:28.701Z"}
{"level":"info","event":"action","runId":"f3d885d7-dc72-4754-b244-333a26219887","type":"fetch","rationale":"Inspect an already-known source before another generic query","step":1,"t":"2026-09-17T19:18:28.717Z"}
{"level":"info","event":"action","runId":"f3d885d7-dc72-4754-b244-333a26219887","type":"fetch","rationale":"Inspect an already-known source before another generic query","step":2,"t":"2026-09-17T19:18:28.731Z"}
{"level":"info","event":"action","runId":"f3d885d7-dc72-4754-b244-333a26219887","type":"challenge","rationale":"Disconfirm material conclusion: A primary source that directly contradicts this conclusion.","step":3,"t":"2026-09-17T19:18:28.754Z"}
{"level":"info","event":"action","runId":"f3d885d7-dc72-4754-b244-333a26219887","type":"challenge","rationale":"No counterexample found in accessed primary sources. This is not proof that the conclusion is true.","step":4,"t":"2026-09-17T19:18:28.771Z"}
{"level":"info","event":"action","runId":"f3d885d7-dc72-4754-b244-333a26219887","type":"synthesize","rationale":"decision_critical_gaps_resolved_or_unresolvable; high-impact claims supported or qualified; contradictions handled; remaining actions low expected value","step":5,"t":"2026-09-17T19:18:28.783Z"}
{"level":"info","event":"action","runId":"05bd0e55-e884-49de-a30d-837c6cb63c7f","type":"search","rationale":"Investigate an uncovered required question","step":0,"t":"2026-09-17T19:18:29.265Z"}
{"level":"info","event":"action","runId":"05bd0e55-e884-49de-a30d-837c6cb63c7f","type":"fetch","rationale":"Inspect an already-known source before another generic query","step":1,"t":"2026-09-17T19:18:29.288Z"}
{"level":"info","event":"action","runId":"05bd0e55-e884-49de-a30d-837c6cb63c7f","type":"fetch","rationale":"Inspect an already-known source before another generic query","step":2,"t":"2026-09-17T19:18:29.301Z"}
{"level":"info","event":"action","runId":"05bd0e55-e884-49de-a30d-837c6cb63c7f","type":"fetch","rationale":"Inspect an already-known source before another generic query","step":3,"t":"2026-09-17T19:18:29.314Z"}
{"level":"info","event":"action","runId":"05bd0e55-e884-49de-a30d-837c6cb63c7f","type":"challenge","rationale":"Disconfirm material conclusion: A primary source that directly contradicts this conclusion.","step":4,"t":"2026-09-17T19:18:29.330Z"}
{"level":"info","event":"action","runId":"05bd0e55-e884-49de-a30d-837c6cb63c7f","type":"challenge","rationale":"No counterexample found in accessed primary sources. This is not proof that the conclusion is true.","step":5,"t":"2026-09-17T19:18:29.345Z"}
{"level":"info","event":"action","runId":"05bd0e55-e884-49de-a30d-837c6cb63c7f","type":"synthesize","rationale":"decision_critical_gaps_resolved_or_unresolvable; high-impact claims supported or qualified; contradictions handled; remaining actions low expected value","step":6,"t":"2026-09-17T19:18:29.357Z"}
{"level":"info","event":"action","runId":"05bd0e55-e884-49de-a30d-837c6cb63c7f","type":"synthesize","rationale":"decision_critical_gaps_resolved_or_unresolvable; high-impact claims supported or qualified; contradictions handled; remaining actions low expected value","step":0,"t":"2026-09-17T19:18:29.570Z"}
 ✓ test/p4-recovery.integration.test.ts (2 tests) 1609ms
   ✓ P4 recovery drill against shipped worker/Postgres > crash after fetch: evidence kept, live lease not stolen, expired lease recovered without double-settle  678ms
   ✓ P4 recovery drill against shipped worker/Postgres > crash before publish then expired-lease failover: one report and one settlement  772ms
{"level":"info","event":"action","runId":"62c90692-5fbb-49d2-931b-96dcf94a4dc7","type":"challenge","rationale":"Disconfirm material conclusion: A primary source that directly contradicts this conclusion.","step":0,"t":"2026-09-17T19:18:30.474Z"}
{"level":"info","event":"action","runId":"62c90692-5fbb-49d2-931b-96dcf94a4dc7","type":"fetch","rationale":"Inspect an already-known source before another generic query","step":1,"t":"2026-09-17T19:18:30.507Z"}
{"level":"info","event":"action","runId":"62c90692-5fbb-49d2-931b-96dcf94a4dc7","type":"fetch","rationale":"Inspect an already-known source before another generic query","step":2,"t":"2026-09-17T19:18:30.523Z"}
{"level":"info","event":"action","runId":"62c90692-5fbb-49d2-931b-96dcf94a4dc7","type":"fetch","rationale":"Inspect an already-known source before another generic query","step":3,"t":"2026-09-17T19:18:30.539Z"}
{"level":"info","event":"action","runId":"62c90692-5fbb-49d2-931b-96dcf94a4dc7","type":"challenge","rationale":"Disconfirm material conclusion: A primary source that directly contradicts this conclusion.","step":4,"t":"2026-09-17T19:18:30.564Z"}
{"level":"info","event":"action","runId":"62c90692-5fbb-49d2-931b-96dcf94a4dc7","type":"challenge","rationale":"Disconfirm material conclusion: A primary source that directly contradicts this conclusion.","step":5,"t":"2026-09-17T19:18:30.580Z"}
{"level":"info","event":"action","runId":"62c90692-5fbb-49d2-931b-96dcf94a4dc7","type":"challenge","rationale":"Disconfirm material conclusion: A primary source that directly contradicts this conclusion.","step":6,"t":"2026-09-17T19:18:30.596Z"}
{"level":"info","event":"action","runId":"62c90692-5fbb-49d2-931b-96dcf94a4dc7","type":"challenge","rationale":"Disconfirm material conclusion: A primary source that directly contradicts this conclusion.","step":7,"t":"2026-09-17T19:18:30.612Z"}
{"level":"info","event":"action","runId":"62c90692-5fbb-49d2-931b-96dcf94a4dc7","type":"challenge","rationale":"Disconfirm material conclusion: A primary source that directly contradicts this conclusion.","step":8,"t":"2026-09-17T19:18:30.627Z"}
{"level":"info","event":"action","runId":"62c90692-5fbb-49d2-931b-96dcf94a4dc7","type":"challenge","rationale":"Disconfirm material conclusion: A primary source that directly contradicts this conclusion.","step":9,"t":"2026-09-17T19:18:30.643Z"}
{"level":"info","event":"action","runId":"62c90692-5fbb-49d2-931b-96dcf94a4dc7","type":"challenge","rationale":"Disconfirm material conclusion: A primary source that directly contradicts this conclusion.","step":10,"t":"2026-09-17T19:18:30.659Z"}
{"level":"info","event":"action","runId":"62c90692-5fbb-49d2-931b-96dcf94a4dc7","type":"challenge","rationale":"No counterexample found in accessed primary sources. This is not proof that the conclusion is true.","step":11,"t":"2026-09-17T19:18:30.674Z"}
{"level":"info","event":"action","runId":"62c90692-5fbb-49d2-931b-96dcf94a4dc7","type":"stop","rationale":"Repeated searches returned no novel source family or coverage progress","step":12,"t":"2026-09-17T19:18:30.687Z"}
{"level":"info","event":"action","runId":"fd959c16-8bdc-4977-a832-ad9504a9dd37","type":"search","rationale":"Investigate an uncovered required question","step":0,"t":"2026-09-17T19:18:30.971Z"}
{"level":"info","event":"action","runId":"fd959c16-8bdc-4977-a832-ad9504a9dd37","type":"fetch","rationale":"Inspect an already-known source before another generic query","step":1,"t":"2026-09-17T19:18:30.994Z"}
{"level":"info","event":"action","runId":"fd959c16-8bdc-4977-a832-ad9504a9dd37","type":"fetch","rationale":"Inspect an already-known source before another generic query","step":2,"t":"2026-09-17T19:18:31.008Z"}
{"level":"info","event":"action","runId":"fd959c16-8bdc-4977-a832-ad9504a9dd37","type":"fetch","rationale":"Inspect an already-known source before another generic query","step":3,"t":"2026-09-17T19:18:31.020Z"}
{"level":"info","event":"action","runId":"fd959c16-8bdc-4977-a832-ad9504a9dd37","type":"challenge","rationale":"Disconfirm material conclusion: A primary source that directly contradicts this conclusion.","step":4,"t":"2026-09-17T19:18:31.041Z"}
{"level":"info","event":"action","runId":"fd959c16-8bdc-4977-a832-ad9504a9dd37","type":"challenge","rationale":"No counterexample found in accessed primary sources. This is not proof that the conclusion is true.","step":5,"t":"2026-09-17T19:18:31.064Z"}
{"level":"info","event":"action","runId":"fd959c16-8bdc-4977-a832-ad9504a9dd37","type":"synthesize","rationale":"decision_critical_gaps_resolved_or_unresolvable; high-impact claims supported or qualified; contradictions handled; remaining actions low expected value","step":6,"t":"2026-09-17T19:18:31.080Z"}
 ✓ test/v6-deletion.integration.test.ts (9 tests) 1215ms
   ✓ W03 deletion removes raw attachments and private text from every owned research store  476ms
 ✓ test/v6-execution.integration.test.ts (22 tests) 948ms
{"level":"info","event":"action","runId":"eafe8979-683a-4052-ad90-e6e5cf4ec311","type":"search","rationale":"Investigate an uncovered required question","step":0,"t":"2026-09-17T19:18:33.727Z"}
{"level":"info","event":"action","runId":"eafe8979-683a-4052-ad90-e6e5cf4ec311","type":"fetch","rationale":"Inspect an already-known source before another generic query","step":1,"t":"2026-09-17T19:18:33.770Z"}
{"level":"info","event":"action","runId":"eafe8979-683a-4052-ad90-e6e5cf4ec311","type":"fetch","rationale":"Inspect an already-known source before another generic query","step":2,"t":"2026-09-17T19:18:33.786Z"}
{"level":"info","event":"action","runId":"eafe8979-683a-4052-ad90-e6e5cf4ec311","type":"fetch","rationale":"Inspect an already-known source before another generic query","step":3,"t":"2026-09-17T19:18:33.801Z"}
{"level":"info","event":"action","runId":"eafe8979-683a-4052-ad90-e6e5cf4ec311","type":"challenge","rationale":"Disconfirm material conclusion: A primary source that directly contradicts this conclusion.","step":4,"t":"2026-09-17T19:18:33.824Z"}
{"level":"info","event":"action","runId":"eafe8979-683a-4052-ad90-e6e5cf4ec311","type":"challenge","rationale":"No counterexample found in accessed primary sources. This is not proof that the conclusion is true.","step":5,"t":"2026-09-17T19:18:33.842Z"}
{"level":"info","event":"action","runId":"eafe8979-683a-4052-ad90-e6e5cf4ec311","type":"synthesize","rationale":"decision_critical_gaps_resolved_or_unresolvable; high-impact claims supported or qualified; contradictions handled; remaining actions low expected value","step":6,"t":"2026-09-17T19:18:33.855Z"}
 ✓ test/g06-cost.integration.test.ts (2 tests) 1044ms
   ✓ G06 local capability probe and measured fixture cost > GET /v1/runs/:id/cost reconciles spent_micro to fixture intents and denies other accounts  653ms
 ✓ test/v6-publication.integration.test.ts (19 tests) 330ms
 ✓ test/v6-identity.integration.test.ts (3 tests) 352ms
 ✓ test/v6-upload.integration.test.ts (2 tests) 212ms
 ✓ test/v6-ingestion.integration.test.ts (1 test) 115ms
 ✓ test/pinned-http.integration.test.ts (3 tests) 82ms

 Test Files  16 passed (16)
      Tests  209 passed (209)
   Start at  13:17:19
   Duration  77.50s (transform 1.49s, setup 0ms, collect 4.80s, tests 69.69s, environment 3ms, prepare 1.11s)

