
> deep-research-mobile@0.1.0 test:integration /home/oranolio/Desktop/Deep
> pnpm --filter @deep/backend test:integration


> @deep/backend@0.1.0 test:integration /home/oranolio/Desktop/Deep/apps/backend
> vitest run --config vitest.integration.config.ts


 RUN  v3.2.7 /home/oranolio/Desktop/Deep/apps/backend

{"level":"info","event":"action","runId":"6470e8a2-de1e-4b69-a3d1-d38f7067db52","type":"search","rationale":"Investigate an uncovered required question","step":0,"t":"2026-09-17T19:29:00.834Z"}
{"level":"info","event":"action","runId":"6470e8a2-de1e-4b69-a3d1-d38f7067db52","type":"fetch","rationale":"Inspect an already-known source before another generic query","step":1,"t":"2026-09-17T19:29:00.882Z"}
{"level":"info","event":"action","runId":"6470e8a2-de1e-4b69-a3d1-d38f7067db52","type":"fetch","rationale":"Inspect an already-known source before another generic query","step":2,"t":"2026-09-17T19:29:00.908Z"}
{"level":"info","event":"action","runId":"6470e8a2-de1e-4b69-a3d1-d38f7067db52","type":"fetch","rationale":"Inspect an already-known source before another generic query","step":3,"t":"2026-09-17T19:29:00.931Z"}
{"level":"info","event":"action","runId":"6470e8a2-de1e-4b69-a3d1-d38f7067db52","type":"challenge","rationale":"Disconfirm material conclusion: A primary source that directly contradicts this conclusion.","step":4,"t":"2026-09-17T19:29:00.959Z"}
{"level":"info","event":"action","runId":"6470e8a2-de1e-4b69-a3d1-d38f7067db52","type":"challenge","rationale":"No counterexample found in accessed primary sources. This is not proof that the conclusion is true.","step":5,"t":"2026-09-17T19:29:00.987Z"}
{"level":"info","event":"action","runId":"6470e8a2-de1e-4b69-a3d1-d38f7067db52","type":"synthesize","rationale":"decision_critical_gaps_resolved_or_unresolvable; high-impact claims supported or qualified; contradictions handled; remaining actions low expected value","step":6,"t":"2026-09-17T19:29:01.007Z"}
{"level":"info","event":"action","runId":"5fdfb983-6795-433d-94d4-56299eaec54e","type":"search","rationale":"Investigate an uncovered required question","step":0,"t":"2026-09-17T19:29:01.618Z"}
{"level":"info","event":"action","runId":"5fdfb983-6795-433d-94d4-56299eaec54e","type":"fetch","rationale":"Inspect an already-known source before another generic query","step":1,"t":"2026-09-17T19:29:01.662Z"}
{"level":"info","event":"action","runId":"5fdfb983-6795-433d-94d4-56299eaec54e","type":"fetch","rationale":"Inspect an already-known source before another generic query","step":2,"t":"2026-09-17T19:29:01.693Z"}
{"level":"info","event":"action","runId":"5fdfb983-6795-433d-94d4-56299eaec54e","type":"challenge","rationale":"Disconfirm material conclusion: A primary source that directly contradicts this conclusion.","step":3,"t":"2026-09-17T19:29:01.711Z"}
{"level":"info","event":"action","runId":"5fdfb983-6795-433d-94d4-56299eaec54e","type":"challenge","rationale":"No counterexample found in accessed primary sources. This is not proof that the conclusion is true.","step":4,"t":"2026-09-17T19:29:01.731Z"}
{"level":"info","event":"action","runId":"5fdfb983-6795-433d-94d4-56299eaec54e","type":"synthesize","rationale":"decision_critical_gaps_resolved_or_unresolvable; high-impact claims supported or qualified; contradictions handled; remaining actions low expected value","step":5,"t":"2026-09-17T19:29:01.747Z"}
{"level":"info","event":"action","runId":"2be16444-4b86-4e84-9db4-450c1af80e4d","type":"search","rationale":"Investigate an uncovered required question","step":0,"t":"2026-09-17T19:29:02.345Z"}
{"level":"info","event":"action","runId":"2be16444-4b86-4e84-9db4-450c1af80e4d","type":"fetch","rationale":"Inspect an already-known source before another generic query","step":1,"t":"2026-09-17T19:29:02.394Z"}
{"level":"info","event":"action","runId":"2be16444-4b86-4e84-9db4-450c1af80e4d","type":"fetch","rationale":"Inspect an already-known source before another generic query","step":2,"t":"2026-09-17T19:29:02.457Z"}
{"level":"info","event":"action","runId":"2be16444-4b86-4e84-9db4-450c1af80e4d","type":"fetch","rationale":"Inspect an already-known source before another generic query","step":3,"t":"2026-09-17T19:29:02.502Z"}
{"level":"info","event":"action","runId":"2be16444-4b86-4e84-9db4-450c1af80e4d","type":"challenge","rationale":"Disconfirm material conclusion: A primary source that directly contradicts this conclusion.","step":4,"t":"2026-09-17T19:29:02.542Z"}
{"level":"info","event":"action","runId":"2be16444-4b86-4e84-9db4-450c1af80e4d","type":"challenge","rationale":"No counterexample found in accessed primary sources. This is not proof that the conclusion is true.","step":5,"t":"2026-09-17T19:29:02.602Z"}
{"level":"info","event":"action","runId":"2be16444-4b86-4e84-9db4-450c1af80e4d","type":"synthesize","rationale":"decision_critical_gaps_resolved_or_unresolvable; high-impact claims supported or qualified; contradictions handled; remaining actions low expected value","step":6,"t":"2026-09-17T19:29:02.639Z"}
{"level":"info","event":"action","runId":"306b9d42-cf06-40ef-8ef5-8d3ea1c78afd","type":"search","rationale":"Investigate an uncovered required question","step":0,"t":"2026-09-17T19:29:03.525Z"}
{"level":"info","event":"action","runId":"306b9d42-cf06-40ef-8ef5-8d3ea1c78afd","type":"fetch","rationale":"Inspect an already-known source before another generic query","step":1,"t":"2026-09-17T19:29:03.588Z"}
{"level":"info","event":"action","runId":"306b9d42-cf06-40ef-8ef5-8d3ea1c78afd","type":"fetch","rationale":"Inspect an already-known source before another generic query","step":2,"t":"2026-09-17T19:29:03.637Z"}
{"level":"info","event":"action","runId":"306b9d42-cf06-40ef-8ef5-8d3ea1c78afd","type":"challenge","rationale":"Disconfirm material conclusion: A primary source that directly contradicts this conclusion.","step":3,"t":"2026-09-17T19:29:03.685Z"}
{"level":"info","event":"action","runId":"306b9d42-cf06-40ef-8ef5-8d3ea1c78afd","type":"challenge","rationale":"No counterexample found in accessed primary sources. This is not proof that the conclusion is true.","step":4,"t":"2026-09-17T19:29:03.737Z"}
{"level":"info","event":"action","runId":"306b9d42-cf06-40ef-8ef5-8d3ea1c78afd","type":"synthesize","rationale":"decision_critical_gaps_resolved_or_unresolvable; high-impact claims supported or qualified; contradictions handled; remaining actions low expected value","step":5,"t":"2026-09-17T19:29:03.769Z"}
{"level":"info","event":"action","runId":"1b9cfe2a-70ea-4c9d-b3f7-2c5823c84ba9","type":"search","rationale":"Investigate an uncovered required question","step":0,"t":"2026-09-17T19:29:04.606Z"}
{"level":"info","event":"action","runId":"1b9cfe2a-70ea-4c9d-b3f7-2c5823c84ba9","type":"fetch","rationale":"Inspect an already-known source before another generic query","step":1,"t":"2026-09-17T19:29:04.652Z"}
{"level":"info","event":"action","runId":"1b9cfe2a-70ea-4c9d-b3f7-2c5823c84ba9","type":"challenge","rationale":"Disconfirm material conclusion: A primary source that directly contradicts this conclusion.","step":2,"t":"2026-09-17T19:29:04.689Z"}
{"level":"info","event":"action","runId":"1b9cfe2a-70ea-4c9d-b3f7-2c5823c84ba9","type":"challenge","rationale":"No counterexample found in accessed primary sources. This is not proof that the conclusion is true.","step":3,"t":"2026-09-17T19:29:04.727Z"}
{"level":"info","event":"action","runId":"1b9cfe2a-70ea-4c9d-b3f7-2c5823c84ba9","type":"synthesize","rationale":"decision_critical_gaps_resolved_or_unresolvable; high-impact claims supported or qualified; contradictions handled; remaining actions low expected value","step":4,"t":"2026-09-17T19:29:04.755Z"}
{"level":"info","event":"action","runId":"fd7910c7-a85c-48e7-8492-0525e629629a","type":"search","rationale":"Investigate an uncovered required question","step":0,"t":"2026-09-17T19:29:05.565Z"}
{"level":"info","event":"action","runId":"fd7910c7-a85c-48e7-8492-0525e629629a","type":"fetch","rationale":"Inspect an already-known source before another generic query","step":1,"t":"2026-09-17T19:29:05.660Z"}
{"level":"info","event":"action","runId":"fd7910c7-a85c-48e7-8492-0525e629629a","type":"fetch","rationale":"Inspect an already-known source before another generic query","step":2,"t":"2026-09-17T19:29:05.714Z"}
{"level":"info","event":"action","runId":"fd7910c7-a85c-48e7-8492-0525e629629a","type":"fetch","rationale":"Inspect an already-known source before another generic query","step":3,"t":"2026-09-17T19:29:05.760Z"}
{"level":"info","event":"action","runId":"fd7910c7-a85c-48e7-8492-0525e629629a","type":"challenge","rationale":"Disconfirm material conclusion: A primary source that directly contradicts this conclusion.","step":4,"t":"2026-09-17T19:29:05.829Z"}
{"level":"info","event":"action","runId":"fd7910c7-a85c-48e7-8492-0525e629629a","type":"challenge","rationale":"No counterexample found in accessed primary sources. This is not proof that the conclusion is true.","step":5,"t":"2026-09-17T19:29:05.877Z"}
{"level":"info","event":"action","runId":"fd7910c7-a85c-48e7-8492-0525e629629a","type":"synthesize","rationale":"decision_critical_gaps_resolved_or_unresolvable; high-impact claims supported or qualified; contradictions handled; remaining actions low expected value","step":6,"t":"2026-09-17T19:29:05.939Z"}
{"level":"info","event":"action","runId":"570337d3-218c-471e-8639-4a9d6d843a41","type":"search","rationale":"Investigate an uncovered required question","step":0,"t":"2026-09-17T19:29:06.925Z"}
{"level":"info","event":"action","runId":"570337d3-218c-471e-8639-4a9d6d843a41","type":"fetch","rationale":"Inspect an already-known source before another generic query","step":1,"t":"2026-09-17T19:29:06.984Z"}
{"level":"info","event":"action","runId":"570337d3-218c-471e-8639-4a9d6d843a41","type":"fetch","rationale":"Inspect an already-known source before another generic query","step":2,"t":"2026-09-17T19:29:07.036Z"}
{"level":"info","event":"action","runId":"570337d3-218c-471e-8639-4a9d6d843a41","type":"fetch","rationale":"Inspect an already-known source before another generic query","step":3,"t":"2026-09-17T19:29:07.079Z"}
{"level":"info","event":"action","runId":"570337d3-218c-471e-8639-4a9d6d843a41","type":"fetch","rationale":"Inspect an already-known source before another generic query","step":4,"t":"2026-09-17T19:29:07.126Z"}
{"level":"info","event":"action","runId":"570337d3-218c-471e-8639-4a9d6d843a41","type":"fetch","rationale":"Inspect an already-known source before another generic query","step":5,"t":"2026-09-17T19:29:07.168Z"}
{"level":"info","event":"action","runId":"570337d3-218c-471e-8639-4a9d6d843a41","type":"challenge","rationale":"Disconfirm material conclusion: A primary source that directly contradicts this conclusion.","step":6,"t":"2026-09-17T19:29:07.208Z"}
{"level":"info","event":"action","runId":"570337d3-218c-471e-8639-4a9d6d843a41","type":"challenge","rationale":"No counterexample found in accessed primary sources. This is not proof that the conclusion is true.","step":7,"t":"2026-09-17T19:29:07.257Z"}
{"level":"info","event":"action","runId":"570337d3-218c-471e-8639-4a9d6d843a41","type":"synthesize","rationale":"decision_critical_gaps_resolved_or_unresolvable; high-impact claims supported or qualified; contradictions handled; remaining actions low expected value","step":8,"t":"2026-09-17T19:29:07.290Z"}
{"level":"info","event":"action","runId":"4e7d8db0-5261-46c8-9f86-6993eb457e98","type":"challenge","rationale":"Disconfirm material conclusion: A primary source that directly contradicts this conclusion.","step":0,"t":"2026-09-17T19:29:08.240Z"}
{"level":"info","event":"action","runId":"4e7d8db0-5261-46c8-9f86-6993eb457e98","type":"fetch","rationale":"Inspect an already-known source before another generic query","step":1,"t":"2026-09-17T19:29:08.319Z"}
{"level":"info","event":"action","runId":"4e7d8db0-5261-46c8-9f86-6993eb457e98","type":"fetch","rationale":"Inspect an already-known source before another generic query","step":2,"t":"2026-09-17T19:29:08.371Z"}
{"level":"info","event":"action","runId":"4e7d8db0-5261-46c8-9f86-6993eb457e98","type":"fetch","rationale":"Inspect an already-known source before another generic query","step":3,"t":"2026-09-17T19:29:08.418Z"}
{"level":"info","event":"action","runId":"4e7d8db0-5261-46c8-9f86-6993eb457e98","type":"challenge","rationale":"No counterexample found in accessed primary sources. This is not proof that the conclusion is true.","step":4,"t":"2026-09-17T19:29:08.482Z"}
{"level":"info","event":"action","runId":"4e7d8db0-5261-46c8-9f86-6993eb457e98","type":"synthesize","rationale":"decision_critical_gaps_resolved_or_unresolvable; high-impact claims supported or qualified; contradictions handled; remaining actions low expected value","step":5,"t":"2026-09-17T19:29:08.514Z"}
{"level":"info","event":"action","runId":"7ded9251-1592-4327-a78e-179df44b2c55","type":"search","rationale":"Investigate an uncovered required question","step":0,"t":"2026-09-17T19:29:09.531Z"}
{"level":"info","event":"action","runId":"7ded9251-1592-4327-a78e-179df44b2c55","type":"fetch","rationale":"Inspect an already-known source before another generic query","step":1,"t":"2026-09-17T19:29:09.584Z"}
{"level":"info","event":"action","runId":"7ded9251-1592-4327-a78e-179df44b2c55","type":"fetch","rationale":"Inspect an already-known source before another generic query","step":2,"t":"2026-09-17T19:29:09.623Z"}
{"level":"info","event":"action","runId":"7ded9251-1592-4327-a78e-179df44b2c55","type":"fetch","rationale":"Inspect an already-known source before another generic query","step":3,"t":"2026-09-17T19:29:09.660Z"}
{"level":"info","event":"action","runId":"7ded9251-1592-4327-a78e-179df44b2c55","type":"challenge","rationale":"Disconfirm material conclusion: A hard-constraint violation for a candidate currently marked eligible.","step":4,"t":"2026-09-17T19:29:09.712Z"}
{"level":"info","event":"action","runId":"7ded9251-1592-4327-a78e-179df44b2c55","type":"challenge","rationale":"No counterexample found in accessed primary sources. This is not proof that the conclusion is true.","step":5,"t":"2026-09-17T19:29:09.763Z"}
{"level":"info","event":"action","runId":"7ded9251-1592-4327-a78e-179df44b2c55","type":"synthesize","rationale":"decision_critical_gaps_resolved_or_unresolvable; high-impact claims supported or qualified; contradictions handled; remaining actions low expected value","step":6,"t":"2026-09-17T19:29:09.796Z"}
{"level":"info","event":"action","runId":"e1973e45-7e5a-4513-ae43-436b3ae96cd3","type":"search","rationale":"Investigate an uncovered required question","step":0,"t":"2026-09-17T19:29:10.736Z"}
{"level":"info","event":"action","runId":"e1973e45-7e5a-4513-ae43-436b3ae96cd3","type":"fetch","rationale":"Inspect an already-known source before another generic query","step":1,"t":"2026-09-17T19:29:10.785Z"}
{"level":"info","event":"action","runId":"e1973e45-7e5a-4513-ae43-436b3ae96cd3","type":"fetch","rationale":"Inspect an already-known source before another generic query","step":2,"t":"2026-09-17T19:29:10.823Z"}
{"level":"info","event":"action","runId":"e1973e45-7e5a-4513-ae43-436b3ae96cd3","type":"fetch","rationale":"Inspect an already-known source before another generic query","step":3,"t":"2026-09-17T19:29:10.874Z"}
{"level":"info","event":"action","runId":"e1973e45-7e5a-4513-ae43-436b3ae96cd3","type":"challenge","rationale":"Disconfirm material conclusion: A hard-constraint violation for a candidate currently marked eligible.","step":4,"t":"2026-09-17T19:29:10.910Z"}
{"level":"info","event":"action","runId":"e1973e45-7e5a-4513-ae43-436b3ae96cd3","type":"challenge","rationale":"No counterexample found in accessed primary sources. This is not proof that the conclusion is true.","step":5,"t":"2026-09-17T19:29:10.950Z"}
{"level":"info","event":"action","runId":"e1973e45-7e5a-4513-ae43-436b3ae96cd3","type":"synthesize","rationale":"decision_critical_gaps_resolved_or_unresolvable; high-impact claims supported or qualified; contradictions handled; remaining actions low expected value","step":6,"t":"2026-09-17T19:29:10.991Z"}
{"level":"info","event":"action","runId":"e8ff8e14-bf01-4b0e-b0b2-09b797489525","type":"search","rationale":"Investigate an uncovered required question","step":0,"t":"2026-09-17T19:29:11.512Z"}
{"level":"info","event":"action","runId":"e8ff8e14-bf01-4b0e-b0b2-09b797489525","type":"fetch","rationale":"Inspect an already-known source before another generic query","step":1,"t":"2026-09-17T19:29:11.557Z"}
{"level":"info","event":"action","runId":"e8ff8e14-bf01-4b0e-b0b2-09b797489525","type":"fetch","rationale":"Inspect an already-known source before another generic query","step":2,"t":"2026-09-17T19:29:11.591Z"}
{"level":"info","event":"action","runId":"e8ff8e14-bf01-4b0e-b0b2-09b797489525","type":"fetch","rationale":"Inspect an already-known source before another generic query","step":3,"t":"2026-09-17T19:29:11.621Z"}
{"level":"info","event":"action","runId":"e8ff8e14-bf01-4b0e-b0b2-09b797489525","type":"challenge","rationale":"Disconfirm material conclusion: A hard-constraint violation for a candidate currently marked eligible.","step":4,"t":"2026-09-17T19:29:11.648Z"}
{"level":"info","event":"action","runId":"e8ff8e14-bf01-4b0e-b0b2-09b797489525","type":"challenge","rationale":"Disconfirm material conclusion: A hard-constraint violation for a candidate currently marked eligible.","step":5,"t":"2026-09-17T19:29:11.675Z"}
{"level":"info","event":"action","runId":"e8ff8e14-bf01-4b0e-b0b2-09b797489525","type":"challenge","rationale":"Disconfirm material conclusion: A hard-constraint violation for a candidate currently marked eligible.","step":6,"t":"2026-09-17T19:29:11.701Z"}
{"level":"info","event":"action","runId":"e8ff8e14-bf01-4b0e-b0b2-09b797489525","type":"challenge","rationale":"Disconfirm material conclusion: A hard-constraint violation for a candidate currently marked eligible.","step":7,"t":"2026-09-17T19:29:11.729Z"}
{"level":"info","event":"action","runId":"e8ff8e14-bf01-4b0e-b0b2-09b797489525","type":"challenge","rationale":"Disconfirm material conclusion: A hard-constraint violation for a candidate currently marked eligible.","step":8,"t":"2026-09-17T19:29:11.755Z"}
{"level":"info","event":"action","runId":"e8ff8e14-bf01-4b0e-b0b2-09b797489525","type":"challenge","rationale":"Disconfirm material conclusion: A hard-constraint violation for a candidate currently marked eligible.","step":9,"t":"2026-09-17T19:29:11.780Z"}
{"level":"info","event":"action","runId":"e8ff8e14-bf01-4b0e-b0b2-09b797489525","type":"challenge","rationale":"Disconfirm material conclusion: A hard-constraint violation for a candidate currently marked eligible.","step":10,"t":"2026-09-17T19:29:11.807Z"}
{"level":"info","event":"action","runId":"e8ff8e14-bf01-4b0e-b0b2-09b797489525","type":"challenge","rationale":"No counterexample found in accessed primary sources. This is not proof that the conclusion is true.","step":11,"t":"2026-09-17T19:29:11.834Z"}
{"level":"info","event":"action","runId":"e8ff8e14-bf01-4b0e-b0b2-09b797489525","type":"stop","rationale":"Repeated searches returned no novel source family or coverage progress","step":12,"t":"2026-09-17T19:29:11.859Z"}
{"level":"info","event":"action","runId":"2b075a9b-6ff2-4cbd-b5ab-3f04b005c15f","type":"search","rationale":"Investigate an uncovered required question","step":0,"t":"2026-09-17T19:29:12.781Z"}
{"level":"info","event":"action","runId":"2b075a9b-6ff2-4cbd-b5ab-3f04b005c15f","type":"fetch","rationale":"Inspect an already-known source before another generic query","step":1,"t":"2026-09-17T19:29:12.830Z"}
{"level":"info","event":"action","runId":"2b075a9b-6ff2-4cbd-b5ab-3f04b005c15f","type":"fetch","rationale":"Inspect an already-known source before another generic query","step":2,"t":"2026-09-17T19:29:12.881Z"}
{"level":"info","event":"action","runId":"2b075a9b-6ff2-4cbd-b5ab-3f04b005c15f","type":"fetch","rationale":"Inspect an already-known source before another generic query","step":3,"t":"2026-09-17T19:29:12.928Z"}
{"level":"info","event":"action","runId":"2b075a9b-6ff2-4cbd-b5ab-3f04b005c15f","type":"challenge","rationale":"Disconfirm material conclusion: A hard-constraint violation for a candidate currently marked eligible.","step":4,"t":"2026-09-17T19:29:12.983Z"}
{"level":"info","event":"action","runId":"2b075a9b-6ff2-4cbd-b5ab-3f04b005c15f","type":"challenge","rationale":"No counterexample found in accessed primary sources. This is not proof that the conclusion is true.","step":5,"t":"2026-09-17T19:29:13.027Z"}
{"level":"info","event":"action","runId":"2b075a9b-6ff2-4cbd-b5ab-3f04b005c15f","type":"synthesize","rationale":"decision_critical_gaps_resolved_or_unresolvable; high-impact claims supported or qualified; contradictions handled; remaining actions low expected value","step":6,"t":"2026-09-17T19:29:13.057Z"}
{"level":"info","event":"action","runId":"dab28ac6-d8ff-42c0-a724-dd79403e68a1","type":"search","rationale":"Investigate an uncovered required question","step":0,"t":"2026-09-17T19:29:13.500Z"}
{"level":"info","event":"action","runId":"dab28ac6-d8ff-42c0-a724-dd79403e68a1","type":"fetch","rationale":"Inspect an already-known source before another generic query","step":1,"t":"2026-09-17T19:29:13.554Z"}
{"level":"info","event":"action","runId":"dab28ac6-d8ff-42c0-a724-dd79403e68a1","type":"fetch","rationale":"Inspect an already-known source before another generic query","step":2,"t":"2026-09-17T19:29:13.609Z"}
{"level":"info","event":"action","runId":"dab28ac6-d8ff-42c0-a724-dd79403e68a1","type":"fetch","rationale":"Inspect an already-known source before another generic query","step":3,"t":"2026-09-17T19:29:13.662Z"}
{"level":"info","event":"action","runId":"dab28ac6-d8ff-42c0-a724-dd79403e68a1","type":"challenge","rationale":"Disconfirm material conclusion: A hard-constraint violation for a candidate currently marked eligible.","step":4,"t":"2026-09-17T19:29:13.693Z"}
{"level":"info","event":"action","runId":"dab28ac6-d8ff-42c0-a724-dd79403e68a1","type":"challenge","rationale":"Disconfirm material conclusion: A hard-constraint violation for a candidate currently marked eligible.","step":5,"t":"2026-09-17T19:29:13.726Z"}
{"level":"info","event":"action","runId":"dab28ac6-d8ff-42c0-a724-dd79403e68a1","type":"challenge","rationale":"Disconfirm material conclusion: A hard-constraint violation for a candidate currently marked eligible.","step":6,"t":"2026-09-17T19:29:13.765Z"}
{"level":"info","event":"action","runId":"dab28ac6-d8ff-42c0-a724-dd79403e68a1","type":"challenge","rationale":"Disconfirm material conclusion: A hard-constraint violation for a candidate currently marked eligible.","step":7,"t":"2026-09-17T19:29:13.805Z"}
{"level":"info","event":"action","runId":"dab28ac6-d8ff-42c0-a724-dd79403e68a1","type":"challenge","rationale":"Disconfirm material conclusion: A hard-constraint violation for a candidate currently marked eligible.","step":8,"t":"2026-09-17T19:29:13.846Z"}
{"level":"info","event":"action","runId":"dab28ac6-d8ff-42c0-a724-dd79403e68a1","type":"challenge","rationale":"Disconfirm material conclusion: A hard-constraint violation for a candidate currently marked eligible.","step":9,"t":"2026-09-17T19:29:13.892Z"}
{"level":"info","event":"action","runId":"dab28ac6-d8ff-42c0-a724-dd79403e68a1","type":"challenge","rationale":"Disconfirm material conclusion: A hard-constraint violation for a candidate currently marked eligible.","step":10,"t":"2026-09-17T19:29:13.931Z"}
{"level":"info","event":"action","runId":"dab28ac6-d8ff-42c0-a724-dd79403e68a1","type":"challenge","rationale":"No counterexample found in accessed primary sources. This is not proof that the conclusion is true.","step":11,"t":"2026-09-17T19:29:13.965Z"}
{"level":"info","event":"action","runId":"dab28ac6-d8ff-42c0-a724-dd79403e68a1","type":"stop","rationale":"Repeated searches returned no novel source family or coverage progress","step":12,"t":"2026-09-17T19:29:13.996Z"}
{"level":"info","event":"action","runId":"161cf2d6-b1d0-4099-b8e8-62a45112002e","type":"challenge","rationale":"Disconfirm material conclusion: A primary source that directly contradicts this conclusion.","step":0,"t":"2026-09-17T19:29:14.887Z"}
{"level":"info","event":"action","runId":"161cf2d6-b1d0-4099-b8e8-62a45112002e","type":"fetch","rationale":"Inspect an already-known source before another generic query","step":1,"t":"2026-09-17T19:29:14.954Z"}
{"level":"info","event":"action","runId":"161cf2d6-b1d0-4099-b8e8-62a45112002e","type":"fetch","rationale":"Inspect an already-known source before another generic query","step":2,"t":"2026-09-17T19:29:14.988Z"}
{"level":"info","event":"action","runId":"161cf2d6-b1d0-4099-b8e8-62a45112002e","type":"fetch","rationale":"Inspect an already-known source before another generic query","step":3,"t":"2026-09-17T19:29:15.029Z"}
{"level":"info","event":"action","runId":"161cf2d6-b1d0-4099-b8e8-62a45112002e","type":"challenge","rationale":"No counterexample found in accessed primary sources. This is not proof that the conclusion is true.","step":4,"t":"2026-09-17T19:29:15.075Z"}
{"level":"info","event":"action","runId":"161cf2d6-b1d0-4099-b8e8-62a45112002e","type":"synthesize","rationale":"decision_critical_gaps_resolved_or_unresolvable; high-impact claims supported or qualified; contradictions handled; remaining actions low expected value","step":5,"t":"2026-09-17T19:29:15.105Z"}
{"level":"info","event":"action","runId":"505a1f75-e062-416f-9976-428264dcf670","type":"search","rationale":"Investigate an uncovered required question","step":0,"t":"2026-09-17T19:29:16.118Z"}
{"level":"info","event":"action","runId":"505a1f75-e062-416f-9976-428264dcf670","type":"fetch","rationale":"Inspect an already-known source before another generic query","step":1,"t":"2026-09-17T19:29:16.173Z"}
{"level":"info","event":"action","runId":"505a1f75-e062-416f-9976-428264dcf670","type":"fetch","rationale":"Inspect an already-known source before another generic query","step":2,"t":"2026-09-17T19:29:16.221Z"}
{"level":"info","event":"action","runId":"505a1f75-e062-416f-9976-428264dcf670","type":"fetch","rationale":"Inspect an already-known source before another generic query","step":3,"t":"2026-09-17T19:29:16.257Z"}
{"level":"info","event":"action","runId":"505a1f75-e062-416f-9976-428264dcf670","type":"challenge","rationale":"Disconfirm material conclusion: A primary source that directly contradicts this conclusion.","step":4,"t":"2026-09-17T19:29:16.317Z"}
{"level":"info","event":"action","runId":"505a1f75-e062-416f-9976-428264dcf670","type":"challenge","rationale":"No counterexample found in accessed primary sources. This is not proof that the conclusion is true.","step":5,"t":"2026-09-17T19:29:16.358Z"}
{"level":"info","event":"action","runId":"505a1f75-e062-416f-9976-428264dcf670","type":"synthesize","rationale":"decision_critical_gaps_resolved_or_unresolvable; high-impact claims supported or qualified; contradictions handled; remaining actions low expected value","step":6,"t":"2026-09-17T19:29:16.398Z"}
{"level":"info","event":"action","runId":"cb3f6394-e17f-42de-92f7-c507e030bbe3","type":"search","rationale":"Investigate an uncovered required question","step":0,"t":"2026-09-17T19:29:17.291Z"}
{"level":"info","event":"action","runId":"cb3f6394-e17f-42de-92f7-c507e030bbe3","type":"fetch","rationale":"Inspect an already-known source before another generic query","step":1,"t":"2026-09-17T19:29:17.372Z"}
{"level":"info","event":"action","runId":"cb3f6394-e17f-42de-92f7-c507e030bbe3","type":"fetch","rationale":"Inspect an already-known source before another generic query","step":2,"t":"2026-09-17T19:29:17.421Z"}
{"level":"info","event":"action","runId":"cb3f6394-e17f-42de-92f7-c507e030bbe3","type":"fetch","rationale":"Inspect an already-known source before another generic query","step":3,"t":"2026-09-17T19:29:17.481Z"}
{"level":"info","event":"action","runId":"cb3f6394-e17f-42de-92f7-c507e030bbe3","type":"fetch","rationale":"Inspect an already-known source before another generic query","step":4,"t":"2026-09-17T19:29:17.525Z"}
{"level":"info","event":"action","runId":"cb3f6394-e17f-42de-92f7-c507e030bbe3","type":"fetch","rationale":"Inspect an already-known source before another generic query","step":5,"t":"2026-09-17T19:29:17.556Z"}
{"level":"info","event":"action","runId":"cb3f6394-e17f-42de-92f7-c507e030bbe3","type":"challenge","rationale":"Disconfirm material conclusion: A primary source that directly contradicts this conclusion.","step":6,"t":"2026-09-17T19:29:17.588Z"}
{"level":"info","event":"action","runId":"cb3f6394-e17f-42de-92f7-c507e030bbe3","type":"challenge","rationale":"No counterexample found in accessed primary sources. This is not proof that the conclusion is true.","step":7,"t":"2026-09-17T19:29:17.624Z"}
{"level":"info","event":"action","runId":"cb3f6394-e17f-42de-92f7-c507e030bbe3","type":"synthesize","rationale":"decision_critical_gaps_resolved_or_unresolvable; high-impact claims supported or qualified; contradictions handled; remaining actions low expected value","step":8,"t":"2026-09-17T19:29:17.649Z"}
{"level":"info","event":"action","runId":"3c2c6572-74f5-414d-95a7-5f5b9a6b47b5","type":"search","rationale":"Investigate an uncovered required question","step":0,"t":"2026-09-17T19:29:18.523Z"}
{"level":"info","event":"action","runId":"3c2c6572-74f5-414d-95a7-5f5b9a6b47b5","type":"fetch","rationale":"Inspect an already-known source before another generic query","step":1,"t":"2026-09-17T19:29:18.614Z"}
{"level":"info","event":"action","runId":"3c2c6572-74f5-414d-95a7-5f5b9a6b47b5","type":"fetch","rationale":"Inspect an already-known source before another generic query","step":2,"t":"2026-09-17T19:29:18.651Z"}
{"level":"info","event":"action","runId":"3c2c6572-74f5-414d-95a7-5f5b9a6b47b5","type":"fetch","rationale":"Inspect an already-known source before another generic query","step":3,"t":"2026-09-17T19:29:18.695Z"}
{"level":"info","event":"action","runId":"3c2c6572-74f5-414d-95a7-5f5b9a6b47b5","type":"challenge","rationale":"Disconfirm material conclusion: A primary source that directly contradicts this conclusion.","step":4,"t":"2026-09-17T19:29:18.761Z"}
{"level":"info","event":"action","runId":"3c2c6572-74f5-414d-95a7-5f5b9a6b47b5","type":"challenge","rationale":"No counterexample found in accessed primary sources. This is not proof that the conclusion is true.","step":5,"t":"2026-09-17T19:29:18.804Z"}
{"level":"info","event":"action","runId":"3c2c6572-74f5-414d-95a7-5f5b9a6b47b5","type":"synthesize","rationale":"decision_critical_gaps_resolved_or_unresolvable; high-impact claims supported or qualified; contradictions handled; remaining actions low expected value","step":6,"t":"2026-09-17T19:29:18.845Z"}
{"level":"info","event":"action","runId":"4cf524be-49ea-4ace-b2f2-de62d2af03ed","type":"search","rationale":"Investigate an uncovered required question","step":0,"t":"2026-09-17T19:29:19.705Z"}
{"level":"info","event":"action","runId":"4cf524be-49ea-4ace-b2f2-de62d2af03ed","type":"fetch","rationale":"Inspect an already-known source before another generic query","step":1,"t":"2026-09-17T19:29:19.779Z"}
{"level":"info","event":"action","runId":"4cf524be-49ea-4ace-b2f2-de62d2af03ed","type":"fetch","rationale":"Inspect an already-known source before another generic query","step":2,"t":"2026-09-17T19:29:19.823Z"}
{"level":"info","event":"action","runId":"4cf524be-49ea-4ace-b2f2-de62d2af03ed","type":"fetch","rationale":"Inspect an already-known source before another generic query","step":3,"t":"2026-09-17T19:29:19.868Z"}
{"level":"info","event":"action","runId":"4cf524be-49ea-4ace-b2f2-de62d2af03ed","type":"fetch","rationale":"Inspect an already-known source before another generic query","step":4,"t":"2026-09-17T19:29:19.902Z"}
{"level":"info","event":"action","runId":"4cf524be-49ea-4ace-b2f2-de62d2af03ed","type":"fetch","rationale":"Inspect an already-known source before another generic query","step":5,"t":"2026-09-17T19:29:19.938Z"}
{"level":"info","event":"action","runId":"4cf524be-49ea-4ace-b2f2-de62d2af03ed","type":"challenge","rationale":"Disconfirm material conclusion: A primary source that directly contradicts this conclusion.","step":6,"t":"2026-09-17T19:29:19.974Z"}
{"level":"info","event":"action","runId":"4cf524be-49ea-4ace-b2f2-de62d2af03ed","type":"challenge","rationale":"No counterexample found in accessed primary sources. This is not proof that the conclusion is true.","step":7,"t":"2026-09-17T19:29:20.028Z"}
{"level":"info","event":"action","runId":"4cf524be-49ea-4ace-b2f2-de62d2af03ed","type":"synthesize","rationale":"decision_critical_gaps_resolved_or_unresolvable; high-impact claims supported or qualified; contradictions handled; remaining actions low expected value","step":8,"t":"2026-09-17T19:29:20.064Z"}
{"level":"info","event":"action","runId":"90957699-1e2d-4894-bf3a-6c2dc1ccdf77","type":"search","rationale":"Investigate an uncovered required question","step":0,"t":"2026-09-17T19:29:21.311Z"}
{"level":"info","event":"action","runId":"90957699-1e2d-4894-bf3a-6c2dc1ccdf77","type":"fetch","rationale":"Inspect an already-known source before another generic query","step":1,"t":"2026-09-17T19:29:21.381Z"}
{"level":"info","event":"action","runId":"90957699-1e2d-4894-bf3a-6c2dc1ccdf77","type":"fetch","rationale":"Inspect an already-known source before another generic query","step":2,"t":"2026-09-17T19:29:21.426Z"}
{"level":"info","event":"action","runId":"90957699-1e2d-4894-bf3a-6c2dc1ccdf77","type":"fetch","rationale":"Inspect an already-known source before another generic query","step":3,"t":"2026-09-17T19:29:21.471Z"}
{"level":"info","event":"action","runId":"90957699-1e2d-4894-bf3a-6c2dc1ccdf77","type":"fetch","rationale":"Inspect an already-known source before another generic query","step":4,"t":"2026-09-17T19:29:21.526Z"}
{"level":"info","event":"action","runId":"90957699-1e2d-4894-bf3a-6c2dc1ccdf77","type":"fetch","rationale":"Inspect an already-known source before another generic query","step":5,"t":"2026-09-17T19:29:21.581Z"}
{"level":"info","event":"action","runId":"90957699-1e2d-4894-bf3a-6c2dc1ccdf77","type":"challenge","rationale":"Disconfirm material conclusion: A primary source that directly contradicts this conclusion.","step":6,"t":"2026-09-17T19:29:21.618Z"}
{"level":"info","event":"action","runId":"90957699-1e2d-4894-bf3a-6c2dc1ccdf77","type":"challenge","rationale":"No counterexample found in accessed primary sources. This is not proof that the conclusion is true.","step":7,"t":"2026-09-17T19:29:21.655Z"}
{"level":"info","event":"action","runId":"90957699-1e2d-4894-bf3a-6c2dc1ccdf77","type":"synthesize","rationale":"decision_critical_gaps_resolved_or_unresolvable; high-impact claims supported or qualified; contradictions handled; remaining actions low expected value","step":8,"t":"2026-09-17T19:29:21.675Z"}
{"level":"info","event":"action","runId":"30989392-9e0d-49e8-ad09-f7d244bd7d79","type":"search","rationale":"Investigate an uncovered required question","step":0,"t":"2026-09-17T19:29:22.482Z"}
{"level":"info","event":"action","runId":"30989392-9e0d-49e8-ad09-f7d244bd7d79","type":"fetch","rationale":"Inspect an already-known source before another generic query","step":1,"t":"2026-09-17T19:29:22.554Z"}
{"level":"info","event":"action","runId":"30989392-9e0d-49e8-ad09-f7d244bd7d79","type":"fetch","rationale":"Inspect an already-known source before another generic query","step":2,"t":"2026-09-17T19:29:22.592Z"}
{"level":"info","event":"action","runId":"30989392-9e0d-49e8-ad09-f7d244bd7d79","type":"fetch","rationale":"Inspect an already-known source before another generic query","step":3,"t":"2026-09-17T19:29:22.641Z"}
{"level":"info","event":"action","runId":"30989392-9e0d-49e8-ad09-f7d244bd7d79","type":"fetch","rationale":"Inspect an already-known source before another generic query","step":4,"t":"2026-09-17T19:29:22.705Z"}
{"level":"info","event":"action","runId":"30989392-9e0d-49e8-ad09-f7d244bd7d79","type":"fetch","rationale":"Inspect an already-known source before another generic query","step":5,"t":"2026-09-17T19:29:22.735Z"}
{"level":"info","event":"action","runId":"30989392-9e0d-49e8-ad09-f7d244bd7d79","type":"challenge","rationale":"Disconfirm material conclusion: A primary source that directly contradicts this conclusion.","step":6,"t":"2026-09-17T19:29:22.768Z"}
{"level":"info","event":"action","runId":"30989392-9e0d-49e8-ad09-f7d244bd7d79","type":"challenge","rationale":"No counterexample found in accessed primary sources. This is not proof that the conclusion is true.","step":7,"t":"2026-09-17T19:29:22.800Z"}
{"level":"info","event":"action","runId":"30989392-9e0d-49e8-ad09-f7d244bd7d79","type":"synthesize","rationale":"decision_critical_gaps_resolved_or_unresolvable; high-impact claims supported or qualified; contradictions handled; remaining actions low expected value","step":8,"t":"2026-09-17T19:29:22.823Z"}
{"level":"info","event":"action","runId":"b12fa4c3-d293-45f6-a1d1-c37000a057e8","type":"search","rationale":"Investigate an uncovered required question","step":0,"t":"2026-09-17T19:29:23.612Z"}
{"level":"info","event":"action","runId":"b12fa4c3-d293-45f6-a1d1-c37000a057e8","type":"fetch","rationale":"Inspect an already-known source before another generic query","step":1,"t":"2026-09-17T19:29:23.694Z"}
{"level":"info","event":"action","runId":"b12fa4c3-d293-45f6-a1d1-c37000a057e8","type":"fetch","rationale":"Inspect an already-known source before another generic query","step":2,"t":"2026-09-17T19:29:23.741Z"}
{"level":"info","event":"action","runId":"b12fa4c3-d293-45f6-a1d1-c37000a057e8","type":"fetch","rationale":"Inspect an already-known source before another generic query","step":3,"t":"2026-09-17T19:29:23.789Z"}
{"level":"info","event":"action","runId":"b12fa4c3-d293-45f6-a1d1-c37000a057e8","type":"fetch","rationale":"Inspect an already-known source before another generic query","step":4,"t":"2026-09-17T19:29:23.828Z"}
{"level":"info","event":"action","runId":"b12fa4c3-d293-45f6-a1d1-c37000a057e8","type":"fetch","rationale":"Inspect an already-known source before another generic query","step":5,"t":"2026-09-17T19:29:23.860Z"}
{"level":"info","event":"action","runId":"b12fa4c3-d293-45f6-a1d1-c37000a057e8","type":"challenge","rationale":"Disconfirm material conclusion: A primary source that directly contradicts this conclusion.","step":6,"t":"2026-09-17T19:29:23.887Z"}
{"level":"info","event":"action","runId":"b12fa4c3-d293-45f6-a1d1-c37000a057e8","type":"challenge","rationale":"No counterexample found in accessed primary sources. This is not proof that the conclusion is true.","step":7,"t":"2026-09-17T19:29:23.919Z"}
{"level":"info","event":"action","runId":"b12fa4c3-d293-45f6-a1d1-c37000a057e8","type":"synthesize","rationale":"decision_critical_gaps_resolved_or_unresolvable; high-impact claims supported or qualified; contradictions handled; remaining actions low expected value","step":8,"t":"2026-09-17T19:29:23.941Z"}
{"level":"info","event":"action","runId":"9828c51a-11c4-45ad-9bde-28fc01086195","type":"search","rationale":"Investigate an uncovered required question","step":0,"t":"2026-09-17T19:29:25.041Z"}
{"level":"info","event":"action","runId":"9828c51a-11c4-45ad-9bde-28fc01086195","type":"fetch","rationale":"Inspect an already-known source before another generic query","step":1,"t":"2026-09-17T19:29:25.088Z"}
{"level":"info","event":"action","runId":"9828c51a-11c4-45ad-9bde-28fc01086195","type":"fetch","rationale":"Inspect an already-known source before another generic query","step":2,"t":"2026-09-17T19:29:25.112Z"}
{"level":"info","event":"action","runId":"9828c51a-11c4-45ad-9bde-28fc01086195","type":"fetch","rationale":"Inspect an already-known source before another generic query","step":3,"t":"2026-09-17T19:29:25.136Z"}
{"level":"info","event":"action","runId":"9828c51a-11c4-45ad-9bde-28fc01086195","type":"fetch","rationale":"Inspect an already-known source before another generic query","step":4,"t":"2026-09-17T19:29:25.158Z"}
{"level":"info","event":"action","runId":"9828c51a-11c4-45ad-9bde-28fc01086195","type":"fetch","rationale":"Inspect an already-known source before another generic query","step":5,"t":"2026-09-17T19:29:25.182Z"}
{"level":"info","event":"action","runId":"9828c51a-11c4-45ad-9bde-28fc01086195","type":"challenge","rationale":"Disconfirm material conclusion: A primary source that directly contradicts this conclusion.","step":6,"t":"2026-09-17T19:29:25.206Z"}
{"level":"info","event":"action","runId":"9828c51a-11c4-45ad-9bde-28fc01086195","type":"challenge","rationale":"No counterexample found in accessed primary sources. This is not proof that the conclusion is true.","step":7,"t":"2026-09-17T19:29:25.228Z"}
{"level":"info","event":"action","runId":"9828c51a-11c4-45ad-9bde-28fc01086195","type":"synthesize","rationale":"decision_critical_gaps_resolved_or_unresolvable; high-impact claims supported or qualified; contradictions handled; remaining actions low expected value","step":8,"t":"2026-09-17T19:29:25.246Z"}
{"level":"info","event":"action","runId":"df966fe4-8fc7-427e-8cd2-51520b4bb44a","type":"search","rationale":"Investigate an uncovered required question","step":0,"t":"2026-09-17T19:29:26.421Z"}
{"level":"info","event":"action","runId":"df966fe4-8fc7-427e-8cd2-51520b4bb44a","type":"fetch","rationale":"Inspect an already-known source before another generic query","step":1,"t":"2026-09-17T19:29:26.461Z"}
{"level":"info","event":"action","runId":"df966fe4-8fc7-427e-8cd2-51520b4bb44a","type":"fetch","rationale":"Inspect an already-known source before another generic query","step":2,"t":"2026-09-17T19:29:26.482Z"}
{"level":"info","event":"action","runId":"df966fe4-8fc7-427e-8cd2-51520b4bb44a","type":"fetch","rationale":"Inspect an already-known source before another generic query","step":3,"t":"2026-09-17T19:29:26.505Z"}
{"level":"info","event":"action","runId":"df966fe4-8fc7-427e-8cd2-51520b4bb44a","type":"fetch","rationale":"Inspect an already-known source before another generic query","step":4,"t":"2026-09-17T19:29:26.527Z"}
{"level":"info","event":"action","runId":"df966fe4-8fc7-427e-8cd2-51520b4bb44a","type":"fetch","rationale":"Inspect an already-known source before another generic query","step":5,"t":"2026-09-17T19:29:26.549Z"}
{"level":"info","event":"action","runId":"df966fe4-8fc7-427e-8cd2-51520b4bb44a","type":"challenge","rationale":"Disconfirm material conclusion: A primary source that directly contradicts this conclusion.","step":6,"t":"2026-09-17T19:29:26.570Z"}
{"level":"info","event":"action","runId":"df966fe4-8fc7-427e-8cd2-51520b4bb44a","type":"challenge","rationale":"No counterexample found in accessed primary sources. This is not proof that the conclusion is true.","step":7,"t":"2026-09-17T19:29:26.590Z"}
{"level":"info","event":"action","runId":"df966fe4-8fc7-427e-8cd2-51520b4bb44a","type":"synthesize","rationale":"decision_critical_gaps_resolved_or_unresolvable; high-impact claims supported or qualified; contradictions handled; remaining actions low expected value","step":8,"t":"2026-09-17T19:29:26.614Z"}
{"level":"info","event":"action","runId":"1a023f5f-b838-4fcd-bc17-29e226e6a514","type":"search","rationale":"Investigate an uncovered required question","step":0,"t":"2026-09-17T19:29:27.323Z"}
{"level":"info","event":"action","runId":"1a023f5f-b838-4fcd-bc17-29e226e6a514","type":"fetch","rationale":"Inspect an already-known source before another generic query","step":1,"t":"2026-09-17T19:29:27.387Z"}
{"level":"info","event":"action","runId":"1a023f5f-b838-4fcd-bc17-29e226e6a514","type":"fetch","rationale":"Inspect an already-known source before another generic query","step":2,"t":"2026-09-17T19:29:27.431Z"}
{"level":"info","event":"action","runId":"1a023f5f-b838-4fcd-bc17-29e226e6a514","type":"fetch","rationale":"Inspect an already-known source before another generic query","step":3,"t":"2026-09-17T19:29:27.475Z"}
{"level":"info","event":"action","runId":"1a023f5f-b838-4fcd-bc17-29e226e6a514","type":"fetch","rationale":"Inspect an already-known source before another generic query","step":4,"t":"2026-09-17T19:29:27.511Z"}
{"level":"info","event":"action","runId":"1a023f5f-b838-4fcd-bc17-29e226e6a514","type":"fetch","rationale":"Inspect an already-known source before another generic query","step":5,"t":"2026-09-17T19:29:27.542Z"}
{"level":"info","event":"action","runId":"1a023f5f-b838-4fcd-bc17-29e226e6a514","type":"challenge","rationale":"Disconfirm material conclusion: A primary source that directly contradicts this conclusion.","step":6,"t":"2026-09-17T19:29:27.570Z"}
{"level":"info","event":"action","runId":"1a023f5f-b838-4fcd-bc17-29e226e6a514","type":"challenge","rationale":"No counterexample found in accessed primary sources. This is not proof that the conclusion is true.","step":7,"t":"2026-09-17T19:29:27.601Z"}
{"level":"info","event":"action","runId":"1a023f5f-b838-4fcd-bc17-29e226e6a514","type":"synthesize","rationale":"decision_critical_gaps_resolved_or_unresolvable; high-impact claims supported or qualified; contradictions handled; remaining actions low expected value","step":8,"t":"2026-09-17T19:29:27.647Z"}
{"level":"info","event":"action","runId":"1823befd-4b59-4d91-874a-afac43c19380","type":"search","rationale":"Investigate an uncovered required question","step":0,"t":"2026-09-17T19:29:28.514Z"}
{"level":"info","event":"action","runId":"1823befd-4b59-4d91-874a-afac43c19380","type":"fetch","rationale":"Inspect an already-known source before another generic query","step":1,"t":"2026-09-17T19:29:28.569Z"}
{"level":"info","event":"action","runId":"1823befd-4b59-4d91-874a-afac43c19380","type":"challenge","rationale":"Disconfirm material conclusion: A primary source that directly contradicts this conclusion.","step":2,"t":"2026-09-17T19:29:28.637Z"}
{"level":"info","event":"action","runId":"1823befd-4b59-4d91-874a-afac43c19380","type":"challenge","rationale":"No counterexample found in accessed primary sources. This is not proof that the conclusion is true.","step":3,"t":"2026-09-17T19:29:28.688Z"}
{"level":"info","event":"action","runId":"1823befd-4b59-4d91-874a-afac43c19380","type":"synthesize","rationale":"decision_critical_gaps_resolved_or_unresolvable; high-impact claims supported or qualified; contradictions handled; remaining actions low expected value","step":4,"t":"2026-09-17T19:29:28.718Z"}
{"level":"info","event":"action","runId":"2d793d00-3e16-43ba-8fa7-6dc0f3c5bbe9","type":"search","rationale":"Investigate an uncovered required question","step":0,"t":"2026-09-17T19:29:29.639Z"}
{"level":"info","event":"action","runId":"2d793d00-3e16-43ba-8fa7-6dc0f3c5bbe9","type":"fetch","rationale":"Inspect an already-known source before another generic query","step":1,"t":"2026-09-17T19:29:29.718Z"}
{"level":"info","event":"action","runId":"2d793d00-3e16-43ba-8fa7-6dc0f3c5bbe9","type":"fetch","rationale":"Inspect an already-known source before another generic query","step":2,"t":"2026-09-17T19:29:29.765Z"}
{"level":"info","event":"action","runId":"2d793d00-3e16-43ba-8fa7-6dc0f3c5bbe9","type":"fetch","rationale":"Inspect an already-known source before another generic query","step":3,"t":"2026-09-17T19:29:29.840Z"}
{"level":"info","event":"action","runId":"2d793d00-3e16-43ba-8fa7-6dc0f3c5bbe9","type":"challenge","rationale":"Disconfirm material conclusion: A primary source that directly contradicts this conclusion.","step":4,"t":"2026-09-17T19:29:29.920Z"}
{"level":"info","event":"action","runId":"2d793d00-3e16-43ba-8fa7-6dc0f3c5bbe9","type":"challenge","rationale":"No counterexample found in accessed primary sources. This is not proof that the conclusion is true.","step":5,"t":"2026-09-17T19:29:29.972Z"}
{"level":"info","event":"action","runId":"2d793d00-3e16-43ba-8fa7-6dc0f3c5bbe9","type":"synthesize","rationale":"decision_critical_gaps_resolved_or_unresolvable; high-impact claims supported or qualified; contradictions handled; remaining actions low expected value","step":6,"t":"2026-09-17T19:29:30.000Z"}
{"level":"info","event":"action","runId":"b3dc516e-1c21-40b5-9b59-73bbcf2c4c6d","type":"search","rationale":"Investigate an uncovered required question","step":0,"t":"2026-09-17T19:29:30.664Z"}
{"level":"info","event":"action","runId":"b3dc516e-1c21-40b5-9b59-73bbcf2c4c6d","type":"fetch","rationale":"Inspect an already-known source before another generic query","step":1,"t":"2026-09-17T19:29:30.703Z"}
{"level":"info","event":"action","runId":"b3dc516e-1c21-40b5-9b59-73bbcf2c4c6d","type":"fetch","rationale":"Inspect an already-known source before another generic query","step":2,"t":"2026-09-17T19:29:30.724Z"}
{"level":"info","event":"action","runId":"b3dc516e-1c21-40b5-9b59-73bbcf2c4c6d","type":"fetch","rationale":"Inspect an already-known source before another generic query","step":3,"t":"2026-09-17T19:29:30.750Z"}
{"level":"info","event":"action","runId":"b3dc516e-1c21-40b5-9b59-73bbcf2c4c6d","type":"challenge","rationale":"Disconfirm material conclusion: A primary source that directly contradicts this conclusion.","step":4,"t":"2026-09-17T19:29:30.783Z"}
{"level":"info","event":"action","runId":"b3dc516e-1c21-40b5-9b59-73bbcf2c4c6d","type":"challenge","rationale":"No counterexample found in accessed primary sources. This is not proof that the conclusion is true.","step":5,"t":"2026-09-17T19:29:30.812Z"}
{"level":"info","event":"action","runId":"b3dc516e-1c21-40b5-9b59-73bbcf2c4c6d","type":"synthesize","rationale":"decision_critical_gaps_resolved_or_unresolvable; high-impact claims supported or qualified; contradictions handled; remaining actions low expected value","step":6,"t":"2026-09-17T19:29:30.841Z"}
{"level":"info","event":"action","runId":"ca6c2012-920d-44f3-b4ca-87d7847594f6","type":"search","rationale":"Investigate an uncovered required question","step":0,"t":"2026-09-17T19:29:31.473Z"}
{"level":"info","event":"action","runId":"ca6c2012-920d-44f3-b4ca-87d7847594f6","type":"fetch","rationale":"Inspect an already-known source before another generic query","step":1,"t":"2026-09-17T19:29:31.517Z"}
{"level":"info","event":"action","runId":"ca6c2012-920d-44f3-b4ca-87d7847594f6","type":"fetch","rationale":"Inspect an already-known source before another generic query","step":2,"t":"2026-09-17T19:29:31.543Z"}
{"level":"info","event":"action","runId":"ca6c2012-920d-44f3-b4ca-87d7847594f6","type":"fetch","rationale":"Inspect an already-known source before another generic query","step":3,"t":"2026-09-17T19:29:31.567Z"}
{"level":"info","event":"action","runId":"ca6c2012-920d-44f3-b4ca-87d7847594f6","type":"fetch","rationale":"Inspect an already-known source before another generic query","step":4,"t":"2026-09-17T19:29:31.589Z"}
{"level":"info","event":"action","runId":"ca6c2012-920d-44f3-b4ca-87d7847594f6","type":"fetch","rationale":"Inspect an already-known source before another generic query","step":5,"t":"2026-09-17T19:29:31.614Z"}
{"level":"info","event":"action","runId":"ca6c2012-920d-44f3-b4ca-87d7847594f6","type":"challenge","rationale":"Disconfirm material conclusion: A primary source that directly contradicts this conclusion.","step":6,"t":"2026-09-17T19:29:31.636Z"}
{"level":"info","event":"action","runId":"ca6c2012-920d-44f3-b4ca-87d7847594f6","type":"challenge","rationale":"No counterexample found in accessed primary sources. This is not proof that the conclusion is true.","step":7,"t":"2026-09-17T19:29:31.662Z"}
{"level":"info","event":"action","runId":"ca6c2012-920d-44f3-b4ca-87d7847594f6","type":"synthesize","rationale":"decision_critical_gaps_resolved_or_unresolvable; high-impact claims supported or qualified; contradictions handled; remaining actions low expected value","step":8,"t":"2026-09-17T19:29:31.685Z"}
{"level":"info","event":"action","runId":"6aa1095c-8c4f-4276-96da-5e71520b4b06","type":"search","rationale":"Investigate an uncovered required question","step":0,"t":"2026-09-17T19:29:32.092Z"}
{"level":"info","event":"action","runId":"6aa1095c-8c4f-4276-96da-5e71520b4b06","type":"fetch","rationale":"Inspect an already-known source before another generic query","step":1,"t":"2026-09-17T19:29:32.151Z"}
{"level":"info","event":"action","runId":"6aa1095c-8c4f-4276-96da-5e71520b4b06","type":"fetch","rationale":"Inspect an already-known source before another generic query","step":2,"t":"2026-09-17T19:29:32.190Z"}
{"level":"info","event":"action","runId":"6aa1095c-8c4f-4276-96da-5e71520b4b06","type":"fetch","rationale":"Inspect an already-known source before another generic query","step":3,"t":"2026-09-17T19:29:32.227Z"}
{"level":"info","event":"action","runId":"6aa1095c-8c4f-4276-96da-5e71520b4b06","type":"fetch","rationale":"Inspect an already-known source before another generic query","step":4,"t":"2026-09-17T19:29:32.274Z"}
{"level":"info","event":"action","runId":"6aa1095c-8c4f-4276-96da-5e71520b4b06","type":"fetch","rationale":"Inspect an already-known source before another generic query","step":5,"t":"2026-09-17T19:29:32.314Z"}
{"level":"info","event":"action","runId":"6aa1095c-8c4f-4276-96da-5e71520b4b06","type":"challenge","rationale":"Disconfirm material conclusion: A primary source that directly contradicts this conclusion.","step":6,"t":"2026-09-17T19:29:32.360Z"}
{"level":"info","event":"action","runId":"6aa1095c-8c4f-4276-96da-5e71520b4b06","type":"challenge","rationale":"Disconfirm material conclusion: A primary source that directly contradicts this conclusion.","step":7,"t":"2026-09-17T19:29:32.416Z"}
{"level":"info","event":"action","runId":"6aa1095c-8c4f-4276-96da-5e71520b4b06","type":"challenge","rationale":"Disconfirm material conclusion: A primary source that directly contradicts this conclusion.","step":8,"t":"2026-09-17T19:29:32.493Z"}
{"level":"info","event":"action","runId":"6aa1095c-8c4f-4276-96da-5e71520b4b06","type":"challenge","rationale":"Disconfirm material conclusion: A primary source that directly contradicts this conclusion.","step":9,"t":"2026-09-17T19:29:32.551Z"}
{"level":"info","event":"action","runId":"6aa1095c-8c4f-4276-96da-5e71520b4b06","type":"challenge","rationale":"Disconfirm material conclusion: A primary source that directly contradicts this conclusion.","step":10,"t":"2026-09-17T19:29:32.602Z"}
{"level":"info","event":"action","runId":"6aa1095c-8c4f-4276-96da-5e71520b4b06","type":"challenge","rationale":"Disconfirm material conclusion: A primary source that directly contradicts this conclusion.","step":11,"t":"2026-09-17T19:29:32.652Z"}
{"level":"info","event":"action","runId":"6aa1095c-8c4f-4276-96da-5e71520b4b06","type":"challenge","rationale":"Disconfirm material conclusion: A primary source that directly contradicts this conclusion.","step":12,"t":"2026-09-17T19:29:32.705Z"}
{"level":"info","event":"action","runId":"6aa1095c-8c4f-4276-96da-5e71520b4b06","type":"challenge","rationale":"No counterexample found in accessed primary sources. This is not proof that the conclusion is true.","step":13,"t":"2026-09-17T19:29:32.767Z"}
{"level":"info","event":"action","runId":"6aa1095c-8c4f-4276-96da-5e71520b4b06","type":"stop","rationale":"Repeated searches returned no novel source family or coverage progress","step":14,"t":"2026-09-17T19:29:32.801Z"}
{"level":"info","event":"action","runId":"ad64d919-6cf6-40a2-b8af-a9ae67becb55","type":"search","rationale":"Investigate an uncovered required question","step":0,"t":"2026-09-17T19:29:33.660Z"}
{"level":"info","event":"action","runId":"ad64d919-6cf6-40a2-b8af-a9ae67becb55","type":"fetch","rationale":"Inspect an already-known source before another generic query","step":1,"t":"2026-09-17T19:29:33.705Z"}
{"level":"info","event":"action","runId":"ad64d919-6cf6-40a2-b8af-a9ae67becb55","type":"fetch","rationale":"Inspect an already-known source before another generic query","step":2,"t":"2026-09-17T19:29:33.746Z"}
{"level":"info","event":"action","runId":"ad64d919-6cf6-40a2-b8af-a9ae67becb55","type":"challenge","rationale":"Disconfirm material conclusion: A primary source that directly contradicts this conclusion.","step":3,"t":"2026-09-17T19:29:33.788Z"}
{"level":"info","event":"action","runId":"ad64d919-6cf6-40a2-b8af-a9ae67becb55","type":"challenge","rationale":"No counterexample found in accessed primary sources. This is not proof that the conclusion is true.","step":4,"t":"2026-09-17T19:29:33.821Z"}
{"level":"info","event":"action","runId":"ad64d919-6cf6-40a2-b8af-a9ae67becb55","type":"synthesize","rationale":"decision_critical_gaps_resolved_or_unresolvable; high-impact claims supported or qualified; contradictions handled; remaining actions low expected value","step":5,"t":"2026-09-17T19:29:33.859Z"}
{"level":"info","event":"action","runId":"fa3f4c39-62c3-465b-8cdb-5feeee1d7677","type":"search","rationale":"Investigate an uncovered required question","step":0,"t":"2026-09-17T19:29:34.799Z"}
{"level":"info","event":"action","runId":"fa3f4c39-62c3-465b-8cdb-5feeee1d7677","type":"fetch","rationale":"Inspect an already-known source before another generic query","step":1,"t":"2026-09-17T19:29:34.847Z"}
{"level":"info","event":"action","runId":"fa3f4c39-62c3-465b-8cdb-5feeee1d7677","type":"challenge","rationale":"Disconfirm material conclusion: A primary source that directly contradicts this conclusion.","step":2,"t":"2026-09-17T19:29:34.898Z"}
{"level":"info","event":"action","runId":"fa3f4c39-62c3-465b-8cdb-5feeee1d7677","type":"challenge","rationale":"No counterexample found in accessed primary sources. This is not proof that the conclusion is true.","step":3,"t":"2026-09-17T19:29:34.957Z"}
{"level":"info","event":"action","runId":"fa3f4c39-62c3-465b-8cdb-5feeee1d7677","type":"synthesize","rationale":"decision_critical_gaps_resolved_or_unresolvable; high-impact claims supported or qualified; contradictions handled; remaining actions low expected value","step":4,"t":"2026-09-17T19:29:34.992Z"}
{"level":"info","event":"action","runId":"1f82c2cd-ec92-4ec3-a010-4a65b46edba9","type":"search","rationale":"Investigate an uncovered required question","step":0,"t":"2026-09-17T19:29:35.877Z"}
{"level":"info","event":"action","runId":"1f82c2cd-ec92-4ec3-a010-4a65b46edba9","type":"fetch","rationale":"Inspect an already-known source before another generic query","step":1,"t":"2026-09-17T19:29:35.927Z"}
{"level":"info","event":"action","runId":"1f82c2cd-ec92-4ec3-a010-4a65b46edba9","type":"challenge","rationale":"Disconfirm material conclusion: A primary source that directly contradicts this conclusion.","step":2,"t":"2026-09-17T19:29:35.975Z"}
{"level":"info","event":"action","runId":"1f82c2cd-ec92-4ec3-a010-4a65b46edba9","type":"challenge","rationale":"No counterexample found in accessed primary sources. This is not proof that the conclusion is true.","step":3,"t":"2026-09-17T19:29:36.027Z"}
{"level":"info","event":"action","runId":"1f82c2cd-ec92-4ec3-a010-4a65b46edba9","type":"synthesize","rationale":"decision_critical_gaps_resolved_or_unresolvable; high-impact claims supported or qualified; contradictions handled; remaining actions low expected value","step":4,"t":"2026-09-17T19:29:36.104Z"}
{"level":"info","event":"action","runId":"484b04df-39ec-4026-b2fc-6ae378c16a81","type":"search","rationale":"Investigate an uncovered required question","step":0,"t":"2026-09-17T19:29:36.749Z"}
{"level":"info","event":"action","runId":"484b04df-39ec-4026-b2fc-6ae378c16a81","type":"fetch","rationale":"Inspect an already-known source before another generic query","step":1,"t":"2026-09-17T19:29:36.777Z"}
{"level":"info","event":"action","runId":"484b04df-39ec-4026-b2fc-6ae378c16a81","type":"challenge","rationale":"Disconfirm material conclusion: A primary source that directly contradicts this conclusion.","step":2,"t":"2026-09-17T19:29:36.797Z"}
{"level":"info","event":"action","runId":"484b04df-39ec-4026-b2fc-6ae378c16a81","type":"challenge","rationale":"No counterexample found in accessed primary sources. This is not proof that the conclusion is true.","step":3,"t":"2026-09-17T19:29:36.828Z"}
{"level":"info","event":"action","runId":"484b04df-39ec-4026-b2fc-6ae378c16a81","type":"synthesize","rationale":"decision_critical_gaps_resolved_or_unresolvable; high-impact claims supported or qualified; contradictions handled; remaining actions low expected value","step":4,"t":"2026-09-17T19:29:36.862Z"}
{"level":"info","event":"action","runId":"5d789576-cb5d-4a73-9cbe-17afa7257c03","type":"search","rationale":"Investigate an uncovered required question","step":0,"t":"2026-09-17T19:29:37.455Z"}
{"level":"info","event":"action","runId":"5d789576-cb5d-4a73-9cbe-17afa7257c03","type":"fetch","rationale":"Inspect an already-known source before another generic query","step":1,"t":"2026-09-17T19:29:37.485Z"}
{"level":"info","event":"action","runId":"5d789576-cb5d-4a73-9cbe-17afa7257c03","type":"challenge","rationale":"Disconfirm material conclusion: A primary source that directly contradicts this conclusion.","step":2,"t":"2026-09-17T19:29:37.507Z"}
{"level":"info","event":"action","runId":"5d789576-cb5d-4a73-9cbe-17afa7257c03","type":"challenge","rationale":"No counterexample found in accessed primary sources. This is not proof that the conclusion is true.","step":3,"t":"2026-09-17T19:29:37.528Z"}
{"level":"info","event":"action","runId":"5d789576-cb5d-4a73-9cbe-17afa7257c03","type":"synthesize","rationale":"decision_critical_gaps_resolved_or_unresolvable; high-impact claims supported or qualified; contradictions handled; remaining actions low expected value","step":4,"t":"2026-09-17T19:29:37.545Z"}
{"level":"info","event":"action","runId":"439be438-15b3-4720-a7fd-3f5fcea85402","type":"search","rationale":"Investigate an uncovered required question","step":0,"t":"2026-09-17T19:29:38.269Z"}
{"level":"info","event":"action","runId":"439be438-15b3-4720-a7fd-3f5fcea85402","type":"fetch","rationale":"Inspect an already-known source before another generic query","step":1,"t":"2026-09-17T19:29:38.348Z"}
{"level":"info","event":"action","runId":"439be438-15b3-4720-a7fd-3f5fcea85402","type":"fetch","rationale":"Inspect an already-known source before another generic query","step":2,"t":"2026-09-17T19:29:38.401Z"}
{"level":"info","event":"action","runId":"439be438-15b3-4720-a7fd-3f5fcea85402","type":"fetch","rationale":"Inspect an already-known source before another generic query","step":3,"t":"2026-09-17T19:29:38.443Z"}
{"level":"info","event":"action","runId":"439be438-15b3-4720-a7fd-3f5fcea85402","type":"fetch","rationale":"Inspect an already-known source before another generic query","step":4,"t":"2026-09-17T19:29:38.481Z"}
{"level":"info","event":"action","runId":"439be438-15b3-4720-a7fd-3f5fcea85402","type":"fetch","rationale":"Inspect an already-known source before another generic query","step":5,"t":"2026-09-17T19:29:38.517Z"}
{"level":"info","event":"action","runId":"439be438-15b3-4720-a7fd-3f5fcea85402","type":"challenge","rationale":"Disconfirm material conclusion: A primary source that directly contradicts this conclusion.","step":6,"t":"2026-09-17T19:29:38.558Z"}
{"level":"info","event":"action","runId":"439be438-15b3-4720-a7fd-3f5fcea85402","type":"challenge","rationale":"No counterexample found in accessed primary sources. This is not proof that the conclusion is true.","step":7,"t":"2026-09-17T19:29:38.603Z"}
{"level":"info","event":"action","runId":"439be438-15b3-4720-a7fd-3f5fcea85402","type":"synthesize","rationale":"decision_critical_gaps_resolved_or_unresolvable; high-impact claims supported or qualified; contradictions handled; remaining actions low expected value","step":8,"t":"2026-09-17T19:29:38.641Z"}
{"level":"info","event":"action","runId":"2fd53b9b-3e14-4acd-a3f0-e14813b6e470","type":"search","rationale":"Investigate an uncovered required question","step":0,"t":"2026-09-17T19:29:39.402Z"}
{"level":"info","event":"action","runId":"2fd53b9b-3e14-4acd-a3f0-e14813b6e470","type":"fetch","rationale":"Inspect an already-known source before another generic query","step":1,"t":"2026-09-17T19:29:39.449Z"}
{"level":"info","event":"action","runId":"2fd53b9b-3e14-4acd-a3f0-e14813b6e470","type":"synthesize","rationale":"budget requires finishing with available evidence","step":2,"t":"2026-09-17T19:29:39.477Z"}
{"level":"info","event":"action","runId":"b646dcd6-f072-4595-8562-e1fa79635d4c","type":"search","rationale":"Investigate an uncovered required question","step":0,"t":"2026-09-17T19:29:40.073Z"}
{"level":"info","event":"action","runId":"b646dcd6-f072-4595-8562-e1fa79635d4c","type":"fetch","rationale":"Inspect an already-known source before another generic query","step":1,"t":"2026-09-17T19:29:40.121Z"}
{"level":"info","event":"action","runId":"b646dcd6-f072-4595-8562-e1fa79635d4c","type":"fetch","rationale":"Inspect an already-known source before another generic query","step":2,"t":"2026-09-17T19:29:40.156Z"}
{"level":"info","event":"action","runId":"b646dcd6-f072-4595-8562-e1fa79635d4c","type":"fetch","rationale":"Inspect an already-known source before another generic query","step":3,"t":"2026-09-17T19:29:40.189Z"}
{"level":"info","event":"action","runId":"b646dcd6-f072-4595-8562-e1fa79635d4c","type":"fetch","rationale":"Inspect an already-known source before another generic query","step":4,"t":"2026-09-17T19:29:40.220Z"}
{"level":"info","event":"action","runId":"b646dcd6-f072-4595-8562-e1fa79635d4c","type":"fetch","rationale":"Inspect an already-known source before another generic query","step":5,"t":"2026-09-17T19:29:40.242Z"}
{"level":"info","event":"action","runId":"b646dcd6-f072-4595-8562-e1fa79635d4c","type":"challenge","rationale":"Disconfirm material conclusion: A primary source that directly contradicts this conclusion.","step":6,"t":"2026-09-17T19:29:40.265Z"}
{"level":"info","event":"action","runId":"b646dcd6-f072-4595-8562-e1fa79635d4c","type":"challenge","rationale":"No counterexample found in accessed primary sources. This is not proof that the conclusion is true.","step":7,"t":"2026-09-17T19:29:40.286Z"}
{"level":"info","event":"action","runId":"b646dcd6-f072-4595-8562-e1fa79635d4c","type":"synthesize","rationale":"decision_critical_gaps_resolved_or_unresolvable; high-impact claims supported or qualified; contradictions handled; remaining actions low expected value","step":8,"t":"2026-09-17T19:29:40.305Z"}
{"level":"info","event":"action","runId":"cd7407b8-6102-43ed-8469-9ac14897b78b","type":"search","rationale":"Investigate an uncovered required question","step":0,"t":"2026-09-17T19:29:41.368Z"}
{"level":"info","event":"action","runId":"cd7407b8-6102-43ed-8469-9ac14897b78b","type":"fetch","rationale":"Inspect an already-known source before another generic query","step":1,"t":"2026-09-17T19:29:41.415Z"}
{"level":"info","event":"action","runId":"cd7407b8-6102-43ed-8469-9ac14897b78b","type":"fetch","rationale":"Inspect an already-known source before another generic query","step":2,"t":"2026-09-17T19:29:41.440Z"}
{"level":"info","event":"action","runId":"cd7407b8-6102-43ed-8469-9ac14897b78b","type":"fetch","rationale":"Inspect an already-known source before another generic query","step":3,"t":"2026-09-17T19:29:41.463Z"}
{"level":"info","event":"action","runId":"cd7407b8-6102-43ed-8469-9ac14897b78b","type":"fetch","rationale":"Inspect an already-known source before another generic query","step":4,"t":"2026-09-17T19:29:41.486Z"}
{"level":"info","event":"action","runId":"cd7407b8-6102-43ed-8469-9ac14897b78b","type":"fetch","rationale":"Inspect an already-known source before another generic query","step":5,"t":"2026-09-17T19:29:41.511Z"}
{"level":"info","event":"action","runId":"cd7407b8-6102-43ed-8469-9ac14897b78b","type":"challenge","rationale":"Disconfirm material conclusion: A primary source that directly contradicts this conclusion.","step":6,"t":"2026-09-17T19:29:41.533Z"}
{"level":"info","event":"action","runId":"cd7407b8-6102-43ed-8469-9ac14897b78b","type":"challenge","rationale":"No counterexample found in accessed primary sources. This is not proof that the conclusion is true.","step":7,"t":"2026-09-17T19:29:41.557Z"}
{"level":"info","event":"action","runId":"cd7407b8-6102-43ed-8469-9ac14897b78b","type":"synthesize","rationale":"decision_critical_gaps_resolved_or_unresolvable; high-impact claims supported or qualified; contradictions handled; remaining actions low expected value","step":8,"t":"2026-09-17T19:29:41.575Z"}
{"level":"info","event":"action","runId":"c9a0319a-6f61-40bd-9f94-7f1aea7025b4","type":"challenge","rationale":"Disconfirm material conclusion: A primary source that directly contradicts this conclusion.","step":0,"t":"2026-09-17T19:29:42.509Z"}
{"level":"info","event":"action","runId":"c9a0319a-6f61-40bd-9f94-7f1aea7025b4","type":"fetch","rationale":"Inspect an already-known source before another generic query","step":1,"t":"2026-09-17T19:29:42.550Z"}
{"level":"info","event":"action","runId":"c9a0319a-6f61-40bd-9f94-7f1aea7025b4","type":"fetch","rationale":"Inspect an already-known source before another generic query","step":2,"t":"2026-09-17T19:29:42.573Z"}
{"level":"info","event":"action","runId":"c9a0319a-6f61-40bd-9f94-7f1aea7025b4","type":"fetch","rationale":"Inspect an already-known source before another generic query","step":3,"t":"2026-09-17T19:29:42.604Z"}
{"level":"info","event":"action","runId":"c9a0319a-6f61-40bd-9f94-7f1aea7025b4","type":"challenge","rationale":"No counterexample found in accessed primary sources. This is not proof that the conclusion is true.","step":4,"t":"2026-09-17T19:29:42.645Z"}
{"level":"info","event":"action","runId":"c9a0319a-6f61-40bd-9f94-7f1aea7025b4","type":"synthesize","rationale":"decision_critical_gaps_resolved_or_unresolvable; high-impact claims supported or qualified; contradictions handled; remaining actions low expected value","step":5,"t":"2026-09-17T19:29:42.664Z"}
{"level":"info","event":"action","runId":"2bdeaa24-0aac-4787-a0cd-05e2d4043380","type":"challenge","rationale":"Disconfirm material conclusion: A primary source that directly contradicts this conclusion.","step":0,"t":"2026-09-17T19:29:43.526Z"}
{"level":"info","event":"action","runId":"2bdeaa24-0aac-4787-a0cd-05e2d4043380","type":"fetch","rationale":"Inspect an already-known source before another generic query","step":1,"t":"2026-09-17T19:29:43.566Z"}
{"level":"info","event":"action","runId":"2bdeaa24-0aac-4787-a0cd-05e2d4043380","type":"fetch","rationale":"Inspect an already-known source before another generic query","step":2,"t":"2026-09-17T19:29:43.588Z"}
{"level":"info","event":"action","runId":"2bdeaa24-0aac-4787-a0cd-05e2d4043380","type":"fetch","rationale":"Inspect an already-known source before another generic query","step":3,"t":"2026-09-17T19:29:43.608Z"}
{"level":"info","event":"action","runId":"2bdeaa24-0aac-4787-a0cd-05e2d4043380","type":"challenge","rationale":"No counterexample found in accessed primary sources. This is not proof that the conclusion is true.","step":4,"t":"2026-09-17T19:29:43.632Z"}
{"level":"info","event":"action","runId":"2bdeaa24-0aac-4787-a0cd-05e2d4043380","type":"synthesize","rationale":"decision_critical_gaps_resolved_or_unresolvable; high-impact claims supported or qualified; contradictions handled; remaining actions low expected value","step":5,"t":"2026-09-17T19:29:43.648Z"}
{"level":"info","event":"action","runId":"0dccfe8b-96e6-4f56-8332-460c8139b44d","type":"search","rationale":"Investigate an uncovered required question","step":0,"t":"2026-09-17T19:29:44.014Z"}
{"level":"info","event":"action","runId":"0dccfe8b-96e6-4f56-8332-460c8139b44d","type":"fetch","rationale":"Inspect an already-known source before another generic query","step":1,"t":"2026-09-17T19:29:44.041Z"}
{"level":"info","event":"action","runId":"0dccfe8b-96e6-4f56-8332-460c8139b44d","type":"fetch","rationale":"Inspect an already-known source before another generic query","step":2,"t":"2026-09-17T19:29:44.057Z"}
{"level":"info","event":"action","runId":"0dccfe8b-96e6-4f56-8332-460c8139b44d","type":"fetch","rationale":"Inspect an already-known source before another generic query","step":3,"t":"2026-09-17T19:29:44.072Z"}
{"level":"info","event":"action","runId":"0dccfe8b-96e6-4f56-8332-460c8139b44d","type":"fetch","rationale":"Inspect an already-known source before another generic query","step":4,"t":"2026-09-17T19:29:44.089Z"}
{"level":"info","event":"action","runId":"0dccfe8b-96e6-4f56-8332-460c8139b44d","type":"fetch","rationale":"Inspect an already-known source before another generic query","step":5,"t":"2026-09-17T19:29:44.105Z"}
{"level":"info","event":"action","runId":"0dccfe8b-96e6-4f56-8332-460c8139b44d","type":"challenge","rationale":"Disconfirm material conclusion: A primary source that directly contradicts this conclusion.","step":6,"t":"2026-09-17T19:29:44.121Z"}
{"level":"info","event":"action","runId":"0dccfe8b-96e6-4f56-8332-460c8139b44d","type":"challenge","rationale":"No counterexample found in accessed primary sources. This is not proof that the conclusion is true.","step":7,"t":"2026-09-17T19:29:44.136Z"}
{"level":"info","event":"action","runId":"0dccfe8b-96e6-4f56-8332-460c8139b44d","type":"synthesize","rationale":"decision_critical_gaps_resolved_or_unresolvable; high-impact claims supported or qualified; contradictions handled; remaining actions low expected value","step":8,"t":"2026-09-17T19:29:44.149Z"}
{"level":"info","event":"action","runId":"08c27b96-1c8d-4a02-ab22-31be99611aaf","type":"search","rationale":"Investigate an uncovered required question","step":0,"t":"2026-09-17T19:29:44.646Z"}
{"level":"info","event":"action","runId":"08c27b96-1c8d-4a02-ab22-31be99611aaf","type":"fetch","rationale":"Inspect an already-known source before another generic query","step":1,"t":"2026-09-17T19:29:44.673Z"}
{"level":"info","event":"action","runId":"08c27b96-1c8d-4a02-ab22-31be99611aaf","type":"fetch","rationale":"Inspect an already-known source before another generic query","step":2,"t":"2026-09-17T19:29:44.688Z"}
{"level":"info","event":"action","runId":"08c27b96-1c8d-4a02-ab22-31be99611aaf","type":"fetch","rationale":"Inspect an already-known source before another generic query","step":3,"t":"2026-09-17T19:29:44.704Z"}
{"level":"info","event":"action","runId":"08c27b96-1c8d-4a02-ab22-31be99611aaf","type":"fetch","rationale":"Inspect an already-known source before another generic query","step":4,"t":"2026-09-17T19:29:44.721Z"}
{"level":"info","event":"action","runId":"08c27b96-1c8d-4a02-ab22-31be99611aaf","type":"fetch","rationale":"Inspect an already-known source before another generic query","step":5,"t":"2026-09-17T19:29:44.736Z"}
{"level":"info","event":"action","runId":"08c27b96-1c8d-4a02-ab22-31be99611aaf","type":"challenge","rationale":"Disconfirm material conclusion: A primary source that directly contradicts this conclusion.","step":6,"t":"2026-09-17T19:29:44.751Z"}
{"level":"info","event":"action","runId":"08c27b96-1c8d-4a02-ab22-31be99611aaf","type":"challenge","rationale":"No counterexample found in accessed primary sources. This is not proof that the conclusion is true.","step":7,"t":"2026-09-17T19:29:44.766Z"}
{"level":"info","event":"action","runId":"08c27b96-1c8d-4a02-ab22-31be99611aaf","type":"synthesize","rationale":"decision_critical_gaps_resolved_or_unresolvable; high-impact claims supported or qualified; contradictions handled; remaining actions low expected value","step":8,"t":"2026-09-17T19:29:44.778Z"}
{"level":"info","event":"action","runId":"f1e9edbd-8425-4ac9-80af-85eee157fa77","type":"clarify","rationale":"A blocking field is unspecified and would change the answer","step":0,"t":"2026-09-17T19:29:45.752Z"}
{"level":"info","event":"action","runId":"d397966f-89c6-460a-a194-769c0a8361f0","type":"clarify","rationale":"A blocking field is unspecified and would change the answer","step":0,"t":"2026-09-17T19:29:46.006Z"}
{"level":"info","event":"action","runId":"d397966f-89c6-460a-a194-769c0a8361f0","type":"search","rationale":"Investigate an uncovered required question","step":0,"t":"2026-09-17T19:29:46.030Z"}
{"level":"info","event":"action","runId":"d397966f-89c6-460a-a194-769c0a8361f0","type":"fetch","rationale":"Inspect an already-known source before another generic query","step":1,"t":"2026-09-17T19:29:46.045Z"}
{"level":"info","event":"action","runId":"d397966f-89c6-460a-a194-769c0a8361f0","type":"challenge","rationale":"Disconfirm material conclusion: A primary source that directly contradicts this conclusion.","step":2,"t":"2026-09-17T19:29:46.058Z"}
{"level":"info","event":"action","runId":"d397966f-89c6-460a-a194-769c0a8361f0","type":"challenge","rationale":"Disconfirm material conclusion: A primary source that directly contradicts this conclusion.","step":3,"t":"2026-09-17T19:29:46.071Z"}
{"level":"info","event":"action","runId":"d397966f-89c6-460a-a194-769c0a8361f0","type":"challenge","rationale":"Disconfirm material conclusion: A primary source that directly contradicts this conclusion.","step":4,"t":"2026-09-17T19:29:46.085Z"}
{"level":"info","event":"action","runId":"d397966f-89c6-460a-a194-769c0a8361f0","type":"challenge","rationale":"Disconfirm material conclusion: A primary source that directly contradicts this conclusion.","step":5,"t":"2026-09-17T19:29:46.098Z"}
{"level":"info","event":"action","runId":"d397966f-89c6-460a-a194-769c0a8361f0","type":"challenge","rationale":"Disconfirm material conclusion: A primary source that directly contradicts this conclusion.","step":6,"t":"2026-09-17T19:29:46.111Z"}
{"level":"info","event":"action","runId":"d397966f-89c6-460a-a194-769c0a8361f0","type":"challenge","rationale":"Disconfirm material conclusion: A primary source that directly contradicts this conclusion.","step":7,"t":"2026-09-17T19:29:46.125Z"}
{"level":"info","event":"action","runId":"d397966f-89c6-460a-a194-769c0a8361f0","type":"challenge","rationale":"Disconfirm material conclusion: A primary source that directly contradicts this conclusion.","step":8,"t":"2026-09-17T19:29:46.139Z"}
{"level":"info","event":"action","runId":"d397966f-89c6-460a-a194-769c0a8361f0","type":"challenge","rationale":"No counterexample found in accessed primary sources. This is not proof that the conclusion is true.","step":9,"t":"2026-09-17T19:29:46.153Z"}
{"level":"info","event":"action","runId":"d397966f-89c6-460a-a194-769c0a8361f0","type":"stop","rationale":"Repeated searches returned no novel source family or coverage progress","step":10,"t":"2026-09-17T19:29:46.163Z"}
{"level":"info","event":"action","runId":"553be28e-1070-4609-ad76-5d48a2d6f047","type":"clarify","rationale":"A blocking field is unspecified and would change the answer","step":0,"t":"2026-09-17T19:29:46.648Z"}
{"level":"info","event":"action","runId":"553be28e-1070-4609-ad76-5d48a2d6f047","type":"search","rationale":"Investigate an uncovered required question","step":0,"t":"2026-09-17T19:29:46.673Z"}
{"level":"info","event":"action","runId":"553be28e-1070-4609-ad76-5d48a2d6f047","type":"fetch","rationale":"Inspect an already-known source before another generic query","step":1,"t":"2026-09-17T19:29:46.691Z"}
{"level":"info","event":"action","runId":"553be28e-1070-4609-ad76-5d48a2d6f047","type":"challenge","rationale":"Disconfirm material conclusion: A primary source that directly contradicts this conclusion.","step":2,"t":"2026-09-17T19:29:46.704Z"}
{"level":"info","event":"action","runId":"553be28e-1070-4609-ad76-5d48a2d6f047","type":"challenge","rationale":"Disconfirm material conclusion: A primary source that directly contradicts this conclusion.","step":3,"t":"2026-09-17T19:29:46.718Z"}
{"level":"info","event":"action","runId":"553be28e-1070-4609-ad76-5d48a2d6f047","type":"challenge","rationale":"Disconfirm material conclusion: A primary source that directly contradicts this conclusion.","step":4,"t":"2026-09-17T19:29:46.733Z"}
{"level":"info","event":"action","runId":"553be28e-1070-4609-ad76-5d48a2d6f047","type":"challenge","rationale":"Disconfirm material conclusion: A primary source that directly contradicts this conclusion.","step":5,"t":"2026-09-17T19:29:46.746Z"}
{"level":"info","event":"action","runId":"553be28e-1070-4609-ad76-5d48a2d6f047","type":"challenge","rationale":"Disconfirm material conclusion: A primary source that directly contradicts this conclusion.","step":6,"t":"2026-09-17T19:29:46.761Z"}
{"level":"info","event":"action","runId":"553be28e-1070-4609-ad76-5d48a2d6f047","type":"challenge","rationale":"Disconfirm material conclusion: A primary source that directly contradicts this conclusion.","step":7,"t":"2026-09-17T19:29:46.775Z"}
{"level":"info","event":"action","runId":"553be28e-1070-4609-ad76-5d48a2d6f047","type":"challenge","rationale":"Disconfirm material conclusion: A primary source that directly contradicts this conclusion.","step":8,"t":"2026-09-17T19:29:46.790Z"}
{"level":"info","event":"action","runId":"553be28e-1070-4609-ad76-5d48a2d6f047","type":"challenge","rationale":"No counterexample found in accessed primary sources. This is not proof that the conclusion is true.","step":9,"t":"2026-09-17T19:29:46.805Z"}
{"level":"info","event":"action","runId":"553be28e-1070-4609-ad76-5d48a2d6f047","type":"stop","rationale":"Repeated searches returned no novel source family or coverage progress","step":10,"t":"2026-09-17T19:29:46.815Z"}
{"level":"info","event":"action","runId":"ec9e9983-479f-4081-9683-07521a02eed6","type":"clarify","rationale":"A blocking field is unspecified and would change the answer","step":0,"t":"2026-09-17T19:29:47.294Z"}
{"level":"info","event":"action","runId":"ec9e9983-479f-4081-9683-07521a02eed6","type":"search","rationale":"Investigate an uncovered required question","step":0,"t":"2026-09-17T19:29:47.316Z"}
{"level":"info","event":"action","runId":"ec9e9983-479f-4081-9683-07521a02eed6","type":"fetch","rationale":"Inspect an already-known source before another generic query","step":1,"t":"2026-09-17T19:29:47.331Z"}
{"level":"info","event":"action","runId":"ec9e9983-479f-4081-9683-07521a02eed6","type":"challenge","rationale":"Disconfirm material conclusion: A primary source that directly contradicts this conclusion.","step":2,"t":"2026-09-17T19:29:47.344Z"}
{"level":"info","event":"action","runId":"ec9e9983-479f-4081-9683-07521a02eed6","type":"challenge","rationale":"Disconfirm material conclusion: A primary source that directly contradicts this conclusion.","step":3,"t":"2026-09-17T19:29:47.357Z"}
{"level":"info","event":"action","runId":"ec9e9983-479f-4081-9683-07521a02eed6","type":"challenge","rationale":"Disconfirm material conclusion: A primary source that directly contradicts this conclusion.","step":4,"t":"2026-09-17T19:29:47.371Z"}
{"level":"info","event":"action","runId":"ec9e9983-479f-4081-9683-07521a02eed6","type":"challenge","rationale":"Disconfirm material conclusion: A primary source that directly contradicts this conclusion.","step":5,"t":"2026-09-17T19:29:47.383Z"}
{"level":"info","event":"action","runId":"ec9e9983-479f-4081-9683-07521a02eed6","type":"challenge","rationale":"Disconfirm material conclusion: A primary source that directly contradicts this conclusion.","step":6,"t":"2026-09-17T19:29:47.397Z"}
{"level":"info","event":"action","runId":"ec9e9983-479f-4081-9683-07521a02eed6","type":"challenge","rationale":"Disconfirm material conclusion: A primary source that directly contradicts this conclusion.","step":7,"t":"2026-09-17T19:29:47.410Z"}
{"level":"info","event":"action","runId":"ec9e9983-479f-4081-9683-07521a02eed6","type":"challenge","rationale":"Disconfirm material conclusion: A primary source that directly contradicts this conclusion.","step":8,"t":"2026-09-17T19:29:47.424Z"}
{"level":"info","event":"action","runId":"ec9e9983-479f-4081-9683-07521a02eed6","type":"challenge","rationale":"No counterexample found in accessed primary sources. This is not proof that the conclusion is true.","step":9,"t":"2026-09-17T19:29:47.437Z"}
{"level":"info","event":"action","runId":"ec9e9983-479f-4081-9683-07521a02eed6","type":"stop","rationale":"Repeated searches returned no novel source family or coverage progress","step":10,"t":"2026-09-17T19:29:47.448Z"}
 ✓ test/p3-remaining.integration.test.ts (51 tests) 47529ms
   ✓ remaining launch-scope IDs > M04 fixture comparison publishes a wide table, code listing, unicode-safe text, and many citations  868ms
   ✓ remaining launch-scope IDs > R06 preserves event date vs publication date  696ms
   ✓ remaining launch-scope IDs > R10 declines an unrelated celebrity branch from page content  1031ms
   ✓ remaining launch-scope IDs > R12 explains different percentage denominators instead of averaging  1106ms
   ✓ remaining launch-scope IDs > R15 states unknown without a fake probability  926ms
   ✓ remaining launch-scope IDs > R16 comparison names the requested entities and constraints  1341ms
   ✓ remaining launch-scope IDs > E05 new source version does not rewrite the original report citation  1269ms
   ✓ remaining launch-scope IDs > V2-13 private canary is stored as evidence, omitted from public queries, and denied to another account  1269ms
   ✓ remaining launch-scope IDs > JOB-1 eligibility-aware comparison under platform and export constraints  1269ms
   ✓ remaining launch-scope IDs > JOB-1 adding Linux as a hard requirement excludes NoteKeep and keeps NoteAll  2080ms
   ✓ remaining launch-scope IDs > JOB-1 removing Linux as a requirement makes NoteKeep eligible again  2081ms
   ✓ remaining launch-scope IDs > JOB-2 attached document text is stored as supplied evidence and not used as a public query  1194ms
   ✓ remaining launch-scope IDs > E06 actual PDF with no readable evidence is disclosed as unread pages  1247ms
   ✓ remaining launch-scope IDs > E08 quoted report text is taken from the stored passage  1179ms
   ✓ remaining launch-scope IDs > E09 export citation anchors resolve to owned passages  1286ms
   ✓ remaining launch-scope IDs > J02 a second processRun after completion does not duplicate the report or settlement  1122ms
   ✓ remaining launch-scope IDs > J04 timeout after issue is outcome-unknown, not assumed free  424ms
   ✓ remaining launch-scope IDs > J06 cancel after completion keeps the published report  1196ms
   ✓ remaining launch-scope IDs > J08 event cursor returns only later sequences  1144ms
   ✓ remaining launch-scope IDs > J13 live spend kill switch blocks new paid routes but keeps saved reports  1083ms
   ✓ remaining launch-scope IDs > S03 oversized attachments are rejected  412ms
   ✓ remaining launch-scope IDs > S07 cross-account reports are denied  861ms
   ✓ remaining launch-scope IDs > S06 / V2-20 does not silently fall back to an unauthorized live processor  307ms
   ✓ remaining launch-scope IDs > V2-10 a later unavailable fetch does not retract last-access evidence  816ms
   ✓ remaining launch-scope IDs > V2-11 concise view uses the same answer citations as the body  1102ms
   ✓ remaining launch-scope IDs > V2-19 scanned tables stay unread rather than guessed  1081ms
   ✓ remaining launch-scope IDs > R17 concise request still keeps limitations  1228ms
   ✓ remaining launch-scope IDs > R18 compacted checkpoint still lists stored passage ids  811ms
   ✓ remaining launch-scope IDs > R19 follow-up verifies one claim and keeps the parent report  2027ms
   ✓ remaining launch-scope IDs > R20 dates a retrieved price and keeps a founding year as history  1162ms
   ✓ remaining launch-scope IDs > R21 labels a German original as a translation  1060ms
   ✓ remaining launch-scope IDs > E03 preserves the adults-over-65 qualifier  1008ms
   ✓ remaining launch-scope IDs > E04 report uses the table's 24% rather than 42%  743ms
   ✓ remaining launch-scope IDs > E10 withdraws the conclusion when the asserted 42% is unsupported by the 24% table  670ms
   ✓ remaining launch-scope IDs > J07 expired lease is reclaimed; a live lease is not stolen  1128ms
   ✓ remaining launch-scope IDs > J10 a tight budget still publishes a written report  804ms
   ✓ remaining launch-scope IDs > J11 reports that app counters are not provider-internal guarantees  837ms
   ✓ remaining launch-scope IDs > J12 confirmed usage does not rewrite the historical estimate  392ms
   ✓ remaining launch-scope IDs > J14 duplicate completion epochs share one outbox row and omit query text  879ms
   ✓ remaining launch-scope IDs > V2-09 deleted attachment text is not left in reports  982ms
   ✓ remaining launch-scope IDs > V2-09 late worker cannot republish deleted private text even if it claims deleted=false  613ms
   ✓ remaining launch-scope IDs > expired session cannot read library or reports  649ms
   ✓ remaining launch-scope IDs > library lists report_id for a completed run so share can resolve  630ms
   ✓ remaining launch-scope IDs > clarification continue records geography and resumes  633ms
   ✓ remaining launch-scope IDs > R02 continue with France records France and does not invent Germany  649ms
   ✓ remaining launch-scope IDs > R02 after France continue discovery uses France evidence not the Germany default note  629ms
{"level":"info","event":"action","runId":"7c67d54f-5c34-4b77-8d93-ef4ccc516aeb","type":"clarify","rationale":"A blocking field is unspecified and would change the answer","step":0,"t":"2026-09-17T19:29:48.878Z"}
{"level":"info","event":"action","runId":"0ad60aa0-5ded-4318-97be-3c08ee0406d1","type":"search","rationale":"Investigate an uncovered required question","step":0,"t":"2026-09-17T19:29:49.163Z"}
{"level":"info","event":"action","runId":"0ad60aa0-5ded-4318-97be-3c08ee0406d1","type":"fetch","rationale":"Inspect an already-known source before another generic query","step":1,"t":"2026-09-17T19:29:49.204Z"}
{"level":"info","event":"action","runId":"0ad60aa0-5ded-4318-97be-3c08ee0406d1","type":"fetch","rationale":"Inspect an already-known source before another generic query","step":2,"t":"2026-09-17T19:29:49.224Z"}
{"level":"info","event":"action","runId":"0ad60aa0-5ded-4318-97be-3c08ee0406d1","type":"fetch","rationale":"Inspect an already-known source before another generic query","step":3,"t":"2026-09-17T19:29:49.244Z"}
{"level":"info","event":"action","runId":"0ad60aa0-5ded-4318-97be-3c08ee0406d1","type":"challenge","rationale":"Disconfirm material conclusion: A primary source that directly contradicts this conclusion.","step":4,"t":"2026-09-17T19:29:49.271Z"}
{"level":"info","event":"action","runId":"0ad60aa0-5ded-4318-97be-3c08ee0406d1","type":"challenge","rationale":"No counterexample found in accessed primary sources. This is not proof that the conclusion is true.","step":5,"t":"2026-09-17T19:29:49.293Z"}
{"level":"info","event":"action","runId":"0ad60aa0-5ded-4318-97be-3c08ee0406d1","type":"synthesize","rationale":"decision_critical_gaps_resolved_or_unresolvable; high-impact claims supported or qualified; contradictions handled; remaining actions low expected value","step":6,"t":"2026-09-17T19:29:49.310Z"}
{"level":"info","event":"action","runId":"496f181b-b453-41a9-ace3-28f0388108a0","type":"search","rationale":"Investigate an uncovered required question","step":0,"t":"2026-09-17T19:29:49.856Z"}
{"level":"info","event":"action","runId":"496f181b-b453-41a9-ace3-28f0388108a0","type":"fetch","rationale":"Inspect an already-known source before another generic query","step":1,"t":"2026-09-17T19:29:49.877Z"}
{"level":"info","event":"action","runId":"496f181b-b453-41a9-ace3-28f0388108a0","type":"challenge","rationale":"Disconfirm material conclusion: A primary source that directly contradicts this conclusion.","step":2,"t":"2026-09-17T19:29:49.893Z"}
{"level":"info","event":"action","runId":"496f181b-b453-41a9-ace3-28f0388108a0","type":"challenge","rationale":"No counterexample found in accessed primary sources. This is not proof that the conclusion is true.","step":3,"t":"2026-09-17T19:29:49.912Z"}
{"level":"info","event":"action","runId":"496f181b-b453-41a9-ace3-28f0388108a0","type":"synthesize","rationale":"inaccessible_or_unresolved_gap:primary source is inaccessible","step":4,"t":"2026-09-17T19:29:49.925Z"}
{"level":"info","event":"action","runId":"b899a7e0-48d0-4901-9c12-98de8120091b","type":"search","rationale":"Investigate an uncovered required question","step":0,"t":"2026-09-17T19:29:50.423Z"}
{"level":"info","event":"action","runId":"b899a7e0-48d0-4901-9c12-98de8120091b","type":"fetch","rationale":"Inspect the preferred source type (vendor-docs) before more weak sources","step":1,"t":"2026-09-17T19:29:50.445Z"}
{"level":"info","event":"action","runId":"b899a7e0-48d0-4901-9c12-98de8120091b","type":"fetch","rationale":"Inspect the preferred source type (vendor-docs) before more weak sources","step":2,"t":"2026-09-17T19:29:50.462Z"}
{"level":"info","event":"action","runId":"b899a7e0-48d0-4901-9c12-98de8120091b","type":"verify","rationale":"Scope-check contradiction on value before treating newest as correct","step":3,"t":"2026-09-17T19:29:50.478Z"}
{"level":"info","event":"action","runId":"b899a7e0-48d0-4901-9c12-98de8120091b","type":"challenge","rationale":"Disconfirm material conclusion: A primary source that directly contradicts this conclusion.","step":4,"t":"2026-09-17T19:29:50.491Z"}
{"level":"info","event":"action","runId":"b899a7e0-48d0-4901-9c12-98de8120091b","type":"challenge","rationale":"No counterexample found in accessed primary sources. This is not proof that the conclusion is true.","step":5,"t":"2026-09-17T19:29:50.510Z"}
{"level":"info","event":"action","runId":"b899a7e0-48d0-4901-9c12-98de8120091b","type":"synthesize","rationale":"decision_critical_gaps_resolved_or_unresolvable; high-impact claims supported or qualified; contradictions handled; remaining actions low expected value","step":6,"t":"2026-09-17T19:29:50.524Z"}
{"level":"info","event":"action","runId":"f6bd280c-7c1b-4388-80f5-39ba60531dd2","type":"search","rationale":"Investigate an uncovered required question","step":0,"t":"2026-09-17T19:29:51.017Z"}
{"level":"info","event":"action","runId":"f6bd280c-7c1b-4388-80f5-39ba60531dd2","type":"fetch","rationale":"Inspect an already-known source before another generic query","step":1,"t":"2026-09-17T19:29:51.041Z"}
{"level":"info","event":"action","runId":"f6bd280c-7c1b-4388-80f5-39ba60531dd2","type":"synthesize","rationale":"budget requires finishing with available evidence","step":2,"t":"2026-09-17T19:29:51.056Z"}
{"level":"info","event":"action","runId":"9078198e-1c51-4e22-8984-b3c86ddb24f7","type":"search","rationale":"Investigate an uncovered required question","step":0,"t":"2026-09-17T19:29:51.558Z"}
{"level":"info","event":"action","runId":"9078198e-1c51-4e22-8984-b3c86ddb24f7","type":"fetch","rationale":"Inspect an already-known source before another generic query","step":1,"t":"2026-09-17T19:29:51.586Z"}
{"level":"info","event":"action","runId":"9078198e-1c51-4e22-8984-b3c86ddb24f7","type":"fetch","rationale":"Inspect an already-known source before another generic query","step":2,"t":"2026-09-17T19:29:51.602Z"}
{"level":"info","event":"action","runId":"9078198e-1c51-4e22-8984-b3c86ddb24f7","type":"fetch","rationale":"Inspect an already-known source before another generic query","step":3,"t":"2026-09-17T19:29:51.617Z"}
{"level":"info","event":"action","runId":"9078198e-1c51-4e22-8984-b3c86ddb24f7","type":"challenge","rationale":"Disconfirm material conclusion: A primary source that directly contradicts this conclusion.","step":4,"t":"2026-09-17T19:29:51.639Z"}
{"level":"info","event":"action","runId":"9078198e-1c51-4e22-8984-b3c86ddb24f7","type":"challenge","rationale":"No counterexample found in accessed primary sources. This is not proof that the conclusion is true.","step":5,"t":"2026-09-17T19:29:51.656Z"}
{"level":"info","event":"action","runId":"9078198e-1c51-4e22-8984-b3c86ddb24f7","type":"synthesize","rationale":"decision_critical_gaps_resolved_or_unresolvable; high-impact claims supported or qualified; contradictions handled; remaining actions low expected value","step":6,"t":"2026-09-17T19:29:51.669Z"}
{"level":"info","event":"action","runId":"5b9fc58f-4ae0-47a4-b352-aa1c8da694eb","type":"search","rationale":"Investigate an uncovered required question","step":0,"t":"2026-09-17T19:29:52.171Z"}
{"level":"info","event":"action","runId":"5b9fc58f-4ae0-47a4-b352-aa1c8da694eb","type":"search","rationale":"Decision-blocking gap: authoritative compatibility limitation. Switching source type to vendor-matrix.","step":1,"t":"2026-09-17T19:29:52.190Z"}
{"level":"info","event":"action","runId":"5b9fc58f-4ae0-47a4-b352-aa1c8da694eb","type":"fetch","rationale":"Inspect the preferred source type (vendor-matrix) before more weak sources","step":2,"t":"2026-09-17T19:29:52.209Z"}
{"level":"info","event":"action","runId":"5b9fc58f-4ae0-47a4-b352-aa1c8da694eb","type":"fetch","rationale":"Inspect an already-known source before another generic query","step":3,"t":"2026-09-17T19:29:52.223Z"}
{"level":"info","event":"action","runId":"5b9fc58f-4ae0-47a4-b352-aa1c8da694eb","type":"fetch","rationale":"Inspect an already-known source before another generic query","step":4,"t":"2026-09-17T19:29:52.238Z"}
{"level":"info","event":"action","runId":"5b9fc58f-4ae0-47a4-b352-aa1c8da694eb","type":"fetch","rationale":"Inspect an already-known source before another generic query","step":5,"t":"2026-09-17T19:29:52.253Z"}
{"level":"info","event":"action","runId":"5b9fc58f-4ae0-47a4-b352-aa1c8da694eb","type":"verify","rationale":"Scope-check contradiction on compatibility before treating newest as correct","step":6,"t":"2026-09-17T19:29:52.268Z"}
{"level":"info","event":"action","runId":"5b9fc58f-4ae0-47a4-b352-aa1c8da694eb","type":"challenge","rationale":"Disconfirm material conclusion: Official compatibility documentation that lists the named version as supported.","step":7,"t":"2026-09-17T19:29:52.279Z"}
{"level":"info","event":"action","runId":"5b9fc58f-4ae0-47a4-b352-aa1c8da694eb","type":"challenge","rationale":"No counterexample found in accessed primary sources. This is not proof that the conclusion is true.","step":8,"t":"2026-09-17T19:29:52.299Z"}
{"level":"info","event":"action","runId":"5b9fc58f-4ae0-47a4-b352-aa1c8da694eb","type":"synthesize","rationale":"decision_critical_gaps_resolved_or_unresolvable; high-impact claims supported or qualified; contradictions handled; remaining actions low expected value","step":9,"t":"2026-09-17T19:29:52.315Z"}
{"level":"info","event":"action","runId":"dbe3fd93-458a-4492-97b7-ccf238786ad7","type":"search","rationale":"Investigate an uncovered required question","step":0,"t":"2026-09-17T19:29:52.822Z"}
{"level":"info","event":"action","runId":"dbe3fd93-458a-4492-97b7-ccf238786ad7","type":"search","rationale":"Decision-blocking gap: authoritative compatibility limitation. Switching source type to vendor-matrix.","step":1,"t":"2026-09-17T19:29:52.843Z"}
{"level":"info","event":"action","runId":"dbe3fd93-458a-4492-97b7-ccf238786ad7","type":"fetch","rationale":"Inspect the preferred source type (vendor-matrix) before more weak sources","step":2,"t":"2026-09-17T19:29:52.859Z"}
{"level":"info","event":"action","runId":"dbe3fd93-458a-4492-97b7-ccf238786ad7","type":"fetch","rationale":"Inspect an already-known source before another generic query","step":3,"t":"2026-09-17T19:29:52.874Z"}
{"level":"info","event":"action","runId":"dbe3fd93-458a-4492-97b7-ccf238786ad7","type":"fetch","rationale":"Inspect an already-known source before another generic query","step":4,"t":"2026-09-17T19:29:52.887Z"}
{"level":"info","event":"action","runId":"dbe3fd93-458a-4492-97b7-ccf238786ad7","type":"fetch","rationale":"Inspect an already-known source before another generic query","step":5,"t":"2026-09-17T19:29:52.905Z"}
{"level":"info","event":"action","runId":"dbe3fd93-458a-4492-97b7-ccf238786ad7","type":"verify","rationale":"Scope-check contradiction on compatibility before treating newest as correct","step":6,"t":"2026-09-17T19:29:52.921Z"}
{"level":"info","event":"action","runId":"dbe3fd93-458a-4492-97b7-ccf238786ad7","type":"challenge","rationale":"Disconfirm material conclusion: Official compatibility documentation that lists the named version as supported.","step":7,"t":"2026-09-17T19:29:52.935Z"}
{"level":"info","event":"action","runId":"dbe3fd93-458a-4492-97b7-ccf238786ad7","type":"challenge","rationale":"No counterexample found in accessed primary sources. This is not proof that the conclusion is true.","step":8,"t":"2026-09-17T19:29:52.951Z"}
{"level":"info","event":"action","runId":"dbe3fd93-458a-4492-97b7-ccf238786ad7","type":"synthesize","rationale":"decision_critical_gaps_resolved_or_unresolvable; high-impact claims supported or qualified; contradictions handled; remaining actions low expected value","step":9,"t":"2026-09-17T19:29:52.963Z"}
{"level":"info","event":"action","runId":"95dff6bb-8570-46ea-8b77-fa61c7810bf7","type":"search","rationale":"Investigate an uncovered required question","step":0,"t":"2026-09-17T19:29:53.467Z"}
{"level":"info","event":"action","runId":"95dff6bb-8570-46ea-8b77-fa61c7810bf7","type":"fetch","rationale":"Inspect an already-known source before another generic query","step":1,"t":"2026-09-17T19:29:53.489Z"}
{"level":"info","event":"action","runId":"95dff6bb-8570-46ea-8b77-fa61c7810bf7","type":"fetch","rationale":"Inspect an already-known source before another generic query","step":2,"t":"2026-09-17T19:29:53.504Z"}
{"level":"info","event":"action","runId":"95dff6bb-8570-46ea-8b77-fa61c7810bf7","type":"fetch","rationale":"Inspect an already-known source before another generic query","step":3,"t":"2026-09-17T19:29:53.518Z"}
{"level":"info","event":"action","runId":"95dff6bb-8570-46ea-8b77-fa61c7810bf7","type":"challenge","rationale":"Disconfirm material conclusion: A primary source that directly contradicts this conclusion.","step":4,"t":"2026-09-17T19:29:53.535Z"}
{"level":"info","event":"action","runId":"95dff6bb-8570-46ea-8b77-fa61c7810bf7","type":"challenge","rationale":"No counterexample found in accessed primary sources. This is not proof that the conclusion is true.","step":5,"t":"2026-09-17T19:29:53.549Z"}
{"level":"info","event":"action","runId":"95dff6bb-8570-46ea-8b77-fa61c7810bf7","type":"synthesize","rationale":"decision_critical_gaps_resolved_or_unresolvable; high-impact claims supported or qualified; contradictions handled; remaining actions low expected value","step":6,"t":"2026-09-17T19:29:53.559Z"}
{"level":"info","event":"action","runId":"756a8d89-3799-415e-8079-bd1c7307f259","type":"search","rationale":"Investigate an uncovered required question","step":0,"t":"2026-09-17T19:29:53.839Z"}
{"level":"info","event":"action","runId":"756a8d89-3799-415e-8079-bd1c7307f259","type":"fetch","rationale":"Inspect an already-known source before another generic query","step":1,"t":"2026-09-17T19:29:53.856Z"}
{"level":"info","event":"action","runId":"756a8d89-3799-415e-8079-bd1c7307f259","type":"fetch","rationale":"Inspect an already-known source before another generic query","step":2,"t":"2026-09-17T19:29:53.872Z"}
{"level":"info","event":"action","runId":"756a8d89-3799-415e-8079-bd1c7307f259","type":"fetch","rationale":"Inspect an already-known source before another generic query","step":3,"t":"2026-09-17T19:29:53.885Z"}
{"level":"info","event":"action","runId":"756a8d89-3799-415e-8079-bd1c7307f259","type":"challenge","rationale":"Disconfirm material conclusion: A hard-constraint violation for a candidate currently marked eligible.","step":4,"t":"2026-09-17T19:29:53.899Z"}
{"level":"info","event":"action","runId":"756a8d89-3799-415e-8079-bd1c7307f259","type":"challenge","rationale":"No counterexample found in accessed primary sources. This is not proof that the conclusion is true.","step":5,"t":"2026-09-17T19:29:53.914Z"}
{"level":"info","event":"action","runId":"756a8d89-3799-415e-8079-bd1c7307f259","type":"synthesize","rationale":"decision_critical_gaps_resolved_or_unresolvable; high-impact claims supported or qualified; contradictions handled; remaining actions low expected value","step":6,"t":"2026-09-17T19:29:53.926Z"}
{"level":"info","event":"action","runId":"a62341eb-e710-4db7-8720-2dddc70caa51","type":"search","rationale":"Investigate an uncovered required question","step":0,"t":"2026-09-17T19:29:54.445Z"}
{"level":"info","event":"action","runId":"a62341eb-e710-4db7-8720-2dddc70caa51","type":"fetch","rationale":"Inspect an already-known source before another generic query","step":1,"t":"2026-09-17T19:29:54.464Z"}
{"level":"info","event":"action","runId":"a62341eb-e710-4db7-8720-2dddc70caa51","type":"challenge","rationale":"Disconfirm material conclusion: A primary source that directly contradicts this conclusion.","step":2,"t":"2026-09-17T19:29:54.478Z"}
{"level":"info","event":"action","runId":"a62341eb-e710-4db7-8720-2dddc70caa51","type":"challenge","rationale":"No counterexample found in accessed primary sources. This is not proof that the conclusion is true.","step":3,"t":"2026-09-17T19:29:54.494Z"}
{"level":"info","event":"action","runId":"a62341eb-e710-4db7-8720-2dddc70caa51","type":"synthesize","rationale":"decision_critical_gaps_resolved_or_unresolvable; high-impact claims supported or qualified; contradictions handled; remaining actions low expected value","step":4,"t":"2026-09-17T19:29:54.505Z"}
{"level":"info","event":"action","runId":"e2a927aa-3421-4396-a546-df037c89feee","type":"search","rationale":"Investigate an uncovered required question","step":0,"t":"2026-09-17T19:29:54.770Z"}
{"level":"info","event":"action","runId":"e2a927aa-3421-4396-a546-df037c89feee","type":"fetch","rationale":"Inspect an already-known source before another generic query","step":1,"t":"2026-09-17T19:29:54.786Z"}
{"level":"info","event":"action","runId":"e2a927aa-3421-4396-a546-df037c89feee","type":"challenge","rationale":"Disconfirm material conclusion: A primary source that directly contradicts this conclusion.","step":2,"t":"2026-09-17T19:29:54.802Z"}
{"level":"info","event":"action","runId":"e2a927aa-3421-4396-a546-df037c89feee","type":"challenge","rationale":"No counterexample found in accessed primary sources. This is not proof that the conclusion is true.","step":3,"t":"2026-09-17T19:29:54.817Z"}
{"level":"info","event":"action","runId":"e2a927aa-3421-4396-a546-df037c89feee","type":"synthesize","rationale":"decision_critical_gaps_resolved_or_unresolvable; high-impact claims supported or qualified; contradictions handled; remaining actions low expected value","step":4,"t":"2026-09-17T19:29:54.828Z"}
{"level":"info","event":"action","runId":"4ff8b20f-134c-49e0-8b64-3c3eb8a25ae6","type":"search","rationale":"Investigate an uncovered required question","step":0,"t":"2026-09-17T19:29:55.295Z"}
{"level":"info","event":"action","runId":"4ff8b20f-134c-49e0-8b64-3c3eb8a25ae6","type":"fetch","rationale":"Inspect an already-known source before another generic query","step":1,"t":"2026-09-17T19:29:55.320Z"}
{"level":"info","event":"action","runId":"4ff8b20f-134c-49e0-8b64-3c3eb8a25ae6","type":"fetch","rationale":"Inspect an already-known source before another generic query","step":2,"t":"2026-09-17T19:29:55.336Z"}
{"level":"info","event":"action","runId":"4ff8b20f-134c-49e0-8b64-3c3eb8a25ae6","type":"fetch","rationale":"Inspect an already-known source before another generic query","step":3,"t":"2026-09-17T19:29:55.351Z"}
{"level":"info","event":"action","runId":"4ff8b20f-134c-49e0-8b64-3c3eb8a25ae6","type":"challenge","rationale":"Disconfirm material conclusion: A primary source that directly contradicts this conclusion.","step":4,"t":"2026-09-17T19:29:55.370Z"}
{"level":"info","event":"action","runId":"4ff8b20f-134c-49e0-8b64-3c3eb8a25ae6","type":"challenge","rationale":"No counterexample found in accessed primary sources. This is not proof that the conclusion is true.","step":5,"t":"2026-09-17T19:29:55.384Z"}
{"level":"info","event":"action","runId":"4ff8b20f-134c-49e0-8b64-3c3eb8a25ae6","type":"synthesize","rationale":"decision_critical_gaps_resolved_or_unresolvable; high-impact claims supported or qualified; contradictions handled; remaining actions low expected value","step":6,"t":"2026-09-17T19:29:55.397Z"}
{"level":"info","event":"action","runId":"e8c90463-b519-4a4b-9552-f9af005f1218","type":"search","rationale":"Investigate an uncovered required question","step":0,"t":"2026-09-17T19:29:55.668Z"}
{"level":"info","event":"action","runId":"e8c90463-b519-4a4b-9552-f9af005f1218","type":"fetch","rationale":"Inspect an already-known source before another generic query","step":1,"t":"2026-09-17T19:29:55.688Z"}
{"level":"info","event":"action","runId":"e8c90463-b519-4a4b-9552-f9af005f1218","type":"fetch","rationale":"Inspect an already-known source before another generic query","step":2,"t":"2026-09-17T19:29:55.703Z"}
{"level":"info","event":"action","runId":"e8c90463-b519-4a4b-9552-f9af005f1218","type":"fetch","rationale":"Inspect an already-known source before another generic query","step":3,"t":"2026-09-17T19:29:55.715Z"}
{"level":"info","event":"action","runId":"e8c90463-b519-4a4b-9552-f9af005f1218","type":"challenge","rationale":"Disconfirm material conclusion: A primary source that directly contradicts this conclusion.","step":4,"t":"2026-09-17T19:29:55.732Z"}
{"level":"info","event":"action","runId":"e8c90463-b519-4a4b-9552-f9af005f1218","type":"challenge","rationale":"Disconfirm material conclusion: A primary source that directly contradicts this conclusion.","step":5,"t":"2026-09-17T19:29:55.745Z"}
{"level":"info","event":"action","runId":"e8c90463-b519-4a4b-9552-f9af005f1218","type":"challenge","rationale":"Disconfirm material conclusion: A primary source that directly contradicts this conclusion.","step":6,"t":"2026-09-17T19:29:55.759Z"}
{"level":"info","event":"action","runId":"e8c90463-b519-4a4b-9552-f9af005f1218","type":"challenge","rationale":"Disconfirm material conclusion: A primary source that directly contradicts this conclusion.","step":7,"t":"2026-09-17T19:29:55.773Z"}
{"level":"info","event":"action","runId":"e8c90463-b519-4a4b-9552-f9af005f1218","type":"challenge","rationale":"Disconfirm material conclusion: A primary source that directly contradicts this conclusion.","step":8,"t":"2026-09-17T19:29:55.786Z"}
{"level":"info","event":"action","runId":"e8c90463-b519-4a4b-9552-f9af005f1218","type":"challenge","rationale":"Disconfirm material conclusion: A primary source that directly contradicts this conclusion.","step":9,"t":"2026-09-17T19:29:55.799Z"}
{"level":"info","event":"action","runId":"e8c90463-b519-4a4b-9552-f9af005f1218","type":"challenge","rationale":"Disconfirm material conclusion: A primary source that directly contradicts this conclusion.","step":10,"t":"2026-09-17T19:29:55.813Z"}
{"level":"info","event":"action","runId":"e8c90463-b519-4a4b-9552-f9af005f1218","type":"challenge","rationale":"No counterexample found in accessed primary sources. This is not proof that the conclusion is true.","step":11,"t":"2026-09-17T19:29:55.827Z"}
{"level":"info","event":"action","runId":"e8c90463-b519-4a4b-9552-f9af005f1218","type":"stop","rationale":"Repeated searches returned no novel source family or coverage progress","step":12,"t":"2026-09-17T19:29:55.837Z"}
{"level":"info","event":"action","runId":"62a38c39-7af3-4767-be73-635642425729","type":"search","rationale":"Investigate an uncovered required question","step":0,"t":"2026-09-17T19:29:56.320Z"}
{"level":"info","event":"action","runId":"62a38c39-7af3-4767-be73-635642425729","type":"fetch","rationale":"Inspect an already-known source before another generic query","step":1,"t":"2026-09-17T19:29:56.347Z"}
{"level":"info","event":"action","runId":"62a38c39-7af3-4767-be73-635642425729","type":"fetch","rationale":"Inspect an already-known source before another generic query","step":2,"t":"2026-09-17T19:29:56.363Z"}
{"level":"info","event":"action","runId":"62a38c39-7af3-4767-be73-635642425729","type":"fetch","rationale":"Inspect an already-known source before another generic query","step":3,"t":"2026-09-17T19:29:56.382Z"}
{"level":"info","event":"action","runId":"62a38c39-7af3-4767-be73-635642425729","type":"challenge","rationale":"Disconfirm material conclusion: A primary source that directly contradicts this conclusion.","step":4,"t":"2026-09-17T19:29:56.403Z"}
{"level":"info","event":"action","runId":"62a38c39-7af3-4767-be73-635642425729","type":"challenge","rationale":"No counterexample found in accessed primary sources. This is not proof that the conclusion is true.","step":5,"t":"2026-09-17T19:29:56.420Z"}
{"level":"info","event":"action","runId":"62a38c39-7af3-4767-be73-635642425729","type":"synthesize","rationale":"decision_critical_gaps_resolved_or_unresolvable; high-impact claims supported or qualified; contradictions handled; remaining actions low expected value","step":6,"t":"2026-09-17T19:29:56.433Z"}
{"level":"info","event":"action","runId":"58305b43-3a8b-455f-a96d-7d725215aa99","type":"search","rationale":"Investigate an uncovered required question","step":0,"t":"2026-09-17T19:29:56.699Z"}
{"level":"info","event":"action","runId":"58305b43-3a8b-455f-a96d-7d725215aa99","type":"fetch","rationale":"Inspect an already-known source before another generic query","step":1,"t":"2026-09-17T19:29:56.716Z"}
{"level":"info","event":"action","runId":"58305b43-3a8b-455f-a96d-7d725215aa99","type":"fetch","rationale":"Inspect an already-known source before another generic query","step":2,"t":"2026-09-17T19:29:56.730Z"}
{"level":"info","event":"action","runId":"58305b43-3a8b-455f-a96d-7d725215aa99","type":"fetch","rationale":"Inspect an already-known source before another generic query","step":3,"t":"2026-09-17T19:29:56.745Z"}
{"level":"info","event":"action","runId":"58305b43-3a8b-455f-a96d-7d725215aa99","type":"challenge","rationale":"Disconfirm material conclusion: A hard-constraint violation for a candidate currently marked eligible.","step":4,"t":"2026-09-17T19:29:56.759Z"}
{"level":"info","event":"action","runId":"58305b43-3a8b-455f-a96d-7d725215aa99","type":"challenge","rationale":"No counterexample found in accessed primary sources. This is not proof that the conclusion is true.","step":5,"t":"2026-09-17T19:29:56.773Z"}
{"level":"info","event":"action","runId":"58305b43-3a8b-455f-a96d-7d725215aa99","type":"synthesize","rationale":"decision_critical_gaps_resolved_or_unresolvable; high-impact claims supported or qualified; contradictions handled; remaining actions low expected value","step":6,"t":"2026-09-17T19:29:56.785Z"}
{"level":"info","event":"action","runId":"7f356cbe-a6c2-4296-8fdd-d507aa264a41","type":"search","rationale":"Investigate an uncovered required question","step":0,"t":"2026-09-17T19:29:57.040Z"}
{"level":"info","event":"action","runId":"7f356cbe-a6c2-4296-8fdd-d507aa264a41","type":"fetch","rationale":"Inspect an already-known source before another generic query","step":1,"t":"2026-09-17T19:29:57.060Z"}
{"level":"info","event":"action","runId":"7f356cbe-a6c2-4296-8fdd-d507aa264a41","type":"fetch","rationale":"Inspect an already-known source before another generic query","step":2,"t":"2026-09-17T19:29:57.074Z"}
{"level":"info","event":"action","runId":"7f356cbe-a6c2-4296-8fdd-d507aa264a41","type":"fetch","rationale":"Inspect an already-known source before another generic query","step":3,"t":"2026-09-17T19:29:57.088Z"}
{"level":"info","event":"action","runId":"7f356cbe-a6c2-4296-8fdd-d507aa264a41","type":"challenge","rationale":"Disconfirm material conclusion: A primary source that directly contradicts this conclusion.","step":4,"t":"2026-09-17T19:29:57.108Z"}
{"level":"info","event":"action","runId":"7f356cbe-a6c2-4296-8fdd-d507aa264a41","type":"challenge","rationale":"No counterexample found in accessed primary sources. This is not proof that the conclusion is true.","step":5,"t":"2026-09-17T19:29:57.122Z"}
{"level":"info","event":"action","runId":"7f356cbe-a6c2-4296-8fdd-d507aa264a41","type":"synthesize","rationale":"decision_critical_gaps_resolved_or_unresolvable; high-impact claims supported or qualified; contradictions handled; remaining actions low expected value","step":6,"t":"2026-09-17T19:29:57.134Z"}
{"level":"info","event":"action","runId":"57108ec7-921d-4f54-a2ea-2568eb4479b9","type":"search","rationale":"Investigate an uncovered required question","step":0,"t":"2026-09-17T19:29:57.392Z"}
{"level":"info","event":"action","runId":"57108ec7-921d-4f54-a2ea-2568eb4479b9","type":"fetch","rationale":"Inspect an already-known source before another generic query","step":1,"t":"2026-09-17T19:29:57.408Z"}
{"level":"info","event":"action","runId":"57108ec7-921d-4f54-a2ea-2568eb4479b9","type":"fetch","rationale":"Inspect an already-known source before another generic query","step":2,"t":"2026-09-17T19:29:57.421Z"}
{"level":"info","event":"action","runId":"57108ec7-921d-4f54-a2ea-2568eb4479b9","type":"fetch","rationale":"Inspect an already-known source before another generic query","step":3,"t":"2026-09-17T19:29:57.435Z"}
{"level":"info","event":"action","runId":"57108ec7-921d-4f54-a2ea-2568eb4479b9","type":"challenge","rationale":"Disconfirm material conclusion: A hard-constraint violation for a candidate currently marked eligible.","step":4,"t":"2026-09-17T19:29:57.448Z"}
{"level":"info","event":"action","runId":"57108ec7-921d-4f54-a2ea-2568eb4479b9","type":"challenge","rationale":"No counterexample found in accessed primary sources. This is not proof that the conclusion is true.","step":5,"t":"2026-09-17T19:29:57.463Z"}
{"level":"info","event":"action","runId":"57108ec7-921d-4f54-a2ea-2568eb4479b9","type":"synthesize","rationale":"decision_critical_gaps_resolved_or_unresolvable; high-impact claims supported or qualified; contradictions handled; remaining actions low expected value","step":6,"t":"2026-09-17T19:29:57.474Z"}
{"level":"info","event":"action","runId":"43b2a1d6-58c1-44a0-a0ee-1141efe8895f","type":"search","rationale":"Investigate an uncovered required question","step":0,"t":"2026-09-17T19:29:57.960Z"}
{"level":"info","event":"action","runId":"43b2a1d6-58c1-44a0-a0ee-1141efe8895f","type":"fetch","rationale":"Inspect an already-known source before another generic query","step":1,"t":"2026-09-17T19:29:57.983Z"}
{"level":"info","event":"action","runId":"43b2a1d6-58c1-44a0-a0ee-1141efe8895f","type":"fetch","rationale":"Inspect an already-known source before another generic query","step":2,"t":"2026-09-17T19:29:57.997Z"}
{"level":"info","event":"action","runId":"43b2a1d6-58c1-44a0-a0ee-1141efe8895f","type":"fetch","rationale":"Inspect an already-known source before another generic query","step":3,"t":"2026-09-17T19:29:58.012Z"}
{"level":"info","event":"action","runId":"43b2a1d6-58c1-44a0-a0ee-1141efe8895f","type":"challenge","rationale":"Disconfirm material conclusion: A primary source that directly contradicts this conclusion.","step":4,"t":"2026-09-17T19:29:58.029Z"}
{"level":"info","event":"action","runId":"43b2a1d6-58c1-44a0-a0ee-1141efe8895f","type":"challenge","rationale":"No counterexample found in accessed primary sources. This is not proof that the conclusion is true.","step":5,"t":"2026-09-17T19:29:58.042Z"}
{"level":"info","event":"action","runId":"43b2a1d6-58c1-44a0-a0ee-1141efe8895f","type":"synthesize","rationale":"decision_critical_gaps_resolved_or_unresolvable; high-impact claims supported or qualified; contradictions handled; remaining actions low expected value","step":6,"t":"2026-09-17T19:29:58.053Z"}
{"level":"info","event":"action","runId":"d169757b-1265-4244-96f8-4ef9f4fdf1fa","type":"search","rationale":"Investigate an uncovered required question","step":0,"t":"2026-09-17T19:29:58.315Z"}
{"level":"info","event":"action","runId":"d169757b-1265-4244-96f8-4ef9f4fdf1fa","type":"fetch","rationale":"Inspect an already-known source before another generic query","step":1,"t":"2026-09-17T19:29:58.330Z"}
{"level":"info","event":"action","runId":"d169757b-1265-4244-96f8-4ef9f4fdf1fa","type":"fetch","rationale":"Inspect an already-known source before another generic query","step":2,"t":"2026-09-17T19:29:58.343Z"}
{"level":"info","event":"action","runId":"d169757b-1265-4244-96f8-4ef9f4fdf1fa","type":"challenge","rationale":"Disconfirm material conclusion: A primary source that directly contradicts this conclusion.","step":3,"t":"2026-09-17T19:29:58.356Z"}
{"level":"info","event":"action","runId":"d169757b-1265-4244-96f8-4ef9f4fdf1fa","type":"challenge","rationale":"Disconfirm material conclusion: A primary source that directly contradicts this conclusion.","step":4,"t":"2026-09-17T19:29:58.372Z"}
{"level":"info","event":"action","runId":"d169757b-1265-4244-96f8-4ef9f4fdf1fa","type":"challenge","rationale":"Disconfirm material conclusion: A primary source that directly contradicts this conclusion.","step":5,"t":"2026-09-17T19:29:58.388Z"}
{"level":"info","event":"action","runId":"d169757b-1265-4244-96f8-4ef9f4fdf1fa","type":"challenge","rationale":"Disconfirm material conclusion: A primary source that directly contradicts this conclusion.","step":6,"t":"2026-09-17T19:29:58.403Z"}
{"level":"info","event":"action","runId":"d169757b-1265-4244-96f8-4ef9f4fdf1fa","type":"challenge","rationale":"Disconfirm material conclusion: A primary source that directly contradicts this conclusion.","step":7,"t":"2026-09-17T19:29:58.418Z"}
{"level":"info","event":"action","runId":"d169757b-1265-4244-96f8-4ef9f4fdf1fa","type":"challenge","rationale":"Disconfirm material conclusion: A primary source that directly contradicts this conclusion.","step":8,"t":"2026-09-17T19:29:58.436Z"}
{"level":"info","event":"action","runId":"d169757b-1265-4244-96f8-4ef9f4fdf1fa","type":"challenge","rationale":"Disconfirm material conclusion: A primary source that directly contradicts this conclusion.","step":9,"t":"2026-09-17T19:29:58.451Z"}
{"level":"info","event":"action","runId":"d169757b-1265-4244-96f8-4ef9f4fdf1fa","type":"challenge","rationale":"No counterexample found in accessed primary sources. This is not proof that the conclusion is true.","step":10,"t":"2026-09-17T19:29:58.467Z"}
{"level":"info","event":"action","runId":"d169757b-1265-4244-96f8-4ef9f4fdf1fa","type":"stop","rationale":"Repeated searches returned no novel source family or coverage progress","step":11,"t":"2026-09-17T19:29:58.478Z"}
{"level":"info","event":"action","runId":"e3fb922f-7faa-4ae6-8fa9-42c8a48e816e","type":"search","rationale":"Investigate an uncovered required question","step":0,"t":"2026-09-17T19:29:58.952Z"}
{"level":"info","event":"action","runId":"e3fb922f-7faa-4ae6-8fa9-42c8a48e816e","type":"fetch","rationale":"Inspect an already-known source before another generic query","step":1,"t":"2026-09-17T19:29:58.975Z"}
{"level":"info","event":"action","runId":"e3fb922f-7faa-4ae6-8fa9-42c8a48e816e","type":"fetch","rationale":"Inspect an already-known source before another generic query","step":2,"t":"2026-09-17T19:29:58.989Z"}
{"level":"info","event":"action","runId":"e3fb922f-7faa-4ae6-8fa9-42c8a48e816e","type":"fetch","rationale":"Inspect an already-known source before another generic query","step":3,"t":"2026-09-17T19:29:59.004Z"}
{"level":"info","event":"action","runId":"e3fb922f-7faa-4ae6-8fa9-42c8a48e816e","type":"challenge","rationale":"Disconfirm material conclusion: A primary source that directly contradicts this conclusion.","step":4,"t":"2026-09-17T19:29:59.021Z"}
{"level":"info","event":"action","runId":"e3fb922f-7faa-4ae6-8fa9-42c8a48e816e","type":"challenge","rationale":"No counterexample found in accessed primary sources. This is not proof that the conclusion is true.","step":5,"t":"2026-09-17T19:29:59.038Z"}
{"level":"info","event":"action","runId":"e3fb922f-7faa-4ae6-8fa9-42c8a48e816e","type":"synthesize","rationale":"decision_critical_gaps_resolved_or_unresolvable; high-impact claims supported or qualified; contradictions handled; remaining actions low expected value","step":6,"t":"2026-09-17T19:29:59.049Z"}
{"level":"info","event":"action","runId":"88979eee-6f8b-489e-90a5-8397c5f5f506","type":"search","rationale":"Investigate an uncovered required question","step":0,"t":"2026-09-17T19:29:59.534Z"}
{"level":"info","event":"action","runId":"88979eee-6f8b-489e-90a5-8397c5f5f506","type":"fetch","rationale":"Inspect an already-known source before another generic query","step":1,"t":"2026-09-17T19:29:59.554Z"}
{"level":"info","event":"action","runId":"88979eee-6f8b-489e-90a5-8397c5f5f506","type":"fetch","rationale":"Inspect an already-known source before another generic query","step":2,"t":"2026-09-17T19:29:59.569Z"}
{"level":"info","event":"action","runId":"88979eee-6f8b-489e-90a5-8397c5f5f506","type":"fetch","rationale":"Inspect an already-known source before another generic query","step":3,"t":"2026-09-17T19:29:59.582Z"}
{"level":"info","event":"action","runId":"88979eee-6f8b-489e-90a5-8397c5f5f506","type":"fetch","rationale":"Inspect an already-known source before another generic query","step":4,"t":"2026-09-17T19:29:59.594Z"}
{"level":"info","event":"action","runId":"88979eee-6f8b-489e-90a5-8397c5f5f506","type":"fetch","rationale":"Inspect an already-known source before another generic query","step":5,"t":"2026-09-17T19:29:59.608Z"}
{"level":"info","event":"action","runId":"88979eee-6f8b-489e-90a5-8397c5f5f506","type":"challenge","rationale":"Disconfirm material conclusion: A primary source that directly contradicts this conclusion.","step":6,"t":"2026-09-17T19:29:59.621Z"}
{"level":"info","event":"action","runId":"88979eee-6f8b-489e-90a5-8397c5f5f506","type":"challenge","rationale":"No counterexample found in accessed primary sources. This is not proof that the conclusion is true.","step":7,"t":"2026-09-17T19:29:59.636Z"}
{"level":"info","event":"action","runId":"88979eee-6f8b-489e-90a5-8397c5f5f506","type":"synthesize","rationale":"decision_critical_gaps_resolved_or_unresolvable; high-impact claims supported or qualified; contradictions handled; remaining actions low expected value","step":8,"t":"2026-09-17T19:29:59.647Z"}
{"level":"info","event":"action","runId":"da626a26-f939-4e06-9a37-67c843d5c7fd","type":"search","rationale":"Investigate an uncovered required question","step":0,"t":"2026-09-17T19:30:00.104Z"}
{"level":"info","event":"action","runId":"da626a26-f939-4e06-9a37-67c843d5c7fd","type":"fetch","rationale":"Inspect an already-known source before another generic query","step":1,"t":"2026-09-17T19:30:00.119Z"}
{"level":"info","event":"action","runId":"da626a26-f939-4e06-9a37-67c843d5c7fd","type":"challenge","rationale":"Disconfirm material conclusion: A primary source that directly contradicts this conclusion.","step":2,"t":"2026-09-17T19:30:00.135Z"}
{"level":"info","event":"action","runId":"da626a26-f939-4e06-9a37-67c843d5c7fd","type":"challenge","rationale":"No counterexample found in accessed primary sources. This is not proof that the conclusion is true.","step":3,"t":"2026-09-17T19:30:00.148Z"}
{"level":"info","event":"action","runId":"da626a26-f939-4e06-9a37-67c843d5c7fd","type":"synthesize","rationale":"decision_critical_gaps_resolved_or_unresolvable; high-impact claims supported or qualified; contradictions handled; remaining actions low expected value","step":4,"t":"2026-09-17T19:30:00.158Z"}
{"level":"info","event":"action","runId":"081283a9-ceb7-4f61-841b-183c28b2ba6b","type":"search","rationale":"Investigate an uncovered required question","step":0,"t":"2026-09-17T19:30:01.168Z"}
{"level":"info","event":"action","runId":"081283a9-ceb7-4f61-841b-183c28b2ba6b","type":"fetch","rationale":"Inspect an already-known source before another generic query","step":1,"t":"2026-09-17T19:30:01.199Z"}
{"level":"info","event":"action","runId":"081283a9-ceb7-4f61-841b-183c28b2ba6b","type":"fetch","rationale":"Inspect an already-known source before another generic query","step":2,"t":"2026-09-17T19:30:01.213Z"}
{"level":"info","event":"action","runId":"081283a9-ceb7-4f61-841b-183c28b2ba6b","type":"fetch","rationale":"Inspect an already-known source before another generic query","step":3,"t":"2026-09-17T19:30:01.227Z"}
{"level":"info","event":"action","runId":"081283a9-ceb7-4f61-841b-183c28b2ba6b","type":"fetch","rationale":"Inspect an already-known source before another generic query","step":4,"t":"2026-09-17T19:30:01.240Z"}
{"level":"info","event":"action","runId":"081283a9-ceb7-4f61-841b-183c28b2ba6b","type":"fetch","rationale":"Inspect an already-known source before another generic query","step":5,"t":"2026-09-17T19:30:01.255Z"}
{"level":"info","event":"action","runId":"081283a9-ceb7-4f61-841b-183c28b2ba6b","type":"challenge","rationale":"Disconfirm material conclusion: A primary source that directly contradicts this conclusion.","step":6,"t":"2026-09-17T19:30:01.268Z"}
{"level":"info","event":"action","runId":"081283a9-ceb7-4f61-841b-183c28b2ba6b","type":"challenge","rationale":"No counterexample found in accessed primary sources. This is not proof that the conclusion is true.","step":7,"t":"2026-09-17T19:30:01.285Z"}
{"level":"info","event":"action","runId":"081283a9-ceb7-4f61-841b-183c28b2ba6b","type":"synthesize","rationale":"decision_critical_gaps_resolved_or_unresolvable; high-impact claims supported or qualified; contradictions handled; remaining actions low expected value","step":8,"t":"2026-09-17T19:30:01.296Z"}
 ✓ test/launch-scope.integration.test.ts (19 tests) 13243ms
   ✓ launch-scope fixture/postgres cases > R02 asks a jurisdiction question when it would change the answer  364ms
   ✓ launch-scope fixture/postgres cases > R03 does not interview a clear comparison over style  697ms
   ✓ launch-scope fixture/postgres cases > R07 keeps a paywalled page snippet-only and does not claim a full read  581ms
   ✓ launch-scope fixture/postgres cases > R11 records a real price contradiction without averaging  597ms
   ✓ launch-scope fixture/postgres cases > R14 budget-limited outcome is not marked comprehensive  535ms
   ✓ launch-scope fixture/postgres cases > R22 preserves a reproducible annual cost calculation  624ms
   ✓ launch-scope fixture/postgres cases > V2-01 uses the compatibility matrix, not summary count  645ms
   ✓ launch-scope fixture/postgres cases > V2-02 / R08 switches source type after summary-family saturation  646ms
   ✓ launch-scope fixture/postgres cases > V2-04 relaxed budget discovers a previously omitted candidate  966ms
   ✓ launch-scope fixture/postgres cases > V2-05 recomputes a corrected numeric unit  864ms
   ✓ launch-scope fixture/postgres cases > V2-06 unknown dependency completeness forces a full rerun flag  1013ms
   ✓ launch-scope fixture/postgres cases > P2 selective budget reopen is not a full rerun; unknown-dependency correction is; both 120 EUR paths find Vendor C  1651ms
   ✓ launch-scope fixture/postgres cases > P2 a non-budget correction does not reopen candidate discovery or add Vendor C  1003ms
   ✓ launch-scope fixture/postgres cases > V2-18 distinguishes no eligible inspected option from universal absence  572ms
   ✓ launch-scope fixture/postgres cases > E07 denies another account's evidence id  582ms
   ✓ launch-scope fixture/postgres cases > S04 does not leave raw script markup in the canonical report  515ms
   ✓ launch-scope fixture/postgres cases > challenge and markdown export use the same stored report  655ms
{"level":"info","event":"action","runId":"23cdd032-5c6c-4531-9573-d75d9d29d8c8","type":"search","rationale":"Investigate an uncovered required question","step":0,"t":"2026-09-17T19:30:02.707Z"}
{"level":"info","event":"action","runId":"23cdd032-5c6c-4531-9573-d75d9d29d8c8","type":"fetch","rationale":"Inspect an already-known source before another generic query","step":1,"t":"2026-09-17T19:30:02.754Z"}
{"level":"info","event":"action","runId":"23cdd032-5c6c-4531-9573-d75d9d29d8c8","type":"fetch","rationale":"Inspect an already-known source before another generic query","step":2,"t":"2026-09-17T19:30:02.775Z"}
{"level":"info","event":"action","runId":"23cdd032-5c6c-4531-9573-d75d9d29d8c8","type":"fetch","rationale":"Inspect an already-known source before another generic query","step":3,"t":"2026-09-17T19:30:02.797Z"}
{"level":"info","event":"action","runId":"23cdd032-5c6c-4531-9573-d75d9d29d8c8","type":"challenge","rationale":"Disconfirm material conclusion: A primary source that directly contradicts this conclusion.","step":4,"t":"2026-09-17T19:30:02.824Z"}
{"level":"info","event":"action","runId":"23cdd032-5c6c-4531-9573-d75d9d29d8c8","type":"challenge","rationale":"No counterexample found in accessed primary sources. This is not proof that the conclusion is true.","step":5,"t":"2026-09-17T19:30:02.845Z"}
{"level":"info","event":"action","runId":"23cdd032-5c6c-4531-9573-d75d9d29d8c8","type":"synthesize","rationale":"decision_critical_gaps_resolved_or_unresolvable; high-impact claims supported or qualified; contradictions handled; remaining actions low expected value","step":6,"t":"2026-09-17T19:30:02.864Z"}
{"level":"info","event":"action","runId":"e89db71f-d197-45d4-8512-1e8240581d7e","type":"search","rationale":"Investigate an uncovered required question","step":0,"t":"2026-09-17T19:30:03.407Z"}
{"level":"info","event":"action","runId":"e89db71f-d197-45d4-8512-1e8240581d7e","type":"fetch","rationale":"Inspect an already-known source before another generic query","step":1,"t":"2026-09-17T19:30:03.431Z"}
{"level":"info","event":"action","runId":"e89db71f-d197-45d4-8512-1e8240581d7e","type":"challenge","rationale":"Disconfirm material conclusion: A current official catalog entry for the named product.","step":2,"t":"2026-09-17T19:30:03.448Z"}
{"level":"info","event":"action","runId":"e89db71f-d197-45d4-8512-1e8240581d7e","type":"challenge","rationale":"No counterexample found in accessed primary sources. This is not proof that the conclusion is true.","step":3,"t":"2026-09-17T19:30:03.466Z"}
{"level":"info","event":"action","runId":"e89db71f-d197-45d4-8512-1e8240581d7e","type":"synthesize","rationale":"decision_critical_gaps_resolved_or_unresolvable; high-impact claims supported or qualified; contradictions handled; remaining actions low expected value","step":4,"t":"2026-09-17T19:30:03.480Z"}
{"level":"info","event":"action","runId":"59fb1e08-1525-4436-985b-7fa11f5b5c83","type":"search","rationale":"Investigate an uncovered required question","step":0,"t":"2026-09-17T19:30:04.028Z"}
{"level":"info","event":"action","runId":"59fb1e08-1525-4436-985b-7fa11f5b5c83","type":"fetch","rationale":"Inspect an already-known source before another generic query","step":1,"t":"2026-09-17T19:30:04.071Z"}
{"level":"info","event":"action","runId":"59fb1e08-1525-4436-985b-7fa11f5b5c83","type":"fetch","rationale":"Inspect an already-known source before another generic query","step":2,"t":"2026-09-17T19:30:04.093Z"}
{"level":"info","event":"action","runId":"59fb1e08-1525-4436-985b-7fa11f5b5c83","type":"fetch","rationale":"Inspect an already-known source before another generic query","step":3,"t":"2026-09-17T19:30:04.110Z"}
{"level":"info","event":"action","runId":"59fb1e08-1525-4436-985b-7fa11f5b5c83","type":"fetch","rationale":"Inspect an already-known source before another generic query","step":4,"t":"2026-09-17T19:30:04.127Z"}
{"level":"info","event":"action","runId":"59fb1e08-1525-4436-985b-7fa11f5b5c83","type":"fetch","rationale":"Inspect an already-known source before another generic query","step":5,"t":"2026-09-17T19:30:04.145Z"}
{"level":"info","event":"action","runId":"59fb1e08-1525-4436-985b-7fa11f5b5c83","type":"challenge","rationale":"Disconfirm material conclusion: A primary source that directly contradicts this conclusion.","step":6,"t":"2026-09-17T19:30:04.163Z"}
{"level":"info","event":"action","runId":"59fb1e08-1525-4436-985b-7fa11f5b5c83","type":"challenge","rationale":"No counterexample found in accessed primary sources. This is not proof that the conclusion is true.","step":7,"t":"2026-09-17T19:30:04.183Z"}
{"level":"info","event":"action","runId":"59fb1e08-1525-4436-985b-7fa11f5b5c83","type":"synthesize","rationale":"decision_critical_gaps_resolved_or_unresolvable; high-impact claims supported or qualified; contradictions handled; remaining actions low expected value","step":8,"t":"2026-09-17T19:30:04.197Z"}
{"level":"info","event":"action","runId":"82a54283-5b9a-4eff-8922-51521856f793","type":"search","rationale":"Initial dataset excludes the user's stated population; pivot source type","step":0,"t":"2026-09-17T19:30:04.702Z"}
{"level":"info","event":"action","runId":"82a54283-5b9a-4eff-8922-51521856f793","type":"search","rationale":"Decision-blocking gap: population-specific evidence. Switching source type to population-specific.","step":1,"t":"2026-09-17T19:30:04.725Z"}
{"level":"info","event":"action","runId":"82a54283-5b9a-4eff-8922-51521856f793","type":"search","rationale":"Decision-blocking gap: population-specific evidence. Switching source type to population-specific.","step":2,"t":"2026-09-17T19:30:04.740Z"}
{"level":"info","event":"action","runId":"82a54283-5b9a-4eff-8922-51521856f793","type":"search","rationale":"Decision-blocking gap: population-specific evidence. Switching source type to population-specific.","step":3,"t":"2026-09-17T19:30:04.757Z"}
{"level":"info","event":"action","runId":"82a54283-5b9a-4eff-8922-51521856f793","type":"search","rationale":"Decision-blocking gap: population-specific evidence. Switching source type to population-specific.","step":4,"t":"2026-09-17T19:30:04.774Z"}
{"level":"info","event":"action","runId":"82a54283-5b9a-4eff-8922-51521856f793","type":"search","rationale":"Decision-blocking gap: population-specific evidence. Switching source type to population-specific.","step":5,"t":"2026-09-17T19:30:04.791Z"}
{"level":"info","event":"action","runId":"82a54283-5b9a-4eff-8922-51521856f793","type":"search","rationale":"Decision-blocking gap: population-specific evidence. Switching source type to population-specific.","step":6,"t":"2026-09-17T19:30:04.805Z"}
{"level":"info","event":"action","runId":"82a54283-5b9a-4eff-8922-51521856f793","type":"search","rationale":"Decision-blocking gap: population-specific evidence. Switching source type to population-specific.","step":7,"t":"2026-09-17T19:30:04.821Z"}
{"level":"info","event":"action","runId":"82a54283-5b9a-4eff-8922-51521856f793","type":"fetch","rationale":"Inspect an already-known source before another generic query","step":8,"t":"2026-09-17T19:30:04.837Z"}
{"level":"info","event":"action","runId":"82a54283-5b9a-4eff-8922-51521856f793","type":"fetch","rationale":"Inspect an already-known source before another generic query","step":9,"t":"2026-09-17T19:30:04.853Z"}
{"level":"info","event":"action","runId":"82a54283-5b9a-4eff-8922-51521856f793","type":"challenge","rationale":"No counterexample found in accessed primary sources. This is not proof that the conclusion is true.","step":10,"t":"2026-09-17T19:30:04.869Z"}
{"level":"info","event":"action","runId":"82a54283-5b9a-4eff-8922-51521856f793","type":"stop","rationale":"Repeated searches returned no novel source family or coverage progress","step":11,"t":"2026-09-17T19:30:04.885Z"}
{"level":"info","event":"action","runId":"41da620d-2d4e-4451-bbe5-e75eb4a264fb","type":"search","rationale":"Investigate an uncovered required question","step":0,"t":"2026-09-17T19:30:05.394Z"}
{"level":"info","event":"action","runId":"41da620d-2d4e-4451-bbe5-e75eb4a264fb","type":"fetch","rationale":"Inspect an already-known source before another generic query","step":1,"t":"2026-09-17T19:30:05.412Z"}
{"level":"info","event":"action","runId":"41da620d-2d4e-4451-bbe5-e75eb4a264fb","type":"challenge","rationale":"Disconfirm material conclusion: A primary source that directly contradicts this conclusion.","step":2,"t":"2026-09-17T19:30:05.428Z"}
{"level":"info","event":"action","runId":"41da620d-2d4e-4451-bbe5-e75eb4a264fb","type":"challenge","rationale":"No counterexample found in accessed primary sources. This is not proof that the conclusion is true.","step":3,"t":"2026-09-17T19:30:05.443Z"}
{"level":"info","event":"action","runId":"41da620d-2d4e-4451-bbe5-e75eb4a264fb","type":"synthesize","rationale":"decision_critical_gaps_resolved_or_unresolvable; high-impact claims supported or qualified; contradictions handled; remaining actions low expected value","step":4,"t":"2026-09-17T19:30:05.457Z"}
{"level":"info","event":"action","runId":"e01412f2-7ec7-4623-88bd-9db16655d2a2","type":"search","rationale":"Investigate an uncovered required question","step":0,"t":"2026-09-17T19:30:05.927Z"}
{"level":"info","event":"action","runId":"e01412f2-7ec7-4623-88bd-9db16655d2a2","type":"fetch","rationale":"Inspect an already-known source before another generic query","step":1,"t":"2026-09-17T19:30:05.953Z"}
{"level":"info","event":"action","runId":"e01412f2-7ec7-4623-88bd-9db16655d2a2","type":"fetch","rationale":"Inspect an already-known source before another generic query","step":2,"t":"2026-09-17T19:30:05.968Z"}
{"level":"info","event":"action","runId":"e01412f2-7ec7-4623-88bd-9db16655d2a2","type":"fetch","rationale":"Inspect an already-known source before another generic query","step":3,"t":"2026-09-17T19:30:05.984Z"}
{"level":"info","event":"action","runId":"e01412f2-7ec7-4623-88bd-9db16655d2a2","type":"challenge","rationale":"Disconfirm material conclusion: A primary source that directly contradicts this conclusion.","step":4,"t":"2026-09-17T19:30:06.002Z"}
{"level":"info","event":"action","runId":"e01412f2-7ec7-4623-88bd-9db16655d2a2","type":"challenge","rationale":"No counterexample found in accessed primary sources. This is not proof that the conclusion is true.","step":5,"t":"2026-09-17T19:30:06.017Z"}
{"level":"info","event":"action","runId":"e01412f2-7ec7-4623-88bd-9db16655d2a2","type":"synthesize","rationale":"decision_critical_gaps_resolved_or_unresolvable; high-impact claims supported or qualified; contradictions handled; remaining actions low expected value","step":6,"t":"2026-09-17T19:30:06.030Z"}
{"level":"info","event":"action","runId":"e8667fde-5ba4-4dfe-a91e-f118a9bb2564","type":"search","rationale":"Investigate an uncovered required question","step":0,"t":"2026-09-17T19:30:06.534Z"}
{"level":"info","event":"action","runId":"e8667fde-5ba4-4dfe-a91e-f118a9bb2564","type":"fetch","rationale":"Inspect an already-known source before another generic query","step":1,"t":"2026-09-17T19:30:06.560Z"}
{"level":"info","event":"action","runId":"e8667fde-5ba4-4dfe-a91e-f118a9bb2564","type":"fetch","rationale":"Inspect an already-known source before another generic query","step":2,"t":"2026-09-17T19:30:06.574Z"}
{"level":"info","event":"action","runId":"e8667fde-5ba4-4dfe-a91e-f118a9bb2564","type":"fetch","rationale":"Inspect an already-known source before another generic query","step":3,"t":"2026-09-17T19:30:06.590Z"}
{"level":"info","event":"action","runId":"e8667fde-5ba4-4dfe-a91e-f118a9bb2564","type":"fetch","rationale":"Inspect an already-known source before another generic query","step":4,"t":"2026-09-17T19:30:06.606Z"}
{"level":"info","event":"action","runId":"e8667fde-5ba4-4dfe-a91e-f118a9bb2564","type":"fetch","rationale":"Inspect an already-known source before another generic query","step":5,"t":"2026-09-17T19:30:06.621Z"}
{"level":"info","event":"action","runId":"e8667fde-5ba4-4dfe-a91e-f118a9bb2564","type":"challenge","rationale":"Disconfirm material conclusion: A primary source that directly contradicts this conclusion.","step":6,"t":"2026-09-17T19:30:06.635Z"}
{"level":"info","event":"action","runId":"e8667fde-5ba4-4dfe-a91e-f118a9bb2564","type":"challenge","rationale":"No counterexample found in accessed primary sources. This is not proof that the conclusion is true.","step":7,"t":"2026-09-17T19:30:06.651Z"}
{"level":"info","event":"action","runId":"e8667fde-5ba4-4dfe-a91e-f118a9bb2564","type":"synthesize","rationale":"decision_critical_gaps_resolved_or_unresolvable; high-impact claims supported or qualified; contradictions handled; remaining actions low expected value","step":8,"t":"2026-09-17T19:30:06.662Z"}
{"level":"info","event":"action","runId":"aa896e2b-9ee5-4a46-a6e7-16977aefb8e5","type":"search","rationale":"Investigate an uncovered required question","step":0,"t":"2026-09-17T19:30:07.408Z"}
{"level":"info","event":"action","runId":"aa896e2b-9ee5-4a46-a6e7-16977aefb8e5","type":"fetch","rationale":"Inspect an already-known source before another generic query","step":0,"t":"2026-09-17T19:30:07.440Z"}
{"level":"info","event":"action","runId":"aa896e2b-9ee5-4a46-a6e7-16977aefb8e5","type":"fetch","rationale":"Inspect an already-known source before another generic query","step":1,"t":"2026-09-17T19:30:07.455Z"}
{"level":"info","event":"action","runId":"aa896e2b-9ee5-4a46-a6e7-16977aefb8e5","type":"fetch","rationale":"Inspect an already-known source before another generic query","step":2,"t":"2026-09-17T19:30:07.469Z"}
{"level":"info","event":"action","runId":"aa896e2b-9ee5-4a46-a6e7-16977aefb8e5","type":"challenge","rationale":"Disconfirm material conclusion: A primary source that directly contradicts this conclusion.","step":3,"t":"2026-09-17T19:30:07.489Z"}
{"level":"info","event":"action","runId":"aa896e2b-9ee5-4a46-a6e7-16977aefb8e5","type":"challenge","rationale":"No counterexample found in accessed primary sources. This is not proof that the conclusion is true.","step":4,"t":"2026-09-17T19:30:07.504Z"}
{"level":"info","event":"action","runId":"aa896e2b-9ee5-4a46-a6e7-16977aefb8e5","type":"synthesize","rationale":"decision_critical_gaps_resolved_or_unresolvable; high-impact claims supported or qualified; contradictions handled; remaining actions low expected value","step":5,"t":"2026-09-17T19:30:07.517Z"}
{"level":"info","event":"action","runId":"0514ff33-4ddb-4679-a644-cfa3b90c5c40","type":"search","rationale":"Investigate an uncovered required question","step":0,"t":"2026-09-17T19:30:08.034Z"}
{"level":"info","event":"action","runId":"0514ff33-4ddb-4679-a644-cfa3b90c5c40","type":"fetch","rationale":"Inspect an already-known source before another generic query","step":1,"t":"2026-09-17T19:30:08.057Z"}
{"level":"info","event":"action","runId":"0514ff33-4ddb-4679-a644-cfa3b90c5c40","type":"fetch","rationale":"Inspect an already-known source before another generic query","step":2,"t":"2026-09-17T19:30:08.072Z"}
{"level":"info","event":"action","runId":"0514ff33-4ddb-4679-a644-cfa3b90c5c40","type":"fetch","rationale":"Inspect an already-known source before another generic query","step":3,"t":"2026-09-17T19:30:08.085Z"}
{"level":"info","event":"action","runId":"0514ff33-4ddb-4679-a644-cfa3b90c5c40","type":"challenge","rationale":"Disconfirm material conclusion: A primary source that directly contradicts this conclusion.","step":4,"t":"2026-09-17T19:30:08.103Z"}
{"level":"info","event":"action","runId":"0514ff33-4ddb-4679-a644-cfa3b90c5c40","type":"challenge","rationale":"No counterexample found in accessed primary sources. This is not proof that the conclusion is true.","step":5,"t":"2026-09-17T19:30:08.116Z"}
{"level":"info","event":"action","runId":"0514ff33-4ddb-4679-a644-cfa3b90c5c40","type":"synthesize","rationale":"decision_critical_gaps_resolved_or_unresolvable; high-impact claims supported or qualified; contradictions handled; remaining actions low expected value","step":6,"t":"2026-09-17T19:30:08.127Z"}
{"level":"info","event":"action","runId":"45d9459f-a391-409a-ae56-712b1ee2d5c2","type":"search","rationale":"Investigate an uncovered required question","step":0,"t":"2026-09-17T19:30:08.414Z"}
{"level":"info","event":"action","runId":"45d9459f-a391-409a-ae56-712b1ee2d5c2","type":"stop","rationale":"action type reveal_keys is not a permitted research action","step":1,"t":"2026-09-17T19:30:08.433Z"}
{"level":"info","event":"action","runId":"14b19aeb-9aad-4e76-acc5-46e752ff4e8b","type":"search","rationale":"Investigate an uncovered required question","step":0,"t":"2026-09-17T19:30:08.916Z"}
{"level":"info","event":"action","runId":"14b19aeb-9aad-4e76-acc5-46e752ff4e8b","type":"fetch","rationale":"Inspect an already-known source before another generic query","step":1,"t":"2026-09-17T19:30:08.942Z"}
{"level":"info","event":"action","runId":"14b19aeb-9aad-4e76-acc5-46e752ff4e8b","type":"fetch","rationale":"Inspect an already-known source before another generic query","step":2,"t":"2026-09-17T19:30:08.959Z"}
{"level":"info","event":"action","runId":"14b19aeb-9aad-4e76-acc5-46e752ff4e8b","type":"fetch","rationale":"Inspect an already-known source before another generic query","step":3,"t":"2026-09-17T19:30:08.975Z"}
{"level":"info","event":"action","runId":"14b19aeb-9aad-4e76-acc5-46e752ff4e8b","type":"challenge","rationale":"Disconfirm material conclusion: A primary source that directly contradicts this conclusion.","step":4,"t":"2026-09-17T19:30:08.991Z"}
{"level":"info","event":"action","runId":"14b19aeb-9aad-4e76-acc5-46e752ff4e8b","type":"challenge","rationale":"No counterexample found in accessed primary sources. This is not proof that the conclusion is true.","step":5,"t":"2026-09-17T19:30:09.005Z"}
{"level":"info","event":"action","runId":"14b19aeb-9aad-4e76-acc5-46e752ff4e8b","type":"synthesize","rationale":"decision_critical_gaps_resolved_or_unresolvable; high-impact claims supported or qualified; contradictions handled; remaining actions low expected value","step":6,"t":"2026-09-17T19:30:09.018Z"}
{"level":"info","event":"action","runId":"cdae43e5-eaf2-49f7-bb39-747c5e1d3db6","type":"search","rationale":"Investigate an uncovered required question","step":0,"t":"2026-09-17T19:30:09.328Z"}
{"level":"info","event":"action","runId":"cdae43e5-eaf2-49f7-bb39-747c5e1d3db6","type":"fetch","rationale":"Inspect an already-known source before another generic query","step":1,"t":"2026-09-17T19:30:09.353Z"}
{"level":"info","event":"action","runId":"cdae43e5-eaf2-49f7-bb39-747c5e1d3db6","type":"fetch","rationale":"Inspect an already-known source before another generic query","step":2,"t":"2026-09-17T19:30:09.367Z"}
{"level":"info","event":"action","runId":"cdae43e5-eaf2-49f7-bb39-747c5e1d3db6","type":"fetch","rationale":"Inspect an already-known source before another generic query","step":3,"t":"2026-09-17T19:30:09.382Z"}
{"level":"info","event":"action","runId":"cdae43e5-eaf2-49f7-bb39-747c5e1d3db6","type":"challenge","rationale":"Disconfirm material conclusion: A primary source that directly contradicts this conclusion.","step":4,"t":"2026-09-17T19:30:09.401Z"}
{"level":"info","event":"action","runId":"cdae43e5-eaf2-49f7-bb39-747c5e1d3db6","type":"challenge","rationale":"No counterexample found in accessed primary sources. This is not proof that the conclusion is true.","step":5,"t":"2026-09-17T19:30:09.414Z"}
{"level":"info","event":"action","runId":"cdae43e5-eaf2-49f7-bb39-747c5e1d3db6","type":"synthesize","rationale":"decision_critical_gaps_resolved_or_unresolvable; high-impact claims supported or qualified; contradictions handled; remaining actions low expected value","step":6,"t":"2026-09-17T19:30:09.425Z"}
{"level":"info","event":"action","runId":"35bdb318-f5fe-4954-8cab-b3134cb5033b","type":"search","rationale":"Investigate an uncovered required question","step":0,"t":"2026-09-17T19:30:09.707Z"}
{"level":"info","event":"action","runId":"35bdb318-f5fe-4954-8cab-b3134cb5033b","type":"fetch","rationale":"Inspect an already-known source before another generic query","step":1,"t":"2026-09-17T19:30:09.730Z"}
{"level":"info","event":"action","runId":"35bdb318-f5fe-4954-8cab-b3134cb5033b","type":"fetch","rationale":"Inspect an already-known source before another generic query","step":2,"t":"2026-09-17T19:30:09.743Z"}
{"level":"info","event":"action","runId":"35bdb318-f5fe-4954-8cab-b3134cb5033b","type":"fetch","rationale":"Inspect an already-known source before another generic query","step":3,"t":"2026-09-17T19:30:09.758Z"}
{"level":"info","event":"action","runId":"35bdb318-f5fe-4954-8cab-b3134cb5033b","type":"challenge","rationale":"Disconfirm material conclusion: A primary source that directly contradicts this conclusion.","step":4,"t":"2026-09-17T19:30:09.775Z"}
{"level":"info","event":"action","runId":"35bdb318-f5fe-4954-8cab-b3134cb5033b","type":"challenge","rationale":"No counterexample found in accessed primary sources. This is not proof that the conclusion is true.","step":5,"t":"2026-09-17T19:30:09.792Z"}
{"level":"info","event":"action","runId":"35bdb318-f5fe-4954-8cab-b3134cb5033b","type":"synthesize","rationale":"decision_critical_gaps_resolved_or_unresolvable; high-impact claims supported or qualified; contradictions handled; remaining actions low expected value","step":6,"t":"2026-09-17T19:30:09.803Z"}
{"level":"info","event":"action","runId":"49c02b7d-b99a-4155-9606-13654c3d7029","type":"search","rationale":"Investigate an uncovered required question","step":0,"t":"2026-09-17T19:30:10.072Z"}
{"level":"info","event":"action","runId":"49c02b7d-b99a-4155-9606-13654c3d7029","type":"fetch","rationale":"Inspect an already-known source before another generic query","step":1,"t":"2026-09-17T19:30:10.090Z"}
{"level":"info","event":"action","runId":"49c02b7d-b99a-4155-9606-13654c3d7029","type":"fetch","rationale":"Inspect an already-known source before another generic query","step":2,"t":"2026-09-17T19:30:10.104Z"}
{"level":"info","event":"action","runId":"49c02b7d-b99a-4155-9606-13654c3d7029","type":"fetch","rationale":"Inspect an already-known source before another generic query","step":3,"t":"2026-09-17T19:30:10.118Z"}
{"level":"info","event":"action","runId":"49c02b7d-b99a-4155-9606-13654c3d7029","type":"challenge","rationale":"Disconfirm material conclusion: A hard-constraint violation for a candidate currently marked eligible.","step":4,"t":"2026-09-17T19:30:10.132Z"}
{"level":"info","event":"action","runId":"49c02b7d-b99a-4155-9606-13654c3d7029","type":"challenge","rationale":"No counterexample found in accessed primary sources. This is not proof that the conclusion is true.","step":5,"t":"2026-09-17T19:30:10.148Z"}
{"level":"info","event":"action","runId":"49c02b7d-b99a-4155-9606-13654c3d7029","type":"synthesize","rationale":"decision_critical_gaps_resolved_or_unresolvable; high-impact claims supported or qualified; contradictions handled; remaining actions low expected value","step":6,"t":"2026-09-17T19:30:10.161Z"}
{"level":"info","event":"action","runId":"92c8ea8c-cc74-44fd-be0f-06b62048e733","type":"challenge","rationale":"Disconfirm material conclusion: A primary source that directly contradicts this conclusion.","step":0,"t":"2026-09-17T19:30:10.673Z"}
{"level":"info","event":"action","runId":"92c8ea8c-cc74-44fd-be0f-06b62048e733","type":"fetch","rationale":"Inspect an already-known source before another generic query","step":1,"t":"2026-09-17T19:30:10.697Z"}
{"level":"info","event":"action","runId":"92c8ea8c-cc74-44fd-be0f-06b62048e733","type":"fetch","rationale":"Inspect an already-known source before another generic query","step":2,"t":"2026-09-17T19:30:10.712Z"}
{"level":"info","event":"action","runId":"92c8ea8c-cc74-44fd-be0f-06b62048e733","type":"fetch","rationale":"Inspect an already-known source before another generic query","step":3,"t":"2026-09-17T19:30:10.729Z"}
{"level":"info","event":"action","runId":"92c8ea8c-cc74-44fd-be0f-06b62048e733","type":"challenge","rationale":"No counterexample found in accessed primary sources. This is not proof that the conclusion is true.","step":4,"t":"2026-09-17T19:30:10.752Z"}
{"level":"info","event":"action","runId":"92c8ea8c-cc74-44fd-be0f-06b62048e733","type":"synthesize","rationale":"decision_critical_gaps_resolved_or_unresolvable; high-impact claims supported or qualified; contradictions handled; remaining actions low expected value","step":5,"t":"2026-09-17T19:30:10.766Z"}
{"level":"info","event":"action","runId":"a76f4fdc-45da-49af-81ba-7017385899da","type":"search","rationale":"Investigate an uncovered required question","step":0,"t":"2026-09-17T19:30:11.274Z"}
{"level":"info","event":"action","runId":"a76f4fdc-45da-49af-81ba-7017385899da","type":"fetch","rationale":"Inspect an already-known source before another generic query","step":1,"t":"2026-09-17T19:30:11.297Z"}
{"level":"info","event":"action","runId":"a76f4fdc-45da-49af-81ba-7017385899da","type":"fetch","rationale":"Inspect an already-known source before another generic query","step":2,"t":"2026-09-17T19:30:11.312Z"}
{"level":"info","event":"action","runId":"a76f4fdc-45da-49af-81ba-7017385899da","type":"fetch","rationale":"Inspect an already-known source before another generic query","step":3,"t":"2026-09-17T19:30:11.327Z"}
{"level":"info","event":"action","runId":"a76f4fdc-45da-49af-81ba-7017385899da","type":"fetch","rationale":"Inspect an already-known source before another generic query","step":4,"t":"2026-09-17T19:30:11.342Z"}
{"level":"info","event":"action","runId":"a76f4fdc-45da-49af-81ba-7017385899da","type":"fetch","rationale":"Inspect an already-known source before another generic query","step":5,"t":"2026-09-17T19:30:11.355Z"}
{"level":"info","event":"action","runId":"a76f4fdc-45da-49af-81ba-7017385899da","type":"challenge","rationale":"Disconfirm material conclusion: A primary source that directly contradicts this conclusion.","step":6,"t":"2026-09-17T19:30:11.370Z"}
{"level":"info","event":"action","runId":"a76f4fdc-45da-49af-81ba-7017385899da","type":"challenge","rationale":"No counterexample found in accessed primary sources. This is not proof that the conclusion is true.","step":7,"t":"2026-09-17T19:30:11.384Z"}
{"level":"info","event":"action","runId":"a76f4fdc-45da-49af-81ba-7017385899da","type":"synthesize","rationale":"decision_critical_gaps_resolved_or_unresolvable; high-impact claims supported or qualified; contradictions handled; remaining actions low expected value","step":8,"t":"2026-09-17T19:30:11.396Z"}
 ✓ test/p0-smoke.integration.test.ts (16 tests) 9500ms
   ✓ P0 smoke against shipped API/worker/postgres > R01 already-known constraint is stored and not re-asked  806ms
   ✓ P0 smoke against shipped API/worker/postgres > R04 false premise is reported and not invented  573ms
   ✓ P0 smoke against shipped API/worker/postgres > R05 source duplication clusters five reprints as one origin  709ms
   ✓ P0 smoke against shipped API/worker/postgres > R09 justified pivot opens a population-relevant source  689ms
   ✓ P0 smoke against shipped API/worker/postgres > R13 diminishing returns stops instead of exhausting a quota  554ms
   ✓ P0 smoke against shipped API/worker/postgres > E01 unknown citation ID blocks publication  596ms
   ✓ P0 smoke against shipped API/worker/postgres > E02 non-supporting citation is flagged  623ms
   ✓ P0 smoke against shipped API/worker/postgres > J03 crash after fetch recovers evidence without double settlement  620ms
   ✓ P0 smoke against shipped API/worker/postgres > J05 / V2-07 cancel during writing rejects late publication  382ms
   ✓ P0 smoke against shipped API/worker/postgres > S01 prompt injection cannot authorize tools or reveal keys  502ms
   ✓ P0 smoke against shipped API/worker/postgres > S09 deletion during run purges derived text and blocks resurrection  417ms
   ✓ P0 smoke against shipped API/worker/postgres > V2-08 stale worker lease cannot publish  379ms
   ✓ P0 smoke against shipped API/worker/postgres > correction reopens discovery when a hard budget constraint is relaxed  943ms
   ✓ P0 smoke against shipped API/worker/postgres > S05 private attachment canary is not copied into a public search query  619ms
   ✓ P0 smoke against shipped API/worker/postgres > GET events and report citations resolve to stored evidence IDs  611ms
{"level":"info","event":"action","runId":"00f81574-39e3-4ace-b30b-5fbcd06119c4","type":"search","rationale":"Investigate an uncovered required question","step":0,"t":"2026-09-17T19:30:12.781Z"}
{"level":"info","event":"action","runId":"00f81574-39e3-4ace-b30b-5fbcd06119c4","type":"fetch","rationale":"Inspect an already-known source before another generic query","step":1,"t":"2026-09-17T19:30:12.822Z"}
{"level":"info","event":"action","runId":"00f81574-39e3-4ace-b30b-5fbcd06119c4","type":"fetch","rationale":"Inspect an already-known source before another generic query","step":2,"t":"2026-09-17T19:30:12.844Z"}
{"level":"info","event":"action","runId":"00f81574-39e3-4ace-b30b-5fbcd06119c4","type":"fetch","rationale":"Inspect an already-known source before another generic query","step":3,"t":"2026-09-17T19:30:12.862Z"}
{"level":"info","event":"action","runId":"00f81574-39e3-4ace-b30b-5fbcd06119c4","type":"fetch","rationale":"Inspect an already-known source before another generic query","step":4,"t":"2026-09-17T19:30:12.882Z"}
{"level":"info","event":"action","runId":"00f81574-39e3-4ace-b30b-5fbcd06119c4","type":"fetch","rationale":"Inspect an already-known source before another generic query","step":5,"t":"2026-09-17T19:30:12.907Z"}
{"level":"info","event":"action","runId":"00f81574-39e3-4ace-b30b-5fbcd06119c4","type":"challenge","rationale":"Disconfirm material conclusion: A primary source that directly contradicts this conclusion.","step":6,"t":"2026-09-17T19:30:12.930Z"}
{"level":"info","event":"action","runId":"00f81574-39e3-4ace-b30b-5fbcd06119c4","type":"challenge","rationale":"No counterexample found in accessed primary sources. This is not proof that the conclusion is true.","step":7,"t":"2026-09-17T19:30:12.957Z"}
{"level":"info","event":"action","runId":"00f81574-39e3-4ace-b30b-5fbcd06119c4","type":"synthesize","rationale":"decision_critical_gaps_resolved_or_unresolvable; high-impact claims supported or qualified; contradictions handled; remaining actions low expected value","step":8,"t":"2026-09-17T19:30:12.975Z"}
{"level":"info","event":"action","runId":"d015b579-f173-4fae-9e11-46a1d4842be2","type":"challenge","rationale":"Disconfirm material conclusion: A primary source that directly contradicts this conclusion.","step":0,"t":"2026-09-17T19:30:13.539Z"}
{"level":"info","event":"action","runId":"d015b579-f173-4fae-9e11-46a1d4842be2","type":"fetch","rationale":"Inspect an already-known source before another generic query","step":1,"t":"2026-09-17T19:30:13.570Z"}
{"level":"info","event":"action","runId":"d015b579-f173-4fae-9e11-46a1d4842be2","type":"fetch","rationale":"Inspect an already-known source before another generic query","step":2,"t":"2026-09-17T19:30:13.589Z"}
{"level":"info","event":"action","runId":"d015b579-f173-4fae-9e11-46a1d4842be2","type":"fetch","rationale":"Inspect an already-known source before another generic query","step":3,"t":"2026-09-17T19:30:13.610Z"}
{"level":"info","event":"action","runId":"d015b579-f173-4fae-9e11-46a1d4842be2","type":"challenge","rationale":"No counterexample found in accessed primary sources. This is not proof that the conclusion is true.","step":4,"t":"2026-09-17T19:30:13.633Z"}
{"level":"info","event":"action","runId":"d015b579-f173-4fae-9e11-46a1d4842be2","type":"synthesize","rationale":"decision_critical_gaps_resolved_or_unresolvable; high-impact claims supported or qualified; contradictions handled; remaining actions low expected value","step":5,"t":"2026-09-17T19:30:13.648Z"}
{"level":"info","event":"action","runId":"edf3be90-f92a-49f0-9659-27d07cff9b0a","type":"search","rationale":"Investigate an uncovered required question","step":0,"t":"2026-09-17T19:30:14.191Z"}
{"level":"info","event":"action","runId":"edf3be90-f92a-49f0-9659-27d07cff9b0a","type":"fetch","rationale":"Inspect an already-known source before another generic query","step":1,"t":"2026-09-17T19:30:14.222Z"}
{"level":"info","event":"action","runId":"edf3be90-f92a-49f0-9659-27d07cff9b0a","type":"fetch","rationale":"Inspect an already-known source before another generic query","step":2,"t":"2026-09-17T19:30:14.240Z"}
{"level":"info","event":"action","runId":"edf3be90-f92a-49f0-9659-27d07cff9b0a","type":"fetch","rationale":"Inspect an already-known source before another generic query","step":3,"t":"2026-09-17T19:30:14.256Z"}
{"level":"info","event":"action","runId":"edf3be90-f92a-49f0-9659-27d07cff9b0a","type":"challenge","rationale":"Disconfirm material conclusion: A primary source that directly contradicts this conclusion.","step":4,"t":"2026-09-17T19:30:14.277Z"}
{"level":"info","event":"action","runId":"edf3be90-f92a-49f0-9659-27d07cff9b0a","type":"challenge","rationale":"No counterexample found in accessed primary sources. This is not proof that the conclusion is true.","step":5,"t":"2026-09-17T19:30:14.294Z"}
{"level":"info","event":"action","runId":"edf3be90-f92a-49f0-9659-27d07cff9b0a","type":"synthesize","rationale":"decision_critical_gaps_resolved_or_unresolvable; high-impact claims supported or qualified; contradictions handled; remaining actions low expected value","step":6,"t":"2026-09-17T19:30:14.308Z"}
{"level":"info","event":"action","runId":"a16d1740-2ba4-46d9-a35d-defb3eb813c6","type":"challenge","rationale":"Disconfirm material conclusion: A primary source that directly contradicts this conclusion.","step":0,"t":"2026-09-17T19:30:14.628Z"}
{"level":"info","event":"action","runId":"a16d1740-2ba4-46d9-a35d-defb3eb813c6","type":"fetch","rationale":"Inspect an already-known source before another generic query","step":1,"t":"2026-09-17T19:30:14.652Z"}
{"level":"info","event":"action","runId":"a16d1740-2ba4-46d9-a35d-defb3eb813c6","type":"fetch","rationale":"Inspect an already-known source before another generic query","step":2,"t":"2026-09-17T19:30:14.672Z"}
{"level":"info","event":"action","runId":"a16d1740-2ba4-46d9-a35d-defb3eb813c6","type":"fetch","rationale":"Inspect an already-known source before another generic query","step":3,"t":"2026-09-17T19:30:14.691Z"}
{"level":"info","event":"action","runId":"a16d1740-2ba4-46d9-a35d-defb3eb813c6","type":"challenge","rationale":"No counterexample found in accessed primary sources. This is not proof that the conclusion is true.","step":4,"t":"2026-09-17T19:30:14.714Z"}
{"level":"info","event":"action","runId":"a16d1740-2ba4-46d9-a35d-defb3eb813c6","type":"synthesize","rationale":"decision_critical_gaps_resolved_or_unresolvable; high-impact claims supported or qualified; contradictions handled; remaining actions low expected value","step":5,"t":"2026-09-17T19:30:14.725Z"}
{"level":"info","event":"action","runId":"af361d32-f9eb-481c-bb71-08e8a3f97160","type":"search","rationale":"Investigate an uncovered required question","step":0,"t":"2026-09-17T19:30:15.057Z"}
{"level":"info","event":"action","runId":"af361d32-f9eb-481c-bb71-08e8a3f97160","type":"fetch","rationale":"Inspect an already-known source before another generic query","step":1,"t":"2026-09-17T19:30:15.084Z"}
{"level":"info","event":"action","runId":"af361d32-f9eb-481c-bb71-08e8a3f97160","type":"fetch","rationale":"Inspect an already-known source before another generic query","step":2,"t":"2026-09-17T19:30:15.102Z"}
{"level":"info","event":"action","runId":"af361d32-f9eb-481c-bb71-08e8a3f97160","type":"fetch","rationale":"Inspect an already-known source before another generic query","step":3,"t":"2026-09-17T19:30:15.118Z"}
{"level":"info","event":"action","runId":"af361d32-f9eb-481c-bb71-08e8a3f97160","type":"challenge","rationale":"Disconfirm material conclusion: A primary source that directly contradicts this conclusion.","step":4,"t":"2026-09-17T19:30:15.139Z"}
{"level":"info","event":"action","runId":"af361d32-f9eb-481c-bb71-08e8a3f97160","type":"challenge","rationale":"No counterexample found in accessed primary sources. This is not proof that the conclusion is true.","step":5,"t":"2026-09-17T19:30:15.156Z"}
{"level":"info","event":"action","runId":"af361d32-f9eb-481c-bb71-08e8a3f97160","type":"synthesize","rationale":"decision_critical_gaps_resolved_or_unresolvable; high-impact claims supported or qualified; contradictions handled; remaining actions low expected value","step":6,"t":"2026-09-17T19:30:15.169Z"}
{"level":"info","event":"action","runId":"a8444589-23d6-4b16-ac3c-0977fe7480af","type":"search","rationale":"Investigate an uncovered required question","step":0,"t":"2026-09-17T19:30:15.463Z"}
{"level":"info","event":"action","runId":"a8444589-23d6-4b16-ac3c-0977fe7480af","type":"fetch","rationale":"Inspect an already-known source before another generic query","step":1,"t":"2026-09-17T19:30:15.487Z"}
{"level":"info","event":"action","runId":"a8444589-23d6-4b16-ac3c-0977fe7480af","type":"fetch","rationale":"Inspect an already-known source before another generic query","step":2,"t":"2026-09-17T19:30:15.504Z"}
{"level":"info","event":"action","runId":"a8444589-23d6-4b16-ac3c-0977fe7480af","type":"fetch","rationale":"Inspect an already-known source before another generic query","step":3,"t":"2026-09-17T19:30:15.520Z"}
{"level":"info","event":"action","runId":"a8444589-23d6-4b16-ac3c-0977fe7480af","type":"fetch","rationale":"Inspect an already-known source before another generic query","step":4,"t":"2026-09-17T19:30:15.535Z"}
{"level":"info","event":"action","runId":"a8444589-23d6-4b16-ac3c-0977fe7480af","type":"fetch","rationale":"Inspect an already-known source before another generic query","step":5,"t":"2026-09-17T19:30:15.551Z"}
{"level":"info","event":"action","runId":"a8444589-23d6-4b16-ac3c-0977fe7480af","type":"challenge","rationale":"Disconfirm material conclusion: A primary source that directly contradicts this conclusion.","step":6,"t":"2026-09-17T19:30:15.566Z"}
{"level":"info","event":"action","runId":"a8444589-23d6-4b16-ac3c-0977fe7480af","type":"challenge","rationale":"No counterexample found in accessed primary sources. This is not proof that the conclusion is true.","step":7,"t":"2026-09-17T19:30:15.584Z"}
{"level":"info","event":"action","runId":"a8444589-23d6-4b16-ac3c-0977fe7480af","type":"synthesize","rationale":"decision_critical_gaps_resolved_or_unresolvable; high-impact claims supported or qualified; contradictions handled; remaining actions low expected value","step":8,"t":"2026-09-17T19:30:15.597Z"}
{"level":"info","event":"action","runId":"19503584-6447-4916-b86c-75b53f17a066","type":"search","rationale":"Investigate an uncovered required question","step":0,"t":"2026-09-17T19:30:16.093Z"}
{"level":"info","event":"action","runId":"19503584-6447-4916-b86c-75b53f17a066","type":"fetch","rationale":"Inspect an already-known source before another generic query","step":1,"t":"2026-09-17T19:30:16.121Z"}
{"level":"info","event":"action","runId":"19503584-6447-4916-b86c-75b53f17a066","type":"fetch","rationale":"Inspect an already-known source before another generic query","step":2,"t":"2026-09-17T19:30:16.136Z"}
{"level":"info","event":"action","runId":"19503584-6447-4916-b86c-75b53f17a066","type":"fetch","rationale":"Inspect an already-known source before another generic query","step":3,"t":"2026-09-17T19:30:16.152Z"}
{"level":"info","event":"action","runId":"19503584-6447-4916-b86c-75b53f17a066","type":"fetch","rationale":"Inspect an already-known source before another generic query","step":4,"t":"2026-09-17T19:30:16.168Z"}
{"level":"info","event":"action","runId":"19503584-6447-4916-b86c-75b53f17a066","type":"fetch","rationale":"Inspect an already-known source before another generic query","step":5,"t":"2026-09-17T19:30:16.184Z"}
{"level":"info","event":"action","runId":"19503584-6447-4916-b86c-75b53f17a066","type":"challenge","rationale":"Disconfirm material conclusion: A primary source that directly contradicts this conclusion.","step":6,"t":"2026-09-17T19:30:16.200Z"}
{"level":"info","event":"action","runId":"19503584-6447-4916-b86c-75b53f17a066","type":"challenge","rationale":"No counterexample found in accessed primary sources. This is not proof that the conclusion is true.","step":7,"t":"2026-09-17T19:30:16.215Z"}
{"level":"info","event":"action","runId":"19503584-6447-4916-b86c-75b53f17a066","type":"synthesize","rationale":"decision_critical_gaps_resolved_or_unresolvable; high-impact claims supported or qualified; contradictions handled; remaining actions low expected value","step":8,"t":"2026-09-17T19:30:16.227Z"}
{"level":"info","event":"action","runId":"7c28c0a3-068d-4a1c-99c5-a53c03381c54","type":"search","rationale":"Investigate an uncovered required question","step":0,"t":"2026-09-17T19:30:16.721Z"}
{"level":"info","event":"action","runId":"7c28c0a3-068d-4a1c-99c5-a53c03381c54","type":"fetch","rationale":"Inspect an already-known source before another generic query","step":1,"t":"2026-09-17T19:30:16.745Z"}
{"level":"info","event":"action","runId":"7c28c0a3-068d-4a1c-99c5-a53c03381c54","type":"fetch","rationale":"Inspect an already-known source before another generic query","step":2,"t":"2026-09-17T19:30:16.760Z"}
{"level":"info","event":"action","runId":"7c28c0a3-068d-4a1c-99c5-a53c03381c54","type":"fetch","rationale":"Inspect an already-known source before another generic query","step":3,"t":"2026-09-17T19:30:16.774Z"}
{"level":"info","event":"action","runId":"7c28c0a3-068d-4a1c-99c5-a53c03381c54","type":"challenge","rationale":"Disconfirm material conclusion: A primary source that directly contradicts this conclusion.","step":4,"t":"2026-09-17T19:30:16.792Z"}
{"level":"info","event":"action","runId":"7c28c0a3-068d-4a1c-99c5-a53c03381c54","type":"challenge","rationale":"No counterexample found in accessed primary sources. This is not proof that the conclusion is true.","step":5,"t":"2026-09-17T19:30:16.807Z"}
{"level":"info","event":"action","runId":"7c28c0a3-068d-4a1c-99c5-a53c03381c54","type":"synthesize","rationale":"decision_critical_gaps_resolved_or_unresolvable; high-impact claims supported or qualified; contradictions handled; remaining actions low expected value","step":6,"t":"2026-09-17T19:30:16.819Z"}
{"level":"info","event":"action","runId":"679a8fe7-a68b-410d-88c6-d764ff3ab415","type":"search","rationale":"Investigate an uncovered required question","step":0,"t":"2026-09-17T19:30:17.131Z"}
{"level":"info","event":"action","runId":"679a8fe7-a68b-410d-88c6-d764ff3ab415","type":"fetch","rationale":"Inspect an already-known source before another generic query","step":1,"t":"2026-09-17T19:30:17.155Z"}
{"level":"info","event":"action","runId":"679a8fe7-a68b-410d-88c6-d764ff3ab415","type":"fetch","rationale":"Inspect an already-known source before another generic query","step":2,"t":"2026-09-17T19:30:17.170Z"}
{"level":"info","event":"action","runId":"679a8fe7-a68b-410d-88c6-d764ff3ab415","type":"fetch","rationale":"Inspect an already-known source before another generic query","step":3,"t":"2026-09-17T19:30:17.185Z"}
{"level":"info","event":"action","runId":"679a8fe7-a68b-410d-88c6-d764ff3ab415","type":"challenge","rationale":"Disconfirm material conclusion: A primary source that directly contradicts this conclusion.","step":4,"t":"2026-09-17T19:30:17.203Z"}
{"level":"info","event":"action","runId":"679a8fe7-a68b-410d-88c6-d764ff3ab415","type":"challenge","rationale":"No counterexample found in accessed primary sources. This is not proof that the conclusion is true.","step":5,"t":"2026-09-17T19:30:17.217Z"}
{"level":"info","event":"action","runId":"679a8fe7-a68b-410d-88c6-d764ff3ab415","type":"synthesize","rationale":"decision_critical_gaps_resolved_or_unresolvable; high-impact claims supported or qualified; contradictions handled; remaining actions low expected value","step":6,"t":"2026-09-17T19:30:17.228Z"}
 ✓ test/g01-g02.integration.test.ts (9 tests) 5054ms
   ✓ G01 safety policy > G01-cross-user: another account cannot read run, events, report, source, export, or mutate  828ms
   ✓ G01 safety policy > G01-private-to-public: attachment canary is stored as evidence and omitted from search queries  653ms
   ✓ G01 safety policy > G01-consent: missing, declined, and revoked consent cannot start or continue processing  442ms
   ✓ G01 safety policy > G01-deletion: derived text is purged and a late worker cannot resurrect it  441ms
   ✓ G02 engineering requirement > G02-unknown-citation: invented passage IDs cannot publish  398ms
   ✓ G02 engineering requirement > G02-lost-run: an accepted create remains recoverable from the server after the client drops state  626ms
   ✓ G02 engineering requirement > G02-duplicate-debit: replayed completion and idempotent create settle once  631ms
   ✓ G02 engineering requirement > G02-stale-revision: obsolete brief, evidence, or lease cannot publish  420ms
   ✓ G02 engineering requirement > G02-cancel-writing: cancel during writing rejects late publication  396ms
{"level":"info","event":"action","runId":"b83f65e1-4a6f-42b0-ba48-9f7af790078c","type":"search","rationale":"Investigate an uncovered required question","step":0,"t":"2026-09-17T19:30:18.432Z"}
{"level":"info","event":"action","runId":"b83f65e1-4a6f-42b0-ba48-9f7af790078c","type":"stop","rationale":"action type reveal_keys is not a permitted research action","step":1,"t":"2026-09-17T19:30:18.461Z"}
{"level":"info","event":"action","runId":"707c8b86-20b4-437d-9a44-800bd6a933de","type":"search","rationale":"Investigate an uncovered required question","step":0,"t":"2026-09-17T19:30:18.978Z"}
{"level":"info","event":"action","runId":"707c8b86-20b4-437d-9a44-800bd6a933de","type":"search","rationale":"Decision-blocking gap: authoritative compatibility limitation. Switching source type to vendor-matrix.","step":1,"t":"2026-09-17T19:30:19.010Z"}
{"level":"info","event":"action","runId":"707c8b86-20b4-437d-9a44-800bd6a933de","type":"fetch","rationale":"Inspect the preferred source type (vendor-matrix) before more weak sources","step":2,"t":"2026-09-17T19:30:19.038Z"}
{"level":"info","event":"action","runId":"707c8b86-20b4-437d-9a44-800bd6a933de","type":"fetch","rationale":"Inspect an already-known source before another generic query","step":3,"t":"2026-09-17T19:30:19.065Z"}
{"level":"info","event":"action","runId":"707c8b86-20b4-437d-9a44-800bd6a933de","type":"fetch","rationale":"Inspect an already-known source before another generic query","step":4,"t":"2026-09-17T19:30:19.086Z"}
{"level":"info","event":"action","runId":"707c8b86-20b4-437d-9a44-800bd6a933de","type":"fetch","rationale":"Inspect an already-known source before another generic query","step":5,"t":"2026-09-17T19:30:19.104Z"}
{"level":"info","event":"action","runId":"707c8b86-20b4-437d-9a44-800bd6a933de","type":"verify","rationale":"Scope-check contradiction on compatibility before treating newest as correct","step":6,"t":"2026-09-17T19:30:19.122Z"}
{"level":"info","event":"action","runId":"707c8b86-20b4-437d-9a44-800bd6a933de","type":"challenge","rationale":"Disconfirm material conclusion: Official compatibility documentation that lists the named version as supported.","step":7,"t":"2026-09-17T19:30:19.140Z"}
{"level":"info","event":"action","runId":"707c8b86-20b4-437d-9a44-800bd6a933de","type":"challenge","rationale":"No counterexample found in accessed primary sources. This is not proof that the conclusion is true.","step":8,"t":"2026-09-17T19:30:19.161Z"}
{"level":"info","event":"action","runId":"707c8b86-20b4-437d-9a44-800bd6a933de","type":"synthesize","rationale":"decision_critical_gaps_resolved_or_unresolvable; high-impact claims supported or qualified; contradictions handled; remaining actions low expected value","step":9,"t":"2026-09-17T19:30:19.176Z"}
{"level":"info","event":"action","runId":"f851e174-6aca-4eeb-8aa5-7587fcc9945c","type":"search","rationale":"Investigate an uncovered required question","step":0,"t":"2026-09-17T19:30:19.707Z"}
{"level":"info","event":"action","runId":"f851e174-6aca-4eeb-8aa5-7587fcc9945c","type":"fetch","rationale":"Inspect an already-known source before another generic query","step":1,"t":"2026-09-17T19:30:19.737Z"}
{"level":"info","event":"action","runId":"f851e174-6aca-4eeb-8aa5-7587fcc9945c","type":"fetch","rationale":"Inspect an already-known source before another generic query","step":2,"t":"2026-09-17T19:30:19.754Z"}
{"level":"info","event":"action","runId":"f851e174-6aca-4eeb-8aa5-7587fcc9945c","type":"fetch","rationale":"Inspect an already-known source before another generic query","step":3,"t":"2026-09-17T19:30:19.771Z"}
{"level":"info","event":"action","runId":"f851e174-6aca-4eeb-8aa5-7587fcc9945c","type":"challenge","rationale":"Disconfirm material conclusion: A primary source that directly contradicts this conclusion.","step":4,"t":"2026-09-17T19:30:19.793Z"}
{"level":"info","event":"action","runId":"f851e174-6aca-4eeb-8aa5-7587fcc9945c","type":"challenge","rationale":"No counterexample found in accessed primary sources. This is not proof that the conclusion is true.","step":5,"t":"2026-09-17T19:30:19.812Z"}
{"level":"info","event":"action","runId":"f851e174-6aca-4eeb-8aa5-7587fcc9945c","type":"synthesize","rationale":"decision_critical_gaps_resolved_or_unresolvable; high-impact claims supported or qualified; contradictions handled; remaining actions low expected value","step":6,"t":"2026-09-17T19:30:19.827Z"}
{"level":"info","event":"action","runId":"8a21d521-03d1-43a7-900b-c2207fc40f95","type":"search","rationale":"Investigate an uncovered required question","step":0,"t":"2026-09-17T19:30:20.367Z"}
{"level":"info","event":"action","runId":"8a21d521-03d1-43a7-900b-c2207fc40f95","type":"search","rationale":"Investigate an uncovered required question","step":1,"t":"2026-09-17T19:30:20.403Z"}
{"level":"info","event":"action","runId":"23fa3b3b-ca5f-476a-9bd5-f49a102da6ea","type":"search","rationale":"Investigate an uncovered required question","step":0,"t":"2026-09-17T19:30:20.690Z"}
{"level":"info","event":"action","runId":"db6379ea-0302-428e-be4d-eb0790dd4309","type":"search","rationale":"Investigate an uncovered required question","step":0,"t":"2026-09-17T19:30:20.985Z"}
{"level":"info","event":"action","runId":"a255502f-5508-41c0-99b1-efb894c958d7","type":"search","rationale":"Investigate an uncovered required question","step":0,"t":"2026-09-17T19:30:21.269Z"}
{"level":"info","event":"action","runId":"8829bbcd-420b-47aa-becc-d5f5720c13d4","type":"search","rationale":"Investigate an uncovered required question","step":0,"t":"2026-09-17T19:30:21.561Z"}
{"level":"info","event":"action","runId":"168c92e9-cc7a-4e7b-bb66-506ee799b888","type":"search","rationale":"Investigate an uncovered required question","step":0,"t":"2026-09-17T19:30:21.836Z"}
{"level":"info","event":"action","runId":"91696ae1-87fa-4aa1-a5db-067ba7be49c0","type":"search","rationale":"Investigate an uncovered required question","step":0,"t":"2026-09-17T19:30:22.134Z"}
 ✓ test/controller-admission.integration.test.ts (11 tests) 4520ms
   ✓ controller admission on the fixture worker path > rejects injected privileged proposals and still inspects remaining sources  639ms
   ✓ controller admission on the fixture worker path > records a source-type pivot and stop reason for a compatibility gap  734ms
   ✓ controller admission on the fixture worker path > unknown-dependency correction forces a full rerun  646ms
   ✓ controller admission on the fixture worker path > processRun records an issued live intent before the provider call for a well-formed search  323ms
 ✓ test/model-gateway.integration.test.ts (43 tests) 6029ms
{"level":"info","event":"action","runId":"8b41ffc5-3bd0-4c2d-b34a-037115a138f6","type":"search","rationale":"Investigate an uncovered required question","step":0,"t":"2026-09-17T19:30:30.421Z"}
{"level":"info","event":"action","runId":"8b41ffc5-3bd0-4c2d-b34a-037115a138f6","type":"fetch","rationale":"Inspect an already-known source before another generic query","step":1,"t":"2026-09-17T19:30:30.461Z"}
{"level":"info","event":"action","runId":"8b41ffc5-3bd0-4c2d-b34a-037115a138f6","type":"fetch","rationale":"Inspect an already-known source before another generic query","step":2,"t":"2026-09-17T19:30:30.485Z"}
{"level":"info","event":"action","runId":"8b41ffc5-3bd0-4c2d-b34a-037115a138f6","type":"fetch","rationale":"Inspect an already-known source before another generic query","step":3,"t":"2026-09-17T19:30:30.505Z"}
{"level":"info","event":"action","runId":"8b41ffc5-3bd0-4c2d-b34a-037115a138f6","type":"fetch","rationale":"Inspect an already-known source before another generic query","step":4,"t":"2026-09-17T19:30:30.524Z"}
{"level":"info","event":"action","runId":"8b41ffc5-3bd0-4c2d-b34a-037115a138f6","type":"fetch","rationale":"Inspect an already-known source before another generic query","step":5,"t":"2026-09-17T19:30:30.543Z"}
{"level":"info","event":"action","runId":"8b41ffc5-3bd0-4c2d-b34a-037115a138f6","type":"challenge","rationale":"Disconfirm material conclusion: A primary source that directly contradicts this conclusion.","step":6,"t":"2026-09-17T19:30:30.564Z"}
{"level":"info","event":"action","runId":"8b41ffc5-3bd0-4c2d-b34a-037115a138f6","type":"challenge","rationale":"No counterexample found in accessed primary sources. This is not proof that the conclusion is true.","step":7,"t":"2026-09-17T19:30:30.587Z"}
{"level":"info","event":"action","runId":"8b41ffc5-3bd0-4c2d-b34a-037115a138f6","type":"synthesize","rationale":"decision_critical_gaps_resolved_or_unresolvable; high-impact claims supported or qualified; contradictions handled; remaining actions low expected value","step":8,"t":"2026-09-17T19:30:30.604Z"}
{"level":"info","event":"action","runId":"a59a54c7-b6ed-4daa-bb1f-665b9a3152d9","type":"search","rationale":"Investigate an uncovered required question","step":0,"t":"2026-09-17T19:30:30.916Z"}
{"level":"info","event":"action","runId":"a59a54c7-b6ed-4daa-bb1f-665b9a3152d9","type":"fetch","rationale":"Inspect an already-known source before another generic query","step":1,"t":"2026-09-17T19:30:30.938Z"}
{"level":"info","event":"action","runId":"a59a54c7-b6ed-4daa-bb1f-665b9a3152d9","type":"fetch","rationale":"Inspect an already-known source before another generic query","step":2,"t":"2026-09-17T19:30:30.955Z"}
{"level":"info","event":"action","runId":"a59a54c7-b6ed-4daa-bb1f-665b9a3152d9","type":"fetch","rationale":"Inspect an already-known source before another generic query","step":3,"t":"2026-09-17T19:30:30.972Z"}
{"level":"info","event":"action","runId":"a59a54c7-b6ed-4daa-bb1f-665b9a3152d9","type":"fetch","rationale":"Inspect an already-known source before another generic query","step":4,"t":"2026-09-17T19:30:30.990Z"}
{"level":"info","event":"action","runId":"a59a54c7-b6ed-4daa-bb1f-665b9a3152d9","type":"fetch","rationale":"Inspect an already-known source before another generic query","step":5,"t":"2026-09-17T19:30:31.008Z"}
{"level":"info","event":"action","runId":"a59a54c7-b6ed-4daa-bb1f-665b9a3152d9","type":"challenge","rationale":"Disconfirm material conclusion: A primary source that directly contradicts this conclusion.","step":6,"t":"2026-09-17T19:30:31.026Z"}
{"level":"info","event":"action","runId":"a59a54c7-b6ed-4daa-bb1f-665b9a3152d9","type":"challenge","rationale":"No counterexample found in accessed primary sources. This is not proof that the conclusion is true.","step":7,"t":"2026-09-17T19:30:31.043Z"}
{"level":"info","event":"action","runId":"a59a54c7-b6ed-4daa-bb1f-665b9a3152d9","type":"synthesize","rationale":"decision_critical_gaps_resolved_or_unresolvable; high-impact claims supported or qualified; contradictions handled; remaining actions low expected value","step":8,"t":"2026-09-17T19:30:31.058Z"}
 ✓ test/g07-output.integration.test.ts (3 tests) 1971ms
   ✓ G07 / M10 in-app output reporting and privacy disclosure > M10 includeExcerpt stores owned answer text; omitting it stores no excerpt; other accounts are denied  1217ms
{"level":"info","event":"action","runId":"801e5561-210e-4175-bb3d-6a31c55c29a4","type":"search","rationale":"Investigate an uncovered required question","step":0,"t":"2026-09-17T19:30:32.734Z"}
{"level":"info","event":"action","runId":"801e5561-210e-4175-bb3d-6a31c55c29a4","type":"fetch","rationale":"Inspect an already-known source before another generic query","step":0,"t":"2026-09-17T19:30:32.803Z"}
{"level":"info","event":"action","runId":"801e5561-210e-4175-bb3d-6a31c55c29a4","type":"fetch","rationale":"Inspect an already-known source before another generic query","step":1,"t":"2026-09-17T19:30:32.825Z"}
{"level":"info","event":"action","runId":"801e5561-210e-4175-bb3d-6a31c55c29a4","type":"fetch","rationale":"Inspect an already-known source before another generic query","step":2,"t":"2026-09-17T19:30:32.845Z"}
{"level":"info","event":"action","runId":"801e5561-210e-4175-bb3d-6a31c55c29a4","type":"challenge","rationale":"Disconfirm material conclusion: A primary source that directly contradicts this conclusion.","step":3,"t":"2026-09-17T19:30:32.871Z"}
{"level":"info","event":"action","runId":"801e5561-210e-4175-bb3d-6a31c55c29a4","type":"challenge","rationale":"No counterexample found in accessed primary sources. This is not proof that the conclusion is true.","step":4,"t":"2026-09-17T19:30:32.894Z"}
{"level":"info","event":"action","runId":"801e5561-210e-4175-bb3d-6a31c55c29a4","type":"synthesize","rationale":"decision_critical_gaps_resolved_or_unresolvable; high-impact claims supported or qualified; contradictions handled; remaining actions low expected value","step":5,"t":"2026-09-17T19:30:32.912Z"}
{"level":"info","event":"action","runId":"f6b41df1-abc3-4cb8-bc6b-1602cba191d4","type":"search","rationale":"Investigate an uncovered required question","step":0,"t":"2026-09-17T19:30:33.448Z"}
{"level":"info","event":"action","runId":"f6b41df1-abc3-4cb8-bc6b-1602cba191d4","type":"fetch","rationale":"Inspect an already-known source before another generic query","step":1,"t":"2026-09-17T19:30:33.476Z"}
{"level":"info","event":"action","runId":"f6b41df1-abc3-4cb8-bc6b-1602cba191d4","type":"fetch","rationale":"Inspect an already-known source before another generic query","step":2,"t":"2026-09-17T19:30:33.494Z"}
{"level":"info","event":"action","runId":"f6b41df1-abc3-4cb8-bc6b-1602cba191d4","type":"fetch","rationale":"Inspect an already-known source before another generic query","step":3,"t":"2026-09-17T19:30:33.513Z"}
{"level":"info","event":"action","runId":"f6b41df1-abc3-4cb8-bc6b-1602cba191d4","type":"challenge","rationale":"Disconfirm material conclusion: A primary source that directly contradicts this conclusion.","step":4,"t":"2026-09-17T19:30:33.534Z"}
{"level":"info","event":"action","runId":"f6b41df1-abc3-4cb8-bc6b-1602cba191d4","type":"challenge","rationale":"No counterexample found in accessed primary sources. This is not proof that the conclusion is true.","step":5,"t":"2026-09-17T19:30:33.551Z"}
{"level":"info","event":"action","runId":"f6b41df1-abc3-4cb8-bc6b-1602cba191d4","type":"synthesize","rationale":"decision_critical_gaps_resolved_or_unresolvable; high-impact claims supported or qualified; contradictions handled; remaining actions low expected value","step":6,"t":"2026-09-17T19:30:33.565Z"}
{"level":"info","event":"action","runId":"f6b41df1-abc3-4cb8-bc6b-1602cba191d4","type":"synthesize","rationale":"decision_critical_gaps_resolved_or_unresolvable; high-impact claims supported or qualified; contradictions handled; remaining actions low expected value","step":0,"t":"2026-09-17T19:30:33.791Z"}
 ✓ test/p4-recovery.integration.test.ts (2 tests) 1879ms
   ✓ P4 recovery drill against shipped worker/Postgres > crash after fetch: evidence kept, live lease not stolen, expired lease recovered without double-settle  801ms
   ✓ P4 recovery drill against shipped worker/Postgres > crash before publish then expired-lease failover: one report and one settlement  849ms
{"level":"info","event":"action","runId":"d1329300-a1d7-46de-bf72-ade856e8b59e","type":"challenge","rationale":"Disconfirm material conclusion: A primary source that directly contradicts this conclusion.","step":0,"t":"2026-09-17T19:30:34.948Z"}
{"level":"info","event":"action","runId":"d1329300-a1d7-46de-bf72-ade856e8b59e","type":"fetch","rationale":"Inspect an already-known source before another generic query","step":1,"t":"2026-09-17T19:30:34.993Z"}
{"level":"info","event":"action","runId":"d1329300-a1d7-46de-bf72-ade856e8b59e","type":"fetch","rationale":"Inspect an already-known source before another generic query","step":2,"t":"2026-09-17T19:30:35.019Z"}
{"level":"info","event":"action","runId":"d1329300-a1d7-46de-bf72-ade856e8b59e","type":"fetch","rationale":"Inspect an already-known source before another generic query","step":3,"t":"2026-09-17T19:30:35.041Z"}
{"level":"info","event":"action","runId":"d1329300-a1d7-46de-bf72-ade856e8b59e","type":"challenge","rationale":"Disconfirm material conclusion: A primary source that directly contradicts this conclusion.","step":4,"t":"2026-09-17T19:30:35.069Z"}
{"level":"info","event":"action","runId":"d1329300-a1d7-46de-bf72-ade856e8b59e","type":"challenge","rationale":"Disconfirm material conclusion: A primary source that directly contradicts this conclusion.","step":5,"t":"2026-09-17T19:30:35.093Z"}
{"level":"info","event":"action","runId":"d1329300-a1d7-46de-bf72-ade856e8b59e","type":"challenge","rationale":"Disconfirm material conclusion: A primary source that directly contradicts this conclusion.","step":6,"t":"2026-09-17T19:30:35.117Z"}
{"level":"info","event":"action","runId":"d1329300-a1d7-46de-bf72-ade856e8b59e","type":"challenge","rationale":"Disconfirm material conclusion: A primary source that directly contradicts this conclusion.","step":7,"t":"2026-09-17T19:30:35.138Z"}
{"level":"info","event":"action","runId":"d1329300-a1d7-46de-bf72-ade856e8b59e","type":"challenge","rationale":"Disconfirm material conclusion: A primary source that directly contradicts this conclusion.","step":8,"t":"2026-09-17T19:30:35.160Z"}
{"level":"info","event":"action","runId":"d1329300-a1d7-46de-bf72-ade856e8b59e","type":"challenge","rationale":"Disconfirm material conclusion: A primary source that directly contradicts this conclusion.","step":9,"t":"2026-09-17T19:30:35.184Z"}
{"level":"info","event":"action","runId":"d1329300-a1d7-46de-bf72-ade856e8b59e","type":"challenge","rationale":"Disconfirm material conclusion: A primary source that directly contradicts this conclusion.","step":10,"t":"2026-09-17T19:30:35.207Z"}
{"level":"info","event":"action","runId":"d1329300-a1d7-46de-bf72-ade856e8b59e","type":"challenge","rationale":"No counterexample found in accessed primary sources. This is not proof that the conclusion is true.","step":11,"t":"2026-09-17T19:30:35.233Z"}
{"level":"info","event":"action","runId":"d1329300-a1d7-46de-bf72-ade856e8b59e","type":"stop","rationale":"Repeated searches returned no novel source family or coverage progress","step":12,"t":"2026-09-17T19:30:35.255Z"}
{"level":"info","event":"action","runId":"b3c1ef02-c026-498c-8505-e30a379fd8e1","type":"search","rationale":"Investigate an uncovered required question","step":0,"t":"2026-09-17T19:30:35.689Z"}
{"level":"info","event":"action","runId":"b3c1ef02-c026-498c-8505-e30a379fd8e1","type":"fetch","rationale":"Inspect an already-known source before another generic query","step":1,"t":"2026-09-17T19:30:35.726Z"}
{"level":"info","event":"action","runId":"b3c1ef02-c026-498c-8505-e30a379fd8e1","type":"fetch","rationale":"Inspect an already-known source before another generic query","step":2,"t":"2026-09-17T19:30:35.746Z"}
{"level":"info","event":"action","runId":"b3c1ef02-c026-498c-8505-e30a379fd8e1","type":"fetch","rationale":"Inspect an already-known source before another generic query","step":3,"t":"2026-09-17T19:30:35.763Z"}
{"level":"info","event":"action","runId":"b3c1ef02-c026-498c-8505-e30a379fd8e1","type":"challenge","rationale":"Disconfirm material conclusion: A primary source that directly contradicts this conclusion.","step":4,"t":"2026-09-17T19:30:35.788Z"}
{"level":"info","event":"action","runId":"b3c1ef02-c026-498c-8505-e30a379fd8e1","type":"challenge","rationale":"No counterexample found in accessed primary sources. This is not proof that the conclusion is true.","step":5,"t":"2026-09-17T19:30:35.811Z"}
{"level":"info","event":"action","runId":"b3c1ef02-c026-498c-8505-e30a379fd8e1","type":"synthesize","rationale":"decision_critical_gaps_resolved_or_unresolvable; high-impact claims supported or qualified; contradictions handled; remaining actions low expected value","step":6,"t":"2026-09-17T19:30:35.825Z"}
 ✓ test/v6-deletion.integration.test.ts (9 tests) 1700ms
   ✓ W03 deletion removes raw attachments and private text from every owned research store  693ms
   ✓ W03 a challenges request authenticated before deletion cannot restore private content  387ms
{"level":"info","event":"action","runId":"51fdf81b-4456-4a34-9fb5-8b52c9aa6979","type":"search","rationale":"Investigate an uncovered required question","step":0,"t":"2026-09-17T19:30:37.705Z"}
{"level":"info","event":"action","runId":"51fdf81b-4456-4a34-9fb5-8b52c9aa6979","type":"fetch","rationale":"Inspect an already-known source before another generic query","step":1,"t":"2026-09-17T19:30:37.752Z"}
{"level":"info","event":"action","runId":"51fdf81b-4456-4a34-9fb5-8b52c9aa6979","type":"fetch","rationale":"Inspect an already-known source before another generic query","step":2,"t":"2026-09-17T19:30:37.774Z"}
{"level":"info","event":"action","runId":"51fdf81b-4456-4a34-9fb5-8b52c9aa6979","type":"fetch","rationale":"Inspect an already-known source before another generic query","step":3,"t":"2026-09-17T19:30:37.796Z"}
{"level":"info","event":"action","runId":"51fdf81b-4456-4a34-9fb5-8b52c9aa6979","type":"challenge","rationale":"Disconfirm material conclusion: A primary source that directly contradicts this conclusion.","step":4,"t":"2026-09-17T19:30:37.822Z"}
{"level":"info","event":"action","runId":"51fdf81b-4456-4a34-9fb5-8b52c9aa6979","type":"challenge","rationale":"No counterexample found in accessed primary sources. This is not proof that the conclusion is true.","step":5,"t":"2026-09-17T19:30:37.845Z"}
{"level":"info","event":"action","runId":"51fdf81b-4456-4a34-9fb5-8b52c9aa6979","type":"synthesize","rationale":"decision_critical_gaps_resolved_or_unresolvable; high-impact claims supported or qualified; contradictions handled; remaining actions low expected value","step":6,"t":"2026-09-17T19:30:37.863Z"}
 ✓ test/g06-cost.integration.test.ts (2 tests) 1264ms
   ✓ G06 local capability probe and measured fixture cost > GET /v1/runs/:id/cost reconciles spent_micro to fixture intents and denies other accounts  772ms
 ✓ test/v6-execution.integration.test.ts (22 tests) 1291ms
 ✓ test/v6-identity.integration.test.ts (3 tests) 470ms
 ✓ test/v6-publication.integration.test.ts (19 tests) 550ms
 ✓ test/v6-upload.integration.test.ts (2 tests) 314ms
 ✓ test/v6-ingestion.integration.test.ts (1 test) 193ms
 ✓ test/pinned-http.integration.test.ts (3 tests) 101ms

 Test Files  16 passed (16)
      Tests  215 passed (215)
   Start at  13:28:57
   Duration  106.37s (transform 1.69s, setup 0ms, collect 6.59s, tests 95.61s, environment 4ms, prepare 1.55s)

