
> deep-research-mobile@0.1.0 test:integration /home/oranolio/Desktop/Deep
> pnpm --filter @deep/backend test:integration


> @deep/backend@0.1.0 test:integration /home/oranolio/Desktop/Deep/apps/backend
> vitest run --config vitest.integration.config.ts


 RUN  v3.2.7 /home/oranolio/Desktop/Deep/apps/backend

{"level":"info","event":"action","runId":"a228809a-c750-4e72-bbcf-170bef401f9d","type":"search","rationale":"Investigate an uncovered required question","step":0,"t":"2026-09-17T20:23:26.307Z"}
{"level":"info","event":"action","runId":"a228809a-c750-4e72-bbcf-170bef401f9d","type":"fetch","rationale":"Inspect an already-known source before another generic query","step":1,"t":"2026-09-17T20:23:26.347Z"}
{"level":"info","event":"action","runId":"a228809a-c750-4e72-bbcf-170bef401f9d","type":"fetch","rationale":"Inspect an already-known source before another generic query","step":2,"t":"2026-09-17T20:23:26.366Z"}
{"level":"info","event":"action","runId":"a228809a-c750-4e72-bbcf-170bef401f9d","type":"fetch","rationale":"Inspect an already-known source before another generic query","step":3,"t":"2026-09-17T20:23:26.384Z"}
{"level":"info","event":"action","runId":"a228809a-c750-4e72-bbcf-170bef401f9d","type":"challenge","rationale":"Disconfirm material conclusion: A primary source that directly contradicts this conclusion.","step":4,"t":"2026-09-17T20:23:26.407Z"}
{"level":"info","event":"action","runId":"a228809a-c750-4e72-bbcf-170bef401f9d","type":"challenge","rationale":"No counterexample found in accessed primary sources. This is not proof that the conclusion is true.","step":5,"t":"2026-09-17T20:23:26.429Z"}
{"level":"info","event":"action","runId":"a228809a-c750-4e72-bbcf-170bef401f9d","type":"synthesize","rationale":"decision_critical_gaps_resolved_or_unresolvable; high-impact claims supported or qualified; contradictions handled; remaining actions low expected value","step":6,"t":"2026-09-17T20:23:26.448Z"}
{"level":"info","event":"action","runId":"f65784c0-8cce-4026-a3b8-efc2b7dddf5e","type":"search","rationale":"Investigate an uncovered required question","step":0,"t":"2026-09-17T20:23:27.015Z"}
{"level":"info","event":"action","runId":"f65784c0-8cce-4026-a3b8-efc2b7dddf5e","type":"fetch","rationale":"Inspect an already-known source before another generic query","step":1,"t":"2026-09-17T20:23:27.051Z"}
{"level":"info","event":"action","runId":"f65784c0-8cce-4026-a3b8-efc2b7dddf5e","type":"fetch","rationale":"Inspect an already-known source before another generic query","step":2,"t":"2026-09-17T20:23:27.081Z"}
{"level":"info","event":"action","runId":"f65784c0-8cce-4026-a3b8-efc2b7dddf5e","type":"challenge","rationale":"Disconfirm material conclusion: A primary source that directly contradicts this conclusion.","step":3,"t":"2026-09-17T20:23:27.109Z"}
{"level":"info","event":"action","runId":"f65784c0-8cce-4026-a3b8-efc2b7dddf5e","type":"challenge","rationale":"No counterexample found in accessed primary sources. This is not proof that the conclusion is true.","step":4,"t":"2026-09-17T20:23:27.132Z"}
{"level":"info","event":"action","runId":"f65784c0-8cce-4026-a3b8-efc2b7dddf5e","type":"synthesize","rationale":"decision_critical_gaps_resolved_or_unresolvable; high-impact claims supported or qualified; contradictions handled; remaining actions low expected value","step":5,"t":"2026-09-17T20:23:27.152Z"}
{"level":"info","event":"action","runId":"39612433-1fdc-460e-91fb-f19a38348159","type":"search","rationale":"Investigate an uncovered required question","step":0,"t":"2026-09-17T20:23:27.798Z"}
{"level":"info","event":"action","runId":"39612433-1fdc-460e-91fb-f19a38348159","type":"fetch","rationale":"Inspect an already-known source before another generic query","step":1,"t":"2026-09-17T20:23:27.840Z"}
{"level":"info","event":"action","runId":"39612433-1fdc-460e-91fb-f19a38348159","type":"fetch","rationale":"Inspect an already-known source before another generic query","step":2,"t":"2026-09-17T20:23:27.866Z"}
{"level":"info","event":"action","runId":"39612433-1fdc-460e-91fb-f19a38348159","type":"fetch","rationale":"Inspect an already-known source before another generic query","step":3,"t":"2026-09-17T20:23:27.886Z"}
{"level":"info","event":"action","runId":"39612433-1fdc-460e-91fb-f19a38348159","type":"challenge","rationale":"Disconfirm material conclusion: A primary source that directly contradicts this conclusion.","step":4,"t":"2026-09-17T20:23:27.917Z"}
{"level":"info","event":"action","runId":"39612433-1fdc-460e-91fb-f19a38348159","type":"challenge","rationale":"No counterexample found in accessed primary sources. This is not proof that the conclusion is true.","step":5,"t":"2026-09-17T20:23:27.947Z"}
{"level":"info","event":"action","runId":"39612433-1fdc-460e-91fb-f19a38348159","type":"synthesize","rationale":"decision_critical_gaps_resolved_or_unresolvable; high-impact claims supported or qualified; contradictions handled; remaining actions low expected value","step":6,"t":"2026-09-17T20:23:27.967Z"}
{"level":"info","event":"action","runId":"d95ba2cb-53ab-4a3d-af14-41cb7bc5d9ff","type":"search","rationale":"Investigate an uncovered required question","step":0,"t":"2026-09-17T20:23:28.590Z"}
{"level":"info","event":"action","runId":"d95ba2cb-53ab-4a3d-af14-41cb7bc5d9ff","type":"fetch","rationale":"Inspect an already-known source before another generic query","step":1,"t":"2026-09-17T20:23:28.610Z"}
{"level":"info","event":"action","runId":"d95ba2cb-53ab-4a3d-af14-41cb7bc5d9ff","type":"fetch","rationale":"Inspect an already-known source before another generic query","step":2,"t":"2026-09-17T20:23:28.624Z"}
{"level":"info","event":"action","runId":"d95ba2cb-53ab-4a3d-af14-41cb7bc5d9ff","type":"challenge","rationale":"Disconfirm material conclusion: A primary source that directly contradicts this conclusion.","step":3,"t":"2026-09-17T20:23:28.639Z"}
{"level":"info","event":"action","runId":"d95ba2cb-53ab-4a3d-af14-41cb7bc5d9ff","type":"challenge","rationale":"No counterexample found in accessed primary sources. This is not proof that the conclusion is true.","step":4,"t":"2026-09-17T20:23:28.659Z"}
{"level":"info","event":"action","runId":"d95ba2cb-53ab-4a3d-af14-41cb7bc5d9ff","type":"synthesize","rationale":"decision_critical_gaps_resolved_or_unresolvable; high-impact claims supported or qualified; contradictions handled; remaining actions low expected value","step":5,"t":"2026-09-17T20:23:28.671Z"}
{"level":"info","event":"action","runId":"f915043a-1c67-4e18-a469-7dd449f14c5d","type":"search","rationale":"Investigate an uncovered required question","step":0,"t":"2026-09-17T20:23:29.144Z"}
{"level":"info","event":"action","runId":"f915043a-1c67-4e18-a469-7dd449f14c5d","type":"fetch","rationale":"Inspect an already-known source before another generic query","step":1,"t":"2026-09-17T20:23:29.161Z"}
{"level":"info","event":"action","runId":"f915043a-1c67-4e18-a469-7dd449f14c5d","type":"challenge","rationale":"Disconfirm material conclusion: A primary source that directly contradicts this conclusion.","step":2,"t":"2026-09-17T20:23:29.175Z"}
{"level":"info","event":"action","runId":"f915043a-1c67-4e18-a469-7dd449f14c5d","type":"challenge","rationale":"No counterexample found in accessed primary sources. This is not proof that the conclusion is true.","step":3,"t":"2026-09-17T20:23:29.189Z"}
{"level":"info","event":"action","runId":"f915043a-1c67-4e18-a469-7dd449f14c5d","type":"synthesize","rationale":"decision_critical_gaps_resolved_or_unresolvable; high-impact claims supported or qualified; contradictions handled; remaining actions low expected value","step":4,"t":"2026-09-17T20:23:29.204Z"}
{"level":"info","event":"action","runId":"e136b704-b590-443b-84f3-76d2ec5215f6","type":"search","rationale":"Investigate an uncovered required question","step":0,"t":"2026-09-17T20:23:29.752Z"}
{"level":"info","event":"action","runId":"e136b704-b590-443b-84f3-76d2ec5215f6","type":"fetch","rationale":"Inspect an already-known source before another generic query","step":1,"t":"2026-09-17T20:23:29.793Z"}
{"level":"info","event":"action","runId":"e136b704-b590-443b-84f3-76d2ec5215f6","type":"fetch","rationale":"Inspect an already-known source before another generic query","step":2,"t":"2026-09-17T20:23:29.814Z"}
{"level":"info","event":"action","runId":"e136b704-b590-443b-84f3-76d2ec5215f6","type":"fetch","rationale":"Inspect an already-known source before another generic query","step":3,"t":"2026-09-17T20:23:29.838Z"}
{"level":"info","event":"action","runId":"e136b704-b590-443b-84f3-76d2ec5215f6","type":"challenge","rationale":"Disconfirm material conclusion: A primary source that directly contradicts this conclusion.","step":4,"t":"2026-09-17T20:23:29.868Z"}
{"level":"info","event":"action","runId":"e136b704-b590-443b-84f3-76d2ec5215f6","type":"challenge","rationale":"No counterexample found in accessed primary sources. This is not proof that the conclusion is true.","step":5,"t":"2026-09-17T20:23:29.903Z"}
{"level":"info","event":"action","runId":"e136b704-b590-443b-84f3-76d2ec5215f6","type":"synthesize","rationale":"decision_critical_gaps_resolved_or_unresolvable; high-impact claims supported or qualified; contradictions handled; remaining actions low expected value","step":6,"t":"2026-09-17T20:23:29.927Z"}
{"level":"info","event":"action","runId":"bbd96d1a-6ef3-499c-9431-92b74832377e","type":"search","rationale":"Investigate an uncovered required question","step":0,"t":"2026-09-17T20:23:30.747Z"}
{"level":"info","event":"action","runId":"bbd96d1a-6ef3-499c-9431-92b74832377e","type":"fetch","rationale":"Inspect an already-known source before another generic query","step":1,"t":"2026-09-17T20:23:30.802Z"}
{"level":"info","event":"action","runId":"bbd96d1a-6ef3-499c-9431-92b74832377e","type":"fetch","rationale":"Inspect an already-known source before another generic query","step":2,"t":"2026-09-17T20:23:30.841Z"}
{"level":"info","event":"action","runId":"bbd96d1a-6ef3-499c-9431-92b74832377e","type":"fetch","rationale":"Inspect an already-known source before another generic query","step":3,"t":"2026-09-17T20:23:30.889Z"}
{"level":"info","event":"action","runId":"bbd96d1a-6ef3-499c-9431-92b74832377e","type":"fetch","rationale":"Inspect an already-known source before another generic query","step":4,"t":"2026-09-17T20:23:30.933Z"}
{"level":"info","event":"action","runId":"bbd96d1a-6ef3-499c-9431-92b74832377e","type":"fetch","rationale":"Inspect an already-known source before another generic query","step":5,"t":"2026-09-17T20:23:30.964Z"}
{"level":"info","event":"action","runId":"bbd96d1a-6ef3-499c-9431-92b74832377e","type":"challenge","rationale":"Disconfirm material conclusion: A primary source that directly contradicts this conclusion.","step":6,"t":"2026-09-17T20:23:31.002Z"}
{"level":"info","event":"action","runId":"bbd96d1a-6ef3-499c-9431-92b74832377e","type":"challenge","rationale":"No counterexample found in accessed primary sources. This is not proof that the conclusion is true.","step":7,"t":"2026-09-17T20:23:31.044Z"}
{"level":"info","event":"action","runId":"bbd96d1a-6ef3-499c-9431-92b74832377e","type":"synthesize","rationale":"decision_critical_gaps_resolved_or_unresolvable; high-impact claims supported or qualified; contradictions handled; remaining actions low expected value","step":8,"t":"2026-09-17T20:23:31.078Z"}
{"level":"info","event":"action","runId":"c33e0184-6b7a-4390-a80c-f37fbf69b295","type":"challenge","rationale":"Disconfirm material conclusion: A primary source that directly contradicts this conclusion.","step":0,"t":"2026-09-17T20:23:31.975Z"}
{"level":"info","event":"action","runId":"c33e0184-6b7a-4390-a80c-f37fbf69b295","type":"fetch","rationale":"Inspect an already-known source before another generic query","step":1,"t":"2026-09-17T20:23:32.037Z"}
{"level":"info","event":"action","runId":"c33e0184-6b7a-4390-a80c-f37fbf69b295","type":"fetch","rationale":"Inspect an already-known source before another generic query","step":2,"t":"2026-09-17T20:23:32.072Z"}
{"level":"info","event":"action","runId":"c33e0184-6b7a-4390-a80c-f37fbf69b295","type":"fetch","rationale":"Inspect an already-known source before another generic query","step":3,"t":"2026-09-17T20:23:32.108Z"}
{"level":"info","event":"action","runId":"c33e0184-6b7a-4390-a80c-f37fbf69b295","type":"challenge","rationale":"No counterexample found in accessed primary sources. This is not proof that the conclusion is true.","step":4,"t":"2026-09-17T20:23:32.156Z"}
{"level":"info","event":"action","runId":"c33e0184-6b7a-4390-a80c-f37fbf69b295","type":"synthesize","rationale":"decision_critical_gaps_resolved_or_unresolvable; high-impact claims supported or qualified; contradictions handled; remaining actions low expected value","step":5,"t":"2026-09-17T20:23:32.194Z"}
{"level":"info","event":"action","runId":"e04a99a5-455e-42d7-a010-909271f1180f","type":"search","rationale":"Investigate an uncovered required question","step":0,"t":"2026-09-17T20:23:33.023Z"}
{"level":"info","event":"action","runId":"e04a99a5-455e-42d7-a010-909271f1180f","type":"fetch","rationale":"Inspect an already-known source before another generic query","step":1,"t":"2026-09-17T20:23:33.066Z"}
{"level":"info","event":"action","runId":"e04a99a5-455e-42d7-a010-909271f1180f","type":"fetch","rationale":"Inspect an already-known source before another generic query","step":2,"t":"2026-09-17T20:23:33.092Z"}
{"level":"info","event":"action","runId":"e04a99a5-455e-42d7-a010-909271f1180f","type":"fetch","rationale":"Inspect an already-known source before another generic query","step":3,"t":"2026-09-17T20:23:33.116Z"}
{"level":"info","event":"action","runId":"e04a99a5-455e-42d7-a010-909271f1180f","type":"challenge","rationale":"Disconfirm material conclusion: A hard-constraint violation for a candidate currently marked eligible.","step":4,"t":"2026-09-17T20:23:33.151Z"}
{"level":"info","event":"action","runId":"e04a99a5-455e-42d7-a010-909271f1180f","type":"challenge","rationale":"No counterexample found in accessed primary sources. This is not proof that the conclusion is true.","step":5,"t":"2026-09-17T20:23:33.181Z"}
{"level":"info","event":"action","runId":"e04a99a5-455e-42d7-a010-909271f1180f","type":"synthesize","rationale":"decision_critical_gaps_resolved_or_unresolvable; high-impact claims supported or qualified; contradictions handled; remaining actions low expected value","step":6,"t":"2026-09-17T20:23:33.205Z"}
{"level":"info","event":"action","runId":"414a2adc-daae-4256-a80f-f384d3d76dd2","type":"search","rationale":"Investigate an uncovered required question","step":0,"t":"2026-09-17T20:23:33.818Z"}
{"level":"info","event":"action","runId":"414a2adc-daae-4256-a80f-f384d3d76dd2","type":"fetch","rationale":"Inspect an already-known source before another generic query","step":1,"t":"2026-09-17T20:23:33.851Z"}
{"level":"info","event":"action","runId":"414a2adc-daae-4256-a80f-f384d3d76dd2","type":"fetch","rationale":"Inspect an already-known source before another generic query","step":2,"t":"2026-09-17T20:23:33.872Z"}
{"level":"info","event":"action","runId":"414a2adc-daae-4256-a80f-f384d3d76dd2","type":"fetch","rationale":"Inspect an already-known source before another generic query","step":3,"t":"2026-09-17T20:23:33.892Z"}
{"level":"info","event":"action","runId":"414a2adc-daae-4256-a80f-f384d3d76dd2","type":"challenge","rationale":"Disconfirm material conclusion: A hard-constraint violation for a candidate currently marked eligible.","step":4,"t":"2026-09-17T20:23:33.912Z"}
{"level":"info","event":"action","runId":"414a2adc-daae-4256-a80f-f384d3d76dd2","type":"challenge","rationale":"No counterexample found in accessed primary sources. This is not proof that the conclusion is true.","step":5,"t":"2026-09-17T20:23:33.931Z"}
{"level":"info","event":"action","runId":"414a2adc-daae-4256-a80f-f384d3d76dd2","type":"synthesize","rationale":"decision_critical_gaps_resolved_or_unresolvable; high-impact claims supported or qualified; contradictions handled; remaining actions low expected value","step":6,"t":"2026-09-17T20:23:33.947Z"}
{"level":"info","event":"action","runId":"12aff535-3ed9-4f03-a4b3-d015e24373b8","type":"search","rationale":"Investigate an uncovered required question","step":0,"t":"2026-09-17T20:23:34.252Z"}
{"level":"info","event":"action","runId":"12aff535-3ed9-4f03-a4b3-d015e24373b8","type":"fetch","rationale":"Inspect an already-known source before another generic query","step":1,"t":"2026-09-17T20:23:34.279Z"}
{"level":"info","event":"action","runId":"12aff535-3ed9-4f03-a4b3-d015e24373b8","type":"fetch","rationale":"Inspect an already-known source before another generic query","step":2,"t":"2026-09-17T20:23:34.299Z"}
{"level":"info","event":"action","runId":"12aff535-3ed9-4f03-a4b3-d015e24373b8","type":"fetch","rationale":"Inspect an already-known source before another generic query","step":3,"t":"2026-09-17T20:23:34.317Z"}
{"level":"info","event":"action","runId":"12aff535-3ed9-4f03-a4b3-d015e24373b8","type":"challenge","rationale":"Disconfirm material conclusion: A hard-constraint violation for a candidate currently marked eligible.","step":4,"t":"2026-09-17T20:23:34.336Z"}
{"level":"info","event":"action","runId":"12aff535-3ed9-4f03-a4b3-d015e24373b8","type":"challenge","rationale":"Disconfirm material conclusion: A hard-constraint violation for a candidate currently marked eligible.","step":5,"t":"2026-09-17T20:23:34.362Z"}
{"level":"info","event":"action","runId":"12aff535-3ed9-4f03-a4b3-d015e24373b8","type":"challenge","rationale":"Disconfirm material conclusion: A hard-constraint violation for a candidate currently marked eligible.","step":6,"t":"2026-09-17T20:23:34.381Z"}
{"level":"info","event":"action","runId":"12aff535-3ed9-4f03-a4b3-d015e24373b8","type":"challenge","rationale":"Disconfirm material conclusion: A hard-constraint violation for a candidate currently marked eligible.","step":7,"t":"2026-09-17T20:23:34.401Z"}
{"level":"info","event":"action","runId":"12aff535-3ed9-4f03-a4b3-d015e24373b8","type":"challenge","rationale":"Disconfirm material conclusion: A hard-constraint violation for a candidate currently marked eligible.","step":8,"t":"2026-09-17T20:23:34.421Z"}
{"level":"info","event":"action","runId":"12aff535-3ed9-4f03-a4b3-d015e24373b8","type":"challenge","rationale":"Disconfirm material conclusion: A hard-constraint violation for a candidate currently marked eligible.","step":9,"t":"2026-09-17T20:23:34.440Z"}
{"level":"info","event":"action","runId":"12aff535-3ed9-4f03-a4b3-d015e24373b8","type":"challenge","rationale":"Disconfirm material conclusion: A hard-constraint violation for a candidate currently marked eligible.","step":10,"t":"2026-09-17T20:23:34.460Z"}
{"level":"info","event":"action","runId":"12aff535-3ed9-4f03-a4b3-d015e24373b8","type":"challenge","rationale":"No counterexample found in accessed primary sources. This is not proof that the conclusion is true.","step":11,"t":"2026-09-17T20:23:34.479Z"}
{"level":"info","event":"action","runId":"12aff535-3ed9-4f03-a4b3-d015e24373b8","type":"stop","rationale":"Repeated searches returned no novel source family or coverage progress","step":12,"t":"2026-09-17T20:23:34.493Z"}
{"level":"info","event":"action","runId":"25ae3a07-54dc-40f6-b22c-7339fb054d17","type":"search","rationale":"Investigate an uncovered required question","step":0,"t":"2026-09-17T20:23:35.381Z"}
{"level":"info","event":"action","runId":"25ae3a07-54dc-40f6-b22c-7339fb054d17","type":"fetch","rationale":"Inspect an already-known source before another generic query","step":1,"t":"2026-09-17T20:23:35.436Z"}
{"level":"info","event":"action","runId":"25ae3a07-54dc-40f6-b22c-7339fb054d17","type":"fetch","rationale":"Inspect an already-known source before another generic query","step":2,"t":"2026-09-17T20:23:35.497Z"}
{"level":"info","event":"action","runId":"25ae3a07-54dc-40f6-b22c-7339fb054d17","type":"fetch","rationale":"Inspect an already-known source before another generic query","step":3,"t":"2026-09-17T20:23:35.551Z"}
{"level":"info","event":"action","runId":"25ae3a07-54dc-40f6-b22c-7339fb054d17","type":"challenge","rationale":"Disconfirm material conclusion: A hard-constraint violation for a candidate currently marked eligible.","step":4,"t":"2026-09-17T20:23:35.608Z"}
{"level":"info","event":"action","runId":"25ae3a07-54dc-40f6-b22c-7339fb054d17","type":"challenge","rationale":"No counterexample found in accessed primary sources. This is not proof that the conclusion is true.","step":5,"t":"2026-09-17T20:23:35.644Z"}
{"level":"info","event":"action","runId":"25ae3a07-54dc-40f6-b22c-7339fb054d17","type":"synthesize","rationale":"decision_critical_gaps_resolved_or_unresolvable; high-impact claims supported or qualified; contradictions handled; remaining actions low expected value","step":6,"t":"2026-09-17T20:23:35.667Z"}
{"level":"info","event":"action","runId":"ef086d06-5e4f-4baf-8a0f-13b6de590974","type":"search","rationale":"Investigate an uncovered required question","step":0,"t":"2026-09-17T20:23:36.090Z"}
{"level":"info","event":"action","runId":"ef086d06-5e4f-4baf-8a0f-13b6de590974","type":"fetch","rationale":"Inspect an already-known source before another generic query","step":1,"t":"2026-09-17T20:23:36.136Z"}
{"level":"info","event":"action","runId":"ef086d06-5e4f-4baf-8a0f-13b6de590974","type":"fetch","rationale":"Inspect an already-known source before another generic query","step":2,"t":"2026-09-17T20:23:36.176Z"}
{"level":"info","event":"action","runId":"ef086d06-5e4f-4baf-8a0f-13b6de590974","type":"fetch","rationale":"Inspect an already-known source before another generic query","step":3,"t":"2026-09-17T20:23:36.209Z"}
{"level":"info","event":"action","runId":"ef086d06-5e4f-4baf-8a0f-13b6de590974","type":"challenge","rationale":"Disconfirm material conclusion: A hard-constraint violation for a candidate currently marked eligible.","step":4,"t":"2026-09-17T20:23:36.235Z"}
{"level":"info","event":"action","runId":"ef086d06-5e4f-4baf-8a0f-13b6de590974","type":"challenge","rationale":"Disconfirm material conclusion: A hard-constraint violation for a candidate currently marked eligible.","step":5,"t":"2026-09-17T20:23:36.261Z"}
{"level":"info","event":"action","runId":"ef086d06-5e4f-4baf-8a0f-13b6de590974","type":"challenge","rationale":"Disconfirm material conclusion: A hard-constraint violation for a candidate currently marked eligible.","step":6,"t":"2026-09-17T20:23:36.287Z"}
{"level":"info","event":"action","runId":"ef086d06-5e4f-4baf-8a0f-13b6de590974","type":"challenge","rationale":"Disconfirm material conclusion: A hard-constraint violation for a candidate currently marked eligible.","step":7,"t":"2026-09-17T20:23:36.311Z"}
{"level":"info","event":"action","runId":"ef086d06-5e4f-4baf-8a0f-13b6de590974","type":"challenge","rationale":"Disconfirm material conclusion: A hard-constraint violation for a candidate currently marked eligible.","step":8,"t":"2026-09-17T20:23:36.334Z"}
{"level":"info","event":"action","runId":"ef086d06-5e4f-4baf-8a0f-13b6de590974","type":"challenge","rationale":"Disconfirm material conclusion: A hard-constraint violation for a candidate currently marked eligible.","step":9,"t":"2026-09-17T20:23:36.362Z"}
{"level":"info","event":"action","runId":"ef086d06-5e4f-4baf-8a0f-13b6de590974","type":"challenge","rationale":"Disconfirm material conclusion: A hard-constraint violation for a candidate currently marked eligible.","step":10,"t":"2026-09-17T20:23:36.389Z"}
{"level":"info","event":"action","runId":"ef086d06-5e4f-4baf-8a0f-13b6de590974","type":"challenge","rationale":"No counterexample found in accessed primary sources. This is not proof that the conclusion is true.","step":11,"t":"2026-09-17T20:23:36.419Z"}
{"level":"info","event":"action","runId":"ef086d06-5e4f-4baf-8a0f-13b6de590974","type":"stop","rationale":"Repeated searches returned no novel source family or coverage progress","step":12,"t":"2026-09-17T20:23:36.441Z"}
{"level":"info","event":"action","runId":"9f6ec49a-bca9-4cd3-a6ca-3759e9651ff5","type":"challenge","rationale":"Disconfirm material conclusion: A primary source that directly contradicts this conclusion.","step":0,"t":"2026-09-17T20:23:37.122Z"}
{"level":"info","event":"action","runId":"9f6ec49a-bca9-4cd3-a6ca-3759e9651ff5","type":"fetch","rationale":"Inspect an already-known source before another generic query","step":1,"t":"2026-09-17T20:23:37.157Z"}
{"level":"info","event":"action","runId":"9f6ec49a-bca9-4cd3-a6ca-3759e9651ff5","type":"fetch","rationale":"Inspect an already-known source before another generic query","step":2,"t":"2026-09-17T20:23:37.180Z"}
{"level":"info","event":"action","runId":"9f6ec49a-bca9-4cd3-a6ca-3759e9651ff5","type":"fetch","rationale":"Inspect an already-known source before another generic query","step":3,"t":"2026-09-17T20:23:37.203Z"}
{"level":"info","event":"action","runId":"9f6ec49a-bca9-4cd3-a6ca-3759e9651ff5","type":"challenge","rationale":"No counterexample found in accessed primary sources. This is not proof that the conclusion is true.","step":4,"t":"2026-09-17T20:23:37.236Z"}
{"level":"info","event":"action","runId":"9f6ec49a-bca9-4cd3-a6ca-3759e9651ff5","type":"synthesize","rationale":"decision_critical_gaps_resolved_or_unresolvable; high-impact claims supported or qualified; contradictions handled; remaining actions low expected value","step":5,"t":"2026-09-17T20:23:37.263Z"}
{"level":"info","event":"action","runId":"de08d5d9-bf5f-4e73-a6c0-a9850d699288","type":"search","rationale":"Investigate an uncovered required question","step":0,"t":"2026-09-17T20:23:38.032Z"}
{"level":"info","event":"action","runId":"de08d5d9-bf5f-4e73-a6c0-a9850d699288","type":"fetch","rationale":"Inspect an already-known source before another generic query","step":1,"t":"2026-09-17T20:23:38.068Z"}
{"level":"info","event":"action","runId":"de08d5d9-bf5f-4e73-a6c0-a9850d699288","type":"fetch","rationale":"Inspect an already-known source before another generic query","step":2,"t":"2026-09-17T20:23:38.090Z"}
{"level":"info","event":"action","runId":"de08d5d9-bf5f-4e73-a6c0-a9850d699288","type":"fetch","rationale":"Inspect an already-known source before another generic query","step":3,"t":"2026-09-17T20:23:38.111Z"}
{"level":"info","event":"action","runId":"de08d5d9-bf5f-4e73-a6c0-a9850d699288","type":"challenge","rationale":"Disconfirm material conclusion: A primary source that directly contradicts this conclusion.","step":4,"t":"2026-09-17T20:23:38.133Z"}
{"level":"info","event":"action","runId":"de08d5d9-bf5f-4e73-a6c0-a9850d699288","type":"challenge","rationale":"No counterexample found in accessed primary sources. This is not proof that the conclusion is true.","step":5,"t":"2026-09-17T20:23:38.156Z"}
{"level":"info","event":"action","runId":"de08d5d9-bf5f-4e73-a6c0-a9850d699288","type":"synthesize","rationale":"decision_critical_gaps_resolved_or_unresolvable; high-impact claims supported or qualified; contradictions handled; remaining actions low expected value","step":6,"t":"2026-09-17T20:23:38.172Z"}
{"level":"info","event":"action","runId":"45ac84c6-a19d-41d8-9fc1-45e9de8464c2","type":"search","rationale":"Investigate an uncovered required question","step":0,"t":"2026-09-17T20:23:38.737Z"}
{"level":"info","event":"action","runId":"45ac84c6-a19d-41d8-9fc1-45e9de8464c2","type":"fetch","rationale":"Inspect an already-known source before another generic query","step":1,"t":"2026-09-17T20:23:38.775Z"}
{"level":"info","event":"action","runId":"45ac84c6-a19d-41d8-9fc1-45e9de8464c2","type":"fetch","rationale":"Inspect an already-known source before another generic query","step":2,"t":"2026-09-17T20:23:38.791Z"}
{"level":"info","event":"action","runId":"45ac84c6-a19d-41d8-9fc1-45e9de8464c2","type":"fetch","rationale":"Inspect an already-known source before another generic query","step":3,"t":"2026-09-17T20:23:38.811Z"}
{"level":"info","event":"action","runId":"45ac84c6-a19d-41d8-9fc1-45e9de8464c2","type":"fetch","rationale":"Inspect an already-known source before another generic query","step":4,"t":"2026-09-17T20:23:38.830Z"}
{"level":"info","event":"action","runId":"45ac84c6-a19d-41d8-9fc1-45e9de8464c2","type":"fetch","rationale":"Inspect an already-known source before another generic query","step":5,"t":"2026-09-17T20:23:38.848Z"}
{"level":"info","event":"action","runId":"45ac84c6-a19d-41d8-9fc1-45e9de8464c2","type":"challenge","rationale":"Disconfirm material conclusion: A primary source that directly contradicts this conclusion.","step":6,"t":"2026-09-17T20:23:38.865Z"}
{"level":"info","event":"action","runId":"45ac84c6-a19d-41d8-9fc1-45e9de8464c2","type":"challenge","rationale":"No counterexample found in accessed primary sources. This is not proof that the conclusion is true.","step":7,"t":"2026-09-17T20:23:38.884Z"}
{"level":"info","event":"action","runId":"45ac84c6-a19d-41d8-9fc1-45e9de8464c2","type":"synthesize","rationale":"decision_critical_gaps_resolved_or_unresolvable; high-impact claims supported or qualified; contradictions handled; remaining actions low expected value","step":8,"t":"2026-09-17T20:23:38.897Z"}
{"level":"info","event":"action","runId":"6dede3db-b644-4366-b3be-1925bdc3a0f6","type":"search","rationale":"Investigate an uncovered required question","step":0,"t":"2026-09-17T20:23:39.518Z"}
{"level":"info","event":"action","runId":"6dede3db-b644-4366-b3be-1925bdc3a0f6","type":"fetch","rationale":"Inspect an already-known source before another generic query","step":1,"t":"2026-09-17T20:23:39.565Z"}
{"level":"info","event":"action","runId":"6dede3db-b644-4366-b3be-1925bdc3a0f6","type":"fetch","rationale":"Inspect an already-known source before another generic query","step":2,"t":"2026-09-17T20:23:39.588Z"}
{"level":"info","event":"action","runId":"6dede3db-b644-4366-b3be-1925bdc3a0f6","type":"fetch","rationale":"Inspect an already-known source before another generic query","step":3,"t":"2026-09-17T20:23:39.608Z"}
{"level":"info","event":"action","runId":"6dede3db-b644-4366-b3be-1925bdc3a0f6","type":"challenge","rationale":"Disconfirm material conclusion: A primary source that directly contradicts this conclusion.","step":4,"t":"2026-09-17T20:23:39.631Z"}
{"level":"info","event":"action","runId":"6dede3db-b644-4366-b3be-1925bdc3a0f6","type":"challenge","rationale":"No counterexample found in accessed primary sources. This is not proof that the conclusion is true.","step":5,"t":"2026-09-17T20:23:39.652Z"}
{"level":"info","event":"action","runId":"6dede3db-b644-4366-b3be-1925bdc3a0f6","type":"synthesize","rationale":"decision_critical_gaps_resolved_or_unresolvable; high-impact claims supported or qualified; contradictions handled; remaining actions low expected value","step":6,"t":"2026-09-17T20:23:39.668Z"}
{"level":"info","event":"action","runId":"161f2f9e-3150-4bee-8d29-94c0992aebe5","type":"search","rationale":"Investigate an uncovered required question","step":0,"t":"2026-09-17T20:23:40.186Z"}
{"level":"info","event":"action","runId":"161f2f9e-3150-4bee-8d29-94c0992aebe5","type":"fetch","rationale":"Inspect an already-known source before another generic query","step":1,"t":"2026-09-17T20:23:40.205Z"}
{"level":"info","event":"action","runId":"161f2f9e-3150-4bee-8d29-94c0992aebe5","type":"fetch","rationale":"Inspect an already-known source before another generic query","step":2,"t":"2026-09-17T20:23:40.219Z"}
{"level":"info","event":"action","runId":"161f2f9e-3150-4bee-8d29-94c0992aebe5","type":"fetch","rationale":"Inspect an already-known source before another generic query","step":3,"t":"2026-09-17T20:23:40.231Z"}
{"level":"info","event":"action","runId":"161f2f9e-3150-4bee-8d29-94c0992aebe5","type":"fetch","rationale":"Inspect an already-known source before another generic query","step":4,"t":"2026-09-17T20:23:40.243Z"}
{"level":"info","event":"action","runId":"161f2f9e-3150-4bee-8d29-94c0992aebe5","type":"fetch","rationale":"Inspect an already-known source before another generic query","step":5,"t":"2026-09-17T20:23:40.257Z"}
{"level":"info","event":"action","runId":"161f2f9e-3150-4bee-8d29-94c0992aebe5","type":"challenge","rationale":"Disconfirm material conclusion: A primary source that directly contradicts this conclusion.","step":6,"t":"2026-09-17T20:23:40.270Z"}
{"level":"info","event":"action","runId":"161f2f9e-3150-4bee-8d29-94c0992aebe5","type":"challenge","rationale":"No counterexample found in accessed primary sources. This is not proof that the conclusion is true.","step":7,"t":"2026-09-17T20:23:40.283Z"}
{"level":"info","event":"action","runId":"161f2f9e-3150-4bee-8d29-94c0992aebe5","type":"synthesize","rationale":"decision_critical_gaps_resolved_or_unresolvable; high-impact claims supported or qualified; contradictions handled; remaining actions low expected value","step":8,"t":"2026-09-17T20:23:40.294Z"}
{"level":"info","event":"action","runId":"734f3097-490a-410e-8731-aa8f7066a145","type":"search","rationale":"Investigate an uncovered required question","step":0,"t":"2026-09-17T20:23:40.947Z"}
{"level":"info","event":"action","runId":"734f3097-490a-410e-8731-aa8f7066a145","type":"fetch","rationale":"Inspect an already-known source before another generic query","step":1,"t":"2026-09-17T20:23:40.964Z"}
{"level":"info","event":"action","runId":"734f3097-490a-410e-8731-aa8f7066a145","type":"fetch","rationale":"Inspect an already-known source before another generic query","step":2,"t":"2026-09-17T20:23:40.975Z"}
{"level":"info","event":"action","runId":"734f3097-490a-410e-8731-aa8f7066a145","type":"fetch","rationale":"Inspect an already-known source before another generic query","step":3,"t":"2026-09-17T20:23:40.986Z"}
{"level":"info","event":"action","runId":"734f3097-490a-410e-8731-aa8f7066a145","type":"fetch","rationale":"Inspect an already-known source before another generic query","step":4,"t":"2026-09-17T20:23:40.997Z"}
{"level":"info","event":"action","runId":"734f3097-490a-410e-8731-aa8f7066a145","type":"fetch","rationale":"Inspect an already-known source before another generic query","step":5,"t":"2026-09-17T20:23:41.008Z"}
{"level":"info","event":"action","runId":"734f3097-490a-410e-8731-aa8f7066a145","type":"challenge","rationale":"Disconfirm material conclusion: A primary source that directly contradicts this conclusion.","step":6,"t":"2026-09-17T20:23:41.019Z"}
{"level":"info","event":"action","runId":"734f3097-490a-410e-8731-aa8f7066a145","type":"challenge","rationale":"No counterexample found in accessed primary sources. This is not proof that the conclusion is true.","step":7,"t":"2026-09-17T20:23:41.030Z"}
{"level":"info","event":"action","runId":"734f3097-490a-410e-8731-aa8f7066a145","type":"synthesize","rationale":"decision_critical_gaps_resolved_or_unresolvable; high-impact claims supported or qualified; contradictions handled; remaining actions low expected value","step":8,"t":"2026-09-17T20:23:41.043Z"}
{"level":"info","event":"action","runId":"cae1e036-c80e-4877-a261-a26808dd1a4a","type":"search","rationale":"Investigate an uncovered required question","step":0,"t":"2026-09-17T20:23:41.497Z"}
{"level":"info","event":"action","runId":"cae1e036-c80e-4877-a261-a26808dd1a4a","type":"fetch","rationale":"Inspect an already-known source before another generic query","step":1,"t":"2026-09-17T20:23:41.518Z"}
{"level":"info","event":"action","runId":"cae1e036-c80e-4877-a261-a26808dd1a4a","type":"fetch","rationale":"Inspect an already-known source before another generic query","step":2,"t":"2026-09-17T20:23:41.529Z"}
{"level":"info","event":"action","runId":"cae1e036-c80e-4877-a261-a26808dd1a4a","type":"fetch","rationale":"Inspect an already-known source before another generic query","step":3,"t":"2026-09-17T20:23:41.539Z"}
{"level":"info","event":"action","runId":"cae1e036-c80e-4877-a261-a26808dd1a4a","type":"fetch","rationale":"Inspect an already-known source before another generic query","step":4,"t":"2026-09-17T20:23:41.552Z"}
{"level":"info","event":"action","runId":"cae1e036-c80e-4877-a261-a26808dd1a4a","type":"fetch","rationale":"Inspect an already-known source before another generic query","step":5,"t":"2026-09-17T20:23:41.565Z"}
{"level":"info","event":"action","runId":"cae1e036-c80e-4877-a261-a26808dd1a4a","type":"challenge","rationale":"Disconfirm material conclusion: A primary source that directly contradicts this conclusion.","step":6,"t":"2026-09-17T20:23:41.576Z"}
{"level":"info","event":"action","runId":"cae1e036-c80e-4877-a261-a26808dd1a4a","type":"challenge","rationale":"No counterexample found in accessed primary sources. This is not proof that the conclusion is true.","step":7,"t":"2026-09-17T20:23:41.587Z"}
{"level":"info","event":"action","runId":"cae1e036-c80e-4877-a261-a26808dd1a4a","type":"synthesize","rationale":"decision_critical_gaps_resolved_or_unresolvable; high-impact claims supported or qualified; contradictions handled; remaining actions low expected value","step":8,"t":"2026-09-17T20:23:41.597Z"}
{"level":"info","event":"action","runId":"fc0d0028-23f6-4a4f-9f17-c884e00092fc","type":"search","rationale":"Investigate an uncovered required question","step":0,"t":"2026-09-17T20:23:42.028Z"}
{"level":"info","event":"action","runId":"fc0d0028-23f6-4a4f-9f17-c884e00092fc","type":"fetch","rationale":"Inspect an already-known source before another generic query","step":1,"t":"2026-09-17T20:23:42.046Z"}
{"level":"info","event":"action","runId":"fc0d0028-23f6-4a4f-9f17-c884e00092fc","type":"fetch","rationale":"Inspect an already-known source before another generic query","step":2,"t":"2026-09-17T20:23:42.058Z"}
{"level":"info","event":"action","runId":"fc0d0028-23f6-4a4f-9f17-c884e00092fc","type":"fetch","rationale":"Inspect an already-known source before another generic query","step":3,"t":"2026-09-17T20:23:42.069Z"}
{"level":"info","event":"action","runId":"fc0d0028-23f6-4a4f-9f17-c884e00092fc","type":"fetch","rationale":"Inspect an already-known source before another generic query","step":4,"t":"2026-09-17T20:23:42.080Z"}
{"level":"info","event":"action","runId":"fc0d0028-23f6-4a4f-9f17-c884e00092fc","type":"fetch","rationale":"Inspect an already-known source before another generic query","step":5,"t":"2026-09-17T20:23:42.090Z"}
{"level":"info","event":"action","runId":"fc0d0028-23f6-4a4f-9f17-c884e00092fc","type":"challenge","rationale":"Disconfirm material conclusion: A primary source that directly contradicts this conclusion.","step":6,"t":"2026-09-17T20:23:42.100Z"}
{"level":"info","event":"action","runId":"fc0d0028-23f6-4a4f-9f17-c884e00092fc","type":"challenge","rationale":"No counterexample found in accessed primary sources. This is not proof that the conclusion is true.","step":7,"t":"2026-09-17T20:23:42.112Z"}
{"level":"info","event":"action","runId":"fc0d0028-23f6-4a4f-9f17-c884e00092fc","type":"synthesize","rationale":"decision_critical_gaps_resolved_or_unresolvable; high-impact claims supported or qualified; contradictions handled; remaining actions low expected value","step":8,"t":"2026-09-17T20:23:42.121Z"}
{"level":"info","event":"action","runId":"7f121b4c-61b5-47c7-9a2f-346f11d76f6e","type":"search","rationale":"Investigate an uncovered required question","step":0,"t":"2026-09-17T20:23:42.784Z"}
{"level":"info","event":"action","runId":"7f121b4c-61b5-47c7-9a2f-346f11d76f6e","type":"fetch","rationale":"Inspect an already-known source before another generic query","step":1,"t":"2026-09-17T20:23:42.802Z"}
{"level":"info","event":"action","runId":"7f121b4c-61b5-47c7-9a2f-346f11d76f6e","type":"fetch","rationale":"Inspect an already-known source before another generic query","step":2,"t":"2026-09-17T20:23:42.813Z"}
{"level":"info","event":"action","runId":"7f121b4c-61b5-47c7-9a2f-346f11d76f6e","type":"fetch","rationale":"Inspect an already-known source before another generic query","step":3,"t":"2026-09-17T20:23:42.823Z"}
{"level":"info","event":"action","runId":"7f121b4c-61b5-47c7-9a2f-346f11d76f6e","type":"fetch","rationale":"Inspect an already-known source before another generic query","step":4,"t":"2026-09-17T20:23:42.834Z"}
{"level":"info","event":"action","runId":"7f121b4c-61b5-47c7-9a2f-346f11d76f6e","type":"fetch","rationale":"Inspect an already-known source before another generic query","step":5,"t":"2026-09-17T20:23:42.845Z"}
{"level":"info","event":"action","runId":"7f121b4c-61b5-47c7-9a2f-346f11d76f6e","type":"challenge","rationale":"Disconfirm material conclusion: A primary source that directly contradicts this conclusion.","step":6,"t":"2026-09-17T20:23:42.856Z"}
{"level":"info","event":"action","runId":"7f121b4c-61b5-47c7-9a2f-346f11d76f6e","type":"challenge","rationale":"No counterexample found in accessed primary sources. This is not proof that the conclusion is true.","step":7,"t":"2026-09-17T20:23:42.867Z"}
{"level":"info","event":"action","runId":"7f121b4c-61b5-47c7-9a2f-346f11d76f6e","type":"synthesize","rationale":"decision_critical_gaps_resolved_or_unresolvable; high-impact claims supported or qualified; contradictions handled; remaining actions low expected value","step":8,"t":"2026-09-17T20:23:42.876Z"}
{"level":"info","event":"action","runId":"2997f6ca-122d-4ffd-b42b-0b457a3727e3","type":"search","rationale":"Investigate an uncovered required question","step":0,"t":"2026-09-17T20:23:43.745Z"}
{"level":"info","event":"action","runId":"2997f6ca-122d-4ffd-b42b-0b457a3727e3","type":"fetch","rationale":"Inspect an already-known source before another generic query","step":1,"t":"2026-09-17T20:23:43.764Z"}
{"level":"info","event":"action","runId":"2997f6ca-122d-4ffd-b42b-0b457a3727e3","type":"fetch","rationale":"Inspect an already-known source before another generic query","step":2,"t":"2026-09-17T20:23:43.775Z"}
{"level":"info","event":"action","runId":"2997f6ca-122d-4ffd-b42b-0b457a3727e3","type":"fetch","rationale":"Inspect an already-known source before another generic query","step":3,"t":"2026-09-17T20:23:43.786Z"}
{"level":"info","event":"action","runId":"2997f6ca-122d-4ffd-b42b-0b457a3727e3","type":"fetch","rationale":"Inspect an already-known source before another generic query","step":4,"t":"2026-09-17T20:23:43.798Z"}
{"level":"info","event":"action","runId":"2997f6ca-122d-4ffd-b42b-0b457a3727e3","type":"fetch","rationale":"Inspect an already-known source before another generic query","step":5,"t":"2026-09-17T20:23:43.809Z"}
{"level":"info","event":"action","runId":"2997f6ca-122d-4ffd-b42b-0b457a3727e3","type":"challenge","rationale":"Disconfirm material conclusion: A primary source that directly contradicts this conclusion.","step":6,"t":"2026-09-17T20:23:43.820Z"}
{"level":"info","event":"action","runId":"2997f6ca-122d-4ffd-b42b-0b457a3727e3","type":"challenge","rationale":"No counterexample found in accessed primary sources. This is not proof that the conclusion is true.","step":7,"t":"2026-09-17T20:23:43.831Z"}
{"level":"info","event":"action","runId":"2997f6ca-122d-4ffd-b42b-0b457a3727e3","type":"synthesize","rationale":"decision_critical_gaps_resolved_or_unresolvable; high-impact claims supported or qualified; contradictions handled; remaining actions low expected value","step":8,"t":"2026-09-17T20:23:43.840Z"}
{"level":"info","event":"action","runId":"0ddeeaa1-d478-40af-9aec-960887896301","type":"search","rationale":"Investigate an uncovered required question","step":0,"t":"2026-09-17T20:23:44.290Z"}
{"level":"info","event":"action","runId":"0ddeeaa1-d478-40af-9aec-960887896301","type":"fetch","rationale":"Inspect an already-known source before another generic query","step":1,"t":"2026-09-17T20:23:44.307Z"}
{"level":"info","event":"action","runId":"0ddeeaa1-d478-40af-9aec-960887896301","type":"fetch","rationale":"Inspect an already-known source before another generic query","step":2,"t":"2026-09-17T20:23:44.317Z"}
{"level":"info","event":"action","runId":"0ddeeaa1-d478-40af-9aec-960887896301","type":"fetch","rationale":"Inspect an already-known source before another generic query","step":3,"t":"2026-09-17T20:23:44.328Z"}
{"level":"info","event":"action","runId":"0ddeeaa1-d478-40af-9aec-960887896301","type":"fetch","rationale":"Inspect an already-known source before another generic query","step":4,"t":"2026-09-17T20:23:44.339Z"}
{"level":"info","event":"action","runId":"0ddeeaa1-d478-40af-9aec-960887896301","type":"fetch","rationale":"Inspect an already-known source before another generic query","step":5,"t":"2026-09-17T20:23:44.351Z"}
{"level":"info","event":"action","runId":"0ddeeaa1-d478-40af-9aec-960887896301","type":"challenge","rationale":"Disconfirm material conclusion: A primary source that directly contradicts this conclusion.","step":6,"t":"2026-09-17T20:23:44.362Z"}
{"level":"info","event":"action","runId":"0ddeeaa1-d478-40af-9aec-960887896301","type":"challenge","rationale":"No counterexample found in accessed primary sources. This is not proof that the conclusion is true.","step":7,"t":"2026-09-17T20:23:44.372Z"}
{"level":"info","event":"action","runId":"0ddeeaa1-d478-40af-9aec-960887896301","type":"synthesize","rationale":"decision_critical_gaps_resolved_or_unresolvable; high-impact claims supported or qualified; contradictions handled; remaining actions low expected value","step":8,"t":"2026-09-17T20:23:44.380Z"}
{"level":"info","event":"action","runId":"50bcdae5-659f-4818-8155-0032227b6dd7","type":"search","rationale":"Investigate an uncovered required question","step":0,"t":"2026-09-17T20:23:44.803Z"}
{"level":"info","event":"action","runId":"50bcdae5-659f-4818-8155-0032227b6dd7","type":"fetch","rationale":"Inspect an already-known source before another generic query","step":1,"t":"2026-09-17T20:23:44.816Z"}
{"level":"info","event":"action","runId":"50bcdae5-659f-4818-8155-0032227b6dd7","type":"challenge","rationale":"Disconfirm material conclusion: A primary source that directly contradicts this conclusion.","step":2,"t":"2026-09-17T20:23:44.826Z"}
{"level":"info","event":"action","runId":"50bcdae5-659f-4818-8155-0032227b6dd7","type":"challenge","rationale":"No counterexample found in accessed primary sources. This is not proof that the conclusion is true.","step":3,"t":"2026-09-17T20:23:44.838Z"}
{"level":"info","event":"action","runId":"50bcdae5-659f-4818-8155-0032227b6dd7","type":"synthesize","rationale":"decision_critical_gaps_resolved_or_unresolvable; high-impact claims supported or qualified; contradictions handled; remaining actions low expected value","step":4,"t":"2026-09-17T20:23:44.847Z"}
{"level":"info","event":"action","runId":"565f965d-4c29-4b98-aa4d-459a43ec5949","type":"search","rationale":"Investigate an uncovered required question","step":0,"t":"2026-09-17T20:23:45.289Z"}
{"level":"info","event":"action","runId":"565f965d-4c29-4b98-aa4d-459a43ec5949","type":"fetch","rationale":"Inspect an already-known source before another generic query","step":1,"t":"2026-09-17T20:23:45.308Z"}
{"level":"info","event":"action","runId":"565f965d-4c29-4b98-aa4d-459a43ec5949","type":"fetch","rationale":"Inspect an already-known source before another generic query","step":2,"t":"2026-09-17T20:23:45.322Z"}
{"level":"info","event":"action","runId":"565f965d-4c29-4b98-aa4d-459a43ec5949","type":"fetch","rationale":"Inspect an already-known source before another generic query","step":3,"t":"2026-09-17T20:23:45.334Z"}
{"level":"info","event":"action","runId":"565f965d-4c29-4b98-aa4d-459a43ec5949","type":"challenge","rationale":"Disconfirm material conclusion: A primary source that directly contradicts this conclusion.","step":4,"t":"2026-09-17T20:23:45.350Z"}
{"level":"info","event":"action","runId":"565f965d-4c29-4b98-aa4d-459a43ec5949","type":"challenge","rationale":"No counterexample found in accessed primary sources. This is not proof that the conclusion is true.","step":5,"t":"2026-09-17T20:23:45.361Z"}
{"level":"info","event":"action","runId":"565f965d-4c29-4b98-aa4d-459a43ec5949","type":"synthesize","rationale":"decision_critical_gaps_resolved_or_unresolvable; high-impact claims supported or qualified; contradictions handled; remaining actions low expected value","step":6,"t":"2026-09-17T20:23:45.370Z"}
{"level":"info","event":"action","runId":"aecd0b5c-1562-4aa1-ba6f-28fe91aa240c","type":"search","rationale":"Investigate an uncovered required question","step":0,"t":"2026-09-17T20:23:45.817Z"}
{"level":"info","event":"action","runId":"aecd0b5c-1562-4aa1-ba6f-28fe91aa240c","type":"fetch","rationale":"Inspect an already-known source before another generic query","step":1,"t":"2026-09-17T20:23:45.835Z"}
{"level":"info","event":"action","runId":"aecd0b5c-1562-4aa1-ba6f-28fe91aa240c","type":"fetch","rationale":"Inspect an already-known source before another generic query","step":2,"t":"2026-09-17T20:23:45.847Z"}
{"level":"info","event":"action","runId":"aecd0b5c-1562-4aa1-ba6f-28fe91aa240c","type":"fetch","rationale":"Inspect an already-known source before another generic query","step":3,"t":"2026-09-17T20:23:45.858Z"}
{"level":"info","event":"action","runId":"aecd0b5c-1562-4aa1-ba6f-28fe91aa240c","type":"challenge","rationale":"Disconfirm material conclusion: A primary source that directly contradicts this conclusion.","step":4,"t":"2026-09-17T20:23:45.872Z"}
{"level":"info","event":"action","runId":"aecd0b5c-1562-4aa1-ba6f-28fe91aa240c","type":"challenge","rationale":"No counterexample found in accessed primary sources. This is not proof that the conclusion is true.","step":5,"t":"2026-09-17T20:23:45.883Z"}
{"level":"info","event":"action","runId":"aecd0b5c-1562-4aa1-ba6f-28fe91aa240c","type":"synthesize","rationale":"decision_critical_gaps_resolved_or_unresolvable; high-impact claims supported or qualified; contradictions handled; remaining actions low expected value","step":6,"t":"2026-09-17T20:23:45.892Z"}
{"level":"info","event":"action","runId":"5ba74423-8f25-4e3a-8428-d6f944dd9c95","type":"search","rationale":"Investigate an uncovered required question","step":0,"t":"2026-09-17T20:23:46.340Z"}
{"level":"info","event":"action","runId":"5ba74423-8f25-4e3a-8428-d6f944dd9c95","type":"fetch","rationale":"Inspect an already-known source before another generic query","step":1,"t":"2026-09-17T20:23:46.359Z"}
{"level":"info","event":"action","runId":"5ba74423-8f25-4e3a-8428-d6f944dd9c95","type":"fetch","rationale":"Inspect an already-known source before another generic query","step":2,"t":"2026-09-17T20:23:46.370Z"}
{"level":"info","event":"action","runId":"5ba74423-8f25-4e3a-8428-d6f944dd9c95","type":"fetch","rationale":"Inspect an already-known source before another generic query","step":3,"t":"2026-09-17T20:23:46.381Z"}
{"level":"info","event":"action","runId":"5ba74423-8f25-4e3a-8428-d6f944dd9c95","type":"fetch","rationale":"Inspect an already-known source before another generic query","step":4,"t":"2026-09-17T20:23:46.391Z"}
{"level":"info","event":"action","runId":"5ba74423-8f25-4e3a-8428-d6f944dd9c95","type":"fetch","rationale":"Inspect an already-known source before another generic query","step":5,"t":"2026-09-17T20:23:46.402Z"}
{"level":"info","event":"action","runId":"5ba74423-8f25-4e3a-8428-d6f944dd9c95","type":"challenge","rationale":"Disconfirm material conclusion: A primary source that directly contradicts this conclusion.","step":6,"t":"2026-09-17T20:23:46.412Z"}
{"level":"info","event":"action","runId":"5ba74423-8f25-4e3a-8428-d6f944dd9c95","type":"challenge","rationale":"No counterexample found in accessed primary sources. This is not proof that the conclusion is true.","step":7,"t":"2026-09-17T20:23:46.424Z"}
{"level":"info","event":"action","runId":"5ba74423-8f25-4e3a-8428-d6f944dd9c95","type":"synthesize","rationale":"decision_critical_gaps_resolved_or_unresolvable; high-impact claims supported or qualified; contradictions handled; remaining actions low expected value","step":8,"t":"2026-09-17T20:23:46.434Z"}
{"level":"info","event":"action","runId":"b84ab339-1038-4ca3-a3ba-d78169be821a","type":"search","rationale":"Investigate an uncovered required question","step":0,"t":"2026-09-17T20:23:46.669Z"}
{"level":"info","event":"action","runId":"b84ab339-1038-4ca3-a3ba-d78169be821a","type":"fetch","rationale":"Inspect an already-known source before another generic query","step":1,"t":"2026-09-17T20:23:46.687Z"}
{"level":"info","event":"action","runId":"b84ab339-1038-4ca3-a3ba-d78169be821a","type":"fetch","rationale":"Inspect an already-known source before another generic query","step":2,"t":"2026-09-17T20:23:46.699Z"}
{"level":"info","event":"action","runId":"b84ab339-1038-4ca3-a3ba-d78169be821a","type":"fetch","rationale":"Inspect an already-known source before another generic query","step":3,"t":"2026-09-17T20:23:46.716Z"}
{"level":"info","event":"action","runId":"b84ab339-1038-4ca3-a3ba-d78169be821a","type":"fetch","rationale":"Inspect an already-known source before another generic query","step":4,"t":"2026-09-17T20:23:46.728Z"}
{"level":"info","event":"action","runId":"b84ab339-1038-4ca3-a3ba-d78169be821a","type":"fetch","rationale":"Inspect an already-known source before another generic query","step":5,"t":"2026-09-17T20:23:46.740Z"}
{"level":"info","event":"action","runId":"b84ab339-1038-4ca3-a3ba-d78169be821a","type":"challenge","rationale":"Disconfirm material conclusion: A primary source that directly contradicts this conclusion.","step":6,"t":"2026-09-17T20:23:46.752Z"}
{"level":"info","event":"action","runId":"b84ab339-1038-4ca3-a3ba-d78169be821a","type":"challenge","rationale":"Disconfirm material conclusion: A primary source that directly contradicts this conclusion.","step":7,"t":"2026-09-17T20:23:46.763Z"}
{"level":"info","event":"action","runId":"b84ab339-1038-4ca3-a3ba-d78169be821a","type":"challenge","rationale":"Disconfirm material conclusion: A primary source that directly contradicts this conclusion.","step":8,"t":"2026-09-17T20:23:46.775Z"}
{"level":"info","event":"action","runId":"b84ab339-1038-4ca3-a3ba-d78169be821a","type":"challenge","rationale":"Disconfirm material conclusion: A primary source that directly contradicts this conclusion.","step":9,"t":"2026-09-17T20:23:46.785Z"}
{"level":"info","event":"action","runId":"b84ab339-1038-4ca3-a3ba-d78169be821a","type":"challenge","rationale":"Disconfirm material conclusion: A primary source that directly contradicts this conclusion.","step":10,"t":"2026-09-17T20:23:46.795Z"}
{"level":"info","event":"action","runId":"b84ab339-1038-4ca3-a3ba-d78169be821a","type":"challenge","rationale":"Disconfirm material conclusion: A primary source that directly contradicts this conclusion.","step":11,"t":"2026-09-17T20:23:46.806Z"}
{"level":"info","event":"action","runId":"b84ab339-1038-4ca3-a3ba-d78169be821a","type":"challenge","rationale":"Disconfirm material conclusion: A primary source that directly contradicts this conclusion.","step":12,"t":"2026-09-17T20:23:46.817Z"}
{"level":"info","event":"action","runId":"b84ab339-1038-4ca3-a3ba-d78169be821a","type":"challenge","rationale":"No counterexample found in accessed primary sources. This is not proof that the conclusion is true.","step":13,"t":"2026-09-17T20:23:46.828Z"}
{"level":"info","event":"action","runId":"b84ab339-1038-4ca3-a3ba-d78169be821a","type":"stop","rationale":"Repeated searches returned no novel source family or coverage progress","step":14,"t":"2026-09-17T20:23:46.836Z"}
{"level":"info","event":"action","runId":"bba27cd3-e78b-4e6f-ac50-24e82892c605","type":"search","rationale":"Investigate an uncovered required question","step":0,"t":"2026-09-17T20:23:47.258Z"}
{"level":"info","event":"action","runId":"bba27cd3-e78b-4e6f-ac50-24e82892c605","type":"fetch","rationale":"Inspect an already-known source before another generic query","step":1,"t":"2026-09-17T20:23:47.272Z"}
{"level":"info","event":"action","runId":"bba27cd3-e78b-4e6f-ac50-24e82892c605","type":"fetch","rationale":"Inspect an already-known source before another generic query","step":2,"t":"2026-09-17T20:23:47.283Z"}
{"level":"info","event":"action","runId":"bba27cd3-e78b-4e6f-ac50-24e82892c605","type":"challenge","rationale":"Disconfirm material conclusion: A primary source that directly contradicts this conclusion.","step":3,"t":"2026-09-17T20:23:47.293Z"}
{"level":"info","event":"action","runId":"bba27cd3-e78b-4e6f-ac50-24e82892c605","type":"challenge","rationale":"No counterexample found in accessed primary sources. This is not proof that the conclusion is true.","step":4,"t":"2026-09-17T20:23:47.304Z"}
{"level":"info","event":"action","runId":"bba27cd3-e78b-4e6f-ac50-24e82892c605","type":"synthesize","rationale":"decision_critical_gaps_resolved_or_unresolvable; high-impact claims supported or qualified; contradictions handled; remaining actions low expected value","step":5,"t":"2026-09-17T20:23:47.313Z"}
{"level":"info","event":"action","runId":"d1d29960-907c-4d67-8a4e-f7041e2dbbd6","type":"search","rationale":"Investigate an uncovered required question","step":0,"t":"2026-09-17T20:23:47.756Z"}
{"level":"info","event":"action","runId":"d1d29960-907c-4d67-8a4e-f7041e2dbbd6","type":"fetch","rationale":"Inspect an already-known source before another generic query","step":1,"t":"2026-09-17T20:23:47.770Z"}
{"level":"info","event":"action","runId":"d1d29960-907c-4d67-8a4e-f7041e2dbbd6","type":"challenge","rationale":"Disconfirm material conclusion: A primary source that directly contradicts this conclusion.","step":2,"t":"2026-09-17T20:23:47.781Z"}
{"level":"info","event":"action","runId":"d1d29960-907c-4d67-8a4e-f7041e2dbbd6","type":"challenge","rationale":"No counterexample found in accessed primary sources. This is not proof that the conclusion is true.","step":3,"t":"2026-09-17T20:23:47.792Z"}
{"level":"info","event":"action","runId":"d1d29960-907c-4d67-8a4e-f7041e2dbbd6","type":"synthesize","rationale":"decision_critical_gaps_resolved_or_unresolvable; high-impact claims supported or qualified; contradictions handled; remaining actions low expected value","step":4,"t":"2026-09-17T20:23:47.800Z"}
{"level":"info","event":"action","runId":"8d5f08d0-7dbf-4829-baf1-36ce32a3c651","type":"search","rationale":"Investigate an uncovered required question","step":0,"t":"2026-09-17T20:23:48.245Z"}
{"level":"info","event":"action","runId":"8d5f08d0-7dbf-4829-baf1-36ce32a3c651","type":"fetch","rationale":"Inspect an already-known source before another generic query","step":1,"t":"2026-09-17T20:23:48.259Z"}
{"level":"info","event":"action","runId":"8d5f08d0-7dbf-4829-baf1-36ce32a3c651","type":"challenge","rationale":"Disconfirm material conclusion: A primary source that directly contradicts this conclusion.","step":2,"t":"2026-09-17T20:23:48.270Z"}
{"level":"info","event":"action","runId":"8d5f08d0-7dbf-4829-baf1-36ce32a3c651","type":"challenge","rationale":"No counterexample found in accessed primary sources. This is not proof that the conclusion is true.","step":3,"t":"2026-09-17T20:23:48.281Z"}
{"level":"info","event":"action","runId":"8d5f08d0-7dbf-4829-baf1-36ce32a3c651","type":"synthesize","rationale":"decision_critical_gaps_resolved_or_unresolvable; high-impact claims supported or qualified; contradictions handled; remaining actions low expected value","step":4,"t":"2026-09-17T20:23:48.289Z"}
{"level":"info","event":"action","runId":"30d5643f-8578-45e2-9948-22cc2f60490a","type":"search","rationale":"Investigate an uncovered required question","step":0,"t":"2026-09-17T20:23:48.725Z"}
{"level":"info","event":"action","runId":"30d5643f-8578-45e2-9948-22cc2f60490a","type":"fetch","rationale":"Inspect an already-known source before another generic query","step":1,"t":"2026-09-17T20:23:48.739Z"}
{"level":"info","event":"action","runId":"30d5643f-8578-45e2-9948-22cc2f60490a","type":"challenge","rationale":"Disconfirm material conclusion: A primary source that directly contradicts this conclusion.","step":2,"t":"2026-09-17T20:23:48.751Z"}
{"level":"info","event":"action","runId":"30d5643f-8578-45e2-9948-22cc2f60490a","type":"challenge","rationale":"No counterexample found in accessed primary sources. This is not proof that the conclusion is true.","step":3,"t":"2026-09-17T20:23:48.763Z"}
{"level":"info","event":"action","runId":"30d5643f-8578-45e2-9948-22cc2f60490a","type":"synthesize","rationale":"decision_critical_gaps_resolved_or_unresolvable; high-impact claims supported or qualified; contradictions handled; remaining actions low expected value","step":4,"t":"2026-09-17T20:23:48.771Z"}
{"level":"info","event":"action","runId":"261ee882-74cc-4e9e-bdeb-837e71ee5621","type":"search","rationale":"Investigate an uncovered required question","step":0,"t":"2026-09-17T20:23:49.214Z"}
{"level":"info","event":"action","runId":"261ee882-74cc-4e9e-bdeb-837e71ee5621","type":"fetch","rationale":"Inspect an already-known source before another generic query","step":1,"t":"2026-09-17T20:23:49.226Z"}
{"level":"info","event":"action","runId":"261ee882-74cc-4e9e-bdeb-837e71ee5621","type":"challenge","rationale":"Disconfirm material conclusion: A primary source that directly contradicts this conclusion.","step":2,"t":"2026-09-17T20:23:49.237Z"}
{"level":"info","event":"action","runId":"261ee882-74cc-4e9e-bdeb-837e71ee5621","type":"challenge","rationale":"No counterexample found in accessed primary sources. This is not proof that the conclusion is true.","step":3,"t":"2026-09-17T20:23:49.249Z"}
{"level":"info","event":"action","runId":"261ee882-74cc-4e9e-bdeb-837e71ee5621","type":"synthesize","rationale":"decision_critical_gaps_resolved_or_unresolvable; high-impact claims supported or qualified; contradictions handled; remaining actions low expected value","step":4,"t":"2026-09-17T20:23:49.258Z"}
{"level":"info","event":"action","runId":"72ad858b-4b99-47e1-a9e0-4f402f5e5ddc","type":"search","rationale":"Investigate an uncovered required question","step":0,"t":"2026-09-17T20:23:49.699Z"}
{"level":"info","event":"action","runId":"72ad858b-4b99-47e1-a9e0-4f402f5e5ddc","type":"fetch","rationale":"Inspect an already-known source before another generic query","step":1,"t":"2026-09-17T20:23:49.716Z"}
{"level":"info","event":"action","runId":"72ad858b-4b99-47e1-a9e0-4f402f5e5ddc","type":"fetch","rationale":"Inspect an already-known source before another generic query","step":2,"t":"2026-09-17T20:23:49.728Z"}
{"level":"info","event":"action","runId":"72ad858b-4b99-47e1-a9e0-4f402f5e5ddc","type":"fetch","rationale":"Inspect an already-known source before another generic query","step":3,"t":"2026-09-17T20:23:49.738Z"}
{"level":"info","event":"action","runId":"72ad858b-4b99-47e1-a9e0-4f402f5e5ddc","type":"fetch","rationale":"Inspect an already-known source before another generic query","step":4,"t":"2026-09-17T20:23:49.750Z"}
{"level":"info","event":"action","runId":"72ad858b-4b99-47e1-a9e0-4f402f5e5ddc","type":"fetch","rationale":"Inspect an already-known source before another generic query","step":5,"t":"2026-09-17T20:23:49.762Z"}
{"level":"info","event":"action","runId":"72ad858b-4b99-47e1-a9e0-4f402f5e5ddc","type":"challenge","rationale":"Disconfirm material conclusion: A primary source that directly contradicts this conclusion.","step":6,"t":"2026-09-17T20:23:49.773Z"}
{"level":"info","event":"action","runId":"72ad858b-4b99-47e1-a9e0-4f402f5e5ddc","type":"challenge","rationale":"No counterexample found in accessed primary sources. This is not proof that the conclusion is true.","step":7,"t":"2026-09-17T20:23:49.785Z"}
{"level":"info","event":"action","runId":"72ad858b-4b99-47e1-a9e0-4f402f5e5ddc","type":"synthesize","rationale":"decision_critical_gaps_resolved_or_unresolvable; high-impact claims supported or qualified; contradictions handled; remaining actions low expected value","step":8,"t":"2026-09-17T20:23:49.794Z"}
{"level":"info","event":"action","runId":"13383c36-c0f0-4b0d-bd16-6a624fb10c4b","type":"search","rationale":"Investigate an uncovered required question","step":0,"t":"2026-09-17T20:23:50.229Z"}
{"level":"info","event":"action","runId":"13383c36-c0f0-4b0d-bd16-6a624fb10c4b","type":"fetch","rationale":"Inspect an already-known source before another generic query","step":1,"t":"2026-09-17T20:23:50.246Z"}
{"level":"info","event":"action","runId":"13383c36-c0f0-4b0d-bd16-6a624fb10c4b","type":"synthesize","rationale":"budget requires finishing with available evidence","step":2,"t":"2026-09-17T20:23:50.258Z"}
{"level":"info","event":"action","runId":"b414c37b-33ea-4ea3-9ddf-72a212bdfd19","type":"search","rationale":"Investigate an uncovered required question","step":0,"t":"2026-09-17T20:23:50.694Z"}
{"level":"info","event":"action","runId":"b414c37b-33ea-4ea3-9ddf-72a212bdfd19","type":"fetch","rationale":"Inspect an already-known source before another generic query","step":1,"t":"2026-09-17T20:23:50.712Z"}
{"level":"info","event":"action","runId":"b414c37b-33ea-4ea3-9ddf-72a212bdfd19","type":"fetch","rationale":"Inspect an already-known source before another generic query","step":2,"t":"2026-09-17T20:23:50.723Z"}
{"level":"info","event":"action","runId":"b414c37b-33ea-4ea3-9ddf-72a212bdfd19","type":"fetch","rationale":"Inspect an already-known source before another generic query","step":3,"t":"2026-09-17T20:23:50.734Z"}
{"level":"info","event":"action","runId":"b414c37b-33ea-4ea3-9ddf-72a212bdfd19","type":"fetch","rationale":"Inspect an already-known source before another generic query","step":4,"t":"2026-09-17T20:23:50.745Z"}
{"level":"info","event":"action","runId":"b414c37b-33ea-4ea3-9ddf-72a212bdfd19","type":"fetch","rationale":"Inspect an already-known source before another generic query","step":5,"t":"2026-09-17T20:23:50.756Z"}
{"level":"info","event":"action","runId":"b414c37b-33ea-4ea3-9ddf-72a212bdfd19","type":"challenge","rationale":"Disconfirm material conclusion: A primary source that directly contradicts this conclusion.","step":6,"t":"2026-09-17T20:23:50.767Z"}
{"level":"info","event":"action","runId":"b414c37b-33ea-4ea3-9ddf-72a212bdfd19","type":"challenge","rationale":"No counterexample found in accessed primary sources. This is not proof that the conclusion is true.","step":7,"t":"2026-09-17T20:23:50.778Z"}
{"level":"info","event":"action","runId":"b414c37b-33ea-4ea3-9ddf-72a212bdfd19","type":"synthesize","rationale":"decision_critical_gaps_resolved_or_unresolvable; high-impact claims supported or qualified; contradictions handled; remaining actions low expected value","step":8,"t":"2026-09-17T20:23:50.786Z"}
{"level":"info","event":"action","runId":"d9fe5440-50f3-41e9-b57f-a985cef42f15","type":"search","rationale":"Investigate an uncovered required question","step":0,"t":"2026-09-17T20:23:51.462Z"}
{"level":"info","event":"action","runId":"d9fe5440-50f3-41e9-b57f-a985cef42f15","type":"fetch","rationale":"Inspect an already-known source before another generic query","step":1,"t":"2026-09-17T20:23:51.480Z"}
{"level":"info","event":"action","runId":"d9fe5440-50f3-41e9-b57f-a985cef42f15","type":"fetch","rationale":"Inspect an already-known source before another generic query","step":2,"t":"2026-09-17T20:23:51.490Z"}
{"level":"info","event":"action","runId":"d9fe5440-50f3-41e9-b57f-a985cef42f15","type":"fetch","rationale":"Inspect an already-known source before another generic query","step":3,"t":"2026-09-17T20:23:51.501Z"}
{"level":"info","event":"action","runId":"d9fe5440-50f3-41e9-b57f-a985cef42f15","type":"fetch","rationale":"Inspect an already-known source before another generic query","step":4,"t":"2026-09-17T20:23:51.511Z"}
{"level":"info","event":"action","runId":"d9fe5440-50f3-41e9-b57f-a985cef42f15","type":"fetch","rationale":"Inspect an already-known source before another generic query","step":5,"t":"2026-09-17T20:23:51.520Z"}
{"level":"info","event":"action","runId":"d9fe5440-50f3-41e9-b57f-a985cef42f15","type":"challenge","rationale":"Disconfirm material conclusion: A primary source that directly contradicts this conclusion.","step":6,"t":"2026-09-17T20:23:51.531Z"}
{"level":"info","event":"action","runId":"d9fe5440-50f3-41e9-b57f-a985cef42f15","type":"challenge","rationale":"No counterexample found in accessed primary sources. This is not proof that the conclusion is true.","step":7,"t":"2026-09-17T20:23:51.542Z"}
{"level":"info","event":"action","runId":"d9fe5440-50f3-41e9-b57f-a985cef42f15","type":"synthesize","rationale":"decision_critical_gaps_resolved_or_unresolvable; high-impact claims supported or qualified; contradictions handled; remaining actions low expected value","step":8,"t":"2026-09-17T20:23:51.551Z"}
{"level":"info","event":"action","runId":"1f865ce0-9a68-4e51-889a-5a6a982ea561","type":"challenge","rationale":"Disconfirm material conclusion: A primary source that directly contradicts this conclusion.","step":0,"t":"2026-09-17T20:23:52.233Z"}
{"level":"info","event":"action","runId":"1f865ce0-9a68-4e51-889a-5a6a982ea561","type":"fetch","rationale":"Inspect an already-known source before another generic query","step":1,"t":"2026-09-17T20:23:52.253Z"}
{"level":"info","event":"action","runId":"1f865ce0-9a68-4e51-889a-5a6a982ea561","type":"fetch","rationale":"Inspect an already-known source before another generic query","step":2,"t":"2026-09-17T20:23:52.264Z"}
{"level":"info","event":"action","runId":"1f865ce0-9a68-4e51-889a-5a6a982ea561","type":"fetch","rationale":"Inspect an already-known source before another generic query","step":3,"t":"2026-09-17T20:23:52.275Z"}
{"level":"info","event":"action","runId":"1f865ce0-9a68-4e51-889a-5a6a982ea561","type":"challenge","rationale":"No counterexample found in accessed primary sources. This is not proof that the conclusion is true.","step":4,"t":"2026-09-17T20:23:52.289Z"}
{"level":"info","event":"action","runId":"1f865ce0-9a68-4e51-889a-5a6a982ea561","type":"synthesize","rationale":"decision_critical_gaps_resolved_or_unresolvable; high-impact claims supported or qualified; contradictions handled; remaining actions low expected value","step":5,"t":"2026-09-17T20:23:52.298Z"}
{"level":"info","event":"action","runId":"b22f680c-da2e-46d5-b733-a2507a052732","type":"challenge","rationale":"Disconfirm material conclusion: A primary source that directly contradicts this conclusion.","step":0,"t":"2026-09-17T20:23:52.795Z"}
{"level":"info","event":"action","runId":"b22f680c-da2e-46d5-b733-a2507a052732","type":"fetch","rationale":"Inspect an already-known source before another generic query","step":1,"t":"2026-09-17T20:23:52.815Z"}
{"level":"info","event":"action","runId":"b22f680c-da2e-46d5-b733-a2507a052732","type":"fetch","rationale":"Inspect an already-known source before another generic query","step":2,"t":"2026-09-17T20:23:52.827Z"}
{"level":"info","event":"action","runId":"b22f680c-da2e-46d5-b733-a2507a052732","type":"fetch","rationale":"Inspect an already-known source before another generic query","step":3,"t":"2026-09-17T20:23:52.839Z"}
{"level":"info","event":"action","runId":"b22f680c-da2e-46d5-b733-a2507a052732","type":"challenge","rationale":"No counterexample found in accessed primary sources. This is not proof that the conclusion is true.","step":4,"t":"2026-09-17T20:23:52.856Z"}
{"level":"info","event":"action","runId":"b22f680c-da2e-46d5-b733-a2507a052732","type":"synthesize","rationale":"decision_critical_gaps_resolved_or_unresolvable; high-impact claims supported or qualified; contradictions handled; remaining actions low expected value","step":5,"t":"2026-09-17T20:23:52.866Z"}
{"level":"info","event":"action","runId":"23c674dc-9da0-41f5-80f4-fb2369c76677","type":"search","rationale":"Investigate an uncovered required question","step":0,"t":"2026-09-17T20:23:53.144Z"}
{"level":"info","event":"action","runId":"23c674dc-9da0-41f5-80f4-fb2369c76677","type":"fetch","rationale":"Inspect an already-known source before another generic query","step":1,"t":"2026-09-17T20:23:53.163Z"}
{"level":"info","event":"action","runId":"23c674dc-9da0-41f5-80f4-fb2369c76677","type":"fetch","rationale":"Inspect an already-known source before another generic query","step":2,"t":"2026-09-17T20:23:53.174Z"}
{"level":"info","event":"action","runId":"23c674dc-9da0-41f5-80f4-fb2369c76677","type":"fetch","rationale":"Inspect an already-known source before another generic query","step":3,"t":"2026-09-17T20:23:53.185Z"}
{"level":"info","event":"action","runId":"23c674dc-9da0-41f5-80f4-fb2369c76677","type":"fetch","rationale":"Inspect an already-known source before another generic query","step":4,"t":"2026-09-17T20:23:53.196Z"}
{"level":"info","event":"action","runId":"23c674dc-9da0-41f5-80f4-fb2369c76677","type":"fetch","rationale":"Inspect an already-known source before another generic query","step":5,"t":"2026-09-17T20:23:53.207Z"}
{"level":"info","event":"action","runId":"23c674dc-9da0-41f5-80f4-fb2369c76677","type":"challenge","rationale":"Disconfirm material conclusion: A primary source that directly contradicts this conclusion.","step":6,"t":"2026-09-17T20:23:53.218Z"}
{"level":"info","event":"action","runId":"23c674dc-9da0-41f5-80f4-fb2369c76677","type":"challenge","rationale":"No counterexample found in accessed primary sources. This is not proof that the conclusion is true.","step":7,"t":"2026-09-17T20:23:53.229Z"}
{"level":"info","event":"action","runId":"23c674dc-9da0-41f5-80f4-fb2369c76677","type":"synthesize","rationale":"decision_critical_gaps_resolved_or_unresolvable; high-impact claims supported or qualified; contradictions handled; remaining actions low expected value","step":8,"t":"2026-09-17T20:23:53.238Z"}
{"level":"info","event":"action","runId":"f69f6a65-3890-461c-8be3-2fdb7e71a5b9","type":"search","rationale":"Investigate an uncovered required question","step":0,"t":"2026-09-17T20:23:53.682Z"}
{"level":"info","event":"action","runId":"f69f6a65-3890-461c-8be3-2fdb7e71a5b9","type":"fetch","rationale":"Inspect an already-known source before another generic query","step":1,"t":"2026-09-17T20:23:53.700Z"}
{"level":"info","event":"action","runId":"f69f6a65-3890-461c-8be3-2fdb7e71a5b9","type":"fetch","rationale":"Inspect an already-known source before another generic query","step":2,"t":"2026-09-17T20:23:53.710Z"}
{"level":"info","event":"action","runId":"f69f6a65-3890-461c-8be3-2fdb7e71a5b9","type":"fetch","rationale":"Inspect an already-known source before another generic query","step":3,"t":"2026-09-17T20:23:53.721Z"}
{"level":"info","event":"action","runId":"f69f6a65-3890-461c-8be3-2fdb7e71a5b9","type":"fetch","rationale":"Inspect an already-known source before another generic query","step":4,"t":"2026-09-17T20:23:53.732Z"}
{"level":"info","event":"action","runId":"f69f6a65-3890-461c-8be3-2fdb7e71a5b9","type":"fetch","rationale":"Inspect an already-known source before another generic query","step":5,"t":"2026-09-17T20:23:53.745Z"}
{"level":"info","event":"action","runId":"f69f6a65-3890-461c-8be3-2fdb7e71a5b9","type":"challenge","rationale":"Disconfirm material conclusion: A primary source that directly contradicts this conclusion.","step":6,"t":"2026-09-17T20:23:53.756Z"}
{"level":"info","event":"action","runId":"f69f6a65-3890-461c-8be3-2fdb7e71a5b9","type":"challenge","rationale":"No counterexample found in accessed primary sources. This is not proof that the conclusion is true.","step":7,"t":"2026-09-17T20:23:53.767Z"}
{"level":"info","event":"action","runId":"f69f6a65-3890-461c-8be3-2fdb7e71a5b9","type":"synthesize","rationale":"decision_critical_gaps_resolved_or_unresolvable; high-impact claims supported or qualified; contradictions handled; remaining actions low expected value","step":8,"t":"2026-09-17T20:23:53.776Z"}
{"level":"info","event":"action","runId":"b4f38b49-148b-4d98-9320-cc19e0d83874","type":"clarify","rationale":"A blocking field is unspecified and would change the answer","step":0,"t":"2026-09-17T20:23:54.684Z"}
{"level":"info","event":"action","runId":"9cb692b4-2095-44d3-afd7-28c882cf2dd0","type":"clarify","rationale":"A blocking field is unspecified and would change the answer","step":0,"t":"2026-09-17T20:23:54.925Z"}
{"level":"info","event":"action","runId":"9cb692b4-2095-44d3-afd7-28c882cf2dd0","type":"search","rationale":"Investigate an uncovered required question","step":0,"t":"2026-09-17T20:23:54.945Z"}
{"level":"info","event":"action","runId":"9cb692b4-2095-44d3-afd7-28c882cf2dd0","type":"fetch","rationale":"Inspect an already-known source before another generic query","step":1,"t":"2026-09-17T20:23:54.959Z"}
{"level":"info","event":"action","runId":"9cb692b4-2095-44d3-afd7-28c882cf2dd0","type":"challenge","rationale":"Disconfirm material conclusion: A primary source that directly contradicts this conclusion.","step":2,"t":"2026-09-17T20:23:54.970Z"}
{"level":"info","event":"action","runId":"9cb692b4-2095-44d3-afd7-28c882cf2dd0","type":"challenge","rationale":"Disconfirm material conclusion: A primary source that directly contradicts this conclusion.","step":3,"t":"2026-09-17T20:23:54.981Z"}
{"level":"info","event":"action","runId":"9cb692b4-2095-44d3-afd7-28c882cf2dd0","type":"challenge","rationale":"Disconfirm material conclusion: A primary source that directly contradicts this conclusion.","step":4,"t":"2026-09-17T20:23:54.992Z"}
{"level":"info","event":"action","runId":"9cb692b4-2095-44d3-afd7-28c882cf2dd0","type":"challenge","rationale":"Disconfirm material conclusion: A primary source that directly contradicts this conclusion.","step":5,"t":"2026-09-17T20:23:55.002Z"}
{"level":"info","event":"action","runId":"9cb692b4-2095-44d3-afd7-28c882cf2dd0","type":"challenge","rationale":"Disconfirm material conclusion: A primary source that directly contradicts this conclusion.","step":6,"t":"2026-09-17T20:23:55.013Z"}
{"level":"info","event":"action","runId":"9cb692b4-2095-44d3-afd7-28c882cf2dd0","type":"challenge","rationale":"Disconfirm material conclusion: A primary source that directly contradicts this conclusion.","step":7,"t":"2026-09-17T20:23:55.024Z"}
{"level":"info","event":"action","runId":"9cb692b4-2095-44d3-afd7-28c882cf2dd0","type":"challenge","rationale":"Disconfirm material conclusion: A primary source that directly contradicts this conclusion.","step":8,"t":"2026-09-17T20:23:55.036Z"}
{"level":"info","event":"action","runId":"9cb692b4-2095-44d3-afd7-28c882cf2dd0","type":"challenge","rationale":"No counterexample found in accessed primary sources. This is not proof that the conclusion is true.","step":9,"t":"2026-09-17T20:23:55.047Z"}
{"level":"info","event":"action","runId":"9cb692b4-2095-44d3-afd7-28c882cf2dd0","type":"stop","rationale":"Repeated searches returned no novel source family or coverage progress","step":10,"t":"2026-09-17T20:23:55.055Z"}
{"level":"info","event":"action","runId":"d1972364-ce5b-4d9a-813b-68e6429157a4","type":"clarify","rationale":"A blocking field is unspecified and would change the answer","step":0,"t":"2026-09-17T20:23:55.520Z"}
{"level":"info","event":"action","runId":"d1972364-ce5b-4d9a-813b-68e6429157a4","type":"search","rationale":"Investigate an uncovered required question","step":0,"t":"2026-09-17T20:23:55.544Z"}
{"level":"info","event":"action","runId":"d1972364-ce5b-4d9a-813b-68e6429157a4","type":"fetch","rationale":"Inspect an already-known source before another generic query","step":1,"t":"2026-09-17T20:23:55.558Z"}
{"level":"info","event":"action","runId":"d1972364-ce5b-4d9a-813b-68e6429157a4","type":"challenge","rationale":"Disconfirm material conclusion: A primary source that directly contradicts this conclusion.","step":2,"t":"2026-09-17T20:23:55.569Z"}
{"level":"info","event":"action","runId":"d1972364-ce5b-4d9a-813b-68e6429157a4","type":"challenge","rationale":"Disconfirm material conclusion: A primary source that directly contradicts this conclusion.","step":3,"t":"2026-09-17T20:23:55.581Z"}
{"level":"info","event":"action","runId":"d1972364-ce5b-4d9a-813b-68e6429157a4","type":"challenge","rationale":"Disconfirm material conclusion: A primary source that directly contradicts this conclusion.","step":4,"t":"2026-09-17T20:23:55.592Z"}
{"level":"info","event":"action","runId":"d1972364-ce5b-4d9a-813b-68e6429157a4","type":"challenge","rationale":"Disconfirm material conclusion: A primary source that directly contradicts this conclusion.","step":5,"t":"2026-09-17T20:23:55.604Z"}
{"level":"info","event":"action","runId":"d1972364-ce5b-4d9a-813b-68e6429157a4","type":"challenge","rationale":"Disconfirm material conclusion: A primary source that directly contradicts this conclusion.","step":6,"t":"2026-09-17T20:23:55.615Z"}
{"level":"info","event":"action","runId":"d1972364-ce5b-4d9a-813b-68e6429157a4","type":"challenge","rationale":"Disconfirm material conclusion: A primary source that directly contradicts this conclusion.","step":7,"t":"2026-09-17T20:23:55.627Z"}
{"level":"info","event":"action","runId":"d1972364-ce5b-4d9a-813b-68e6429157a4","type":"challenge","rationale":"Disconfirm material conclusion: A primary source that directly contradicts this conclusion.","step":8,"t":"2026-09-17T20:23:55.638Z"}
{"level":"info","event":"action","runId":"d1972364-ce5b-4d9a-813b-68e6429157a4","type":"challenge","rationale":"No counterexample found in accessed primary sources. This is not proof that the conclusion is true.","step":9,"t":"2026-09-17T20:23:55.651Z"}
{"level":"info","event":"action","runId":"d1972364-ce5b-4d9a-813b-68e6429157a4","type":"stop","rationale":"Repeated searches returned no novel source family or coverage progress","step":10,"t":"2026-09-17T20:23:55.660Z"}
{"level":"info","event":"action","runId":"afdfb66a-fe3d-4ad5-83e6-0cd2fb2ba287","type":"clarify","rationale":"A blocking field is unspecified and would change the answer","step":0,"t":"2026-09-17T20:23:56.112Z"}
{"level":"info","event":"action","runId":"afdfb66a-fe3d-4ad5-83e6-0cd2fb2ba287","type":"search","rationale":"Investigate an uncovered required question","step":0,"t":"2026-09-17T20:23:56.131Z"}
{"level":"info","event":"action","runId":"afdfb66a-fe3d-4ad5-83e6-0cd2fb2ba287","type":"fetch","rationale":"Inspect an already-known source before another generic query","step":1,"t":"2026-09-17T20:23:56.144Z"}
{"level":"info","event":"action","runId":"afdfb66a-fe3d-4ad5-83e6-0cd2fb2ba287","type":"challenge","rationale":"Disconfirm material conclusion: A primary source that directly contradicts this conclusion.","step":2,"t":"2026-09-17T20:23:56.156Z"}
{"level":"info","event":"action","runId":"afdfb66a-fe3d-4ad5-83e6-0cd2fb2ba287","type":"challenge","rationale":"Disconfirm material conclusion: A primary source that directly contradicts this conclusion.","step":3,"t":"2026-09-17T20:23:56.166Z"}
{"level":"info","event":"action","runId":"afdfb66a-fe3d-4ad5-83e6-0cd2fb2ba287","type":"challenge","rationale":"Disconfirm material conclusion: A primary source that directly contradicts this conclusion.","step":4,"t":"2026-09-17T20:23:56.176Z"}
{"level":"info","event":"action","runId":"afdfb66a-fe3d-4ad5-83e6-0cd2fb2ba287","type":"challenge","rationale":"Disconfirm material conclusion: A primary source that directly contradicts this conclusion.","step":5,"t":"2026-09-17T20:23:56.186Z"}
{"level":"info","event":"action","runId":"afdfb66a-fe3d-4ad5-83e6-0cd2fb2ba287","type":"challenge","rationale":"Disconfirm material conclusion: A primary source that directly contradicts this conclusion.","step":6,"t":"2026-09-17T20:23:56.195Z"}
{"level":"info","event":"action","runId":"afdfb66a-fe3d-4ad5-83e6-0cd2fb2ba287","type":"challenge","rationale":"Disconfirm material conclusion: A primary source that directly contradicts this conclusion.","step":7,"t":"2026-09-17T20:23:56.206Z"}
{"level":"info","event":"action","runId":"afdfb66a-fe3d-4ad5-83e6-0cd2fb2ba287","type":"challenge","rationale":"Disconfirm material conclusion: A primary source that directly contradicts this conclusion.","step":8,"t":"2026-09-17T20:23:56.217Z"}
{"level":"info","event":"action","runId":"afdfb66a-fe3d-4ad5-83e6-0cd2fb2ba287","type":"challenge","rationale":"No counterexample found in accessed primary sources. This is not proof that the conclusion is true.","step":9,"t":"2026-09-17T20:23:56.228Z"}
{"level":"info","event":"action","runId":"afdfb66a-fe3d-4ad5-83e6-0cd2fb2ba287","type":"stop","rationale":"Repeated searches returned no novel source family or coverage progress","step":10,"t":"2026-09-17T20:23:56.236Z"}
 ✓ test/p3-remaining.integration.test.ts (51 tests) 30655ms
   ✓ remaining launch-scope IDs > M04 fixture comparison publishes a wide table, code listing, unicode-safe text, and many citations  754ms
   ✓ remaining launch-scope IDs > R06 preserves event date vs publication date  697ms
   ✓ remaining launch-scope IDs > R10 declines an unrelated celebrity branch from page content  851ms
   ✓ remaining launch-scope IDs > R12 explains different percentage denominators instead of averaging  618ms
   ✓ remaining launch-scope IDs > R15 states unknown without a fake probability  538ms
   ✓ remaining launch-scope IDs > R16 comparison names the requested entities and constraints  827ms
   ✓ remaining launch-scope IDs > E05 new source version does not rewrite the original report citation  1174ms
   ✓ remaining launch-scope IDs > V2-13 private canary is stored as evidence, omitted from public queries, and denied to another account  1171ms
   ✓ remaining launch-scope IDs > JOB-1 eligibility-aware comparison under platform and export constraints  898ms
   ✓ remaining launch-scope IDs > JOB-1 adding Linux as a hard requirement excludes NoteKeep and keeps NoteAll  1323ms
   ✓ remaining launch-scope IDs > JOB-1 removing Linux as a requirement makes NoteKeep eligible again  1890ms
   ✓ remaining launch-scope IDs > JOB-2 attached document text is stored as supplied evidence and not used as a public query  911ms
   ✓ remaining launch-scope IDs > E06 actual PDF with no readable evidence is disclosed as unread pages  819ms
   ✓ remaining launch-scope IDs > E08 quoted report text is taken from the stored passage  709ms
   ✓ remaining launch-scope IDs > E09 export citation anchors resolve to owned passages  769ms
   ✓ remaining launch-scope IDs > J02 a second processRun after completion does not duplicate the report or settlement  582ms
   ✓ remaining launch-scope IDs > J06 cancel after completion keeps the published report  554ms
   ✓ remaining launch-scope IDs > J08 event cursor returns only later sequences  544ms
   ✓ remaining launch-scope IDs > J13 live spend kill switch blocks new paid routes but keeps saved reports  521ms
   ✓ remaining launch-scope IDs > S07 cross-account reports are denied  545ms
   ✓ remaining launch-scope IDs > V2-10 a later unavailable fetch does not retract last-access evidence  530ms
   ✓ remaining launch-scope IDs > V2-11 concise view uses the same answer citations as the body  532ms
   ✓ remaining launch-scope IDs > V2-19 scanned tables stay unread rather than guessed  469ms
   ✓ remaining launch-scope IDs > R17 concise request still keeps limitations  538ms
   ✓ remaining launch-scope IDs > R18 compacted checkpoint still lists stored passage ids  522ms
   ✓ remaining launch-scope IDs > R19 follow-up verifies one claim and keeps the parent report  922ms
   ✓ remaining launch-scope IDs > R20 dates a retrieved price and keeps a founding year as history  496ms
   ✓ remaining launch-scope IDs > R21 labels a German original as a translation  479ms
   ✓ remaining launch-scope IDs > E03 preserves the adults-over-65 qualifier  484ms
   ✓ remaining launch-scope IDs > E04 report uses the table's 24% rather than 42%  488ms
   ✓ remaining launch-scope IDs > E10 withdraws the conclusion when the asserted 42% is unsupported by the 24% table  482ms
   ✓ remaining launch-scope IDs > J07 expired lease is reclaimed; a live lease is not stolen  518ms
   ✓ remaining launch-scope IDs > J10 a tight budget still publishes a written report  485ms
   ✓ remaining launch-scope IDs > J11 reports that app counters are not provider-internal guarantees  525ms
   ✓ remaining launch-scope IDs > J14 duplicate completion epochs share one outbox row and omit query text  548ms
   ✓ remaining launch-scope IDs > V2-09 deleted attachment text is not left in reports  556ms
   ✓ remaining launch-scope IDs > V2-09 late worker cannot republish deleted private text even if it claims deleted=false  377ms
   ✓ remaining launch-scope IDs > expired session cannot read library or reports  527ms
   ✓ remaining launch-scope IDs > library lists report_id for a completed run so share can resolve  542ms
   ✓ remaining launch-scope IDs > clarification continue records geography and resumes  581ms
   ✓ remaining launch-scope IDs > R02 continue with France records France and does not invent Germany  606ms
   ✓ remaining launch-scope IDs > R02 after France continue discovery uses France evidence not the Germany default note  573ms
{"level":"info","event":"action","runId":"d816261b-dbfd-45c5-9dd8-79e6b448006a","type":"clarify","rationale":"A blocking field is unspecified and would change the answer","step":0,"t":"2026-09-17T20:23:57.362Z"}
{"level":"info","event":"action","runId":"b090f076-07b2-45c0-a8e7-feed4f0fe088","type":"search","rationale":"Investigate an uncovered required question","step":0,"t":"2026-09-17T20:23:57.630Z"}
{"level":"info","event":"action","runId":"b090f076-07b2-45c0-a8e7-feed4f0fe088","type":"fetch","rationale":"Inspect an already-known source before another generic query","step":1,"t":"2026-09-17T20:23:57.663Z"}
{"level":"info","event":"action","runId":"b090f076-07b2-45c0-a8e7-feed4f0fe088","type":"fetch","rationale":"Inspect an already-known source before another generic query","step":2,"t":"2026-09-17T20:23:57.678Z"}
{"level":"info","event":"action","runId":"b090f076-07b2-45c0-a8e7-feed4f0fe088","type":"fetch","rationale":"Inspect an already-known source before another generic query","step":3,"t":"2026-09-17T20:23:57.693Z"}
{"level":"info","event":"action","runId":"b090f076-07b2-45c0-a8e7-feed4f0fe088","type":"challenge","rationale":"Disconfirm material conclusion: A primary source that directly contradicts this conclusion.","step":4,"t":"2026-09-17T20:23:57.712Z"}
{"level":"info","event":"action","runId":"b090f076-07b2-45c0-a8e7-feed4f0fe088","type":"challenge","rationale":"No counterexample found in accessed primary sources. This is not proof that the conclusion is true.","step":5,"t":"2026-09-17T20:23:57.730Z"}
{"level":"info","event":"action","runId":"b090f076-07b2-45c0-a8e7-feed4f0fe088","type":"synthesize","rationale":"decision_critical_gaps_resolved_or_unresolvable; high-impact claims supported or qualified; contradictions handled; remaining actions low expected value","step":6,"t":"2026-09-17T20:23:57.743Z"}
{"level":"info","event":"action","runId":"e1b69a04-8def-481d-9b58-d8e920e157d8","type":"search","rationale":"Investigate an uncovered required question","step":0,"t":"2026-09-17T20:23:58.236Z"}
{"level":"info","event":"action","runId":"e1b69a04-8def-481d-9b58-d8e920e157d8","type":"fetch","rationale":"Inspect an already-known source before another generic query","step":1,"t":"2026-09-17T20:23:58.254Z"}
{"level":"info","event":"action","runId":"e1b69a04-8def-481d-9b58-d8e920e157d8","type":"challenge","rationale":"Disconfirm material conclusion: A primary source that directly contradicts this conclusion.","step":2,"t":"2026-09-17T20:23:58.268Z"}
{"level":"info","event":"action","runId":"e1b69a04-8def-481d-9b58-d8e920e157d8","type":"challenge","rationale":"No counterexample found in accessed primary sources. This is not proof that the conclusion is true.","step":3,"t":"2026-09-17T20:23:58.284Z"}
{"level":"info","event":"action","runId":"e1b69a04-8def-481d-9b58-d8e920e157d8","type":"synthesize","rationale":"inaccessible_or_unresolved_gap:primary source is inaccessible","step":4,"t":"2026-09-17T20:23:58.294Z"}
{"level":"info","event":"action","runId":"d549761d-4f6d-4bfb-ab1a-7c412d436e39","type":"search","rationale":"Investigate an uncovered required question","step":0,"t":"2026-09-17T20:23:58.760Z"}
{"level":"info","event":"action","runId":"d549761d-4f6d-4bfb-ab1a-7c412d436e39","type":"fetch","rationale":"Inspect the preferred source type (vendor-docs) before more weak sources","step":1,"t":"2026-09-17T20:23:58.778Z"}
{"level":"info","event":"action","runId":"d549761d-4f6d-4bfb-ab1a-7c412d436e39","type":"fetch","rationale":"Inspect the preferred source type (vendor-docs) before more weak sources","step":2,"t":"2026-09-17T20:23:58.792Z"}
{"level":"info","event":"action","runId":"d549761d-4f6d-4bfb-ab1a-7c412d436e39","type":"verify","rationale":"Scope-check contradiction on value before treating newest as correct","step":3,"t":"2026-09-17T20:23:58.806Z"}
{"level":"info","event":"action","runId":"d549761d-4f6d-4bfb-ab1a-7c412d436e39","type":"challenge","rationale":"Disconfirm material conclusion: A primary source that directly contradicts this conclusion.","step":4,"t":"2026-09-17T20:23:58.818Z"}
{"level":"info","event":"action","runId":"d549761d-4f6d-4bfb-ab1a-7c412d436e39","type":"challenge","rationale":"No counterexample found in accessed primary sources. This is not proof that the conclusion is true.","step":5,"t":"2026-09-17T20:23:58.831Z"}
{"level":"info","event":"action","runId":"d549761d-4f6d-4bfb-ab1a-7c412d436e39","type":"synthesize","rationale":"decision_critical_gaps_resolved_or_unresolvable; high-impact claims supported or qualified; contradictions handled; remaining actions low expected value","step":6,"t":"2026-09-17T20:23:58.841Z"}
{"level":"info","event":"action","runId":"bae475c5-8d75-4788-b222-07dd43a1f988","type":"search","rationale":"Investigate an uncovered required question","step":0,"t":"2026-09-17T20:23:59.315Z"}
{"level":"info","event":"action","runId":"bae475c5-8d75-4788-b222-07dd43a1f988","type":"fetch","rationale":"Inspect an already-known source before another generic query","step":1,"t":"2026-09-17T20:23:59.334Z"}
{"level":"info","event":"action","runId":"bae475c5-8d75-4788-b222-07dd43a1f988","type":"synthesize","rationale":"budget requires finishing with available evidence","step":2,"t":"2026-09-17T20:23:59.348Z"}
{"level":"info","event":"action","runId":"b67a2d53-bf7d-4d96-8f8a-2311183d894a","type":"search","rationale":"Investigate an uncovered required question","step":0,"t":"2026-09-17T20:23:59.798Z"}
{"level":"info","event":"action","runId":"b67a2d53-bf7d-4d96-8f8a-2311183d894a","type":"fetch","rationale":"Inspect an already-known source before another generic query","step":1,"t":"2026-09-17T20:23:59.819Z"}
{"level":"info","event":"action","runId":"b67a2d53-bf7d-4d96-8f8a-2311183d894a","type":"fetch","rationale":"Inspect an already-known source before another generic query","step":2,"t":"2026-09-17T20:23:59.831Z"}
{"level":"info","event":"action","runId":"b67a2d53-bf7d-4d96-8f8a-2311183d894a","type":"fetch","rationale":"Inspect an already-known source before another generic query","step":3,"t":"2026-09-17T20:23:59.843Z"}
{"level":"info","event":"action","runId":"b67a2d53-bf7d-4d96-8f8a-2311183d894a","type":"challenge","rationale":"Disconfirm material conclusion: A primary source that directly contradicts this conclusion.","step":4,"t":"2026-09-17T20:23:59.859Z"}
{"level":"info","event":"action","runId":"b67a2d53-bf7d-4d96-8f8a-2311183d894a","type":"challenge","rationale":"No counterexample found in accessed primary sources. This is not proof that the conclusion is true.","step":5,"t":"2026-09-17T20:23:59.872Z"}
{"level":"info","event":"action","runId":"b67a2d53-bf7d-4d96-8f8a-2311183d894a","type":"synthesize","rationale":"decision_critical_gaps_resolved_or_unresolvable; high-impact claims supported or qualified; contradictions handled; remaining actions low expected value","step":6,"t":"2026-09-17T20:23:59.881Z"}
{"level":"info","event":"action","runId":"15213e18-af29-48ad-b2a0-934de482d1c2","type":"search","rationale":"Investigate an uncovered required question","step":0,"t":"2026-09-17T20:24:00.358Z"}
{"level":"info","event":"action","runId":"15213e18-af29-48ad-b2a0-934de482d1c2","type":"search","rationale":"Decision-blocking gap: authoritative compatibility limitation. Switching source type to vendor-matrix.","step":1,"t":"2026-09-17T20:24:00.375Z"}
{"level":"info","event":"action","runId":"15213e18-af29-48ad-b2a0-934de482d1c2","type":"fetch","rationale":"Inspect the preferred source type (vendor-matrix) before more weak sources","step":2,"t":"2026-09-17T20:24:00.389Z"}
{"level":"info","event":"action","runId":"15213e18-af29-48ad-b2a0-934de482d1c2","type":"fetch","rationale":"Inspect an already-known source before another generic query","step":3,"t":"2026-09-17T20:24:00.402Z"}
{"level":"info","event":"action","runId":"15213e18-af29-48ad-b2a0-934de482d1c2","type":"fetch","rationale":"Inspect an already-known source before another generic query","step":4,"t":"2026-09-17T20:24:00.414Z"}
{"level":"info","event":"action","runId":"15213e18-af29-48ad-b2a0-934de482d1c2","type":"fetch","rationale":"Inspect an already-known source before another generic query","step":5,"t":"2026-09-17T20:24:00.426Z"}
{"level":"info","event":"action","runId":"15213e18-af29-48ad-b2a0-934de482d1c2","type":"verify","rationale":"Scope-check contradiction on compatibility before treating newest as correct","step":6,"t":"2026-09-17T20:24:00.438Z"}
{"level":"info","event":"action","runId":"15213e18-af29-48ad-b2a0-934de482d1c2","type":"challenge","rationale":"Disconfirm material conclusion: Official compatibility documentation that lists the named version as supported.","step":7,"t":"2026-09-17T20:24:00.449Z"}
{"level":"info","event":"action","runId":"15213e18-af29-48ad-b2a0-934de482d1c2","type":"challenge","rationale":"No counterexample found in accessed primary sources. This is not proof that the conclusion is true.","step":8,"t":"2026-09-17T20:24:00.462Z"}
{"level":"info","event":"action","runId":"15213e18-af29-48ad-b2a0-934de482d1c2","type":"synthesize","rationale":"decision_critical_gaps_resolved_or_unresolvable; high-impact claims supported or qualified; contradictions handled; remaining actions low expected value","step":9,"t":"2026-09-17T20:24:00.471Z"}
{"level":"info","event":"action","runId":"3dc763b0-1a68-4d17-9548-09bf1f74810e","type":"search","rationale":"Investigate an uncovered required question","step":0,"t":"2026-09-17T20:24:00.972Z"}
{"level":"info","event":"action","runId":"3dc763b0-1a68-4d17-9548-09bf1f74810e","type":"search","rationale":"Decision-blocking gap: authoritative compatibility limitation. Switching source type to vendor-matrix.","step":1,"t":"2026-09-17T20:24:00.989Z"}
{"level":"info","event":"action","runId":"3dc763b0-1a68-4d17-9548-09bf1f74810e","type":"fetch","rationale":"Inspect the preferred source type (vendor-matrix) before more weak sources","step":2,"t":"2026-09-17T20:24:01.002Z"}
{"level":"info","event":"action","runId":"3dc763b0-1a68-4d17-9548-09bf1f74810e","type":"fetch","rationale":"Inspect an already-known source before another generic query","step":3,"t":"2026-09-17T20:24:01.014Z"}
{"level":"info","event":"action","runId":"3dc763b0-1a68-4d17-9548-09bf1f74810e","type":"fetch","rationale":"Inspect an already-known source before another generic query","step":4,"t":"2026-09-17T20:24:01.025Z"}
{"level":"info","event":"action","runId":"3dc763b0-1a68-4d17-9548-09bf1f74810e","type":"fetch","rationale":"Inspect an already-known source before another generic query","step":5,"t":"2026-09-17T20:24:01.037Z"}
{"level":"info","event":"action","runId":"3dc763b0-1a68-4d17-9548-09bf1f74810e","type":"verify","rationale":"Scope-check contradiction on compatibility before treating newest as correct","step":6,"t":"2026-09-17T20:24:01.049Z"}
{"level":"info","event":"action","runId":"3dc763b0-1a68-4d17-9548-09bf1f74810e","type":"challenge","rationale":"Disconfirm material conclusion: Official compatibility documentation that lists the named version as supported.","step":7,"t":"2026-09-17T20:24:01.059Z"}
{"level":"info","event":"action","runId":"3dc763b0-1a68-4d17-9548-09bf1f74810e","type":"challenge","rationale":"No counterexample found in accessed primary sources. This is not proof that the conclusion is true.","step":8,"t":"2026-09-17T20:24:01.070Z"}
{"level":"info","event":"action","runId":"3dc763b0-1a68-4d17-9548-09bf1f74810e","type":"synthesize","rationale":"decision_critical_gaps_resolved_or_unresolvable; high-impact claims supported or qualified; contradictions handled; remaining actions low expected value","step":9,"t":"2026-09-17T20:24:01.079Z"}
{"level":"info","event":"action","runId":"f117d7fd-2deb-4fff-aadf-b95068138e7a","type":"search","rationale":"Investigate an uncovered required question","step":0,"t":"2026-09-17T20:24:01.556Z"}
{"level":"info","event":"action","runId":"f117d7fd-2deb-4fff-aadf-b95068138e7a","type":"fetch","rationale":"Inspect an already-known source before another generic query","step":1,"t":"2026-09-17T20:24:01.577Z"}
{"level":"info","event":"action","runId":"f117d7fd-2deb-4fff-aadf-b95068138e7a","type":"fetch","rationale":"Inspect an already-known source before another generic query","step":2,"t":"2026-09-17T20:24:01.590Z"}
{"level":"info","event":"action","runId":"f117d7fd-2deb-4fff-aadf-b95068138e7a","type":"fetch","rationale":"Inspect an already-known source before another generic query","step":3,"t":"2026-09-17T20:24:01.602Z"}
{"level":"info","event":"action","runId":"f117d7fd-2deb-4fff-aadf-b95068138e7a","type":"challenge","rationale":"Disconfirm material conclusion: A primary source that directly contradicts this conclusion.","step":4,"t":"2026-09-17T20:24:01.617Z"}
{"level":"info","event":"action","runId":"f117d7fd-2deb-4fff-aadf-b95068138e7a","type":"challenge","rationale":"No counterexample found in accessed primary sources. This is not proof that the conclusion is true.","step":5,"t":"2026-09-17T20:24:01.629Z"}
{"level":"info","event":"action","runId":"f117d7fd-2deb-4fff-aadf-b95068138e7a","type":"synthesize","rationale":"decision_critical_gaps_resolved_or_unresolvable; high-impact claims supported or qualified; contradictions handled; remaining actions low expected value","step":6,"t":"2026-09-17T20:24:01.639Z"}
{"level":"info","event":"action","runId":"33c06a19-34d4-44b6-8757-65883bd8ebcc","type":"search","rationale":"Investigate an uncovered required question","step":0,"t":"2026-09-17T20:24:01.897Z"}
{"level":"info","event":"action","runId":"33c06a19-34d4-44b6-8757-65883bd8ebcc","type":"fetch","rationale":"Inspect an already-known source before another generic query","step":1,"t":"2026-09-17T20:24:01.912Z"}
{"level":"info","event":"action","runId":"33c06a19-34d4-44b6-8757-65883bd8ebcc","type":"fetch","rationale":"Inspect an already-known source before another generic query","step":2,"t":"2026-09-17T20:24:01.924Z"}
{"level":"info","event":"action","runId":"33c06a19-34d4-44b6-8757-65883bd8ebcc","type":"fetch","rationale":"Inspect an already-known source before another generic query","step":3,"t":"2026-09-17T20:24:01.935Z"}
{"level":"info","event":"action","runId":"33c06a19-34d4-44b6-8757-65883bd8ebcc","type":"challenge","rationale":"Disconfirm material conclusion: A hard-constraint violation for a candidate currently marked eligible.","step":4,"t":"2026-09-17T20:24:01.947Z"}
{"level":"info","event":"action","runId":"33c06a19-34d4-44b6-8757-65883bd8ebcc","type":"challenge","rationale":"No counterexample found in accessed primary sources. This is not proof that the conclusion is true.","step":5,"t":"2026-09-17T20:24:01.959Z"}
{"level":"info","event":"action","runId":"33c06a19-34d4-44b6-8757-65883bd8ebcc","type":"synthesize","rationale":"decision_critical_gaps_resolved_or_unresolvable; high-impact claims supported or qualified; contradictions handled; remaining actions low expected value","step":6,"t":"2026-09-17T20:24:01.969Z"}
{"level":"info","event":"action","runId":"039440ba-2062-4540-8c0a-42073ae5c26d","type":"search","rationale":"Investigate an uncovered required question","step":0,"t":"2026-09-17T20:24:02.417Z"}
{"level":"info","event":"action","runId":"039440ba-2062-4540-8c0a-42073ae5c26d","type":"fetch","rationale":"Inspect an already-known source before another generic query","step":1,"t":"2026-09-17T20:24:02.430Z"}
{"level":"info","event":"action","runId":"039440ba-2062-4540-8c0a-42073ae5c26d","type":"challenge","rationale":"Disconfirm material conclusion: A primary source that directly contradicts this conclusion.","step":2,"t":"2026-09-17T20:24:02.441Z"}
{"level":"info","event":"action","runId":"039440ba-2062-4540-8c0a-42073ae5c26d","type":"challenge","rationale":"No counterexample found in accessed primary sources. This is not proof that the conclusion is true.","step":3,"t":"2026-09-17T20:24:02.453Z"}
{"level":"info","event":"action","runId":"039440ba-2062-4540-8c0a-42073ae5c26d","type":"synthesize","rationale":"decision_critical_gaps_resolved_or_unresolvable; high-impact claims supported or qualified; contradictions handled; remaining actions low expected value","step":4,"t":"2026-09-17T20:24:02.462Z"}
{"level":"info","event":"action","runId":"67f77eff-43c2-465d-a0ff-ef65266c353f","type":"search","rationale":"Investigate an uncovered required question","step":0,"t":"2026-09-17T20:24:02.700Z"}
{"level":"info","event":"action","runId":"67f77eff-43c2-465d-a0ff-ef65266c353f","type":"fetch","rationale":"Inspect an already-known source before another generic query","step":1,"t":"2026-09-17T20:24:02.711Z"}
{"level":"info","event":"action","runId":"67f77eff-43c2-465d-a0ff-ef65266c353f","type":"challenge","rationale":"Disconfirm material conclusion: A primary source that directly contradicts this conclusion.","step":2,"t":"2026-09-17T20:24:02.721Z"}
{"level":"info","event":"action","runId":"67f77eff-43c2-465d-a0ff-ef65266c353f","type":"challenge","rationale":"No counterexample found in accessed primary sources. This is not proof that the conclusion is true.","step":3,"t":"2026-09-17T20:24:02.733Z"}
{"level":"info","event":"action","runId":"67f77eff-43c2-465d-a0ff-ef65266c353f","type":"synthesize","rationale":"decision_critical_gaps_resolved_or_unresolvable; high-impact claims supported or qualified; contradictions handled; remaining actions low expected value","step":4,"t":"2026-09-17T20:24:02.741Z"}
{"level":"info","event":"action","runId":"de6f7170-87ad-4139-b1a9-7e79fd46d682","type":"search","rationale":"Investigate an uncovered required question","step":0,"t":"2026-09-17T20:24:03.194Z"}
{"level":"info","event":"action","runId":"de6f7170-87ad-4139-b1a9-7e79fd46d682","type":"fetch","rationale":"Inspect an already-known source before another generic query","step":1,"t":"2026-09-17T20:24:03.216Z"}
{"level":"info","event":"action","runId":"de6f7170-87ad-4139-b1a9-7e79fd46d682","type":"fetch","rationale":"Inspect an already-known source before another generic query","step":2,"t":"2026-09-17T20:24:03.228Z"}
{"level":"info","event":"action","runId":"de6f7170-87ad-4139-b1a9-7e79fd46d682","type":"fetch","rationale":"Inspect an already-known source before another generic query","step":3,"t":"2026-09-17T20:24:03.240Z"}
{"level":"info","event":"action","runId":"de6f7170-87ad-4139-b1a9-7e79fd46d682","type":"challenge","rationale":"Disconfirm material conclusion: A primary source that directly contradicts this conclusion.","step":4,"t":"2026-09-17T20:24:03.256Z"}
{"level":"info","event":"action","runId":"de6f7170-87ad-4139-b1a9-7e79fd46d682","type":"challenge","rationale":"No counterexample found in accessed primary sources. This is not proof that the conclusion is true.","step":5,"t":"2026-09-17T20:24:03.268Z"}
{"level":"info","event":"action","runId":"de6f7170-87ad-4139-b1a9-7e79fd46d682","type":"synthesize","rationale":"decision_critical_gaps_resolved_or_unresolvable; high-impact claims supported or qualified; contradictions handled; remaining actions low expected value","step":6,"t":"2026-09-17T20:24:03.278Z"}
{"level":"info","event":"action","runId":"4532fba3-a213-4b73-bba3-909c062e345a","type":"search","rationale":"Investigate an uncovered required question","step":0,"t":"2026-09-17T20:24:03.536Z"}
{"level":"info","event":"action","runId":"4532fba3-a213-4b73-bba3-909c062e345a","type":"fetch","rationale":"Inspect an already-known source before another generic query","step":1,"t":"2026-09-17T20:24:03.554Z"}
{"level":"info","event":"action","runId":"4532fba3-a213-4b73-bba3-909c062e345a","type":"fetch","rationale":"Inspect an already-known source before another generic query","step":2,"t":"2026-09-17T20:24:03.568Z"}
{"level":"info","event":"action","runId":"4532fba3-a213-4b73-bba3-909c062e345a","type":"fetch","rationale":"Inspect an already-known source before another generic query","step":3,"t":"2026-09-17T20:24:03.580Z"}
{"level":"info","event":"action","runId":"4532fba3-a213-4b73-bba3-909c062e345a","type":"challenge","rationale":"Disconfirm material conclusion: A primary source that directly contradicts this conclusion.","step":4,"t":"2026-09-17T20:24:03.596Z"}
{"level":"info","event":"action","runId":"4532fba3-a213-4b73-bba3-909c062e345a","type":"challenge","rationale":"Disconfirm material conclusion: A primary source that directly contradicts this conclusion.","step":5,"t":"2026-09-17T20:24:03.611Z"}
{"level":"info","event":"action","runId":"4532fba3-a213-4b73-bba3-909c062e345a","type":"challenge","rationale":"Disconfirm material conclusion: A primary source that directly contradicts this conclusion.","step":6,"t":"2026-09-17T20:24:03.624Z"}
{"level":"info","event":"action","runId":"4532fba3-a213-4b73-bba3-909c062e345a","type":"challenge","rationale":"Disconfirm material conclusion: A primary source that directly contradicts this conclusion.","step":7,"t":"2026-09-17T20:24:03.636Z"}
{"level":"info","event":"action","runId":"4532fba3-a213-4b73-bba3-909c062e345a","type":"challenge","rationale":"Disconfirm material conclusion: A primary source that directly contradicts this conclusion.","step":8,"t":"2026-09-17T20:24:03.649Z"}
{"level":"info","event":"action","runId":"4532fba3-a213-4b73-bba3-909c062e345a","type":"challenge","rationale":"Disconfirm material conclusion: A primary source that directly contradicts this conclusion.","step":9,"t":"2026-09-17T20:24:03.661Z"}
{"level":"info","event":"action","runId":"4532fba3-a213-4b73-bba3-909c062e345a","type":"challenge","rationale":"Disconfirm material conclusion: A primary source that directly contradicts this conclusion.","step":10,"t":"2026-09-17T20:24:03.674Z"}
{"level":"info","event":"action","runId":"4532fba3-a213-4b73-bba3-909c062e345a","type":"challenge","rationale":"No counterexample found in accessed primary sources. This is not proof that the conclusion is true.","step":11,"t":"2026-09-17T20:24:03.686Z"}
{"level":"info","event":"action","runId":"4532fba3-a213-4b73-bba3-909c062e345a","type":"stop","rationale":"Repeated searches returned no novel source family or coverage progress","step":12,"t":"2026-09-17T20:24:03.695Z"}
{"level":"info","event":"action","runId":"ccbb1a4f-3b5e-469e-85b5-7260d9063ec1","type":"search","rationale":"Investigate an uncovered required question","step":0,"t":"2026-09-17T20:24:04.163Z"}
{"level":"info","event":"action","runId":"ccbb1a4f-3b5e-469e-85b5-7260d9063ec1","type":"fetch","rationale":"Inspect an already-known source before another generic query","step":1,"t":"2026-09-17T20:24:04.181Z"}
{"level":"info","event":"action","runId":"ccbb1a4f-3b5e-469e-85b5-7260d9063ec1","type":"fetch","rationale":"Inspect an already-known source before another generic query","step":2,"t":"2026-09-17T20:24:04.191Z"}
{"level":"info","event":"action","runId":"ccbb1a4f-3b5e-469e-85b5-7260d9063ec1","type":"fetch","rationale":"Inspect an already-known source before another generic query","step":3,"t":"2026-09-17T20:24:04.203Z"}
{"level":"info","event":"action","runId":"ccbb1a4f-3b5e-469e-85b5-7260d9063ec1","type":"challenge","rationale":"Disconfirm material conclusion: A primary source that directly contradicts this conclusion.","step":4,"t":"2026-09-17T20:24:04.225Z"}
{"level":"info","event":"action","runId":"ccbb1a4f-3b5e-469e-85b5-7260d9063ec1","type":"challenge","rationale":"No counterexample found in accessed primary sources. This is not proof that the conclusion is true.","step":5,"t":"2026-09-17T20:24:04.236Z"}
{"level":"info","event":"action","runId":"ccbb1a4f-3b5e-469e-85b5-7260d9063ec1","type":"synthesize","rationale":"decision_critical_gaps_resolved_or_unresolvable; high-impact claims supported or qualified; contradictions handled; remaining actions low expected value","step":6,"t":"2026-09-17T20:24:04.244Z"}
{"level":"info","event":"action","runId":"135259e6-c5c6-4834-9486-416551dd493a","type":"search","rationale":"Investigate an uncovered required question","step":0,"t":"2026-09-17T20:24:04.479Z"}
{"level":"info","event":"action","runId":"135259e6-c5c6-4834-9486-416551dd493a","type":"fetch","rationale":"Inspect an already-known source before another generic query","step":1,"t":"2026-09-17T20:24:04.493Z"}
{"level":"info","event":"action","runId":"135259e6-c5c6-4834-9486-416551dd493a","type":"fetch","rationale":"Inspect an already-known source before another generic query","step":2,"t":"2026-09-17T20:24:04.504Z"}
{"level":"info","event":"action","runId":"135259e6-c5c6-4834-9486-416551dd493a","type":"fetch","rationale":"Inspect an already-known source before another generic query","step":3,"t":"2026-09-17T20:24:04.514Z"}
{"level":"info","event":"action","runId":"135259e6-c5c6-4834-9486-416551dd493a","type":"challenge","rationale":"Disconfirm material conclusion: A hard-constraint violation for a candidate currently marked eligible.","step":4,"t":"2026-09-17T20:24:04.526Z"}
{"level":"info","event":"action","runId":"135259e6-c5c6-4834-9486-416551dd493a","type":"challenge","rationale":"No counterexample found in accessed primary sources. This is not proof that the conclusion is true.","step":5,"t":"2026-09-17T20:24:04.537Z"}
{"level":"info","event":"action","runId":"135259e6-c5c6-4834-9486-416551dd493a","type":"synthesize","rationale":"decision_critical_gaps_resolved_or_unresolvable; high-impact claims supported or qualified; contradictions handled; remaining actions low expected value","step":6,"t":"2026-09-17T20:24:04.546Z"}
{"level":"info","event":"action","runId":"a8499936-2416-4062-b003-cbbae3724331","type":"search","rationale":"Investigate an uncovered required question","step":0,"t":"2026-09-17T20:24:04.774Z"}
{"level":"info","event":"action","runId":"a8499936-2416-4062-b003-cbbae3724331","type":"fetch","rationale":"Inspect an already-known source before another generic query","step":1,"t":"2026-09-17T20:24:04.791Z"}
{"level":"info","event":"action","runId":"a8499936-2416-4062-b003-cbbae3724331","type":"fetch","rationale":"Inspect an already-known source before another generic query","step":2,"t":"2026-09-17T20:24:04.801Z"}
{"level":"info","event":"action","runId":"a8499936-2416-4062-b003-cbbae3724331","type":"fetch","rationale":"Inspect an already-known source before another generic query","step":3,"t":"2026-09-17T20:24:04.813Z"}
{"level":"info","event":"action","runId":"a8499936-2416-4062-b003-cbbae3724331","type":"challenge","rationale":"Disconfirm material conclusion: A primary source that directly contradicts this conclusion.","step":4,"t":"2026-09-17T20:24:04.827Z"}
{"level":"info","event":"action","runId":"a8499936-2416-4062-b003-cbbae3724331","type":"challenge","rationale":"No counterexample found in accessed primary sources. This is not proof that the conclusion is true.","step":5,"t":"2026-09-17T20:24:04.839Z"}
{"level":"info","event":"action","runId":"a8499936-2416-4062-b003-cbbae3724331","type":"synthesize","rationale":"decision_critical_gaps_resolved_or_unresolvable; high-impact claims supported or qualified; contradictions handled; remaining actions low expected value","step":6,"t":"2026-09-17T20:24:04.848Z"}
{"level":"info","event":"action","runId":"e126119b-c97c-4e86-bc66-41fd3764663b","type":"search","rationale":"Investigate an uncovered required question","step":0,"t":"2026-09-17T20:24:05.086Z"}
{"level":"info","event":"action","runId":"e126119b-c97c-4e86-bc66-41fd3764663b","type":"fetch","rationale":"Inspect an already-known source before another generic query","step":1,"t":"2026-09-17T20:24:05.099Z"}
{"level":"info","event":"action","runId":"e126119b-c97c-4e86-bc66-41fd3764663b","type":"fetch","rationale":"Inspect an already-known source before another generic query","step":2,"t":"2026-09-17T20:24:05.109Z"}
{"level":"info","event":"action","runId":"e126119b-c97c-4e86-bc66-41fd3764663b","type":"fetch","rationale":"Inspect an already-known source before another generic query","step":3,"t":"2026-09-17T20:24:05.120Z"}
{"level":"info","event":"action","runId":"e126119b-c97c-4e86-bc66-41fd3764663b","type":"challenge","rationale":"Disconfirm material conclusion: A hard-constraint violation for a candidate currently marked eligible.","step":4,"t":"2026-09-17T20:24:05.131Z"}
{"level":"info","event":"action","runId":"e126119b-c97c-4e86-bc66-41fd3764663b","type":"challenge","rationale":"No counterexample found in accessed primary sources. This is not proof that the conclusion is true.","step":5,"t":"2026-09-17T20:24:05.143Z"}
{"level":"info","event":"action","runId":"e126119b-c97c-4e86-bc66-41fd3764663b","type":"synthesize","rationale":"decision_critical_gaps_resolved_or_unresolvable; high-impact claims supported or qualified; contradictions handled; remaining actions low expected value","step":6,"t":"2026-09-17T20:24:05.153Z"}
{"level":"info","event":"action","runId":"1c87751e-d378-4564-a21a-c02bfe171029","type":"search","rationale":"Investigate an uncovered required question","step":0,"t":"2026-09-17T20:24:05.596Z"}
{"level":"info","event":"action","runId":"1c87751e-d378-4564-a21a-c02bfe171029","type":"fetch","rationale":"Inspect an already-known source before another generic query","step":1,"t":"2026-09-17T20:24:05.615Z"}
{"level":"info","event":"action","runId":"1c87751e-d378-4564-a21a-c02bfe171029","type":"fetch","rationale":"Inspect an already-known source before another generic query","step":2,"t":"2026-09-17T20:24:05.626Z"}
{"level":"info","event":"action","runId":"1c87751e-d378-4564-a21a-c02bfe171029","type":"fetch","rationale":"Inspect an already-known source before another generic query","step":3,"t":"2026-09-17T20:24:05.637Z"}
{"level":"info","event":"action","runId":"1c87751e-d378-4564-a21a-c02bfe171029","type":"challenge","rationale":"Disconfirm material conclusion: A primary source that directly contradicts this conclusion.","step":4,"t":"2026-09-17T20:24:05.651Z"}
{"level":"info","event":"action","runId":"1c87751e-d378-4564-a21a-c02bfe171029","type":"challenge","rationale":"No counterexample found in accessed primary sources. This is not proof that the conclusion is true.","step":5,"t":"2026-09-17T20:24:05.663Z"}
{"level":"info","event":"action","runId":"1c87751e-d378-4564-a21a-c02bfe171029","type":"synthesize","rationale":"decision_critical_gaps_resolved_or_unresolvable; high-impact claims supported or qualified; contradictions handled; remaining actions low expected value","step":6,"t":"2026-09-17T20:24:05.672Z"}
{"level":"info","event":"action","runId":"840728fc-c84d-4707-950c-3a68b71deb38","type":"search","rationale":"Investigate an uncovered required question","step":0,"t":"2026-09-17T20:24:05.915Z"}
{"level":"info","event":"action","runId":"840728fc-c84d-4707-950c-3a68b71deb38","type":"fetch","rationale":"Inspect an already-known source before another generic query","step":1,"t":"2026-09-17T20:24:05.927Z"}
{"level":"info","event":"action","runId":"840728fc-c84d-4707-950c-3a68b71deb38","type":"fetch","rationale":"Inspect an already-known source before another generic query","step":2,"t":"2026-09-17T20:24:05.939Z"}
{"level":"info","event":"action","runId":"840728fc-c84d-4707-950c-3a68b71deb38","type":"challenge","rationale":"Disconfirm material conclusion: A primary source that directly contradicts this conclusion.","step":3,"t":"2026-09-17T20:24:05.950Z"}
{"level":"info","event":"action","runId":"840728fc-c84d-4707-950c-3a68b71deb38","type":"challenge","rationale":"Disconfirm material conclusion: A primary source that directly contradicts this conclusion.","step":4,"t":"2026-09-17T20:24:05.964Z"}
{"level":"info","event":"action","runId":"840728fc-c84d-4707-950c-3a68b71deb38","type":"challenge","rationale":"Disconfirm material conclusion: A primary source that directly contradicts this conclusion.","step":5,"t":"2026-09-17T20:24:05.976Z"}
{"level":"info","event":"action","runId":"840728fc-c84d-4707-950c-3a68b71deb38","type":"challenge","rationale":"Disconfirm material conclusion: A primary source that directly contradicts this conclusion.","step":6,"t":"2026-09-17T20:24:05.988Z"}
{"level":"info","event":"action","runId":"840728fc-c84d-4707-950c-3a68b71deb38","type":"challenge","rationale":"Disconfirm material conclusion: A primary source that directly contradicts this conclusion.","step":7,"t":"2026-09-17T20:24:06.000Z"}
{"level":"info","event":"action","runId":"840728fc-c84d-4707-950c-3a68b71deb38","type":"challenge","rationale":"Disconfirm material conclusion: A primary source that directly contradicts this conclusion.","step":8,"t":"2026-09-17T20:24:06.011Z"}
{"level":"info","event":"action","runId":"840728fc-c84d-4707-950c-3a68b71deb38","type":"challenge","rationale":"Disconfirm material conclusion: A primary source that directly contradicts this conclusion.","step":9,"t":"2026-09-17T20:24:06.022Z"}
{"level":"info","event":"action","runId":"840728fc-c84d-4707-950c-3a68b71deb38","type":"challenge","rationale":"No counterexample found in accessed primary sources. This is not proof that the conclusion is true.","step":10,"t":"2026-09-17T20:24:06.034Z"}
{"level":"info","event":"action","runId":"840728fc-c84d-4707-950c-3a68b71deb38","type":"stop","rationale":"Repeated searches returned no novel source family or coverage progress","step":11,"t":"2026-09-17T20:24:06.043Z"}
{"level":"info","event":"action","runId":"949561db-beb6-4e48-aa5a-a32b522109c5","type":"search","rationale":"Investigate an uncovered required question","step":0,"t":"2026-09-17T20:24:06.494Z"}
{"level":"info","event":"action","runId":"949561db-beb6-4e48-aa5a-a32b522109c5","type":"fetch","rationale":"Inspect an already-known source before another generic query","step":1,"t":"2026-09-17T20:24:06.513Z"}
{"level":"info","event":"action","runId":"949561db-beb6-4e48-aa5a-a32b522109c5","type":"fetch","rationale":"Inspect an already-known source before another generic query","step":2,"t":"2026-09-17T20:24:06.523Z"}
{"level":"info","event":"action","runId":"949561db-beb6-4e48-aa5a-a32b522109c5","type":"fetch","rationale":"Inspect an already-known source before another generic query","step":3,"t":"2026-09-17T20:24:06.533Z"}
{"level":"info","event":"action","runId":"949561db-beb6-4e48-aa5a-a32b522109c5","type":"challenge","rationale":"Disconfirm material conclusion: A primary source that directly contradicts this conclusion.","step":4,"t":"2026-09-17T20:24:06.548Z"}
{"level":"info","event":"action","runId":"949561db-beb6-4e48-aa5a-a32b522109c5","type":"challenge","rationale":"No counterexample found in accessed primary sources. This is not proof that the conclusion is true.","step":5,"t":"2026-09-17T20:24:06.558Z"}
{"level":"info","event":"action","runId":"949561db-beb6-4e48-aa5a-a32b522109c5","type":"synthesize","rationale":"decision_critical_gaps_resolved_or_unresolvable; high-impact claims supported or qualified; contradictions handled; remaining actions low expected value","step":6,"t":"2026-09-17T20:24:06.566Z"}
{"level":"info","event":"action","runId":"89ec9cdd-dd12-4ba8-b8e0-632d7439ba2e","type":"search","rationale":"Investigate an uncovered required question","step":0,"t":"2026-09-17T20:24:07.012Z"}
{"level":"info","event":"action","runId":"89ec9cdd-dd12-4ba8-b8e0-632d7439ba2e","type":"fetch","rationale":"Inspect an already-known source before another generic query","step":1,"t":"2026-09-17T20:24:07.031Z"}
{"level":"info","event":"action","runId":"89ec9cdd-dd12-4ba8-b8e0-632d7439ba2e","type":"fetch","rationale":"Inspect an already-known source before another generic query","step":2,"t":"2026-09-17T20:24:07.043Z"}
{"level":"info","event":"action","runId":"89ec9cdd-dd12-4ba8-b8e0-632d7439ba2e","type":"fetch","rationale":"Inspect an already-known source before another generic query","step":3,"t":"2026-09-17T20:24:07.054Z"}
{"level":"info","event":"action","runId":"89ec9cdd-dd12-4ba8-b8e0-632d7439ba2e","type":"fetch","rationale":"Inspect an already-known source before another generic query","step":4,"t":"2026-09-17T20:24:07.066Z"}
{"level":"info","event":"action","runId":"89ec9cdd-dd12-4ba8-b8e0-632d7439ba2e","type":"fetch","rationale":"Inspect an already-known source before another generic query","step":5,"t":"2026-09-17T20:24:07.077Z"}
{"level":"info","event":"action","runId":"89ec9cdd-dd12-4ba8-b8e0-632d7439ba2e","type":"challenge","rationale":"Disconfirm material conclusion: A primary source that directly contradicts this conclusion.","step":6,"t":"2026-09-17T20:24:07.088Z"}
{"level":"info","event":"action","runId":"89ec9cdd-dd12-4ba8-b8e0-632d7439ba2e","type":"challenge","rationale":"No counterexample found in accessed primary sources. This is not proof that the conclusion is true.","step":7,"t":"2026-09-17T20:24:07.099Z"}
{"level":"info","event":"action","runId":"89ec9cdd-dd12-4ba8-b8e0-632d7439ba2e","type":"synthesize","rationale":"decision_critical_gaps_resolved_or_unresolvable; high-impact claims supported or qualified; contradictions handled; remaining actions low expected value","step":8,"t":"2026-09-17T20:24:07.107Z"}
{"level":"info","event":"action","runId":"d91c3ce6-ecd3-4a91-a2ec-54b07725fafd","type":"search","rationale":"Investigate an uncovered required question","step":0,"t":"2026-09-17T20:24:07.556Z"}
{"level":"info","event":"action","runId":"d91c3ce6-ecd3-4a91-a2ec-54b07725fafd","type":"fetch","rationale":"Inspect an already-known source before another generic query","step":1,"t":"2026-09-17T20:24:07.569Z"}
{"level":"info","event":"action","runId":"d91c3ce6-ecd3-4a91-a2ec-54b07725fafd","type":"challenge","rationale":"Disconfirm material conclusion: A primary source that directly contradicts this conclusion.","step":2,"t":"2026-09-17T20:24:07.581Z"}
{"level":"info","event":"action","runId":"d91c3ce6-ecd3-4a91-a2ec-54b07725fafd","type":"challenge","rationale":"No counterexample found in accessed primary sources. This is not proof that the conclusion is true.","step":3,"t":"2026-09-17T20:24:07.591Z"}
{"level":"info","event":"action","runId":"d91c3ce6-ecd3-4a91-a2ec-54b07725fafd","type":"synthesize","rationale":"decision_critical_gaps_resolved_or_unresolvable; high-impact claims supported or qualified; contradictions handled; remaining actions low expected value","step":4,"t":"2026-09-17T20:24:07.601Z"}
{"level":"info","event":"action","runId":"dcbf5125-18ba-4f8f-ae7e-b704396062b5","type":"search","rationale":"Investigate an uncovered required question","step":0,"t":"2026-09-17T20:24:08.510Z"}
{"level":"info","event":"action","runId":"dcbf5125-18ba-4f8f-ae7e-b704396062b5","type":"fetch","rationale":"Inspect an already-known source before another generic query","step":1,"t":"2026-09-17T20:24:08.528Z"}
{"level":"info","event":"action","runId":"dcbf5125-18ba-4f8f-ae7e-b704396062b5","type":"fetch","rationale":"Inspect an already-known source before another generic query","step":2,"t":"2026-09-17T20:24:08.538Z"}
{"level":"info","event":"action","runId":"dcbf5125-18ba-4f8f-ae7e-b704396062b5","type":"fetch","rationale":"Inspect an already-known source before another generic query","step":3,"t":"2026-09-17T20:24:08.550Z"}
{"level":"info","event":"action","runId":"dcbf5125-18ba-4f8f-ae7e-b704396062b5","type":"fetch","rationale":"Inspect an already-known source before another generic query","step":4,"t":"2026-09-17T20:24:08.561Z"}
{"level":"info","event":"action","runId":"dcbf5125-18ba-4f8f-ae7e-b704396062b5","type":"fetch","rationale":"Inspect an already-known source before another generic query","step":5,"t":"2026-09-17T20:24:08.571Z"}
{"level":"info","event":"action","runId":"dcbf5125-18ba-4f8f-ae7e-b704396062b5","type":"challenge","rationale":"Disconfirm material conclusion: A primary source that directly contradicts this conclusion.","step":6,"t":"2026-09-17T20:24:08.582Z"}
{"level":"info","event":"action","runId":"dcbf5125-18ba-4f8f-ae7e-b704396062b5","type":"challenge","rationale":"No counterexample found in accessed primary sources. This is not proof that the conclusion is true.","step":7,"t":"2026-09-17T20:24:08.593Z"}
{"level":"info","event":"action","runId":"dcbf5125-18ba-4f8f-ae7e-b704396062b5","type":"synthesize","rationale":"decision_critical_gaps_resolved_or_unresolvable; high-impact claims supported or qualified; contradictions handled; remaining actions low expected value","step":8,"t":"2026-09-17T20:24:08.603Z"}
 ✓ test/launch-scope.integration.test.ts (19 tests) 11930ms
   ✓ launch-scope fixture/postgres cases > R03 does not interview a clear comparison over style  626ms
   ✓ launch-scope fixture/postgres cases > R07 keeps a paywalled page snippet-only and does not claim a full read  523ms
   ✓ launch-scope fixture/postgres cases > R11 records a real price contradiction without averaging  551ms
   ✓ launch-scope fixture/postgres cases > R14 budget-limited outcome is not marked comprehensive  500ms
   ✓ launch-scope fixture/postgres cases > R22 preserves a reproducible annual cost calculation  545ms
   ✓ launch-scope fixture/postgres cases > V2-01 uses the compatibility matrix, not summary count  613ms
   ✓ launch-scope fixture/postgres cases > V2-02 / R08 switches source type after summary-family saturation  582ms
   ✓ launch-scope fixture/postgres cases > V2-04 relaxed budget discovers a previously omitted candidate  881ms
   ✓ launch-scope fixture/postgres cases > V2-05 recomputes a corrected numeric unit  762ms
   ✓ launch-scope fixture/postgres cases > V2-06 unknown dependency completeness forces a full rerun flag  983ms
   ✓ launch-scope fixture/postgres cases > P2 selective budget reopen is not a full rerun; unknown-dependency correction is; both 120 EUR paths find Vendor C  1434ms
   ✓ launch-scope fixture/postgres cases > P2 a non-budget correction does not reopen candidate discovery or add Vendor C  888ms
   ✓ launch-scope fixture/postgres cases > V2-18 distinguishes no eligible inspected option from universal absence  525ms
   ✓ launch-scope fixture/postgres cases > E07 denies another account's evidence id  540ms
   ✓ launch-scope fixture/postgres cases > S04 does not leave raw script markup in the canonical report  487ms
   ✓ launch-scope fixture/postgres cases > challenge and markdown export use the same stored report  570ms
 ✓ test/model-gateway.integration.test.ts (64 tests) 13104ms
   ✓ W05 generic writer, exact final wording and canonical publication > writes changed prose, checks it separately, publishes and reopens its premise lineage  679ms
   ✓ W05 generic writer, exact final wording and canonical publication > keeps supported synthesis while blocking a made-up heading, paragraph and limitation  641ms
   ✓ W05 generic writer, exact final wording and canonical publication > reuses a durable draft after restart without another writer request  319ms
   ✓ W05 generic writer, exact final wording and canonical publication > purges drafts and composed claim text on account deletion  665ms
   ✓ W05 durable criterion coverage review > executes review once, stores exact claim revisions and revalidates replay  358ms
   ✓ W05 report completion requires exact final coverage > completes and reopens a report only after final assertion coverage executes  1197ms
   ✓ W05 report completion requires exact final coverage > does not publish when the required review returns invalid output  372ms
   ✓ W05 structured services through production processRun > runs arbitrary evidence through criteria, extraction, substantive checks and cited publication  719ms
   ✓ W05 structured writing pause supports resume without repeating evidence work  832ms
{"level":"info","event":"action","runId":"973c71dc-7b35-4bfd-8138-864fb5651962","type":"search","rationale":"Investigate an uncovered required question","step":0,"t":"2026-09-17T20:24:23.680Z"}
{"level":"info","event":"action","runId":"973c71dc-7b35-4bfd-8138-864fb5651962","type":"fetch","rationale":"Inspect an already-known source before another generic query","step":1,"t":"2026-09-17T20:24:23.717Z"}
{"level":"info","event":"action","runId":"973c71dc-7b35-4bfd-8138-864fb5651962","type":"fetch","rationale":"Inspect an already-known source before another generic query","step":2,"t":"2026-09-17T20:24:23.736Z"}
{"level":"info","event":"action","runId":"973c71dc-7b35-4bfd-8138-864fb5651962","type":"fetch","rationale":"Inspect an already-known source before another generic query","step":3,"t":"2026-09-17T20:24:23.755Z"}
{"level":"info","event":"action","runId":"973c71dc-7b35-4bfd-8138-864fb5651962","type":"challenge","rationale":"Disconfirm material conclusion: A primary source that directly contradicts this conclusion.","step":4,"t":"2026-09-17T20:24:23.779Z"}
{"level":"info","event":"action","runId":"973c71dc-7b35-4bfd-8138-864fb5651962","type":"challenge","rationale":"No counterexample found in accessed primary sources. This is not proof that the conclusion is true.","step":5,"t":"2026-09-17T20:24:23.798Z"}
{"level":"info","event":"action","runId":"973c71dc-7b35-4bfd-8138-864fb5651962","type":"synthesize","rationale":"decision_critical_gaps_resolved_or_unresolvable; high-impact claims supported or qualified; contradictions handled; remaining actions low expected value","step":6,"t":"2026-09-17T20:24:23.814Z"}
{"level":"info","event":"action","runId":"4d106610-7287-497e-9abf-3a7051ffb4c9","type":"search","rationale":"Investigate an uncovered required question","step":0,"t":"2026-09-17T20:24:24.379Z"}
{"level":"info","event":"action","runId":"4d106610-7287-497e-9abf-3a7051ffb4c9","type":"fetch","rationale":"Inspect an already-known source before another generic query","step":1,"t":"2026-09-17T20:24:24.397Z"}
{"level":"info","event":"action","runId":"4d106610-7287-497e-9abf-3a7051ffb4c9","type":"challenge","rationale":"Disconfirm material conclusion: A current official catalog entry for the named product.","step":2,"t":"2026-09-17T20:24:24.410Z"}
{"level":"info","event":"action","runId":"4d106610-7287-497e-9abf-3a7051ffb4c9","type":"challenge","rationale":"No counterexample found in accessed primary sources. This is not proof that the conclusion is true.","step":3,"t":"2026-09-17T20:24:24.424Z"}
{"level":"info","event":"action","runId":"4d106610-7287-497e-9abf-3a7051ffb4c9","type":"synthesize","rationale":"decision_critical_gaps_resolved_or_unresolvable; high-impact claims supported or qualified; contradictions handled; remaining actions low expected value","step":4,"t":"2026-09-17T20:24:24.434Z"}
{"level":"info","event":"action","runId":"0f9bc62a-5722-4ef4-9272-8ea829f40256","type":"search","rationale":"Investigate an uncovered required question","step":0,"t":"2026-09-17T20:24:24.883Z"}
{"level":"info","event":"action","runId":"0f9bc62a-5722-4ef4-9272-8ea829f40256","type":"fetch","rationale":"Inspect an already-known source before another generic query","step":1,"t":"2026-09-17T20:24:24.906Z"}
{"level":"info","event":"action","runId":"0f9bc62a-5722-4ef4-9272-8ea829f40256","type":"fetch","rationale":"Inspect an already-known source before another generic query","step":2,"t":"2026-09-17T20:24:24.919Z"}
{"level":"info","event":"action","runId":"0f9bc62a-5722-4ef4-9272-8ea829f40256","type":"fetch","rationale":"Inspect an already-known source before another generic query","step":3,"t":"2026-09-17T20:24:24.934Z"}
{"level":"info","event":"action","runId":"0f9bc62a-5722-4ef4-9272-8ea829f40256","type":"fetch","rationale":"Inspect an already-known source before another generic query","step":4,"t":"2026-09-17T20:24:24.964Z"}
{"level":"info","event":"action","runId":"0f9bc62a-5722-4ef4-9272-8ea829f40256","type":"fetch","rationale":"Inspect an already-known source before another generic query","step":5,"t":"2026-09-17T20:24:24.980Z"}
{"level":"info","event":"action","runId":"0f9bc62a-5722-4ef4-9272-8ea829f40256","type":"challenge","rationale":"Disconfirm material conclusion: A primary source that directly contradicts this conclusion.","step":6,"t":"2026-09-17T20:24:24.996Z"}
{"level":"info","event":"action","runId":"0f9bc62a-5722-4ef4-9272-8ea829f40256","type":"challenge","rationale":"No counterexample found in accessed primary sources. This is not proof that the conclusion is true.","step":7,"t":"2026-09-17T20:24:25.010Z"}
{"level":"info","event":"action","runId":"0f9bc62a-5722-4ef4-9272-8ea829f40256","type":"synthesize","rationale":"decision_critical_gaps_resolved_or_unresolvable; high-impact claims supported or qualified; contradictions handled; remaining actions low expected value","step":8,"t":"2026-09-17T20:24:25.020Z"}
{"level":"info","event":"action","runId":"9270d28a-3083-4881-a252-2f875effabb4","type":"search","rationale":"Initial dataset excludes the user's stated population; pivot source type","step":0,"t":"2026-09-17T20:24:25.476Z"}
{"level":"info","event":"action","runId":"9270d28a-3083-4881-a252-2f875effabb4","type":"search","rationale":"Decision-blocking gap: population-specific evidence. Switching source type to population-specific.","step":1,"t":"2026-09-17T20:24:25.492Z"}
{"level":"info","event":"action","runId":"9270d28a-3083-4881-a252-2f875effabb4","type":"search","rationale":"Decision-blocking gap: population-specific evidence. Switching source type to population-specific.","step":2,"t":"2026-09-17T20:24:25.504Z"}
{"level":"info","event":"action","runId":"9270d28a-3083-4881-a252-2f875effabb4","type":"search","rationale":"Decision-blocking gap: population-specific evidence. Switching source type to population-specific.","step":3,"t":"2026-09-17T20:24:25.515Z"}
{"level":"info","event":"action","runId":"9270d28a-3083-4881-a252-2f875effabb4","type":"search","rationale":"Decision-blocking gap: population-specific evidence. Switching source type to population-specific.","step":4,"t":"2026-09-17T20:24:25.526Z"}
{"level":"info","event":"action","runId":"9270d28a-3083-4881-a252-2f875effabb4","type":"search","rationale":"Decision-blocking gap: population-specific evidence. Switching source type to population-specific.","step":5,"t":"2026-09-17T20:24:25.537Z"}
{"level":"info","event":"action","runId":"9270d28a-3083-4881-a252-2f875effabb4","type":"search","rationale":"Decision-blocking gap: population-specific evidence. Switching source type to population-specific.","step":6,"t":"2026-09-17T20:24:25.550Z"}
{"level":"info","event":"action","runId":"9270d28a-3083-4881-a252-2f875effabb4","type":"search","rationale":"Decision-blocking gap: population-specific evidence. Switching source type to population-specific.","step":7,"t":"2026-09-17T20:24:25.561Z"}
{"level":"info","event":"action","runId":"9270d28a-3083-4881-a252-2f875effabb4","type":"fetch","rationale":"Inspect an already-known source before another generic query","step":8,"t":"2026-09-17T20:24:25.573Z"}
{"level":"info","event":"action","runId":"9270d28a-3083-4881-a252-2f875effabb4","type":"fetch","rationale":"Inspect an already-known source before another generic query","step":9,"t":"2026-09-17T20:24:25.585Z"}
{"level":"info","event":"action","runId":"9270d28a-3083-4881-a252-2f875effabb4","type":"challenge","rationale":"No counterexample found in accessed primary sources. This is not proof that the conclusion is true.","step":10,"t":"2026-09-17T20:24:25.598Z"}
{"level":"info","event":"action","runId":"9270d28a-3083-4881-a252-2f875effabb4","type":"stop","rationale":"Repeated searches returned no novel source family or coverage progress","step":11,"t":"2026-09-17T20:24:25.609Z"}
{"level":"info","event":"action","runId":"90cdc042-601e-471b-95db-fc0073c3e2aa","type":"search","rationale":"Investigate an uncovered required question","step":0,"t":"2026-09-17T20:24:26.054Z"}
{"level":"info","event":"action","runId":"90cdc042-601e-471b-95db-fc0073c3e2aa","type":"fetch","rationale":"Inspect an already-known source before another generic query","step":1,"t":"2026-09-17T20:24:26.069Z"}
{"level":"info","event":"action","runId":"90cdc042-601e-471b-95db-fc0073c3e2aa","type":"challenge","rationale":"Disconfirm material conclusion: A primary source that directly contradicts this conclusion.","step":2,"t":"2026-09-17T20:24:26.081Z"}
{"level":"info","event":"action","runId":"90cdc042-601e-471b-95db-fc0073c3e2aa","type":"challenge","rationale":"No counterexample found in accessed primary sources. This is not proof that the conclusion is true.","step":3,"t":"2026-09-17T20:24:26.093Z"}
{"level":"info","event":"action","runId":"90cdc042-601e-471b-95db-fc0073c3e2aa","type":"synthesize","rationale":"decision_critical_gaps_resolved_or_unresolvable; high-impact claims supported or qualified; contradictions handled; remaining actions low expected value","step":4,"t":"2026-09-17T20:24:26.103Z"}
{"level":"info","event":"action","runId":"c38695e6-a605-4165-abb0-d75e1d38eec0","type":"search","rationale":"Investigate an uncovered required question","step":0,"t":"2026-09-17T20:24:26.568Z"}
{"level":"info","event":"action","runId":"c38695e6-a605-4165-abb0-d75e1d38eec0","type":"fetch","rationale":"Inspect an already-known source before another generic query","step":1,"t":"2026-09-17T20:24:26.589Z"}
{"level":"info","event":"action","runId":"c38695e6-a605-4165-abb0-d75e1d38eec0","type":"fetch","rationale":"Inspect an already-known source before another generic query","step":2,"t":"2026-09-17T20:24:26.601Z"}
{"level":"info","event":"action","runId":"c38695e6-a605-4165-abb0-d75e1d38eec0","type":"fetch","rationale":"Inspect an already-known source before another generic query","step":3,"t":"2026-09-17T20:24:26.613Z"}
{"level":"info","event":"action","runId":"c38695e6-a605-4165-abb0-d75e1d38eec0","type":"challenge","rationale":"Disconfirm material conclusion: A primary source that directly contradicts this conclusion.","step":4,"t":"2026-09-17T20:24:26.629Z"}
{"level":"info","event":"action","runId":"c38695e6-a605-4165-abb0-d75e1d38eec0","type":"challenge","rationale":"No counterexample found in accessed primary sources. This is not proof that the conclusion is true.","step":5,"t":"2026-09-17T20:24:26.641Z"}
{"level":"info","event":"action","runId":"c38695e6-a605-4165-abb0-d75e1d38eec0","type":"synthesize","rationale":"decision_critical_gaps_resolved_or_unresolvable; high-impact claims supported or qualified; contradictions handled; remaining actions low expected value","step":6,"t":"2026-09-17T20:24:26.651Z"}
{"level":"info","event":"action","runId":"f277ff8a-6ae6-4f71-b692-6844782dc51d","type":"search","rationale":"Investigate an uncovered required question","step":0,"t":"2026-09-17T20:24:27.128Z"}
{"level":"info","event":"action","runId":"f277ff8a-6ae6-4f71-b692-6844782dc51d","type":"fetch","rationale":"Inspect an already-known source before another generic query","step":1,"t":"2026-09-17T20:24:27.147Z"}
{"level":"info","event":"action","runId":"f277ff8a-6ae6-4f71-b692-6844782dc51d","type":"fetch","rationale":"Inspect an already-known source before another generic query","step":2,"t":"2026-09-17T20:24:27.159Z"}
{"level":"info","event":"action","runId":"f277ff8a-6ae6-4f71-b692-6844782dc51d","type":"fetch","rationale":"Inspect an already-known source before another generic query","step":3,"t":"2026-09-17T20:24:27.171Z"}
{"level":"info","event":"action","runId":"f277ff8a-6ae6-4f71-b692-6844782dc51d","type":"fetch","rationale":"Inspect an already-known source before another generic query","step":4,"t":"2026-09-17T20:24:27.181Z"}
{"level":"info","event":"action","runId":"f277ff8a-6ae6-4f71-b692-6844782dc51d","type":"fetch","rationale":"Inspect an already-known source before another generic query","step":5,"t":"2026-09-17T20:24:27.193Z"}
{"level":"info","event":"action","runId":"f277ff8a-6ae6-4f71-b692-6844782dc51d","type":"challenge","rationale":"Disconfirm material conclusion: A primary source that directly contradicts this conclusion.","step":6,"t":"2026-09-17T20:24:27.205Z"}
{"level":"info","event":"action","runId":"f277ff8a-6ae6-4f71-b692-6844782dc51d","type":"challenge","rationale":"No counterexample found in accessed primary sources. This is not proof that the conclusion is true.","step":7,"t":"2026-09-17T20:24:27.216Z"}
{"level":"info","event":"action","runId":"f277ff8a-6ae6-4f71-b692-6844782dc51d","type":"synthesize","rationale":"decision_critical_gaps_resolved_or_unresolvable; high-impact claims supported or qualified; contradictions handled; remaining actions low expected value","step":8,"t":"2026-09-17T20:24:27.225Z"}
{"level":"info","event":"action","runId":"57784af2-9e56-4e1e-b41c-6a1492112448","type":"search","rationale":"Investigate an uncovered required question","step":0,"t":"2026-09-17T20:24:27.911Z"}
{"level":"info","event":"action","runId":"57784af2-9e56-4e1e-b41c-6a1492112448","type":"fetch","rationale":"Inspect an already-known source before another generic query","step":0,"t":"2026-09-17T20:24:27.939Z"}
{"level":"info","event":"action","runId":"57784af2-9e56-4e1e-b41c-6a1492112448","type":"fetch","rationale":"Inspect an already-known source before another generic query","step":1,"t":"2026-09-17T20:24:27.954Z"}
{"level":"info","event":"action","runId":"57784af2-9e56-4e1e-b41c-6a1492112448","type":"fetch","rationale":"Inspect an already-known source before another generic query","step":2,"t":"2026-09-17T20:24:27.969Z"}
{"level":"info","event":"action","runId":"57784af2-9e56-4e1e-b41c-6a1492112448","type":"challenge","rationale":"Disconfirm material conclusion: A primary source that directly contradicts this conclusion.","step":3,"t":"2026-09-17T20:24:27.989Z"}
{"level":"info","event":"action","runId":"57784af2-9e56-4e1e-b41c-6a1492112448","type":"challenge","rationale":"No counterexample found in accessed primary sources. This is not proof that the conclusion is true.","step":4,"t":"2026-09-17T20:24:28.005Z"}
{"level":"info","event":"action","runId":"57784af2-9e56-4e1e-b41c-6a1492112448","type":"synthesize","rationale":"decision_critical_gaps_resolved_or_unresolvable; high-impact claims supported or qualified; contradictions handled; remaining actions low expected value","step":5,"t":"2026-09-17T20:24:28.015Z"}
{"level":"info","event":"action","runId":"cd1966aa-61cd-476b-869d-6e9dab4b8a24","type":"search","rationale":"Investigate an uncovered required question","step":0,"t":"2026-09-17T20:24:28.500Z"}
{"level":"info","event":"action","runId":"cd1966aa-61cd-476b-869d-6e9dab4b8a24","type":"fetch","rationale":"Inspect an already-known source before another generic query","step":1,"t":"2026-09-17T20:24:28.519Z"}
{"level":"info","event":"action","runId":"cd1966aa-61cd-476b-869d-6e9dab4b8a24","type":"fetch","rationale":"Inspect an already-known source before another generic query","step":2,"t":"2026-09-17T20:24:28.530Z"}
{"level":"info","event":"action","runId":"cd1966aa-61cd-476b-869d-6e9dab4b8a24","type":"fetch","rationale":"Inspect an already-known source before another generic query","step":3,"t":"2026-09-17T20:24:28.542Z"}
{"level":"info","event":"action","runId":"cd1966aa-61cd-476b-869d-6e9dab4b8a24","type":"challenge","rationale":"Disconfirm material conclusion: A primary source that directly contradicts this conclusion.","step":4,"t":"2026-09-17T20:24:28.558Z"}
{"level":"info","event":"action","runId":"cd1966aa-61cd-476b-869d-6e9dab4b8a24","type":"challenge","rationale":"No counterexample found in accessed primary sources. This is not proof that the conclusion is true.","step":5,"t":"2026-09-17T20:24:28.570Z"}
{"level":"info","event":"action","runId":"cd1966aa-61cd-476b-869d-6e9dab4b8a24","type":"synthesize","rationale":"decision_critical_gaps_resolved_or_unresolvable; high-impact claims supported or qualified; contradictions handled; remaining actions low expected value","step":6,"t":"2026-09-17T20:24:28.579Z"}
{"level":"info","event":"action","runId":"63431863-12df-4507-aa12-1fe791fe203a","type":"search","rationale":"Investigate an uncovered required question","step":0,"t":"2026-09-17T20:24:28.830Z"}
{"level":"info","event":"action","runId":"63431863-12df-4507-aa12-1fe791fe203a","type":"stop","rationale":"action type reveal_keys is not a permitted research action","step":1,"t":"2026-09-17T20:24:28.844Z"}
{"level":"info","event":"action","runId":"cd015d1d-93ec-4c00-b661-b46045276164","type":"search","rationale":"Investigate an uncovered required question","step":0,"t":"2026-09-17T20:24:29.303Z"}
{"level":"info","event":"action","runId":"cd015d1d-93ec-4c00-b661-b46045276164","type":"fetch","rationale":"Inspect an already-known source before another generic query","step":1,"t":"2026-09-17T20:24:29.323Z"}
{"level":"info","event":"action","runId":"cd015d1d-93ec-4c00-b661-b46045276164","type":"fetch","rationale":"Inspect an already-known source before another generic query","step":2,"t":"2026-09-17T20:24:29.334Z"}
{"level":"info","event":"action","runId":"cd015d1d-93ec-4c00-b661-b46045276164","type":"fetch","rationale":"Inspect an already-known source before another generic query","step":3,"t":"2026-09-17T20:24:29.348Z"}
{"level":"info","event":"action","runId":"cd015d1d-93ec-4c00-b661-b46045276164","type":"challenge","rationale":"Disconfirm material conclusion: A primary source that directly contradicts this conclusion.","step":4,"t":"2026-09-17T20:24:29.364Z"}
{"level":"info","event":"action","runId":"cd015d1d-93ec-4c00-b661-b46045276164","type":"challenge","rationale":"No counterexample found in accessed primary sources. This is not proof that the conclusion is true.","step":5,"t":"2026-09-17T20:24:29.375Z"}
{"level":"info","event":"action","runId":"cd015d1d-93ec-4c00-b661-b46045276164","type":"synthesize","rationale":"decision_critical_gaps_resolved_or_unresolvable; high-impact claims supported or qualified; contradictions handled; remaining actions low expected value","step":6,"t":"2026-09-17T20:24:29.385Z"}
{"level":"info","event":"action","runId":"9569e1c8-7ba6-4a43-a3ec-9895d20ab003","type":"search","rationale":"Investigate an uncovered required question","step":0,"t":"2026-09-17T20:24:29.666Z"}
{"level":"info","event":"action","runId":"9569e1c8-7ba6-4a43-a3ec-9895d20ab003","type":"fetch","rationale":"Inspect an already-known source before another generic query","step":1,"t":"2026-09-17T20:24:29.683Z"}
{"level":"info","event":"action","runId":"9569e1c8-7ba6-4a43-a3ec-9895d20ab003","type":"fetch","rationale":"Inspect an already-known source before another generic query","step":2,"t":"2026-09-17T20:24:29.695Z"}
{"level":"info","event":"action","runId":"9569e1c8-7ba6-4a43-a3ec-9895d20ab003","type":"fetch","rationale":"Inspect an already-known source before another generic query","step":3,"t":"2026-09-17T20:24:29.706Z"}
{"level":"info","event":"action","runId":"9569e1c8-7ba6-4a43-a3ec-9895d20ab003","type":"challenge","rationale":"Disconfirm material conclusion: A primary source that directly contradicts this conclusion.","step":4,"t":"2026-09-17T20:24:29.719Z"}
{"level":"info","event":"action","runId":"9569e1c8-7ba6-4a43-a3ec-9895d20ab003","type":"challenge","rationale":"No counterexample found in accessed primary sources. This is not proof that the conclusion is true.","step":5,"t":"2026-09-17T20:24:29.730Z"}
{"level":"info","event":"action","runId":"9569e1c8-7ba6-4a43-a3ec-9895d20ab003","type":"synthesize","rationale":"decision_critical_gaps_resolved_or_unresolvable; high-impact claims supported or qualified; contradictions handled; remaining actions low expected value","step":6,"t":"2026-09-17T20:24:29.739Z"}
{"level":"info","event":"action","runId":"5dbc4d78-bf8d-492b-aee1-729e04969778","type":"search","rationale":"Investigate an uncovered required question","step":0,"t":"2026-09-17T20:24:29.987Z"}
{"level":"info","event":"action","runId":"5dbc4d78-bf8d-492b-aee1-729e04969778","type":"fetch","rationale":"Inspect an already-known source before another generic query","step":1,"t":"2026-09-17T20:24:30.005Z"}
{"level":"info","event":"action","runId":"5dbc4d78-bf8d-492b-aee1-729e04969778","type":"fetch","rationale":"Inspect an already-known source before another generic query","step":2,"t":"2026-09-17T20:24:30.016Z"}
{"level":"info","event":"action","runId":"5dbc4d78-bf8d-492b-aee1-729e04969778","type":"fetch","rationale":"Inspect an already-known source before another generic query","step":3,"t":"2026-09-17T20:24:30.027Z"}
{"level":"info","event":"action","runId":"5dbc4d78-bf8d-492b-aee1-729e04969778","type":"challenge","rationale":"Disconfirm material conclusion: A primary source that directly contradicts this conclusion.","step":4,"t":"2026-09-17T20:24:30.041Z"}
{"level":"info","event":"action","runId":"5dbc4d78-bf8d-492b-aee1-729e04969778","type":"challenge","rationale":"No counterexample found in accessed primary sources. This is not proof that the conclusion is true.","step":5,"t":"2026-09-17T20:24:30.053Z"}
{"level":"info","event":"action","runId":"5dbc4d78-bf8d-492b-aee1-729e04969778","type":"synthesize","rationale":"decision_critical_gaps_resolved_or_unresolvable; high-impact claims supported or qualified; contradictions handled; remaining actions low expected value","step":6,"t":"2026-09-17T20:24:30.063Z"}
{"level":"info","event":"action","runId":"f42f901b-1019-4fe4-bca5-49fcbda38872","type":"search","rationale":"Investigate an uncovered required question","step":0,"t":"2026-09-17T20:24:30.312Z"}
{"level":"info","event":"action","runId":"f42f901b-1019-4fe4-bca5-49fcbda38872","type":"fetch","rationale":"Inspect an already-known source before another generic query","step":1,"t":"2026-09-17T20:24:30.327Z"}
{"level":"info","event":"action","runId":"f42f901b-1019-4fe4-bca5-49fcbda38872","type":"fetch","rationale":"Inspect an already-known source before another generic query","step":2,"t":"2026-09-17T20:24:30.339Z"}
{"level":"info","event":"action","runId":"f42f901b-1019-4fe4-bca5-49fcbda38872","type":"fetch","rationale":"Inspect an already-known source before another generic query","step":3,"t":"2026-09-17T20:24:30.352Z"}
{"level":"info","event":"action","runId":"f42f901b-1019-4fe4-bca5-49fcbda38872","type":"challenge","rationale":"Disconfirm material conclusion: A hard-constraint violation for a candidate currently marked eligible.","step":4,"t":"2026-09-17T20:24:30.363Z"}
{"level":"info","event":"action","runId":"f42f901b-1019-4fe4-bca5-49fcbda38872","type":"challenge","rationale":"No counterexample found in accessed primary sources. This is not proof that the conclusion is true.","step":5,"t":"2026-09-17T20:24:30.373Z"}
{"level":"info","event":"action","runId":"f42f901b-1019-4fe4-bca5-49fcbda38872","type":"synthesize","rationale":"decision_critical_gaps_resolved_or_unresolvable; high-impact claims supported or qualified; contradictions handled; remaining actions low expected value","step":6,"t":"2026-09-17T20:24:30.383Z"}
{"level":"info","event":"action","runId":"c26c8e84-c2cc-4751-91fb-52146b5b6c91","type":"challenge","rationale":"Disconfirm material conclusion: A primary source that directly contradicts this conclusion.","step":0,"t":"2026-09-17T20:24:30.853Z"}
{"level":"info","event":"action","runId":"c26c8e84-c2cc-4751-91fb-52146b5b6c91","type":"fetch","rationale":"Inspect an already-known source before another generic query","step":1,"t":"2026-09-17T20:24:30.871Z"}
{"level":"info","event":"action","runId":"c26c8e84-c2cc-4751-91fb-52146b5b6c91","type":"fetch","rationale":"Inspect an already-known source before another generic query","step":2,"t":"2026-09-17T20:24:30.882Z"}
{"level":"info","event":"action","runId":"c26c8e84-c2cc-4751-91fb-52146b5b6c91","type":"fetch","rationale":"Inspect an already-known source before another generic query","step":3,"t":"2026-09-17T20:24:30.893Z"}
{"level":"info","event":"action","runId":"c26c8e84-c2cc-4751-91fb-52146b5b6c91","type":"challenge","rationale":"No counterexample found in accessed primary sources. This is not proof that the conclusion is true.","step":4,"t":"2026-09-17T20:24:30.906Z"}
{"level":"info","event":"action","runId":"c26c8e84-c2cc-4751-91fb-52146b5b6c91","type":"synthesize","rationale":"decision_critical_gaps_resolved_or_unresolvable; high-impact claims supported or qualified; contradictions handled; remaining actions low expected value","step":5,"t":"2026-09-17T20:24:30.916Z"}
{"level":"info","event":"action","runId":"20776689-edcc-4dd6-a5dd-2c4d920b20ea","type":"search","rationale":"Investigate an uncovered required question","step":0,"t":"2026-09-17T20:24:31.374Z"}
{"level":"info","event":"action","runId":"20776689-edcc-4dd6-a5dd-2c4d920b20ea","type":"fetch","rationale":"Inspect an already-known source before another generic query","step":1,"t":"2026-09-17T20:24:31.394Z"}
{"level":"info","event":"action","runId":"20776689-edcc-4dd6-a5dd-2c4d920b20ea","type":"fetch","rationale":"Inspect an already-known source before another generic query","step":2,"t":"2026-09-17T20:24:31.407Z"}
{"level":"info","event":"action","runId":"20776689-edcc-4dd6-a5dd-2c4d920b20ea","type":"fetch","rationale":"Inspect an already-known source before another generic query","step":3,"t":"2026-09-17T20:24:31.418Z"}
{"level":"info","event":"action","runId":"20776689-edcc-4dd6-a5dd-2c4d920b20ea","type":"fetch","rationale":"Inspect an already-known source before another generic query","step":4,"t":"2026-09-17T20:24:31.430Z"}
{"level":"info","event":"action","runId":"20776689-edcc-4dd6-a5dd-2c4d920b20ea","type":"fetch","rationale":"Inspect an already-known source before another generic query","step":5,"t":"2026-09-17T20:24:31.441Z"}
{"level":"info","event":"action","runId":"20776689-edcc-4dd6-a5dd-2c4d920b20ea","type":"challenge","rationale":"Disconfirm material conclusion: A primary source that directly contradicts this conclusion.","step":6,"t":"2026-09-17T20:24:31.453Z"}
{"level":"info","event":"action","runId":"20776689-edcc-4dd6-a5dd-2c4d920b20ea","type":"challenge","rationale":"No counterexample found in accessed primary sources. This is not proof that the conclusion is true.","step":7,"t":"2026-09-17T20:24:31.464Z"}
{"level":"info","event":"action","runId":"20776689-edcc-4dd6-a5dd-2c4d920b20ea","type":"synthesize","rationale":"decision_critical_gaps_resolved_or_unresolvable; high-impact claims supported or qualified; contradictions handled; remaining actions low expected value","step":8,"t":"2026-09-17T20:24:31.473Z"}
 ✓ test/p0-smoke.integration.test.ts (16 tests) 8714ms
   ✓ P0 smoke against shipped API/worker/postgres > R01 already-known constraint is stored and not re-asked  910ms
   ✓ P0 smoke against shipped API/worker/postgres > R04 false premise is reported and not invented  561ms
   ✓ P0 smoke against shipped API/worker/postgres > R05 source duplication clusters five reprints as one origin  583ms
   ✓ P0 smoke against shipped API/worker/postgres > R09 justified pivot opens a population-relevant source  587ms
   ✓ P0 smoke against shipped API/worker/postgres > R13 diminishing returns stops instead of exhausting a quota  487ms
   ✓ P0 smoke against shipped API/worker/postgres > E01 unknown citation ID blocks publication  584ms
   ✓ P0 smoke against shipped API/worker/postgres > E02 non-supporting citation is flagged  547ms
   ✓ P0 smoke against shipped API/worker/postgres > J03 crash after fetch recovers evidence without double settlement  568ms
   ✓ P0 smoke against shipped API/worker/postgres > J05 / V2-07 cancel during writing rejects late publication  358ms
   ✓ P0 smoke against shipped API/worker/postgres > S01 prompt injection cannot authorize tools or reveal keys  469ms
   ✓ P0 smoke against shipped API/worker/postgres > S09 deletion during run purges derived text and blocks resurrection  356ms
   ✓ P0 smoke against shipped API/worker/postgres > V2-08 stale worker lease cannot publish  333ms
   ✓ P0 smoke against shipped API/worker/postgres > correction reopens discovery when a hard budget constraint is relaxed  842ms
   ✓ P0 smoke against shipped API/worker/postgres > S05 private attachment canary is not copied into a public search query  534ms
   ✓ P0 smoke against shipped API/worker/postgres > GET events and report citations resolve to stored evidence IDs  553ms
{"level":"info","event":"action","runId":"f30f742c-8df2-4f48-b68f-3f736a4a25d8","type":"search","rationale":"Investigate an uncovered required question","step":0,"t":"2026-09-17T20:24:32.627Z"}
{"level":"info","event":"action","runId":"f30f742c-8df2-4f48-b68f-3f736a4a25d8","type":"fetch","rationale":"Inspect an already-known source before another generic query","step":1,"t":"2026-09-17T20:24:32.658Z"}
{"level":"info","event":"action","runId":"f30f742c-8df2-4f48-b68f-3f736a4a25d8","type":"fetch","rationale":"Inspect an already-known source before another generic query","step":2,"t":"2026-09-17T20:24:32.674Z"}
{"level":"info","event":"action","runId":"f30f742c-8df2-4f48-b68f-3f736a4a25d8","type":"fetch","rationale":"Inspect an already-known source before another generic query","step":3,"t":"2026-09-17T20:24:32.689Z"}
{"level":"info","event":"action","runId":"f30f742c-8df2-4f48-b68f-3f736a4a25d8","type":"fetch","rationale":"Inspect an already-known source before another generic query","step":4,"t":"2026-09-17T20:24:32.703Z"}
{"level":"info","event":"action","runId":"f30f742c-8df2-4f48-b68f-3f736a4a25d8","type":"fetch","rationale":"Inspect an already-known source before another generic query","step":5,"t":"2026-09-17T20:24:32.717Z"}
{"level":"info","event":"action","runId":"f30f742c-8df2-4f48-b68f-3f736a4a25d8","type":"challenge","rationale":"Disconfirm material conclusion: A primary source that directly contradicts this conclusion.","step":6,"t":"2026-09-17T20:24:32.734Z"}
{"level":"info","event":"action","runId":"f30f742c-8df2-4f48-b68f-3f736a4a25d8","type":"challenge","rationale":"No counterexample found in accessed primary sources. This is not proof that the conclusion is true.","step":7,"t":"2026-09-17T20:24:32.752Z"}
{"level":"info","event":"action","runId":"f30f742c-8df2-4f48-b68f-3f736a4a25d8","type":"synthesize","rationale":"decision_critical_gaps_resolved_or_unresolvable; high-impact claims supported or qualified; contradictions handled; remaining actions low expected value","step":8,"t":"2026-09-17T20:24:32.765Z"}
{"level":"info","event":"action","runId":"de1707df-690c-4473-a670-137c315416fb","type":"challenge","rationale":"Disconfirm material conclusion: A primary source that directly contradicts this conclusion.","step":0,"t":"2026-09-17T20:24:33.283Z"}
{"level":"info","event":"action","runId":"de1707df-690c-4473-a670-137c315416fb","type":"fetch","rationale":"Inspect an already-known source before another generic query","step":1,"t":"2026-09-17T20:24:33.308Z"}
{"level":"info","event":"action","runId":"de1707df-690c-4473-a670-137c315416fb","type":"fetch","rationale":"Inspect an already-known source before another generic query","step":2,"t":"2026-09-17T20:24:33.322Z"}
{"level":"info","event":"action","runId":"de1707df-690c-4473-a670-137c315416fb","type":"fetch","rationale":"Inspect an already-known source before another generic query","step":3,"t":"2026-09-17T20:24:33.336Z"}
{"level":"info","event":"action","runId":"de1707df-690c-4473-a670-137c315416fb","type":"challenge","rationale":"No counterexample found in accessed primary sources. This is not proof that the conclusion is true.","step":4,"t":"2026-09-17T20:24:33.357Z"}
{"level":"info","event":"action","runId":"de1707df-690c-4473-a670-137c315416fb","type":"synthesize","rationale":"decision_critical_gaps_resolved_or_unresolvable; high-impact claims supported or qualified; contradictions handled; remaining actions low expected value","step":5,"t":"2026-09-17T20:24:33.369Z"}
{"level":"info","event":"action","runId":"697ec45e-201a-457a-9596-603285316c67","type":"search","rationale":"Investigate an uncovered required question","step":0,"t":"2026-09-17T20:24:33.884Z"}
{"level":"info","event":"action","runId":"697ec45e-201a-457a-9596-603285316c67","type":"fetch","rationale":"Inspect an already-known source before another generic query","step":1,"t":"2026-09-17T20:24:33.913Z"}
{"level":"info","event":"action","runId":"697ec45e-201a-457a-9596-603285316c67","type":"fetch","rationale":"Inspect an already-known source before another generic query","step":2,"t":"2026-09-17T20:24:33.926Z"}
{"level":"info","event":"action","runId":"697ec45e-201a-457a-9596-603285316c67","type":"fetch","rationale":"Inspect an already-known source before another generic query","step":3,"t":"2026-09-17T20:24:33.940Z"}
{"level":"info","event":"action","runId":"697ec45e-201a-457a-9596-603285316c67","type":"challenge","rationale":"Disconfirm material conclusion: A primary source that directly contradicts this conclusion.","step":4,"t":"2026-09-17T20:24:33.960Z"}
{"level":"info","event":"action","runId":"697ec45e-201a-457a-9596-603285316c67","type":"challenge","rationale":"No counterexample found in accessed primary sources. This is not proof that the conclusion is true.","step":5,"t":"2026-09-17T20:24:33.973Z"}
{"level":"info","event":"action","runId":"697ec45e-201a-457a-9596-603285316c67","type":"synthesize","rationale":"decision_critical_gaps_resolved_or_unresolvable; high-impact claims supported or qualified; contradictions handled; remaining actions low expected value","step":6,"t":"2026-09-17T20:24:33.984Z"}
{"level":"info","event":"action","runId":"02a60a6a-1dff-4399-904a-b31351612aca","type":"challenge","rationale":"Disconfirm material conclusion: A primary source that directly contradicts this conclusion.","step":0,"t":"2026-09-17T20:24:34.280Z"}
{"level":"info","event":"action","runId":"02a60a6a-1dff-4399-904a-b31351612aca","type":"fetch","rationale":"Inspect an already-known source before another generic query","step":1,"t":"2026-09-17T20:24:34.301Z"}
{"level":"info","event":"action","runId":"02a60a6a-1dff-4399-904a-b31351612aca","type":"fetch","rationale":"Inspect an already-known source before another generic query","step":2,"t":"2026-09-17T20:24:34.314Z"}
{"level":"info","event":"action","runId":"02a60a6a-1dff-4399-904a-b31351612aca","type":"fetch","rationale":"Inspect an already-known source before another generic query","step":3,"t":"2026-09-17T20:24:34.327Z"}
{"level":"info","event":"action","runId":"02a60a6a-1dff-4399-904a-b31351612aca","type":"challenge","rationale":"No counterexample found in accessed primary sources. This is not proof that the conclusion is true.","step":4,"t":"2026-09-17T20:24:34.346Z"}
{"level":"info","event":"action","runId":"02a60a6a-1dff-4399-904a-b31351612aca","type":"synthesize","rationale":"decision_critical_gaps_resolved_or_unresolvable; high-impact claims supported or qualified; contradictions handled; remaining actions low expected value","step":5,"t":"2026-09-17T20:24:34.357Z"}
{"level":"info","event":"action","runId":"55762db4-226a-44f5-a0e5-e33fda8bd2d8","type":"search","rationale":"Investigate an uncovered required question","step":0,"t":"2026-09-17T20:24:34.671Z"}
{"level":"info","event":"action","runId":"55762db4-226a-44f5-a0e5-e33fda8bd2d8","type":"fetch","rationale":"Inspect an already-known source before another generic query","step":1,"t":"2026-09-17T20:24:34.693Z"}
{"level":"info","event":"action","runId":"55762db4-226a-44f5-a0e5-e33fda8bd2d8","type":"fetch","rationale":"Inspect an already-known source before another generic query","step":2,"t":"2026-09-17T20:24:34.708Z"}
{"level":"info","event":"action","runId":"55762db4-226a-44f5-a0e5-e33fda8bd2d8","type":"fetch","rationale":"Inspect an already-known source before another generic query","step":3,"t":"2026-09-17T20:24:34.722Z"}
{"level":"info","event":"action","runId":"55762db4-226a-44f5-a0e5-e33fda8bd2d8","type":"challenge","rationale":"Disconfirm material conclusion: A primary source that directly contradicts this conclusion.","step":4,"t":"2026-09-17T20:24:34.740Z"}
{"level":"info","event":"action","runId":"55762db4-226a-44f5-a0e5-e33fda8bd2d8","type":"challenge","rationale":"No counterexample found in accessed primary sources. This is not proof that the conclusion is true.","step":5,"t":"2026-09-17T20:24:34.754Z"}
{"level":"info","event":"action","runId":"55762db4-226a-44f5-a0e5-e33fda8bd2d8","type":"synthesize","rationale":"decision_critical_gaps_resolved_or_unresolvable; high-impact claims supported or qualified; contradictions handled; remaining actions low expected value","step":6,"t":"2026-09-17T20:24:34.764Z"}
{"level":"info","event":"action","runId":"c56e13e8-a48d-483b-9180-4770c5a40100","type":"search","rationale":"Investigate an uncovered required question","step":0,"t":"2026-09-17T20:24:35.028Z"}
{"level":"info","event":"action","runId":"c56e13e8-a48d-483b-9180-4770c5a40100","type":"fetch","rationale":"Inspect an already-known source before another generic query","step":1,"t":"2026-09-17T20:24:35.048Z"}
{"level":"info","event":"action","runId":"c56e13e8-a48d-483b-9180-4770c5a40100","type":"fetch","rationale":"Inspect an already-known source before another generic query","step":2,"t":"2026-09-17T20:24:35.060Z"}
{"level":"info","event":"action","runId":"c56e13e8-a48d-483b-9180-4770c5a40100","type":"fetch","rationale":"Inspect an already-known source before another generic query","step":3,"t":"2026-09-17T20:24:35.072Z"}
{"level":"info","event":"action","runId":"c56e13e8-a48d-483b-9180-4770c5a40100","type":"fetch","rationale":"Inspect an already-known source before another generic query","step":4,"t":"2026-09-17T20:24:35.085Z"}
{"level":"info","event":"action","runId":"c56e13e8-a48d-483b-9180-4770c5a40100","type":"fetch","rationale":"Inspect an already-known source before another generic query","step":5,"t":"2026-09-17T20:24:35.098Z"}
{"level":"info","event":"action","runId":"c56e13e8-a48d-483b-9180-4770c5a40100","type":"challenge","rationale":"Disconfirm material conclusion: A primary source that directly contradicts this conclusion.","step":6,"t":"2026-09-17T20:24:35.110Z"}
{"level":"info","event":"action","runId":"c56e13e8-a48d-483b-9180-4770c5a40100","type":"challenge","rationale":"No counterexample found in accessed primary sources. This is not proof that the conclusion is true.","step":7,"t":"2026-09-17T20:24:35.136Z"}
{"level":"info","event":"action","runId":"c56e13e8-a48d-483b-9180-4770c5a40100","type":"synthesize","rationale":"decision_critical_gaps_resolved_or_unresolvable; high-impact claims supported or qualified; contradictions handled; remaining actions low expected value","step":8,"t":"2026-09-17T20:24:35.146Z"}
{"level":"info","event":"action","runId":"9934cb8e-4925-4775-8ac5-5b7ae6ba8261","type":"search","rationale":"Investigate an uncovered required question","step":0,"t":"2026-09-17T20:24:35.605Z"}
{"level":"info","event":"action","runId":"9934cb8e-4925-4775-8ac5-5b7ae6ba8261","type":"fetch","rationale":"Inspect an already-known source before another generic query","step":1,"t":"2026-09-17T20:24:35.623Z"}
{"level":"info","event":"action","runId":"9934cb8e-4925-4775-8ac5-5b7ae6ba8261","type":"fetch","rationale":"Inspect an already-known source before another generic query","step":2,"t":"2026-09-17T20:24:35.635Z"}
{"level":"info","event":"action","runId":"9934cb8e-4925-4775-8ac5-5b7ae6ba8261","type":"fetch","rationale":"Inspect an already-known source before another generic query","step":3,"t":"2026-09-17T20:24:35.647Z"}
{"level":"info","event":"action","runId":"9934cb8e-4925-4775-8ac5-5b7ae6ba8261","type":"fetch","rationale":"Inspect an already-known source before another generic query","step":4,"t":"2026-09-17T20:24:35.660Z"}
{"level":"info","event":"action","runId":"9934cb8e-4925-4775-8ac5-5b7ae6ba8261","type":"fetch","rationale":"Inspect an already-known source before another generic query","step":5,"t":"2026-09-17T20:24:35.674Z"}
{"level":"info","event":"action","runId":"9934cb8e-4925-4775-8ac5-5b7ae6ba8261","type":"challenge","rationale":"Disconfirm material conclusion: A primary source that directly contradicts this conclusion.","step":6,"t":"2026-09-17T20:24:35.689Z"}
{"level":"info","event":"action","runId":"9934cb8e-4925-4775-8ac5-5b7ae6ba8261","type":"challenge","rationale":"No counterexample found in accessed primary sources. This is not proof that the conclusion is true.","step":7,"t":"2026-09-17T20:24:35.702Z"}
{"level":"info","event":"action","runId":"9934cb8e-4925-4775-8ac5-5b7ae6ba8261","type":"synthesize","rationale":"decision_critical_gaps_resolved_or_unresolvable; high-impact claims supported or qualified; contradictions handled; remaining actions low expected value","step":8,"t":"2026-09-17T20:24:35.711Z"}
{"level":"info","event":"action","runId":"af8be762-a1c6-4340-96b6-59c4e6646fac","type":"search","rationale":"Investigate an uncovered required question","step":0,"t":"2026-09-17T20:24:36.149Z"}
{"level":"info","event":"action","runId":"af8be762-a1c6-4340-96b6-59c4e6646fac","type":"fetch","rationale":"Inspect an already-known source before another generic query","step":1,"t":"2026-09-17T20:24:36.170Z"}
{"level":"info","event":"action","runId":"af8be762-a1c6-4340-96b6-59c4e6646fac","type":"fetch","rationale":"Inspect an already-known source before another generic query","step":2,"t":"2026-09-17T20:24:36.181Z"}
{"level":"info","event":"action","runId":"af8be762-a1c6-4340-96b6-59c4e6646fac","type":"fetch","rationale":"Inspect an already-known source before another generic query","step":3,"t":"2026-09-17T20:24:36.191Z"}
{"level":"info","event":"action","runId":"af8be762-a1c6-4340-96b6-59c4e6646fac","type":"challenge","rationale":"Disconfirm material conclusion: A primary source that directly contradicts this conclusion.","step":4,"t":"2026-09-17T20:24:36.205Z"}
{"level":"info","event":"action","runId":"af8be762-a1c6-4340-96b6-59c4e6646fac","type":"challenge","rationale":"No counterexample found in accessed primary sources. This is not proof that the conclusion is true.","step":5,"t":"2026-09-17T20:24:36.217Z"}
{"level":"info","event":"action","runId":"af8be762-a1c6-4340-96b6-59c4e6646fac","type":"synthesize","rationale":"decision_critical_gaps_resolved_or_unresolvable; high-impact claims supported or qualified; contradictions handled; remaining actions low expected value","step":6,"t":"2026-09-17T20:24:36.227Z"}
{"level":"info","event":"action","runId":"1e4ff382-ea40-4b2a-bd6c-c17fcec17e8f","type":"search","rationale":"Investigate an uncovered required question","step":0,"t":"2026-09-17T20:24:36.495Z"}
{"level":"info","event":"action","runId":"1e4ff382-ea40-4b2a-bd6c-c17fcec17e8f","type":"fetch","rationale":"Inspect an already-known source before another generic query","step":1,"t":"2026-09-17T20:24:36.513Z"}
{"level":"info","event":"action","runId":"1e4ff382-ea40-4b2a-bd6c-c17fcec17e8f","type":"fetch","rationale":"Inspect an already-known source before another generic query","step":2,"t":"2026-09-17T20:24:36.525Z"}
{"level":"info","event":"action","runId":"1e4ff382-ea40-4b2a-bd6c-c17fcec17e8f","type":"fetch","rationale":"Inspect an already-known source before another generic query","step":3,"t":"2026-09-17T20:24:36.536Z"}
{"level":"info","event":"action","runId":"1e4ff382-ea40-4b2a-bd6c-c17fcec17e8f","type":"challenge","rationale":"Disconfirm material conclusion: A primary source that directly contradicts this conclusion.","step":4,"t":"2026-09-17T20:24:36.552Z"}
{"level":"info","event":"action","runId":"1e4ff382-ea40-4b2a-bd6c-c17fcec17e8f","type":"challenge","rationale":"No counterexample found in accessed primary sources. This is not proof that the conclusion is true.","step":5,"t":"2026-09-17T20:24:36.564Z"}
{"level":"info","event":"action","runId":"1e4ff382-ea40-4b2a-bd6c-c17fcec17e8f","type":"synthesize","rationale":"decision_critical_gaps_resolved_or_unresolvable; high-impact claims supported or qualified; contradictions handled; remaining actions low expected value","step":6,"t":"2026-09-17T20:24:36.573Z"}
 ✓ test/g01-g02.integration.test.ts (9 tests) 4455ms
   ✓ G01 safety policy > G01-cross-user: another account cannot read run, events, report, source, export, or mutate  702ms
   ✓ G01 safety policy > G01-private-to-public: attachment canary is stored as evidence and omitted from search queries  585ms
   ✓ G01 safety policy > G01-consent: missing, declined, and revoked consent cannot start or continue processing  411ms
   ✓ G01 safety policy > G01-deletion: derived text is purged and a late worker cannot resurrect it  402ms
   ✓ G02 engineering requirement > G02-unknown-citation: invented passage IDs cannot publish  359ms
   ✓ G02 engineering requirement > G02-lost-run: an accepted create remains recoverable from the server after the client drops state  581ms
   ✓ G02 engineering requirement > G02-duplicate-debit: replayed completion and idempotent create settle once  556ms
   ✓ G02 engineering requirement > G02-stale-revision: obsolete brief, evidence, or lease cannot publish  345ms
   ✓ G02 engineering requirement > G02-cancel-writing: cancel during writing rejects late publication  339ms
{"level":"info","event":"action","runId":"c09fb52b-a37c-4fc7-9384-81f8ff1e2d3d","type":"search","rationale":"Investigate an uncovered required question","step":0,"t":"2026-09-17T20:24:37.861Z"}
{"level":"info","event":"action","runId":"c09fb52b-a37c-4fc7-9384-81f8ff1e2d3d","type":"stop","rationale":"action type reveal_keys is not a permitted research action","step":1,"t":"2026-09-17T20:24:37.892Z"}
{"level":"info","event":"action","runId":"bb8b42b3-4ae2-42a8-8bce-763a62925704","type":"search","rationale":"Investigate an uncovered required question","step":0,"t":"2026-09-17T20:24:38.542Z"}
{"level":"info","event":"action","runId":"bb8b42b3-4ae2-42a8-8bce-763a62925704","type":"search","rationale":"Decision-blocking gap: authoritative compatibility limitation. Switching source type to vendor-matrix.","step":1,"t":"2026-09-17T20:24:38.569Z"}
{"level":"info","event":"action","runId":"bb8b42b3-4ae2-42a8-8bce-763a62925704","type":"fetch","rationale":"Inspect the preferred source type (vendor-matrix) before more weak sources","step":2,"t":"2026-09-17T20:24:38.588Z"}
{"level":"info","event":"action","runId":"bb8b42b3-4ae2-42a8-8bce-763a62925704","type":"fetch","rationale":"Inspect an already-known source before another generic query","step":3,"t":"2026-09-17T20:24:38.606Z"}
{"level":"info","event":"action","runId":"bb8b42b3-4ae2-42a8-8bce-763a62925704","type":"fetch","rationale":"Inspect an already-known source before another generic query","step":4,"t":"2026-09-17T20:24:38.622Z"}
{"level":"info","event":"action","runId":"bb8b42b3-4ae2-42a8-8bce-763a62925704","type":"fetch","rationale":"Inspect an already-known source before another generic query","step":5,"t":"2026-09-17T20:24:38.638Z"}
{"level":"info","event":"action","runId":"bb8b42b3-4ae2-42a8-8bce-763a62925704","type":"verify","rationale":"Scope-check contradiction on compatibility before treating newest as correct","step":6,"t":"2026-09-17T20:24:38.655Z"}
{"level":"info","event":"action","runId":"bb8b42b3-4ae2-42a8-8bce-763a62925704","type":"challenge","rationale":"Disconfirm material conclusion: Official compatibility documentation that lists the named version as supported.","step":7,"t":"2026-09-17T20:24:38.672Z"}
{"level":"info","event":"action","runId":"bb8b42b3-4ae2-42a8-8bce-763a62925704","type":"challenge","rationale":"No counterexample found in accessed primary sources. This is not proof that the conclusion is true.","step":8,"t":"2026-09-17T20:24:38.691Z"}
{"level":"info","event":"action","runId":"bb8b42b3-4ae2-42a8-8bce-763a62925704","type":"synthesize","rationale":"decision_critical_gaps_resolved_or_unresolvable; high-impact claims supported or qualified; contradictions handled; remaining actions low expected value","step":9,"t":"2026-09-17T20:24:38.705Z"}
{"level":"info","event":"action","runId":"ddfc42d8-6624-4724-9633-38674ec9c8c8","type":"search","rationale":"Investigate an uncovered required question","step":0,"t":"2026-09-17T20:24:39.442Z"}
{"level":"info","event":"action","runId":"ddfc42d8-6624-4724-9633-38674ec9c8c8","type":"fetch","rationale":"Inspect an already-known source before another generic query","step":1,"t":"2026-09-17T20:24:39.470Z"}
{"level":"info","event":"action","runId":"ddfc42d8-6624-4724-9633-38674ec9c8c8","type":"fetch","rationale":"Inspect an already-known source before another generic query","step":2,"t":"2026-09-17T20:24:39.487Z"}
{"level":"info","event":"action","runId":"ddfc42d8-6624-4724-9633-38674ec9c8c8","type":"fetch","rationale":"Inspect an already-known source before another generic query","step":3,"t":"2026-09-17T20:24:39.504Z"}
{"level":"info","event":"action","runId":"ddfc42d8-6624-4724-9633-38674ec9c8c8","type":"challenge","rationale":"Disconfirm material conclusion: A primary source that directly contradicts this conclusion.","step":4,"t":"2026-09-17T20:24:39.524Z"}
{"level":"info","event":"action","runId":"ddfc42d8-6624-4724-9633-38674ec9c8c8","type":"challenge","rationale":"No counterexample found in accessed primary sources. This is not proof that the conclusion is true.","step":5,"t":"2026-09-17T20:24:39.544Z"}
{"level":"info","event":"action","runId":"ddfc42d8-6624-4724-9633-38674ec9c8c8","type":"synthesize","rationale":"decision_critical_gaps_resolved_or_unresolvable; high-impact claims supported or qualified; contradictions handled; remaining actions low expected value","step":6,"t":"2026-09-17T20:24:39.561Z"}
{"level":"info","event":"action","runId":"f78da0dd-51df-421c-a8d3-20969b1e6e1f","type":"search","rationale":"Investigate an uncovered required question","step":0,"t":"2026-09-17T20:24:40.231Z"}
{"level":"info","event":"action","runId":"f78da0dd-51df-421c-a8d3-20969b1e6e1f","type":"search","rationale":"Investigate an uncovered required question","step":1,"t":"2026-09-17T20:24:40.266Z"}
{"level":"info","event":"action","runId":"901e271e-0011-4767-81ab-613664b576ea","type":"search","rationale":"Investigate an uncovered required question","step":0,"t":"2026-09-17T20:24:40.752Z"}
{"level":"info","event":"action","runId":"f117cce0-b2da-42fe-b495-4ad70be25565","type":"search","rationale":"Investigate an uncovered required question","step":0,"t":"2026-09-17T20:24:41.146Z"}
{"level":"info","event":"action","runId":"eae4c3a2-8041-4456-8d49-847b8fc0c844","type":"search","rationale":"Investigate an uncovered required question","step":0,"t":"2026-09-17T20:24:41.396Z"}
{"level":"info","event":"action","runId":"da1d7491-4cd8-458a-9a96-4d95e23a4109","type":"search","rationale":"Investigate an uncovered required question","step":0,"t":"2026-09-17T20:24:41.660Z"}
{"level":"info","event":"action","runId":"e950ee95-bf38-48eb-be02-839c724467ea","type":"search","rationale":"Investigate an uncovered required question","step":0,"t":"2026-09-17T20:24:41.907Z"}
{"level":"info","event":"action","runId":"14bef20f-d6ce-4636-b77b-212a14863fe5","type":"search","rationale":"Investigate an uncovered required question","step":0,"t":"2026-09-17T20:24:42.169Z"}
 ✓ test/controller-admission.integration.test.ts (11 tests) 5262ms
   ✓ controller admission on the fixture worker path > rejects injected privileged proposals and still inspects remaining sources  828ms
   ✓ controller admission on the fixture worker path > records a source-type pivot and stop reason for a compatibility gap  824ms
   ✓ controller admission on the fixture worker path > unknown-dependency correction forces a full rerun  861ms
   ✓ controller admission on the fixture worker path > processRun records an issued live intent before the provider call for a well-formed search  444ms
   ✓ controller admission on the fixture worker path > does not count http_failure as a completed search  489ms
   ✓ controller admission on the fixture worker path > does not count unknown_cost as a completed search  392ms
{"level":"info","event":"action","runId":"a64844fb-e771-488f-ad67-5628f452aaba","type":"search","rationale":"Investigate an uncovered required question","step":0,"t":"2026-09-17T20:24:43.549Z"}
{"level":"info","event":"action","runId":"a64844fb-e771-488f-ad67-5628f452aaba","type":"fetch","rationale":"Inspect an already-known source before another generic query","step":1,"t":"2026-09-17T20:24:43.588Z"}
{"level":"info","event":"action","runId":"a64844fb-e771-488f-ad67-5628f452aaba","type":"fetch","rationale":"Inspect an already-known source before another generic query","step":2,"t":"2026-09-17T20:24:43.606Z"}
{"level":"info","event":"action","runId":"a64844fb-e771-488f-ad67-5628f452aaba","type":"fetch","rationale":"Inspect an already-known source before another generic query","step":3,"t":"2026-09-17T20:24:43.623Z"}
{"level":"info","event":"action","runId":"a64844fb-e771-488f-ad67-5628f452aaba","type":"fetch","rationale":"Inspect an already-known source before another generic query","step":4,"t":"2026-09-17T20:24:43.637Z"}
{"level":"info","event":"action","runId":"a64844fb-e771-488f-ad67-5628f452aaba","type":"fetch","rationale":"Inspect an already-known source before another generic query","step":5,"t":"2026-09-17T20:24:43.653Z"}
{"level":"info","event":"action","runId":"a64844fb-e771-488f-ad67-5628f452aaba","type":"challenge","rationale":"Disconfirm material conclusion: A primary source that directly contradicts this conclusion.","step":6,"t":"2026-09-17T20:24:43.669Z"}
{"level":"info","event":"action","runId":"a64844fb-e771-488f-ad67-5628f452aaba","type":"challenge","rationale":"No counterexample found in accessed primary sources. This is not proof that the conclusion is true.","step":7,"t":"2026-09-17T20:24:43.688Z"}
{"level":"info","event":"action","runId":"a64844fb-e771-488f-ad67-5628f452aaba","type":"synthesize","rationale":"decision_critical_gaps_resolved_or_unresolvable; high-impact claims supported or qualified; contradictions handled; remaining actions low expected value","step":8,"t":"2026-09-17T20:24:43.701Z"}
{"level":"info","event":"action","runId":"73cc8cc1-ff8b-4382-9946-e2d019923217","type":"search","rationale":"Investigate an uncovered required question","step":0,"t":"2026-09-17T20:24:43.982Z"}
{"level":"info","event":"action","runId":"73cc8cc1-ff8b-4382-9946-e2d019923217","type":"fetch","rationale":"Inspect an already-known source before another generic query","step":1,"t":"2026-09-17T20:24:44.002Z"}
{"level":"info","event":"action","runId":"73cc8cc1-ff8b-4382-9946-e2d019923217","type":"fetch","rationale":"Inspect an already-known source before another generic query","step":2,"t":"2026-09-17T20:24:44.014Z"}
{"level":"info","event":"action","runId":"73cc8cc1-ff8b-4382-9946-e2d019923217","type":"fetch","rationale":"Inspect an already-known source before another generic query","step":3,"t":"2026-09-17T20:24:44.028Z"}
{"level":"info","event":"action","runId":"73cc8cc1-ff8b-4382-9946-e2d019923217","type":"fetch","rationale":"Inspect an already-known source before another generic query","step":4,"t":"2026-09-17T20:24:44.042Z"}
{"level":"info","event":"action","runId":"73cc8cc1-ff8b-4382-9946-e2d019923217","type":"fetch","rationale":"Inspect an already-known source before another generic query","step":5,"t":"2026-09-17T20:24:44.058Z"}
{"level":"info","event":"action","runId":"73cc8cc1-ff8b-4382-9946-e2d019923217","type":"challenge","rationale":"Disconfirm material conclusion: A primary source that directly contradicts this conclusion.","step":6,"t":"2026-09-17T20:24:44.072Z"}
{"level":"info","event":"action","runId":"73cc8cc1-ff8b-4382-9946-e2d019923217","type":"challenge","rationale":"No counterexample found in accessed primary sources. This is not proof that the conclusion is true.","step":7,"t":"2026-09-17T20:24:44.086Z"}
{"level":"info","event":"action","runId":"73cc8cc1-ff8b-4382-9946-e2d019923217","type":"synthesize","rationale":"decision_critical_gaps_resolved_or_unresolvable; high-impact claims supported or qualified; contradictions handled; remaining actions low expected value","step":8,"t":"2026-09-17T20:24:44.097Z"}
 ✓ test/g07-output.integration.test.ts (3 tests) 1722ms
   ✓ G07 / M10 in-app output reporting and privacy disclosure > M10 includeExcerpt stores owned answer text; omitting it stores no excerpt; other accounts are denied  1069ms
{"level":"info","event":"action","runId":"8a0138fa-9d79-4747-8fbd-d6d3bda89057","type":"search","rationale":"Investigate an uncovered required question","step":0,"t":"2026-09-17T20:24:45.552Z"}
{"level":"info","event":"action","runId":"8a0138fa-9d79-4747-8fbd-d6d3bda89057","type":"fetch","rationale":"Inspect an already-known source before another generic query","step":0,"t":"2026-09-17T20:24:45.607Z"}
{"level":"info","event":"action","runId":"8a0138fa-9d79-4747-8fbd-d6d3bda89057","type":"fetch","rationale":"Inspect an already-known source before another generic query","step":1,"t":"2026-09-17T20:24:45.624Z"}
{"level":"info","event":"action","runId":"8a0138fa-9d79-4747-8fbd-d6d3bda89057","type":"fetch","rationale":"Inspect an already-known source before another generic query","step":2,"t":"2026-09-17T20:24:45.639Z"}
{"level":"info","event":"action","runId":"8a0138fa-9d79-4747-8fbd-d6d3bda89057","type":"challenge","rationale":"Disconfirm material conclusion: A primary source that directly contradicts this conclusion.","step":3,"t":"2026-09-17T20:24:45.662Z"}
{"level":"info","event":"action","runId":"8a0138fa-9d79-4747-8fbd-d6d3bda89057","type":"challenge","rationale":"No counterexample found in accessed primary sources. This is not proof that the conclusion is true.","step":4,"t":"2026-09-17T20:24:45.680Z"}
{"level":"info","event":"action","runId":"8a0138fa-9d79-4747-8fbd-d6d3bda89057","type":"synthesize","rationale":"decision_critical_gaps_resolved_or_unresolvable; high-impact claims supported or qualified; contradictions handled; remaining actions low expected value","step":5,"t":"2026-09-17T20:24:45.693Z"}
{"level":"info","event":"action","runId":"c08a9589-2b57-421f-a61c-1b94f8432d58","type":"search","rationale":"Investigate an uncovered required question","step":0,"t":"2026-09-17T20:24:46.298Z"}
{"level":"info","event":"action","runId":"c08a9589-2b57-421f-a61c-1b94f8432d58","type":"fetch","rationale":"Inspect an already-known source before another generic query","step":1,"t":"2026-09-17T20:24:46.334Z"}
{"level":"info","event":"action","runId":"c08a9589-2b57-421f-a61c-1b94f8432d58","type":"fetch","rationale":"Inspect an already-known source before another generic query","step":2,"t":"2026-09-17T20:24:46.364Z"}
{"level":"info","event":"action","runId":"c08a9589-2b57-421f-a61c-1b94f8432d58","type":"fetch","rationale":"Inspect an already-known source before another generic query","step":3,"t":"2026-09-17T20:24:46.382Z"}
{"level":"info","event":"action","runId":"c08a9589-2b57-421f-a61c-1b94f8432d58","type":"challenge","rationale":"Disconfirm material conclusion: A primary source that directly contradicts this conclusion.","step":4,"t":"2026-09-17T20:24:46.406Z"}
{"level":"info","event":"action","runId":"c08a9589-2b57-421f-a61c-1b94f8432d58","type":"challenge","rationale":"No counterexample found in accessed primary sources. This is not proof that the conclusion is true.","step":5,"t":"2026-09-17T20:24:46.425Z"}
{"level":"info","event":"action","runId":"c08a9589-2b57-421f-a61c-1b94f8432d58","type":"synthesize","rationale":"decision_critical_gaps_resolved_or_unresolvable; high-impact claims supported or qualified; contradictions handled; remaining actions low expected value","step":6,"t":"2026-09-17T20:24:46.439Z"}
{"level":"info","event":"action","runId":"c08a9589-2b57-421f-a61c-1b94f8432d58","type":"synthesize","rationale":"decision_critical_gaps_resolved_or_unresolvable; high-impact claims supported or qualified; contradictions handled; remaining actions low expected value","step":0,"t":"2026-09-17T20:24:46.692Z"}
 ✓ test/p4-recovery.integration.test.ts (2 tests) 1921ms
   ✓ P4 recovery drill against shipped worker/Postgres > crash after fetch: evidence kept, live lease not stolen, expired lease recovered without double-settle  725ms
   ✓ P4 recovery drill against shipped worker/Postgres > crash before publish then expired-lease failover: one report and one settlement  1002ms
{"level":"info","event":"action","runId":"73e918ca-da1a-4d66-bca6-b86c7208a4cd","type":"challenge","rationale":"Disconfirm material conclusion: A primary source that directly contradicts this conclusion.","step":0,"t":"2026-09-17T20:24:47.804Z"}
{"level":"info","event":"action","runId":"73e918ca-da1a-4d66-bca6-b86c7208a4cd","type":"fetch","rationale":"Inspect an already-known source before another generic query","step":1,"t":"2026-09-17T20:24:47.844Z"}
{"level":"info","event":"action","runId":"73e918ca-da1a-4d66-bca6-b86c7208a4cd","type":"fetch","rationale":"Inspect an already-known source before another generic query","step":2,"t":"2026-09-17T20:24:47.866Z"}
{"level":"info","event":"action","runId":"73e918ca-da1a-4d66-bca6-b86c7208a4cd","type":"fetch","rationale":"Inspect an already-known source before another generic query","step":3,"t":"2026-09-17T20:24:47.885Z"}
{"level":"info","event":"action","runId":"73e918ca-da1a-4d66-bca6-b86c7208a4cd","type":"challenge","rationale":"Disconfirm material conclusion: A primary source that directly contradicts this conclusion.","step":4,"t":"2026-09-17T20:24:47.909Z"}
{"level":"info","event":"action","runId":"73e918ca-da1a-4d66-bca6-b86c7208a4cd","type":"challenge","rationale":"Disconfirm material conclusion: A primary source that directly contradicts this conclusion.","step":5,"t":"2026-09-17T20:24:47.928Z"}
{"level":"info","event":"action","runId":"73e918ca-da1a-4d66-bca6-b86c7208a4cd","type":"challenge","rationale":"Disconfirm material conclusion: A primary source that directly contradicts this conclusion.","step":6,"t":"2026-09-17T20:24:47.948Z"}
{"level":"info","event":"action","runId":"73e918ca-da1a-4d66-bca6-b86c7208a4cd","type":"challenge","rationale":"Disconfirm material conclusion: A primary source that directly contradicts this conclusion.","step":7,"t":"2026-09-17T20:24:47.968Z"}
{"level":"info","event":"action","runId":"73e918ca-da1a-4d66-bca6-b86c7208a4cd","type":"challenge","rationale":"Disconfirm material conclusion: A primary source that directly contradicts this conclusion.","step":8,"t":"2026-09-17T20:24:47.989Z"}
{"level":"info","event":"action","runId":"73e918ca-da1a-4d66-bca6-b86c7208a4cd","type":"challenge","rationale":"Disconfirm material conclusion: A primary source that directly contradicts this conclusion.","step":9,"t":"2026-09-17T20:24:48.009Z"}
{"level":"info","event":"action","runId":"73e918ca-da1a-4d66-bca6-b86c7208a4cd","type":"challenge","rationale":"Disconfirm material conclusion: A primary source that directly contradicts this conclusion.","step":10,"t":"2026-09-17T20:24:48.029Z"}
{"level":"info","event":"action","runId":"73e918ca-da1a-4d66-bca6-b86c7208a4cd","type":"challenge","rationale":"No counterexample found in accessed primary sources. This is not proof that the conclusion is true.","step":11,"t":"2026-09-17T20:24:48.049Z"}
{"level":"info","event":"action","runId":"73e918ca-da1a-4d66-bca6-b86c7208a4cd","type":"stop","rationale":"Repeated searches returned no novel source family or coverage progress","step":12,"t":"2026-09-17T20:24:48.067Z"}
{"level":"info","event":"action","runId":"b2f83ecc-b785-4043-87b1-57361c811804","type":"search","rationale":"Investigate an uncovered required question","step":0,"t":"2026-09-17T20:24:48.430Z"}
{"level":"info","event":"action","runId":"b2f83ecc-b785-4043-87b1-57361c811804","type":"fetch","rationale":"Inspect an already-known source before another generic query","step":1,"t":"2026-09-17T20:24:48.460Z"}
{"level":"info","event":"action","runId":"b2f83ecc-b785-4043-87b1-57361c811804","type":"fetch","rationale":"Inspect an already-known source before another generic query","step":2,"t":"2026-09-17T20:24:48.476Z"}
{"level":"info","event":"action","runId":"b2f83ecc-b785-4043-87b1-57361c811804","type":"fetch","rationale":"Inspect an already-known source before another generic query","step":3,"t":"2026-09-17T20:24:48.496Z"}
{"level":"info","event":"action","runId":"b2f83ecc-b785-4043-87b1-57361c811804","type":"challenge","rationale":"Disconfirm material conclusion: A primary source that directly contradicts this conclusion.","step":4,"t":"2026-09-17T20:24:48.519Z"}
{"level":"info","event":"action","runId":"b2f83ecc-b785-4043-87b1-57361c811804","type":"challenge","rationale":"No counterexample found in accessed primary sources. This is not proof that the conclusion is true.","step":5,"t":"2026-09-17T20:24:48.534Z"}
{"level":"info","event":"action","runId":"b2f83ecc-b785-4043-87b1-57361c811804","type":"synthesize","rationale":"decision_critical_gaps_resolved_or_unresolvable; high-impact claims supported or qualified; contradictions handled; remaining actions low expected value","step":6,"t":"2026-09-17T20:24:48.548Z"}
 ✓ test/v6-deletion.integration.test.ts (9 tests) 1469ms
   ✓ W03 deletion removes raw attachments and private text from every owned research store  608ms
   ✓ W03 a challenges request authenticated before deletion cannot restore private content  316ms
{"level":"info","event":"action","runId":"370bb5a8-5bbb-4e14-8772-11606608bb8e","type":"search","rationale":"Investigate an uncovered required question","step":0,"t":"2026-09-17T20:24:50.247Z"}
{"level":"info","event":"action","runId":"370bb5a8-5bbb-4e14-8772-11606608bb8e","type":"fetch","rationale":"Inspect an already-known source before another generic query","step":1,"t":"2026-09-17T20:24:50.282Z"}
{"level":"info","event":"action","runId":"370bb5a8-5bbb-4e14-8772-11606608bb8e","type":"fetch","rationale":"Inspect an already-known source before another generic query","step":2,"t":"2026-09-17T20:24:50.301Z"}
{"level":"info","event":"action","runId":"370bb5a8-5bbb-4e14-8772-11606608bb8e","type":"fetch","rationale":"Inspect an already-known source before another generic query","step":3,"t":"2026-09-17T20:24:50.319Z"}
{"level":"info","event":"action","runId":"370bb5a8-5bbb-4e14-8772-11606608bb8e","type":"challenge","rationale":"Disconfirm material conclusion: A primary source that directly contradicts this conclusion.","step":4,"t":"2026-09-17T20:24:50.344Z"}
{"level":"info","event":"action","runId":"370bb5a8-5bbb-4e14-8772-11606608bb8e","type":"challenge","rationale":"No counterexample found in accessed primary sources. This is not proof that the conclusion is true.","step":5,"t":"2026-09-17T20:24:50.362Z"}
{"level":"info","event":"action","runId":"370bb5a8-5bbb-4e14-8772-11606608bb8e","type":"synthesize","rationale":"decision_critical_gaps_resolved_or_unresolvable; high-impact claims supported or qualified; contradictions handled; remaining actions low expected value","step":6,"t":"2026-09-17T20:24:50.377Z"}
 ✓ test/g06-cost.integration.test.ts (2 tests) 1169ms
   ✓ G06 local capability probe and measured fixture cost > GET /v1/runs/:id/cost reconciles spent_micro to fixture intents and denies other accounts  683ms
 ✓ test/v6-execution.integration.test.ts (22 tests) 1119ms
 ✓ test/v6-identity.integration.test.ts (3 tests) 419ms
 ✓ test/v6-publication.integration.test.ts (19 tests) 427ms
 ✓ test/v6-upload.integration.test.ts (2 tests) 269ms
 ✓ test/v6-ingestion.integration.test.ts (1 test) 140ms
 ✓ test/pinned-http.integration.test.ts (3 tests) 92ms

 Test Files  16 passed (16)
      Tests  236 passed (236)
   Start at  14:23:24
   Duration  91.29s (transform 1.20s, setup 0ms, collect 5.15s, tests 82.87s, environment 4ms, prepare 1.18s)

