
> deep-research-mobile@0.1.0 test:integration /home/oranolio/Desktop/Deep
> pnpm --filter @deep/backend test:integration


> @deep/backend@0.1.0 test:integration /home/oranolio/Desktop/Deep/apps/backend
> vitest run --config vitest.integration.config.ts


 RUN  v3.2.7 /home/oranolio/Desktop/Deep/apps/backend

 ✓ test/model-gateway.integration.test.ts (136 tests) 194541ms
   ✓ W05 substantive support execution and persisted revisions > performs and stores scoped checks with stable claim revisions on replay  374ms
   ✓ W05 substantive support execution and persisted revisions > does not reuse corrupted claim revisions or support receipts  547ms
   ✓ W05 substantive support execution and persisted revisions > purges scoped assertions and support results on deletion  334ms
   ✓ W01/W05 scoped support at the real publication gate > publishes a checked paraphrase and preserves canonical assertion identity on reopen  427ms
   ✓ W01/W05 scoped support at the real publication gate > does not fall back to literal support when a managed assertion is partial  486ms
   ✓ W01/W05 scoped support at the real publication gate > rejects stale support even if the caller updates the report's revision  338ms
   ✓ W01/W05 scoped support at the real publication gate > rejects altered assertion text and unmapped extra prose  483ms
   ✓ W01/W05 scoped support at the real publication gate > rejects a missing stored check despite a caller-supplied approval object  336ms
   ✓ W01/W05 scoped support at the real publication gate > refuses corrupted persisted checks instead of trusting an approval flag  405ms
   ✓ W05 generic writer, exact final wording and canonical publication > writes changed prose, checks it separately, publishes and reopens its premise lineage  1854ms
   ✓ W05 generic writer, exact final wording and canonical publication > keeps supported synthesis while blocking a made-up heading, paragraph and limitation  1856ms
   ✓ W05 generic writer, exact final wording and canonical publication > reuses a durable draft after restart without another writer request  857ms
   ✓ W05 generic writer, exact final wording and canonical publication > rejects invented premise keys and publishes no report  445ms
   ✓ W05 generic writer, exact final wording and canonical publication > blocks an oversized final assertion set without truncation or a second paid attempt  563ms
   ✓ W05 generic writer, exact final wording and canonical publication > rejects draft self-reference before dispatch  590ms
   ✓ W05 generic writer, exact final wording and canonical publication > purges drafts and composed claim text on account deletion  1847ms
   ✓ W05 generic writer, exact final wording and canonical publication > adds a new checker result without overwriting an older version or paying again  417ms
   ✓ W05 durable criterion coverage review > executes review once, stores exact claim revisions and revalidates replay  892ms
   ✓ W05 durable criterion coverage review > vetoes supported coverage when named assertions failed substantive checks  505ms
   ✓ W05 durable criterion coverage review > rejects missing question reviews without recording coverage  419ms
   ✓ W05 durable criterion coverage review > rejects changed evidence before saving coverage while retaining cost  397ms
   ✓ W05 durable criterion coverage review > purges saved coverage on account deletion  551ms
   ✓ W05 report completion requires exact final coverage > completes and reopens a report only after final assertion coverage executes  3595ms
   ✓ W05 report completion requires exact final coverage > does not publish when the required review returns invalid output  1006ms
   ✓ W05 publication rejects a forged complete outcome without a review while preserving limited publication  461ms
   ✓ W05 structured services through production processRun > runs arbitrary evidence through criteria, extraction, substantive checks and cited publication  2223ms
   ✓ W05 structured services through production processRun > does not turn a failed assertion into a verified event or template report  628ms
   ✓ W05 structured writing pause supports resume without repeating evidence work  2548ms
   ✓ W05 structured writing pause supports cancel without repeating evidence work  633ms
   ✓ W04/W05 durable discovered source reading > production worker reads discovered evidence; readable=true  2698ms
   ✓ W05 unresolved criteria trigger a distinct public query and rechecked synthesis  7552ms
   ✓ W06 immutable correction evidence membership > reuses exact passage/version identities but recomputes child claims through production worker  4243ms
   ✓ W06 fresh cited versions change evidence without claiming changed assertion wording  4053ms
   ✓ W06 missing parent publication cannot produce an unchanged comparison  2072ms
   ✓ W05 executed scope comparisons > persists exact revisions and reuses the result without a provider call; writer receives it  662ms
   ✓ W05 executed scope comparisons > rejects foreign owners, wrong revisions, unknown targets and extra authority  471ms
   ✓ W05 executed scope comparisons > corrupt comparison output cannot be reused or passed to the writer  842ms
   ✓ W05 executed scope comparisons > changed claim revision invalidates a comparison and deletion removes derived records  645ms
   ✓ W05 concurrent scope comparison execution produces one durable result  648ms
   ✓ W02/W05 unknown prior writer attempt blocks a context upgrade without releasing its hold  491ms
   ✓ W05 legacy comparison preserves its original writer representation even with an unknown attempt  1066ms
   ✓ W05 projection metadata and model-bound pair tampering fail closed  791ms
   ✓ W05 evidence-bound calculation execution > computes from exact supported revisions, binds numeric spans and replays without provider work  655ms
   ✓ W05 evidence-bound calculation execution > a model-supported year cannot masquerade as an area input  502ms
   ✓ W05 evidence-bound calculation execution > rejects foreign/versioned targets, caller values and corrupt results  631ms
   ✓ W05 evidence-bound calculation execution > changed input revision invalidates the proof and account deletion removes it  727ms
   ✓ W05 evidence-bound calculation execution > concurrent attempts share one durable calculation  663ms
   ✓ W05 arithmetic proof at real publication > recomputes, publishes and reopens exact arithmetic with input citations and canonical lineage  1171ms
   ✓ W05 arithmetic proof at real publication > rejects changed wording, omitted operands/citations, type laundering and forged completion  2064ms
   ✓ W05 arithmetic proof at real publication > wrong owner or basis cannot prepare a derived claim; changed stored operands invalidate publication  1056ms
   ✓ W05 arithmetic proof at real publication > stored derivation text tampering is rejected rather than recanonicalized silently  1433ms
   ✓ W05 structured calculation planning > uses separately versioned gateway output, executes real arithmetic and reuses both records  2626ms
   ✓ W05 structured calculation planning > unknown quantities remain executed unknown results, not model-supplied numbers  1359ms
   ✓ W05 structured calculation planning > invalid references and injected values never create calculations  1140ms
   ✓ W05 structured calculation planning > unknown plan outcomes retain their reservation and are never resent  1392ms
   ✓ W05 structured calculation planning > does not introduce planning over an existing writer's unknown outcome  831ms
   ✓ W05 production worker executes selected quantities rather than a calculation progress event alone  2706ms
   ✓ W02/W05 cached planning cannot ignore tampered schema/prompt/route metadata  1375ms
   ✓ W05/W06 production arithmetic report reopens, rejects dropped output and recomputes a typed corrected ratio from the same source versions  34024ms
   ✓ W05 calculated writer remains limited for omitCalculation despite a positive review  12640ms
   ✓ W05 calculated writer remains limited for wrongQuantity despite a positive review  12435ms
   ✓ W05 calculated writer remains limited for unsupportedProse despite a positive review  12436ms
   ✓ W05 counterevidence execution > executes search, read and exact original-target support: contradictory  856ms
   ✓ W05 counterevidence execution > executes search, read and exact original-target support: supportive  899ms
   ✓ W05 counterevidence execution > executes search, read and exact original-target support: qualified  850ms
   ✓ W05 counterevidence execution > preserves unknown search reservation and does not resend on replay  441ms
   ✓ W05 counterevidence execution > rejects changed target revision and foreign owner before a new request  639ms
   ✓ W05 counterevidence production preserves original target when re-extraction omits it; contradiction=true linked=true  6333ms
   ✓ W05 counterevidence production preserves original target when re-extraction omits it; contradiction=false linked=true  9445ms
   ✓ W05 counterevidence production preserves original target when re-extraction omits it; contradiction=true linked=false  7682ms
   ✓ W05 counterevidence production preserves original target when re-extraction omits it; contradiction=false linked=false  9909ms
   ✓ W05 counterevidence limited publication fails closed when required proof is lost, even with a warning  702ms
   ✓ W05 counterevidence rejects late source content after cancel  806ms
   ✓ W05 counterevidence rejects late source content after delete  856ms
   ✓ W05 counterevidence cannot replace its real result with an optimistic stored flag  944ms
   ✓ W05 counterevidence retains an unknown support outcome without another model send  785ms
   ✓ W05 counterevidence race cannot double-send its search and shares the three-query ceiling  1700ms
   ✓ W05 counterevidence disabled legacy run needs no proof, but an event alone cannot satisfy an admitted check  643ms
{"level":"info","event":"action","runId":"af10832a-1e85-479f-b60a-ee23fad74d98","type":"search","rationale":"Investigate an uncovered required question","step":0,"t":"2026-09-18T01:14:39.617Z"}
{"level":"info","event":"action","runId":"af10832a-1e85-479f-b60a-ee23fad74d98","type":"fetch","rationale":"Inspect an already-known source before another generic query","step":1,"t":"2026-09-18T01:14:39.683Z"}
{"level":"info","event":"action","runId":"af10832a-1e85-479f-b60a-ee23fad74d98","type":"fetch","rationale":"Inspect an already-known source before another generic query","step":2,"t":"2026-09-18T01:14:39.733Z"}
{"level":"info","event":"action","runId":"af10832a-1e85-479f-b60a-ee23fad74d98","type":"fetch","rationale":"Inspect an already-known source before another generic query","step":3,"t":"2026-09-18T01:14:39.774Z"}
{"level":"info","event":"action","runId":"af10832a-1e85-479f-b60a-ee23fad74d98","type":"challenge","rationale":"Disconfirm material conclusion: A primary source that directly contradicts this conclusion.","step":4,"t":"2026-09-18T01:14:39.816Z"}
{"level":"info","event":"action","runId":"af10832a-1e85-479f-b60a-ee23fad74d98","type":"challenge","rationale":"No counterexample found in accessed primary sources. This is not proof that the conclusion is true.","step":5,"t":"2026-09-18T01:14:39.850Z"}
{"level":"info","event":"action","runId":"af10832a-1e85-479f-b60a-ee23fad74d98","type":"synthesize","rationale":"decision_critical_gaps_resolved_or_unresolvable; high-impact claims supported or qualified; contradictions handled; remaining actions low expected value","step":6,"t":"2026-09-18T01:14:39.871Z"}
{"level":"info","event":"action","runId":"e5d04554-f341-4f12-a7b6-f52d2cde1434","type":"search","rationale":"Investigate an uncovered required question","step":0,"t":"2026-09-18T01:14:40.596Z"}
{"level":"info","event":"action","runId":"e5d04554-f341-4f12-a7b6-f52d2cde1434","type":"fetch","rationale":"Inspect an already-known source before another generic query","step":1,"t":"2026-09-18T01:14:40.628Z"}
{"level":"info","event":"action","runId":"e5d04554-f341-4f12-a7b6-f52d2cde1434","type":"fetch","rationale":"Inspect an already-known source before another generic query","step":2,"t":"2026-09-18T01:14:40.652Z"}
{"level":"info","event":"action","runId":"e5d04554-f341-4f12-a7b6-f52d2cde1434","type":"challenge","rationale":"Disconfirm material conclusion: A primary source that directly contradicts this conclusion.","step":3,"t":"2026-09-18T01:14:40.673Z"}
{"level":"info","event":"action","runId":"e5d04554-f341-4f12-a7b6-f52d2cde1434","type":"challenge","rationale":"No counterexample found in accessed primary sources. This is not proof that the conclusion is true.","step":4,"t":"2026-09-18T01:14:40.693Z"}
{"level":"info","event":"action","runId":"e5d04554-f341-4f12-a7b6-f52d2cde1434","type":"synthesize","rationale":"decision_critical_gaps_resolved_or_unresolvable; high-impact claims supported or qualified; contradictions handled; remaining actions low expected value","step":5,"t":"2026-09-18T01:14:40.707Z"}
{"level":"info","event":"action","runId":"9774485b-796c-4e97-a278-7acae0c2b26d","type":"search","rationale":"Investigate an uncovered required question","step":0,"t":"2026-09-18T01:14:41.343Z"}
{"level":"info","event":"action","runId":"9774485b-796c-4e97-a278-7acae0c2b26d","type":"fetch","rationale":"Inspect an already-known source before another generic query","step":1,"t":"2026-09-18T01:14:41.384Z"}
{"level":"info","event":"action","runId":"9774485b-796c-4e97-a278-7acae0c2b26d","type":"fetch","rationale":"Inspect an already-known source before another generic query","step":2,"t":"2026-09-18T01:14:41.406Z"}
{"level":"info","event":"action","runId":"9774485b-796c-4e97-a278-7acae0c2b26d","type":"fetch","rationale":"Inspect an already-known source before another generic query","step":3,"t":"2026-09-18T01:14:41.427Z"}
{"level":"info","event":"action","runId":"9774485b-796c-4e97-a278-7acae0c2b26d","type":"challenge","rationale":"Disconfirm material conclusion: A primary source that directly contradicts this conclusion.","step":4,"t":"2026-09-18T01:14:41.469Z"}
{"level":"info","event":"action","runId":"9774485b-796c-4e97-a278-7acae0c2b26d","type":"challenge","rationale":"No counterexample found in accessed primary sources. This is not proof that the conclusion is true.","step":5,"t":"2026-09-18T01:14:41.516Z"}
{"level":"info","event":"action","runId":"9774485b-796c-4e97-a278-7acae0c2b26d","type":"synthesize","rationale":"decision_critical_gaps_resolved_or_unresolvable; high-impact claims supported or qualified; contradictions handled; remaining actions low expected value","step":6,"t":"2026-09-18T01:14:41.546Z"}
{"level":"info","event":"action","runId":"da34316b-96f4-45ab-a36f-d2395f8c1c02","type":"search","rationale":"Investigate an uncovered required question","step":0,"t":"2026-09-18T01:14:42.605Z"}
{"level":"info","event":"action","runId":"da34316b-96f4-45ab-a36f-d2395f8c1c02","type":"fetch","rationale":"Inspect an already-known source before another generic query","step":1,"t":"2026-09-18T01:14:42.644Z"}
{"level":"info","event":"action","runId":"da34316b-96f4-45ab-a36f-d2395f8c1c02","type":"fetch","rationale":"Inspect an already-known source before another generic query","step":2,"t":"2026-09-18T01:14:42.672Z"}
{"level":"info","event":"action","runId":"da34316b-96f4-45ab-a36f-d2395f8c1c02","type":"challenge","rationale":"Disconfirm material conclusion: A primary source that directly contradicts this conclusion.","step":3,"t":"2026-09-18T01:14:42.707Z"}
{"level":"info","event":"action","runId":"da34316b-96f4-45ab-a36f-d2395f8c1c02","type":"challenge","rationale":"No counterexample found in accessed primary sources. This is not proof that the conclusion is true.","step":4,"t":"2026-09-18T01:14:42.750Z"}
{"level":"info","event":"action","runId":"da34316b-96f4-45ab-a36f-d2395f8c1c02","type":"synthesize","rationale":"decision_critical_gaps_resolved_or_unresolvable; high-impact claims supported or qualified; contradictions handled; remaining actions low expected value","step":5,"t":"2026-09-18T01:14:42.797Z"}
{"level":"info","event":"action","runId":"ee354889-5dc3-46c2-a8d1-93ed8f80930a","type":"search","rationale":"Investigate an uncovered required question","step":0,"t":"2026-09-18T01:14:43.495Z"}
{"level":"info","event":"action","runId":"ee354889-5dc3-46c2-a8d1-93ed8f80930a","type":"fetch","rationale":"Inspect an already-known source before another generic query","step":1,"t":"2026-09-18T01:14:43.517Z"}
{"level":"info","event":"action","runId":"ee354889-5dc3-46c2-a8d1-93ed8f80930a","type":"challenge","rationale":"Disconfirm material conclusion: A primary source that directly contradicts this conclusion.","step":2,"t":"2026-09-18T01:14:43.537Z"}
{"level":"info","event":"action","runId":"ee354889-5dc3-46c2-a8d1-93ed8f80930a","type":"challenge","rationale":"No counterexample found in accessed primary sources. This is not proof that the conclusion is true.","step":3,"t":"2026-09-18T01:14:43.554Z"}
{"level":"info","event":"action","runId":"ee354889-5dc3-46c2-a8d1-93ed8f80930a","type":"synthesize","rationale":"decision_critical_gaps_resolved_or_unresolvable; high-impact claims supported or qualified; contradictions handled; remaining actions low expected value","step":4,"t":"2026-09-18T01:14:43.568Z"}
{"level":"info","event":"action","runId":"e3f077fa-e1de-4fbd-bf5f-039d517d0a32","type":"search","rationale":"Investigate an uncovered required question","step":0,"t":"2026-09-18T01:14:44.202Z"}
{"level":"info","event":"action","runId":"e3f077fa-e1de-4fbd-bf5f-039d517d0a32","type":"fetch","rationale":"Inspect an already-known source before another generic query","step":1,"t":"2026-09-18T01:14:44.236Z"}
{"level":"info","event":"action","runId":"e3f077fa-e1de-4fbd-bf5f-039d517d0a32","type":"fetch","rationale":"Inspect an already-known source before another generic query","step":2,"t":"2026-09-18T01:14:44.255Z"}
{"level":"info","event":"action","runId":"e3f077fa-e1de-4fbd-bf5f-039d517d0a32","type":"fetch","rationale":"Inspect an already-known source before another generic query","step":3,"t":"2026-09-18T01:14:44.271Z"}
{"level":"info","event":"action","runId":"e3f077fa-e1de-4fbd-bf5f-039d517d0a32","type":"challenge","rationale":"Disconfirm material conclusion: A primary source that directly contradicts this conclusion.","step":4,"t":"2026-09-18T01:14:44.296Z"}
{"level":"info","event":"action","runId":"e3f077fa-e1de-4fbd-bf5f-039d517d0a32","type":"challenge","rationale":"No counterexample found in accessed primary sources. This is not proof that the conclusion is true.","step":5,"t":"2026-09-18T01:14:44.326Z"}
{"level":"info","event":"action","runId":"e3f077fa-e1de-4fbd-bf5f-039d517d0a32","type":"synthesize","rationale":"decision_critical_gaps_resolved_or_unresolvable; high-impact claims supported or qualified; contradictions handled; remaining actions low expected value","step":6,"t":"2026-09-18T01:14:44.356Z"}
{"level":"info","event":"action","runId":"9a5bc1dc-e0a1-4266-9982-b7ab32118cab","type":"search","rationale":"Investigate an uncovered required question","step":0,"t":"2026-09-18T01:14:44.993Z"}
{"level":"info","event":"action","runId":"9a5bc1dc-e0a1-4266-9982-b7ab32118cab","type":"fetch","rationale":"Inspect an already-known source before another generic query","step":1,"t":"2026-09-18T01:14:45.022Z"}
{"level":"info","event":"action","runId":"9a5bc1dc-e0a1-4266-9982-b7ab32118cab","type":"fetch","rationale":"Inspect an already-known source before another generic query","step":2,"t":"2026-09-18T01:14:45.038Z"}
{"level":"info","event":"action","runId":"9a5bc1dc-e0a1-4266-9982-b7ab32118cab","type":"fetch","rationale":"Inspect an already-known source before another generic query","step":3,"t":"2026-09-18T01:14:45.053Z"}
{"level":"info","event":"action","runId":"9a5bc1dc-e0a1-4266-9982-b7ab32118cab","type":"fetch","rationale":"Inspect an already-known source before another generic query","step":4,"t":"2026-09-18T01:14:45.067Z"}
{"level":"info","event":"action","runId":"9a5bc1dc-e0a1-4266-9982-b7ab32118cab","type":"fetch","rationale":"Inspect an already-known source before another generic query","step":5,"t":"2026-09-18T01:14:45.084Z"}
{"level":"info","event":"action","runId":"9a5bc1dc-e0a1-4266-9982-b7ab32118cab","type":"challenge","rationale":"Disconfirm material conclusion: A primary source that directly contradicts this conclusion.","step":6,"t":"2026-09-18T01:14:45.100Z"}
{"level":"info","event":"action","runId":"9a5bc1dc-e0a1-4266-9982-b7ab32118cab","type":"challenge","rationale":"No counterexample found in accessed primary sources. This is not proof that the conclusion is true.","step":7,"t":"2026-09-18T01:14:45.116Z"}
{"level":"info","event":"action","runId":"9a5bc1dc-e0a1-4266-9982-b7ab32118cab","type":"synthesize","rationale":"decision_critical_gaps_resolved_or_unresolvable; high-impact claims supported or qualified; contradictions handled; remaining actions low expected value","step":8,"t":"2026-09-18T01:14:45.130Z"}
{"level":"info","event":"action","runId":"079d6a79-2f19-4f5a-bde9-0b8dff4fa703","type":"challenge","rationale":"Disconfirm material conclusion: A primary source that directly contradicts this conclusion.","step":0,"t":"2026-09-18T01:14:45.744Z"}
{"level":"info","event":"action","runId":"079d6a79-2f19-4f5a-bde9-0b8dff4fa703","type":"fetch","rationale":"Inspect an already-known source before another generic query","step":1,"t":"2026-09-18T01:14:45.770Z"}
{"level":"info","event":"action","runId":"079d6a79-2f19-4f5a-bde9-0b8dff4fa703","type":"fetch","rationale":"Inspect an already-known source before another generic query","step":2,"t":"2026-09-18T01:14:45.783Z"}
{"level":"info","event":"action","runId":"079d6a79-2f19-4f5a-bde9-0b8dff4fa703","type":"fetch","rationale":"Inspect an already-known source before another generic query","step":3,"t":"2026-09-18T01:14:45.797Z"}
{"level":"info","event":"action","runId":"079d6a79-2f19-4f5a-bde9-0b8dff4fa703","type":"challenge","rationale":"No counterexample found in accessed primary sources. This is not proof that the conclusion is true.","step":4,"t":"2026-09-18T01:14:45.824Z"}
{"level":"info","event":"action","runId":"079d6a79-2f19-4f5a-bde9-0b8dff4fa703","type":"synthesize","rationale":"decision_critical_gaps_resolved_or_unresolvable; high-impact claims supported or qualified; contradictions handled; remaining actions low expected value","step":5,"t":"2026-09-18T01:14:45.838Z"}
{"level":"info","event":"action","runId":"17b49a01-3705-4e24-90fe-17c1477513f9","type":"search","rationale":"Investigate an uncovered required question","step":0,"t":"2026-09-18T01:14:46.550Z"}
{"level":"info","event":"action","runId":"17b49a01-3705-4e24-90fe-17c1477513f9","type":"fetch","rationale":"Inspect an already-known source before another generic query","step":1,"t":"2026-09-18T01:14:46.570Z"}
{"level":"info","event":"action","runId":"17b49a01-3705-4e24-90fe-17c1477513f9","type":"fetch","rationale":"Inspect an already-known source before another generic query","step":2,"t":"2026-09-18T01:14:46.585Z"}
{"level":"info","event":"action","runId":"17b49a01-3705-4e24-90fe-17c1477513f9","type":"fetch","rationale":"Inspect an already-known source before another generic query","step":3,"t":"2026-09-18T01:14:46.600Z"}
{"level":"info","event":"action","runId":"17b49a01-3705-4e24-90fe-17c1477513f9","type":"challenge","rationale":"Disconfirm material conclusion: A hard-constraint violation for a candidate currently marked eligible.","step":4,"t":"2026-09-18T01:14:46.614Z"}
{"level":"info","event":"action","runId":"17b49a01-3705-4e24-90fe-17c1477513f9","type":"challenge","rationale":"No counterexample found in accessed primary sources. This is not proof that the conclusion is true.","step":5,"t":"2026-09-18T01:14:46.628Z"}
{"level":"info","event":"action","runId":"17b49a01-3705-4e24-90fe-17c1477513f9","type":"synthesize","rationale":"decision_critical_gaps_resolved_or_unresolvable; high-impact claims supported or qualified; contradictions handled; remaining actions low expected value","step":6,"t":"2026-09-18T01:14:46.641Z"}
{"level":"info","event":"action","runId":"ca8a3776-ec1b-4816-84db-da3861aaf50d","type":"search","rationale":"Investigate an uncovered required question","step":0,"t":"2026-09-18T01:14:47.545Z"}
{"level":"info","event":"action","runId":"ca8a3776-ec1b-4816-84db-da3861aaf50d","type":"fetch","rationale":"Inspect an already-known source before another generic query","step":1,"t":"2026-09-18T01:14:47.563Z"}
{"level":"info","event":"action","runId":"ca8a3776-ec1b-4816-84db-da3861aaf50d","type":"fetch","rationale":"Inspect an already-known source before another generic query","step":2,"t":"2026-09-18T01:14:47.577Z"}
{"level":"info","event":"action","runId":"ca8a3776-ec1b-4816-84db-da3861aaf50d","type":"fetch","rationale":"Inspect an already-known source before another generic query","step":3,"t":"2026-09-18T01:14:47.595Z"}
{"level":"info","event":"action","runId":"ca8a3776-ec1b-4816-84db-da3861aaf50d","type":"challenge","rationale":"Disconfirm material conclusion: A hard-constraint violation for a candidate currently marked eligible.","step":4,"t":"2026-09-18T01:14:47.616Z"}
{"level":"info","event":"action","runId":"ca8a3776-ec1b-4816-84db-da3861aaf50d","type":"challenge","rationale":"No counterexample found in accessed primary sources. This is not proof that the conclusion is true.","step":5,"t":"2026-09-18T01:14:47.641Z"}
{"level":"info","event":"action","runId":"ca8a3776-ec1b-4816-84db-da3861aaf50d","type":"synthesize","rationale":"decision_critical_gaps_resolved_or_unresolvable; high-impact claims supported or qualified; contradictions handled; remaining actions low expected value","step":6,"t":"2026-09-18T01:14:47.656Z"}
{"level":"info","event":"action","runId":"e0bb0b21-d2d6-42e9-a902-062031da6fae","type":"search","rationale":"Investigate an uncovered required question","step":0,"t":"2026-09-18T01:14:47.956Z"}
{"level":"info","event":"action","runId":"e0bb0b21-d2d6-42e9-a902-062031da6fae","type":"fetch","rationale":"Inspect an already-known source before another generic query","step":1,"t":"2026-09-18T01:14:47.981Z"}
{"level":"info","event":"action","runId":"e0bb0b21-d2d6-42e9-a902-062031da6fae","type":"fetch","rationale":"Inspect an already-known source before another generic query","step":2,"t":"2026-09-18T01:14:48.004Z"}
{"level":"info","event":"action","runId":"e0bb0b21-d2d6-42e9-a902-062031da6fae","type":"fetch","rationale":"Inspect an already-known source before another generic query","step":3,"t":"2026-09-18T01:14:48.030Z"}
{"level":"info","event":"action","runId":"e0bb0b21-d2d6-42e9-a902-062031da6fae","type":"challenge","rationale":"Disconfirm material conclusion: A hard-constraint violation for a candidate currently marked eligible.","step":4,"t":"2026-09-18T01:14:48.050Z"}
{"level":"info","event":"action","runId":"e0bb0b21-d2d6-42e9-a902-062031da6fae","type":"challenge","rationale":"Disconfirm material conclusion: A hard-constraint violation for a candidate currently marked eligible.","step":5,"t":"2026-09-18T01:14:48.072Z"}
{"level":"info","event":"action","runId":"e0bb0b21-d2d6-42e9-a902-062031da6fae","type":"challenge","rationale":"Disconfirm material conclusion: A hard-constraint violation for a candidate currently marked eligible.","step":6,"t":"2026-09-18T01:14:48.091Z"}
{"level":"info","event":"action","runId":"e0bb0b21-d2d6-42e9-a902-062031da6fae","type":"challenge","rationale":"Disconfirm material conclusion: A hard-constraint violation for a candidate currently marked eligible.","step":7,"t":"2026-09-18T01:14:48.112Z"}
{"level":"info","event":"action","runId":"e0bb0b21-d2d6-42e9-a902-062031da6fae","type":"challenge","rationale":"Disconfirm material conclusion: A hard-constraint violation for a candidate currently marked eligible.","step":8,"t":"2026-09-18T01:14:48.131Z"}
{"level":"info","event":"action","runId":"e0bb0b21-d2d6-42e9-a902-062031da6fae","type":"challenge","rationale":"Disconfirm material conclusion: A hard-constraint violation for a candidate currently marked eligible.","step":9,"t":"2026-09-18T01:14:48.150Z"}
{"level":"info","event":"action","runId":"e0bb0b21-d2d6-42e9-a902-062031da6fae","type":"challenge","rationale":"Disconfirm material conclusion: A hard-constraint violation for a candidate currently marked eligible.","step":10,"t":"2026-09-18T01:14:48.167Z"}
{"level":"info","event":"action","runId":"e0bb0b21-d2d6-42e9-a902-062031da6fae","type":"challenge","rationale":"No counterexample found in accessed primary sources. This is not proof that the conclusion is true.","step":11,"t":"2026-09-18T01:14:48.184Z"}
{"level":"info","event":"action","runId":"e0bb0b21-d2d6-42e9-a902-062031da6fae","type":"stop","rationale":"Repeated searches returned no novel source family or coverage progress","step":12,"t":"2026-09-18T01:14:48.196Z"}
{"level":"info","event":"action","runId":"66201570-2c81-4e88-bbc2-73b01a59ce84","type":"search","rationale":"Investigate an uncovered required question","step":0,"t":"2026-09-18T01:14:49.051Z"}
{"level":"info","event":"action","runId":"66201570-2c81-4e88-bbc2-73b01a59ce84","type":"fetch","rationale":"Inspect an already-known source before another generic query","step":1,"t":"2026-09-18T01:14:49.075Z"}
{"level":"info","event":"action","runId":"66201570-2c81-4e88-bbc2-73b01a59ce84","type":"fetch","rationale":"Inspect an already-known source before another generic query","step":2,"t":"2026-09-18T01:14:49.094Z"}
{"level":"info","event":"action","runId":"66201570-2c81-4e88-bbc2-73b01a59ce84","type":"fetch","rationale":"Inspect an already-known source before another generic query","step":3,"t":"2026-09-18T01:14:49.113Z"}
{"level":"info","event":"action","runId":"66201570-2c81-4e88-bbc2-73b01a59ce84","type":"challenge","rationale":"Disconfirm material conclusion: A hard-constraint violation for a candidate currently marked eligible.","step":4,"t":"2026-09-18T01:14:49.133Z"}
{"level":"info","event":"action","runId":"66201570-2c81-4e88-bbc2-73b01a59ce84","type":"challenge","rationale":"No counterexample found in accessed primary sources. This is not proof that the conclusion is true.","step":5,"t":"2026-09-18T01:14:49.152Z"}
{"level":"info","event":"action","runId":"66201570-2c81-4e88-bbc2-73b01a59ce84","type":"synthesize","rationale":"decision_critical_gaps_resolved_or_unresolvable; high-impact claims supported or qualified; contradictions handled; remaining actions low expected value","step":6,"t":"2026-09-18T01:14:49.167Z"}
{"level":"info","event":"action","runId":"91c63662-1021-4a96-b8b2-90269fc96193","type":"search","rationale":"Investigate an uncovered required question","step":0,"t":"2026-09-18T01:14:49.486Z"}
{"level":"info","event":"action","runId":"91c63662-1021-4a96-b8b2-90269fc96193","type":"fetch","rationale":"Inspect an already-known source before another generic query","step":1,"t":"2026-09-18T01:14:49.501Z"}
{"level":"info","event":"action","runId":"91c63662-1021-4a96-b8b2-90269fc96193","type":"fetch","rationale":"Inspect an already-known source before another generic query","step":2,"t":"2026-09-18T01:14:49.513Z"}
{"level":"info","event":"action","runId":"91c63662-1021-4a96-b8b2-90269fc96193","type":"fetch","rationale":"Inspect an already-known source before another generic query","step":3,"t":"2026-09-18T01:14:49.526Z"}
{"level":"info","event":"action","runId":"91c63662-1021-4a96-b8b2-90269fc96193","type":"challenge","rationale":"Disconfirm material conclusion: A hard-constraint violation for a candidate currently marked eligible.","step":4,"t":"2026-09-18T01:14:49.539Z"}
{"level":"info","event":"action","runId":"91c63662-1021-4a96-b8b2-90269fc96193","type":"challenge","rationale":"Disconfirm material conclusion: A hard-constraint violation for a candidate currently marked eligible.","step":5,"t":"2026-09-18T01:14:49.556Z"}
{"level":"info","event":"action","runId":"91c63662-1021-4a96-b8b2-90269fc96193","type":"challenge","rationale":"Disconfirm material conclusion: A hard-constraint violation for a candidate currently marked eligible.","step":6,"t":"2026-09-18T01:14:49.571Z"}
{"level":"info","event":"action","runId":"91c63662-1021-4a96-b8b2-90269fc96193","type":"challenge","rationale":"Disconfirm material conclusion: A hard-constraint violation for a candidate currently marked eligible.","step":7,"t":"2026-09-18T01:14:49.587Z"}
{"level":"info","event":"action","runId":"91c63662-1021-4a96-b8b2-90269fc96193","type":"challenge","rationale":"Disconfirm material conclusion: A hard-constraint violation for a candidate currently marked eligible.","step":8,"t":"2026-09-18T01:14:49.602Z"}
{"level":"info","event":"action","runId":"91c63662-1021-4a96-b8b2-90269fc96193","type":"challenge","rationale":"Disconfirm material conclusion: A hard-constraint violation for a candidate currently marked eligible.","step":9,"t":"2026-09-18T01:14:49.617Z"}
{"level":"info","event":"action","runId":"91c63662-1021-4a96-b8b2-90269fc96193","type":"challenge","rationale":"Disconfirm material conclusion: A hard-constraint violation for a candidate currently marked eligible.","step":10,"t":"2026-09-18T01:14:49.634Z"}
{"level":"info","event":"action","runId":"91c63662-1021-4a96-b8b2-90269fc96193","type":"challenge","rationale":"No counterexample found in accessed primary sources. This is not proof that the conclusion is true.","step":11,"t":"2026-09-18T01:14:49.655Z"}
{"level":"info","event":"action","runId":"91c63662-1021-4a96-b8b2-90269fc96193","type":"stop","rationale":"Repeated searches returned no novel source family or coverage progress","step":12,"t":"2026-09-18T01:14:49.668Z"}
{"level":"info","event":"action","runId":"99604cf6-b845-4259-afa6-094460cf7db0","type":"challenge","rationale":"Disconfirm material conclusion: A primary source that directly contradicts this conclusion.","step":0,"t":"2026-09-18T01:14:50.276Z"}
{"level":"info","event":"action","runId":"99604cf6-b845-4259-afa6-094460cf7db0","type":"fetch","rationale":"Inspect an already-known source before another generic query","step":1,"t":"2026-09-18T01:14:50.301Z"}
{"level":"info","event":"action","runId":"99604cf6-b845-4259-afa6-094460cf7db0","type":"fetch","rationale":"Inspect an already-known source before another generic query","step":2,"t":"2026-09-18T01:14:50.318Z"}
{"level":"info","event":"action","runId":"99604cf6-b845-4259-afa6-094460cf7db0","type":"fetch","rationale":"Inspect an already-known source before another generic query","step":3,"t":"2026-09-18T01:14:50.334Z"}
{"level":"info","event":"action","runId":"99604cf6-b845-4259-afa6-094460cf7db0","type":"challenge","rationale":"No counterexample found in accessed primary sources. This is not proof that the conclusion is true.","step":4,"t":"2026-09-18T01:14:50.355Z"}
{"level":"info","event":"action","runId":"99604cf6-b845-4259-afa6-094460cf7db0","type":"synthesize","rationale":"decision_critical_gaps_resolved_or_unresolvable; high-impact claims supported or qualified; contradictions handled; remaining actions low expected value","step":5,"t":"2026-09-18T01:14:50.371Z"}
{"level":"info","event":"action","runId":"b3992a1d-2254-4bb4-83fb-69db73745cce","type":"search","rationale":"Investigate an uncovered required question","step":0,"t":"2026-09-18T01:14:51.071Z"}
{"level":"info","event":"action","runId":"b3992a1d-2254-4bb4-83fb-69db73745cce","type":"fetch","rationale":"Inspect an already-known source before another generic query","step":1,"t":"2026-09-18T01:14:51.108Z"}
{"level":"info","event":"action","runId":"b3992a1d-2254-4bb4-83fb-69db73745cce","type":"fetch","rationale":"Inspect an already-known source before another generic query","step":2,"t":"2026-09-18T01:14:51.124Z"}
{"level":"info","event":"action","runId":"b3992a1d-2254-4bb4-83fb-69db73745cce","type":"fetch","rationale":"Inspect an already-known source before another generic query","step":3,"t":"2026-09-18T01:14:51.141Z"}
{"level":"info","event":"action","runId":"b3992a1d-2254-4bb4-83fb-69db73745cce","type":"challenge","rationale":"Disconfirm material conclusion: A primary source that directly contradicts this conclusion.","step":4,"t":"2026-09-18T01:14:51.160Z"}
{"level":"info","event":"action","runId":"b3992a1d-2254-4bb4-83fb-69db73745cce","type":"challenge","rationale":"No counterexample found in accessed primary sources. This is not proof that the conclusion is true.","step":5,"t":"2026-09-18T01:14:51.176Z"}
{"level":"info","event":"action","runId":"b3992a1d-2254-4bb4-83fb-69db73745cce","type":"synthesize","rationale":"decision_critical_gaps_resolved_or_unresolvable; high-impact claims supported or qualified; contradictions handled; remaining actions low expected value","step":6,"t":"2026-09-18T01:14:51.189Z"}
{"level":"info","event":"action","runId":"e5a53760-46a1-4bc7-86c0-5d15b32dffc2","type":"search","rationale":"Investigate an uncovered required question","step":0,"t":"2026-09-18T01:14:52.021Z"}
{"level":"info","event":"action","runId":"e5a53760-46a1-4bc7-86c0-5d15b32dffc2","type":"fetch","rationale":"Inspect an already-known source before another generic query","step":1,"t":"2026-09-18T01:14:52.084Z"}
{"level":"info","event":"action","runId":"e5a53760-46a1-4bc7-86c0-5d15b32dffc2","type":"fetch","rationale":"Inspect an already-known source before another generic query","step":2,"t":"2026-09-18T01:14:52.117Z"}
{"level":"info","event":"action","runId":"e5a53760-46a1-4bc7-86c0-5d15b32dffc2","type":"fetch","rationale":"Inspect an already-known source before another generic query","step":3,"t":"2026-09-18T01:14:52.151Z"}
{"level":"info","event":"action","runId":"e5a53760-46a1-4bc7-86c0-5d15b32dffc2","type":"fetch","rationale":"Inspect an already-known source before another generic query","step":4,"t":"2026-09-18T01:14:52.174Z"}
{"level":"info","event":"action","runId":"e5a53760-46a1-4bc7-86c0-5d15b32dffc2","type":"fetch","rationale":"Inspect an already-known source before another generic query","step":5,"t":"2026-09-18T01:14:52.199Z"}
{"level":"info","event":"action","runId":"e5a53760-46a1-4bc7-86c0-5d15b32dffc2","type":"challenge","rationale":"Disconfirm material conclusion: A primary source that directly contradicts this conclusion.","step":6,"t":"2026-09-18T01:14:52.225Z"}
{"level":"info","event":"action","runId":"e5a53760-46a1-4bc7-86c0-5d15b32dffc2","type":"challenge","rationale":"No counterexample found in accessed primary sources. This is not proof that the conclusion is true.","step":7,"t":"2026-09-18T01:14:52.258Z"}
{"level":"info","event":"action","runId":"e5a53760-46a1-4bc7-86c0-5d15b32dffc2","type":"synthesize","rationale":"decision_critical_gaps_resolved_or_unresolvable; high-impact claims supported or qualified; contradictions handled; remaining actions low expected value","step":8,"t":"2026-09-18T01:14:52.281Z"}
{"level":"info","event":"action","runId":"d7b181bc-add5-4127-8d1c-dc592349f397","type":"search","rationale":"Investigate an uncovered required question","step":0,"t":"2026-09-18T01:14:52.929Z"}
{"level":"info","event":"action","runId":"d7b181bc-add5-4127-8d1c-dc592349f397","type":"fetch","rationale":"Inspect an already-known source before another generic query","step":1,"t":"2026-09-18T01:14:52.970Z"}
{"level":"info","event":"action","runId":"d7b181bc-add5-4127-8d1c-dc592349f397","type":"fetch","rationale":"Inspect an already-known source before another generic query","step":2,"t":"2026-09-18T01:14:52.996Z"}
{"level":"info","event":"action","runId":"d7b181bc-add5-4127-8d1c-dc592349f397","type":"fetch","rationale":"Inspect an already-known source before another generic query","step":3,"t":"2026-09-18T01:14:53.018Z"}
{"level":"info","event":"action","runId":"d7b181bc-add5-4127-8d1c-dc592349f397","type":"challenge","rationale":"Disconfirm material conclusion: A primary source that directly contradicts this conclusion.","step":4,"t":"2026-09-18T01:14:53.043Z"}
{"level":"info","event":"action","runId":"d7b181bc-add5-4127-8d1c-dc592349f397","type":"challenge","rationale":"No counterexample found in accessed primary sources. This is not proof that the conclusion is true.","step":5,"t":"2026-09-18T01:14:53.062Z"}
{"level":"info","event":"action","runId":"d7b181bc-add5-4127-8d1c-dc592349f397","type":"synthesize","rationale":"decision_critical_gaps_resolved_or_unresolvable; high-impact claims supported or qualified; contradictions handled; remaining actions low expected value","step":6,"t":"2026-09-18T01:14:53.076Z"}
{"level":"info","event":"action","runId":"9a33ca5e-cd47-4916-941c-a7c9d3a1f990","type":"search","rationale":"Investigate an uncovered required question","step":0,"t":"2026-09-18T01:14:53.817Z"}
{"level":"info","event":"action","runId":"9a33ca5e-cd47-4916-941c-a7c9d3a1f990","type":"fetch","rationale":"Inspect an already-known source before another generic query","step":1,"t":"2026-09-18T01:14:53.846Z"}
{"level":"info","event":"action","runId":"9a33ca5e-cd47-4916-941c-a7c9d3a1f990","type":"fetch","rationale":"Inspect an already-known source before another generic query","step":2,"t":"2026-09-18T01:14:53.862Z"}
{"level":"info","event":"action","runId":"9a33ca5e-cd47-4916-941c-a7c9d3a1f990","type":"fetch","rationale":"Inspect an already-known source before another generic query","step":3,"t":"2026-09-18T01:14:53.877Z"}
{"level":"info","event":"action","runId":"9a33ca5e-cd47-4916-941c-a7c9d3a1f990","type":"fetch","rationale":"Inspect an already-known source before another generic query","step":4,"t":"2026-09-18T01:14:53.893Z"}
{"level":"info","event":"action","runId":"9a33ca5e-cd47-4916-941c-a7c9d3a1f990","type":"fetch","rationale":"Inspect an already-known source before another generic query","step":5,"t":"2026-09-18T01:14:53.908Z"}
{"level":"info","event":"action","runId":"9a33ca5e-cd47-4916-941c-a7c9d3a1f990","type":"challenge","rationale":"Disconfirm material conclusion: A primary source that directly contradicts this conclusion.","step":6,"t":"2026-09-18T01:14:53.924Z"}
{"level":"info","event":"action","runId":"9a33ca5e-cd47-4916-941c-a7c9d3a1f990","type":"challenge","rationale":"No counterexample found in accessed primary sources. This is not proof that the conclusion is true.","step":7,"t":"2026-09-18T01:14:53.950Z"}
{"level":"info","event":"action","runId":"9a33ca5e-cd47-4916-941c-a7c9d3a1f990","type":"synthesize","rationale":"decision_critical_gaps_resolved_or_unresolvable; high-impact claims supported or qualified; contradictions handled; remaining actions low expected value","step":8,"t":"2026-09-18T01:14:53.964Z"}
{"level":"info","event":"action","runId":"8660dff9-dfda-4e2d-9315-4c8117cdccb6","type":"search","rationale":"Investigate an uncovered required question","step":0,"t":"2026-09-18T01:14:55.236Z"}
{"level":"info","event":"action","runId":"8660dff9-dfda-4e2d-9315-4c8117cdccb6","type":"fetch","rationale":"Inspect an already-known source before another generic query","step":1,"t":"2026-09-18T01:14:55.276Z"}
{"level":"info","event":"action","runId":"8660dff9-dfda-4e2d-9315-4c8117cdccb6","type":"fetch","rationale":"Inspect an already-known source before another generic query","step":2,"t":"2026-09-18T01:14:55.295Z"}
{"level":"info","event":"action","runId":"8660dff9-dfda-4e2d-9315-4c8117cdccb6","type":"fetch","rationale":"Inspect an already-known source before another generic query","step":3,"t":"2026-09-18T01:14:55.313Z"}
{"level":"info","event":"action","runId":"8660dff9-dfda-4e2d-9315-4c8117cdccb6","type":"fetch","rationale":"Inspect an already-known source before another generic query","step":4,"t":"2026-09-18T01:14:55.331Z"}
{"level":"info","event":"action","runId":"8660dff9-dfda-4e2d-9315-4c8117cdccb6","type":"fetch","rationale":"Inspect an already-known source before another generic query","step":5,"t":"2026-09-18T01:14:55.350Z"}
{"level":"info","event":"action","runId":"8660dff9-dfda-4e2d-9315-4c8117cdccb6","type":"challenge","rationale":"Disconfirm material conclusion: A primary source that directly contradicts this conclusion.","step":6,"t":"2026-09-18T01:14:55.369Z"}
{"level":"info","event":"action","runId":"8660dff9-dfda-4e2d-9315-4c8117cdccb6","type":"challenge","rationale":"No counterexample found in accessed primary sources. This is not proof that the conclusion is true.","step":7,"t":"2026-09-18T01:14:55.389Z"}
{"level":"info","event":"action","runId":"8660dff9-dfda-4e2d-9315-4c8117cdccb6","type":"synthesize","rationale":"decision_critical_gaps_resolved_or_unresolvable; high-impact claims supported or qualified; contradictions handled; remaining actions low expected value","step":8,"t":"2026-09-18T01:14:55.403Z"}
{"level":"info","event":"action","runId":"156a2461-9bbe-4407-b237-f62c59dc0fc7","type":"search","rationale":"Investigate an uncovered required question","step":0,"t":"2026-09-18T01:14:56.284Z"}
{"level":"info","event":"action","runId":"156a2461-9bbe-4407-b237-f62c59dc0fc7","type":"fetch","rationale":"Inspect an already-known source before another generic query","step":1,"t":"2026-09-18T01:14:56.309Z"}
{"level":"info","event":"action","runId":"156a2461-9bbe-4407-b237-f62c59dc0fc7","type":"fetch","rationale":"Inspect an already-known source before another generic query","step":2,"t":"2026-09-18T01:14:56.324Z"}
{"level":"info","event":"action","runId":"156a2461-9bbe-4407-b237-f62c59dc0fc7","type":"fetch","rationale":"Inspect an already-known source before another generic query","step":3,"t":"2026-09-18T01:14:56.337Z"}
{"level":"info","event":"action","runId":"156a2461-9bbe-4407-b237-f62c59dc0fc7","type":"fetch","rationale":"Inspect an already-known source before another generic query","step":4,"t":"2026-09-18T01:14:56.352Z"}
{"level":"info","event":"action","runId":"156a2461-9bbe-4407-b237-f62c59dc0fc7","type":"fetch","rationale":"Inspect an already-known source before another generic query","step":5,"t":"2026-09-18T01:14:56.367Z"}
{"level":"info","event":"action","runId":"156a2461-9bbe-4407-b237-f62c59dc0fc7","type":"challenge","rationale":"Disconfirm material conclusion: A primary source that directly contradicts this conclusion.","step":6,"t":"2026-09-18T01:14:56.382Z"}
{"level":"info","event":"action","runId":"156a2461-9bbe-4407-b237-f62c59dc0fc7","type":"challenge","rationale":"No counterexample found in accessed primary sources. This is not proof that the conclusion is true.","step":7,"t":"2026-09-18T01:14:56.395Z"}
{"level":"info","event":"action","runId":"156a2461-9bbe-4407-b237-f62c59dc0fc7","type":"synthesize","rationale":"decision_critical_gaps_resolved_or_unresolvable; high-impact claims supported or qualified; contradictions handled; remaining actions low expected value","step":8,"t":"2026-09-18T01:14:56.408Z"}
{"level":"info","event":"action","runId":"fdc40e0f-0b05-4196-bbb2-ebc42b2ac40c","type":"search","rationale":"Investigate an uncovered required question","step":0,"t":"2026-09-18T01:14:57.231Z"}
{"level":"info","event":"action","runId":"fdc40e0f-0b05-4196-bbb2-ebc42b2ac40c","type":"fetch","rationale":"Inspect an already-known source before another generic query","step":1,"t":"2026-09-18T01:14:57.257Z"}
{"level":"info","event":"action","runId":"fdc40e0f-0b05-4196-bbb2-ebc42b2ac40c","type":"fetch","rationale":"Inspect an already-known source before another generic query","step":2,"t":"2026-09-18T01:14:57.273Z"}
{"level":"info","event":"action","runId":"fdc40e0f-0b05-4196-bbb2-ebc42b2ac40c","type":"fetch","rationale":"Inspect an already-known source before another generic query","step":3,"t":"2026-09-18T01:14:57.288Z"}
{"level":"info","event":"action","runId":"fdc40e0f-0b05-4196-bbb2-ebc42b2ac40c","type":"fetch","rationale":"Inspect an already-known source before another generic query","step":4,"t":"2026-09-18T01:14:57.303Z"}
{"level":"info","event":"action","runId":"fdc40e0f-0b05-4196-bbb2-ebc42b2ac40c","type":"fetch","rationale":"Inspect an already-known source before another generic query","step":5,"t":"2026-09-18T01:14:57.319Z"}
{"level":"info","event":"action","runId":"fdc40e0f-0b05-4196-bbb2-ebc42b2ac40c","type":"challenge","rationale":"Disconfirm material conclusion: A primary source that directly contradicts this conclusion.","step":6,"t":"2026-09-18T01:14:57.334Z"}
{"level":"info","event":"action","runId":"fdc40e0f-0b05-4196-bbb2-ebc42b2ac40c","type":"challenge","rationale":"No counterexample found in accessed primary sources. This is not proof that the conclusion is true.","step":7,"t":"2026-09-18T01:14:57.350Z"}
{"level":"info","event":"action","runId":"fdc40e0f-0b05-4196-bbb2-ebc42b2ac40c","type":"synthesize","rationale":"decision_critical_gaps_resolved_or_unresolvable; high-impact claims supported or qualified; contradictions handled; remaining actions low expected value","step":8,"t":"2026-09-18T01:14:57.365Z"}
{"level":"info","event":"action","runId":"6418913c-930c-4a7c-8aa5-8ab9b134bb8e","type":"search","rationale":"Investigate an uncovered required question","step":0,"t":"2026-09-18T01:14:58.693Z"}
{"level":"info","event":"action","runId":"6418913c-930c-4a7c-8aa5-8ab9b134bb8e","type":"fetch","rationale":"Inspect an already-known source before another generic query","step":1,"t":"2026-09-18T01:14:58.715Z"}
{"level":"info","event":"action","runId":"6418913c-930c-4a7c-8aa5-8ab9b134bb8e","type":"fetch","rationale":"Inspect an already-known source before another generic query","step":2,"t":"2026-09-18T01:14:58.729Z"}
{"level":"info","event":"action","runId":"6418913c-930c-4a7c-8aa5-8ab9b134bb8e","type":"fetch","rationale":"Inspect an already-known source before another generic query","step":3,"t":"2026-09-18T01:14:58.743Z"}
{"level":"info","event":"action","runId":"6418913c-930c-4a7c-8aa5-8ab9b134bb8e","type":"fetch","rationale":"Inspect an already-known source before another generic query","step":4,"t":"2026-09-18T01:14:58.757Z"}
{"level":"info","event":"action","runId":"6418913c-930c-4a7c-8aa5-8ab9b134bb8e","type":"fetch","rationale":"Inspect an already-known source before another generic query","step":5,"t":"2026-09-18T01:14:58.770Z"}
{"level":"info","event":"action","runId":"6418913c-930c-4a7c-8aa5-8ab9b134bb8e","type":"challenge","rationale":"Disconfirm material conclusion: A primary source that directly contradicts this conclusion.","step":6,"t":"2026-09-18T01:14:58.784Z"}
{"level":"info","event":"action","runId":"6418913c-930c-4a7c-8aa5-8ab9b134bb8e","type":"challenge","rationale":"No counterexample found in accessed primary sources. This is not proof that the conclusion is true.","step":7,"t":"2026-09-18T01:14:58.797Z"}
{"level":"info","event":"action","runId":"6418913c-930c-4a7c-8aa5-8ab9b134bb8e","type":"synthesize","rationale":"decision_critical_gaps_resolved_or_unresolvable; high-impact claims supported or qualified; contradictions handled; remaining actions low expected value","step":8,"t":"2026-09-18T01:14:58.809Z"}
{"level":"info","event":"action","runId":"208f4b70-74f9-4b0a-87a2-8e04e39d7b33","type":"search","rationale":"Investigate an uncovered required question","step":0,"t":"2026-09-18T01:15:00.022Z"}
{"level":"info","event":"action","runId":"208f4b70-74f9-4b0a-87a2-8e04e39d7b33","type":"fetch","rationale":"Inspect an already-known source before another generic query","step":1,"t":"2026-09-18T01:15:00.045Z"}
{"level":"info","event":"action","runId":"208f4b70-74f9-4b0a-87a2-8e04e39d7b33","type":"fetch","rationale":"Inspect an already-known source before another generic query","step":2,"t":"2026-09-18T01:15:00.059Z"}
{"level":"info","event":"action","runId":"208f4b70-74f9-4b0a-87a2-8e04e39d7b33","type":"fetch","rationale":"Inspect an already-known source before another generic query","step":3,"t":"2026-09-18T01:15:00.073Z"}
{"level":"info","event":"action","runId":"208f4b70-74f9-4b0a-87a2-8e04e39d7b33","type":"fetch","rationale":"Inspect an already-known source before another generic query","step":4,"t":"2026-09-18T01:15:00.086Z"}
{"level":"info","event":"action","runId":"208f4b70-74f9-4b0a-87a2-8e04e39d7b33","type":"fetch","rationale":"Inspect an already-known source before another generic query","step":5,"t":"2026-09-18T01:15:00.099Z"}
{"level":"info","event":"action","runId":"208f4b70-74f9-4b0a-87a2-8e04e39d7b33","type":"challenge","rationale":"Disconfirm material conclusion: A primary source that directly contradicts this conclusion.","step":6,"t":"2026-09-18T01:15:00.112Z"}
{"level":"info","event":"action","runId":"208f4b70-74f9-4b0a-87a2-8e04e39d7b33","type":"challenge","rationale":"No counterexample found in accessed primary sources. This is not proof that the conclusion is true.","step":7,"t":"2026-09-18T01:15:00.126Z"}
{"level":"info","event":"action","runId":"208f4b70-74f9-4b0a-87a2-8e04e39d7b33","type":"synthesize","rationale":"decision_critical_gaps_resolved_or_unresolvable; high-impact claims supported or qualified; contradictions handled; remaining actions low expected value","step":8,"t":"2026-09-18T01:15:00.137Z"}
{"level":"info","event":"action","runId":"5409f738-32c3-4ebe-b278-01bbc56dbe51","type":"search","rationale":"Investigate an uncovered required question","step":0,"t":"2026-09-18T01:15:00.704Z"}
{"level":"info","event":"action","runId":"5409f738-32c3-4ebe-b278-01bbc56dbe51","type":"fetch","rationale":"Inspect an already-known source before another generic query","step":1,"t":"2026-09-18T01:15:00.729Z"}
{"level":"info","event":"action","runId":"5409f738-32c3-4ebe-b278-01bbc56dbe51","type":"fetch","rationale":"Inspect an already-known source before another generic query","step":2,"t":"2026-09-18T01:15:00.745Z"}
{"level":"info","event":"action","runId":"5409f738-32c3-4ebe-b278-01bbc56dbe51","type":"fetch","rationale":"Inspect an already-known source before another generic query","step":3,"t":"2026-09-18T01:15:00.759Z"}
{"level":"info","event":"action","runId":"5409f738-32c3-4ebe-b278-01bbc56dbe51","type":"fetch","rationale":"Inspect an already-known source before another generic query","step":4,"t":"2026-09-18T01:15:00.772Z"}
{"level":"info","event":"action","runId":"5409f738-32c3-4ebe-b278-01bbc56dbe51","type":"fetch","rationale":"Inspect an already-known source before another generic query","step":5,"t":"2026-09-18T01:15:00.788Z"}
{"level":"info","event":"action","runId":"5409f738-32c3-4ebe-b278-01bbc56dbe51","type":"challenge","rationale":"Disconfirm material conclusion: A primary source that directly contradicts this conclusion.","step":6,"t":"2026-09-18T01:15:00.804Z"}
{"level":"info","event":"action","runId":"5409f738-32c3-4ebe-b278-01bbc56dbe51","type":"challenge","rationale":"No counterexample found in accessed primary sources. This is not proof that the conclusion is true.","step":7,"t":"2026-09-18T01:15:00.818Z"}
{"level":"info","event":"action","runId":"5409f738-32c3-4ebe-b278-01bbc56dbe51","type":"synthesize","rationale":"decision_critical_gaps_resolved_or_unresolvable; high-impact claims supported or qualified; contradictions handled; remaining actions low expected value","step":8,"t":"2026-09-18T01:15:00.830Z"}
{"level":"info","event":"action","runId":"eb29d1cf-0e3e-4191-8b7f-b5e5e4d0f913","type":"search","rationale":"Investigate an uncovered required question","step":0,"t":"2026-09-18T01:15:01.419Z"}
{"level":"info","event":"action","runId":"eb29d1cf-0e3e-4191-8b7f-b5e5e4d0f913","type":"fetch","rationale":"Inspect an already-known source before another generic query","step":1,"t":"2026-09-18T01:15:01.435Z"}
{"level":"info","event":"action","runId":"eb29d1cf-0e3e-4191-8b7f-b5e5e4d0f913","type":"challenge","rationale":"Disconfirm material conclusion: A primary source that directly contradicts this conclusion.","step":2,"t":"2026-09-18T01:15:01.453Z"}
{"level":"info","event":"action","runId":"eb29d1cf-0e3e-4191-8b7f-b5e5e4d0f913","type":"challenge","rationale":"No counterexample found in accessed primary sources. This is not proof that the conclusion is true.","step":3,"t":"2026-09-18T01:15:01.468Z"}
{"level":"info","event":"action","runId":"eb29d1cf-0e3e-4191-8b7f-b5e5e4d0f913","type":"synthesize","rationale":"decision_critical_gaps_resolved_or_unresolvable; high-impact claims supported or qualified; contradictions handled; remaining actions low expected value","step":4,"t":"2026-09-18T01:15:01.478Z"}
{"level":"info","event":"action","runId":"9f6db52d-a180-4c9b-a4d1-230cc6ee94ff","type":"search","rationale":"Investigate an uncovered required question","step":0,"t":"2026-09-18T01:15:02.085Z"}
{"level":"info","event":"action","runId":"9f6db52d-a180-4c9b-a4d1-230cc6ee94ff","type":"fetch","rationale":"Inspect an already-known source before another generic query","step":1,"t":"2026-09-18T01:15:02.108Z"}
{"level":"info","event":"action","runId":"9f6db52d-a180-4c9b-a4d1-230cc6ee94ff","type":"fetch","rationale":"Inspect an already-known source before another generic query","step":2,"t":"2026-09-18T01:15:02.123Z"}
{"level":"info","event":"action","runId":"9f6db52d-a180-4c9b-a4d1-230cc6ee94ff","type":"fetch","rationale":"Inspect an already-known source before another generic query","step":3,"t":"2026-09-18T01:15:02.140Z"}
{"level":"info","event":"action","runId":"9f6db52d-a180-4c9b-a4d1-230cc6ee94ff","type":"challenge","rationale":"Disconfirm material conclusion: A primary source that directly contradicts this conclusion.","step":4,"t":"2026-09-18T01:15:02.159Z"}
{"level":"info","event":"action","runId":"9f6db52d-a180-4c9b-a4d1-230cc6ee94ff","type":"challenge","rationale":"No counterexample found in accessed primary sources. This is not proof that the conclusion is true.","step":5,"t":"2026-09-18T01:15:02.173Z"}
{"level":"info","event":"action","runId":"9f6db52d-a180-4c9b-a4d1-230cc6ee94ff","type":"synthesize","rationale":"decision_critical_gaps_resolved_or_unresolvable; high-impact claims supported or qualified; contradictions handled; remaining actions low expected value","step":6,"t":"2026-09-18T01:15:02.186Z"}
{"level":"info","event":"action","runId":"4d13038d-d317-4b80-acdc-d342150896cb","type":"search","rationale":"Investigate an uncovered required question","step":0,"t":"2026-09-18T01:15:03.035Z"}
{"level":"info","event":"action","runId":"4d13038d-d317-4b80-acdc-d342150896cb","type":"fetch","rationale":"Inspect an already-known source before another generic query","step":1,"t":"2026-09-18T01:15:03.063Z"}
{"level":"info","event":"action","runId":"4d13038d-d317-4b80-acdc-d342150896cb","type":"fetch","rationale":"Inspect an already-known source before another generic query","step":2,"t":"2026-09-18T01:15:03.079Z"}
{"level":"info","event":"action","runId":"4d13038d-d317-4b80-acdc-d342150896cb","type":"fetch","rationale":"Inspect an already-known source before another generic query","step":3,"t":"2026-09-18T01:15:03.095Z"}
{"level":"info","event":"action","runId":"4d13038d-d317-4b80-acdc-d342150896cb","type":"challenge","rationale":"Disconfirm material conclusion: A primary source that directly contradicts this conclusion.","step":4,"t":"2026-09-18T01:15:03.116Z"}
{"level":"info","event":"action","runId":"4d13038d-d317-4b80-acdc-d342150896cb","type":"challenge","rationale":"No counterexample found in accessed primary sources. This is not proof that the conclusion is true.","step":5,"t":"2026-09-18T01:15:03.130Z"}
{"level":"info","event":"action","runId":"4d13038d-d317-4b80-acdc-d342150896cb","type":"synthesize","rationale":"decision_critical_gaps_resolved_or_unresolvable; high-impact claims supported or qualified; contradictions handled; remaining actions low expected value","step":6,"t":"2026-09-18T01:15:03.147Z"}
{"level":"info","event":"action","runId":"cfcc8cdf-c9bc-47d2-a4b5-908791286fac","type":"search","rationale":"Investigate an uncovered required question","step":0,"t":"2026-09-18T01:15:03.963Z"}
{"level":"info","event":"action","runId":"cfcc8cdf-c9bc-47d2-a4b5-908791286fac","type":"fetch","rationale":"Inspect an already-known source before another generic query","step":1,"t":"2026-09-18T01:15:03.985Z"}
{"level":"info","event":"action","runId":"cfcc8cdf-c9bc-47d2-a4b5-908791286fac","type":"fetch","rationale":"Inspect an already-known source before another generic query","step":2,"t":"2026-09-18T01:15:03.999Z"}
{"level":"info","event":"action","runId":"cfcc8cdf-c9bc-47d2-a4b5-908791286fac","type":"fetch","rationale":"Inspect an already-known source before another generic query","step":3,"t":"2026-09-18T01:15:04.015Z"}
{"level":"info","event":"action","runId":"cfcc8cdf-c9bc-47d2-a4b5-908791286fac","type":"fetch","rationale":"Inspect an already-known source before another generic query","step":4,"t":"2026-09-18T01:15:04.029Z"}
{"level":"info","event":"action","runId":"cfcc8cdf-c9bc-47d2-a4b5-908791286fac","type":"fetch","rationale":"Inspect an already-known source before another generic query","step":5,"t":"2026-09-18T01:15:04.043Z"}
{"level":"info","event":"action","runId":"cfcc8cdf-c9bc-47d2-a4b5-908791286fac","type":"challenge","rationale":"Disconfirm material conclusion: A primary source that directly contradicts this conclusion.","step":6,"t":"2026-09-18T01:15:04.058Z"}
{"level":"info","event":"action","runId":"cfcc8cdf-c9bc-47d2-a4b5-908791286fac","type":"challenge","rationale":"No counterexample found in accessed primary sources. This is not proof that the conclusion is true.","step":7,"t":"2026-09-18T01:15:04.073Z"}
{"level":"info","event":"action","runId":"cfcc8cdf-c9bc-47d2-a4b5-908791286fac","type":"synthesize","rationale":"decision_critical_gaps_resolved_or_unresolvable; high-impact claims supported or qualified; contradictions handled; remaining actions low expected value","step":8,"t":"2026-09-18T01:15:04.085Z"}
{"level":"info","event":"action","runId":"0452f349-69b8-4ed8-a744-48eb3d846360","type":"search","rationale":"Investigate an uncovered required question","step":0,"t":"2026-09-18T01:15:04.361Z"}
{"level":"info","event":"action","runId":"0452f349-69b8-4ed8-a744-48eb3d846360","type":"fetch","rationale":"Inspect an already-known source before another generic query","step":1,"t":"2026-09-18T01:15:04.382Z"}
{"level":"info","event":"action","runId":"0452f349-69b8-4ed8-a744-48eb3d846360","type":"fetch","rationale":"Inspect an already-known source before another generic query","step":2,"t":"2026-09-18T01:15:04.397Z"}
{"level":"info","event":"action","runId":"0452f349-69b8-4ed8-a744-48eb3d846360","type":"fetch","rationale":"Inspect an already-known source before another generic query","step":3,"t":"2026-09-18T01:15:04.415Z"}
{"level":"info","event":"action","runId":"0452f349-69b8-4ed8-a744-48eb3d846360","type":"fetch","rationale":"Inspect an already-known source before another generic query","step":4,"t":"2026-09-18T01:15:04.431Z"}
{"level":"info","event":"action","runId":"0452f349-69b8-4ed8-a744-48eb3d846360","type":"fetch","rationale":"Inspect an already-known source before another generic query","step":5,"t":"2026-09-18T01:15:04.447Z"}
{"level":"info","event":"action","runId":"0452f349-69b8-4ed8-a744-48eb3d846360","type":"challenge","rationale":"Disconfirm material conclusion: A primary source that directly contradicts this conclusion.","step":6,"t":"2026-09-18T01:15:04.463Z"}
{"level":"info","event":"action","runId":"0452f349-69b8-4ed8-a744-48eb3d846360","type":"challenge","rationale":"Disconfirm material conclusion: A primary source that directly contradicts this conclusion.","step":7,"t":"2026-09-18T01:15:04.480Z"}
{"level":"info","event":"action","runId":"0452f349-69b8-4ed8-a744-48eb3d846360","type":"challenge","rationale":"Disconfirm material conclusion: A primary source that directly contradicts this conclusion.","step":8,"t":"2026-09-18T01:15:04.496Z"}
{"level":"info","event":"action","runId":"0452f349-69b8-4ed8-a744-48eb3d846360","type":"challenge","rationale":"Disconfirm material conclusion: A primary source that directly contradicts this conclusion.","step":9,"t":"2026-09-18T01:15:04.515Z"}
{"level":"info","event":"action","runId":"0452f349-69b8-4ed8-a744-48eb3d846360","type":"challenge","rationale":"Disconfirm material conclusion: A primary source that directly contradicts this conclusion.","step":10,"t":"2026-09-18T01:15:04.532Z"}
{"level":"info","event":"action","runId":"0452f349-69b8-4ed8-a744-48eb3d846360","type":"challenge","rationale":"Disconfirm material conclusion: A primary source that directly contradicts this conclusion.","step":11,"t":"2026-09-18T01:15:04.549Z"}
{"level":"info","event":"action","runId":"0452f349-69b8-4ed8-a744-48eb3d846360","type":"challenge","rationale":"Disconfirm material conclusion: A primary source that directly contradicts this conclusion.","step":12,"t":"2026-09-18T01:15:04.566Z"}
{"level":"info","event":"action","runId":"0452f349-69b8-4ed8-a744-48eb3d846360","type":"challenge","rationale":"No counterexample found in accessed primary sources. This is not proof that the conclusion is true.","step":13,"t":"2026-09-18T01:15:04.583Z"}
{"level":"info","event":"action","runId":"0452f349-69b8-4ed8-a744-48eb3d846360","type":"stop","rationale":"Repeated searches returned no novel source family or coverage progress","step":14,"t":"2026-09-18T01:15:04.596Z"}
{"level":"info","event":"action","runId":"3edfe63c-23c9-4304-bc00-5b322be568a3","type":"search","rationale":"Investigate an uncovered required question","step":0,"t":"2026-09-18T01:15:05.401Z"}
{"level":"info","event":"action","runId":"3edfe63c-23c9-4304-bc00-5b322be568a3","type":"fetch","rationale":"Inspect an already-known source before another generic query","step":1,"t":"2026-09-18T01:15:05.423Z"}
{"level":"info","event":"action","runId":"3edfe63c-23c9-4304-bc00-5b322be568a3","type":"fetch","rationale":"Inspect an already-known source before another generic query","step":2,"t":"2026-09-18T01:15:05.438Z"}
{"level":"info","event":"action","runId":"3edfe63c-23c9-4304-bc00-5b322be568a3","type":"challenge","rationale":"Disconfirm material conclusion: A primary source that directly contradicts this conclusion.","step":3,"t":"2026-09-18T01:15:05.454Z"}
{"level":"info","event":"action","runId":"3edfe63c-23c9-4304-bc00-5b322be568a3","type":"challenge","rationale":"No counterexample found in accessed primary sources. This is not proof that the conclusion is true.","step":4,"t":"2026-09-18T01:15:05.471Z"}
{"level":"info","event":"action","runId":"3edfe63c-23c9-4304-bc00-5b322be568a3","type":"synthesize","rationale":"decision_critical_gaps_resolved_or_unresolvable; high-impact claims supported or qualified; contradictions handled; remaining actions low expected value","step":5,"t":"2026-09-18T01:15:05.484Z"}
{"level":"info","event":"action","runId":"7b16ee22-8aa1-4ecc-a96d-05310dcd80a6","type":"search","rationale":"Investigate an uncovered required question","step":0,"t":"2026-09-18T01:15:06.298Z"}
{"level":"info","event":"action","runId":"7b16ee22-8aa1-4ecc-a96d-05310dcd80a6","type":"fetch","rationale":"Inspect an already-known source before another generic query","step":1,"t":"2026-09-18T01:15:06.318Z"}
{"level":"info","event":"action","runId":"7b16ee22-8aa1-4ecc-a96d-05310dcd80a6","type":"challenge","rationale":"Disconfirm material conclusion: A primary source that directly contradicts this conclusion.","step":2,"t":"2026-09-18T01:15:06.335Z"}
{"level":"info","event":"action","runId":"7b16ee22-8aa1-4ecc-a96d-05310dcd80a6","type":"challenge","rationale":"No counterexample found in accessed primary sources. This is not proof that the conclusion is true.","step":3,"t":"2026-09-18T01:15:06.350Z"}
{"level":"info","event":"action","runId":"7b16ee22-8aa1-4ecc-a96d-05310dcd80a6","type":"synthesize","rationale":"decision_critical_gaps_resolved_or_unresolvable; high-impact claims supported or qualified; contradictions handled; remaining actions low expected value","step":4,"t":"2026-09-18T01:15:06.365Z"}
{"level":"info","event":"action","runId":"0bb55cdf-0342-45b5-92b1-cc678fb3390a","type":"search","rationale":"Investigate an uncovered required question","step":0,"t":"2026-09-18T01:15:06.906Z"}
{"level":"info","event":"action","runId":"0bb55cdf-0342-45b5-92b1-cc678fb3390a","type":"fetch","rationale":"Inspect an already-known source before another generic query","step":1,"t":"2026-09-18T01:15:06.921Z"}
{"level":"info","event":"action","runId":"0bb55cdf-0342-45b5-92b1-cc678fb3390a","type":"challenge","rationale":"Disconfirm material conclusion: A primary source that directly contradicts this conclusion.","step":2,"t":"2026-09-18T01:15:06.934Z"}
{"level":"info","event":"action","runId":"0bb55cdf-0342-45b5-92b1-cc678fb3390a","type":"challenge","rationale":"No counterexample found in accessed primary sources. This is not proof that the conclusion is true.","step":3,"t":"2026-09-18T01:15:06.948Z"}
{"level":"info","event":"action","runId":"0bb55cdf-0342-45b5-92b1-cc678fb3390a","type":"synthesize","rationale":"decision_critical_gaps_resolved_or_unresolvable; high-impact claims supported or qualified; contradictions handled; remaining actions low expected value","step":4,"t":"2026-09-18T01:15:06.959Z"}
{"level":"info","event":"action","runId":"21c133fa-9ba4-461a-a789-2614bf848c4b","type":"search","rationale":"Investigate an uncovered required question","step":0,"t":"2026-09-18T01:15:07.517Z"}
{"level":"info","event":"action","runId":"21c133fa-9ba4-461a-a789-2614bf848c4b","type":"fetch","rationale":"Inspect an already-known source before another generic query","step":1,"t":"2026-09-18T01:15:07.535Z"}
{"level":"info","event":"action","runId":"21c133fa-9ba4-461a-a789-2614bf848c4b","type":"challenge","rationale":"Disconfirm material conclusion: A primary source that directly contradicts this conclusion.","step":2,"t":"2026-09-18T01:15:07.548Z"}
{"level":"info","event":"action","runId":"21c133fa-9ba4-461a-a789-2614bf848c4b","type":"challenge","rationale":"No counterexample found in accessed primary sources. This is not proof that the conclusion is true.","step":3,"t":"2026-09-18T01:15:07.562Z"}
{"level":"info","event":"action","runId":"21c133fa-9ba4-461a-a789-2614bf848c4b","type":"synthesize","rationale":"decision_critical_gaps_resolved_or_unresolvable; high-impact claims supported or qualified; contradictions handled; remaining actions low expected value","step":4,"t":"2026-09-18T01:15:07.572Z"}
{"level":"info","event":"action","runId":"0652f3c4-3405-4585-9ea0-d0e7c0fe6825","type":"search","rationale":"Investigate an uncovered required question","step":0,"t":"2026-09-18T01:15:08.119Z"}
{"level":"info","event":"action","runId":"0652f3c4-3405-4585-9ea0-d0e7c0fe6825","type":"fetch","rationale":"Inspect an already-known source before another generic query","step":1,"t":"2026-09-18T01:15:08.135Z"}
{"level":"info","event":"action","runId":"0652f3c4-3405-4585-9ea0-d0e7c0fe6825","type":"challenge","rationale":"Disconfirm material conclusion: A primary source that directly contradicts this conclusion.","step":2,"t":"2026-09-18T01:15:08.148Z"}
{"level":"info","event":"action","runId":"0652f3c4-3405-4585-9ea0-d0e7c0fe6825","type":"challenge","rationale":"No counterexample found in accessed primary sources. This is not proof that the conclusion is true.","step":3,"t":"2026-09-18T01:15:08.162Z"}
{"level":"info","event":"action","runId":"0652f3c4-3405-4585-9ea0-d0e7c0fe6825","type":"synthesize","rationale":"decision_critical_gaps_resolved_or_unresolvable; high-impact claims supported or qualified; contradictions handled; remaining actions low expected value","step":4,"t":"2026-09-18T01:15:08.172Z"}
{"level":"info","event":"action","runId":"23299bd9-b140-437c-8587-e9bfe621fdfc","type":"search","rationale":"Investigate an uncovered required question","step":0,"t":"2026-09-18T01:15:08.735Z"}
{"level":"info","event":"action","runId":"23299bd9-b140-437c-8587-e9bfe621fdfc","type":"fetch","rationale":"Inspect an already-known source before another generic query","step":1,"t":"2026-09-18T01:15:08.756Z"}
{"level":"info","event":"action","runId":"23299bd9-b140-437c-8587-e9bfe621fdfc","type":"fetch","rationale":"Inspect an already-known source before another generic query","step":2,"t":"2026-09-18T01:15:08.773Z"}
{"level":"info","event":"action","runId":"23299bd9-b140-437c-8587-e9bfe621fdfc","type":"fetch","rationale":"Inspect an already-known source before another generic query","step":3,"t":"2026-09-18T01:15:08.788Z"}
{"level":"info","event":"action","runId":"23299bd9-b140-437c-8587-e9bfe621fdfc","type":"fetch","rationale":"Inspect an already-known source before another generic query","step":4,"t":"2026-09-18T01:15:08.803Z"}
{"level":"info","event":"action","runId":"23299bd9-b140-437c-8587-e9bfe621fdfc","type":"fetch","rationale":"Inspect an already-known source before another generic query","step":5,"t":"2026-09-18T01:15:08.818Z"}
{"level":"info","event":"action","runId":"23299bd9-b140-437c-8587-e9bfe621fdfc","type":"challenge","rationale":"Disconfirm material conclusion: A primary source that directly contradicts this conclusion.","step":6,"t":"2026-09-18T01:15:08.835Z"}
{"level":"info","event":"action","runId":"23299bd9-b140-437c-8587-e9bfe621fdfc","type":"challenge","rationale":"No counterexample found in accessed primary sources. This is not proof that the conclusion is true.","step":7,"t":"2026-09-18T01:15:08.850Z"}
{"level":"info","event":"action","runId":"23299bd9-b140-437c-8587-e9bfe621fdfc","type":"synthesize","rationale":"decision_critical_gaps_resolved_or_unresolvable; high-impact claims supported or qualified; contradictions handled; remaining actions low expected value","step":8,"t":"2026-09-18T01:15:08.864Z"}
{"level":"info","event":"action","runId":"93e5ab49-5f99-49b4-9a77-17c17495e884","type":"search","rationale":"Investigate an uncovered required question","step":0,"t":"2026-09-18T01:15:09.675Z"}
{"level":"info","event":"action","runId":"93e5ab49-5f99-49b4-9a77-17c17495e884","type":"fetch","rationale":"Inspect an already-known source before another generic query","step":1,"t":"2026-09-18T01:15:09.697Z"}
{"level":"info","event":"action","runId":"93e5ab49-5f99-49b4-9a77-17c17495e884","type":"synthesize","rationale":"budget requires finishing with available evidence","step":2,"t":"2026-09-18T01:15:09.711Z"}
{"level":"info","event":"action","runId":"2118a57d-4a97-46ab-8294-d7a1b8ad694d","type":"search","rationale":"Investigate an uncovered required question","step":0,"t":"2026-09-18T01:15:10.480Z"}
{"level":"info","event":"action","runId":"2118a57d-4a97-46ab-8294-d7a1b8ad694d","type":"fetch","rationale":"Inspect an already-known source before another generic query","step":1,"t":"2026-09-18T01:15:10.503Z"}
{"level":"info","event":"action","runId":"2118a57d-4a97-46ab-8294-d7a1b8ad694d","type":"fetch","rationale":"Inspect an already-known source before another generic query","step":2,"t":"2026-09-18T01:15:10.517Z"}
{"level":"info","event":"action","runId":"2118a57d-4a97-46ab-8294-d7a1b8ad694d","type":"fetch","rationale":"Inspect an already-known source before another generic query","step":3,"t":"2026-09-18T01:15:10.531Z"}
{"level":"info","event":"action","runId":"2118a57d-4a97-46ab-8294-d7a1b8ad694d","type":"fetch","rationale":"Inspect an already-known source before another generic query","step":4,"t":"2026-09-18T01:15:10.544Z"}
{"level":"info","event":"action","runId":"2118a57d-4a97-46ab-8294-d7a1b8ad694d","type":"fetch","rationale":"Inspect an already-known source before another generic query","step":5,"t":"2026-09-18T01:15:10.559Z"}
{"level":"info","event":"action","runId":"2118a57d-4a97-46ab-8294-d7a1b8ad694d","type":"challenge","rationale":"Disconfirm material conclusion: A primary source that directly contradicts this conclusion.","step":6,"t":"2026-09-18T01:15:10.573Z"}
{"level":"info","event":"action","runId":"2118a57d-4a97-46ab-8294-d7a1b8ad694d","type":"challenge","rationale":"No counterexample found in accessed primary sources. This is not proof that the conclusion is true.","step":7,"t":"2026-09-18T01:15:10.588Z"}
{"level":"info","event":"action","runId":"2118a57d-4a97-46ab-8294-d7a1b8ad694d","type":"synthesize","rationale":"decision_critical_gaps_resolved_or_unresolvable; high-impact claims supported or qualified; contradictions handled; remaining actions low expected value","step":8,"t":"2026-09-18T01:15:10.601Z"}
{"level":"info","event":"action","runId":"549e64ad-884c-4151-acab-11c3ba9eb0c5","type":"search","rationale":"Investigate an uncovered required question","step":0,"t":"2026-09-18T01:15:11.971Z"}
{"level":"info","event":"action","runId":"549e64ad-884c-4151-acab-11c3ba9eb0c5","type":"fetch","rationale":"Inspect an already-known source before another generic query","step":1,"t":"2026-09-18T01:15:11.994Z"}
{"level":"info","event":"action","runId":"549e64ad-884c-4151-acab-11c3ba9eb0c5","type":"fetch","rationale":"Inspect an already-known source before another generic query","step":2,"t":"2026-09-18T01:15:12.010Z"}
{"level":"info","event":"action","runId":"549e64ad-884c-4151-acab-11c3ba9eb0c5","type":"fetch","rationale":"Inspect an already-known source before another generic query","step":3,"t":"2026-09-18T01:15:12.023Z"}
{"level":"info","event":"action","runId":"549e64ad-884c-4151-acab-11c3ba9eb0c5","type":"fetch","rationale":"Inspect an already-known source before another generic query","step":4,"t":"2026-09-18T01:15:12.038Z"}
{"level":"info","event":"action","runId":"549e64ad-884c-4151-acab-11c3ba9eb0c5","type":"fetch","rationale":"Inspect an already-known source before another generic query","step":5,"t":"2026-09-18T01:15:12.054Z"}
{"level":"info","event":"action","runId":"549e64ad-884c-4151-acab-11c3ba9eb0c5","type":"challenge","rationale":"Disconfirm material conclusion: A primary source that directly contradicts this conclusion.","step":6,"t":"2026-09-18T01:15:12.069Z"}
{"level":"info","event":"action","runId":"549e64ad-884c-4151-acab-11c3ba9eb0c5","type":"challenge","rationale":"No counterexample found in accessed primary sources. This is not proof that the conclusion is true.","step":7,"t":"2026-09-18T01:15:12.084Z"}
{"level":"info","event":"action","runId":"549e64ad-884c-4151-acab-11c3ba9eb0c5","type":"synthesize","rationale":"decision_critical_gaps_resolved_or_unresolvable; high-impact claims supported or qualified; contradictions handled; remaining actions low expected value","step":8,"t":"2026-09-18T01:15:12.097Z"}
{"level":"info","event":"action","runId":"d54fa0c5-6f56-4325-b99b-2263aa238741","type":"challenge","rationale":"Disconfirm material conclusion: A primary source that directly contradicts this conclusion.","step":0,"t":"2026-09-18T01:15:13.454Z"}
{"level":"info","event":"action","runId":"d54fa0c5-6f56-4325-b99b-2263aa238741","type":"fetch","rationale":"Inspect an already-known source before another generic query","step":1,"t":"2026-09-18T01:15:13.478Z"}
{"level":"info","event":"action","runId":"d54fa0c5-6f56-4325-b99b-2263aa238741","type":"fetch","rationale":"Inspect an already-known source before another generic query","step":2,"t":"2026-09-18T01:15:13.492Z"}
{"level":"info","event":"action","runId":"d54fa0c5-6f56-4325-b99b-2263aa238741","type":"fetch","rationale":"Inspect an already-known source before another generic query","step":3,"t":"2026-09-18T01:15:13.506Z"}
{"level":"info","event":"action","runId":"d54fa0c5-6f56-4325-b99b-2263aa238741","type":"challenge","rationale":"No counterexample found in accessed primary sources. This is not proof that the conclusion is true.","step":4,"t":"2026-09-18T01:15:13.524Z"}
{"level":"info","event":"action","runId":"d54fa0c5-6f56-4325-b99b-2263aa238741","type":"synthesize","rationale":"decision_critical_gaps_resolved_or_unresolvable; high-impact claims supported or qualified; contradictions handled; remaining actions low expected value","step":5,"t":"2026-09-18T01:15:13.536Z"}
{"level":"info","event":"action","runId":"2ef1311b-ef02-4b30-bed8-494448468895","type":"challenge","rationale":"Disconfirm material conclusion: A primary source that directly contradicts this conclusion.","step":0,"t":"2026-09-18T01:15:14.259Z"}
{"level":"info","event":"action","runId":"2ef1311b-ef02-4b30-bed8-494448468895","type":"fetch","rationale":"Inspect an already-known source before another generic query","step":1,"t":"2026-09-18T01:15:14.282Z"}
{"level":"info","event":"action","runId":"2ef1311b-ef02-4b30-bed8-494448468895","type":"fetch","rationale":"Inspect an already-known source before another generic query","step":2,"t":"2026-09-18T01:15:14.296Z"}
{"level":"info","event":"action","runId":"2ef1311b-ef02-4b30-bed8-494448468895","type":"fetch","rationale":"Inspect an already-known source before another generic query","step":3,"t":"2026-09-18T01:15:14.309Z"}
{"level":"info","event":"action","runId":"2ef1311b-ef02-4b30-bed8-494448468895","type":"challenge","rationale":"No counterexample found in accessed primary sources. This is not proof that the conclusion is true.","step":4,"t":"2026-09-18T01:15:14.326Z"}
{"level":"info","event":"action","runId":"2ef1311b-ef02-4b30-bed8-494448468895","type":"synthesize","rationale":"decision_critical_gaps_resolved_or_unresolvable; high-impact claims supported or qualified; contradictions handled; remaining actions low expected value","step":5,"t":"2026-09-18T01:15:14.339Z"}
{"level":"info","event":"action","runId":"a197ba21-8757-487a-ac6c-51d1adc06a8d","type":"search","rationale":"Investigate an uncovered required question","step":0,"t":"2026-09-18T01:15:14.772Z"}
{"level":"info","event":"action","runId":"a197ba21-8757-487a-ac6c-51d1adc06a8d","type":"fetch","rationale":"Inspect an already-known source before another generic query","step":1,"t":"2026-09-18T01:15:14.800Z"}
{"level":"info","event":"action","runId":"a197ba21-8757-487a-ac6c-51d1adc06a8d","type":"fetch","rationale":"Inspect an already-known source before another generic query","step":2,"t":"2026-09-18T01:15:14.816Z"}
{"level":"info","event":"action","runId":"a197ba21-8757-487a-ac6c-51d1adc06a8d","type":"fetch","rationale":"Inspect an already-known source before another generic query","step":3,"t":"2026-09-18T01:15:14.832Z"}
{"level":"info","event":"action","runId":"a197ba21-8757-487a-ac6c-51d1adc06a8d","type":"fetch","rationale":"Inspect an already-known source before another generic query","step":4,"t":"2026-09-18T01:15:14.849Z"}
{"level":"info","event":"action","runId":"a197ba21-8757-487a-ac6c-51d1adc06a8d","type":"fetch","rationale":"Inspect an already-known source before another generic query","step":5,"t":"2026-09-18T01:15:14.865Z"}
{"level":"info","event":"action","runId":"a197ba21-8757-487a-ac6c-51d1adc06a8d","type":"challenge","rationale":"Disconfirm material conclusion: A primary source that directly contradicts this conclusion.","step":6,"t":"2026-09-18T01:15:14.881Z"}
{"level":"info","event":"action","runId":"a197ba21-8757-487a-ac6c-51d1adc06a8d","type":"challenge","rationale":"No counterexample found in accessed primary sources. This is not proof that the conclusion is true.","step":7,"t":"2026-09-18T01:15:14.899Z"}
{"level":"info","event":"action","runId":"a197ba21-8757-487a-ac6c-51d1adc06a8d","type":"synthesize","rationale":"decision_critical_gaps_resolved_or_unresolvable; high-impact claims supported or qualified; contradictions handled; remaining actions low expected value","step":8,"t":"2026-09-18T01:15:14.913Z"}
{"level":"info","event":"action","runId":"b59b2ad4-a2c7-4097-89b2-f379219705ff","type":"search","rationale":"Investigate an uncovered required question","step":0,"t":"2026-09-18T01:15:15.491Z"}
{"level":"info","event":"action","runId":"b59b2ad4-a2c7-4097-89b2-f379219705ff","type":"fetch","rationale":"Inspect an already-known source before another generic query","step":1,"t":"2026-09-18T01:15:15.523Z"}
{"level":"info","event":"action","runId":"b59b2ad4-a2c7-4097-89b2-f379219705ff","type":"fetch","rationale":"Inspect an already-known source before another generic query","step":2,"t":"2026-09-18T01:15:15.541Z"}
{"level":"info","event":"action","runId":"b59b2ad4-a2c7-4097-89b2-f379219705ff","type":"fetch","rationale":"Inspect an already-known source before another generic query","step":3,"t":"2026-09-18T01:15:15.558Z"}
{"level":"info","event":"action","runId":"b59b2ad4-a2c7-4097-89b2-f379219705ff","type":"fetch","rationale":"Inspect an already-known source before another generic query","step":4,"t":"2026-09-18T01:15:15.575Z"}
{"level":"info","event":"action","runId":"b59b2ad4-a2c7-4097-89b2-f379219705ff","type":"fetch","rationale":"Inspect an already-known source before another generic query","step":5,"t":"2026-09-18T01:15:15.591Z"}
{"level":"info","event":"action","runId":"b59b2ad4-a2c7-4097-89b2-f379219705ff","type":"challenge","rationale":"Disconfirm material conclusion: A primary source that directly contradicts this conclusion.","step":6,"t":"2026-09-18T01:15:15.607Z"}
{"level":"info","event":"action","runId":"b59b2ad4-a2c7-4097-89b2-f379219705ff","type":"challenge","rationale":"No counterexample found in accessed primary sources. This is not proof that the conclusion is true.","step":7,"t":"2026-09-18T01:15:15.624Z"}
{"level":"info","event":"action","runId":"b59b2ad4-a2c7-4097-89b2-f379219705ff","type":"synthesize","rationale":"decision_critical_gaps_resolved_or_unresolvable; high-impact claims supported or qualified; contradictions handled; remaining actions low expected value","step":8,"t":"2026-09-18T01:15:15.635Z"}
{"level":"info","event":"action","runId":"40f617a7-76a3-4b11-976e-7af28ec7c4e5","type":"clarify","rationale":"A blocking field is unspecified and would change the answer","step":0,"t":"2026-09-18T01:15:16.946Z"}
{"level":"info","event":"action","runId":"43a46adb-0d52-43e6-8c4d-c2bcb9e65458","type":"clarify","rationale":"A blocking field is unspecified and would change the answer","step":0,"t":"2026-09-18T01:15:17.529Z"}
{"level":"info","event":"action","runId":"43a46adb-0d52-43e6-8c4d-c2bcb9e65458","type":"search","rationale":"Investigate an uncovered required question","step":0,"t":"2026-09-18T01:15:17.563Z"}
{"level":"info","event":"action","runId":"43a46adb-0d52-43e6-8c4d-c2bcb9e65458","type":"fetch","rationale":"Inspect an already-known source before another generic query","step":1,"t":"2026-09-18T01:15:17.583Z"}
{"level":"info","event":"action","runId":"43a46adb-0d52-43e6-8c4d-c2bcb9e65458","type":"challenge","rationale":"Disconfirm material conclusion: A primary source that directly contradicts this conclusion.","step":2,"t":"2026-09-18T01:15:17.598Z"}
{"level":"info","event":"action","runId":"43a46adb-0d52-43e6-8c4d-c2bcb9e65458","type":"challenge","rationale":"Disconfirm material conclusion: A primary source that directly contradicts this conclusion.","step":3,"t":"2026-09-18T01:15:17.614Z"}
{"level":"info","event":"action","runId":"43a46adb-0d52-43e6-8c4d-c2bcb9e65458","type":"challenge","rationale":"Disconfirm material conclusion: A primary source that directly contradicts this conclusion.","step":4,"t":"2026-09-18T01:15:17.631Z"}
{"level":"info","event":"action","runId":"43a46adb-0d52-43e6-8c4d-c2bcb9e65458","type":"challenge","rationale":"Disconfirm material conclusion: A primary source that directly contradicts this conclusion.","step":5,"t":"2026-09-18T01:15:17.650Z"}
{"level":"info","event":"action","runId":"43a46adb-0d52-43e6-8c4d-c2bcb9e65458","type":"challenge","rationale":"Disconfirm material conclusion: A primary source that directly contradicts this conclusion.","step":6,"t":"2026-09-18T01:15:17.666Z"}
{"level":"info","event":"action","runId":"43a46adb-0d52-43e6-8c4d-c2bcb9e65458","type":"challenge","rationale":"Disconfirm material conclusion: A primary source that directly contradicts this conclusion.","step":7,"t":"2026-09-18T01:15:17.682Z"}
{"level":"info","event":"action","runId":"43a46adb-0d52-43e6-8c4d-c2bcb9e65458","type":"challenge","rationale":"Disconfirm material conclusion: A primary source that directly contradicts this conclusion.","step":8,"t":"2026-09-18T01:15:17.699Z"}
{"level":"info","event":"action","runId":"43a46adb-0d52-43e6-8c4d-c2bcb9e65458","type":"challenge","rationale":"No counterexample found in accessed primary sources. This is not proof that the conclusion is true.","step":9,"t":"2026-09-18T01:15:17.716Z"}
{"level":"info","event":"action","runId":"43a46adb-0d52-43e6-8c4d-c2bcb9e65458","type":"stop","rationale":"Repeated searches returned no novel source family or coverage progress","step":10,"t":"2026-09-18T01:15:17.729Z"}
{"level":"info","event":"action","runId":"f2e46246-b077-4453-bb0b-284ab29378e5","type":"clarify","rationale":"A blocking field is unspecified and would change the answer","step":0,"t":"2026-09-18T01:15:18.568Z"}
{"level":"info","event":"action","runId":"f2e46246-b077-4453-bb0b-284ab29378e5","type":"search","rationale":"Investigate an uncovered required question","step":0,"t":"2026-09-18T01:15:18.601Z"}
{"level":"info","event":"action","runId":"f2e46246-b077-4453-bb0b-284ab29378e5","type":"fetch","rationale":"Inspect an already-known source before another generic query","step":1,"t":"2026-09-18T01:15:18.618Z"}
{"level":"info","event":"action","runId":"f2e46246-b077-4453-bb0b-284ab29378e5","type":"challenge","rationale":"Disconfirm material conclusion: A primary source that directly contradicts this conclusion.","step":2,"t":"2026-09-18T01:15:18.633Z"}
{"level":"info","event":"action","runId":"f2e46246-b077-4453-bb0b-284ab29378e5","type":"challenge","rationale":"Disconfirm material conclusion: A primary source that directly contradicts this conclusion.","step":3,"t":"2026-09-18T01:15:18.649Z"}
{"level":"info","event":"action","runId":"f2e46246-b077-4453-bb0b-284ab29378e5","type":"challenge","rationale":"Disconfirm material conclusion: A primary source that directly contradicts this conclusion.","step":4,"t":"2026-09-18T01:15:18.663Z"}
{"level":"info","event":"action","runId":"f2e46246-b077-4453-bb0b-284ab29378e5","type":"challenge","rationale":"Disconfirm material conclusion: A primary source that directly contradicts this conclusion.","step":5,"t":"2026-09-18T01:15:18.678Z"}
{"level":"info","event":"action","runId":"f2e46246-b077-4453-bb0b-284ab29378e5","type":"challenge","rationale":"Disconfirm material conclusion: A primary source that directly contradicts this conclusion.","step":6,"t":"2026-09-18T01:15:18.694Z"}
{"level":"info","event":"action","runId":"f2e46246-b077-4453-bb0b-284ab29378e5","type":"challenge","rationale":"Disconfirm material conclusion: A primary source that directly contradicts this conclusion.","step":7,"t":"2026-09-18T01:15:18.712Z"}
{"level":"info","event":"action","runId":"f2e46246-b077-4453-bb0b-284ab29378e5","type":"challenge","rationale":"Disconfirm material conclusion: A primary source that directly contradicts this conclusion.","step":8,"t":"2026-09-18T01:15:18.728Z"}
{"level":"info","event":"action","runId":"f2e46246-b077-4453-bb0b-284ab29378e5","type":"challenge","rationale":"No counterexample found in accessed primary sources. This is not proof that the conclusion is true.","step":9,"t":"2026-09-18T01:15:18.746Z"}
{"level":"info","event":"action","runId":"f2e46246-b077-4453-bb0b-284ab29378e5","type":"stop","rationale":"Repeated searches returned no novel source family or coverage progress","step":10,"t":"2026-09-18T01:15:18.761Z"}
{"level":"info","event":"action","runId":"90385198-0fa9-4362-817d-72d8413fce6c","type":"clarify","rationale":"A blocking field is unspecified and would change the answer","step":0,"t":"2026-09-18T01:15:19.638Z"}
{"level":"info","event":"action","runId":"90385198-0fa9-4362-817d-72d8413fce6c","type":"search","rationale":"Investigate an uncovered required question","step":0,"t":"2026-09-18T01:15:19.666Z"}
{"level":"info","event":"action","runId":"90385198-0fa9-4362-817d-72d8413fce6c","type":"fetch","rationale":"Inspect an already-known source before another generic query","step":1,"t":"2026-09-18T01:15:19.684Z"}
{"level":"info","event":"action","runId":"90385198-0fa9-4362-817d-72d8413fce6c","type":"challenge","rationale":"Disconfirm material conclusion: A primary source that directly contradicts this conclusion.","step":2,"t":"2026-09-18T01:15:19.698Z"}
{"level":"info","event":"action","runId":"90385198-0fa9-4362-817d-72d8413fce6c","type":"challenge","rationale":"Disconfirm material conclusion: A primary source that directly contradicts this conclusion.","step":3,"t":"2026-09-18T01:15:19.712Z"}
{"level":"info","event":"action","runId":"90385198-0fa9-4362-817d-72d8413fce6c","type":"challenge","rationale":"Disconfirm material conclusion: A primary source that directly contradicts this conclusion.","step":4,"t":"2026-09-18T01:15:19.727Z"}
{"level":"info","event":"action","runId":"90385198-0fa9-4362-817d-72d8413fce6c","type":"challenge","rationale":"Disconfirm material conclusion: A primary source that directly contradicts this conclusion.","step":5,"t":"2026-09-18T01:15:19.742Z"}
{"level":"info","event":"action","runId":"90385198-0fa9-4362-817d-72d8413fce6c","type":"challenge","rationale":"Disconfirm material conclusion: A primary source that directly contradicts this conclusion.","step":6,"t":"2026-09-18T01:15:19.758Z"}
{"level":"info","event":"action","runId":"90385198-0fa9-4362-817d-72d8413fce6c","type":"challenge","rationale":"Disconfirm material conclusion: A primary source that directly contradicts this conclusion.","step":7,"t":"2026-09-18T01:15:19.772Z"}
{"level":"info","event":"action","runId":"90385198-0fa9-4362-817d-72d8413fce6c","type":"challenge","rationale":"Disconfirm material conclusion: A primary source that directly contradicts this conclusion.","step":8,"t":"2026-09-18T01:15:19.787Z"}
{"level":"info","event":"action","runId":"90385198-0fa9-4362-817d-72d8413fce6c","type":"challenge","rationale":"No counterexample found in accessed primary sources. This is not proof that the conclusion is true.","step":9,"t":"2026-09-18T01:15:19.802Z"}
{"level":"info","event":"action","runId":"90385198-0fa9-4362-817d-72d8413fce6c","type":"stop","rationale":"Repeated searches returned no novel source family or coverage progress","step":10,"t":"2026-09-18T01:15:19.815Z"}
 ✓ test/p3-remaining.integration.test.ts (51 tests) 41436ms
   ✓ remaining launch-scope IDs > M04 fixture comparison publishes a wide table, code listing, unicode-safe text, and many citations  1121ms
   ✓ remaining launch-scope IDs > R06 preserves event date vs publication date  770ms
   ✓ remaining launch-scope IDs > R10 declines an unrelated celebrity branch from page content  1005ms
   ✓ remaining launch-scope IDs > R12 explains different percentage denominators instead of averaging  1132ms
   ✓ remaining launch-scope IDs > R15 states unknown without a fake probability  712ms
   ✓ remaining launch-scope IDs > R16 comparison names the requested entities and constraints  832ms
   ✓ remaining launch-scope IDs > E05 new source version does not rewrite the original report citation  736ms
   ✓ remaining launch-scope IDs > V2-13 private canary is stored as evidence, omitted from public queries, and denied to another account  718ms
   ✓ remaining launch-scope IDs > JOB-1 eligibility-aware comparison under platform and export constraints  826ms
   ✓ remaining launch-scope IDs > JOB-1 adding Linux as a hard requirement excludes NoteKeep and keeps NoteAll  1547ms
   ✓ remaining launch-scope IDs > JOB-1 removing Linux as a requirement makes NoteKeep eligible again  1441ms
   ✓ remaining launch-scope IDs > JOB-2 attached document text is stored as supplied evidence and not used as a public query  741ms
   ✓ remaining launch-scope IDs > E06 actual PDF with no readable evidence is disclosed as unread pages  840ms
   ✓ remaining launch-scope IDs > E08 quoted report text is taken from the stored passage  1043ms
   ✓ remaining launch-scope IDs > E09 export citation anchors resolve to owned passages  927ms
   ✓ remaining launch-scope IDs > J02 a second processRun after completion does not duplicate the report or settlement  741ms
   ✓ remaining launch-scope IDs > J04 timeout after issue is outcome-unknown, not assumed free  315ms
   ✓ remaining launch-scope IDs > J06 cancel after completion keeps the published report  1153ms
   ✓ remaining launch-scope IDs > J08 event cursor returns only later sequences  981ms
   ✓ remaining launch-scope IDs > J13 live spend kill switch blocks new paid routes but keeps saved reports  962ms
   ✓ remaining launch-scope IDs > S03 oversized attachments are rejected  522ms
   ✓ remaining launch-scope IDs > S07 cross-account reports are denied  924ms
   ✓ remaining launch-scope IDs > S10 redacts tokens and question fields from logs  352ms
   ✓ remaining launch-scope IDs > V2-10 a later unavailable fetch does not retract last-access evidence  664ms
   ✓ remaining launch-scope IDs > V2-11 concise view uses the same answer citations as the body  688ms
   ✓ remaining launch-scope IDs > V2-19 scanned tables stay unread rather than guessed  640ms
   ✓ remaining launch-scope IDs > R17 concise request still keeps limitations  745ms
   ✓ remaining launch-scope IDs > R18 compacted checkpoint still lists stored passage ids  966ms
   ✓ remaining launch-scope IDs > R19 follow-up verifies one claim and keeps the parent report  1420ms
   ✓ remaining launch-scope IDs > R20 dates a retrieved price and keeps a founding year as history  905ms
   ✓ remaining launch-scope IDs > R21 labels a German original as a translation  846ms
   ✓ remaining launch-scope IDs > E03 preserves the adults-over-65 qualifier  595ms
   ✓ remaining launch-scope IDs > E04 report uses the table's 24% rather than 42%  613ms
   ✓ remaining launch-scope IDs > E10 withdraws the conclusion when the asserted 42% is unsupported by the 24% table  603ms
   ✓ remaining launch-scope IDs > J07 expired lease is reclaimed; a live lease is not stolen  673ms
   ✓ remaining launch-scope IDs > J10 a tight budget still publishes a written report  878ms
   ✓ remaining launch-scope IDs > J11 reports that app counters are not provider-internal guarantees  894ms
   ✓ remaining launch-scope IDs > J12 confirmed usage does not rewrite the historical estimate  583ms
   ✓ remaining launch-scope IDs > J14 duplicate completion epochs share one outbox row and omit query text  924ms
   ✓ remaining launch-scope IDs > S08 unsigned purchase payloads cannot grant entitlement  518ms
   ✓ remaining launch-scope IDs > V2-09 deleted attachment text is not left in reports  970ms
   ✓ remaining launch-scope IDs > V2-09 late worker cannot republish deleted private text even if it claims deleted=false  574ms
   ✓ remaining launch-scope IDs > expired session cannot read library or reports  734ms
   ✓ remaining launch-scope IDs > library lists report_id for a completed run so share can resolve  743ms
   ✓ remaining launch-scope IDs > V2-14 outcome-unknown live spend is not treated as zero against the cap  301ms
   ✓ remaining launch-scope IDs > M09 web deletion page is reachable without the app and deletes with a session token  367ms
   ✓ remaining launch-scope IDs > R02 continue without geography is rejected and does not invent Germany  395ms
   ✓ remaining launch-scope IDs > clarification continue records geography and resumes  1037ms
   ✓ remaining launch-scope IDs > R02 continue with France records France and does not invent Germany  1029ms
   ✓ remaining launch-scope IDs > R02 after France continue discovery uses France evidence not the Germany default note  1052ms
{"level":"info","event":"action","runId":"fc6b62a5-471a-475d-af57-42ccb471178a","type":"clarify","rationale":"A blocking field is unspecified and would change the answer","step":0,"t":"2026-09-18T01:15:21.689Z"}
{"level":"info","event":"action","runId":"84355bea-fac7-4505-9638-5a992815af2b","type":"search","rationale":"Investigate an uncovered required question","step":0,"t":"2026-09-18T01:15:22.286Z"}
{"level":"info","event":"action","runId":"84355bea-fac7-4505-9638-5a992815af2b","type":"fetch","rationale":"Inspect an already-known source before another generic query","step":1,"t":"2026-09-18T01:15:22.331Z"}
{"level":"info","event":"action","runId":"84355bea-fac7-4505-9638-5a992815af2b","type":"fetch","rationale":"Inspect an already-known source before another generic query","step":2,"t":"2026-09-18T01:15:22.355Z"}
{"level":"info","event":"action","runId":"84355bea-fac7-4505-9638-5a992815af2b","type":"fetch","rationale":"Inspect an already-known source before another generic query","step":3,"t":"2026-09-18T01:15:22.374Z"}
{"level":"info","event":"action","runId":"84355bea-fac7-4505-9638-5a992815af2b","type":"challenge","rationale":"Disconfirm material conclusion: A primary source that directly contradicts this conclusion.","step":4,"t":"2026-09-18T01:15:22.401Z"}
{"level":"info","event":"action","runId":"84355bea-fac7-4505-9638-5a992815af2b","type":"challenge","rationale":"No counterexample found in accessed primary sources. This is not proof that the conclusion is true.","step":5,"t":"2026-09-18T01:15:22.422Z"}
{"level":"info","event":"action","runId":"84355bea-fac7-4505-9638-5a992815af2b","type":"synthesize","rationale":"decision_critical_gaps_resolved_or_unresolvable; high-impact claims supported or qualified; contradictions handled; remaining actions low expected value","step":6,"t":"2026-09-18T01:15:22.437Z"}
{"level":"info","event":"action","runId":"02f03689-f9ad-453c-a10a-2f93e2f34c8e","type":"search","rationale":"Investigate an uncovered required question","step":0,"t":"2026-09-18T01:15:23.078Z"}
{"level":"info","event":"action","runId":"02f03689-f9ad-453c-a10a-2f93e2f34c8e","type":"fetch","rationale":"Inspect an already-known source before another generic query","step":1,"t":"2026-09-18T01:15:23.097Z"}
{"level":"info","event":"action","runId":"02f03689-f9ad-453c-a10a-2f93e2f34c8e","type":"challenge","rationale":"Disconfirm material conclusion: A primary source that directly contradicts this conclusion.","step":2,"t":"2026-09-18T01:15:23.114Z"}
{"level":"info","event":"action","runId":"02f03689-f9ad-453c-a10a-2f93e2f34c8e","type":"challenge","rationale":"No counterexample found in accessed primary sources. This is not proof that the conclusion is true.","step":3,"t":"2026-09-18T01:15:23.133Z"}
{"level":"info","event":"action","runId":"02f03689-f9ad-453c-a10a-2f93e2f34c8e","type":"synthesize","rationale":"inaccessible_or_unresolved_gap:primary source is inaccessible","step":4,"t":"2026-09-18T01:15:23.147Z"}
{"level":"info","event":"action","runId":"1269ad4a-c863-4173-9690-47c58da46870","type":"search","rationale":"Investigate an uncovered required question","step":0,"t":"2026-09-18T01:15:23.772Z"}
{"level":"info","event":"action","runId":"1269ad4a-c863-4173-9690-47c58da46870","type":"fetch","rationale":"Inspect the preferred source type (vendor-docs) before more weak sources","step":1,"t":"2026-09-18T01:15:23.800Z"}
{"level":"info","event":"action","runId":"1269ad4a-c863-4173-9690-47c58da46870","type":"fetch","rationale":"Inspect the preferred source type (vendor-docs) before more weak sources","step":2,"t":"2026-09-18T01:15:23.821Z"}
{"level":"info","event":"action","runId":"1269ad4a-c863-4173-9690-47c58da46870","type":"verify","rationale":"Scope-check contradiction on value before treating newest as correct","step":3,"t":"2026-09-18T01:15:23.844Z"}
{"level":"info","event":"action","runId":"1269ad4a-c863-4173-9690-47c58da46870","type":"challenge","rationale":"Disconfirm material conclusion: A primary source that directly contradicts this conclusion.","step":4,"t":"2026-09-18T01:15:23.859Z"}
{"level":"info","event":"action","runId":"1269ad4a-c863-4173-9690-47c58da46870","type":"challenge","rationale":"No counterexample found in accessed primary sources. This is not proof that the conclusion is true.","step":5,"t":"2026-09-18T01:15:23.878Z"}
{"level":"info","event":"action","runId":"1269ad4a-c863-4173-9690-47c58da46870","type":"synthesize","rationale":"decision_critical_gaps_resolved_or_unresolvable; high-impact claims supported or qualified; contradictions handled; remaining actions low expected value","step":6,"t":"2026-09-18T01:15:23.893Z"}
{"level":"info","event":"action","runId":"7d343fed-cb34-4aa4-bef3-865e295c5266","type":"search","rationale":"Investigate an uncovered required question","step":0,"t":"2026-09-18T01:15:24.849Z"}
{"level":"info","event":"action","runId":"7d343fed-cb34-4aa4-bef3-865e295c5266","type":"fetch","rationale":"Inspect an already-known source before another generic query","step":1,"t":"2026-09-18T01:15:24.886Z"}
{"level":"info","event":"action","runId":"7d343fed-cb34-4aa4-bef3-865e295c5266","type":"synthesize","rationale":"budget requires finishing with available evidence","step":2,"t":"2026-09-18T01:15:24.904Z"}
{"level":"info","event":"action","runId":"ed02fba3-7464-4568-b033-f871d06f8832","type":"search","rationale":"Investigate an uncovered required question","step":0,"t":"2026-09-18T01:15:25.761Z"}
{"level":"info","event":"action","runId":"ed02fba3-7464-4568-b033-f871d06f8832","type":"fetch","rationale":"Inspect an already-known source before another generic query","step":1,"t":"2026-09-18T01:15:25.790Z"}
{"level":"info","event":"action","runId":"ed02fba3-7464-4568-b033-f871d06f8832","type":"fetch","rationale":"Inspect an already-known source before another generic query","step":2,"t":"2026-09-18T01:15:25.808Z"}
{"level":"info","event":"action","runId":"ed02fba3-7464-4568-b033-f871d06f8832","type":"fetch","rationale":"Inspect an already-known source before another generic query","step":3,"t":"2026-09-18T01:15:25.829Z"}
{"level":"info","event":"action","runId":"ed02fba3-7464-4568-b033-f871d06f8832","type":"challenge","rationale":"Disconfirm material conclusion: A primary source that directly contradicts this conclusion.","step":4,"t":"2026-09-18T01:15:25.852Z"}
{"level":"info","event":"action","runId":"ed02fba3-7464-4568-b033-f871d06f8832","type":"challenge","rationale":"No counterexample found in accessed primary sources. This is not proof that the conclusion is true.","step":5,"t":"2026-09-18T01:15:25.870Z"}
{"level":"info","event":"action","runId":"ed02fba3-7464-4568-b033-f871d06f8832","type":"synthesize","rationale":"decision_critical_gaps_resolved_or_unresolvable; high-impact claims supported or qualified; contradictions handled; remaining actions low expected value","step":6,"t":"2026-09-18T01:15:25.886Z"}
{"level":"info","event":"action","runId":"5d57aedb-1442-4f81-b82d-374b704164a6","type":"search","rationale":"Investigate an uncovered required question","step":0,"t":"2026-09-18T01:15:26.760Z"}
{"level":"info","event":"action","runId":"5d57aedb-1442-4f81-b82d-374b704164a6","type":"search","rationale":"Decision-blocking gap: authoritative compatibility limitation. Switching source type to vendor-matrix.","step":1,"t":"2026-09-18T01:15:26.781Z"}
{"level":"info","event":"action","runId":"5d57aedb-1442-4f81-b82d-374b704164a6","type":"fetch","rationale":"Inspect the preferred source type (vendor-matrix) before more weak sources","step":2,"t":"2026-09-18T01:15:26.798Z"}
{"level":"info","event":"action","runId":"5d57aedb-1442-4f81-b82d-374b704164a6","type":"fetch","rationale":"Inspect an already-known source before another generic query","step":3,"t":"2026-09-18T01:15:26.816Z"}
{"level":"info","event":"action","runId":"5d57aedb-1442-4f81-b82d-374b704164a6","type":"fetch","rationale":"Inspect an already-known source before another generic query","step":4,"t":"2026-09-18T01:15:26.832Z"}
{"level":"info","event":"action","runId":"5d57aedb-1442-4f81-b82d-374b704164a6","type":"fetch","rationale":"Inspect an already-known source before another generic query","step":5,"t":"2026-09-18T01:15:26.849Z"}
{"level":"info","event":"action","runId":"5d57aedb-1442-4f81-b82d-374b704164a6","type":"verify","rationale":"Scope-check contradiction on compatibility before treating newest as correct","step":6,"t":"2026-09-18T01:15:26.864Z"}
{"level":"info","event":"action","runId":"5d57aedb-1442-4f81-b82d-374b704164a6","type":"challenge","rationale":"Disconfirm material conclusion: Official compatibility documentation that lists the named version as supported.","step":7,"t":"2026-09-18T01:15:26.878Z"}
{"level":"info","event":"action","runId":"5d57aedb-1442-4f81-b82d-374b704164a6","type":"challenge","rationale":"No counterexample found in accessed primary sources. This is not proof that the conclusion is true.","step":8,"t":"2026-09-18T01:15:26.893Z"}
{"level":"info","event":"action","runId":"5d57aedb-1442-4f81-b82d-374b704164a6","type":"synthesize","rationale":"decision_critical_gaps_resolved_or_unresolvable; high-impact claims supported or qualified; contradictions handled; remaining actions low expected value","step":9,"t":"2026-09-18T01:15:26.907Z"}
{"level":"info","event":"action","runId":"211a2843-690c-4434-b1e8-6c1d46507185","type":"search","rationale":"Investigate an uncovered required question","step":0,"t":"2026-09-18T01:15:27.737Z"}
{"level":"info","event":"action","runId":"211a2843-690c-4434-b1e8-6c1d46507185","type":"search","rationale":"Decision-blocking gap: authoritative compatibility limitation. Switching source type to vendor-matrix.","step":1,"t":"2026-09-18T01:15:27.772Z"}
{"level":"info","event":"action","runId":"211a2843-690c-4434-b1e8-6c1d46507185","type":"fetch","rationale":"Inspect the preferred source type (vendor-matrix) before more weak sources","step":2,"t":"2026-09-18T01:15:27.791Z"}
{"level":"info","event":"action","runId":"211a2843-690c-4434-b1e8-6c1d46507185","type":"fetch","rationale":"Inspect an already-known source before another generic query","step":3,"t":"2026-09-18T01:15:27.808Z"}
{"level":"info","event":"action","runId":"211a2843-690c-4434-b1e8-6c1d46507185","type":"fetch","rationale":"Inspect an already-known source before another generic query","step":4,"t":"2026-09-18T01:15:27.824Z"}
{"level":"info","event":"action","runId":"211a2843-690c-4434-b1e8-6c1d46507185","type":"fetch","rationale":"Inspect an already-known source before another generic query","step":5,"t":"2026-09-18T01:15:27.844Z"}
{"level":"info","event":"action","runId":"211a2843-690c-4434-b1e8-6c1d46507185","type":"verify","rationale":"Scope-check contradiction on compatibility before treating newest as correct","step":6,"t":"2026-09-18T01:15:27.860Z"}
{"level":"info","event":"action","runId":"211a2843-690c-4434-b1e8-6c1d46507185","type":"challenge","rationale":"Disconfirm material conclusion: Official compatibility documentation that lists the named version as supported.","step":7,"t":"2026-09-18T01:15:27.873Z"}
{"level":"info","event":"action","runId":"211a2843-690c-4434-b1e8-6c1d46507185","type":"challenge","rationale":"No counterexample found in accessed primary sources. This is not proof that the conclusion is true.","step":8,"t":"2026-09-18T01:15:27.890Z"}
{"level":"info","event":"action","runId":"211a2843-690c-4434-b1e8-6c1d46507185","type":"synthesize","rationale":"decision_critical_gaps_resolved_or_unresolvable; high-impact claims supported or qualified; contradictions handled; remaining actions low expected value","step":9,"t":"2026-09-18T01:15:27.904Z"}
{"level":"info","event":"action","runId":"b93ba48d-f675-412e-b4ad-8d2d5d9e1f14","type":"search","rationale":"Investigate an uncovered required question","step":0,"t":"2026-09-18T01:15:28.795Z"}
{"level":"info","event":"action","runId":"b93ba48d-f675-412e-b4ad-8d2d5d9e1f14","type":"fetch","rationale":"Inspect an already-known source before another generic query","step":1,"t":"2026-09-18T01:15:28.820Z"}
{"level":"info","event":"action","runId":"b93ba48d-f675-412e-b4ad-8d2d5d9e1f14","type":"fetch","rationale":"Inspect an already-known source before another generic query","step":2,"t":"2026-09-18T01:15:28.835Z"}
{"level":"info","event":"action","runId":"b93ba48d-f675-412e-b4ad-8d2d5d9e1f14","type":"fetch","rationale":"Inspect an already-known source before another generic query","step":3,"t":"2026-09-18T01:15:28.852Z"}
{"level":"info","event":"action","runId":"b93ba48d-f675-412e-b4ad-8d2d5d9e1f14","type":"challenge","rationale":"Disconfirm material conclusion: A primary source that directly contradicts this conclusion.","step":4,"t":"2026-09-18T01:15:28.871Z"}
{"level":"info","event":"action","runId":"b93ba48d-f675-412e-b4ad-8d2d5d9e1f14","type":"challenge","rationale":"No counterexample found in accessed primary sources. This is not proof that the conclusion is true.","step":5,"t":"2026-09-18T01:15:28.888Z"}
{"level":"info","event":"action","runId":"b93ba48d-f675-412e-b4ad-8d2d5d9e1f14","type":"synthesize","rationale":"decision_critical_gaps_resolved_or_unresolvable; high-impact claims supported or qualified; contradictions handled; remaining actions low expected value","step":6,"t":"2026-09-18T01:15:28.900Z"}
{"level":"info","event":"action","runId":"1b4d7295-b1ca-4057-9bef-331efb565f03","type":"search","rationale":"Investigate an uncovered required question","step":0,"t":"2026-09-18T01:15:29.212Z"}
{"level":"info","event":"action","runId":"1b4d7295-b1ca-4057-9bef-331efb565f03","type":"fetch","rationale":"Inspect an already-known source before another generic query","step":1,"t":"2026-09-18T01:15:29.229Z"}
{"level":"info","event":"action","runId":"1b4d7295-b1ca-4057-9bef-331efb565f03","type":"fetch","rationale":"Inspect an already-known source before another generic query","step":2,"t":"2026-09-18T01:15:29.245Z"}
{"level":"info","event":"action","runId":"1b4d7295-b1ca-4057-9bef-331efb565f03","type":"fetch","rationale":"Inspect an already-known source before another generic query","step":3,"t":"2026-09-18T01:15:29.262Z"}
{"level":"info","event":"action","runId":"1b4d7295-b1ca-4057-9bef-331efb565f03","type":"challenge","rationale":"Disconfirm material conclusion: A hard-constraint violation for a candidate currently marked eligible.","step":4,"t":"2026-09-18T01:15:29.278Z"}
{"level":"info","event":"action","runId":"1b4d7295-b1ca-4057-9bef-331efb565f03","type":"challenge","rationale":"No counterexample found in accessed primary sources. This is not proof that the conclusion is true.","step":5,"t":"2026-09-18T01:15:29.295Z"}
{"level":"info","event":"action","runId":"1b4d7295-b1ca-4057-9bef-331efb565f03","type":"synthesize","rationale":"decision_critical_gaps_resolved_or_unresolvable; high-impact claims supported or qualified; contradictions handled; remaining actions low expected value","step":6,"t":"2026-09-18T01:15:29.307Z"}
{"level":"info","event":"action","runId":"2db49a63-f607-4369-8966-02a8746c9d56","type":"search","rationale":"Investigate an uncovered required question","step":0,"t":"2026-09-18T01:15:30.182Z"}
{"level":"info","event":"action","runId":"2db49a63-f607-4369-8966-02a8746c9d56","type":"fetch","rationale":"Inspect an already-known source before another generic query","step":1,"t":"2026-09-18T01:15:30.200Z"}
{"level":"info","event":"action","runId":"2db49a63-f607-4369-8966-02a8746c9d56","type":"challenge","rationale":"Disconfirm material conclusion: A primary source that directly contradicts this conclusion.","step":2,"t":"2026-09-18T01:15:30.217Z"}
{"level":"info","event":"action","runId":"2db49a63-f607-4369-8966-02a8746c9d56","type":"challenge","rationale":"No counterexample found in accessed primary sources. This is not proof that the conclusion is true.","step":3,"t":"2026-09-18T01:15:30.234Z"}
{"level":"info","event":"action","runId":"2db49a63-f607-4369-8966-02a8746c9d56","type":"synthesize","rationale":"decision_critical_gaps_resolved_or_unresolvable; high-impact claims supported or qualified; contradictions handled; remaining actions low expected value","step":4,"t":"2026-09-18T01:15:30.249Z"}
{"level":"info","event":"action","runId":"f4e1a9dd-dc31-467b-80ff-2cee330e9a10","type":"search","rationale":"Investigate an uncovered required question","step":0,"t":"2026-09-18T01:15:30.556Z"}
{"level":"info","event":"action","runId":"f4e1a9dd-dc31-467b-80ff-2cee330e9a10","type":"fetch","rationale":"Inspect an already-known source before another generic query","step":1,"t":"2026-09-18T01:15:30.572Z"}
{"level":"info","event":"action","runId":"f4e1a9dd-dc31-467b-80ff-2cee330e9a10","type":"challenge","rationale":"Disconfirm material conclusion: A primary source that directly contradicts this conclusion.","step":2,"t":"2026-09-18T01:15:30.589Z"}
{"level":"info","event":"action","runId":"f4e1a9dd-dc31-467b-80ff-2cee330e9a10","type":"challenge","rationale":"No counterexample found in accessed primary sources. This is not proof that the conclusion is true.","step":3,"t":"2026-09-18T01:15:30.607Z"}
{"level":"info","event":"action","runId":"f4e1a9dd-dc31-467b-80ff-2cee330e9a10","type":"synthesize","rationale":"decision_critical_gaps_resolved_or_unresolvable; high-impact claims supported or qualified; contradictions handled; remaining actions low expected value","step":4,"t":"2026-09-18T01:15:30.621Z"}
{"level":"info","event":"action","runId":"66ac4c90-1b1b-40b3-8c37-ef6a77de2f8f","type":"search","rationale":"Investigate an uncovered required question","step":0,"t":"2026-09-18T01:15:31.234Z"}
{"level":"info","event":"action","runId":"66ac4c90-1b1b-40b3-8c37-ef6a77de2f8f","type":"fetch","rationale":"Inspect an already-known source before another generic query","step":1,"t":"2026-09-18T01:15:31.257Z"}
{"level":"info","event":"action","runId":"66ac4c90-1b1b-40b3-8c37-ef6a77de2f8f","type":"fetch","rationale":"Inspect an already-known source before another generic query","step":2,"t":"2026-09-18T01:15:31.270Z"}
{"level":"info","event":"action","runId":"66ac4c90-1b1b-40b3-8c37-ef6a77de2f8f","type":"fetch","rationale":"Inspect an already-known source before another generic query","step":3,"t":"2026-09-18T01:15:31.285Z"}
{"level":"info","event":"action","runId":"66ac4c90-1b1b-40b3-8c37-ef6a77de2f8f","type":"challenge","rationale":"Disconfirm material conclusion: A primary source that directly contradicts this conclusion.","step":4,"t":"2026-09-18T01:15:31.304Z"}
{"level":"info","event":"action","runId":"66ac4c90-1b1b-40b3-8c37-ef6a77de2f8f","type":"challenge","rationale":"No counterexample found in accessed primary sources. This is not proof that the conclusion is true.","step":5,"t":"2026-09-18T01:15:31.319Z"}
{"level":"info","event":"action","runId":"66ac4c90-1b1b-40b3-8c37-ef6a77de2f8f","type":"synthesize","rationale":"decision_critical_gaps_resolved_or_unresolvable; high-impact claims supported or qualified; contradictions handled; remaining actions low expected value","step":6,"t":"2026-09-18T01:15:31.331Z"}
{"level":"info","event":"action","runId":"ace52412-5312-4102-87dc-797cc26ef1cf","type":"search","rationale":"Investigate an uncovered required question","step":0,"t":"2026-09-18T01:15:31.613Z"}
{"level":"info","event":"action","runId":"ace52412-5312-4102-87dc-797cc26ef1cf","type":"fetch","rationale":"Inspect an already-known source before another generic query","step":1,"t":"2026-09-18T01:15:31.635Z"}
{"level":"info","event":"action","runId":"ace52412-5312-4102-87dc-797cc26ef1cf","type":"fetch","rationale":"Inspect an already-known source before another generic query","step":2,"t":"2026-09-18T01:15:31.650Z"}
{"level":"info","event":"action","runId":"ace52412-5312-4102-87dc-797cc26ef1cf","type":"fetch","rationale":"Inspect an already-known source before another generic query","step":3,"t":"2026-09-18T01:15:31.667Z"}
{"level":"info","event":"action","runId":"ace52412-5312-4102-87dc-797cc26ef1cf","type":"challenge","rationale":"Disconfirm material conclusion: A primary source that directly contradicts this conclusion.","step":4,"t":"2026-09-18T01:15:31.689Z"}
{"level":"info","event":"action","runId":"ace52412-5312-4102-87dc-797cc26ef1cf","type":"challenge","rationale":"Disconfirm material conclusion: A primary source that directly contradicts this conclusion.","step":5,"t":"2026-09-18T01:15:31.705Z"}
{"level":"info","event":"action","runId":"ace52412-5312-4102-87dc-797cc26ef1cf","type":"challenge","rationale":"Disconfirm material conclusion: A primary source that directly contradicts this conclusion.","step":6,"t":"2026-09-18T01:15:31.725Z"}
{"level":"info","event":"action","runId":"ace52412-5312-4102-87dc-797cc26ef1cf","type":"challenge","rationale":"Disconfirm material conclusion: A primary source that directly contradicts this conclusion.","step":7,"t":"2026-09-18T01:15:31.740Z"}
{"level":"info","event":"action","runId":"ace52412-5312-4102-87dc-797cc26ef1cf","type":"challenge","rationale":"Disconfirm material conclusion: A primary source that directly contradicts this conclusion.","step":8,"t":"2026-09-18T01:15:31.756Z"}
{"level":"info","event":"action","runId":"ace52412-5312-4102-87dc-797cc26ef1cf","type":"challenge","rationale":"Disconfirm material conclusion: A primary source that directly contradicts this conclusion.","step":9,"t":"2026-09-18T01:15:31.770Z"}
{"level":"info","event":"action","runId":"ace52412-5312-4102-87dc-797cc26ef1cf","type":"challenge","rationale":"Disconfirm material conclusion: A primary source that directly contradicts this conclusion.","step":10,"t":"2026-09-18T01:15:31.789Z"}
{"level":"info","event":"action","runId":"ace52412-5312-4102-87dc-797cc26ef1cf","type":"challenge","rationale":"No counterexample found in accessed primary sources. This is not proof that the conclusion is true.","step":11,"t":"2026-09-18T01:15:31.804Z"}
{"level":"info","event":"action","runId":"ace52412-5312-4102-87dc-797cc26ef1cf","type":"stop","rationale":"Repeated searches returned no novel source family or coverage progress","step":12,"t":"2026-09-18T01:15:31.816Z"}
{"level":"info","event":"action","runId":"b8f00c1f-2f41-42c1-a9e9-f36f2c30bdcc","type":"search","rationale":"Investigate an uncovered required question","step":0,"t":"2026-09-18T01:15:32.399Z"}
{"level":"info","event":"action","runId":"b8f00c1f-2f41-42c1-a9e9-f36f2c30bdcc","type":"fetch","rationale":"Inspect an already-known source before another generic query","step":1,"t":"2026-09-18T01:15:32.427Z"}
{"level":"info","event":"action","runId":"b8f00c1f-2f41-42c1-a9e9-f36f2c30bdcc","type":"fetch","rationale":"Inspect an already-known source before another generic query","step":2,"t":"2026-09-18T01:15:32.444Z"}
{"level":"info","event":"action","runId":"b8f00c1f-2f41-42c1-a9e9-f36f2c30bdcc","type":"fetch","rationale":"Inspect an already-known source before another generic query","step":3,"t":"2026-09-18T01:15:32.462Z"}
{"level":"info","event":"action","runId":"b8f00c1f-2f41-42c1-a9e9-f36f2c30bdcc","type":"challenge","rationale":"Disconfirm material conclusion: A primary source that directly contradicts this conclusion.","step":4,"t":"2026-09-18T01:15:32.482Z"}
{"level":"info","event":"action","runId":"b8f00c1f-2f41-42c1-a9e9-f36f2c30bdcc","type":"challenge","rationale":"No counterexample found in accessed primary sources. This is not proof that the conclusion is true.","step":5,"t":"2026-09-18T01:15:32.498Z"}
{"level":"info","event":"action","runId":"b8f00c1f-2f41-42c1-a9e9-f36f2c30bdcc","type":"synthesize","rationale":"decision_critical_gaps_resolved_or_unresolvable; high-impact claims supported or qualified; contradictions handled; remaining actions low expected value","step":6,"t":"2026-09-18T01:15:32.513Z"}
{"level":"info","event":"action","runId":"6e5e5c41-fd16-41ce-9a14-627d0771f4b0","type":"search","rationale":"Investigate an uncovered required question","step":0,"t":"2026-09-18T01:15:32.798Z"}
{"level":"info","event":"action","runId":"6e5e5c41-fd16-41ce-9a14-627d0771f4b0","type":"fetch","rationale":"Inspect an already-known source before another generic query","step":1,"t":"2026-09-18T01:15:32.820Z"}
{"level":"info","event":"action","runId":"6e5e5c41-fd16-41ce-9a14-627d0771f4b0","type":"fetch","rationale":"Inspect an already-known source before another generic query","step":2,"t":"2026-09-18T01:15:32.835Z"}
{"level":"info","event":"action","runId":"6e5e5c41-fd16-41ce-9a14-627d0771f4b0","type":"fetch","rationale":"Inspect an already-known source before another generic query","step":3,"t":"2026-09-18T01:15:32.854Z"}
{"level":"info","event":"action","runId":"6e5e5c41-fd16-41ce-9a14-627d0771f4b0","type":"challenge","rationale":"Disconfirm material conclusion: A hard-constraint violation for a candidate currently marked eligible.","step":4,"t":"2026-09-18T01:15:32.872Z"}
{"level":"info","event":"action","runId":"6e5e5c41-fd16-41ce-9a14-627d0771f4b0","type":"challenge","rationale":"No counterexample found in accessed primary sources. This is not proof that the conclusion is true.","step":5,"t":"2026-09-18T01:15:32.898Z"}
{"level":"info","event":"action","runId":"6e5e5c41-fd16-41ce-9a14-627d0771f4b0","type":"synthesize","rationale":"decision_critical_gaps_resolved_or_unresolvable; high-impact claims supported or qualified; contradictions handled; remaining actions low expected value","step":6,"t":"2026-09-18T01:15:32.914Z"}
{"level":"info","event":"action","runId":"fbf24490-8ad7-4415-8821-626b32196d05","type":"search","rationale":"Investigate an uncovered required question","step":0,"t":"2026-09-18T01:15:33.194Z"}
{"level":"info","event":"action","runId":"fbf24490-8ad7-4415-8821-626b32196d05","type":"fetch","rationale":"Inspect an already-known source before another generic query","step":1,"t":"2026-09-18T01:15:33.216Z"}
{"level":"info","event":"action","runId":"fbf24490-8ad7-4415-8821-626b32196d05","type":"fetch","rationale":"Inspect an already-known source before another generic query","step":2,"t":"2026-09-18T01:15:33.232Z"}
{"level":"info","event":"action","runId":"fbf24490-8ad7-4415-8821-626b32196d05","type":"fetch","rationale":"Inspect an already-known source before another generic query","step":3,"t":"2026-09-18T01:15:33.248Z"}
{"level":"info","event":"action","runId":"fbf24490-8ad7-4415-8821-626b32196d05","type":"challenge","rationale":"Disconfirm material conclusion: A primary source that directly contradicts this conclusion.","step":4,"t":"2026-09-18T01:15:33.269Z"}
{"level":"info","event":"action","runId":"fbf24490-8ad7-4415-8821-626b32196d05","type":"challenge","rationale":"No counterexample found in accessed primary sources. This is not proof that the conclusion is true.","step":5,"t":"2026-09-18T01:15:33.285Z"}
{"level":"info","event":"action","runId":"fbf24490-8ad7-4415-8821-626b32196d05","type":"synthesize","rationale":"decision_critical_gaps_resolved_or_unresolvable; high-impact claims supported or qualified; contradictions handled; remaining actions low expected value","step":6,"t":"2026-09-18T01:15:33.298Z"}
{"level":"info","event":"action","runId":"e06d3b7a-2f86-4f77-a105-71f12d056295","type":"search","rationale":"Investigate an uncovered required question","step":0,"t":"2026-09-18T01:15:33.582Z"}
{"level":"info","event":"action","runId":"e06d3b7a-2f86-4f77-a105-71f12d056295","type":"fetch","rationale":"Inspect an already-known source before another generic query","step":1,"t":"2026-09-18T01:15:33.600Z"}
{"level":"info","event":"action","runId":"e06d3b7a-2f86-4f77-a105-71f12d056295","type":"fetch","rationale":"Inspect an already-known source before another generic query","step":2,"t":"2026-09-18T01:15:33.615Z"}
{"level":"info","event":"action","runId":"e06d3b7a-2f86-4f77-a105-71f12d056295","type":"fetch","rationale":"Inspect an already-known source before another generic query","step":3,"t":"2026-09-18T01:15:33.628Z"}
{"level":"info","event":"action","runId":"e06d3b7a-2f86-4f77-a105-71f12d056295","type":"challenge","rationale":"Disconfirm material conclusion: A hard-constraint violation for a candidate currently marked eligible.","step":4,"t":"2026-09-18T01:15:33.643Z"}
{"level":"info","event":"action","runId":"e06d3b7a-2f86-4f77-a105-71f12d056295","type":"challenge","rationale":"No counterexample found in accessed primary sources. This is not proof that the conclusion is true.","step":5,"t":"2026-09-18T01:15:33.660Z"}
{"level":"info","event":"action","runId":"e06d3b7a-2f86-4f77-a105-71f12d056295","type":"synthesize","rationale":"decision_critical_gaps_resolved_or_unresolvable; high-impact claims supported or qualified; contradictions handled; remaining actions low expected value","step":6,"t":"2026-09-18T01:15:33.672Z"}
{"level":"info","event":"action","runId":"94ec0c4a-e968-46ec-b6d3-c6ab8450ad65","type":"search","rationale":"Investigate an uncovered required question","step":0,"t":"2026-09-18T01:15:34.250Z"}
{"level":"info","event":"action","runId":"94ec0c4a-e968-46ec-b6d3-c6ab8450ad65","type":"fetch","rationale":"Inspect an already-known source before another generic query","step":1,"t":"2026-09-18T01:15:34.274Z"}
{"level":"info","event":"action","runId":"94ec0c4a-e968-46ec-b6d3-c6ab8450ad65","type":"fetch","rationale":"Inspect an already-known source before another generic query","step":2,"t":"2026-09-18T01:15:34.290Z"}
{"level":"info","event":"action","runId":"94ec0c4a-e968-46ec-b6d3-c6ab8450ad65","type":"fetch","rationale":"Inspect an already-known source before another generic query","step":3,"t":"2026-09-18T01:15:34.305Z"}
{"level":"info","event":"action","runId":"94ec0c4a-e968-46ec-b6d3-c6ab8450ad65","type":"challenge","rationale":"Disconfirm material conclusion: A primary source that directly contradicts this conclusion.","step":4,"t":"2026-09-18T01:15:34.325Z"}
{"level":"info","event":"action","runId":"94ec0c4a-e968-46ec-b6d3-c6ab8450ad65","type":"challenge","rationale":"No counterexample found in accessed primary sources. This is not proof that the conclusion is true.","step":5,"t":"2026-09-18T01:15:34.340Z"}
{"level":"info","event":"action","runId":"94ec0c4a-e968-46ec-b6d3-c6ab8450ad65","type":"synthesize","rationale":"decision_critical_gaps_resolved_or_unresolvable; high-impact claims supported or qualified; contradictions handled; remaining actions low expected value","step":6,"t":"2026-09-18T01:15:34.352Z"}
{"level":"info","event":"action","runId":"6fcaf71b-9b31-48d1-ab7a-669a6e0d7d00","type":"search","rationale":"Investigate an uncovered required question","step":0,"t":"2026-09-18T01:15:34.637Z"}
{"level":"info","event":"action","runId":"6fcaf71b-9b31-48d1-ab7a-669a6e0d7d00","type":"fetch","rationale":"Inspect an already-known source before another generic query","step":1,"t":"2026-09-18T01:15:34.654Z"}
{"level":"info","event":"action","runId":"6fcaf71b-9b31-48d1-ab7a-669a6e0d7d00","type":"fetch","rationale":"Inspect an already-known source before another generic query","step":2,"t":"2026-09-18T01:15:34.668Z"}
{"level":"info","event":"action","runId":"6fcaf71b-9b31-48d1-ab7a-669a6e0d7d00","type":"challenge","rationale":"Disconfirm material conclusion: A primary source that directly contradicts this conclusion.","step":3,"t":"2026-09-18T01:15:34.683Z"}
{"level":"info","event":"action","runId":"6fcaf71b-9b31-48d1-ab7a-669a6e0d7d00","type":"challenge","rationale":"Disconfirm material conclusion: A primary source that directly contradicts this conclusion.","step":4,"t":"2026-09-18T01:15:34.701Z"}
{"level":"info","event":"action","runId":"6fcaf71b-9b31-48d1-ab7a-669a6e0d7d00","type":"challenge","rationale":"Disconfirm material conclusion: A primary source that directly contradicts this conclusion.","step":5,"t":"2026-09-18T01:15:34.718Z"}
{"level":"info","event":"action","runId":"6fcaf71b-9b31-48d1-ab7a-669a6e0d7d00","type":"challenge","rationale":"Disconfirm material conclusion: A primary source that directly contradicts this conclusion.","step":6,"t":"2026-09-18T01:15:34.736Z"}
{"level":"info","event":"action","runId":"6fcaf71b-9b31-48d1-ab7a-669a6e0d7d00","type":"challenge","rationale":"Disconfirm material conclusion: A primary source that directly contradicts this conclusion.","step":7,"t":"2026-09-18T01:15:34.753Z"}
{"level":"info","event":"action","runId":"6fcaf71b-9b31-48d1-ab7a-669a6e0d7d00","type":"challenge","rationale":"Disconfirm material conclusion: A primary source that directly contradicts this conclusion.","step":8,"t":"2026-09-18T01:15:34.773Z"}
{"level":"info","event":"action","runId":"6fcaf71b-9b31-48d1-ab7a-669a6e0d7d00","type":"challenge","rationale":"Disconfirm material conclusion: A primary source that directly contradicts this conclusion.","step":9,"t":"2026-09-18T01:15:34.788Z"}
{"level":"info","event":"action","runId":"6fcaf71b-9b31-48d1-ab7a-669a6e0d7d00","type":"challenge","rationale":"No counterexample found in accessed primary sources. This is not proof that the conclusion is true.","step":10,"t":"2026-09-18T01:15:34.802Z"}
{"level":"info","event":"action","runId":"6fcaf71b-9b31-48d1-ab7a-669a6e0d7d00","type":"stop","rationale":"Repeated searches returned no novel source family or coverage progress","step":11,"t":"2026-09-18T01:15:34.815Z"}
{"level":"info","event":"action","runId":"153b3837-b6c3-4470-a96c-1ed45725c6c0","type":"search","rationale":"Investigate an uncovered required question","step":0,"t":"2026-09-18T01:15:35.398Z"}
{"level":"info","event":"action","runId":"153b3837-b6c3-4470-a96c-1ed45725c6c0","type":"fetch","rationale":"Inspect an already-known source before another generic query","step":1,"t":"2026-09-18T01:15:35.423Z"}
{"level":"info","event":"action","runId":"153b3837-b6c3-4470-a96c-1ed45725c6c0","type":"fetch","rationale":"Inspect an already-known source before another generic query","step":2,"t":"2026-09-18T01:15:35.437Z"}
{"level":"info","event":"action","runId":"153b3837-b6c3-4470-a96c-1ed45725c6c0","type":"fetch","rationale":"Inspect an already-known source before another generic query","step":3,"t":"2026-09-18T01:15:35.452Z"}
{"level":"info","event":"action","runId":"153b3837-b6c3-4470-a96c-1ed45725c6c0","type":"challenge","rationale":"Disconfirm material conclusion: A primary source that directly contradicts this conclusion.","step":4,"t":"2026-09-18T01:15:35.470Z"}
{"level":"info","event":"action","runId":"153b3837-b6c3-4470-a96c-1ed45725c6c0","type":"challenge","rationale":"No counterexample found in accessed primary sources. This is not proof that the conclusion is true.","step":5,"t":"2026-09-18T01:15:35.484Z"}
{"level":"info","event":"action","runId":"153b3837-b6c3-4470-a96c-1ed45725c6c0","type":"synthesize","rationale":"decision_critical_gaps_resolved_or_unresolvable; high-impact claims supported or qualified; contradictions handled; remaining actions low expected value","step":6,"t":"2026-09-18T01:15:35.494Z"}
{"level":"info","event":"action","runId":"cdb075e2-2f08-41a6-ad48-644c12f89e33","type":"search","rationale":"Investigate an uncovered required question","step":0,"t":"2026-09-18T01:15:36.078Z"}
{"level":"info","event":"action","runId":"cdb075e2-2f08-41a6-ad48-644c12f89e33","type":"fetch","rationale":"Inspect an already-known source before another generic query","step":1,"t":"2026-09-18T01:15:36.099Z"}
{"level":"info","event":"action","runId":"cdb075e2-2f08-41a6-ad48-644c12f89e33","type":"fetch","rationale":"Inspect an already-known source before another generic query","step":2,"t":"2026-09-18T01:15:36.114Z"}
{"level":"info","event":"action","runId":"cdb075e2-2f08-41a6-ad48-644c12f89e33","type":"fetch","rationale":"Inspect an already-known source before another generic query","step":3,"t":"2026-09-18T01:15:36.127Z"}
{"level":"info","event":"action","runId":"cdb075e2-2f08-41a6-ad48-644c12f89e33","type":"fetch","rationale":"Inspect an already-known source before another generic query","step":4,"t":"2026-09-18T01:15:36.141Z"}
{"level":"info","event":"action","runId":"cdb075e2-2f08-41a6-ad48-644c12f89e33","type":"fetch","rationale":"Inspect an already-known source before another generic query","step":5,"t":"2026-09-18T01:15:36.155Z"}
{"level":"info","event":"action","runId":"cdb075e2-2f08-41a6-ad48-644c12f89e33","type":"challenge","rationale":"Disconfirm material conclusion: A primary source that directly contradicts this conclusion.","step":6,"t":"2026-09-18T01:15:36.169Z"}
{"level":"info","event":"action","runId":"cdb075e2-2f08-41a6-ad48-644c12f89e33","type":"challenge","rationale":"No counterexample found in accessed primary sources. This is not proof that the conclusion is true.","step":7,"t":"2026-09-18T01:15:36.182Z"}
{"level":"info","event":"action","runId":"cdb075e2-2f08-41a6-ad48-644c12f89e33","type":"synthesize","rationale":"decision_critical_gaps_resolved_or_unresolvable; high-impact claims supported or qualified; contradictions handled; remaining actions low expected value","step":8,"t":"2026-09-18T01:15:36.193Z"}
{"level":"info","event":"action","runId":"1a004c68-6a2a-49bd-add0-e9d27c0c224e","type":"search","rationale":"Investigate an uncovered required question","step":0,"t":"2026-09-18T01:15:37.023Z"}
{"level":"info","event":"action","runId":"1a004c68-6a2a-49bd-add0-e9d27c0c224e","type":"fetch","rationale":"Inspect an already-known source before another generic query","step":1,"t":"2026-09-18T01:15:37.050Z"}
{"level":"info","event":"action","runId":"1a004c68-6a2a-49bd-add0-e9d27c0c224e","type":"challenge","rationale":"Disconfirm material conclusion: A primary source that directly contradicts this conclusion.","step":2,"t":"2026-09-18T01:15:37.067Z"}
{"level":"info","event":"action","runId":"1a004c68-6a2a-49bd-add0-e9d27c0c224e","type":"challenge","rationale":"No counterexample found in accessed primary sources. This is not proof that the conclusion is true.","step":3,"t":"2026-09-18T01:15:37.083Z"}
{"level":"info","event":"action","runId":"1a004c68-6a2a-49bd-add0-e9d27c0c224e","type":"synthesize","rationale":"decision_critical_gaps_resolved_or_unresolvable; high-impact claims supported or qualified; contradictions handled; remaining actions low expected value","step":4,"t":"2026-09-18T01:15:37.096Z"}
{"level":"info","event":"action","runId":"79336e25-02de-49e2-8e44-241736d0d36b","type":"search","rationale":"Investigate an uncovered required question","step":0,"t":"2026-09-18T01:15:38.986Z"}
{"level":"info","event":"action","runId":"79336e25-02de-49e2-8e44-241736d0d36b","type":"fetch","rationale":"Inspect an already-known source before another generic query","step":1,"t":"2026-09-18T01:15:39.009Z"}
{"level":"info","event":"action","runId":"79336e25-02de-49e2-8e44-241736d0d36b","type":"fetch","rationale":"Inspect an already-known source before another generic query","step":2,"t":"2026-09-18T01:15:39.026Z"}
{"level":"info","event":"action","runId":"79336e25-02de-49e2-8e44-241736d0d36b","type":"fetch","rationale":"Inspect an already-known source before another generic query","step":3,"t":"2026-09-18T01:15:39.041Z"}
{"level":"info","event":"action","runId":"79336e25-02de-49e2-8e44-241736d0d36b","type":"fetch","rationale":"Inspect an already-known source before another generic query","step":4,"t":"2026-09-18T01:15:39.056Z"}
{"level":"info","event":"action","runId":"79336e25-02de-49e2-8e44-241736d0d36b","type":"fetch","rationale":"Inspect an already-known source before another generic query","step":5,"t":"2026-09-18T01:15:39.070Z"}
{"level":"info","event":"action","runId":"79336e25-02de-49e2-8e44-241736d0d36b","type":"challenge","rationale":"Disconfirm material conclusion: A primary source that directly contradicts this conclusion.","step":6,"t":"2026-09-18T01:15:39.085Z"}
{"level":"info","event":"action","runId":"79336e25-02de-49e2-8e44-241736d0d36b","type":"challenge","rationale":"No counterexample found in accessed primary sources. This is not proof that the conclusion is true.","step":7,"t":"2026-09-18T01:15:39.100Z"}
{"level":"info","event":"action","runId":"79336e25-02de-49e2-8e44-241736d0d36b","type":"synthesize","rationale":"decision_critical_gaps_resolved_or_unresolvable; high-impact claims supported or qualified; contradictions handled; remaining actions low expected value","step":8,"t":"2026-09-18T01:15:39.112Z"}
 ✓ test/launch-scope.integration.test.ts (19 tests) 18695ms
   ✓ launch-scope fixture/postgres cases > R02 asks a jurisdiction question when it would change the answer  696ms
   ✓ launch-scope fixture/postgres cases > R03 does not interview a clear comparison over style  1038ms
   ✓ launch-scope fixture/postgres cases > R07 keeps a paywalled page snippet-only and does not claim a full read  681ms
   ✓ launch-scope fixture/postgres cases > R11 records a real price contradiction without averaging  767ms
   ✓ launch-scope fixture/postgres cases > R14 budget-limited outcome is not marked comprehensive  1001ms
   ✓ launch-scope fixture/postgres cases > R22 preserves a reproducible annual cost calculation  987ms
   ✓ launch-scope fixture/postgres cases > V2-01 uses the compatibility matrix, not summary count  1019ms
   ✓ launch-scope fixture/postgres cases > V2-02 / R08 switches source type after summary-family saturation  997ms
   ✓ launch-scope fixture/postgres cases > V2-04 relaxed budget discovers a previously omitted candidate  1381ms
   ✓ launch-scope fixture/postgres cases > V2-05 recomputes a corrected numeric unit  1310ms
   ✓ launch-scope fixture/postgres cases > V2-06 unknown dependency completeness forces a full rerun flag  1169ms
   ✓ launch-scope fixture/postgres cases > P2 selective budget reopen is not a full rerun; unknown-dependency correction is; both 120 EUR paths find Vendor C  1870ms
   ✓ launch-scope fixture/postgres cases > P2 a non-budget correction does not reopen candidate discovery or add Vendor C  1140ms
   ✓ launch-scope fixture/postgres cases > V2-18 distinguishes no eligible inspected option from universal absence  682ms
   ✓ launch-scope fixture/postgres cases > E07 denies another account's evidence id  697ms
   ✓ launch-scope fixture/postgres cases > S04 does not leave raw script markup in the canonical report  917ms
   ✓ launch-scope fixture/postgres cases > S11 revoked consent blocks new runs  528ms
   ✓ launch-scope fixture/postgres cases > J09 concurrent reservations cannot exceed the remaining allowance  527ms
   ✓ launch-scope fixture/postgres cases > challenge and markdown export use the same stored report  984ms
{"level":"info","event":"action","runId":"bdfce5c2-13c9-469a-bb5c-a61ac2ac6849","type":"search","rationale":"Investigate an uncovered required question","step":0,"t":"2026-09-18T01:15:41.022Z"}
{"level":"info","event":"action","runId":"bdfce5c2-13c9-469a-bb5c-a61ac2ac6849","type":"fetch","rationale":"Inspect an already-known source before another generic query","step":1,"t":"2026-09-18T01:15:41.078Z"}
{"level":"info","event":"action","runId":"bdfce5c2-13c9-469a-bb5c-a61ac2ac6849","type":"fetch","rationale":"Inspect an already-known source before another generic query","step":2,"t":"2026-09-18T01:15:41.110Z"}
{"level":"info","event":"action","runId":"bdfce5c2-13c9-469a-bb5c-a61ac2ac6849","type":"fetch","rationale":"Inspect an already-known source before another generic query","step":3,"t":"2026-09-18T01:15:41.132Z"}
{"level":"info","event":"action","runId":"bdfce5c2-13c9-469a-bb5c-a61ac2ac6849","type":"challenge","rationale":"Disconfirm material conclusion: A primary source that directly contradicts this conclusion.","step":4,"t":"2026-09-18T01:15:41.159Z"}
{"level":"info","event":"action","runId":"bdfce5c2-13c9-469a-bb5c-a61ac2ac6849","type":"challenge","rationale":"No counterexample found in accessed primary sources. This is not proof that the conclusion is true.","step":5,"t":"2026-09-18T01:15:41.183Z"}
{"level":"info","event":"action","runId":"bdfce5c2-13c9-469a-bb5c-a61ac2ac6849","type":"synthesize","rationale":"decision_critical_gaps_resolved_or_unresolvable; high-impact claims supported or qualified; contradictions handled; remaining actions low expected value","step":6,"t":"2026-09-18T01:15:41.200Z"}
{"level":"info","event":"action","runId":"8c5a05c2-45dc-4a48-81f5-8f8648e51fb4","type":"search","rationale":"Investigate an uncovered required question","step":0,"t":"2026-09-18T01:15:42.092Z"}
{"level":"info","event":"action","runId":"8c5a05c2-45dc-4a48-81f5-8f8648e51fb4","type":"fetch","rationale":"Inspect an already-known source before another generic query","step":1,"t":"2026-09-18T01:15:42.115Z"}
{"level":"info","event":"action","runId":"8c5a05c2-45dc-4a48-81f5-8f8648e51fb4","type":"challenge","rationale":"Disconfirm material conclusion: A current official catalog entry for the named product.","step":2,"t":"2026-09-18T01:15:42.137Z"}
{"level":"info","event":"action","runId":"8c5a05c2-45dc-4a48-81f5-8f8648e51fb4","type":"challenge","rationale":"No counterexample found in accessed primary sources. This is not proof that the conclusion is true.","step":3,"t":"2026-09-18T01:15:42.156Z"}
{"level":"info","event":"action","runId":"8c5a05c2-45dc-4a48-81f5-8f8648e51fb4","type":"synthesize","rationale":"decision_critical_gaps_resolved_or_unresolvable; high-impact claims supported or qualified; contradictions handled; remaining actions low expected value","step":4,"t":"2026-09-18T01:15:42.173Z"}
{"level":"info","event":"action","runId":"7b4bfe7e-9a20-4898-89c5-ea48771eb881","type":"search","rationale":"Investigate an uncovered required question","step":0,"t":"2026-09-18T01:15:43.051Z"}
{"level":"info","event":"action","runId":"7b4bfe7e-9a20-4898-89c5-ea48771eb881","type":"fetch","rationale":"Inspect an already-known source before another generic query","step":1,"t":"2026-09-18T01:15:43.087Z"}
{"level":"info","event":"action","runId":"7b4bfe7e-9a20-4898-89c5-ea48771eb881","type":"fetch","rationale":"Inspect an already-known source before another generic query","step":2,"t":"2026-09-18T01:15:43.106Z"}
{"level":"info","event":"action","runId":"7b4bfe7e-9a20-4898-89c5-ea48771eb881","type":"fetch","rationale":"Inspect an already-known source before another generic query","step":3,"t":"2026-09-18T01:15:43.128Z"}
{"level":"info","event":"action","runId":"7b4bfe7e-9a20-4898-89c5-ea48771eb881","type":"fetch","rationale":"Inspect an already-known source before another generic query","step":4,"t":"2026-09-18T01:15:43.146Z"}
{"level":"info","event":"action","runId":"7b4bfe7e-9a20-4898-89c5-ea48771eb881","type":"fetch","rationale":"Inspect an already-known source before another generic query","step":5,"t":"2026-09-18T01:15:43.166Z"}
{"level":"info","event":"action","runId":"7b4bfe7e-9a20-4898-89c5-ea48771eb881","type":"challenge","rationale":"Disconfirm material conclusion: A primary source that directly contradicts this conclusion.","step":6,"t":"2026-09-18T01:15:43.184Z"}
{"level":"info","event":"action","runId":"7b4bfe7e-9a20-4898-89c5-ea48771eb881","type":"challenge","rationale":"No counterexample found in accessed primary sources. This is not proof that the conclusion is true.","step":7,"t":"2026-09-18T01:15:43.203Z"}
{"level":"info","event":"action","runId":"7b4bfe7e-9a20-4898-89c5-ea48771eb881","type":"synthesize","rationale":"decision_critical_gaps_resolved_or_unresolvable; high-impact claims supported or qualified; contradictions handled; remaining actions low expected value","step":8,"t":"2026-09-18T01:15:43.218Z"}
{"level":"info","event":"action","runId":"f692cf95-2288-4f4b-bbca-a1c3ca5dc29d","type":"search","rationale":"Initial dataset excludes the user's stated population; pivot source type","step":0,"t":"2026-09-18T01:15:44.049Z"}
{"level":"info","event":"action","runId":"f692cf95-2288-4f4b-bbca-a1c3ca5dc29d","type":"search","rationale":"Decision-blocking gap: population-specific evidence. Switching source type to population-specific.","step":1,"t":"2026-09-18T01:15:44.074Z"}
{"level":"info","event":"action","runId":"f692cf95-2288-4f4b-bbca-a1c3ca5dc29d","type":"search","rationale":"Decision-blocking gap: population-specific evidence. Switching source type to population-specific.","step":2,"t":"2026-09-18T01:15:44.091Z"}
{"level":"info","event":"action","runId":"f692cf95-2288-4f4b-bbca-a1c3ca5dc29d","type":"search","rationale":"Decision-blocking gap: population-specific evidence. Switching source type to population-specific.","step":3,"t":"2026-09-18T01:15:44.109Z"}
{"level":"info","event":"action","runId":"f692cf95-2288-4f4b-bbca-a1c3ca5dc29d","type":"search","rationale":"Decision-blocking gap: population-specific evidence. Switching source type to population-specific.","step":4,"t":"2026-09-18T01:15:44.126Z"}
{"level":"info","event":"action","runId":"f692cf95-2288-4f4b-bbca-a1c3ca5dc29d","type":"search","rationale":"Decision-blocking gap: population-specific evidence. Switching source type to population-specific.","step":5,"t":"2026-09-18T01:15:44.145Z"}
{"level":"info","event":"action","runId":"f692cf95-2288-4f4b-bbca-a1c3ca5dc29d","type":"search","rationale":"Decision-blocking gap: population-specific evidence. Switching source type to population-specific.","step":6,"t":"2026-09-18T01:15:44.165Z"}
{"level":"info","event":"action","runId":"f692cf95-2288-4f4b-bbca-a1c3ca5dc29d","type":"search","rationale":"Decision-blocking gap: population-specific evidence. Switching source type to population-specific.","step":7,"t":"2026-09-18T01:15:44.183Z"}
{"level":"info","event":"action","runId":"f692cf95-2288-4f4b-bbca-a1c3ca5dc29d","type":"fetch","rationale":"Inspect an already-known source before another generic query","step":8,"t":"2026-09-18T01:15:44.203Z"}
{"level":"info","event":"action","runId":"f692cf95-2288-4f4b-bbca-a1c3ca5dc29d","type":"fetch","rationale":"Inspect an already-known source before another generic query","step":9,"t":"2026-09-18T01:15:44.228Z"}
{"level":"info","event":"action","runId":"f692cf95-2288-4f4b-bbca-a1c3ca5dc29d","type":"challenge","rationale":"No counterexample found in accessed primary sources. This is not proof that the conclusion is true.","step":10,"t":"2026-09-18T01:15:44.248Z"}
{"level":"info","event":"action","runId":"f692cf95-2288-4f4b-bbca-a1c3ca5dc29d","type":"stop","rationale":"Repeated searches returned no novel source family or coverage progress","step":11,"t":"2026-09-18T01:15:44.265Z"}
{"level":"info","event":"action","runId":"b2b7e720-1114-462f-bfd2-29466c983de9","type":"search","rationale":"Investigate an uncovered required question","step":0,"t":"2026-09-18T01:15:45.050Z"}
{"level":"info","event":"action","runId":"b2b7e720-1114-462f-bfd2-29466c983de9","type":"fetch","rationale":"Inspect an already-known source before another generic query","step":1,"t":"2026-09-18T01:15:45.067Z"}
{"level":"info","event":"action","runId":"b2b7e720-1114-462f-bfd2-29466c983de9","type":"challenge","rationale":"Disconfirm material conclusion: A primary source that directly contradicts this conclusion.","step":2,"t":"2026-09-18T01:15:45.080Z"}
{"level":"info","event":"action","runId":"b2b7e720-1114-462f-bfd2-29466c983de9","type":"challenge","rationale":"No counterexample found in accessed primary sources. This is not proof that the conclusion is true.","step":3,"t":"2026-09-18T01:15:45.096Z"}
{"level":"info","event":"action","runId":"b2b7e720-1114-462f-bfd2-29466c983de9","type":"synthesize","rationale":"decision_critical_gaps_resolved_or_unresolvable; high-impact claims supported or qualified; contradictions handled; remaining actions low expected value","step":4,"t":"2026-09-18T01:15:45.109Z"}
{"level":"info","event":"action","runId":"f9d98481-912f-4405-b8ab-90d1859a88e8","type":"search","rationale":"Investigate an uncovered required question","step":0,"t":"2026-09-18T01:15:45.681Z"}
{"level":"info","event":"action","runId":"f9d98481-912f-4405-b8ab-90d1859a88e8","type":"fetch","rationale":"Inspect an already-known source before another generic query","step":1,"t":"2026-09-18T01:15:45.716Z"}
{"level":"info","event":"action","runId":"f9d98481-912f-4405-b8ab-90d1859a88e8","type":"fetch","rationale":"Inspect an already-known source before another generic query","step":2,"t":"2026-09-18T01:15:45.734Z"}
{"level":"info","event":"action","runId":"f9d98481-912f-4405-b8ab-90d1859a88e8","type":"fetch","rationale":"Inspect an already-known source before another generic query","step":3,"t":"2026-09-18T01:15:45.749Z"}
{"level":"info","event":"action","runId":"f9d98481-912f-4405-b8ab-90d1859a88e8","type":"challenge","rationale":"Disconfirm material conclusion: A primary source that directly contradicts this conclusion.","step":4,"t":"2026-09-18T01:15:45.771Z"}
{"level":"info","event":"action","runId":"f9d98481-912f-4405-b8ab-90d1859a88e8","type":"challenge","rationale":"No counterexample found in accessed primary sources. This is not proof that the conclusion is true.","step":5,"t":"2026-09-18T01:15:45.786Z"}
{"level":"info","event":"action","runId":"f9d98481-912f-4405-b8ab-90d1859a88e8","type":"synthesize","rationale":"decision_critical_gaps_resolved_or_unresolvable; high-impact claims supported or qualified; contradictions handled; remaining actions low expected value","step":6,"t":"2026-09-18T01:15:45.800Z"}
{"level":"info","event":"action","runId":"658927f8-909f-4d80-bb6c-4e8391e36fe9","type":"search","rationale":"Investigate an uncovered required question","step":0,"t":"2026-09-18T01:15:46.447Z"}
{"level":"info","event":"action","runId":"658927f8-909f-4d80-bb6c-4e8391e36fe9","type":"fetch","rationale":"Inspect an already-known source before another generic query","step":1,"t":"2026-09-18T01:15:46.477Z"}
{"level":"info","event":"action","runId":"658927f8-909f-4d80-bb6c-4e8391e36fe9","type":"fetch","rationale":"Inspect an already-known source before another generic query","step":2,"t":"2026-09-18T01:15:46.494Z"}
{"level":"info","event":"action","runId":"658927f8-909f-4d80-bb6c-4e8391e36fe9","type":"fetch","rationale":"Inspect an already-known source before another generic query","step":3,"t":"2026-09-18T01:15:46.511Z"}
{"level":"info","event":"action","runId":"658927f8-909f-4d80-bb6c-4e8391e36fe9","type":"fetch","rationale":"Inspect an already-known source before another generic query","step":4,"t":"2026-09-18T01:15:46.528Z"}
{"level":"info","event":"action","runId":"658927f8-909f-4d80-bb6c-4e8391e36fe9","type":"fetch","rationale":"Inspect an already-known source before another generic query","step":5,"t":"2026-09-18T01:15:46.545Z"}
{"level":"info","event":"action","runId":"658927f8-909f-4d80-bb6c-4e8391e36fe9","type":"challenge","rationale":"Disconfirm material conclusion: A primary source that directly contradicts this conclusion.","step":6,"t":"2026-09-18T01:15:46.563Z"}
{"level":"info","event":"action","runId":"658927f8-909f-4d80-bb6c-4e8391e36fe9","type":"challenge","rationale":"No counterexample found in accessed primary sources. This is not proof that the conclusion is true.","step":7,"t":"2026-09-18T01:15:46.580Z"}
{"level":"info","event":"action","runId":"658927f8-909f-4d80-bb6c-4e8391e36fe9","type":"synthesize","rationale":"decision_critical_gaps_resolved_or_unresolvable; high-impact claims supported or qualified; contradictions handled; remaining actions low expected value","step":8,"t":"2026-09-18T01:15:46.594Z"}
{"level":"info","event":"action","runId":"f07d98aa-760d-4f36-a83c-be5cd66f9ad0","type":"search","rationale":"Investigate an uncovered required question","step":0,"t":"2026-09-18T01:15:47.547Z"}
{"level":"info","event":"action","runId":"f07d98aa-760d-4f36-a83c-be5cd66f9ad0","type":"fetch","rationale":"Inspect an already-known source before another generic query","step":0,"t":"2026-09-18T01:15:47.581Z"}
{"level":"info","event":"action","runId":"f07d98aa-760d-4f36-a83c-be5cd66f9ad0","type":"fetch","rationale":"Inspect an already-known source before another generic query","step":1,"t":"2026-09-18T01:15:47.597Z"}
{"level":"info","event":"action","runId":"f07d98aa-760d-4f36-a83c-be5cd66f9ad0","type":"fetch","rationale":"Inspect an already-known source before another generic query","step":2,"t":"2026-09-18T01:15:47.613Z"}
{"level":"info","event":"action","runId":"f07d98aa-760d-4f36-a83c-be5cd66f9ad0","type":"challenge","rationale":"Disconfirm material conclusion: A primary source that directly contradicts this conclusion.","step":3,"t":"2026-09-18T01:15:47.633Z"}
{"level":"info","event":"action","runId":"f07d98aa-760d-4f36-a83c-be5cd66f9ad0","type":"challenge","rationale":"No counterexample found in accessed primary sources. This is not proof that the conclusion is true.","step":4,"t":"2026-09-18T01:15:47.648Z"}
{"level":"info","event":"action","runId":"f07d98aa-760d-4f36-a83c-be5cd66f9ad0","type":"synthesize","rationale":"decision_critical_gaps_resolved_or_unresolvable; high-impact claims supported or qualified; contradictions handled; remaining actions low expected value","step":5,"t":"2026-09-18T01:15:47.661Z"}
{"level":"info","event":"action","runId":"1d07c5c8-421a-4a2b-bf78-03654fa19f03","type":"search","rationale":"Investigate an uncovered required question","step":0,"t":"2026-09-18T01:15:48.423Z"}
{"level":"info","event":"action","runId":"1d07c5c8-421a-4a2b-bf78-03654fa19f03","type":"fetch","rationale":"Inspect an already-known source before another generic query","step":1,"t":"2026-09-18T01:15:48.447Z"}
{"level":"info","event":"action","runId":"1d07c5c8-421a-4a2b-bf78-03654fa19f03","type":"fetch","rationale":"Inspect an already-known source before another generic query","step":2,"t":"2026-09-18T01:15:48.463Z"}
{"level":"info","event":"action","runId":"1d07c5c8-421a-4a2b-bf78-03654fa19f03","type":"fetch","rationale":"Inspect an already-known source before another generic query","step":3,"t":"2026-09-18T01:15:48.477Z"}
{"level":"info","event":"action","runId":"1d07c5c8-421a-4a2b-bf78-03654fa19f03","type":"challenge","rationale":"Disconfirm material conclusion: A primary source that directly contradicts this conclusion.","step":4,"t":"2026-09-18T01:15:48.497Z"}
{"level":"info","event":"action","runId":"1d07c5c8-421a-4a2b-bf78-03654fa19f03","type":"challenge","rationale":"No counterexample found in accessed primary sources. This is not proof that the conclusion is true.","step":5,"t":"2026-09-18T01:15:48.511Z"}
{"level":"info","event":"action","runId":"1d07c5c8-421a-4a2b-bf78-03654fa19f03","type":"synthesize","rationale":"decision_critical_gaps_resolved_or_unresolvable; high-impact claims supported or qualified; contradictions handled; remaining actions low expected value","step":6,"t":"2026-09-18T01:15:48.523Z"}
{"level":"info","event":"action","runId":"46434d78-94cd-45dd-801e-1e8c00a7dec5","type":"search","rationale":"Investigate an uncovered required question","step":0,"t":"2026-09-18T01:15:49.109Z"}
{"level":"info","event":"action","runId":"46434d78-94cd-45dd-801e-1e8c00a7dec5","type":"stop","rationale":"action type reveal_keys is not a permitted research action","step":1,"t":"2026-09-18T01:15:49.132Z"}
{"level":"info","event":"action","runId":"51c3d00f-b978-4341-98cb-d21c9ae57b2c","type":"search","rationale":"Investigate an uncovered required question","step":0,"t":"2026-09-18T01:15:49.996Z"}
{"level":"info","event":"action","runId":"51c3d00f-b978-4341-98cb-d21c9ae57b2c","type":"fetch","rationale":"Inspect an already-known source before another generic query","step":1,"t":"2026-09-18T01:15:50.033Z"}
{"level":"info","event":"action","runId":"51c3d00f-b978-4341-98cb-d21c9ae57b2c","type":"fetch","rationale":"Inspect an already-known source before another generic query","step":2,"t":"2026-09-18T01:15:50.052Z"}
{"level":"info","event":"action","runId":"51c3d00f-b978-4341-98cb-d21c9ae57b2c","type":"fetch","rationale":"Inspect an already-known source before another generic query","step":3,"t":"2026-09-18T01:15:50.070Z"}
{"level":"info","event":"action","runId":"51c3d00f-b978-4341-98cb-d21c9ae57b2c","type":"challenge","rationale":"Disconfirm material conclusion: A primary source that directly contradicts this conclusion.","step":4,"t":"2026-09-18T01:15:50.095Z"}
{"level":"info","event":"action","runId":"51c3d00f-b978-4341-98cb-d21c9ae57b2c","type":"challenge","rationale":"No counterexample found in accessed primary sources. This is not proof that the conclusion is true.","step":5,"t":"2026-09-18T01:15:50.111Z"}
{"level":"info","event":"action","runId":"51c3d00f-b978-4341-98cb-d21c9ae57b2c","type":"synthesize","rationale":"decision_critical_gaps_resolved_or_unresolvable; high-impact claims supported or qualified; contradictions handled; remaining actions low expected value","step":6,"t":"2026-09-18T01:15:50.124Z"}
{"level":"info","event":"action","runId":"9aaa8ab7-5a7f-40b1-80bc-d897042dc26a","type":"search","rationale":"Investigate an uncovered required question","step":0,"t":"2026-09-18T01:15:51.187Z"}
{"level":"info","event":"action","runId":"9aaa8ab7-5a7f-40b1-80bc-d897042dc26a","type":"fetch","rationale":"Inspect an already-known source before another generic query","step":1,"t":"2026-09-18T01:15:51.216Z"}
{"level":"info","event":"action","runId":"9aaa8ab7-5a7f-40b1-80bc-d897042dc26a","type":"fetch","rationale":"Inspect an already-known source before another generic query","step":2,"t":"2026-09-18T01:15:51.243Z"}
{"level":"info","event":"action","runId":"9aaa8ab7-5a7f-40b1-80bc-d897042dc26a","type":"fetch","rationale":"Inspect an already-known source before another generic query","step":3,"t":"2026-09-18T01:15:51.259Z"}
{"level":"info","event":"action","runId":"9aaa8ab7-5a7f-40b1-80bc-d897042dc26a","type":"challenge","rationale":"Disconfirm material conclusion: A primary source that directly contradicts this conclusion.","step":4,"t":"2026-09-18T01:15:51.280Z"}
{"level":"info","event":"action","runId":"9aaa8ab7-5a7f-40b1-80bc-d897042dc26a","type":"challenge","rationale":"No counterexample found in accessed primary sources. This is not proof that the conclusion is true.","step":5,"t":"2026-09-18T01:15:51.297Z"}
{"level":"info","event":"action","runId":"9aaa8ab7-5a7f-40b1-80bc-d897042dc26a","type":"synthesize","rationale":"decision_critical_gaps_resolved_or_unresolvable; high-impact claims supported or qualified; contradictions handled; remaining actions low expected value","step":6,"t":"2026-09-18T01:15:51.308Z"}
{"level":"info","event":"action","runId":"7f999db4-ada7-45bb-91cb-f24a8bfdb230","type":"search","rationale":"Investigate an uncovered required question","step":0,"t":"2026-09-18T01:15:51.868Z"}
{"level":"info","event":"action","runId":"7f999db4-ada7-45bb-91cb-f24a8bfdb230","type":"fetch","rationale":"Inspect an already-known source before another generic query","step":1,"t":"2026-09-18T01:15:51.894Z"}
{"level":"info","event":"action","runId":"7f999db4-ada7-45bb-91cb-f24a8bfdb230","type":"fetch","rationale":"Inspect an already-known source before another generic query","step":2,"t":"2026-09-18T01:15:51.912Z"}
{"level":"info","event":"action","runId":"7f999db4-ada7-45bb-91cb-f24a8bfdb230","type":"fetch","rationale":"Inspect an already-known source before another generic query","step":3,"t":"2026-09-18T01:15:51.927Z"}
{"level":"info","event":"action","runId":"7f999db4-ada7-45bb-91cb-f24a8bfdb230","type":"challenge","rationale":"Disconfirm material conclusion: A primary source that directly contradicts this conclusion.","step":4,"t":"2026-09-18T01:15:51.947Z"}
{"level":"info","event":"action","runId":"7f999db4-ada7-45bb-91cb-f24a8bfdb230","type":"challenge","rationale":"No counterexample found in accessed primary sources. This is not proof that the conclusion is true.","step":5,"t":"2026-09-18T01:15:51.963Z"}
{"level":"info","event":"action","runId":"7f999db4-ada7-45bb-91cb-f24a8bfdb230","type":"synthesize","rationale":"decision_critical_gaps_resolved_or_unresolvable; high-impact claims supported or qualified; contradictions handled; remaining actions low expected value","step":6,"t":"2026-09-18T01:15:51.976Z"}
{"level":"info","event":"action","runId":"19f13ecc-f598-428b-a228-505c2dd90253","type":"search","rationale":"Investigate an uncovered required question","step":0,"t":"2026-09-18T01:15:52.290Z"}
{"level":"info","event":"action","runId":"19f13ecc-f598-428b-a228-505c2dd90253","type":"fetch","rationale":"Inspect an already-known source before another generic query","step":1,"t":"2026-09-18T01:15:52.308Z"}
{"level":"info","event":"action","runId":"19f13ecc-f598-428b-a228-505c2dd90253","type":"fetch","rationale":"Inspect an already-known source before another generic query","step":2,"t":"2026-09-18T01:15:52.323Z"}
{"level":"info","event":"action","runId":"19f13ecc-f598-428b-a228-505c2dd90253","type":"fetch","rationale":"Inspect an already-known source before another generic query","step":3,"t":"2026-09-18T01:15:52.337Z"}
{"level":"info","event":"action","runId":"19f13ecc-f598-428b-a228-505c2dd90253","type":"challenge","rationale":"Disconfirm material conclusion: A hard-constraint violation for a candidate currently marked eligible.","step":4,"t":"2026-09-18T01:15:52.353Z"}
{"level":"info","event":"action","runId":"19f13ecc-f598-428b-a228-505c2dd90253","type":"challenge","rationale":"No counterexample found in accessed primary sources. This is not proof that the conclusion is true.","step":5,"t":"2026-09-18T01:15:52.368Z"}
{"level":"info","event":"action","runId":"19f13ecc-f598-428b-a228-505c2dd90253","type":"synthesize","rationale":"decision_critical_gaps_resolved_or_unresolvable; high-impact claims supported or qualified; contradictions handled; remaining actions low expected value","step":6,"t":"2026-09-18T01:15:52.381Z"}
{"level":"info","event":"action","runId":"6069b533-de60-4e82-bf0d-3a838b2debdb","type":"challenge","rationale":"Disconfirm material conclusion: A primary source that directly contradicts this conclusion.","step":0,"t":"2026-09-18T01:15:53.270Z"}
{"level":"info","event":"action","runId":"6069b533-de60-4e82-bf0d-3a838b2debdb","type":"fetch","rationale":"Inspect an already-known source before another generic query","step":1,"t":"2026-09-18T01:15:53.300Z"}
{"level":"info","event":"action","runId":"6069b533-de60-4e82-bf0d-3a838b2debdb","type":"fetch","rationale":"Inspect an already-known source before another generic query","step":2,"t":"2026-09-18T01:15:53.319Z"}
{"level":"info","event":"action","runId":"6069b533-de60-4e82-bf0d-3a838b2debdb","type":"fetch","rationale":"Inspect an already-known source before another generic query","step":3,"t":"2026-09-18T01:15:53.342Z"}
{"level":"info","event":"action","runId":"6069b533-de60-4e82-bf0d-3a838b2debdb","type":"challenge","rationale":"No counterexample found in accessed primary sources. This is not proof that the conclusion is true.","step":4,"t":"2026-09-18T01:15:53.367Z"}
{"level":"info","event":"action","runId":"6069b533-de60-4e82-bf0d-3a838b2debdb","type":"synthesize","rationale":"decision_critical_gaps_resolved_or_unresolvable; high-impact claims supported or qualified; contradictions handled; remaining actions low expected value","step":5,"t":"2026-09-18T01:15:53.382Z"}
{"level":"info","event":"action","runId":"c7df389e-48b1-48f7-9c2c-b3802df6c2bb","type":"search","rationale":"Investigate an uncovered required question","step":0,"t":"2026-09-18T01:15:54.166Z"}
{"level":"info","event":"action","runId":"c7df389e-48b1-48f7-9c2c-b3802df6c2bb","type":"fetch","rationale":"Inspect an already-known source before another generic query","step":1,"t":"2026-09-18T01:15:54.192Z"}
{"level":"info","event":"action","runId":"c7df389e-48b1-48f7-9c2c-b3802df6c2bb","type":"fetch","rationale":"Inspect an already-known source before another generic query","step":2,"t":"2026-09-18T01:15:54.207Z"}
{"level":"info","event":"action","runId":"c7df389e-48b1-48f7-9c2c-b3802df6c2bb","type":"fetch","rationale":"Inspect an already-known source before another generic query","step":3,"t":"2026-09-18T01:15:54.222Z"}
{"level":"info","event":"action","runId":"c7df389e-48b1-48f7-9c2c-b3802df6c2bb","type":"fetch","rationale":"Inspect an already-known source before another generic query","step":4,"t":"2026-09-18T01:15:54.237Z"}
{"level":"info","event":"action","runId":"c7df389e-48b1-48f7-9c2c-b3802df6c2bb","type":"fetch","rationale":"Inspect an already-known source before another generic query","step":5,"t":"2026-09-18T01:15:54.261Z"}
{"level":"info","event":"action","runId":"c7df389e-48b1-48f7-9c2c-b3802df6c2bb","type":"challenge","rationale":"Disconfirm material conclusion: A primary source that directly contradicts this conclusion.","step":6,"t":"2026-09-18T01:15:54.287Z"}
{"level":"info","event":"action","runId":"c7df389e-48b1-48f7-9c2c-b3802df6c2bb","type":"challenge","rationale":"No counterexample found in accessed primary sources. This is not proof that the conclusion is true.","step":7,"t":"2026-09-18T01:15:54.307Z"}
{"level":"info","event":"action","runId":"c7df389e-48b1-48f7-9c2c-b3802df6c2bb","type":"synthesize","rationale":"decision_critical_gaps_resolved_or_unresolvable; high-impact claims supported or qualified; contradictions handled; remaining actions low expected value","step":8,"t":"2026-09-18T01:15:54.321Z"}
 ✓ test/p0-smoke.integration.test.ts (16 tests) 14616ms
   ✓ P0 smoke against shipped API/worker/postgres > R01 already-known constraint is stored and not re-asked  1238ms
   ✓ P0 smoke against shipped API/worker/postgres > R04 false premise is reported and not invented  924ms
   ✓ P0 smoke against shipped API/worker/postgres > R05 source duplication clusters five reprints as one origin  1035ms
   ✓ P0 smoke against shipped API/worker/postgres > R09 justified pivot opens a population-relevant source  1047ms
   ✓ P0 smoke against shipped API/worker/postgres > R13 diminishing returns stops instead of exhausting a quota  807ms
   ✓ P0 smoke against shipped API/worker/postgres > E01 unknown citation ID blocks publication  755ms
   ✓ P0 smoke against shipped API/worker/postgres > E02 non-supporting citation is flagged  756ms
   ✓ P0 smoke against shipped API/worker/postgres > J01 double tap with the same idempotency key creates one run  361ms
   ✓ P0 smoke against shipped API/worker/postgres > J03 crash after fetch recovers evidence without double settlement  714ms
   ✓ P0 smoke against shipped API/worker/postgres > J05 / V2-07 cancel during writing rejects late publication  631ms
   ✓ P0 smoke against shipped API/worker/postgres > S01 prompt injection cannot authorize tools or reveal keys  855ms
   ✓ P0 smoke against shipped API/worker/postgres > S09 deletion during run purges derived text and blocks resurrection  790ms
   ✓ P0 smoke against shipped API/worker/postgres > V2-08 stale worker lease cannot publish  1142ms
   ✓ P0 smoke against shipped API/worker/postgres > correction reopens discovery when a hard budget constraint is relaxed  1301ms
   ✓ P0 smoke against shipped API/worker/postgres > S05 private attachment canary is not copied into a public search query  1024ms
   ✓ P0 smoke against shipped API/worker/postgres > GET events and report citations resolve to stored evidence IDs  942ms
{"level":"info","event":"action","runId":"f627d59d-70c5-4b62-8541-8b18189f33ad","type":"search","rationale":"Investigate an uncovered required question","step":0,"t":"2026-09-18T01:15:56.041Z"}
{"level":"info","event":"action","runId":"f627d59d-70c5-4b62-8541-8b18189f33ad","type":"fetch","rationale":"Inspect an already-known source before another generic query","step":1,"t":"2026-09-18T01:15:56.084Z"}
{"level":"info","event":"action","runId":"f627d59d-70c5-4b62-8541-8b18189f33ad","type":"fetch","rationale":"Inspect an already-known source before another generic query","step":2,"t":"2026-09-18T01:15:56.114Z"}
{"level":"info","event":"action","runId":"f627d59d-70c5-4b62-8541-8b18189f33ad","type":"fetch","rationale":"Inspect an already-known source before another generic query","step":3,"t":"2026-09-18T01:15:56.142Z"}
{"level":"info","event":"action","runId":"f627d59d-70c5-4b62-8541-8b18189f33ad","type":"fetch","rationale":"Inspect an already-known source before another generic query","step":4,"t":"2026-09-18T01:15:56.168Z"}
{"level":"info","event":"action","runId":"f627d59d-70c5-4b62-8541-8b18189f33ad","type":"fetch","rationale":"Inspect an already-known source before another generic query","step":5,"t":"2026-09-18T01:15:56.190Z"}
{"level":"info","event":"action","runId":"f627d59d-70c5-4b62-8541-8b18189f33ad","type":"challenge","rationale":"Disconfirm material conclusion: A primary source that directly contradicts this conclusion.","step":6,"t":"2026-09-18T01:15:56.214Z"}
{"level":"info","event":"action","runId":"f627d59d-70c5-4b62-8541-8b18189f33ad","type":"challenge","rationale":"No counterexample found in accessed primary sources. This is not proof that the conclusion is true.","step":7,"t":"2026-09-18T01:15:56.239Z"}
{"level":"info","event":"action","runId":"f627d59d-70c5-4b62-8541-8b18189f33ad","type":"synthesize","rationale":"decision_critical_gaps_resolved_or_unresolvable; high-impact claims supported or qualified; contradictions handled; remaining actions low expected value","step":8,"t":"2026-09-18T01:15:56.256Z"}
{"level":"info","event":"action","runId":"b7cc1faa-8801-49fd-90c5-fa9169ac4cab","type":"challenge","rationale":"Disconfirm material conclusion: A primary source that directly contradicts this conclusion.","step":0,"t":"2026-09-18T01:15:57.196Z"}
{"level":"info","event":"action","runId":"b7cc1faa-8801-49fd-90c5-fa9169ac4cab","type":"fetch","rationale":"Inspect an already-known source before another generic query","step":1,"t":"2026-09-18T01:15:57.230Z"}
{"level":"info","event":"action","runId":"b7cc1faa-8801-49fd-90c5-fa9169ac4cab","type":"fetch","rationale":"Inspect an already-known source before another generic query","step":2,"t":"2026-09-18T01:15:57.249Z"}
{"level":"info","event":"action","runId":"b7cc1faa-8801-49fd-90c5-fa9169ac4cab","type":"fetch","rationale":"Inspect an already-known source before another generic query","step":3,"t":"2026-09-18T01:15:57.271Z"}
{"level":"info","event":"action","runId":"b7cc1faa-8801-49fd-90c5-fa9169ac4cab","type":"challenge","rationale":"No counterexample found in accessed primary sources. This is not proof that the conclusion is true.","step":4,"t":"2026-09-18T01:15:57.298Z"}
{"level":"info","event":"action","runId":"b7cc1faa-8801-49fd-90c5-fa9169ac4cab","type":"synthesize","rationale":"decision_critical_gaps_resolved_or_unresolvable; high-impact claims supported or qualified; contradictions handled; remaining actions low expected value","step":5,"t":"2026-09-18T01:15:57.318Z"}
{"level":"info","event":"action","runId":"9eac3cc4-d017-4e40-852c-8f8e0379bedf","type":"search","rationale":"Investigate an uncovered required question","step":0,"t":"2026-09-18T01:15:58.150Z"}
{"level":"info","event":"action","runId":"9eac3cc4-d017-4e40-852c-8f8e0379bedf","type":"fetch","rationale":"Inspect an already-known source before another generic query","step":1,"t":"2026-09-18T01:15:58.176Z"}
{"level":"info","event":"action","runId":"9eac3cc4-d017-4e40-852c-8f8e0379bedf","type":"fetch","rationale":"Inspect an already-known source before another generic query","step":2,"t":"2026-09-18T01:15:58.192Z"}
{"level":"info","event":"action","runId":"9eac3cc4-d017-4e40-852c-8f8e0379bedf","type":"fetch","rationale":"Inspect an already-known source before another generic query","step":3,"t":"2026-09-18T01:15:58.208Z"}
{"level":"info","event":"action","runId":"9eac3cc4-d017-4e40-852c-8f8e0379bedf","type":"challenge","rationale":"Disconfirm material conclusion: A primary source that directly contradicts this conclusion.","step":4,"t":"2026-09-18T01:15:58.228Z"}
{"level":"info","event":"action","runId":"9eac3cc4-d017-4e40-852c-8f8e0379bedf","type":"challenge","rationale":"No counterexample found in accessed primary sources. This is not proof that the conclusion is true.","step":5,"t":"2026-09-18T01:15:58.244Z"}
{"level":"info","event":"action","runId":"9eac3cc4-d017-4e40-852c-8f8e0379bedf","type":"synthesize","rationale":"decision_critical_gaps_resolved_or_unresolvable; high-impact claims supported or qualified; contradictions handled; remaining actions low expected value","step":6,"t":"2026-09-18T01:15:58.257Z"}
{"level":"info","event":"action","runId":"2cce58d2-995c-4cdc-b1e3-2b6a295f8c54","type":"challenge","rationale":"Disconfirm material conclusion: A primary source that directly contradicts this conclusion.","step":0,"t":"2026-09-18T01:15:58.878Z"}
{"level":"info","event":"action","runId":"2cce58d2-995c-4cdc-b1e3-2b6a295f8c54","type":"fetch","rationale":"Inspect an already-known source before another generic query","step":1,"t":"2026-09-18T01:15:58.909Z"}
{"level":"info","event":"action","runId":"2cce58d2-995c-4cdc-b1e3-2b6a295f8c54","type":"fetch","rationale":"Inspect an already-known source before another generic query","step":2,"t":"2026-09-18T01:15:58.926Z"}
{"level":"info","event":"action","runId":"2cce58d2-995c-4cdc-b1e3-2b6a295f8c54","type":"fetch","rationale":"Inspect an already-known source before another generic query","step":3,"t":"2026-09-18T01:15:58.946Z"}
{"level":"info","event":"action","runId":"2cce58d2-995c-4cdc-b1e3-2b6a295f8c54","type":"challenge","rationale":"No counterexample found in accessed primary sources. This is not proof that the conclusion is true.","step":4,"t":"2026-09-18T01:15:58.967Z"}
{"level":"info","event":"action","runId":"2cce58d2-995c-4cdc-b1e3-2b6a295f8c54","type":"synthesize","rationale":"decision_critical_gaps_resolved_or_unresolvable; high-impact claims supported or qualified; contradictions handled; remaining actions low expected value","step":5,"t":"2026-09-18T01:15:58.984Z"}
{"level":"info","event":"action","runId":"f262c351-2716-4f4e-a497-8d08ec068ffb","type":"search","rationale":"Investigate an uncovered required question","step":0,"t":"2026-09-18T01:15:59.645Z"}
{"level":"info","event":"action","runId":"f262c351-2716-4f4e-a497-8d08ec068ffb","type":"fetch","rationale":"Inspect an already-known source before another generic query","step":1,"t":"2026-09-18T01:15:59.678Z"}
{"level":"info","event":"action","runId":"f262c351-2716-4f4e-a497-8d08ec068ffb","type":"fetch","rationale":"Inspect an already-known source before another generic query","step":2,"t":"2026-09-18T01:15:59.694Z"}
{"level":"info","event":"action","runId":"f262c351-2716-4f4e-a497-8d08ec068ffb","type":"fetch","rationale":"Inspect an already-known source before another generic query","step":3,"t":"2026-09-18T01:15:59.710Z"}
{"level":"info","event":"action","runId":"f262c351-2716-4f4e-a497-8d08ec068ffb","type":"challenge","rationale":"Disconfirm material conclusion: A primary source that directly contradicts this conclusion.","step":4,"t":"2026-09-18T01:15:59.729Z"}
{"level":"info","event":"action","runId":"f262c351-2716-4f4e-a497-8d08ec068ffb","type":"challenge","rationale":"No counterexample found in accessed primary sources. This is not proof that the conclusion is true.","step":5,"t":"2026-09-18T01:15:59.747Z"}
{"level":"info","event":"action","runId":"f262c351-2716-4f4e-a497-8d08ec068ffb","type":"synthesize","rationale":"decision_critical_gaps_resolved_or_unresolvable; high-impact claims supported or qualified; contradictions handled; remaining actions low expected value","step":6,"t":"2026-09-18T01:15:59.762Z"}
{"level":"info","event":"action","runId":"68b9e21c-03a2-4f16-ad5a-fef86bc619a3","type":"search","rationale":"Investigate an uncovered required question","step":0,"t":"2026-09-18T01:16:00.160Z"}
{"level":"info","event":"action","runId":"68b9e21c-03a2-4f16-ad5a-fef86bc619a3","type":"fetch","rationale":"Inspect an already-known source before another generic query","step":1,"t":"2026-09-18T01:16:00.183Z"}
{"level":"info","event":"action","runId":"68b9e21c-03a2-4f16-ad5a-fef86bc619a3","type":"fetch","rationale":"Inspect an already-known source before another generic query","step":2,"t":"2026-09-18T01:16:00.198Z"}
{"level":"info","event":"action","runId":"68b9e21c-03a2-4f16-ad5a-fef86bc619a3","type":"fetch","rationale":"Inspect an already-known source before another generic query","step":3,"t":"2026-09-18T01:16:00.212Z"}
{"level":"info","event":"action","runId":"68b9e21c-03a2-4f16-ad5a-fef86bc619a3","type":"fetch","rationale":"Inspect an already-known source before another generic query","step":4,"t":"2026-09-18T01:16:00.225Z"}
{"level":"info","event":"action","runId":"68b9e21c-03a2-4f16-ad5a-fef86bc619a3","type":"fetch","rationale":"Inspect an already-known source before another generic query","step":5,"t":"2026-09-18T01:16:00.239Z"}
{"level":"info","event":"action","runId":"68b9e21c-03a2-4f16-ad5a-fef86bc619a3","type":"challenge","rationale":"Disconfirm material conclusion: A primary source that directly contradicts this conclusion.","step":6,"t":"2026-09-18T01:16:00.254Z"}
{"level":"info","event":"action","runId":"68b9e21c-03a2-4f16-ad5a-fef86bc619a3","type":"challenge","rationale":"No counterexample found in accessed primary sources. This is not proof that the conclusion is true.","step":7,"t":"2026-09-18T01:16:00.269Z"}
{"level":"info","event":"action","runId":"68b9e21c-03a2-4f16-ad5a-fef86bc619a3","type":"synthesize","rationale":"decision_critical_gaps_resolved_or_unresolvable; high-impact claims supported or qualified; contradictions handled; remaining actions low expected value","step":8,"t":"2026-09-18T01:16:00.281Z"}
{"level":"info","event":"action","runId":"1c7ac0d9-0c8d-4d4e-9776-33c83d8c211a","type":"search","rationale":"Investigate an uncovered required question","step":0,"t":"2026-09-18T01:16:00.853Z"}
{"level":"info","event":"action","runId":"1c7ac0d9-0c8d-4d4e-9776-33c83d8c211a","type":"fetch","rationale":"Inspect an already-known source before another generic query","step":1,"t":"2026-09-18T01:16:00.882Z"}
{"level":"info","event":"action","runId":"1c7ac0d9-0c8d-4d4e-9776-33c83d8c211a","type":"fetch","rationale":"Inspect an already-known source before another generic query","step":2,"t":"2026-09-18T01:16:00.897Z"}
{"level":"info","event":"action","runId":"1c7ac0d9-0c8d-4d4e-9776-33c83d8c211a","type":"fetch","rationale":"Inspect an already-known source before another generic query","step":3,"t":"2026-09-18T01:16:00.914Z"}
{"level":"info","event":"action","runId":"1c7ac0d9-0c8d-4d4e-9776-33c83d8c211a","type":"fetch","rationale":"Inspect an already-known source before another generic query","step":4,"t":"2026-09-18T01:16:00.931Z"}
{"level":"info","event":"action","runId":"1c7ac0d9-0c8d-4d4e-9776-33c83d8c211a","type":"fetch","rationale":"Inspect an already-known source before another generic query","step":5,"t":"2026-09-18T01:16:00.949Z"}
{"level":"info","event":"action","runId":"1c7ac0d9-0c8d-4d4e-9776-33c83d8c211a","type":"challenge","rationale":"Disconfirm material conclusion: A primary source that directly contradicts this conclusion.","step":6,"t":"2026-09-18T01:16:00.964Z"}
{"level":"info","event":"action","runId":"1c7ac0d9-0c8d-4d4e-9776-33c83d8c211a","type":"challenge","rationale":"No counterexample found in accessed primary sources. This is not proof that the conclusion is true.","step":7,"t":"2026-09-18T01:16:00.980Z"}
{"level":"info","event":"action","runId":"1c7ac0d9-0c8d-4d4e-9776-33c83d8c211a","type":"synthesize","rationale":"decision_critical_gaps_resolved_or_unresolvable; high-impact claims supported or qualified; contradictions handled; remaining actions low expected value","step":8,"t":"2026-09-18T01:16:00.993Z"}
{"level":"info","event":"action","runId":"011c5196-ea4c-46b8-8f05-a43f88600cd1","type":"search","rationale":"Investigate an uncovered required question","step":0,"t":"2026-09-18T01:16:01.579Z"}
{"level":"info","event":"action","runId":"011c5196-ea4c-46b8-8f05-a43f88600cd1","type":"fetch","rationale":"Inspect an already-known source before another generic query","step":1,"t":"2026-09-18T01:16:01.601Z"}
{"level":"info","event":"action","runId":"011c5196-ea4c-46b8-8f05-a43f88600cd1","type":"fetch","rationale":"Inspect an already-known source before another generic query","step":2,"t":"2026-09-18T01:16:01.615Z"}
{"level":"info","event":"action","runId":"011c5196-ea4c-46b8-8f05-a43f88600cd1","type":"fetch","rationale":"Inspect an already-known source before another generic query","step":3,"t":"2026-09-18T01:16:01.629Z"}
{"level":"info","event":"action","runId":"011c5196-ea4c-46b8-8f05-a43f88600cd1","type":"challenge","rationale":"Disconfirm material conclusion: A primary source that directly contradicts this conclusion.","step":4,"t":"2026-09-18T01:16:01.646Z"}
{"level":"info","event":"action","runId":"011c5196-ea4c-46b8-8f05-a43f88600cd1","type":"challenge","rationale":"No counterexample found in accessed primary sources. This is not proof that the conclusion is true.","step":5,"t":"2026-09-18T01:16:01.661Z"}
{"level":"info","event":"action","runId":"011c5196-ea4c-46b8-8f05-a43f88600cd1","type":"synthesize","rationale":"decision_critical_gaps_resolved_or_unresolvable; high-impact claims supported or qualified; contradictions handled; remaining actions low expected value","step":6,"t":"2026-09-18T01:16:01.672Z"}
{"level":"info","event":"action","runId":"060e1e74-6517-43d9-ac11-982e082b23cb","type":"search","rationale":"Investigate an uncovered required question","step":0,"t":"2026-09-18T01:16:02.286Z"}
{"level":"info","event":"action","runId":"060e1e74-6517-43d9-ac11-982e082b23cb","type":"fetch","rationale":"Inspect an already-known source before another generic query","step":1,"t":"2026-09-18T01:16:02.316Z"}
{"level":"info","event":"action","runId":"060e1e74-6517-43d9-ac11-982e082b23cb","type":"fetch","rationale":"Inspect an already-known source before another generic query","step":2,"t":"2026-09-18T01:16:02.331Z"}
{"level":"info","event":"action","runId":"060e1e74-6517-43d9-ac11-982e082b23cb","type":"fetch","rationale":"Inspect an already-known source before another generic query","step":3,"t":"2026-09-18T01:16:02.348Z"}
{"level":"info","event":"action","runId":"060e1e74-6517-43d9-ac11-982e082b23cb","type":"challenge","rationale":"Disconfirm material conclusion: A primary source that directly contradicts this conclusion.","step":4,"t":"2026-09-18T01:16:02.371Z"}
{"level":"info","event":"action","runId":"060e1e74-6517-43d9-ac11-982e082b23cb","type":"challenge","rationale":"No counterexample found in accessed primary sources. This is not proof that the conclusion is true.","step":5,"t":"2026-09-18T01:16:02.388Z"}
{"level":"info","event":"action","runId":"060e1e74-6517-43d9-ac11-982e082b23cb","type":"synthesize","rationale":"decision_critical_gaps_resolved_or_unresolvable; high-impact claims supported or qualified; contradictions handled; remaining actions low expected value","step":6,"t":"2026-09-18T01:16:02.401Z"}
 ✓ test/g01-g02.integration.test.ts (9 tests) 7158ms
   ✓ G01 safety policy > G01-cross-user: another account cannot read run, events, report, source, export, or mutate  995ms
   ✓ G01 safety policy > G01-private-to-public: attachment canary is stored as evidence and omitted from search queries  1013ms
   ✓ G01 safety policy > G01-consent: missing, declined, and revoked consent cannot start or continue processing  713ms
   ✓ G01 safety policy > G01-deletion: derived text is purged and a late worker cannot resurrect it  768ms
   ✓ G02 engineering requirement > G02-unknown-citation: invented passage IDs cannot publish  719ms
   ✓ G02 engineering requirement > G02-lost-run: an accepted create remains recoverable from the server after the client drops state  715ms
   ✓ G02 engineering requirement > G02-duplicate-debit: replayed completion and idempotent create settle once  721ms
   ✓ G02 engineering requirement > G02-stale-revision: obsolete brief, evidence, or lease cannot publish  503ms
   ✓ G02 engineering requirement > G02-cancel-writing: cancel during writing rejects late publication  717ms
{"level":"info","event":"action","runId":"0e597d9c-cf17-42a9-9126-bce0c141fe5b","type":"search","rationale":"Investigate an uncovered required question","step":0,"t":"2026-09-18T01:16:04.087Z"}
{"level":"info","event":"action","runId":"0e597d9c-cf17-42a9-9126-bce0c141fe5b","type":"stop","rationale":"action type reveal_keys is not a permitted research action","step":1,"t":"2026-09-18T01:16:04.125Z"}
{"level":"info","event":"action","runId":"10a776b9-9996-4195-b577-5314a8355d60","type":"search","rationale":"Investigate an uncovered required question","step":0,"t":"2026-09-18T01:16:05.033Z"}
{"level":"info","event":"action","runId":"10a776b9-9996-4195-b577-5314a8355d60","type":"search","rationale":"Decision-blocking gap: authoritative compatibility limitation. Switching source type to vendor-matrix.","step":1,"t":"2026-09-18T01:16:05.063Z"}
{"level":"info","event":"action","runId":"10a776b9-9996-4195-b577-5314a8355d60","type":"fetch","rationale":"Inspect the preferred source type (vendor-matrix) before more weak sources","step":2,"t":"2026-09-18T01:16:05.086Z"}
{"level":"info","event":"action","runId":"10a776b9-9996-4195-b577-5314a8355d60","type":"fetch","rationale":"Inspect an already-known source before another generic query","step":3,"t":"2026-09-18T01:16:05.110Z"}
{"level":"info","event":"action","runId":"10a776b9-9996-4195-b577-5314a8355d60","type":"fetch","rationale":"Inspect an already-known source before another generic query","step":4,"t":"2026-09-18T01:16:05.130Z"}
{"level":"info","event":"action","runId":"10a776b9-9996-4195-b577-5314a8355d60","type":"fetch","rationale":"Inspect an already-known source before another generic query","step":5,"t":"2026-09-18T01:16:05.153Z"}
{"level":"info","event":"action","runId":"10a776b9-9996-4195-b577-5314a8355d60","type":"verify","rationale":"Scope-check contradiction on compatibility before treating newest as correct","step":6,"t":"2026-09-18T01:16:05.176Z"}
{"level":"info","event":"action","runId":"10a776b9-9996-4195-b577-5314a8355d60","type":"challenge","rationale":"Disconfirm material conclusion: Official compatibility documentation that lists the named version as supported.","step":7,"t":"2026-09-18T01:16:05.197Z"}
{"level":"info","event":"action","runId":"10a776b9-9996-4195-b577-5314a8355d60","type":"challenge","rationale":"No counterexample found in accessed primary sources. This is not proof that the conclusion is true.","step":8,"t":"2026-09-18T01:16:05.220Z"}
{"level":"info","event":"action","runId":"10a776b9-9996-4195-b577-5314a8355d60","type":"synthesize","rationale":"decision_critical_gaps_resolved_or_unresolvable; high-impact claims supported or qualified; contradictions handled; remaining actions low expected value","step":9,"t":"2026-09-18T01:16:05.239Z"}
{"level":"info","event":"action","runId":"051acdf1-0854-4452-af81-bd26812c84d6","type":"search","rationale":"Investigate an uncovered required question","step":0,"t":"2026-09-18T01:16:06.150Z"}
{"level":"info","event":"action","runId":"051acdf1-0854-4452-af81-bd26812c84d6","type":"fetch","rationale":"Inspect an already-known source before another generic query","step":1,"t":"2026-09-18T01:16:06.197Z"}
{"level":"info","event":"action","runId":"051acdf1-0854-4452-af81-bd26812c84d6","type":"fetch","rationale":"Inspect an already-known source before another generic query","step":2,"t":"2026-09-18T01:16:06.217Z"}
{"level":"info","event":"action","runId":"051acdf1-0854-4452-af81-bd26812c84d6","type":"fetch","rationale":"Inspect an already-known source before another generic query","step":3,"t":"2026-09-18T01:16:06.238Z"}
{"level":"info","event":"action","runId":"051acdf1-0854-4452-af81-bd26812c84d6","type":"challenge","rationale":"Disconfirm material conclusion: A primary source that directly contradicts this conclusion.","step":4,"t":"2026-09-18T01:16:06.264Z"}
{"level":"info","event":"action","runId":"051acdf1-0854-4452-af81-bd26812c84d6","type":"challenge","rationale":"No counterexample found in accessed primary sources. This is not proof that the conclusion is true.","step":5,"t":"2026-09-18T01:16:06.284Z"}
{"level":"info","event":"action","runId":"051acdf1-0854-4452-af81-bd26812c84d6","type":"synthesize","rationale":"decision_critical_gaps_resolved_or_unresolvable; high-impact claims supported or qualified; contradictions handled; remaining actions low expected value","step":6,"t":"2026-09-18T01:16:06.299Z"}
{"level":"info","event":"action","runId":"7f5279d0-fa9a-4c60-b674-765338430b39","type":"search","rationale":"Investigate an uncovered required question","step":0,"t":"2026-09-18T01:16:07.250Z"}
{"level":"info","event":"action","runId":"7f5279d0-fa9a-4c60-b674-765338430b39","type":"search","rationale":"Investigate an uncovered required question","step":1,"t":"2026-09-18T01:16:07.291Z"}
{"level":"info","event":"action","runId":"d3b9db4b-05d9-45c5-8708-52c1544f4ddb","type":"search","rationale":"Investigate an uncovered required question","step":0,"t":"2026-09-18T01:16:07.855Z"}
{"level":"info","event":"action","runId":"f3cfc55c-786f-49fc-ad31-066fb6adfd61","type":"search","rationale":"Investigate an uncovered required question","step":0,"t":"2026-09-18T01:16:08.451Z"}
{"level":"info","event":"action","runId":"d85b415d-2d9f-489c-a2ec-144c42bf27c9","type":"search","rationale":"Investigate an uncovered required question","step":0,"t":"2026-09-18T01:16:09.053Z"}
{"level":"info","event":"action","runId":"4a6a8fab-c756-480f-be9f-51026837f6fe","type":"search","rationale":"Investigate an uncovered required question","step":0,"t":"2026-09-18T01:16:09.609Z"}
{"level":"info","event":"action","runId":"5172f874-7793-40e7-872f-191b882629c1","type":"search","rationale":"Investigate an uncovered required question","step":0,"t":"2026-09-18T01:16:09.967Z"}
{"level":"info","event":"action","runId":"b1852438-7de9-4d04-8448-9b35f318388e","type":"search","rationale":"Investigate an uncovered required question","step":0,"t":"2026-09-18T01:16:10.341Z"}
 ✓ test/controller-admission.integration.test.ts (11 tests) 7570ms
   ✓ controller admission on the fixture worker path > rejects injected privileged proposals and still inspects remaining sources  1021ms
   ✓ controller admission on the fixture worker path > records a source-type pivot and stop reason for a compatibility gap  1144ms
   ✓ controller admission on the fixture worker path > unknown-dependency correction forces a full rerun  1091ms
   ✓ controller admission on the fixture worker path > processRun records an issued live intent before the provider call for a well-formed search  655ms
   ✓ controller admission on the fixture worker path > does not count http_failure as a completed search  575ms
   ✓ controller admission on the fixture worker path > does not count unknown_cost as a completed search  595ms
   ✓ controller admission on the fixture worker path > does not count timeout as a completed search  600ms
   ✓ controller admission on the fixture worker path > does not count prior_attempt as a completed search  547ms
   ✓ controller admission on the fixture worker path > does not count prior_confirmed_attempt as a completed search  363ms
   ✓ controller admission on the fixture worker path > default run allowance blocks a larger provider reserve before any network call  364ms
   ✓ controller admission on the fixture worker path > issued then failed live intents still consume the reservation  310ms
{"level":"info","event":"action","runId":"c2b12d95-2b74-483c-8c9a-bfe1e36d66fe","type":"search","rationale":"Investigate an uncovered required question","step":0,"t":"2026-09-18T01:16:12.355Z"}
{"level":"info","event":"action","runId":"c2b12d95-2b74-483c-8c9a-bfe1e36d66fe","type":"fetch","rationale":"Inspect an already-known source before another generic query","step":1,"t":"2026-09-18T01:16:12.401Z"}
{"level":"info","event":"action","runId":"c2b12d95-2b74-483c-8c9a-bfe1e36d66fe","type":"fetch","rationale":"Inspect an already-known source before another generic query","step":2,"t":"2026-09-18T01:16:12.424Z"}
{"level":"info","event":"action","runId":"c2b12d95-2b74-483c-8c9a-bfe1e36d66fe","type":"fetch","rationale":"Inspect an already-known source before another generic query","step":3,"t":"2026-09-18T01:16:12.448Z"}
{"level":"info","event":"action","runId":"c2b12d95-2b74-483c-8c9a-bfe1e36d66fe","type":"challenge","rationale":"Disconfirm material conclusion: A primary source that directly contradicts this conclusion.","step":4,"t":"2026-09-18T01:16:12.475Z"}
{"level":"info","event":"action","runId":"c2b12d95-2b74-483c-8c9a-bfe1e36d66fe","type":"challenge","rationale":"No counterexample found in accessed primary sources. This is not proof that the conclusion is true.","step":5,"t":"2026-09-18T01:16:12.496Z"}
{"level":"info","event":"action","runId":"c2b12d95-2b74-483c-8c9a-bfe1e36d66fe","type":"synthesize","rationale":"decision_critical_gaps_resolved_or_unresolvable; high-impact claims supported or qualified; contradictions handled; remaining actions low expected value","step":6,"t":"2026-09-18T01:16:12.515Z"}
 ✓ test/g06-cost.integration.test.ts (2 tests) 1562ms
   ✓ G06 local capability probe and measured fixture cost > GET /v1/routes/capabilities pins fixture tariffs and does not enable a live paid probe  383ms
   ✓ G06 local capability probe and measured fixture cost > GET /v1/runs/:id/cost reconciles spent_micro to fixture intents and denies other accounts  886ms
{"level":"info","event":"action","runId":"906dc683-8a61-462e-ac9f-a4e66fdde539","type":"search","rationale":"Investigate an uncovered required question","step":0,"t":"2026-09-18T01:16:14.613Z"}
{"level":"info","event":"action","runId":"906dc683-8a61-462e-ac9f-a4e66fdde539","type":"fetch","rationale":"Inspect an already-known source before another generic query","step":1,"t":"2026-09-18T01:16:14.654Z"}
{"level":"info","event":"action","runId":"906dc683-8a61-462e-ac9f-a4e66fdde539","type":"fetch","rationale":"Inspect an already-known source before another generic query","step":2,"t":"2026-09-18T01:16:14.680Z"}
{"level":"info","event":"action","runId":"906dc683-8a61-462e-ac9f-a4e66fdde539","type":"fetch","rationale":"Inspect an already-known source before another generic query","step":3,"t":"2026-09-18T01:16:14.700Z"}
{"level":"info","event":"action","runId":"906dc683-8a61-462e-ac9f-a4e66fdde539","type":"fetch","rationale":"Inspect an already-known source before another generic query","step":4,"t":"2026-09-18T01:16:14.721Z"}
{"level":"info","event":"action","runId":"906dc683-8a61-462e-ac9f-a4e66fdde539","type":"fetch","rationale":"Inspect an already-known source before another generic query","step":5,"t":"2026-09-18T01:16:14.740Z"}
{"level":"info","event":"action","runId":"906dc683-8a61-462e-ac9f-a4e66fdde539","type":"challenge","rationale":"Disconfirm material conclusion: A primary source that directly contradicts this conclusion.","step":6,"t":"2026-09-18T01:16:14.763Z"}
{"level":"info","event":"action","runId":"906dc683-8a61-462e-ac9f-a4e66fdde539","type":"challenge","rationale":"No counterexample found in accessed primary sources. This is not proof that the conclusion is true.","step":7,"t":"2026-09-18T01:16:14.785Z"}
{"level":"info","event":"action","runId":"906dc683-8a61-462e-ac9f-a4e66fdde539","type":"synthesize","rationale":"decision_critical_gaps_resolved_or_unresolvable; high-impact claims supported or qualified; contradictions handled; remaining actions low expected value","step":8,"t":"2026-09-18T01:16:14.801Z"}
{"level":"info","event":"action","runId":"f0a368bb-e01d-47e3-89c0-b670c50497b1","type":"search","rationale":"Investigate an uncovered required question","step":0,"t":"2026-09-18T01:16:15.134Z"}
{"level":"info","event":"action","runId":"f0a368bb-e01d-47e3-89c0-b670c50497b1","type":"fetch","rationale":"Inspect an already-known source before another generic query","step":1,"t":"2026-09-18T01:16:15.158Z"}
{"level":"info","event":"action","runId":"f0a368bb-e01d-47e3-89c0-b670c50497b1","type":"fetch","rationale":"Inspect an already-known source before another generic query","step":2,"t":"2026-09-18T01:16:15.177Z"}
{"level":"info","event":"action","runId":"f0a368bb-e01d-47e3-89c0-b670c50497b1","type":"fetch","rationale":"Inspect an already-known source before another generic query","step":3,"t":"2026-09-18T01:16:15.193Z"}
{"level":"info","event":"action","runId":"f0a368bb-e01d-47e3-89c0-b670c50497b1","type":"fetch","rationale":"Inspect an already-known source before another generic query","step":4,"t":"2026-09-18T01:16:15.212Z"}
{"level":"info","event":"action","runId":"f0a368bb-e01d-47e3-89c0-b670c50497b1","type":"fetch","rationale":"Inspect an already-known source before another generic query","step":5,"t":"2026-09-18T01:16:15.230Z"}
{"level":"info","event":"action","runId":"f0a368bb-e01d-47e3-89c0-b670c50497b1","type":"challenge","rationale":"Disconfirm material conclusion: A primary source that directly contradicts this conclusion.","step":6,"t":"2026-09-18T01:16:15.246Z"}
{"level":"info","event":"action","runId":"f0a368bb-e01d-47e3-89c0-b670c50497b1","type":"challenge","rationale":"No counterexample found in accessed primary sources. This is not proof that the conclusion is true.","step":7,"t":"2026-09-18T01:16:15.268Z"}
{"level":"info","event":"action","runId":"f0a368bb-e01d-47e3-89c0-b670c50497b1","type":"synthesize","rationale":"decision_critical_gaps_resolved_or_unresolvable; high-impact claims supported or qualified; contradictions handled; remaining actions low expected value","step":8,"t":"2026-09-18T01:16:15.281Z"}
 ✓ test/g07-output.integration.test.ts (3 tests) 2358ms
   ✓ G07 / M10 in-app output reporting and privacy disclosure > GET /v1/settings exposes privacy disclosure and output-reporting categories; purchases stay gated  384ms
   ✓ G07 / M10 in-app output reporting and privacy disclosure > M10 includeExcerpt stores owned answer text; omitting it stores no excerpt; other accounts are denied  1334ms
   ✓ G07 / M10 in-app output reporting and privacy disclosure > restore purchases stays gated and grants no entitlement  331ms
{"level":"info","event":"action","runId":"7e9e4a8a-c49c-4fc9-b48e-c648f7e23ed9","type":"challenge","rationale":"Disconfirm material conclusion: A primary source that directly contradicts this conclusion.","step":0,"t":"2026-09-18T01:16:17.006Z"}
{"level":"info","event":"action","runId":"7e9e4a8a-c49c-4fc9-b48e-c648f7e23ed9","type":"fetch","rationale":"Inspect an already-known source before another generic query","step":1,"t":"2026-09-18T01:16:17.059Z"}
{"level":"info","event":"action","runId":"7e9e4a8a-c49c-4fc9-b48e-c648f7e23ed9","type":"fetch","rationale":"Inspect an already-known source before another generic query","step":2,"t":"2026-09-18T01:16:17.084Z"}
{"level":"info","event":"action","runId":"7e9e4a8a-c49c-4fc9-b48e-c648f7e23ed9","type":"fetch","rationale":"Inspect an already-known source before another generic query","step":3,"t":"2026-09-18T01:16:17.106Z"}
{"level":"info","event":"action","runId":"7e9e4a8a-c49c-4fc9-b48e-c648f7e23ed9","type":"challenge","rationale":"Disconfirm material conclusion: A primary source that directly contradicts this conclusion.","step":4,"t":"2026-09-18T01:16:17.133Z"}
{"level":"info","event":"action","runId":"7e9e4a8a-c49c-4fc9-b48e-c648f7e23ed9","type":"challenge","rationale":"Disconfirm material conclusion: A primary source that directly contradicts this conclusion.","step":5,"t":"2026-09-18T01:16:17.158Z"}
{"level":"info","event":"action","runId":"7e9e4a8a-c49c-4fc9-b48e-c648f7e23ed9","type":"challenge","rationale":"Disconfirm material conclusion: A primary source that directly contradicts this conclusion.","step":6,"t":"2026-09-18T01:16:17.180Z"}
{"level":"info","event":"action","runId":"7e9e4a8a-c49c-4fc9-b48e-c648f7e23ed9","type":"challenge","rationale":"Disconfirm material conclusion: A primary source that directly contradicts this conclusion.","step":7,"t":"2026-09-18T01:16:17.202Z"}
{"level":"info","event":"action","runId":"7e9e4a8a-c49c-4fc9-b48e-c648f7e23ed9","type":"challenge","rationale":"Disconfirm material conclusion: A primary source that directly contradicts this conclusion.","step":8,"t":"2026-09-18T01:16:17.224Z"}
{"level":"info","event":"action","runId":"7e9e4a8a-c49c-4fc9-b48e-c648f7e23ed9","type":"challenge","rationale":"Disconfirm material conclusion: A primary source that directly contradicts this conclusion.","step":9,"t":"2026-09-18T01:16:17.246Z"}
{"level":"info","event":"action","runId":"7e9e4a8a-c49c-4fc9-b48e-c648f7e23ed9","type":"challenge","rationale":"Disconfirm material conclusion: A primary source that directly contradicts this conclusion.","step":10,"t":"2026-09-18T01:16:17.269Z"}
{"level":"info","event":"action","runId":"7e9e4a8a-c49c-4fc9-b48e-c648f7e23ed9","type":"challenge","rationale":"No counterexample found in accessed primary sources. This is not proof that the conclusion is true.","step":11,"t":"2026-09-18T01:16:17.292Z"}
{"level":"info","event":"action","runId":"7e9e4a8a-c49c-4fc9-b48e-c648f7e23ed9","type":"stop","rationale":"Repeated searches returned no novel source family or coverage progress","step":12,"t":"2026-09-18T01:16:17.314Z"}
{"level":"info","event":"action","runId":"51e36bc8-4647-46a6-8f4f-57bbef6146d5","type":"search","rationale":"Investigate an uncovered required question","step":0,"t":"2026-09-18T01:16:17.811Z"}
{"level":"info","event":"action","runId":"51e36bc8-4647-46a6-8f4f-57bbef6146d5","type":"fetch","rationale":"Inspect an already-known source before another generic query","step":1,"t":"2026-09-18T01:16:17.852Z"}
{"level":"info","event":"action","runId":"51e36bc8-4647-46a6-8f4f-57bbef6146d5","type":"fetch","rationale":"Inspect an already-known source before another generic query","step":2,"t":"2026-09-18T01:16:17.872Z"}
{"level":"info","event":"action","runId":"51e36bc8-4647-46a6-8f4f-57bbef6146d5","type":"fetch","rationale":"Inspect an already-known source before another generic query","step":3,"t":"2026-09-18T01:16:17.893Z"}
{"level":"info","event":"action","runId":"51e36bc8-4647-46a6-8f4f-57bbef6146d5","type":"challenge","rationale":"Disconfirm material conclusion: A primary source that directly contradicts this conclusion.","step":4,"t":"2026-09-18T01:16:17.920Z"}
{"level":"info","event":"action","runId":"51e36bc8-4647-46a6-8f4f-57bbef6146d5","type":"challenge","rationale":"No counterexample found in accessed primary sources. This is not proof that the conclusion is true.","step":5,"t":"2026-09-18T01:16:17.941Z"}
{"level":"info","event":"action","runId":"51e36bc8-4647-46a6-8f4f-57bbef6146d5","type":"synthesize","rationale":"decision_critical_gaps_resolved_or_unresolvable; high-impact claims supported or qualified; contradictions handled; remaining actions low expected value","step":6,"t":"2026-09-18T01:16:17.959Z"}
 ✓ test/v6-deletion.integration.test.ts (9 tests) 2031ms
   ✓ W03 deletion removes raw attachments and private text from every owned research store  787ms
   ✓ W03 a challenges request authenticated before deletion cannot restore private content  445ms
{"level":"info","event":"action","runId":"0e5e0a51-31c4-4e00-b9fd-820d78f2d3c1","type":"search","rationale":"Investigate an uncovered required question","step":0,"t":"2026-09-18T01:16:20.158Z"}
{"level":"info","event":"action","runId":"0e5e0a51-31c4-4e00-b9fd-820d78f2d3c1","type":"fetch","rationale":"Inspect an already-known source before another generic query","step":0,"t":"2026-09-18T01:16:20.238Z"}
{"level":"info","event":"action","runId":"0e5e0a51-31c4-4e00-b9fd-820d78f2d3c1","type":"fetch","rationale":"Inspect an already-known source before another generic query","step":1,"t":"2026-09-18T01:16:20.262Z"}
{"level":"info","event":"action","runId":"0e5e0a51-31c4-4e00-b9fd-820d78f2d3c1","type":"fetch","rationale":"Inspect an already-known source before another generic query","step":2,"t":"2026-09-18T01:16:20.285Z"}
{"level":"info","event":"action","runId":"0e5e0a51-31c4-4e00-b9fd-820d78f2d3c1","type":"challenge","rationale":"Disconfirm material conclusion: A primary source that directly contradicts this conclusion.","step":3,"t":"2026-09-18T01:16:20.318Z"}
{"level":"info","event":"action","runId":"0e5e0a51-31c4-4e00-b9fd-820d78f2d3c1","type":"challenge","rationale":"No counterexample found in accessed primary sources. This is not proof that the conclusion is true.","step":4,"t":"2026-09-18T01:16:20.343Z"}
{"level":"info","event":"action","runId":"0e5e0a51-31c4-4e00-b9fd-820d78f2d3c1","type":"synthesize","rationale":"decision_critical_gaps_resolved_or_unresolvable; high-impact claims supported or qualified; contradictions handled; remaining actions low expected value","step":5,"t":"2026-09-18T01:16:20.364Z"}
{"level":"info","event":"action","runId":"b1e6df0b-18c8-48f1-a870-4d8cc3ae0c80","type":"search","rationale":"Investigate an uncovered required question","step":0,"t":"2026-09-18T01:16:21.299Z"}
{"level":"info","event":"action","runId":"b1e6df0b-18c8-48f1-a870-4d8cc3ae0c80","type":"fetch","rationale":"Inspect an already-known source before another generic query","step":1,"t":"2026-09-18T01:16:21.329Z"}
{"level":"info","event":"action","runId":"b1e6df0b-18c8-48f1-a870-4d8cc3ae0c80","type":"fetch","rationale":"Inspect an already-known source before another generic query","step":2,"t":"2026-09-18T01:16:21.348Z"}
{"level":"info","event":"action","runId":"b1e6df0b-18c8-48f1-a870-4d8cc3ae0c80","type":"fetch","rationale":"Inspect an already-known source before another generic query","step":3,"t":"2026-09-18T01:16:21.365Z"}
{"level":"info","event":"action","runId":"b1e6df0b-18c8-48f1-a870-4d8cc3ae0c80","type":"challenge","rationale":"Disconfirm material conclusion: A primary source that directly contradicts this conclusion.","step":4,"t":"2026-09-18T01:16:21.388Z"}
{"level":"info","event":"action","runId":"b1e6df0b-18c8-48f1-a870-4d8cc3ae0c80","type":"challenge","rationale":"No counterexample found in accessed primary sources. This is not proof that the conclusion is true.","step":5,"t":"2026-09-18T01:16:21.408Z"}
{"level":"info","event":"action","runId":"b1e6df0b-18c8-48f1-a870-4d8cc3ae0c80","type":"synthesize","rationale":"decision_critical_gaps_resolved_or_unresolvable; high-impact claims supported or qualified; contradictions handled; remaining actions low expected value","step":6,"t":"2026-09-18T01:16:21.423Z"}
{"level":"info","event":"action","runId":"b1e6df0b-18c8-48f1-a870-4d8cc3ae0c80","type":"synthesize","rationale":"decision_critical_gaps_resolved_or_unresolvable; high-impact claims supported or qualified; contradictions handled; remaining actions low expected value","step":0,"t":"2026-09-18T01:16:21.666Z"}
 ✓ test/p4-recovery.integration.test.ts (2 tests) 2777ms
   ✓ P4 recovery drill against shipped worker/Postgres > crash after fetch: evidence kept, live lease not stolen, expired lease recovered without double-settle  1251ms
   ✓ P4 recovery drill against shipped worker/Postgres > crash before publish then expired-lease failover: one report and one settlement  1222ms
 ✓ test/source-deletion.integration.test.ts (6 tests) 1733ms
   ✓ W03/W06 deletes owned source and reused descendants, preserving unrelated raw evidence and accounts  539ms
 ✓ test/provider-reconciliation.integration.test.ts (13 tests) 1590ms
 ✓ test/v6-execution.integration.test.ts (22 tests) 1356ms
 ✓ test/v6-publication.integration.test.ts (19 tests) 727ms
 ✓ test/research-strategy.integration.test.ts (1 test) 506ms
 ✓ test/v6-identity.integration.test.ts (3 tests) 522ms
 ✓ test/v6-upload.integration.test.ts (2 tests) 359ms
 ✓ test/v6-ingestion.integration.test.ts (1 test) 230ms
 ✓ test/pinned-http.integration.test.ts (3 tests) 96ms

 Test Files  19 passed (19)
      Tests  328 passed (328)
   Start at  19:11:20
   Duration  313.52s (transform 1.93s, setup 0ms, collect 8.67s, tests 299.86s, environment 6ms, prepare 1.81s)

