
> deep-research-mobile@0.1.0 test:integration /home/oranolio/Desktop/Deep
> pnpm --filter @deep/backend test:integration


> @deep/backend@0.1.0 test:integration /home/oranolio/Desktop/Deep/apps/backend
> vitest run --config vitest.integration.config.ts


 RUN  v4.1.11 /home/oranolio/Desktop/Deep/apps/backend

{"level":"info","event":"action","runId":"ccaf98ca-3e69-4377-8f4c-f821de581665","type":"search","rationale":"Investigate an uncovered required question","step":0,"t":"2026-09-18T12:13:46.550Z"}
{"level":"info","event":"action","runId":"ccaf98ca-3e69-4377-8f4c-f821de581665","type":"fetch","rationale":"Inspect an already-known source before another generic query","step":1,"t":"2026-09-18T12:13:46.585Z"}
{"level":"info","event":"action","runId":"ccaf98ca-3e69-4377-8f4c-f821de581665","type":"fetch","rationale":"Inspect an already-known source before another generic query","step":2,"t":"2026-09-18T12:13:46.603Z"}
{"level":"info","event":"action","runId":"ccaf98ca-3e69-4377-8f4c-f821de581665","type":"fetch","rationale":"Inspect an already-known source before another generic query","step":3,"t":"2026-09-18T12:13:46.620Z"}
{"level":"info","event":"action","runId":"ccaf98ca-3e69-4377-8f4c-f821de581665","type":"challenge","rationale":"Disconfirm material conclusion: A primary source that directly contradicts this conclusion.","step":4,"t":"2026-09-18T12:13:46.643Z"}
{"level":"info","event":"action","runId":"ccaf98ca-3e69-4377-8f4c-f821de581665","type":"challenge","rationale":"No counterexample found in accessed primary sources. This is not proof that the conclusion is true.","step":5,"t":"2026-09-18T12:13:46.661Z"}
{"level":"info","event":"action","runId":"ccaf98ca-3e69-4377-8f4c-f821de581665","type":"synthesize","rationale":"decision_critical_gaps_resolved_or_unresolvable; high-impact claims supported or qualified; contradictions handled; remaining actions low expected value","step":6,"t":"2026-09-18T12:13:46.677Z"}
{"level":"info","event":"action","runId":"284b0628-9fc3-431d-9147-d6b2bc171309","type":"search","rationale":"Investigate an uncovered required question","step":0,"t":"2026-09-18T12:13:47.294Z"}
{"level":"info","event":"action","runId":"284b0628-9fc3-431d-9147-d6b2bc171309","type":"fetch","rationale":"Inspect an already-known source before another generic query","step":1,"t":"2026-09-18T12:13:47.313Z"}
{"level":"info","event":"action","runId":"284b0628-9fc3-431d-9147-d6b2bc171309","type":"fetch","rationale":"Inspect an already-known source before another generic query","step":2,"t":"2026-09-18T12:13:47.327Z"}
{"level":"info","event":"action","runId":"284b0628-9fc3-431d-9147-d6b2bc171309","type":"challenge","rationale":"Disconfirm material conclusion: A primary source that directly contradicts this conclusion.","step":3,"t":"2026-09-18T12:13:47.345Z"}
{"level":"info","event":"action","runId":"284b0628-9fc3-431d-9147-d6b2bc171309","type":"challenge","rationale":"No counterexample found in accessed primary sources. This is not proof that the conclusion is true.","step":4,"t":"2026-09-18T12:13:47.360Z"}
{"level":"info","event":"action","runId":"284b0628-9fc3-431d-9147-d6b2bc171309","type":"synthesize","rationale":"decision_critical_gaps_resolved_or_unresolvable; high-impact claims supported or qualified; contradictions handled; remaining actions low expected value","step":5,"t":"2026-09-18T12:13:47.372Z"}
{"level":"info","event":"action","runId":"f501ef8d-99de-4ea2-acec-7cf74ad26432","type":"search","rationale":"Investigate an uncovered required question","step":0,"t":"2026-09-18T12:13:47.925Z"}
{"level":"info","event":"action","runId":"f501ef8d-99de-4ea2-acec-7cf74ad26432","type":"fetch","rationale":"Inspect an already-known source before another generic query","step":1,"t":"2026-09-18T12:13:47.949Z"}
{"level":"info","event":"action","runId":"f501ef8d-99de-4ea2-acec-7cf74ad26432","type":"fetch","rationale":"Inspect an already-known source before another generic query","step":2,"t":"2026-09-18T12:13:47.963Z"}
{"level":"info","event":"action","runId":"f501ef8d-99de-4ea2-acec-7cf74ad26432","type":"fetch","rationale":"Inspect an already-known source before another generic query","step":3,"t":"2026-09-18T12:13:47.977Z"}
{"level":"info","event":"action","runId":"f501ef8d-99de-4ea2-acec-7cf74ad26432","type":"challenge","rationale":"Disconfirm material conclusion: A primary source that directly contradicts this conclusion.","step":4,"t":"2026-09-18T12:13:47.996Z"}
{"level":"info","event":"action","runId":"f501ef8d-99de-4ea2-acec-7cf74ad26432","type":"challenge","rationale":"No counterexample found in accessed primary sources. This is not proof that the conclusion is true.","step":5,"t":"2026-09-18T12:13:48.010Z"}
{"level":"info","event":"action","runId":"f501ef8d-99de-4ea2-acec-7cf74ad26432","type":"synthesize","rationale":"decision_critical_gaps_resolved_or_unresolvable; high-impact claims supported or qualified; contradictions handled; remaining actions low expected value","step":6,"t":"2026-09-18T12:13:48.022Z"}
{"level":"info","event":"action","runId":"af1d1a42-da3e-4e3f-a663-d91a9394c2bd","type":"search","rationale":"Investigate an uncovered required question","step":0,"t":"2026-09-18T12:13:48.580Z"}
{"level":"info","event":"action","runId":"af1d1a42-da3e-4e3f-a663-d91a9394c2bd","type":"fetch","rationale":"Inspect an already-known source before another generic query","step":1,"t":"2026-09-18T12:13:48.598Z"}
{"level":"info","event":"action","runId":"af1d1a42-da3e-4e3f-a663-d91a9394c2bd","type":"fetch","rationale":"Inspect an already-known source before another generic query","step":2,"t":"2026-09-18T12:13:48.613Z"}
{"level":"info","event":"action","runId":"af1d1a42-da3e-4e3f-a663-d91a9394c2bd","type":"challenge","rationale":"Disconfirm material conclusion: A primary source that directly contradicts this conclusion.","step":3,"t":"2026-09-18T12:13:48.627Z"}
{"level":"info","event":"action","runId":"af1d1a42-da3e-4e3f-a663-d91a9394c2bd","type":"challenge","rationale":"No counterexample found in accessed primary sources. This is not proof that the conclusion is true.","step":4,"t":"2026-09-18T12:13:48.640Z"}
{"level":"info","event":"action","runId":"af1d1a42-da3e-4e3f-a663-d91a9394c2bd","type":"synthesize","rationale":"decision_critical_gaps_resolved_or_unresolvable; high-impact claims supported or qualified; contradictions handled; remaining actions low expected value","step":5,"t":"2026-09-18T12:13:48.653Z"}
{"level":"info","event":"action","runId":"6c5f555d-9f27-4f14-8c0e-ed911b648f2a","type":"search","rationale":"Investigate an uncovered required question","step":0,"t":"2026-09-18T12:13:49.199Z"}
{"level":"info","event":"action","runId":"6c5f555d-9f27-4f14-8c0e-ed911b648f2a","type":"fetch","rationale":"Inspect an already-known source before another generic query","step":1,"t":"2026-09-18T12:13:49.215Z"}
{"level":"info","event":"action","runId":"6c5f555d-9f27-4f14-8c0e-ed911b648f2a","type":"challenge","rationale":"Disconfirm material conclusion: A primary source that directly contradicts this conclusion.","step":2,"t":"2026-09-18T12:13:49.231Z"}
{"level":"info","event":"action","runId":"6c5f555d-9f27-4f14-8c0e-ed911b648f2a","type":"challenge","rationale":"No counterexample found in accessed primary sources. This is not proof that the conclusion is true.","step":3,"t":"2026-09-18T12:13:49.243Z"}
{"level":"info","event":"action","runId":"6c5f555d-9f27-4f14-8c0e-ed911b648f2a","type":"synthesize","rationale":"decision_critical_gaps_resolved_or_unresolvable; high-impact claims supported or qualified; contradictions handled; remaining actions low expected value","step":4,"t":"2026-09-18T12:13:49.254Z"}
{"level":"info","event":"action","runId":"0dab1d6a-451d-4e78-b86d-b6e75561dec6","type":"search","rationale":"Investigate an uncovered required question","step":0,"t":"2026-09-18T12:13:49.782Z"}
{"level":"info","event":"action","runId":"0dab1d6a-451d-4e78-b86d-b6e75561dec6","type":"fetch","rationale":"Inspect an already-known source before another generic query","step":1,"t":"2026-09-18T12:13:49.802Z"}
{"level":"info","event":"action","runId":"0dab1d6a-451d-4e78-b86d-b6e75561dec6","type":"fetch","rationale":"Inspect an already-known source before another generic query","step":2,"t":"2026-09-18T12:13:49.814Z"}
{"level":"info","event":"action","runId":"0dab1d6a-451d-4e78-b86d-b6e75561dec6","type":"fetch","rationale":"Inspect an already-known source before another generic query","step":3,"t":"2026-09-18T12:13:49.827Z"}
{"level":"info","event":"action","runId":"0dab1d6a-451d-4e78-b86d-b6e75561dec6","type":"challenge","rationale":"Disconfirm material conclusion: A primary source that directly contradicts this conclusion.","step":4,"t":"2026-09-18T12:13:49.843Z"}
{"level":"info","event":"action","runId":"0dab1d6a-451d-4e78-b86d-b6e75561dec6","type":"challenge","rationale":"No counterexample found in accessed primary sources. This is not proof that the conclusion is true.","step":5,"t":"2026-09-18T12:13:49.856Z"}
{"level":"info","event":"action","runId":"0dab1d6a-451d-4e78-b86d-b6e75561dec6","type":"synthesize","rationale":"decision_critical_gaps_resolved_or_unresolvable; high-impact claims supported or qualified; contradictions handled; remaining actions low expected value","step":6,"t":"2026-09-18T12:13:49.868Z"}
{"level":"info","event":"action","runId":"2a6bac14-5a3a-40f0-aeb8-08e5b9ba47a0","type":"search","rationale":"Investigate an uncovered required question","step":0,"t":"2026-09-18T12:13:50.434Z"}
{"level":"info","event":"action","runId":"2a6bac14-5a3a-40f0-aeb8-08e5b9ba47a0","type":"fetch","rationale":"Inspect an already-known source before another generic query","step":1,"t":"2026-09-18T12:13:50.454Z"}
{"level":"info","event":"action","runId":"2a6bac14-5a3a-40f0-aeb8-08e5b9ba47a0","type":"fetch","rationale":"Inspect an already-known source before another generic query","step":2,"t":"2026-09-18T12:13:50.466Z"}
{"level":"info","event":"action","runId":"2a6bac14-5a3a-40f0-aeb8-08e5b9ba47a0","type":"fetch","rationale":"Inspect an already-known source before another generic query","step":3,"t":"2026-09-18T12:13:50.477Z"}
{"level":"info","event":"action","runId":"2a6bac14-5a3a-40f0-aeb8-08e5b9ba47a0","type":"fetch","rationale":"Inspect an already-known source before another generic query","step":4,"t":"2026-09-18T12:13:50.493Z"}
{"level":"info","event":"action","runId":"2a6bac14-5a3a-40f0-aeb8-08e5b9ba47a0","type":"fetch","rationale":"Inspect an already-known source before another generic query","step":5,"t":"2026-09-18T12:13:50.507Z"}
{"level":"info","event":"action","runId":"2a6bac14-5a3a-40f0-aeb8-08e5b9ba47a0","type":"challenge","rationale":"Disconfirm material conclusion: A primary source that directly contradicts this conclusion.","step":6,"t":"2026-09-18T12:13:50.524Z"}
{"level":"info","event":"action","runId":"2a6bac14-5a3a-40f0-aeb8-08e5b9ba47a0","type":"challenge","rationale":"No counterexample found in accessed primary sources. This is not proof that the conclusion is true.","step":7,"t":"2026-09-18T12:13:50.538Z"}
{"level":"info","event":"action","runId":"2a6bac14-5a3a-40f0-aeb8-08e5b9ba47a0","type":"synthesize","rationale":"decision_critical_gaps_resolved_or_unresolvable; high-impact claims supported or qualified; contradictions handled; remaining actions low expected value","step":8,"t":"2026-09-18T12:13:50.549Z"}
{"level":"info","event":"action","runId":"fa1237bc-6545-4ff2-8fa7-caf2b76254cc","type":"challenge","rationale":"Disconfirm material conclusion: A primary source that directly contradicts this conclusion.","step":0,"t":"2026-09-18T12:13:51.124Z"}
{"level":"info","event":"action","runId":"fa1237bc-6545-4ff2-8fa7-caf2b76254cc","type":"fetch","rationale":"Inspect an already-known source before another generic query","step":1,"t":"2026-09-18T12:13:51.145Z"}
{"level":"info","event":"action","runId":"fa1237bc-6545-4ff2-8fa7-caf2b76254cc","type":"fetch","rationale":"Inspect an already-known source before another generic query","step":2,"t":"2026-09-18T12:13:51.159Z"}
{"level":"info","event":"action","runId":"fa1237bc-6545-4ff2-8fa7-caf2b76254cc","type":"fetch","rationale":"Inspect an already-known source before another generic query","step":3,"t":"2026-09-18T12:13:51.173Z"}
{"level":"info","event":"action","runId":"fa1237bc-6545-4ff2-8fa7-caf2b76254cc","type":"challenge","rationale":"No counterexample found in accessed primary sources. This is not proof that the conclusion is true.","step":4,"t":"2026-09-18T12:13:51.189Z"}
{"level":"info","event":"action","runId":"fa1237bc-6545-4ff2-8fa7-caf2b76254cc","type":"synthesize","rationale":"decision_critical_gaps_resolved_or_unresolvable; high-impact claims supported or qualified; contradictions handled; remaining actions low expected value","step":5,"t":"2026-09-18T12:13:51.201Z"}
{"level":"info","event":"action","runId":"64e7eee7-d7a0-445f-bea8-a44f479e3786","type":"search","rationale":"Investigate an uncovered required question","step":0,"t":"2026-09-18T12:13:51.766Z"}
{"level":"info","event":"action","runId":"64e7eee7-d7a0-445f-bea8-a44f479e3786","type":"fetch","rationale":"Inspect an already-known source before another generic query","step":1,"t":"2026-09-18T12:13:51.784Z"}
{"level":"info","event":"action","runId":"64e7eee7-d7a0-445f-bea8-a44f479e3786","type":"fetch","rationale":"Inspect an already-known source before another generic query","step":2,"t":"2026-09-18T12:13:51.797Z"}
{"level":"info","event":"action","runId":"64e7eee7-d7a0-445f-bea8-a44f479e3786","type":"fetch","rationale":"Inspect an already-known source before another generic query","step":3,"t":"2026-09-18T12:13:51.809Z"}
{"level":"info","event":"action","runId":"64e7eee7-d7a0-445f-bea8-a44f479e3786","type":"challenge","rationale":"Disconfirm material conclusion: A hard-constraint violation for a candidate currently marked eligible.","step":4,"t":"2026-09-18T12:13:51.822Z"}
{"level":"info","event":"action","runId":"64e7eee7-d7a0-445f-bea8-a44f479e3786","type":"challenge","rationale":"No counterexample found in accessed primary sources. This is not proof that the conclusion is true.","step":5,"t":"2026-09-18T12:13:51.835Z"}
{"level":"info","event":"action","runId":"64e7eee7-d7a0-445f-bea8-a44f479e3786","type":"synthesize","rationale":"decision_critical_gaps_resolved_or_unresolvable; high-impact claims supported or qualified; contradictions handled; remaining actions low expected value","step":6,"t":"2026-09-18T12:13:51.846Z"}
{"level":"info","event":"action","runId":"871c461c-573f-4274-b3f8-9477330c0ef1","type":"search","rationale":"Investigate an uncovered required question","step":0,"t":"2026-09-18T12:13:52.420Z"}
{"level":"info","event":"action","runId":"871c461c-573f-4274-b3f8-9477330c0ef1","type":"fetch","rationale":"Inspect an already-known source before another generic query","step":1,"t":"2026-09-18T12:13:52.437Z"}
{"level":"info","event":"action","runId":"871c461c-573f-4274-b3f8-9477330c0ef1","type":"fetch","rationale":"Inspect an already-known source before another generic query","step":2,"t":"2026-09-18T12:13:52.450Z"}
{"level":"info","event":"action","runId":"871c461c-573f-4274-b3f8-9477330c0ef1","type":"fetch","rationale":"Inspect an already-known source before another generic query","step":3,"t":"2026-09-18T12:13:52.462Z"}
{"level":"info","event":"action","runId":"871c461c-573f-4274-b3f8-9477330c0ef1","type":"challenge","rationale":"Disconfirm material conclusion: A hard-constraint violation for a candidate currently marked eligible.","step":4,"t":"2026-09-18T12:13:52.475Z"}
{"level":"info","event":"action","runId":"871c461c-573f-4274-b3f8-9477330c0ef1","type":"challenge","rationale":"No counterexample found in accessed primary sources. This is not proof that the conclusion is true.","step":5,"t":"2026-09-18T12:13:52.487Z"}
{"level":"info","event":"action","runId":"871c461c-573f-4274-b3f8-9477330c0ef1","type":"synthesize","rationale":"decision_critical_gaps_resolved_or_unresolvable; high-impact claims supported or qualified; contradictions handled; remaining actions low expected value","step":6,"t":"2026-09-18T12:13:52.496Z"}
{"level":"info","event":"action","runId":"d929c404-a856-4860-a4c8-1502de6f449f","type":"search","rationale":"Investigate an uncovered required question","step":0,"t":"2026-09-18T12:13:52.761Z"}
{"level":"info","event":"action","runId":"d929c404-a856-4860-a4c8-1502de6f449f","type":"fetch","rationale":"Inspect an already-known source before another generic query","step":1,"t":"2026-09-18T12:13:52.774Z"}
{"level":"info","event":"action","runId":"d929c404-a856-4860-a4c8-1502de6f449f","type":"fetch","rationale":"Inspect an already-known source before another generic query","step":2,"t":"2026-09-18T12:13:52.786Z"}
{"level":"info","event":"action","runId":"d929c404-a856-4860-a4c8-1502de6f449f","type":"fetch","rationale":"Inspect an already-known source before another generic query","step":3,"t":"2026-09-18T12:13:52.798Z"}
{"level":"info","event":"action","runId":"d929c404-a856-4860-a4c8-1502de6f449f","type":"challenge","rationale":"Disconfirm material conclusion: A hard-constraint violation for a candidate currently marked eligible.","step":4,"t":"2026-09-18T12:13:52.811Z"}
{"level":"info","event":"action","runId":"d929c404-a856-4860-a4c8-1502de6f449f","type":"challenge","rationale":"Disconfirm material conclusion: A hard-constraint violation for a candidate currently marked eligible.","step":5,"t":"2026-09-18T12:13:52.823Z"}
{"level":"info","event":"action","runId":"d929c404-a856-4860-a4c8-1502de6f449f","type":"challenge","rationale":"Disconfirm material conclusion: A hard-constraint violation for a candidate currently marked eligible.","step":6,"t":"2026-09-18T12:13:52.836Z"}
{"level":"info","event":"action","runId":"d929c404-a856-4860-a4c8-1502de6f449f","type":"challenge","rationale":"Disconfirm material conclusion: A hard-constraint violation for a candidate currently marked eligible.","step":7,"t":"2026-09-18T12:13:52.849Z"}
{"level":"info","event":"action","runId":"d929c404-a856-4860-a4c8-1502de6f449f","type":"challenge","rationale":"Disconfirm material conclusion: A hard-constraint violation for a candidate currently marked eligible.","step":8,"t":"2026-09-18T12:13:52.862Z"}
{"level":"info","event":"action","runId":"d929c404-a856-4860-a4c8-1502de6f449f","type":"challenge","rationale":"Disconfirm material conclusion: A hard-constraint violation for a candidate currently marked eligible.","step":9,"t":"2026-09-18T12:13:52.874Z"}
{"level":"info","event":"action","runId":"d929c404-a856-4860-a4c8-1502de6f449f","type":"challenge","rationale":"Disconfirm material conclusion: A hard-constraint violation for a candidate currently marked eligible.","step":10,"t":"2026-09-18T12:13:52.886Z"}
{"level":"info","event":"action","runId":"d929c404-a856-4860-a4c8-1502de6f449f","type":"challenge","rationale":"No counterexample found in accessed primary sources. This is not proof that the conclusion is true.","step":11,"t":"2026-09-18T12:13:52.899Z"}
{"level":"info","event":"action","runId":"d929c404-a856-4860-a4c8-1502de6f449f","type":"stop","rationale":"Repeated searches returned no novel source family or coverage progress","step":12,"t":"2026-09-18T12:13:52.910Z"}
{"level":"info","event":"action","runId":"d2d7e257-a759-4482-8f0a-f98685033147","type":"search","rationale":"Investigate an uncovered required question","step":0,"t":"2026-09-18T12:13:53.438Z"}
{"level":"info","event":"action","runId":"d2d7e257-a759-4482-8f0a-f98685033147","type":"fetch","rationale":"Inspect an already-known source before another generic query","step":1,"t":"2026-09-18T12:13:53.455Z"}
{"level":"info","event":"action","runId":"d2d7e257-a759-4482-8f0a-f98685033147","type":"fetch","rationale":"Inspect an already-known source before another generic query","step":2,"t":"2026-09-18T12:13:53.468Z"}
{"level":"info","event":"action","runId":"d2d7e257-a759-4482-8f0a-f98685033147","type":"fetch","rationale":"Inspect an already-known source before another generic query","step":3,"t":"2026-09-18T12:13:53.480Z"}
{"level":"info","event":"action","runId":"d2d7e257-a759-4482-8f0a-f98685033147","type":"challenge","rationale":"Disconfirm material conclusion: A hard-constraint violation for a candidate currently marked eligible.","step":4,"t":"2026-09-18T12:13:53.493Z"}
{"level":"info","event":"action","runId":"d2d7e257-a759-4482-8f0a-f98685033147","type":"challenge","rationale":"No counterexample found in accessed primary sources. This is not proof that the conclusion is true.","step":5,"t":"2026-09-18T12:13:53.505Z"}
{"level":"info","event":"action","runId":"d2d7e257-a759-4482-8f0a-f98685033147","type":"synthesize","rationale":"decision_critical_gaps_resolved_or_unresolvable; high-impact claims supported or qualified; contradictions handled; remaining actions low expected value","step":6,"t":"2026-09-18T12:13:53.516Z"}
{"level":"info","event":"action","runId":"af474c8f-2f92-4447-ba6b-7aeda768857f","type":"search","rationale":"Investigate an uncovered required question","step":0,"t":"2026-09-18T12:13:53.781Z"}
{"level":"info","event":"action","runId":"af474c8f-2f92-4447-ba6b-7aeda768857f","type":"fetch","rationale":"Inspect an already-known source before another generic query","step":1,"t":"2026-09-18T12:13:53.794Z"}
{"level":"info","event":"action","runId":"af474c8f-2f92-4447-ba6b-7aeda768857f","type":"fetch","rationale":"Inspect an already-known source before another generic query","step":2,"t":"2026-09-18T12:13:53.807Z"}
{"level":"info","event":"action","runId":"af474c8f-2f92-4447-ba6b-7aeda768857f","type":"fetch","rationale":"Inspect an already-known source before another generic query","step":3,"t":"2026-09-18T12:13:53.818Z"}
{"level":"info","event":"action","runId":"af474c8f-2f92-4447-ba6b-7aeda768857f","type":"challenge","rationale":"Disconfirm material conclusion: A hard-constraint violation for a candidate currently marked eligible.","step":4,"t":"2026-09-18T12:13:53.831Z"}
{"level":"info","event":"action","runId":"af474c8f-2f92-4447-ba6b-7aeda768857f","type":"challenge","rationale":"Disconfirm material conclusion: A hard-constraint violation for a candidate currently marked eligible.","step":5,"t":"2026-09-18T12:13:53.843Z"}
{"level":"info","event":"action","runId":"af474c8f-2f92-4447-ba6b-7aeda768857f","type":"challenge","rationale":"Disconfirm material conclusion: A hard-constraint violation for a candidate currently marked eligible.","step":6,"t":"2026-09-18T12:13:53.856Z"}
{"level":"info","event":"action","runId":"af474c8f-2f92-4447-ba6b-7aeda768857f","type":"challenge","rationale":"Disconfirm material conclusion: A hard-constraint violation for a candidate currently marked eligible.","step":7,"t":"2026-09-18T12:13:53.867Z"}
{"level":"info","event":"action","runId":"af474c8f-2f92-4447-ba6b-7aeda768857f","type":"challenge","rationale":"Disconfirm material conclusion: A hard-constraint violation for a candidate currently marked eligible.","step":8,"t":"2026-09-18T12:13:53.879Z"}
{"level":"info","event":"action","runId":"af474c8f-2f92-4447-ba6b-7aeda768857f","type":"challenge","rationale":"Disconfirm material conclusion: A hard-constraint violation for a candidate currently marked eligible.","step":9,"t":"2026-09-18T12:13:53.891Z"}
{"level":"info","event":"action","runId":"af474c8f-2f92-4447-ba6b-7aeda768857f","type":"challenge","rationale":"Disconfirm material conclusion: A hard-constraint violation for a candidate currently marked eligible.","step":10,"t":"2026-09-18T12:13:53.903Z"}
{"level":"info","event":"action","runId":"af474c8f-2f92-4447-ba6b-7aeda768857f","type":"challenge","rationale":"No counterexample found in accessed primary sources. This is not proof that the conclusion is true.","step":11,"t":"2026-09-18T12:13:53.916Z"}
{"level":"info","event":"action","runId":"af474c8f-2f92-4447-ba6b-7aeda768857f","type":"stop","rationale":"Repeated searches returned no novel source family or coverage progress","step":12,"t":"2026-09-18T12:13:53.927Z"}
{"level":"info","event":"action","runId":"e8ed5cdd-6892-4e96-8fad-0a7065724868","type":"challenge","rationale":"Disconfirm material conclusion: A primary source that directly contradicts this conclusion.","step":0,"t":"2026-09-18T12:13:54.481Z"}
{"level":"info","event":"action","runId":"e8ed5cdd-6892-4e96-8fad-0a7065724868","type":"fetch","rationale":"Inspect an already-known source before another generic query","step":1,"t":"2026-09-18T12:13:54.501Z"}
{"level":"info","event":"action","runId":"e8ed5cdd-6892-4e96-8fad-0a7065724868","type":"fetch","rationale":"Inspect an already-known source before another generic query","step":2,"t":"2026-09-18T12:13:54.514Z"}
{"level":"info","event":"action","runId":"e8ed5cdd-6892-4e96-8fad-0a7065724868","type":"fetch","rationale":"Inspect an already-known source before another generic query","step":3,"t":"2026-09-18T12:13:54.525Z"}
{"level":"info","event":"action","runId":"e8ed5cdd-6892-4e96-8fad-0a7065724868","type":"challenge","rationale":"No counterexample found in accessed primary sources. This is not proof that the conclusion is true.","step":4,"t":"2026-09-18T12:13:54.539Z"}
{"level":"info","event":"action","runId":"e8ed5cdd-6892-4e96-8fad-0a7065724868","type":"synthesize","rationale":"decision_critical_gaps_resolved_or_unresolvable; high-impact claims supported or qualified; contradictions handled; remaining actions low expected value","step":5,"t":"2026-09-18T12:13:54.550Z"}
{"level":"info","event":"action","runId":"009854e3-dca0-4660-bc40-5d059e9101e4","type":"search","rationale":"Investigate an uncovered required question","step":0,"t":"2026-09-18T12:13:55.134Z"}
{"level":"info","event":"action","runId":"009854e3-dca0-4660-bc40-5d059e9101e4","type":"fetch","rationale":"Inspect an already-known source before another generic query","step":1,"t":"2026-09-18T12:13:55.159Z"}
{"level":"info","event":"action","runId":"009854e3-dca0-4660-bc40-5d059e9101e4","type":"fetch","rationale":"Inspect an already-known source before another generic query","step":2,"t":"2026-09-18T12:13:55.173Z"}
{"level":"info","event":"action","runId":"009854e3-dca0-4660-bc40-5d059e9101e4","type":"fetch","rationale":"Inspect an already-known source before another generic query","step":3,"t":"2026-09-18T12:13:55.187Z"}
{"level":"info","event":"action","runId":"009854e3-dca0-4660-bc40-5d059e9101e4","type":"challenge","rationale":"Disconfirm material conclusion: A primary source that directly contradicts this conclusion.","step":4,"t":"2026-09-18T12:13:55.205Z"}
{"level":"info","event":"action","runId":"009854e3-dca0-4660-bc40-5d059e9101e4","type":"challenge","rationale":"No counterexample found in accessed primary sources. This is not proof that the conclusion is true.","step":5,"t":"2026-09-18T12:13:55.219Z"}
{"level":"info","event":"action","runId":"009854e3-dca0-4660-bc40-5d059e9101e4","type":"synthesize","rationale":"decision_critical_gaps_resolved_or_unresolvable; high-impact claims supported or qualified; contradictions handled; remaining actions low expected value","step":6,"t":"2026-09-18T12:13:55.230Z"}
{"level":"info","event":"action","runId":"4546d74a-1f39-41fb-b384-6ff01d19ada8","type":"search","rationale":"Investigate an uncovered required question","step":0,"t":"2026-09-18T12:13:55.790Z"}
{"level":"info","event":"action","runId":"4546d74a-1f39-41fb-b384-6ff01d19ada8","type":"fetch","rationale":"Inspect an already-known source before another generic query","step":1,"t":"2026-09-18T12:13:55.811Z"}
{"level":"info","event":"action","runId":"4546d74a-1f39-41fb-b384-6ff01d19ada8","type":"fetch","rationale":"Inspect an already-known source before another generic query","step":2,"t":"2026-09-18T12:13:55.825Z"}
{"level":"info","event":"action","runId":"4546d74a-1f39-41fb-b384-6ff01d19ada8","type":"fetch","rationale":"Inspect an already-known source before another generic query","step":3,"t":"2026-09-18T12:13:55.840Z"}
{"level":"info","event":"action","runId":"4546d74a-1f39-41fb-b384-6ff01d19ada8","type":"fetch","rationale":"Inspect an already-known source before another generic query","step":4,"t":"2026-09-18T12:13:55.854Z"}
{"level":"info","event":"action","runId":"4546d74a-1f39-41fb-b384-6ff01d19ada8","type":"fetch","rationale":"Inspect an already-known source before another generic query","step":5,"t":"2026-09-18T12:13:55.867Z"}
{"level":"info","event":"action","runId":"4546d74a-1f39-41fb-b384-6ff01d19ada8","type":"challenge","rationale":"Disconfirm material conclusion: A primary source that directly contradicts this conclusion.","step":6,"t":"2026-09-18T12:13:55.882Z"}
{"level":"info","event":"action","runId":"4546d74a-1f39-41fb-b384-6ff01d19ada8","type":"challenge","rationale":"No counterexample found in accessed primary sources. This is not proof that the conclusion is true.","step":7,"t":"2026-09-18T12:13:55.896Z"}
{"level":"info","event":"action","runId":"4546d74a-1f39-41fb-b384-6ff01d19ada8","type":"synthesize","rationale":"decision_critical_gaps_resolved_or_unresolvable; high-impact claims supported or qualified; contradictions handled; remaining actions low expected value","step":8,"t":"2026-09-18T12:13:55.908Z"}
{"level":"info","event":"action","runId":"d6aa23c4-438c-4206-87d6-6c2bfe632ec0","type":"search","rationale":"Investigate an uncovered required question","step":0,"t":"2026-09-18T12:13:56.446Z"}
{"level":"info","event":"action","runId":"d6aa23c4-438c-4206-87d6-6c2bfe632ec0","type":"fetch","rationale":"Inspect an already-known source before another generic query","step":1,"t":"2026-09-18T12:13:56.468Z"}
{"level":"info","event":"action","runId":"d6aa23c4-438c-4206-87d6-6c2bfe632ec0","type":"fetch","rationale":"Inspect an already-known source before another generic query","step":2,"t":"2026-09-18T12:13:56.482Z"}
{"level":"info","event":"action","runId":"d6aa23c4-438c-4206-87d6-6c2bfe632ec0","type":"fetch","rationale":"Inspect an already-known source before another generic query","step":3,"t":"2026-09-18T12:13:56.496Z"}
{"level":"info","event":"action","runId":"d6aa23c4-438c-4206-87d6-6c2bfe632ec0","type":"challenge","rationale":"Disconfirm material conclusion: A primary source that directly contradicts this conclusion.","step":4,"t":"2026-09-18T12:13:56.513Z"}
{"level":"info","event":"action","runId":"d6aa23c4-438c-4206-87d6-6c2bfe632ec0","type":"challenge","rationale":"No counterexample found in accessed primary sources. This is not proof that the conclusion is true.","step":5,"t":"2026-09-18T12:13:56.526Z"}
{"level":"info","event":"action","runId":"d6aa23c4-438c-4206-87d6-6c2bfe632ec0","type":"synthesize","rationale":"decision_critical_gaps_resolved_or_unresolvable; high-impact claims supported or qualified; contradictions handled; remaining actions low expected value","step":6,"t":"2026-09-18T12:13:56.538Z"}
{"level":"info","event":"action","runId":"9645527d-8d25-4508-9f6b-5d88159b713b","type":"search","rationale":"Investigate an uncovered required question","step":0,"t":"2026-09-18T12:13:57.168Z"}
{"level":"info","event":"action","runId":"9645527d-8d25-4508-9f6b-5d88159b713b","type":"fetch","rationale":"Inspect an already-known source before another generic query","step":1,"t":"2026-09-18T12:13:57.190Z"}
{"level":"info","event":"action","runId":"9645527d-8d25-4508-9f6b-5d88159b713b","type":"fetch","rationale":"Inspect an already-known source before another generic query","step":2,"t":"2026-09-18T12:13:57.203Z"}
{"level":"info","event":"action","runId":"9645527d-8d25-4508-9f6b-5d88159b713b","type":"fetch","rationale":"Inspect an already-known source before another generic query","step":3,"t":"2026-09-18T12:13:57.215Z"}
{"level":"info","event":"action","runId":"9645527d-8d25-4508-9f6b-5d88159b713b","type":"fetch","rationale":"Inspect an already-known source before another generic query","step":4,"t":"2026-09-18T12:13:57.227Z"}
{"level":"info","event":"action","runId":"9645527d-8d25-4508-9f6b-5d88159b713b","type":"fetch","rationale":"Inspect an already-known source before another generic query","step":5,"t":"2026-09-18T12:13:57.240Z"}
{"level":"info","event":"action","runId":"9645527d-8d25-4508-9f6b-5d88159b713b","type":"challenge","rationale":"Disconfirm material conclusion: A primary source that directly contradicts this conclusion.","step":6,"t":"2026-09-18T12:13:57.253Z"}
{"level":"info","event":"action","runId":"9645527d-8d25-4508-9f6b-5d88159b713b","type":"challenge","rationale":"No counterexample found in accessed primary sources. This is not proof that the conclusion is true.","step":7,"t":"2026-09-18T12:13:57.265Z"}
{"level":"info","event":"action","runId":"9645527d-8d25-4508-9f6b-5d88159b713b","type":"synthesize","rationale":"decision_critical_gaps_resolved_or_unresolvable; high-impact claims supported or qualified; contradictions handled; remaining actions low expected value","step":8,"t":"2026-09-18T12:13:57.276Z"}
{"level":"info","event":"action","runId":"435ea5d9-06ca-4ce4-aac3-48fe95ee33d0","type":"search","rationale":"Investigate an uncovered required question","step":0,"t":"2026-09-18T12:13:58.092Z"}
{"level":"info","event":"action","runId":"435ea5d9-06ca-4ce4-aac3-48fe95ee33d0","type":"fetch","rationale":"Inspect an already-known source before another generic query","step":1,"t":"2026-09-18T12:13:58.111Z"}
{"level":"info","event":"action","runId":"435ea5d9-06ca-4ce4-aac3-48fe95ee33d0","type":"fetch","rationale":"Inspect an already-known source before another generic query","step":2,"t":"2026-09-18T12:13:58.123Z"}
{"level":"info","event":"action","runId":"435ea5d9-06ca-4ce4-aac3-48fe95ee33d0","type":"fetch","rationale":"Inspect an already-known source before another generic query","step":3,"t":"2026-09-18T12:13:58.137Z"}
{"level":"info","event":"action","runId":"435ea5d9-06ca-4ce4-aac3-48fe95ee33d0","type":"fetch","rationale":"Inspect an already-known source before another generic query","step":4,"t":"2026-09-18T12:13:58.150Z"}
{"level":"info","event":"action","runId":"435ea5d9-06ca-4ce4-aac3-48fe95ee33d0","type":"fetch","rationale":"Inspect an already-known source before another generic query","step":5,"t":"2026-09-18T12:13:58.162Z"}
{"level":"info","event":"action","runId":"435ea5d9-06ca-4ce4-aac3-48fe95ee33d0","type":"challenge","rationale":"Disconfirm material conclusion: A primary source that directly contradicts this conclusion.","step":6,"t":"2026-09-18T12:13:58.174Z"}
{"level":"info","event":"action","runId":"435ea5d9-06ca-4ce4-aac3-48fe95ee33d0","type":"challenge","rationale":"No counterexample found in accessed primary sources. This is not proof that the conclusion is true.","step":7,"t":"2026-09-18T12:13:58.187Z"}
{"level":"info","event":"action","runId":"435ea5d9-06ca-4ce4-aac3-48fe95ee33d0","type":"synthesize","rationale":"decision_critical_gaps_resolved_or_unresolvable; high-impact claims supported or qualified; contradictions handled; remaining actions low expected value","step":8,"t":"2026-09-18T12:13:58.197Z"}
{"level":"info","event":"action","runId":"e942d3de-489b-4412-a9ab-511bffb317e8","type":"search","rationale":"Investigate an uncovered required question","step":0,"t":"2026-09-18T12:13:58.729Z"}
{"level":"info","event":"action","runId":"e942d3de-489b-4412-a9ab-511bffb317e8","type":"fetch","rationale":"Inspect an already-known source before another generic query","step":1,"t":"2026-09-18T12:13:58.750Z"}
{"level":"info","event":"action","runId":"e942d3de-489b-4412-a9ab-511bffb317e8","type":"fetch","rationale":"Inspect an already-known source before another generic query","step":2,"t":"2026-09-18T12:13:58.762Z"}
{"level":"info","event":"action","runId":"e942d3de-489b-4412-a9ab-511bffb317e8","type":"fetch","rationale":"Inspect an already-known source before another generic query","step":3,"t":"2026-09-18T12:13:58.774Z"}
{"level":"info","event":"action","runId":"e942d3de-489b-4412-a9ab-511bffb317e8","type":"fetch","rationale":"Inspect an already-known source before another generic query","step":4,"t":"2026-09-18T12:13:58.785Z"}
{"level":"info","event":"action","runId":"e942d3de-489b-4412-a9ab-511bffb317e8","type":"fetch","rationale":"Inspect an already-known source before another generic query","step":5,"t":"2026-09-18T12:13:58.798Z"}
{"level":"info","event":"action","runId":"e942d3de-489b-4412-a9ab-511bffb317e8","type":"challenge","rationale":"Disconfirm material conclusion: A primary source that directly contradicts this conclusion.","step":6,"t":"2026-09-18T12:13:58.809Z"}
{"level":"info","event":"action","runId":"e942d3de-489b-4412-a9ab-511bffb317e8","type":"challenge","rationale":"No counterexample found in accessed primary sources. This is not proof that the conclusion is true.","step":7,"t":"2026-09-18T12:13:58.821Z"}
{"level":"info","event":"action","runId":"e942d3de-489b-4412-a9ab-511bffb317e8","type":"synthesize","rationale":"decision_critical_gaps_resolved_or_unresolvable; high-impact claims supported or qualified; contradictions handled; remaining actions low expected value","step":8,"t":"2026-09-18T12:13:58.831Z"}
{"level":"info","event":"action","runId":"208fb399-1396-4bf0-991c-4ccd6a9839fd","type":"search","rationale":"Investigate an uncovered required question","step":0,"t":"2026-09-18T12:13:59.370Z"}
{"level":"info","event":"action","runId":"208fb399-1396-4bf0-991c-4ccd6a9839fd","type":"fetch","rationale":"Inspect an already-known source before another generic query","step":1,"t":"2026-09-18T12:13:59.388Z"}
{"level":"info","event":"action","runId":"208fb399-1396-4bf0-991c-4ccd6a9839fd","type":"fetch","rationale":"Inspect an already-known source before another generic query","step":2,"t":"2026-09-18T12:13:59.401Z"}
{"level":"info","event":"action","runId":"208fb399-1396-4bf0-991c-4ccd6a9839fd","type":"fetch","rationale":"Inspect an already-known source before another generic query","step":3,"t":"2026-09-18T12:13:59.413Z"}
{"level":"info","event":"action","runId":"208fb399-1396-4bf0-991c-4ccd6a9839fd","type":"fetch","rationale":"Inspect an already-known source before another generic query","step":4,"t":"2026-09-18T12:13:59.424Z"}
{"level":"info","event":"action","runId":"208fb399-1396-4bf0-991c-4ccd6a9839fd","type":"fetch","rationale":"Inspect an already-known source before another generic query","step":5,"t":"2026-09-18T12:13:59.436Z"}
{"level":"info","event":"action","runId":"208fb399-1396-4bf0-991c-4ccd6a9839fd","type":"challenge","rationale":"Disconfirm material conclusion: A primary source that directly contradicts this conclusion.","step":6,"t":"2026-09-18T12:13:59.448Z"}
{"level":"info","event":"action","runId":"208fb399-1396-4bf0-991c-4ccd6a9839fd","type":"challenge","rationale":"No counterexample found in accessed primary sources. This is not proof that the conclusion is true.","step":7,"t":"2026-09-18T12:13:59.460Z"}
{"level":"info","event":"action","runId":"208fb399-1396-4bf0-991c-4ccd6a9839fd","type":"synthesize","rationale":"decision_critical_gaps_resolved_or_unresolvable; high-impact claims supported or qualified; contradictions handled; remaining actions low expected value","step":8,"t":"2026-09-18T12:13:59.470Z"}
{"level":"info","event":"action","runId":"a0ed31c8-7547-4fd6-8ebc-6a097badbd57","type":"search","rationale":"Investigate an uncovered required question","step":0,"t":"2026-09-18T12:14:00.307Z"}
{"level":"info","event":"action","runId":"a0ed31c8-7547-4fd6-8ebc-6a097badbd57","type":"fetch","rationale":"Inspect an already-known source before another generic query","step":1,"t":"2026-09-18T12:14:00.328Z"}
{"level":"info","event":"action","runId":"a0ed31c8-7547-4fd6-8ebc-6a097badbd57","type":"fetch","rationale":"Inspect an already-known source before another generic query","step":2,"t":"2026-09-18T12:14:00.341Z"}
{"level":"info","event":"action","runId":"a0ed31c8-7547-4fd6-8ebc-6a097badbd57","type":"fetch","rationale":"Inspect an already-known source before another generic query","step":3,"t":"2026-09-18T12:14:00.355Z"}
{"level":"info","event":"action","runId":"a0ed31c8-7547-4fd6-8ebc-6a097badbd57","type":"fetch","rationale":"Inspect an already-known source before another generic query","step":4,"t":"2026-09-18T12:14:00.366Z"}
{"level":"info","event":"action","runId":"a0ed31c8-7547-4fd6-8ebc-6a097badbd57","type":"fetch","rationale":"Inspect an already-known source before another generic query","step":5,"t":"2026-09-18T12:14:00.379Z"}
{"level":"info","event":"action","runId":"a0ed31c8-7547-4fd6-8ebc-6a097badbd57","type":"challenge","rationale":"Disconfirm material conclusion: A primary source that directly contradicts this conclusion.","step":6,"t":"2026-09-18T12:14:00.391Z"}
{"level":"info","event":"action","runId":"a0ed31c8-7547-4fd6-8ebc-6a097badbd57","type":"challenge","rationale":"No counterexample found in accessed primary sources. This is not proof that the conclusion is true.","step":7,"t":"2026-09-18T12:14:00.403Z"}
{"level":"info","event":"action","runId":"a0ed31c8-7547-4fd6-8ebc-6a097badbd57","type":"synthesize","rationale":"decision_critical_gaps_resolved_or_unresolvable; high-impact claims supported or qualified; contradictions handled; remaining actions low expected value","step":8,"t":"2026-09-18T12:14:00.415Z"}
{"level":"info","event":"action","runId":"a7b2869b-ffc0-4cf5-82aa-7071eb1e64c0","type":"search","rationale":"Investigate an uncovered required question","step":0,"t":"2026-09-18T12:14:01.529Z"}
{"level":"info","event":"action","runId":"a7b2869b-ffc0-4cf5-82aa-7071eb1e64c0","type":"fetch","rationale":"Inspect an already-known source before another generic query","step":1,"t":"2026-09-18T12:14:01.548Z"}
{"level":"info","event":"action","runId":"a7b2869b-ffc0-4cf5-82aa-7071eb1e64c0","type":"fetch","rationale":"Inspect an already-known source before another generic query","step":2,"t":"2026-09-18T12:14:01.559Z"}
{"level":"info","event":"action","runId":"a7b2869b-ffc0-4cf5-82aa-7071eb1e64c0","type":"fetch","rationale":"Inspect an already-known source before another generic query","step":3,"t":"2026-09-18T12:14:01.571Z"}
{"level":"info","event":"action","runId":"a7b2869b-ffc0-4cf5-82aa-7071eb1e64c0","type":"fetch","rationale":"Inspect an already-known source before another generic query","step":4,"t":"2026-09-18T12:14:01.583Z"}
{"level":"info","event":"action","runId":"a7b2869b-ffc0-4cf5-82aa-7071eb1e64c0","type":"fetch","rationale":"Inspect an already-known source before another generic query","step":5,"t":"2026-09-18T12:14:01.594Z"}
{"level":"info","event":"action","runId":"a7b2869b-ffc0-4cf5-82aa-7071eb1e64c0","type":"challenge","rationale":"Disconfirm material conclusion: A primary source that directly contradicts this conclusion.","step":6,"t":"2026-09-18T12:14:01.605Z"}
{"level":"info","event":"action","runId":"a7b2869b-ffc0-4cf5-82aa-7071eb1e64c0","type":"challenge","rationale":"No counterexample found in accessed primary sources. This is not proof that the conclusion is true.","step":7,"t":"2026-09-18T12:14:01.618Z"}
{"level":"info","event":"action","runId":"a7b2869b-ffc0-4cf5-82aa-7071eb1e64c0","type":"synthesize","rationale":"decision_critical_gaps_resolved_or_unresolvable; high-impact claims supported or qualified; contradictions handled; remaining actions low expected value","step":8,"t":"2026-09-18T12:14:01.628Z"}
{"level":"info","event":"action","runId":"3502f4a3-4c78-4598-b9e1-934381615c17","type":"search","rationale":"Investigate an uncovered required question","step":0,"t":"2026-09-18T12:14:02.165Z"}
{"level":"info","event":"action","runId":"3502f4a3-4c78-4598-b9e1-934381615c17","type":"fetch","rationale":"Inspect an already-known source before another generic query","step":1,"t":"2026-09-18T12:14:02.185Z"}
{"level":"info","event":"action","runId":"3502f4a3-4c78-4598-b9e1-934381615c17","type":"fetch","rationale":"Inspect an already-known source before another generic query","step":2,"t":"2026-09-18T12:14:02.197Z"}
{"level":"info","event":"action","runId":"3502f4a3-4c78-4598-b9e1-934381615c17","type":"fetch","rationale":"Inspect an already-known source before another generic query","step":3,"t":"2026-09-18T12:14:02.209Z"}
{"level":"info","event":"action","runId":"3502f4a3-4c78-4598-b9e1-934381615c17","type":"fetch","rationale":"Inspect an already-known source before another generic query","step":4,"t":"2026-09-18T12:14:02.221Z"}
{"level":"info","event":"action","runId":"3502f4a3-4c78-4598-b9e1-934381615c17","type":"fetch","rationale":"Inspect an already-known source before another generic query","step":5,"t":"2026-09-18T12:14:02.233Z"}
{"level":"info","event":"action","runId":"3502f4a3-4c78-4598-b9e1-934381615c17","type":"challenge","rationale":"Disconfirm material conclusion: A primary source that directly contradicts this conclusion.","step":6,"t":"2026-09-18T12:14:02.247Z"}
{"level":"info","event":"action","runId":"3502f4a3-4c78-4598-b9e1-934381615c17","type":"challenge","rationale":"No counterexample found in accessed primary sources. This is not proof that the conclusion is true.","step":7,"t":"2026-09-18T12:14:02.260Z"}
{"level":"info","event":"action","runId":"3502f4a3-4c78-4598-b9e1-934381615c17","type":"synthesize","rationale":"decision_critical_gaps_resolved_or_unresolvable; high-impact claims supported or qualified; contradictions handled; remaining actions low expected value","step":8,"t":"2026-09-18T12:14:02.271Z"}
{"level":"info","event":"action","runId":"8bff5fba-513b-434d-a6d3-517a76814f36","type":"search","rationale":"Investigate an uncovered required question","step":0,"t":"2026-09-18T12:14:02.814Z"}
{"level":"info","event":"action","runId":"8bff5fba-513b-434d-a6d3-517a76814f36","type":"fetch","rationale":"Inspect an already-known source before another generic query","step":1,"t":"2026-09-18T12:14:02.829Z"}
{"level":"info","event":"action","runId":"8bff5fba-513b-434d-a6d3-517a76814f36","type":"challenge","rationale":"Disconfirm material conclusion: A primary source that directly contradicts this conclusion.","step":2,"t":"2026-09-18T12:14:02.841Z"}
{"level":"info","event":"action","runId":"8bff5fba-513b-434d-a6d3-517a76814f36","type":"challenge","rationale":"No counterexample found in accessed primary sources. This is not proof that the conclusion is true.","step":3,"t":"2026-09-18T12:14:02.853Z"}
{"level":"info","event":"action","runId":"8bff5fba-513b-434d-a6d3-517a76814f36","type":"synthesize","rationale":"decision_critical_gaps_resolved_or_unresolvable; high-impact claims supported or qualified; contradictions handled; remaining actions low expected value","step":4,"t":"2026-09-18T12:14:02.863Z"}
{"level":"info","event":"action","runId":"13417881-5561-494f-a99e-91f54cc2eadb","type":"search","rationale":"Investigate an uncovered required question","step":0,"t":"2026-09-18T12:14:03.401Z"}
{"level":"info","event":"action","runId":"13417881-5561-494f-a99e-91f54cc2eadb","type":"fetch","rationale":"Inspect an already-known source before another generic query","step":1,"t":"2026-09-18T12:14:03.420Z"}
{"level":"info","event":"action","runId":"13417881-5561-494f-a99e-91f54cc2eadb","type":"fetch","rationale":"Inspect an already-known source before another generic query","step":2,"t":"2026-09-18T12:14:03.433Z"}
{"level":"info","event":"action","runId":"13417881-5561-494f-a99e-91f54cc2eadb","type":"fetch","rationale":"Inspect an already-known source before another generic query","step":3,"t":"2026-09-18T12:14:03.446Z"}
{"level":"info","event":"action","runId":"13417881-5561-494f-a99e-91f54cc2eadb","type":"challenge","rationale":"Disconfirm material conclusion: A primary source that directly contradicts this conclusion.","step":4,"t":"2026-09-18T12:14:03.462Z"}
{"level":"info","event":"action","runId":"13417881-5561-494f-a99e-91f54cc2eadb","type":"challenge","rationale":"No counterexample found in accessed primary sources. This is not proof that the conclusion is true.","step":5,"t":"2026-09-18T12:14:03.474Z"}
{"level":"info","event":"action","runId":"13417881-5561-494f-a99e-91f54cc2eadb","type":"synthesize","rationale":"decision_critical_gaps_resolved_or_unresolvable; high-impact claims supported or qualified; contradictions handled; remaining actions low expected value","step":6,"t":"2026-09-18T12:14:03.484Z"}
{"level":"info","event":"action","runId":"9000b3a6-ce25-4c69-a9ab-86108282da84","type":"search","rationale":"Investigate an uncovered required question","step":0,"t":"2026-09-18T12:14:04.024Z"}
{"level":"info","event":"action","runId":"9000b3a6-ce25-4c69-a9ab-86108282da84","type":"fetch","rationale":"Inspect an already-known source before another generic query","step":1,"t":"2026-09-18T12:14:04.047Z"}
{"level":"info","event":"action","runId":"9000b3a6-ce25-4c69-a9ab-86108282da84","type":"fetch","rationale":"Inspect an already-known source before another generic query","step":2,"t":"2026-09-18T12:14:04.059Z"}
{"level":"info","event":"action","runId":"9000b3a6-ce25-4c69-a9ab-86108282da84","type":"fetch","rationale":"Inspect an already-known source before another generic query","step":3,"t":"2026-09-18T12:14:04.071Z"}
{"level":"info","event":"action","runId":"9000b3a6-ce25-4c69-a9ab-86108282da84","type":"challenge","rationale":"Disconfirm material conclusion: A primary source that directly contradicts this conclusion.","step":4,"t":"2026-09-18T12:14:04.086Z"}
{"level":"info","event":"action","runId":"9000b3a6-ce25-4c69-a9ab-86108282da84","type":"challenge","rationale":"No counterexample found in accessed primary sources. This is not proof that the conclusion is true.","step":5,"t":"2026-09-18T12:14:04.100Z"}
{"level":"info","event":"action","runId":"9000b3a6-ce25-4c69-a9ab-86108282da84","type":"synthesize","rationale":"decision_critical_gaps_resolved_or_unresolvable; high-impact claims supported or qualified; contradictions handled; remaining actions low expected value","step":6,"t":"2026-09-18T12:14:04.112Z"}
{"level":"info","event":"action","runId":"489dafbe-bd84-4e2a-98c4-01c0ba009680","type":"search","rationale":"Investigate an uncovered required question","step":0,"t":"2026-09-18T12:14:04.656Z"}
{"level":"info","event":"action","runId":"489dafbe-bd84-4e2a-98c4-01c0ba009680","type":"fetch","rationale":"Inspect an already-known source before another generic query","step":1,"t":"2026-09-18T12:14:04.675Z"}
{"level":"info","event":"action","runId":"489dafbe-bd84-4e2a-98c4-01c0ba009680","type":"fetch","rationale":"Inspect an already-known source before another generic query","step":2,"t":"2026-09-18T12:14:04.687Z"}
{"level":"info","event":"action","runId":"489dafbe-bd84-4e2a-98c4-01c0ba009680","type":"fetch","rationale":"Inspect an already-known source before another generic query","step":3,"t":"2026-09-18T12:14:04.698Z"}
{"level":"info","event":"action","runId":"489dafbe-bd84-4e2a-98c4-01c0ba009680","type":"fetch","rationale":"Inspect an already-known source before another generic query","step":4,"t":"2026-09-18T12:14:04.715Z"}
{"level":"info","event":"action","runId":"489dafbe-bd84-4e2a-98c4-01c0ba009680","type":"fetch","rationale":"Inspect an already-known source before another generic query","step":5,"t":"2026-09-18T12:14:04.727Z"}
{"level":"info","event":"action","runId":"489dafbe-bd84-4e2a-98c4-01c0ba009680","type":"challenge","rationale":"Disconfirm material conclusion: A primary source that directly contradicts this conclusion.","step":6,"t":"2026-09-18T12:14:04.738Z"}
{"level":"info","event":"action","runId":"489dafbe-bd84-4e2a-98c4-01c0ba009680","type":"challenge","rationale":"No counterexample found in accessed primary sources. This is not proof that the conclusion is true.","step":7,"t":"2026-09-18T12:14:04.751Z"}
{"level":"info","event":"action","runId":"489dafbe-bd84-4e2a-98c4-01c0ba009680","type":"synthesize","rationale":"decision_critical_gaps_resolved_or_unresolvable; high-impact claims supported or qualified; contradictions handled; remaining actions low expected value","step":8,"t":"2026-09-18T12:14:04.761Z"}
{"level":"info","event":"action","runId":"de5dc2d3-bae7-4beb-b7ae-e3bf8855364b","type":"search","rationale":"Investigate an uncovered required question","step":0,"t":"2026-09-18T12:14:05.004Z"}
{"level":"info","event":"action","runId":"de5dc2d3-bae7-4beb-b7ae-e3bf8855364b","type":"fetch","rationale":"Inspect an already-known source before another generic query","step":1,"t":"2026-09-18T12:14:05.020Z"}
{"level":"info","event":"action","runId":"de5dc2d3-bae7-4beb-b7ae-e3bf8855364b","type":"fetch","rationale":"Inspect an already-known source before another generic query","step":2,"t":"2026-09-18T12:14:05.031Z"}
{"level":"info","event":"action","runId":"de5dc2d3-bae7-4beb-b7ae-e3bf8855364b","type":"fetch","rationale":"Inspect an already-known source before another generic query","step":3,"t":"2026-09-18T12:14:05.044Z"}
{"level":"info","event":"action","runId":"de5dc2d3-bae7-4beb-b7ae-e3bf8855364b","type":"fetch","rationale":"Inspect an already-known source before another generic query","step":4,"t":"2026-09-18T12:14:05.055Z"}
{"level":"info","event":"action","runId":"de5dc2d3-bae7-4beb-b7ae-e3bf8855364b","type":"fetch","rationale":"Inspect an already-known source before another generic query","step":5,"t":"2026-09-18T12:14:05.067Z"}
{"level":"info","event":"action","runId":"de5dc2d3-bae7-4beb-b7ae-e3bf8855364b","type":"challenge","rationale":"Disconfirm material conclusion: A primary source that directly contradicts this conclusion.","step":6,"t":"2026-09-18T12:14:05.079Z"}
{"level":"info","event":"action","runId":"de5dc2d3-bae7-4beb-b7ae-e3bf8855364b","type":"challenge","rationale":"Disconfirm material conclusion: A primary source that directly contradicts this conclusion.","step":7,"t":"2026-09-18T12:14:05.090Z"}
{"level":"info","event":"action","runId":"de5dc2d3-bae7-4beb-b7ae-e3bf8855364b","type":"challenge","rationale":"Disconfirm material conclusion: A primary source that directly contradicts this conclusion.","step":8,"t":"2026-09-18T12:14:05.103Z"}
{"level":"info","event":"action","runId":"de5dc2d3-bae7-4beb-b7ae-e3bf8855364b","type":"challenge","rationale":"Disconfirm material conclusion: A primary source that directly contradicts this conclusion.","step":9,"t":"2026-09-18T12:14:05.114Z"}
{"level":"info","event":"action","runId":"de5dc2d3-bae7-4beb-b7ae-e3bf8855364b","type":"challenge","rationale":"Disconfirm material conclusion: A primary source that directly contradicts this conclusion.","step":10,"t":"2026-09-18T12:14:05.126Z"}
{"level":"info","event":"action","runId":"de5dc2d3-bae7-4beb-b7ae-e3bf8855364b","type":"challenge","rationale":"Disconfirm material conclusion: A primary source that directly contradicts this conclusion.","step":11,"t":"2026-09-18T12:14:05.137Z"}
{"level":"info","event":"action","runId":"de5dc2d3-bae7-4beb-b7ae-e3bf8855364b","type":"challenge","rationale":"Disconfirm material conclusion: A primary source that directly contradicts this conclusion.","step":12,"t":"2026-09-18T12:14:05.150Z"}
{"level":"info","event":"action","runId":"de5dc2d3-bae7-4beb-b7ae-e3bf8855364b","type":"challenge","rationale":"No counterexample found in accessed primary sources. This is not proof that the conclusion is true.","step":13,"t":"2026-09-18T12:14:05.164Z"}
{"level":"info","event":"action","runId":"de5dc2d3-bae7-4beb-b7ae-e3bf8855364b","type":"stop","rationale":"Repeated searches returned no novel source family or coverage progress","step":14,"t":"2026-09-18T12:14:05.174Z"}
{"level":"info","event":"action","runId":"7f4bd2a7-5778-4995-bd93-67771a674867","type":"search","rationale":"Investigate an uncovered required question","step":0,"t":"2026-09-18T12:14:05.690Z"}
{"level":"info","event":"action","runId":"7f4bd2a7-5778-4995-bd93-67771a674867","type":"fetch","rationale":"Inspect an already-known source before another generic query","step":1,"t":"2026-09-18T12:14:05.705Z"}
{"level":"info","event":"action","runId":"7f4bd2a7-5778-4995-bd93-67771a674867","type":"fetch","rationale":"Inspect an already-known source before another generic query","step":2,"t":"2026-09-18T12:14:05.720Z"}
{"level":"info","event":"action","runId":"7f4bd2a7-5778-4995-bd93-67771a674867","type":"challenge","rationale":"Disconfirm material conclusion: A primary source that directly contradicts this conclusion.","step":3,"t":"2026-09-18T12:14:05.732Z"}
{"level":"info","event":"action","runId":"7f4bd2a7-5778-4995-bd93-67771a674867","type":"challenge","rationale":"No counterexample found in accessed primary sources. This is not proof that the conclusion is true.","step":4,"t":"2026-09-18T12:14:05.745Z"}
{"level":"info","event":"action","runId":"7f4bd2a7-5778-4995-bd93-67771a674867","type":"synthesize","rationale":"decision_critical_gaps_resolved_or_unresolvable; high-impact claims supported or qualified; contradictions handled; remaining actions low expected value","step":5,"t":"2026-09-18T12:14:05.758Z"}
{"level":"info","event":"action","runId":"20819451-b01b-463b-9270-e9be05f0088e","type":"search","rationale":"Investigate an uncovered required question","step":0,"t":"2026-09-18T12:14:06.309Z"}
{"level":"info","event":"action","runId":"20819451-b01b-463b-9270-e9be05f0088e","type":"fetch","rationale":"Inspect an already-known source before another generic query","step":1,"t":"2026-09-18T12:14:06.324Z"}
{"level":"info","event":"action","runId":"20819451-b01b-463b-9270-e9be05f0088e","type":"challenge","rationale":"Disconfirm material conclusion: A primary source that directly contradicts this conclusion.","step":2,"t":"2026-09-18T12:14:06.340Z"}
{"level":"info","event":"action","runId":"20819451-b01b-463b-9270-e9be05f0088e","type":"challenge","rationale":"No counterexample found in accessed primary sources. This is not proof that the conclusion is true.","step":3,"t":"2026-09-18T12:14:06.353Z"}
{"level":"info","event":"action","runId":"20819451-b01b-463b-9270-e9be05f0088e","type":"synthesize","rationale":"decision_critical_gaps_resolved_or_unresolvable; high-impact claims supported or qualified; contradictions handled; remaining actions low expected value","step":4,"t":"2026-09-18T12:14:06.363Z"}
{"level":"info","event":"action","runId":"b89c4e0d-a7ec-46e7-818a-a83108643e09","type":"search","rationale":"Investigate an uncovered required question","step":0,"t":"2026-09-18T12:14:06.904Z"}
{"level":"info","event":"action","runId":"b89c4e0d-a7ec-46e7-818a-a83108643e09","type":"fetch","rationale":"Inspect an already-known source before another generic query","step":1,"t":"2026-09-18T12:14:06.919Z"}
{"level":"info","event":"action","runId":"b89c4e0d-a7ec-46e7-818a-a83108643e09","type":"challenge","rationale":"Disconfirm material conclusion: A primary source that directly contradicts this conclusion.","step":2,"t":"2026-09-18T12:14:06.931Z"}
{"level":"info","event":"action","runId":"b89c4e0d-a7ec-46e7-818a-a83108643e09","type":"challenge","rationale":"No counterexample found in accessed primary sources. This is not proof that the conclusion is true.","step":3,"t":"2026-09-18T12:14:06.943Z"}
{"level":"info","event":"action","runId":"b89c4e0d-a7ec-46e7-818a-a83108643e09","type":"synthesize","rationale":"decision_critical_gaps_resolved_or_unresolvable; high-impact claims supported or qualified; contradictions handled; remaining actions low expected value","step":4,"t":"2026-09-18T12:14:06.953Z"}
{"level":"info","event":"action","runId":"65edcee1-e9df-4ae7-bdb6-54dbf03ba9a5","type":"search","rationale":"Investigate an uncovered required question","step":0,"t":"2026-09-18T12:14:07.482Z"}
{"level":"info","event":"action","runId":"65edcee1-e9df-4ae7-bdb6-54dbf03ba9a5","type":"fetch","rationale":"Inspect an already-known source before another generic query","step":1,"t":"2026-09-18T12:14:07.496Z"}
{"level":"info","event":"action","runId":"65edcee1-e9df-4ae7-bdb6-54dbf03ba9a5","type":"challenge","rationale":"Disconfirm material conclusion: A primary source that directly contradicts this conclusion.","step":2,"t":"2026-09-18T12:14:07.509Z"}
{"level":"info","event":"action","runId":"65edcee1-e9df-4ae7-bdb6-54dbf03ba9a5","type":"challenge","rationale":"No counterexample found in accessed primary sources. This is not proof that the conclusion is true.","step":3,"t":"2026-09-18T12:14:07.521Z"}
{"level":"info","event":"action","runId":"65edcee1-e9df-4ae7-bdb6-54dbf03ba9a5","type":"synthesize","rationale":"decision_critical_gaps_resolved_or_unresolvable; high-impact claims supported or qualified; contradictions handled; remaining actions low expected value","step":4,"t":"2026-09-18T12:14:07.531Z"}
{"level":"info","event":"action","runId":"60479255-68b1-4086-bba7-ee3059494e0a","type":"search","rationale":"Investigate an uncovered required question","step":0,"t":"2026-09-18T12:14:08.064Z"}
{"level":"info","event":"action","runId":"60479255-68b1-4086-bba7-ee3059494e0a","type":"fetch","rationale":"Inspect an already-known source before another generic query","step":1,"t":"2026-09-18T12:14:08.078Z"}
{"level":"info","event":"action","runId":"60479255-68b1-4086-bba7-ee3059494e0a","type":"challenge","rationale":"Disconfirm material conclusion: A primary source that directly contradicts this conclusion.","step":2,"t":"2026-09-18T12:14:08.089Z"}
{"level":"info","event":"action","runId":"60479255-68b1-4086-bba7-ee3059494e0a","type":"challenge","rationale":"No counterexample found in accessed primary sources. This is not proof that the conclusion is true.","step":3,"t":"2026-09-18T12:14:08.100Z"}
{"level":"info","event":"action","runId":"60479255-68b1-4086-bba7-ee3059494e0a","type":"synthesize","rationale":"decision_critical_gaps_resolved_or_unresolvable; high-impact claims supported or qualified; contradictions handled; remaining actions low expected value","step":4,"t":"2026-09-18T12:14:08.109Z"}
{"level":"info","event":"action","runId":"abe0d1f4-8dbb-4de9-95a3-74b052ecdbe5","type":"search","rationale":"Investigate an uncovered required question","step":0,"t":"2026-09-18T12:14:08.647Z"}
{"level":"info","event":"action","runId":"abe0d1f4-8dbb-4de9-95a3-74b052ecdbe5","type":"fetch","rationale":"Inspect an already-known source before another generic query","step":1,"t":"2026-09-18T12:14:08.667Z"}
{"level":"info","event":"action","runId":"abe0d1f4-8dbb-4de9-95a3-74b052ecdbe5","type":"fetch","rationale":"Inspect an already-known source before another generic query","step":2,"t":"2026-09-18T12:14:08.680Z"}
{"level":"info","event":"action","runId":"abe0d1f4-8dbb-4de9-95a3-74b052ecdbe5","type":"fetch","rationale":"Inspect an already-known source before another generic query","step":3,"t":"2026-09-18T12:14:08.692Z"}
{"level":"info","event":"action","runId":"abe0d1f4-8dbb-4de9-95a3-74b052ecdbe5","type":"fetch","rationale":"Inspect an already-known source before another generic query","step":4,"t":"2026-09-18T12:14:08.704Z"}
{"level":"info","event":"action","runId":"abe0d1f4-8dbb-4de9-95a3-74b052ecdbe5","type":"fetch","rationale":"Inspect an already-known source before another generic query","step":5,"t":"2026-09-18T12:14:08.717Z"}
{"level":"info","event":"action","runId":"abe0d1f4-8dbb-4de9-95a3-74b052ecdbe5","type":"challenge","rationale":"Disconfirm material conclusion: A primary source that directly contradicts this conclusion.","step":6,"t":"2026-09-18T12:14:08.737Z"}
{"level":"info","event":"action","runId":"abe0d1f4-8dbb-4de9-95a3-74b052ecdbe5","type":"challenge","rationale":"No counterexample found in accessed primary sources. This is not proof that the conclusion is true.","step":7,"t":"2026-09-18T12:14:08.750Z"}
{"level":"info","event":"action","runId":"abe0d1f4-8dbb-4de9-95a3-74b052ecdbe5","type":"synthesize","rationale":"decision_critical_gaps_resolved_or_unresolvable; high-impact claims supported or qualified; contradictions handled; remaining actions low expected value","step":8,"t":"2026-09-18T12:14:08.761Z"}
{"level":"info","event":"action","runId":"42cb6350-dd6e-4978-9bff-524ec92b9b9a","type":"search","rationale":"Investigate an uncovered required question","step":0,"t":"2026-09-18T12:14:09.277Z"}
{"level":"info","event":"action","runId":"42cb6350-dd6e-4978-9bff-524ec92b9b9a","type":"fetch","rationale":"Inspect an already-known source before another generic query","step":1,"t":"2026-09-18T12:14:09.296Z"}
{"level":"info","event":"action","runId":"42cb6350-dd6e-4978-9bff-524ec92b9b9a","type":"synthesize","rationale":"budget requires finishing with available evidence","step":2,"t":"2026-09-18T12:14:09.308Z"}
{"level":"info","event":"action","runId":"1ab6c7df-c07d-4fd5-9a89-b1083b15237e","type":"search","rationale":"Investigate an uncovered required question","step":0,"t":"2026-09-18T12:14:09.840Z"}
{"level":"info","event":"action","runId":"1ab6c7df-c07d-4fd5-9a89-b1083b15237e","type":"fetch","rationale":"Inspect an already-known source before another generic query","step":1,"t":"2026-09-18T12:14:09.859Z"}
{"level":"info","event":"action","runId":"1ab6c7df-c07d-4fd5-9a89-b1083b15237e","type":"fetch","rationale":"Inspect an already-known source before another generic query","step":2,"t":"2026-09-18T12:14:09.872Z"}
{"level":"info","event":"action","runId":"1ab6c7df-c07d-4fd5-9a89-b1083b15237e","type":"fetch","rationale":"Inspect an already-known source before another generic query","step":3,"t":"2026-09-18T12:14:09.884Z"}
{"level":"info","event":"action","runId":"1ab6c7df-c07d-4fd5-9a89-b1083b15237e","type":"fetch","rationale":"Inspect an already-known source before another generic query","step":4,"t":"2026-09-18T12:14:09.897Z"}
{"level":"info","event":"action","runId":"1ab6c7df-c07d-4fd5-9a89-b1083b15237e","type":"fetch","rationale":"Inspect an already-known source before another generic query","step":5,"t":"2026-09-18T12:14:09.910Z"}
{"level":"info","event":"action","runId":"1ab6c7df-c07d-4fd5-9a89-b1083b15237e","type":"challenge","rationale":"Disconfirm material conclusion: A primary source that directly contradicts this conclusion.","step":6,"t":"2026-09-18T12:14:09.922Z"}
{"level":"info","event":"action","runId":"1ab6c7df-c07d-4fd5-9a89-b1083b15237e","type":"challenge","rationale":"No counterexample found in accessed primary sources. This is not proof that the conclusion is true.","step":7,"t":"2026-09-18T12:14:09.934Z"}
{"level":"info","event":"action","runId":"1ab6c7df-c07d-4fd5-9a89-b1083b15237e","type":"synthesize","rationale":"decision_critical_gaps_resolved_or_unresolvable; high-impact claims supported or qualified; contradictions handled; remaining actions low expected value","step":8,"t":"2026-09-18T12:14:09.944Z"}
{"level":"info","event":"action","runId":"098ebce8-a80f-4103-80a8-4d0f5939185f","type":"search","rationale":"Investigate an uncovered required question","step":0,"t":"2026-09-18T12:14:10.764Z"}
{"level":"info","event":"action","runId":"098ebce8-a80f-4103-80a8-4d0f5939185f","type":"fetch","rationale":"Inspect an already-known source before another generic query","step":1,"t":"2026-09-18T12:14:10.781Z"}
{"level":"info","event":"action","runId":"098ebce8-a80f-4103-80a8-4d0f5939185f","type":"fetch","rationale":"Inspect an already-known source before another generic query","step":2,"t":"2026-09-18T12:14:10.793Z"}
{"level":"info","event":"action","runId":"098ebce8-a80f-4103-80a8-4d0f5939185f","type":"fetch","rationale":"Inspect an already-known source before another generic query","step":3,"t":"2026-09-18T12:14:10.804Z"}
{"level":"info","event":"action","runId":"098ebce8-a80f-4103-80a8-4d0f5939185f","type":"fetch","rationale":"Inspect an already-known source before another generic query","step":4,"t":"2026-09-18T12:14:10.814Z"}
{"level":"info","event":"action","runId":"098ebce8-a80f-4103-80a8-4d0f5939185f","type":"fetch","rationale":"Inspect an already-known source before another generic query","step":5,"t":"2026-09-18T12:14:10.827Z"}
{"level":"info","event":"action","runId":"098ebce8-a80f-4103-80a8-4d0f5939185f","type":"challenge","rationale":"Disconfirm material conclusion: A primary source that directly contradicts this conclusion.","step":6,"t":"2026-09-18T12:14:10.838Z"}
{"level":"info","event":"action","runId":"098ebce8-a80f-4103-80a8-4d0f5939185f","type":"challenge","rationale":"No counterexample found in accessed primary sources. This is not proof that the conclusion is true.","step":7,"t":"2026-09-18T12:14:10.850Z"}
{"level":"info","event":"action","runId":"098ebce8-a80f-4103-80a8-4d0f5939185f","type":"synthesize","rationale":"decision_critical_gaps_resolved_or_unresolvable; high-impact claims supported or qualified; contradictions handled; remaining actions low expected value","step":8,"t":"2026-09-18T12:14:10.860Z"}
{"level":"info","event":"action","runId":"56e99bb1-4fbb-48af-90fe-0e16088c522c","type":"challenge","rationale":"Disconfirm material conclusion: A primary source that directly contradicts this conclusion.","step":0,"t":"2026-09-18T12:14:11.685Z"}
{"level":"info","event":"action","runId":"56e99bb1-4fbb-48af-90fe-0e16088c522c","type":"fetch","rationale":"Inspect an already-known source before another generic query","step":1,"t":"2026-09-18T12:14:11.706Z"}
{"level":"info","event":"action","runId":"56e99bb1-4fbb-48af-90fe-0e16088c522c","type":"fetch","rationale":"Inspect an already-known source before another generic query","step":2,"t":"2026-09-18T12:14:11.718Z"}
{"level":"info","event":"action","runId":"56e99bb1-4fbb-48af-90fe-0e16088c522c","type":"fetch","rationale":"Inspect an already-known source before another generic query","step":3,"t":"2026-09-18T12:14:11.729Z"}
{"level":"info","event":"action","runId":"56e99bb1-4fbb-48af-90fe-0e16088c522c","type":"challenge","rationale":"No counterexample found in accessed primary sources. This is not proof that the conclusion is true.","step":4,"t":"2026-09-18T12:14:11.745Z"}
{"level":"info","event":"action","runId":"56e99bb1-4fbb-48af-90fe-0e16088c522c","type":"synthesize","rationale":"decision_critical_gaps_resolved_or_unresolvable; high-impact claims supported or qualified; contradictions handled; remaining actions low expected value","step":5,"t":"2026-09-18T12:14:11.755Z"}
{"level":"info","event":"action","runId":"0527eaff-3870-4269-80d5-37a827bc749f","type":"challenge","rationale":"Disconfirm material conclusion: A primary source that directly contradicts this conclusion.","step":0,"t":"2026-09-18T12:14:12.369Z"}
{"level":"info","event":"action","runId":"0527eaff-3870-4269-80d5-37a827bc749f","type":"fetch","rationale":"Inspect an already-known source before another generic query","step":1,"t":"2026-09-18T12:14:12.388Z"}
{"level":"info","event":"action","runId":"0527eaff-3870-4269-80d5-37a827bc749f","type":"fetch","rationale":"Inspect an already-known source before another generic query","step":2,"t":"2026-09-18T12:14:12.401Z"}
{"level":"info","event":"action","runId":"0527eaff-3870-4269-80d5-37a827bc749f","type":"fetch","rationale":"Inspect an already-known source before another generic query","step":3,"t":"2026-09-18T12:14:12.414Z"}
{"level":"info","event":"action","runId":"0527eaff-3870-4269-80d5-37a827bc749f","type":"challenge","rationale":"No counterexample found in accessed primary sources. This is not proof that the conclusion is true.","step":4,"t":"2026-09-18T12:14:12.428Z"}
{"level":"info","event":"action","runId":"0527eaff-3870-4269-80d5-37a827bc749f","type":"synthesize","rationale":"decision_critical_gaps_resolved_or_unresolvable; high-impact claims supported or qualified; contradictions handled; remaining actions low expected value","step":5,"t":"2026-09-18T12:14:12.438Z"}
{"level":"info","event":"action","runId":"79a4389e-601c-4a4c-9b37-4b2a9f764720","type":"search","rationale":"Investigate an uncovered required question","step":0,"t":"2026-09-18T12:14:12.809Z"}
{"level":"info","event":"action","runId":"79a4389e-601c-4a4c-9b37-4b2a9f764720","type":"fetch","rationale":"Inspect an already-known source before another generic query","step":1,"t":"2026-09-18T12:14:12.828Z"}
{"level":"info","event":"action","runId":"79a4389e-601c-4a4c-9b37-4b2a9f764720","type":"fetch","rationale":"Inspect an already-known source before another generic query","step":2,"t":"2026-09-18T12:14:12.840Z"}
{"level":"info","event":"action","runId":"79a4389e-601c-4a4c-9b37-4b2a9f764720","type":"fetch","rationale":"Inspect an already-known source before another generic query","step":3,"t":"2026-09-18T12:14:12.853Z"}
{"level":"info","event":"action","runId":"79a4389e-601c-4a4c-9b37-4b2a9f764720","type":"fetch","rationale":"Inspect an already-known source before another generic query","step":4,"t":"2026-09-18T12:14:12.865Z"}
{"level":"info","event":"action","runId":"79a4389e-601c-4a4c-9b37-4b2a9f764720","type":"fetch","rationale":"Inspect an already-known source before another generic query","step":5,"t":"2026-09-18T12:14:12.877Z"}
{"level":"info","event":"action","runId":"79a4389e-601c-4a4c-9b37-4b2a9f764720","type":"challenge","rationale":"Disconfirm material conclusion: A primary source that directly contradicts this conclusion.","step":6,"t":"2026-09-18T12:14:12.890Z"}
{"level":"info","event":"action","runId":"79a4389e-601c-4a4c-9b37-4b2a9f764720","type":"challenge","rationale":"No counterexample found in accessed primary sources. This is not proof that the conclusion is true.","step":7,"t":"2026-09-18T12:14:12.901Z"}
{"level":"info","event":"action","runId":"79a4389e-601c-4a4c-9b37-4b2a9f764720","type":"synthesize","rationale":"decision_critical_gaps_resolved_or_unresolvable; high-impact claims supported or qualified; contradictions handled; remaining actions low expected value","step":8,"t":"2026-09-18T12:14:12.911Z"}
{"level":"info","event":"action","runId":"542edce8-ab0b-4c6f-8edf-e66601d417c5","type":"search","rationale":"Investigate an uncovered required question","step":0,"t":"2026-09-18T12:14:13.444Z"}
{"level":"info","event":"action","runId":"542edce8-ab0b-4c6f-8edf-e66601d417c5","type":"fetch","rationale":"Inspect an already-known source before another generic query","step":1,"t":"2026-09-18T12:14:13.463Z"}
{"level":"info","event":"action","runId":"542edce8-ab0b-4c6f-8edf-e66601d417c5","type":"fetch","rationale":"Inspect an already-known source before another generic query","step":2,"t":"2026-09-18T12:14:13.475Z"}
{"level":"info","event":"action","runId":"542edce8-ab0b-4c6f-8edf-e66601d417c5","type":"fetch","rationale":"Inspect an already-known source before another generic query","step":3,"t":"2026-09-18T12:14:13.486Z"}
{"level":"info","event":"action","runId":"542edce8-ab0b-4c6f-8edf-e66601d417c5","type":"fetch","rationale":"Inspect an already-known source before another generic query","step":4,"t":"2026-09-18T12:14:13.497Z"}
{"level":"info","event":"action","runId":"542edce8-ab0b-4c6f-8edf-e66601d417c5","type":"fetch","rationale":"Inspect an already-known source before another generic query","step":5,"t":"2026-09-18T12:14:13.507Z"}
{"level":"info","event":"action","runId":"542edce8-ab0b-4c6f-8edf-e66601d417c5","type":"challenge","rationale":"Disconfirm material conclusion: A primary source that directly contradicts this conclusion.","step":6,"t":"2026-09-18T12:14:13.519Z"}
{"level":"info","event":"action","runId":"542edce8-ab0b-4c6f-8edf-e66601d417c5","type":"challenge","rationale":"No counterexample found in accessed primary sources. This is not proof that the conclusion is true.","step":7,"t":"2026-09-18T12:14:13.531Z"}
{"level":"info","event":"action","runId":"542edce8-ab0b-4c6f-8edf-e66601d417c5","type":"synthesize","rationale":"decision_critical_gaps_resolved_or_unresolvable; high-impact claims supported or qualified; contradictions handled; remaining actions low expected value","step":8,"t":"2026-09-18T12:14:13.540Z"}
{"level":"info","event":"action","runId":"2fbe66d7-ce59-45cc-85da-ba5430bf07b1","type":"clarify","rationale":"A blocking field is unspecified and would change the answer","step":0,"t":"2026-09-18T12:14:14.692Z"}
{"level":"info","event":"action","runId":"f99635a9-2e61-4d02-870d-89a757f605dc","type":"clarify","rationale":"A blocking field is unspecified and would change the answer","step":0,"t":"2026-09-18T12:14:15.010Z"}
{"level":"info","event":"action","runId":"f99635a9-2e61-4d02-870d-89a757f605dc","type":"search","rationale":"Investigate an uncovered required question","step":0,"t":"2026-09-18T12:14:15.033Z"}
{"level":"info","event":"action","runId":"f99635a9-2e61-4d02-870d-89a757f605dc","type":"fetch","rationale":"Inspect an already-known source before another generic query","step":1,"t":"2026-09-18T12:14:15.047Z"}
{"level":"info","event":"action","runId":"f99635a9-2e61-4d02-870d-89a757f605dc","type":"challenge","rationale":"Disconfirm material conclusion: A primary source that directly contradicts this conclusion.","step":2,"t":"2026-09-18T12:14:15.059Z"}
{"level":"info","event":"action","runId":"f99635a9-2e61-4d02-870d-89a757f605dc","type":"challenge","rationale":"Disconfirm material conclusion: A primary source that directly contradicts this conclusion.","step":3,"t":"2026-09-18T12:14:15.070Z"}
{"level":"info","event":"action","runId":"f99635a9-2e61-4d02-870d-89a757f605dc","type":"challenge","rationale":"Disconfirm material conclusion: A primary source that directly contradicts this conclusion.","step":4,"t":"2026-09-18T12:14:15.082Z"}
{"level":"info","event":"action","runId":"f99635a9-2e61-4d02-870d-89a757f605dc","type":"challenge","rationale":"Disconfirm material conclusion: A primary source that directly contradicts this conclusion.","step":5,"t":"2026-09-18T12:14:15.094Z"}
{"level":"info","event":"action","runId":"f99635a9-2e61-4d02-870d-89a757f605dc","type":"challenge","rationale":"Disconfirm material conclusion: A primary source that directly contradicts this conclusion.","step":6,"t":"2026-09-18T12:14:15.106Z"}
{"level":"info","event":"action","runId":"f99635a9-2e61-4d02-870d-89a757f605dc","type":"challenge","rationale":"Disconfirm material conclusion: A primary source that directly contradicts this conclusion.","step":7,"t":"2026-09-18T12:14:15.118Z"}
{"level":"info","event":"action","runId":"f99635a9-2e61-4d02-870d-89a757f605dc","type":"challenge","rationale":"Disconfirm material conclusion: A primary source that directly contradicts this conclusion.","step":8,"t":"2026-09-18T12:14:15.131Z"}
{"level":"info","event":"action","runId":"f99635a9-2e61-4d02-870d-89a757f605dc","type":"challenge","rationale":"No counterexample found in accessed primary sources. This is not proof that the conclusion is true.","step":9,"t":"2026-09-18T12:14:15.146Z"}
{"level":"info","event":"action","runId":"f99635a9-2e61-4d02-870d-89a757f605dc","type":"stop","rationale":"Repeated searches returned no novel source family or coverage progress","step":10,"t":"2026-09-18T12:14:15.156Z"}
{"level":"info","event":"action","runId":"5c07f89b-039b-4937-8bd5-b197e26973c4","type":"clarify","rationale":"A blocking field is unspecified and would change the answer","step":0,"t":"2026-09-18T12:14:15.708Z"}
{"level":"info","event":"action","runId":"5c07f89b-039b-4937-8bd5-b197e26973c4","type":"search","rationale":"Investigate an uncovered required question","step":0,"t":"2026-09-18T12:14:15.727Z"}
{"level":"info","event":"action","runId":"5c07f89b-039b-4937-8bd5-b197e26973c4","type":"fetch","rationale":"Inspect an already-known source before another generic query","step":1,"t":"2026-09-18T12:14:15.741Z"}
{"level":"info","event":"action","runId":"5c07f89b-039b-4937-8bd5-b197e26973c4","type":"challenge","rationale":"Disconfirm material conclusion: A primary source that directly contradicts this conclusion.","step":2,"t":"2026-09-18T12:14:15.753Z"}
{"level":"info","event":"action","runId":"5c07f89b-039b-4937-8bd5-b197e26973c4","type":"challenge","rationale":"Disconfirm material conclusion: A primary source that directly contradicts this conclusion.","step":3,"t":"2026-09-18T12:14:15.764Z"}
{"level":"info","event":"action","runId":"5c07f89b-039b-4937-8bd5-b197e26973c4","type":"challenge","rationale":"Disconfirm material conclusion: A primary source that directly contradicts this conclusion.","step":4,"t":"2026-09-18T12:14:15.776Z"}
{"level":"info","event":"action","runId":"5c07f89b-039b-4937-8bd5-b197e26973c4","type":"challenge","rationale":"Disconfirm material conclusion: A primary source that directly contradicts this conclusion.","step":5,"t":"2026-09-18T12:14:15.787Z"}
{"level":"info","event":"action","runId":"5c07f89b-039b-4937-8bd5-b197e26973c4","type":"challenge","rationale":"Disconfirm material conclusion: A primary source that directly contradicts this conclusion.","step":6,"t":"2026-09-18T12:14:15.797Z"}
{"level":"info","event":"action","runId":"5c07f89b-039b-4937-8bd5-b197e26973c4","type":"challenge","rationale":"Disconfirm material conclusion: A primary source that directly contradicts this conclusion.","step":7,"t":"2026-09-18T12:14:15.808Z"}
{"level":"info","event":"action","runId":"5c07f89b-039b-4937-8bd5-b197e26973c4","type":"challenge","rationale":"Disconfirm material conclusion: A primary source that directly contradicts this conclusion.","step":8,"t":"2026-09-18T12:14:15.820Z"}
{"level":"info","event":"action","runId":"5c07f89b-039b-4937-8bd5-b197e26973c4","type":"challenge","rationale":"No counterexample found in accessed primary sources. This is not proof that the conclusion is true.","step":9,"t":"2026-09-18T12:14:15.832Z"}
{"level":"info","event":"action","runId":"5c07f89b-039b-4937-8bd5-b197e26973c4","type":"stop","rationale":"Repeated searches returned no novel source family or coverage progress","step":10,"t":"2026-09-18T12:14:15.841Z"}
{"level":"info","event":"action","runId":"1dcc03f7-182c-4a79-89d3-cd20f3c43682","type":"clarify","rationale":"A blocking field is unspecified and would change the answer","step":0,"t":"2026-09-18T12:14:16.377Z"}
{"level":"info","event":"action","runId":"1dcc03f7-182c-4a79-89d3-cd20f3c43682","type":"search","rationale":"Investigate an uncovered required question","step":0,"t":"2026-09-18T12:14:16.398Z"}
{"level":"info","event":"action","runId":"1dcc03f7-182c-4a79-89d3-cd20f3c43682","type":"fetch","rationale":"Inspect an already-known source before another generic query","step":1,"t":"2026-09-18T12:14:16.413Z"}
{"level":"info","event":"action","runId":"1dcc03f7-182c-4a79-89d3-cd20f3c43682","type":"challenge","rationale":"Disconfirm material conclusion: A primary source that directly contradicts this conclusion.","step":2,"t":"2026-09-18T12:14:16.425Z"}
{"level":"info","event":"action","runId":"1dcc03f7-182c-4a79-89d3-cd20f3c43682","type":"challenge","rationale":"Disconfirm material conclusion: A primary source that directly contradicts this conclusion.","step":3,"t":"2026-09-18T12:14:16.436Z"}
{"level":"info","event":"action","runId":"1dcc03f7-182c-4a79-89d3-cd20f3c43682","type":"challenge","rationale":"Disconfirm material conclusion: A primary source that directly contradicts this conclusion.","step":4,"t":"2026-09-18T12:14:16.449Z"}
{"level":"info","event":"action","runId":"1dcc03f7-182c-4a79-89d3-cd20f3c43682","type":"challenge","rationale":"Disconfirm material conclusion: A primary source that directly contradicts this conclusion.","step":5,"t":"2026-09-18T12:14:16.461Z"}
{"level":"info","event":"action","runId":"1dcc03f7-182c-4a79-89d3-cd20f3c43682","type":"challenge","rationale":"Disconfirm material conclusion: A primary source that directly contradicts this conclusion.","step":6,"t":"2026-09-18T12:14:16.474Z"}
{"level":"info","event":"action","runId":"1dcc03f7-182c-4a79-89d3-cd20f3c43682","type":"challenge","rationale":"Disconfirm material conclusion: A primary source that directly contradicts this conclusion.","step":7,"t":"2026-09-18T12:14:16.485Z"}
{"level":"info","event":"action","runId":"1dcc03f7-182c-4a79-89d3-cd20f3c43682","type":"challenge","rationale":"Disconfirm material conclusion: A primary source that directly contradicts this conclusion.","step":8,"t":"2026-09-18T12:14:16.495Z"}
{"level":"info","event":"action","runId":"1dcc03f7-182c-4a79-89d3-cd20f3c43682","type":"challenge","rationale":"No counterexample found in accessed primary sources. This is not proof that the conclusion is true.","step":9,"t":"2026-09-18T12:14:16.507Z"}
{"level":"info","event":"action","runId":"1dcc03f7-182c-4a79-89d3-cd20f3c43682","type":"stop","rationale":"Repeated searches returned no novel source family or coverage progress","step":10,"t":"2026-09-18T12:14:16.517Z"}
{"level":"info","event":"action","runId":"3017e316-66c6-4169-99ea-74fa72cc8066","type":"clarify","rationale":"A blocking field is unspecified and would change the answer","step":0,"t":"2026-09-18T12:14:17.757Z"}
{"level":"info","event":"action","runId":"0147c701-1453-40cf-8d9e-632040809e7d","type":"search","rationale":"Investigate an uncovered required question","step":0,"t":"2026-09-18T12:14:18.098Z"}
{"level":"info","event":"action","runId":"0147c701-1453-40cf-8d9e-632040809e7d","type":"fetch","rationale":"Inspect an already-known source before another generic query","step":1,"t":"2026-09-18T12:14:18.133Z"}
{"level":"info","event":"action","runId":"0147c701-1453-40cf-8d9e-632040809e7d","type":"fetch","rationale":"Inspect an already-known source before another generic query","step":2,"t":"2026-09-18T12:14:18.152Z"}
{"level":"info","event":"action","runId":"0147c701-1453-40cf-8d9e-632040809e7d","type":"fetch","rationale":"Inspect an already-known source before another generic query","step":3,"t":"2026-09-18T12:14:18.169Z"}
{"level":"info","event":"action","runId":"0147c701-1453-40cf-8d9e-632040809e7d","type":"challenge","rationale":"Disconfirm material conclusion: A primary source that directly contradicts this conclusion.","step":4,"t":"2026-09-18T12:14:18.192Z"}
{"level":"info","event":"action","runId":"0147c701-1453-40cf-8d9e-632040809e7d","type":"challenge","rationale":"No counterexample found in accessed primary sources. This is not proof that the conclusion is true.","step":5,"t":"2026-09-18T12:14:18.209Z"}
{"level":"info","event":"action","runId":"0147c701-1453-40cf-8d9e-632040809e7d","type":"synthesize","rationale":"decision_critical_gaps_resolved_or_unresolvable; high-impact claims supported or qualified; contradictions handled; remaining actions low expected value","step":6,"t":"2026-09-18T12:14:18.225Z"}
{"level":"info","event":"action","runId":"667f77ce-c2f4-47fb-ac33-0bdad7d8ee30","type":"search","rationale":"Investigate an uncovered required question","step":0,"t":"2026-09-18T12:14:18.845Z"}
{"level":"info","event":"action","runId":"667f77ce-c2f4-47fb-ac33-0bdad7d8ee30","type":"fetch","rationale":"Inspect an already-known source before another generic query","step":1,"t":"2026-09-18T12:14:18.863Z"}
{"level":"info","event":"action","runId":"667f77ce-c2f4-47fb-ac33-0bdad7d8ee30","type":"challenge","rationale":"Disconfirm material conclusion: A primary source that directly contradicts this conclusion.","step":2,"t":"2026-09-18T12:14:18.878Z"}
{"level":"info","event":"action","runId":"667f77ce-c2f4-47fb-ac33-0bdad7d8ee30","type":"challenge","rationale":"No counterexample found in accessed primary sources. This is not proof that the conclusion is true.","step":3,"t":"2026-09-18T12:14:18.894Z"}
{"level":"info","event":"action","runId":"667f77ce-c2f4-47fb-ac33-0bdad7d8ee30","type":"synthesize","rationale":"inaccessible_or_unresolved_gap:primary source is inaccessible","step":4,"t":"2026-09-18T12:14:18.906Z"}
{"level":"info","event":"action","runId":"26323181-1afd-4930-98d1-9854b8c1c449","type":"search","rationale":"Investigate an uncovered required question","step":0,"t":"2026-09-18T12:14:19.467Z"}
{"level":"info","event":"action","runId":"26323181-1afd-4930-98d1-9854b8c1c449","type":"fetch","rationale":"Inspect the preferred source type (vendor-docs) before more weak sources","step":1,"t":"2026-09-18T12:14:19.483Z"}
{"level":"info","event":"action","runId":"26323181-1afd-4930-98d1-9854b8c1c449","type":"fetch","rationale":"Inspect the preferred source type (vendor-docs) before more weak sources","step":2,"t":"2026-09-18T12:14:19.497Z"}
{"level":"info","event":"action","runId":"26323181-1afd-4930-98d1-9854b8c1c449","type":"verify","rationale":"Scope-check contradiction on value before treating newest as correct","step":3,"t":"2026-09-18T12:14:19.511Z"}
{"level":"info","event":"action","runId":"26323181-1afd-4930-98d1-9854b8c1c449","type":"challenge","rationale":"Disconfirm material conclusion: A primary source that directly contradicts this conclusion.","step":4,"t":"2026-09-18T12:14:19.522Z"}
{"level":"info","event":"action","runId":"26323181-1afd-4930-98d1-9854b8c1c449","type":"challenge","rationale":"No counterexample found in accessed primary sources. This is not proof that the conclusion is true.","step":5,"t":"2026-09-18T12:14:19.535Z"}
{"level":"info","event":"action","runId":"26323181-1afd-4930-98d1-9854b8c1c449","type":"synthesize","rationale":"decision_critical_gaps_resolved_or_unresolvable; high-impact claims supported or qualified; contradictions handled; remaining actions low expected value","step":6,"t":"2026-09-18T12:14:19.545Z"}
{"level":"info","event":"action","runId":"5a443af5-013e-4592-a62d-96ba9e6d1504","type":"search","rationale":"Investigate an uncovered required question","step":0,"t":"2026-09-18T12:14:20.099Z"}
{"level":"info","event":"action","runId":"5a443af5-013e-4592-a62d-96ba9e6d1504","type":"fetch","rationale":"Inspect an already-known source before another generic query","step":1,"t":"2026-09-18T12:14:20.121Z"}
{"level":"info","event":"action","runId":"5a443af5-013e-4592-a62d-96ba9e6d1504","type":"synthesize","rationale":"budget requires finishing with available evidence","step":2,"t":"2026-09-18T12:14:20.136Z"}
{"level":"info","event":"action","runId":"811ab990-457b-4348-8b19-6250b3fdab2d","type":"search","rationale":"Investigate an uncovered required question","step":0,"t":"2026-09-18T12:14:20.689Z"}
{"level":"info","event":"action","runId":"811ab990-457b-4348-8b19-6250b3fdab2d","type":"fetch","rationale":"Inspect an already-known source before another generic query","step":1,"t":"2026-09-18T12:14:20.711Z"}
{"level":"info","event":"action","runId":"811ab990-457b-4348-8b19-6250b3fdab2d","type":"fetch","rationale":"Inspect an already-known source before another generic query","step":2,"t":"2026-09-18T12:14:20.726Z"}
{"level":"info","event":"action","runId":"811ab990-457b-4348-8b19-6250b3fdab2d","type":"fetch","rationale":"Inspect an already-known source before another generic query","step":3,"t":"2026-09-18T12:14:20.740Z"}
{"level":"info","event":"action","runId":"811ab990-457b-4348-8b19-6250b3fdab2d","type":"challenge","rationale":"Disconfirm material conclusion: A primary source that directly contradicts this conclusion.","step":4,"t":"2026-09-18T12:14:20.757Z"}
{"level":"info","event":"action","runId":"811ab990-457b-4348-8b19-6250b3fdab2d","type":"challenge","rationale":"No counterexample found in accessed primary sources. This is not proof that the conclusion is true.","step":5,"t":"2026-09-18T12:14:20.771Z"}
{"level":"info","event":"action","runId":"811ab990-457b-4348-8b19-6250b3fdab2d","type":"synthesize","rationale":"decision_critical_gaps_resolved_or_unresolvable; high-impact claims supported or qualified; contradictions handled; remaining actions low expected value","step":6,"t":"2026-09-18T12:14:20.784Z"}
{"level":"info","event":"action","runId":"b65913ea-edd6-4e50-9c0b-db4b82123dd2","type":"search","rationale":"Investigate an uncovered required question","step":0,"t":"2026-09-18T12:14:21.379Z"}
{"level":"info","event":"action","runId":"b65913ea-edd6-4e50-9c0b-db4b82123dd2","type":"search","rationale":"Decision-blocking gap: authoritative compatibility limitation. Switching source type to vendor-matrix.","step":1,"t":"2026-09-18T12:14:21.401Z"}
{"level":"info","event":"action","runId":"b65913ea-edd6-4e50-9c0b-db4b82123dd2","type":"fetch","rationale":"Inspect the preferred source type (vendor-matrix) before more weak sources","step":2,"t":"2026-09-18T12:14:21.416Z"}
{"level":"info","event":"action","runId":"b65913ea-edd6-4e50-9c0b-db4b82123dd2","type":"fetch","rationale":"Inspect an already-known source before another generic query","step":3,"t":"2026-09-18T12:14:21.431Z"}
{"level":"info","event":"action","runId":"b65913ea-edd6-4e50-9c0b-db4b82123dd2","type":"fetch","rationale":"Inspect an already-known source before another generic query","step":4,"t":"2026-09-18T12:14:21.446Z"}
{"level":"info","event":"action","runId":"b65913ea-edd6-4e50-9c0b-db4b82123dd2","type":"fetch","rationale":"Inspect an already-known source before another generic query","step":5,"t":"2026-09-18T12:14:21.459Z"}
{"level":"info","event":"action","runId":"b65913ea-edd6-4e50-9c0b-db4b82123dd2","type":"verify","rationale":"Scope-check contradiction on compatibility before treating newest as correct","step":6,"t":"2026-09-18T12:14:21.472Z"}
{"level":"info","event":"action","runId":"b65913ea-edd6-4e50-9c0b-db4b82123dd2","type":"challenge","rationale":"Disconfirm material conclusion: Official compatibility documentation that lists the named version as supported.","step":7,"t":"2026-09-18T12:14:21.483Z"}
{"level":"info","event":"action","runId":"b65913ea-edd6-4e50-9c0b-db4b82123dd2","type":"challenge","rationale":"No counterexample found in accessed primary sources. This is not proof that the conclusion is true.","step":8,"t":"2026-09-18T12:14:21.497Z"}
{"level":"info","event":"action","runId":"b65913ea-edd6-4e50-9c0b-db4b82123dd2","type":"synthesize","rationale":"decision_critical_gaps_resolved_or_unresolvable; high-impact claims supported or qualified; contradictions handled; remaining actions low expected value","step":9,"t":"2026-09-18T12:14:21.507Z"}
{"level":"info","event":"action","runId":"39dd4815-5a9d-4014-a188-08ddad5425ca","type":"search","rationale":"Investigate an uncovered required question","step":0,"t":"2026-09-18T12:14:22.064Z"}
{"level":"info","event":"action","runId":"39dd4815-5a9d-4014-a188-08ddad5425ca","type":"search","rationale":"Decision-blocking gap: authoritative compatibility limitation. Switching source type to vendor-matrix.","step":1,"t":"2026-09-18T12:14:22.081Z"}
{"level":"info","event":"action","runId":"39dd4815-5a9d-4014-a188-08ddad5425ca","type":"fetch","rationale":"Inspect the preferred source type (vendor-matrix) before more weak sources","step":2,"t":"2026-09-18T12:14:22.095Z"}
{"level":"info","event":"action","runId":"39dd4815-5a9d-4014-a188-08ddad5425ca","type":"fetch","rationale":"Inspect an already-known source before another generic query","step":3,"t":"2026-09-18T12:14:22.108Z"}
{"level":"info","event":"action","runId":"39dd4815-5a9d-4014-a188-08ddad5425ca","type":"fetch","rationale":"Inspect an already-known source before another generic query","step":4,"t":"2026-09-18T12:14:22.121Z"}
{"level":"info","event":"action","runId":"39dd4815-5a9d-4014-a188-08ddad5425ca","type":"fetch","rationale":"Inspect an already-known source before another generic query","step":5,"t":"2026-09-18T12:14:22.133Z"}
{"level":"info","event":"action","runId":"39dd4815-5a9d-4014-a188-08ddad5425ca","type":"verify","rationale":"Scope-check contradiction on compatibility before treating newest as correct","step":6,"t":"2026-09-18T12:14:22.146Z"}
{"level":"info","event":"action","runId":"39dd4815-5a9d-4014-a188-08ddad5425ca","type":"challenge","rationale":"Disconfirm material conclusion: Official compatibility documentation that lists the named version as supported.","step":7,"t":"2026-09-18T12:14:22.156Z"}
{"level":"info","event":"action","runId":"39dd4815-5a9d-4014-a188-08ddad5425ca","type":"challenge","rationale":"No counterexample found in accessed primary sources. This is not proof that the conclusion is true.","step":8,"t":"2026-09-18T12:14:22.168Z"}
{"level":"info","event":"action","runId":"39dd4815-5a9d-4014-a188-08ddad5425ca","type":"synthesize","rationale":"decision_critical_gaps_resolved_or_unresolvable; high-impact claims supported or qualified; contradictions handled; remaining actions low expected value","step":9,"t":"2026-09-18T12:14:22.181Z"}
{"level":"info","event":"action","runId":"45efdd7c-f6e6-4176-9d51-d84ea620b306","type":"search","rationale":"Investigate an uncovered required question","step":0,"t":"2026-09-18T12:14:22.739Z"}
{"level":"info","event":"action","runId":"45efdd7c-f6e6-4176-9d51-d84ea620b306","type":"fetch","rationale":"Inspect an already-known source before another generic query","step":1,"t":"2026-09-18T12:14:22.760Z"}
{"level":"info","event":"action","runId":"45efdd7c-f6e6-4176-9d51-d84ea620b306","type":"fetch","rationale":"Inspect an already-known source before another generic query","step":2,"t":"2026-09-18T12:14:22.773Z"}
{"level":"info","event":"action","runId":"45efdd7c-f6e6-4176-9d51-d84ea620b306","type":"fetch","rationale":"Inspect an already-known source before another generic query","step":3,"t":"2026-09-18T12:14:22.785Z"}
{"level":"info","event":"action","runId":"45efdd7c-f6e6-4176-9d51-d84ea620b306","type":"challenge","rationale":"Disconfirm material conclusion: A primary source that directly contradicts this conclusion.","step":4,"t":"2026-09-18T12:14:22.802Z"}
{"level":"info","event":"action","runId":"45efdd7c-f6e6-4176-9d51-d84ea620b306","type":"challenge","rationale":"No counterexample found in accessed primary sources. This is not proof that the conclusion is true.","step":5,"t":"2026-09-18T12:14:22.816Z"}
{"level":"info","event":"action","runId":"45efdd7c-f6e6-4176-9d51-d84ea620b306","type":"synthesize","rationale":"decision_critical_gaps_resolved_or_unresolvable; high-impact claims supported or qualified; contradictions handled; remaining actions low expected value","step":6,"t":"2026-09-18T12:14:22.826Z"}
{"level":"info","event":"action","runId":"ae4973e2-32ec-44ef-b909-4b0d7d5b4f41","type":"search","rationale":"Investigate an uncovered required question","step":0,"t":"2026-09-18T12:14:23.094Z"}
{"level":"info","event":"action","runId":"ae4973e2-32ec-44ef-b909-4b0d7d5b4f41","type":"fetch","rationale":"Inspect an already-known source before another generic query","step":1,"t":"2026-09-18T12:14:23.109Z"}
{"level":"info","event":"action","runId":"ae4973e2-32ec-44ef-b909-4b0d7d5b4f41","type":"fetch","rationale":"Inspect an already-known source before another generic query","step":2,"t":"2026-09-18T12:14:23.121Z"}
{"level":"info","event":"action","runId":"ae4973e2-32ec-44ef-b909-4b0d7d5b4f41","type":"fetch","rationale":"Inspect an already-known source before another generic query","step":3,"t":"2026-09-18T12:14:23.133Z"}
{"level":"info","event":"action","runId":"ae4973e2-32ec-44ef-b909-4b0d7d5b4f41","type":"challenge","rationale":"Disconfirm material conclusion: A hard-constraint violation for a candidate currently marked eligible.","step":4,"t":"2026-09-18T12:14:23.146Z"}
{"level":"info","event":"action","runId":"ae4973e2-32ec-44ef-b909-4b0d7d5b4f41","type":"challenge","rationale":"No counterexample found in accessed primary sources. This is not proof that the conclusion is true.","step":5,"t":"2026-09-18T12:14:23.160Z"}
{"level":"info","event":"action","runId":"ae4973e2-32ec-44ef-b909-4b0d7d5b4f41","type":"synthesize","rationale":"decision_critical_gaps_resolved_or_unresolvable; high-impact claims supported or qualified; contradictions handled; remaining actions low expected value","step":6,"t":"2026-09-18T12:14:23.170Z"}
{"level":"info","event":"action","runId":"f21fba14-200f-4728-a8b8-1d2b5fa108f5","type":"search","rationale":"Investigate an uncovered required question","step":0,"t":"2026-09-18T12:14:23.730Z"}
{"level":"info","event":"action","runId":"f21fba14-200f-4728-a8b8-1d2b5fa108f5","type":"fetch","rationale":"Inspect an already-known source before another generic query","step":1,"t":"2026-09-18T12:14:23.746Z"}
{"level":"info","event":"action","runId":"f21fba14-200f-4728-a8b8-1d2b5fa108f5","type":"challenge","rationale":"Disconfirm material conclusion: A primary source that directly contradicts this conclusion.","step":2,"t":"2026-09-18T12:14:23.759Z"}
{"level":"info","event":"action","runId":"f21fba14-200f-4728-a8b8-1d2b5fa108f5","type":"challenge","rationale":"No counterexample found in accessed primary sources. This is not proof that the conclusion is true.","step":3,"t":"2026-09-18T12:14:23.773Z"}
{"level":"info","event":"action","runId":"f21fba14-200f-4728-a8b8-1d2b5fa108f5","type":"synthesize","rationale":"decision_critical_gaps_resolved_or_unresolvable; high-impact claims supported or qualified; contradictions handled; remaining actions low expected value","step":4,"t":"2026-09-18T12:14:23.784Z"}
{"level":"info","event":"action","runId":"d30fbf95-d696-4e85-abdc-d583e0d7e7c8","type":"search","rationale":"Investigate an uncovered required question","step":0,"t":"2026-09-18T12:14:24.057Z"}
{"level":"info","event":"action","runId":"d30fbf95-d696-4e85-abdc-d583e0d7e7c8","type":"fetch","rationale":"Inspect an already-known source before another generic query","step":1,"t":"2026-09-18T12:14:24.069Z"}
{"level":"info","event":"action","runId":"d30fbf95-d696-4e85-abdc-d583e0d7e7c8","type":"challenge","rationale":"Disconfirm material conclusion: A primary source that directly contradicts this conclusion.","step":2,"t":"2026-09-18T12:14:24.081Z"}
{"level":"info","event":"action","runId":"d30fbf95-d696-4e85-abdc-d583e0d7e7c8","type":"challenge","rationale":"No counterexample found in accessed primary sources. This is not proof that the conclusion is true.","step":3,"t":"2026-09-18T12:14:24.092Z"}
{"level":"info","event":"action","runId":"d30fbf95-d696-4e85-abdc-d583e0d7e7c8","type":"synthesize","rationale":"decision_critical_gaps_resolved_or_unresolvable; high-impact claims supported or qualified; contradictions handled; remaining actions low expected value","step":4,"t":"2026-09-18T12:14:24.102Z"}
{"level":"info","event":"action","runId":"f122a47b-9490-4016-8ef7-ec179dbe680d","type":"search","rationale":"Investigate an uncovered required question","step":0,"t":"2026-09-18T12:14:24.634Z"}
{"level":"info","event":"action","runId":"f122a47b-9490-4016-8ef7-ec179dbe680d","type":"fetch","rationale":"Inspect an already-known source before another generic query","step":1,"t":"2026-09-18T12:14:24.655Z"}
{"level":"info","event":"action","runId":"f122a47b-9490-4016-8ef7-ec179dbe680d","type":"fetch","rationale":"Inspect an already-known source before another generic query","step":2,"t":"2026-09-18T12:14:24.667Z"}
{"level":"info","event":"action","runId":"f122a47b-9490-4016-8ef7-ec179dbe680d","type":"fetch","rationale":"Inspect an already-known source before another generic query","step":3,"t":"2026-09-18T12:14:24.680Z"}
{"level":"info","event":"action","runId":"f122a47b-9490-4016-8ef7-ec179dbe680d","type":"challenge","rationale":"Disconfirm material conclusion: A primary source that directly contradicts this conclusion.","step":4,"t":"2026-09-18T12:14:24.695Z"}
{"level":"info","event":"action","runId":"f122a47b-9490-4016-8ef7-ec179dbe680d","type":"challenge","rationale":"No counterexample found in accessed primary sources. This is not proof that the conclusion is true.","step":5,"t":"2026-09-18T12:14:24.709Z"}
{"level":"info","event":"action","runId":"f122a47b-9490-4016-8ef7-ec179dbe680d","type":"synthesize","rationale":"decision_critical_gaps_resolved_or_unresolvable; high-impact claims supported or qualified; contradictions handled; remaining actions low expected value","step":6,"t":"2026-09-18T12:14:24.719Z"}
{"level":"info","event":"action","runId":"6942cfb1-b2c5-4c69-b458-f69a7ab90e4b","type":"search","rationale":"Investigate an uncovered required question","step":0,"t":"2026-09-18T12:14:25.004Z"}
{"level":"info","event":"action","runId":"6942cfb1-b2c5-4c69-b458-f69a7ab90e4b","type":"fetch","rationale":"Inspect an already-known source before another generic query","step":1,"t":"2026-09-18T12:14:25.022Z"}
{"level":"info","event":"action","runId":"6942cfb1-b2c5-4c69-b458-f69a7ab90e4b","type":"fetch","rationale":"Inspect an already-known source before another generic query","step":2,"t":"2026-09-18T12:14:25.035Z"}
{"level":"info","event":"action","runId":"6942cfb1-b2c5-4c69-b458-f69a7ab90e4b","type":"fetch","rationale":"Inspect an already-known source before another generic query","step":3,"t":"2026-09-18T12:14:25.047Z"}
{"level":"info","event":"action","runId":"6942cfb1-b2c5-4c69-b458-f69a7ab90e4b","type":"challenge","rationale":"Disconfirm material conclusion: A primary source that directly contradicts this conclusion.","step":4,"t":"2026-09-18T12:14:25.062Z"}
{"level":"info","event":"action","runId":"6942cfb1-b2c5-4c69-b458-f69a7ab90e4b","type":"challenge","rationale":"Disconfirm material conclusion: A primary source that directly contradicts this conclusion.","step":5,"t":"2026-09-18T12:14:25.075Z"}
{"level":"info","event":"action","runId":"6942cfb1-b2c5-4c69-b458-f69a7ab90e4b","type":"challenge","rationale":"Disconfirm material conclusion: A primary source that directly contradicts this conclusion.","step":6,"t":"2026-09-18T12:14:25.089Z"}
{"level":"info","event":"action","runId":"6942cfb1-b2c5-4c69-b458-f69a7ab90e4b","type":"challenge","rationale":"Disconfirm material conclusion: A primary source that directly contradicts this conclusion.","step":7,"t":"2026-09-18T12:14:25.102Z"}
{"level":"info","event":"action","runId":"6942cfb1-b2c5-4c69-b458-f69a7ab90e4b","type":"challenge","rationale":"Disconfirm material conclusion: A primary source that directly contradicts this conclusion.","step":8,"t":"2026-09-18T12:14:25.116Z"}
{"level":"info","event":"action","runId":"6942cfb1-b2c5-4c69-b458-f69a7ab90e4b","type":"challenge","rationale":"Disconfirm material conclusion: A primary source that directly contradicts this conclusion.","step":9,"t":"2026-09-18T12:14:25.129Z"}
{"level":"info","event":"action","runId":"6942cfb1-b2c5-4c69-b458-f69a7ab90e4b","type":"challenge","rationale":"Disconfirm material conclusion: A primary source that directly contradicts this conclusion.","step":10,"t":"2026-09-18T12:14:25.141Z"}
{"level":"info","event":"action","runId":"6942cfb1-b2c5-4c69-b458-f69a7ab90e4b","type":"challenge","rationale":"No counterexample found in accessed primary sources. This is not proof that the conclusion is true.","step":11,"t":"2026-09-18T12:14:25.155Z"}
{"level":"info","event":"action","runId":"6942cfb1-b2c5-4c69-b458-f69a7ab90e4b","type":"stop","rationale":"Repeated searches returned no novel source family or coverage progress","step":12,"t":"2026-09-18T12:14:25.166Z"}
{"level":"info","event":"action","runId":"ef9c4337-9265-4403-a1d0-6681b4c73454","type":"search","rationale":"Investigate an uncovered required question","step":0,"t":"2026-09-18T12:14:25.722Z"}
{"level":"info","event":"action","runId":"ef9c4337-9265-4403-a1d0-6681b4c73454","type":"fetch","rationale":"Inspect an already-known source before another generic query","step":1,"t":"2026-09-18T12:14:25.744Z"}
{"level":"info","event":"action","runId":"ef9c4337-9265-4403-a1d0-6681b4c73454","type":"fetch","rationale":"Inspect an already-known source before another generic query","step":2,"t":"2026-09-18T12:14:25.756Z"}
{"level":"info","event":"action","runId":"ef9c4337-9265-4403-a1d0-6681b4c73454","type":"fetch","rationale":"Inspect an already-known source before another generic query","step":3,"t":"2026-09-18T12:14:25.768Z"}
{"level":"info","event":"action","runId":"ef9c4337-9265-4403-a1d0-6681b4c73454","type":"challenge","rationale":"Disconfirm material conclusion: A primary source that directly contradicts this conclusion.","step":4,"t":"2026-09-18T12:14:25.784Z"}
{"level":"info","event":"action","runId":"ef9c4337-9265-4403-a1d0-6681b4c73454","type":"challenge","rationale":"No counterexample found in accessed primary sources. This is not proof that the conclusion is true.","step":5,"t":"2026-09-18T12:14:25.797Z"}
{"level":"info","event":"action","runId":"ef9c4337-9265-4403-a1d0-6681b4c73454","type":"synthesize","rationale":"decision_critical_gaps_resolved_or_unresolvable; high-impact claims supported or qualified; contradictions handled; remaining actions low expected value","step":6,"t":"2026-09-18T12:14:25.807Z"}
{"level":"info","event":"action","runId":"871e3c43-4d1c-4cca-9060-85eb90c7aa67","type":"search","rationale":"Investigate an uncovered required question","step":0,"t":"2026-09-18T12:14:26.068Z"}
{"level":"info","event":"action","runId":"871e3c43-4d1c-4cca-9060-85eb90c7aa67","type":"fetch","rationale":"Inspect an already-known source before another generic query","step":1,"t":"2026-09-18T12:14:26.082Z"}
{"level":"info","event":"action","runId":"871e3c43-4d1c-4cca-9060-85eb90c7aa67","type":"fetch","rationale":"Inspect an already-known source before another generic query","step":2,"t":"2026-09-18T12:14:26.094Z"}
{"level":"info","event":"action","runId":"871e3c43-4d1c-4cca-9060-85eb90c7aa67","type":"fetch","rationale":"Inspect an already-known source before another generic query","step":3,"t":"2026-09-18T12:14:26.105Z"}
{"level":"info","event":"action","runId":"871e3c43-4d1c-4cca-9060-85eb90c7aa67","type":"challenge","rationale":"Disconfirm material conclusion: A hard-constraint violation for a candidate currently marked eligible.","step":4,"t":"2026-09-18T12:14:26.118Z"}
{"level":"info","event":"action","runId":"871e3c43-4d1c-4cca-9060-85eb90c7aa67","type":"challenge","rationale":"No counterexample found in accessed primary sources. This is not proof that the conclusion is true.","step":5,"t":"2026-09-18T12:14:26.131Z"}
{"level":"info","event":"action","runId":"871e3c43-4d1c-4cca-9060-85eb90c7aa67","type":"synthesize","rationale":"decision_critical_gaps_resolved_or_unresolvable; high-impact claims supported or qualified; contradictions handled; remaining actions low expected value","step":6,"t":"2026-09-18T12:14:26.141Z"}
{"level":"info","event":"action","runId":"9c0d3426-dbbc-425f-a024-4ac71d4accff","type":"search","rationale":"Investigate an uncovered required question","step":0,"t":"2026-09-18T12:14:26.399Z"}
{"level":"info","event":"action","runId":"9c0d3426-dbbc-425f-a024-4ac71d4accff","type":"fetch","rationale":"Inspect an already-known source before another generic query","step":1,"t":"2026-09-18T12:14:26.416Z"}
{"level":"info","event":"action","runId":"9c0d3426-dbbc-425f-a024-4ac71d4accff","type":"fetch","rationale":"Inspect an already-known source before another generic query","step":2,"t":"2026-09-18T12:14:26.427Z"}
{"level":"info","event":"action","runId":"9c0d3426-dbbc-425f-a024-4ac71d4accff","type":"fetch","rationale":"Inspect an already-known source before another generic query","step":3,"t":"2026-09-18T12:14:26.439Z"}
{"level":"info","event":"action","runId":"9c0d3426-dbbc-425f-a024-4ac71d4accff","type":"challenge","rationale":"Disconfirm material conclusion: A primary source that directly contradicts this conclusion.","step":4,"t":"2026-09-18T12:14:26.456Z"}
{"level":"info","event":"action","runId":"9c0d3426-dbbc-425f-a024-4ac71d4accff","type":"challenge","rationale":"No counterexample found in accessed primary sources. This is not proof that the conclusion is true.","step":5,"t":"2026-09-18T12:14:26.469Z"}
{"level":"info","event":"action","runId":"9c0d3426-dbbc-425f-a024-4ac71d4accff","type":"synthesize","rationale":"decision_critical_gaps_resolved_or_unresolvable; high-impact claims supported or qualified; contradictions handled; remaining actions low expected value","step":6,"t":"2026-09-18T12:14:26.479Z"}
{"level":"info","event":"action","runId":"fa85c9b3-7a45-4915-a7cb-172bb7553758","type":"search","rationale":"Investigate an uncovered required question","step":0,"t":"2026-09-18T12:14:26.760Z"}
{"level":"info","event":"action","runId":"fa85c9b3-7a45-4915-a7cb-172bb7553758","type":"fetch","rationale":"Inspect an already-known source before another generic query","step":1,"t":"2026-09-18T12:14:26.775Z"}
{"level":"info","event":"action","runId":"fa85c9b3-7a45-4915-a7cb-172bb7553758","type":"fetch","rationale":"Inspect an already-known source before another generic query","step":2,"t":"2026-09-18T12:14:26.789Z"}
{"level":"info","event":"action","runId":"fa85c9b3-7a45-4915-a7cb-172bb7553758","type":"fetch","rationale":"Inspect an already-known source before another generic query","step":3,"t":"2026-09-18T12:14:26.801Z"}
{"level":"info","event":"action","runId":"fa85c9b3-7a45-4915-a7cb-172bb7553758","type":"challenge","rationale":"Disconfirm material conclusion: A hard-constraint violation for a candidate currently marked eligible.","step":4,"t":"2026-09-18T12:14:26.815Z"}
{"level":"info","event":"action","runId":"fa85c9b3-7a45-4915-a7cb-172bb7553758","type":"challenge","rationale":"No counterexample found in accessed primary sources. This is not proof that the conclusion is true.","step":5,"t":"2026-09-18T12:14:26.828Z"}
{"level":"info","event":"action","runId":"fa85c9b3-7a45-4915-a7cb-172bb7553758","type":"synthesize","rationale":"decision_critical_gaps_resolved_or_unresolvable; high-impact claims supported or qualified; contradictions handled; remaining actions low expected value","step":6,"t":"2026-09-18T12:14:26.839Z"}
{"level":"info","event":"action","runId":"55c9a8b9-0275-4cd3-ba63-e463d722b9ba","type":"search","rationale":"Investigate an uncovered required question","step":0,"t":"2026-09-18T12:14:27.414Z"}
{"level":"info","event":"action","runId":"55c9a8b9-0275-4cd3-ba63-e463d722b9ba","type":"fetch","rationale":"Inspect an already-known source before another generic query","step":1,"t":"2026-09-18T12:14:27.436Z"}
{"level":"info","event":"action","runId":"55c9a8b9-0275-4cd3-ba63-e463d722b9ba","type":"fetch","rationale":"Inspect an already-known source before another generic query","step":2,"t":"2026-09-18T12:14:27.449Z"}
{"level":"info","event":"action","runId":"55c9a8b9-0275-4cd3-ba63-e463d722b9ba","type":"fetch","rationale":"Inspect an already-known source before another generic query","step":3,"t":"2026-09-18T12:14:27.463Z"}
{"level":"info","event":"action","runId":"55c9a8b9-0275-4cd3-ba63-e463d722b9ba","type":"challenge","rationale":"Disconfirm material conclusion: A primary source that directly contradicts this conclusion.","step":4,"t":"2026-09-18T12:14:27.479Z"}
{"level":"info","event":"action","runId":"55c9a8b9-0275-4cd3-ba63-e463d722b9ba","type":"challenge","rationale":"No counterexample found in accessed primary sources. This is not proof that the conclusion is true.","step":5,"t":"2026-09-18T12:14:27.495Z"}
{"level":"info","event":"action","runId":"55c9a8b9-0275-4cd3-ba63-e463d722b9ba","type":"synthesize","rationale":"decision_critical_gaps_resolved_or_unresolvable; high-impact claims supported or qualified; contradictions handled; remaining actions low expected value","step":6,"t":"2026-09-18T12:14:27.511Z"}
{"level":"info","event":"action","runId":"1a3f7fb6-f1b6-4161-beb8-46817704b36b","type":"search","rationale":"Investigate an uncovered required question","step":0,"t":"2026-09-18T12:14:27.792Z"}
{"level":"info","event":"action","runId":"1a3f7fb6-f1b6-4161-beb8-46817704b36b","type":"fetch","rationale":"Inspect an already-known source before another generic query","step":1,"t":"2026-09-18T12:14:27.806Z"}
{"level":"info","event":"action","runId":"1a3f7fb6-f1b6-4161-beb8-46817704b36b","type":"fetch","rationale":"Inspect an already-known source before another generic query","step":2,"t":"2026-09-18T12:14:27.819Z"}
{"level":"info","event":"action","runId":"1a3f7fb6-f1b6-4161-beb8-46817704b36b","type":"challenge","rationale":"Disconfirm material conclusion: A primary source that directly contradicts this conclusion.","step":3,"t":"2026-09-18T12:14:27.832Z"}
{"level":"info","event":"action","runId":"1a3f7fb6-f1b6-4161-beb8-46817704b36b","type":"challenge","rationale":"Disconfirm material conclusion: A primary source that directly contradicts this conclusion.","step":4,"t":"2026-09-18T12:14:27.847Z"}
{"level":"info","event":"action","runId":"1a3f7fb6-f1b6-4161-beb8-46817704b36b","type":"challenge","rationale":"Disconfirm material conclusion: A primary source that directly contradicts this conclusion.","step":5,"t":"2026-09-18T12:14:27.862Z"}
{"level":"info","event":"action","runId":"1a3f7fb6-f1b6-4161-beb8-46817704b36b","type":"challenge","rationale":"Disconfirm material conclusion: A primary source that directly contradicts this conclusion.","step":6,"t":"2026-09-18T12:14:27.875Z"}
{"level":"info","event":"action","runId":"1a3f7fb6-f1b6-4161-beb8-46817704b36b","type":"challenge","rationale":"Disconfirm material conclusion: A primary source that directly contradicts this conclusion.","step":7,"t":"2026-09-18T12:14:27.889Z"}
{"level":"info","event":"action","runId":"1a3f7fb6-f1b6-4161-beb8-46817704b36b","type":"challenge","rationale":"Disconfirm material conclusion: A primary source that directly contradicts this conclusion.","step":8,"t":"2026-09-18T12:14:27.900Z"}
{"level":"info","event":"action","runId":"1a3f7fb6-f1b6-4161-beb8-46817704b36b","type":"challenge","rationale":"Disconfirm material conclusion: A primary source that directly contradicts this conclusion.","step":9,"t":"2026-09-18T12:14:27.912Z"}
{"level":"info","event":"action","runId":"1a3f7fb6-f1b6-4161-beb8-46817704b36b","type":"challenge","rationale":"No counterexample found in accessed primary sources. This is not proof that the conclusion is true.","step":10,"t":"2026-09-18T12:14:27.926Z"}
{"level":"info","event":"action","runId":"1a3f7fb6-f1b6-4161-beb8-46817704b36b","type":"stop","rationale":"Repeated searches returned no novel source family or coverage progress","step":11,"t":"2026-09-18T12:14:27.935Z"}
{"level":"info","event":"action","runId":"759e2709-b951-446e-9a6f-55a34d6062d5","type":"search","rationale":"Investigate an uncovered required question","step":0,"t":"2026-09-18T12:14:28.476Z"}
{"level":"info","event":"action","runId":"759e2709-b951-446e-9a6f-55a34d6062d5","type":"fetch","rationale":"Inspect an already-known source before another generic query","step":1,"t":"2026-09-18T12:14:28.495Z"}
{"level":"info","event":"action","runId":"759e2709-b951-446e-9a6f-55a34d6062d5","type":"fetch","rationale":"Inspect an already-known source before another generic query","step":2,"t":"2026-09-18T12:14:28.507Z"}
{"level":"info","event":"action","runId":"759e2709-b951-446e-9a6f-55a34d6062d5","type":"fetch","rationale":"Inspect an already-known source before another generic query","step":3,"t":"2026-09-18T12:14:28.520Z"}
{"level":"info","event":"action","runId":"759e2709-b951-446e-9a6f-55a34d6062d5","type":"challenge","rationale":"Disconfirm material conclusion: A primary source that directly contradicts this conclusion.","step":4,"t":"2026-09-18T12:14:28.535Z"}
{"level":"info","event":"action","runId":"759e2709-b951-446e-9a6f-55a34d6062d5","type":"challenge","rationale":"No counterexample found in accessed primary sources. This is not proof that the conclusion is true.","step":5,"t":"2026-09-18T12:14:28.549Z"}
{"level":"info","event":"action","runId":"759e2709-b951-446e-9a6f-55a34d6062d5","type":"synthesize","rationale":"decision_critical_gaps_resolved_or_unresolvable; high-impact claims supported or qualified; contradictions handled; remaining actions low expected value","step":6,"t":"2026-09-18T12:14:28.559Z"}
{"level":"info","event":"action","runId":"6117ba66-5404-4468-bdb9-22e148ea4927","type":"search","rationale":"Investigate an uncovered required question","step":0,"t":"2026-09-18T12:14:29.139Z"}
{"level":"info","event":"action","runId":"6117ba66-5404-4468-bdb9-22e148ea4927","type":"fetch","rationale":"Inspect an already-known source before another generic query","step":1,"t":"2026-09-18T12:14:29.158Z"}
{"level":"info","event":"action","runId":"6117ba66-5404-4468-bdb9-22e148ea4927","type":"fetch","rationale":"Inspect an already-known source before another generic query","step":2,"t":"2026-09-18T12:14:29.171Z"}
{"level":"info","event":"action","runId":"6117ba66-5404-4468-bdb9-22e148ea4927","type":"fetch","rationale":"Inspect an already-known source before another generic query","step":3,"t":"2026-09-18T12:14:29.182Z"}
{"level":"info","event":"action","runId":"6117ba66-5404-4468-bdb9-22e148ea4927","type":"fetch","rationale":"Inspect an already-known source before another generic query","step":4,"t":"2026-09-18T12:14:29.193Z"}
{"level":"info","event":"action","runId":"6117ba66-5404-4468-bdb9-22e148ea4927","type":"fetch","rationale":"Inspect an already-known source before another generic query","step":5,"t":"2026-09-18T12:14:29.204Z"}
{"level":"info","event":"action","runId":"6117ba66-5404-4468-bdb9-22e148ea4927","type":"challenge","rationale":"Disconfirm material conclusion: A primary source that directly contradicts this conclusion.","step":6,"t":"2026-09-18T12:14:29.215Z"}
{"level":"info","event":"action","runId":"6117ba66-5404-4468-bdb9-22e148ea4927","type":"challenge","rationale":"No counterexample found in accessed primary sources. This is not proof that the conclusion is true.","step":7,"t":"2026-09-18T12:14:29.227Z"}
{"level":"info","event":"action","runId":"6117ba66-5404-4468-bdb9-22e148ea4927","type":"synthesize","rationale":"decision_critical_gaps_resolved_or_unresolvable; high-impact claims supported or qualified; contradictions handled; remaining actions low expected value","step":8,"t":"2026-09-18T12:14:29.237Z"}
{"level":"info","event":"action","runId":"6f739f77-efd1-4495-9f2a-70707b3dfe11","type":"search","rationale":"Investigate an uncovered required question","step":0,"t":"2026-09-18T12:14:29.766Z"}
{"level":"info","event":"action","runId":"6f739f77-efd1-4495-9f2a-70707b3dfe11","type":"fetch","rationale":"Inspect an already-known source before another generic query","step":1,"t":"2026-09-18T12:14:29.780Z"}
{"level":"info","event":"action","runId":"6f739f77-efd1-4495-9f2a-70707b3dfe11","type":"challenge","rationale":"Disconfirm material conclusion: A primary source that directly contradicts this conclusion.","step":2,"t":"2026-09-18T12:14:29.792Z"}
{"level":"info","event":"action","runId":"6f739f77-efd1-4495-9f2a-70707b3dfe11","type":"challenge","rationale":"No counterexample found in accessed primary sources. This is not proof that the conclusion is true.","step":3,"t":"2026-09-18T12:14:29.804Z"}
{"level":"info","event":"action","runId":"6f739f77-efd1-4495-9f2a-70707b3dfe11","type":"synthesize","rationale":"decision_critical_gaps_resolved_or_unresolvable; high-impact claims supported or qualified; contradictions handled; remaining actions low expected value","step":4,"t":"2026-09-18T12:14:29.813Z"}
{"level":"info","event":"action","runId":"5ebe3166-3969-41f8-a670-cbf1b28d2104","type":"search","rationale":"Investigate an uncovered required question","step":0,"t":"2026-09-18T12:14:30.993Z"}
{"level":"info","event":"action","runId":"5ebe3166-3969-41f8-a670-cbf1b28d2104","type":"fetch","rationale":"Inspect an already-known source before another generic query","step":1,"t":"2026-09-18T12:14:31.013Z"}
{"level":"info","event":"action","runId":"5ebe3166-3969-41f8-a670-cbf1b28d2104","type":"fetch","rationale":"Inspect an already-known source before another generic query","step":2,"t":"2026-09-18T12:14:31.026Z"}
{"level":"info","event":"action","runId":"5ebe3166-3969-41f8-a670-cbf1b28d2104","type":"fetch","rationale":"Inspect an already-known source before another generic query","step":3,"t":"2026-09-18T12:14:31.038Z"}
{"level":"info","event":"action","runId":"5ebe3166-3969-41f8-a670-cbf1b28d2104","type":"fetch","rationale":"Inspect an already-known source before another generic query","step":4,"t":"2026-09-18T12:14:31.051Z"}
{"level":"info","event":"action","runId":"5ebe3166-3969-41f8-a670-cbf1b28d2104","type":"fetch","rationale":"Inspect an already-known source before another generic query","step":5,"t":"2026-09-18T12:14:31.063Z"}
{"level":"info","event":"action","runId":"5ebe3166-3969-41f8-a670-cbf1b28d2104","type":"challenge","rationale":"Disconfirm material conclusion: A primary source that directly contradicts this conclusion.","step":6,"t":"2026-09-18T12:14:31.076Z"}
{"level":"info","event":"action","runId":"5ebe3166-3969-41f8-a670-cbf1b28d2104","type":"challenge","rationale":"No counterexample found in accessed primary sources. This is not proof that the conclusion is true.","step":7,"t":"2026-09-18T12:14:31.089Z"}
{"level":"info","event":"action","runId":"5ebe3166-3969-41f8-a670-cbf1b28d2104","type":"synthesize","rationale":"decision_critical_gaps_resolved_or_unresolvable; high-impact claims supported or qualified; contradictions handled; remaining actions low expected value","step":8,"t":"2026-09-18T12:14:31.100Z"}
{"level":"info","event":"action","runId":"5717457c-6cee-414e-a32e-01d93c9352be","type":"search","rationale":"Investigate an uncovered required question","step":0,"t":"2026-09-18T12:14:58.628Z"}
{"level":"info","event":"action","runId":"5717457c-6cee-414e-a32e-01d93c9352be","type":"fetch","rationale":"Inspect an already-known source before another generic query","step":1,"t":"2026-09-18T12:14:58.674Z"}
{"level":"info","event":"action","runId":"5717457c-6cee-414e-a32e-01d93c9352be","type":"fetch","rationale":"Inspect an already-known source before another generic query","step":2,"t":"2026-09-18T12:14:58.692Z"}
{"level":"info","event":"action","runId":"5717457c-6cee-414e-a32e-01d93c9352be","type":"fetch","rationale":"Inspect an already-known source before another generic query","step":3,"t":"2026-09-18T12:14:58.707Z"}
{"level":"info","event":"action","runId":"5717457c-6cee-414e-a32e-01d93c9352be","type":"challenge","rationale":"Disconfirm material conclusion: A primary source that directly contradicts this conclusion.","step":4,"t":"2026-09-18T12:14:58.729Z"}
{"level":"info","event":"action","runId":"5717457c-6cee-414e-a32e-01d93c9352be","type":"challenge","rationale":"No counterexample found in accessed primary sources. This is not proof that the conclusion is true.","step":5,"t":"2026-09-18T12:14:58.746Z"}
{"level":"info","event":"action","runId":"5717457c-6cee-414e-a32e-01d93c9352be","type":"synthesize","rationale":"decision_critical_gaps_resolved_or_unresolvable; high-impact claims supported or qualified; contradictions handled; remaining actions low expected value","step":6,"t":"2026-09-18T12:14:58.765Z"}
{"level":"info","event":"action","runId":"842802b9-8d3a-4238-b3a1-6a90322315d3","type":"search","rationale":"Investigate an uncovered required question","step":0,"t":"2026-09-18T12:14:59.381Z"}
{"level":"info","event":"action","runId":"842802b9-8d3a-4238-b3a1-6a90322315d3","type":"fetch","rationale":"Inspect an already-known source before another generic query","step":1,"t":"2026-09-18T12:14:59.399Z"}
{"level":"info","event":"action","runId":"842802b9-8d3a-4238-b3a1-6a90322315d3","type":"challenge","rationale":"Disconfirm material conclusion: A current official catalog entry for the named product.","step":2,"t":"2026-09-18T12:14:59.414Z"}
{"level":"info","event":"action","runId":"842802b9-8d3a-4238-b3a1-6a90322315d3","type":"challenge","rationale":"No counterexample found in accessed primary sources. This is not proof that the conclusion is true.","step":3,"t":"2026-09-18T12:14:59.430Z"}
{"level":"info","event":"action","runId":"842802b9-8d3a-4238-b3a1-6a90322315d3","type":"synthesize","rationale":"decision_critical_gaps_resolved_or_unresolvable; high-impact claims supported or qualified; contradictions handled; remaining actions low expected value","step":4,"t":"2026-09-18T12:14:59.442Z"}
{"level":"info","event":"action","runId":"f35b7120-af1b-4001-ba1e-5b7eee915e8c","type":"search","rationale":"Investigate an uncovered required question","step":0,"t":"2026-09-18T12:14:59.993Z"}
{"level":"info","event":"action","runId":"f35b7120-af1b-4001-ba1e-5b7eee915e8c","type":"fetch","rationale":"Inspect an already-known source before another generic query","step":1,"t":"2026-09-18T12:15:00.020Z"}
{"level":"info","event":"action","runId":"f35b7120-af1b-4001-ba1e-5b7eee915e8c","type":"fetch","rationale":"Inspect an already-known source before another generic query","step":2,"t":"2026-09-18T12:15:00.033Z"}
{"level":"info","event":"action","runId":"f35b7120-af1b-4001-ba1e-5b7eee915e8c","type":"fetch","rationale":"Inspect an already-known source before another generic query","step":3,"t":"2026-09-18T12:15:00.046Z"}
{"level":"info","event":"action","runId":"f35b7120-af1b-4001-ba1e-5b7eee915e8c","type":"fetch","rationale":"Inspect an already-known source before another generic query","step":4,"t":"2026-09-18T12:15:00.059Z"}
{"level":"info","event":"action","runId":"f35b7120-af1b-4001-ba1e-5b7eee915e8c","type":"fetch","rationale":"Inspect an already-known source before another generic query","step":5,"t":"2026-09-18T12:15:00.074Z"}
{"level":"info","event":"action","runId":"f35b7120-af1b-4001-ba1e-5b7eee915e8c","type":"challenge","rationale":"Disconfirm material conclusion: A primary source that directly contradicts this conclusion.","step":6,"t":"2026-09-18T12:15:00.088Z"}
{"level":"info","event":"action","runId":"f35b7120-af1b-4001-ba1e-5b7eee915e8c","type":"challenge","rationale":"No counterexample found in accessed primary sources. This is not proof that the conclusion is true.","step":7,"t":"2026-09-18T12:15:00.101Z"}
{"level":"info","event":"action","runId":"f35b7120-af1b-4001-ba1e-5b7eee915e8c","type":"synthesize","rationale":"decision_critical_gaps_resolved_or_unresolvable; high-impact claims supported or qualified; contradictions handled; remaining actions low expected value","step":8,"t":"2026-09-18T12:15:00.112Z"}
{"level":"info","event":"action","runId":"111eeefa-b625-4b4d-ba7f-6654b48ee777","type":"search","rationale":"Initial dataset excludes the user's stated population; pivot source type","step":0,"t":"2026-09-18T12:15:00.660Z"}
{"level":"info","event":"action","runId":"111eeefa-b625-4b4d-ba7f-6654b48ee777","type":"search","rationale":"Decision-blocking gap: population-specific evidence. Switching source type to population-specific.","step":1,"t":"2026-09-18T12:15:00.679Z"}
{"level":"info","event":"action","runId":"111eeefa-b625-4b4d-ba7f-6654b48ee777","type":"search","rationale":"Decision-blocking gap: population-specific evidence. Switching source type to population-specific.","step":2,"t":"2026-09-18T12:15:00.696Z"}
{"level":"info","event":"action","runId":"111eeefa-b625-4b4d-ba7f-6654b48ee777","type":"search","rationale":"Decision-blocking gap: population-specific evidence. Switching source type to population-specific.","step":3,"t":"2026-09-18T12:15:00.709Z"}
{"level":"info","event":"action","runId":"111eeefa-b625-4b4d-ba7f-6654b48ee777","type":"search","rationale":"Decision-blocking gap: population-specific evidence. Switching source type to population-specific.","step":4,"t":"2026-09-18T12:15:00.723Z"}
{"level":"info","event":"action","runId":"111eeefa-b625-4b4d-ba7f-6654b48ee777","type":"search","rationale":"Decision-blocking gap: population-specific evidence. Switching source type to population-specific.","step":5,"t":"2026-09-18T12:15:00.737Z"}
{"level":"info","event":"action","runId":"111eeefa-b625-4b4d-ba7f-6654b48ee777","type":"search","rationale":"Decision-blocking gap: population-specific evidence. Switching source type to population-specific.","step":6,"t":"2026-09-18T12:15:00.750Z"}
{"level":"info","event":"action","runId":"111eeefa-b625-4b4d-ba7f-6654b48ee777","type":"search","rationale":"Decision-blocking gap: population-specific evidence. Switching source type to population-specific.","step":7,"t":"2026-09-18T12:15:00.765Z"}
{"level":"info","event":"action","runId":"111eeefa-b625-4b4d-ba7f-6654b48ee777","type":"fetch","rationale":"Inspect an already-known source before another generic query","step":8,"t":"2026-09-18T12:15:00.778Z"}
{"level":"info","event":"action","runId":"111eeefa-b625-4b4d-ba7f-6654b48ee777","type":"fetch","rationale":"Inspect an already-known source before another generic query","step":9,"t":"2026-09-18T12:15:00.791Z"}
{"level":"info","event":"action","runId":"111eeefa-b625-4b4d-ba7f-6654b48ee777","type":"challenge","rationale":"No counterexample found in accessed primary sources. This is not proof that the conclusion is true.","step":10,"t":"2026-09-18T12:15:00.805Z"}
{"level":"info","event":"action","runId":"111eeefa-b625-4b4d-ba7f-6654b48ee777","type":"stop","rationale":"Repeated searches returned no novel source family or coverage progress","step":11,"t":"2026-09-18T12:15:00.816Z"}
{"level":"info","event":"action","runId":"bbfe979a-cb2c-4a96-894b-67596f3eba05","type":"search","rationale":"Investigate an uncovered required question","step":0,"t":"2026-09-18T12:15:01.368Z"}
{"level":"info","event":"action","runId":"bbfe979a-cb2c-4a96-894b-67596f3eba05","type":"fetch","rationale":"Inspect an already-known source before another generic query","step":1,"t":"2026-09-18T12:15:01.383Z"}
{"level":"info","event":"action","runId":"bbfe979a-cb2c-4a96-894b-67596f3eba05","type":"challenge","rationale":"Disconfirm material conclusion: A primary source that directly contradicts this conclusion.","step":2,"t":"2026-09-18T12:15:01.397Z"}
{"level":"info","event":"action","runId":"bbfe979a-cb2c-4a96-894b-67596f3eba05","type":"challenge","rationale":"No counterexample found in accessed primary sources. This is not proof that the conclusion is true.","step":3,"t":"2026-09-18T12:15:01.409Z"}
{"level":"info","event":"action","runId":"bbfe979a-cb2c-4a96-894b-67596f3eba05","type":"synthesize","rationale":"decision_critical_gaps_resolved_or_unresolvable; high-impact claims supported or qualified; contradictions handled; remaining actions low expected value","step":4,"t":"2026-09-18T12:15:01.419Z"}
{"level":"info","event":"action","runId":"e033fe21-a930-4d46-9397-3cd9362c4ff8","type":"search","rationale":"Investigate an uncovered required question","step":0,"t":"2026-09-18T12:15:01.941Z"}
{"level":"info","event":"action","runId":"e033fe21-a930-4d46-9397-3cd9362c4ff8","type":"fetch","rationale":"Inspect an already-known source before another generic query","step":1,"t":"2026-09-18T12:15:01.962Z"}
{"level":"info","event":"action","runId":"e033fe21-a930-4d46-9397-3cd9362c4ff8","type":"fetch","rationale":"Inspect an already-known source before another generic query","step":2,"t":"2026-09-18T12:15:01.975Z"}
{"level":"info","event":"action","runId":"e033fe21-a930-4d46-9397-3cd9362c4ff8","type":"fetch","rationale":"Inspect an already-known source before another generic query","step":3,"t":"2026-09-18T12:15:01.988Z"}
{"level":"info","event":"action","runId":"e033fe21-a930-4d46-9397-3cd9362c4ff8","type":"challenge","rationale":"Disconfirm material conclusion: A primary source that directly contradicts this conclusion.","step":4,"t":"2026-09-18T12:15:02.005Z"}
{"level":"info","event":"action","runId":"e033fe21-a930-4d46-9397-3cd9362c4ff8","type":"challenge","rationale":"No counterexample found in accessed primary sources. This is not proof that the conclusion is true.","step":5,"t":"2026-09-18T12:15:02.019Z"}
{"level":"info","event":"action","runId":"e033fe21-a930-4d46-9397-3cd9362c4ff8","type":"synthesize","rationale":"decision_critical_gaps_resolved_or_unresolvable; high-impact claims supported or qualified; contradictions handled; remaining actions low expected value","step":6,"t":"2026-09-18T12:15:02.031Z"}
{"level":"info","event":"action","runId":"fcb383ae-d749-4ed9-8dde-ff4fcec4113d","type":"search","rationale":"Investigate an uncovered required question","step":0,"t":"2026-09-18T12:15:02.605Z"}
{"level":"info","event":"action","runId":"fcb383ae-d749-4ed9-8dde-ff4fcec4113d","type":"fetch","rationale":"Inspect an already-known source before another generic query","step":1,"t":"2026-09-18T12:15:02.625Z"}
{"level":"info","event":"action","runId":"fcb383ae-d749-4ed9-8dde-ff4fcec4113d","type":"fetch","rationale":"Inspect an already-known source before another generic query","step":2,"t":"2026-09-18T12:15:02.637Z"}
{"level":"info","event":"action","runId":"fcb383ae-d749-4ed9-8dde-ff4fcec4113d","type":"fetch","rationale":"Inspect an already-known source before another generic query","step":3,"t":"2026-09-18T12:15:02.650Z"}
{"level":"info","event":"action","runId":"fcb383ae-d749-4ed9-8dde-ff4fcec4113d","type":"fetch","rationale":"Inspect an already-known source before another generic query","step":4,"t":"2026-09-18T12:15:02.663Z"}
{"level":"info","event":"action","runId":"fcb383ae-d749-4ed9-8dde-ff4fcec4113d","type":"fetch","rationale":"Inspect an already-known source before another generic query","step":5,"t":"2026-09-18T12:15:02.674Z"}
{"level":"info","event":"action","runId":"fcb383ae-d749-4ed9-8dde-ff4fcec4113d","type":"challenge","rationale":"Disconfirm material conclusion: A primary source that directly contradicts this conclusion.","step":6,"t":"2026-09-18T12:15:02.687Z"}
{"level":"info","event":"action","runId":"fcb383ae-d749-4ed9-8dde-ff4fcec4113d","type":"challenge","rationale":"No counterexample found in accessed primary sources. This is not proof that the conclusion is true.","step":7,"t":"2026-09-18T12:15:02.699Z"}
{"level":"info","event":"action","runId":"fcb383ae-d749-4ed9-8dde-ff4fcec4113d","type":"synthesize","rationale":"decision_critical_gaps_resolved_or_unresolvable; high-impact claims supported or qualified; contradictions handled; remaining actions low expected value","step":8,"t":"2026-09-18T12:15:02.709Z"}
{"level":"info","event":"action","runId":"6abe8913-ad56-4b4b-add9-e0e1f534a8fb","type":"search","rationale":"Investigate an uncovered required question","step":0,"t":"2026-09-18T12:15:03.575Z"}
{"level":"info","event":"action","runId":"6abe8913-ad56-4b4b-add9-e0e1f534a8fb","type":"fetch","rationale":"Inspect an already-known source before another generic query","step":0,"t":"2026-09-18T12:15:03.608Z"}
{"level":"info","event":"action","runId":"6abe8913-ad56-4b4b-add9-e0e1f534a8fb","type":"fetch","rationale":"Inspect an already-known source before another generic query","step":1,"t":"2026-09-18T12:15:03.623Z"}
{"level":"info","event":"action","runId":"6abe8913-ad56-4b4b-add9-e0e1f534a8fb","type":"fetch","rationale":"Inspect an already-known source before another generic query","step":2,"t":"2026-09-18T12:15:03.639Z"}
{"level":"info","event":"action","runId":"6abe8913-ad56-4b4b-add9-e0e1f534a8fb","type":"challenge","rationale":"Disconfirm material conclusion: A primary source that directly contradicts this conclusion.","step":3,"t":"2026-09-18T12:15:03.658Z"}
{"level":"info","event":"action","runId":"6abe8913-ad56-4b4b-add9-e0e1f534a8fb","type":"challenge","rationale":"No counterexample found in accessed primary sources. This is not proof that the conclusion is true.","step":4,"t":"2026-09-18T12:15:03.673Z"}
{"level":"info","event":"action","runId":"6abe8913-ad56-4b4b-add9-e0e1f534a8fb","type":"synthesize","rationale":"decision_critical_gaps_resolved_or_unresolvable; high-impact claims supported or qualified; contradictions handled; remaining actions low expected value","step":5,"t":"2026-09-18T12:15:03.684Z"}
{"level":"info","event":"action","runId":"0db9fd76-f411-4865-9ede-8e7d6238d800","type":"search","rationale":"Investigate an uncovered required question","step":0,"t":"2026-09-18T12:15:04.241Z"}
{"level":"info","event":"action","runId":"0db9fd76-f411-4865-9ede-8e7d6238d800","type":"fetch","rationale":"Inspect an already-known source before another generic query","step":1,"t":"2026-09-18T12:15:04.261Z"}
{"level":"info","event":"action","runId":"0db9fd76-f411-4865-9ede-8e7d6238d800","type":"fetch","rationale":"Inspect an already-known source before another generic query","step":2,"t":"2026-09-18T12:15:04.274Z"}
{"level":"info","event":"action","runId":"0db9fd76-f411-4865-9ede-8e7d6238d800","type":"fetch","rationale":"Inspect an already-known source before another generic query","step":3,"t":"2026-09-18T12:15:04.288Z"}
{"level":"info","event":"action","runId":"0db9fd76-f411-4865-9ede-8e7d6238d800","type":"challenge","rationale":"Disconfirm material conclusion: A primary source that directly contradicts this conclusion.","step":4,"t":"2026-09-18T12:15:04.303Z"}
{"level":"info","event":"action","runId":"0db9fd76-f411-4865-9ede-8e7d6238d800","type":"challenge","rationale":"No counterexample found in accessed primary sources. This is not proof that the conclusion is true.","step":5,"t":"2026-09-18T12:15:04.316Z"}
{"level":"info","event":"action","runId":"0db9fd76-f411-4865-9ede-8e7d6238d800","type":"synthesize","rationale":"decision_critical_gaps_resolved_or_unresolvable; high-impact claims supported or qualified; contradictions handled; remaining actions low expected value","step":6,"t":"2026-09-18T12:15:04.328Z"}
{"level":"info","event":"action","runId":"180e1f04-bad0-4b1d-9501-b3d217fce947","type":"search","rationale":"Investigate an uncovered required question","step":0,"t":"2026-09-18T12:15:04.670Z"}
{"level":"info","event":"action","runId":"180e1f04-bad0-4b1d-9501-b3d217fce947","type":"stop","rationale":"action type reveal_keys is not a permitted research action","step":1,"t":"2026-09-18T12:15:04.685Z"}
{"level":"info","event":"action","runId":"c17d1f0a-ed5b-4a8c-aea0-adf4b8d04cbd","type":"search","rationale":"Investigate an uncovered required question","step":0,"t":"2026-09-18T12:15:05.237Z"}
{"level":"info","event":"action","runId":"c17d1f0a-ed5b-4a8c-aea0-adf4b8d04cbd","type":"fetch","rationale":"Inspect an already-known source before another generic query","step":1,"t":"2026-09-18T12:15:05.257Z"}
{"level":"info","event":"action","runId":"c17d1f0a-ed5b-4a8c-aea0-adf4b8d04cbd","type":"fetch","rationale":"Inspect an already-known source before another generic query","step":2,"t":"2026-09-18T12:15:05.270Z"}
{"level":"info","event":"action","runId":"c17d1f0a-ed5b-4a8c-aea0-adf4b8d04cbd","type":"fetch","rationale":"Inspect an already-known source before another generic query","step":3,"t":"2026-09-18T12:15:05.283Z"}
{"level":"info","event":"action","runId":"c17d1f0a-ed5b-4a8c-aea0-adf4b8d04cbd","type":"challenge","rationale":"Disconfirm material conclusion: A primary source that directly contradicts this conclusion.","step":4,"t":"2026-09-18T12:15:05.301Z"}
{"level":"info","event":"action","runId":"c17d1f0a-ed5b-4a8c-aea0-adf4b8d04cbd","type":"challenge","rationale":"No counterexample found in accessed primary sources. This is not proof that the conclusion is true.","step":5,"t":"2026-09-18T12:15:05.314Z"}
{"level":"info","event":"action","runId":"c17d1f0a-ed5b-4a8c-aea0-adf4b8d04cbd","type":"synthesize","rationale":"decision_critical_gaps_resolved_or_unresolvable; high-impact claims supported or qualified; contradictions handled; remaining actions low expected value","step":6,"t":"2026-09-18T12:15:05.325Z"}
{"level":"info","event":"action","runId":"413937fc-7cf1-464e-bdb6-8e648fdcb513","type":"search","rationale":"Investigate an uncovered required question","step":0,"t":"2026-09-18T12:15:05.685Z"}
{"level":"info","event":"action","runId":"413937fc-7cf1-464e-bdb6-8e648fdcb513","type":"fetch","rationale":"Inspect an already-known source before another generic query","step":1,"t":"2026-09-18T12:15:05.704Z"}
{"level":"info","event":"action","runId":"413937fc-7cf1-464e-bdb6-8e648fdcb513","type":"fetch","rationale":"Inspect an already-known source before another generic query","step":2,"t":"2026-09-18T12:15:05.716Z"}
{"level":"info","event":"action","runId":"413937fc-7cf1-464e-bdb6-8e648fdcb513","type":"fetch","rationale":"Inspect an already-known source before another generic query","step":3,"t":"2026-09-18T12:15:05.729Z"}
{"level":"info","event":"action","runId":"413937fc-7cf1-464e-bdb6-8e648fdcb513","type":"challenge","rationale":"Disconfirm material conclusion: A primary source that directly contradicts this conclusion.","step":4,"t":"2026-09-18T12:15:05.745Z"}
{"level":"info","event":"action","runId":"413937fc-7cf1-464e-bdb6-8e648fdcb513","type":"challenge","rationale":"No counterexample found in accessed primary sources. This is not proof that the conclusion is true.","step":5,"t":"2026-09-18T12:15:05.758Z"}
{"level":"info","event":"action","runId":"413937fc-7cf1-464e-bdb6-8e648fdcb513","type":"synthesize","rationale":"decision_critical_gaps_resolved_or_unresolvable; high-impact claims supported or qualified; contradictions handled; remaining actions low expected value","step":6,"t":"2026-09-18T12:15:05.768Z"}
{"level":"info","event":"action","runId":"0ab74a12-c045-4923-aecb-4d37b9ae15db","type":"search","rationale":"Investigate an uncovered required question","step":0,"t":"2026-09-18T12:15:06.115Z"}
{"level":"info","event":"action","runId":"0ab74a12-c045-4923-aecb-4d37b9ae15db","type":"fetch","rationale":"Inspect an already-known source before another generic query","step":1,"t":"2026-09-18T12:15:06.137Z"}
{"level":"info","event":"action","runId":"0ab74a12-c045-4923-aecb-4d37b9ae15db","type":"fetch","rationale":"Inspect an already-known source before another generic query","step":2,"t":"2026-09-18T12:15:06.151Z"}
{"level":"info","event":"action","runId":"0ab74a12-c045-4923-aecb-4d37b9ae15db","type":"fetch","rationale":"Inspect an already-known source before another generic query","step":3,"t":"2026-09-18T12:15:06.163Z"}
{"level":"info","event":"action","runId":"0ab74a12-c045-4923-aecb-4d37b9ae15db","type":"challenge","rationale":"Disconfirm material conclusion: A primary source that directly contradicts this conclusion.","step":4,"t":"2026-09-18T12:15:06.179Z"}
{"level":"info","event":"action","runId":"0ab74a12-c045-4923-aecb-4d37b9ae15db","type":"challenge","rationale":"No counterexample found in accessed primary sources. This is not proof that the conclusion is true.","step":5,"t":"2026-09-18T12:15:06.191Z"}
{"level":"info","event":"action","runId":"0ab74a12-c045-4923-aecb-4d37b9ae15db","type":"synthesize","rationale":"decision_critical_gaps_resolved_or_unresolvable; high-impact claims supported or qualified; contradictions handled; remaining actions low expected value","step":6,"t":"2026-09-18T12:15:06.201Z"}
{"level":"info","event":"action","runId":"572e639f-2cf1-4c48-9bce-1f6b8a7ad279","type":"search","rationale":"Investigate an uncovered required question","step":0,"t":"2026-09-18T12:15:06.475Z"}
{"level":"info","event":"action","runId":"572e639f-2cf1-4c48-9bce-1f6b8a7ad279","type":"fetch","rationale":"Inspect an already-known source before another generic query","step":1,"t":"2026-09-18T12:15:06.498Z"}
{"level":"info","event":"action","runId":"572e639f-2cf1-4c48-9bce-1f6b8a7ad279","type":"fetch","rationale":"Inspect an already-known source before another generic query","step":2,"t":"2026-09-18T12:15:06.513Z"}
{"level":"info","event":"action","runId":"572e639f-2cf1-4c48-9bce-1f6b8a7ad279","type":"fetch","rationale":"Inspect an already-known source before another generic query","step":3,"t":"2026-09-18T12:15:06.529Z"}
{"level":"info","event":"action","runId":"572e639f-2cf1-4c48-9bce-1f6b8a7ad279","type":"challenge","rationale":"Disconfirm material conclusion: A hard-constraint violation for a candidate currently marked eligible.","step":4,"t":"2026-09-18T12:15:06.544Z"}
{"level":"info","event":"action","runId":"572e639f-2cf1-4c48-9bce-1f6b8a7ad279","type":"challenge","rationale":"No counterexample found in accessed primary sources. This is not proof that the conclusion is true.","step":5,"t":"2026-09-18T12:15:06.557Z"}
{"level":"info","event":"action","runId":"572e639f-2cf1-4c48-9bce-1f6b8a7ad279","type":"synthesize","rationale":"decision_critical_gaps_resolved_or_unresolvable; high-impact claims supported or qualified; contradictions handled; remaining actions low expected value","step":6,"t":"2026-09-18T12:15:06.567Z"}
{"level":"info","event":"action","runId":"81d700e1-7bb4-46e9-b2f4-56319a4b2253","type":"challenge","rationale":"Disconfirm material conclusion: A primary source that directly contradicts this conclusion.","step":0,"t":"2026-09-18T12:15:07.156Z"}
{"level":"info","event":"action","runId":"81d700e1-7bb4-46e9-b2f4-56319a4b2253","type":"fetch","rationale":"Inspect an already-known source before another generic query","step":1,"t":"2026-09-18T12:15:07.178Z"}
{"level":"info","event":"action","runId":"81d700e1-7bb4-46e9-b2f4-56319a4b2253","type":"fetch","rationale":"Inspect an already-known source before another generic query","step":2,"t":"2026-09-18T12:15:07.191Z"}
{"level":"info","event":"action","runId":"81d700e1-7bb4-46e9-b2f4-56319a4b2253","type":"fetch","rationale":"Inspect an already-known source before another generic query","step":3,"t":"2026-09-18T12:15:07.204Z"}
{"level":"info","event":"action","runId":"81d700e1-7bb4-46e9-b2f4-56319a4b2253","type":"challenge","rationale":"No counterexample found in accessed primary sources. This is not proof that the conclusion is true.","step":4,"t":"2026-09-18T12:15:07.220Z"}
{"level":"info","event":"action","runId":"81d700e1-7bb4-46e9-b2f4-56319a4b2253","type":"synthesize","rationale":"decision_critical_gaps_resolved_or_unresolvable; high-impact claims supported or qualified; contradictions handled; remaining actions low expected value","step":5,"t":"2026-09-18T12:15:07.230Z"}
{"level":"info","event":"action","runId":"8cbb8269-c53d-4e77-a370-b26737abf14f","type":"search","rationale":"Investigate an uncovered required question","step":0,"t":"2026-09-18T12:15:07.817Z"}
{"level":"info","event":"action","runId":"8cbb8269-c53d-4e77-a370-b26737abf14f","type":"fetch","rationale":"Inspect an already-known source before another generic query","step":1,"t":"2026-09-18T12:15:07.837Z"}
{"level":"info","event":"action","runId":"8cbb8269-c53d-4e77-a370-b26737abf14f","type":"fetch","rationale":"Inspect an already-known source before another generic query","step":2,"t":"2026-09-18T12:15:07.849Z"}
{"level":"info","event":"action","runId":"8cbb8269-c53d-4e77-a370-b26737abf14f","type":"fetch","rationale":"Inspect an already-known source before another generic query","step":3,"t":"2026-09-18T12:15:07.863Z"}
{"level":"info","event":"action","runId":"8cbb8269-c53d-4e77-a370-b26737abf14f","type":"fetch","rationale":"Inspect an already-known source before another generic query","step":4,"t":"2026-09-18T12:15:07.876Z"}
{"level":"info","event":"action","runId":"8cbb8269-c53d-4e77-a370-b26737abf14f","type":"fetch","rationale":"Inspect an already-known source before another generic query","step":5,"t":"2026-09-18T12:15:07.887Z"}
{"level":"info","event":"action","runId":"8cbb8269-c53d-4e77-a370-b26737abf14f","type":"challenge","rationale":"Disconfirm material conclusion: A primary source that directly contradicts this conclusion.","step":6,"t":"2026-09-18T12:15:07.900Z"}
{"level":"info","event":"action","runId":"8cbb8269-c53d-4e77-a370-b26737abf14f","type":"challenge","rationale":"No counterexample found in accessed primary sources. This is not proof that the conclusion is true.","step":7,"t":"2026-09-18T12:15:07.912Z"}
{"level":"info","event":"action","runId":"8cbb8269-c53d-4e77-a370-b26737abf14f","type":"synthesize","rationale":"decision_critical_gaps_resolved_or_unresolvable; high-impact claims supported or qualified; contradictions handled; remaining actions low expected value","step":8,"t":"2026-09-18T12:15:07.923Z"}
{"level":"info","event":"action","runId":"bad79cbf-4c53-4fe4-917a-a0fbf2245012","type":"search","rationale":"Investigate an uncovered required question","step":0,"t":"2026-09-18T12:15:09.178Z"}
{"level":"info","event":"action","runId":"bad79cbf-4c53-4fe4-917a-a0fbf2245012","type":"fetch","rationale":"Inspect an already-known source before another generic query","step":1,"t":"2026-09-18T12:15:09.213Z"}
{"level":"info","event":"action","runId":"bad79cbf-4c53-4fe4-917a-a0fbf2245012","type":"fetch","rationale":"Inspect an already-known source before another generic query","step":2,"t":"2026-09-18T12:15:09.231Z"}
{"level":"info","event":"action","runId":"bad79cbf-4c53-4fe4-917a-a0fbf2245012","type":"fetch","rationale":"Inspect an already-known source before another generic query","step":3,"t":"2026-09-18T12:15:09.247Z"}
{"level":"info","event":"action","runId":"bad79cbf-4c53-4fe4-917a-a0fbf2245012","type":"fetch","rationale":"Inspect an already-known source before another generic query","step":4,"t":"2026-09-18T12:15:09.265Z"}
{"level":"info","event":"action","runId":"bad79cbf-4c53-4fe4-917a-a0fbf2245012","type":"fetch","rationale":"Inspect an already-known source before another generic query","step":5,"t":"2026-09-18T12:15:09.280Z"}
{"level":"info","event":"action","runId":"bad79cbf-4c53-4fe4-917a-a0fbf2245012","type":"challenge","rationale":"Disconfirm material conclusion: A primary source that directly contradicts this conclusion.","step":6,"t":"2026-09-18T12:15:09.299Z"}
{"level":"info","event":"action","runId":"bad79cbf-4c53-4fe4-917a-a0fbf2245012","type":"challenge","rationale":"No counterexample found in accessed primary sources. This is not proof that the conclusion is true.","step":7,"t":"2026-09-18T12:15:09.318Z"}
{"level":"info","event":"action","runId":"bad79cbf-4c53-4fe4-917a-a0fbf2245012","type":"synthesize","rationale":"decision_critical_gaps_resolved_or_unresolvable; high-impact claims supported or qualified; contradictions handled; remaining actions low expected value","step":8,"t":"2026-09-18T12:15:09.332Z"}
{"level":"info","event":"action","runId":"41a0c0d1-174a-489a-ab3b-8cb1ee079471","type":"challenge","rationale":"Disconfirm material conclusion: A primary source that directly contradicts this conclusion.","step":0,"t":"2026-09-18T12:15:09.996Z"}
{"level":"info","event":"action","runId":"41a0c0d1-174a-489a-ab3b-8cb1ee079471","type":"fetch","rationale":"Inspect an already-known source before another generic query","step":1,"t":"2026-09-18T12:15:10.023Z"}
{"level":"info","event":"action","runId":"41a0c0d1-174a-489a-ab3b-8cb1ee079471","type":"fetch","rationale":"Inspect an already-known source before another generic query","step":2,"t":"2026-09-18T12:15:10.039Z"}
{"level":"info","event":"action","runId":"41a0c0d1-174a-489a-ab3b-8cb1ee079471","type":"fetch","rationale":"Inspect an already-known source before another generic query","step":3,"t":"2026-09-18T12:15:10.055Z"}
{"level":"info","event":"action","runId":"41a0c0d1-174a-489a-ab3b-8cb1ee079471","type":"challenge","rationale":"No counterexample found in accessed primary sources. This is not proof that the conclusion is true.","step":4,"t":"2026-09-18T12:15:10.074Z"}
{"level":"info","event":"action","runId":"41a0c0d1-174a-489a-ab3b-8cb1ee079471","type":"synthesize","rationale":"decision_critical_gaps_resolved_or_unresolvable; high-impact claims supported or qualified; contradictions handled; remaining actions low expected value","step":5,"t":"2026-09-18T12:15:10.086Z"}
{"level":"info","event":"action","runId":"fdb74ec8-6027-4a44-b994-d162e8df1dc7","type":"search","rationale":"Investigate an uncovered required question","step":0,"t":"2026-09-18T12:15:10.684Z"}
{"level":"info","event":"action","runId":"fdb74ec8-6027-4a44-b994-d162e8df1dc7","type":"fetch","rationale":"Inspect an already-known source before another generic query","step":1,"t":"2026-09-18T12:15:10.705Z"}
{"level":"info","event":"action","runId":"fdb74ec8-6027-4a44-b994-d162e8df1dc7","type":"fetch","rationale":"Inspect an already-known source before another generic query","step":2,"t":"2026-09-18T12:15:10.719Z"}
{"level":"info","event":"action","runId":"fdb74ec8-6027-4a44-b994-d162e8df1dc7","type":"fetch","rationale":"Inspect an already-known source before another generic query","step":3,"t":"2026-09-18T12:15:10.734Z"}
{"level":"info","event":"action","runId":"fdb74ec8-6027-4a44-b994-d162e8df1dc7","type":"challenge","rationale":"Disconfirm material conclusion: A primary source that directly contradicts this conclusion.","step":4,"t":"2026-09-18T12:15:10.751Z"}
{"level":"info","event":"action","runId":"fdb74ec8-6027-4a44-b994-d162e8df1dc7","type":"challenge","rationale":"No counterexample found in accessed primary sources. This is not proof that the conclusion is true.","step":5,"t":"2026-09-18T12:15:10.764Z"}
{"level":"info","event":"action","runId":"fdb74ec8-6027-4a44-b994-d162e8df1dc7","type":"synthesize","rationale":"decision_critical_gaps_resolved_or_unresolvable; high-impact claims supported or qualified; contradictions handled; remaining actions low expected value","step":6,"t":"2026-09-18T12:15:10.775Z"}
{"level":"info","event":"action","runId":"46ac2e79-a4b4-429c-9fe9-e86635ef1039","type":"challenge","rationale":"Disconfirm material conclusion: A primary source that directly contradicts this conclusion.","step":0,"t":"2026-09-18T12:15:11.164Z"}
{"level":"info","event":"action","runId":"46ac2e79-a4b4-429c-9fe9-e86635ef1039","type":"fetch","rationale":"Inspect an already-known source before another generic query","step":1,"t":"2026-09-18T12:15:11.187Z"}
{"level":"info","event":"action","runId":"46ac2e79-a4b4-429c-9fe9-e86635ef1039","type":"fetch","rationale":"Inspect an already-known source before another generic query","step":2,"t":"2026-09-18T12:15:11.202Z"}
{"level":"info","event":"action","runId":"46ac2e79-a4b4-429c-9fe9-e86635ef1039","type":"fetch","rationale":"Inspect an already-known source before another generic query","step":3,"t":"2026-09-18T12:15:11.215Z"}
{"level":"info","event":"action","runId":"46ac2e79-a4b4-429c-9fe9-e86635ef1039","type":"challenge","rationale":"No counterexample found in accessed primary sources. This is not proof that the conclusion is true.","step":4,"t":"2026-09-18T12:15:11.236Z"}
{"level":"info","event":"action","runId":"46ac2e79-a4b4-429c-9fe9-e86635ef1039","type":"synthesize","rationale":"decision_critical_gaps_resolved_or_unresolvable; high-impact claims supported or qualified; contradictions handled; remaining actions low expected value","step":5,"t":"2026-09-18T12:15:11.249Z"}
{"level":"info","event":"action","runId":"2ad2b4cd-6a22-4a04-bb69-b17059f8b001","type":"search","rationale":"Investigate an uncovered required question","step":0,"t":"2026-09-18T12:15:11.632Z"}
{"level":"info","event":"action","runId":"2ad2b4cd-6a22-4a04-bb69-b17059f8b001","type":"fetch","rationale":"Inspect an already-known source before another generic query","step":1,"t":"2026-09-18T12:15:11.653Z"}
{"level":"info","event":"action","runId":"2ad2b4cd-6a22-4a04-bb69-b17059f8b001","type":"fetch","rationale":"Inspect an already-known source before another generic query","step":2,"t":"2026-09-18T12:15:11.667Z"}
{"level":"info","event":"action","runId":"2ad2b4cd-6a22-4a04-bb69-b17059f8b001","type":"fetch","rationale":"Inspect an already-known source before another generic query","step":3,"t":"2026-09-18T12:15:11.680Z"}
{"level":"info","event":"action","runId":"2ad2b4cd-6a22-4a04-bb69-b17059f8b001","type":"challenge","rationale":"Disconfirm material conclusion: A primary source that directly contradicts this conclusion.","step":4,"t":"2026-09-18T12:15:11.696Z"}
{"level":"info","event":"action","runId":"2ad2b4cd-6a22-4a04-bb69-b17059f8b001","type":"challenge","rationale":"No counterexample found in accessed primary sources. This is not proof that the conclusion is true.","step":5,"t":"2026-09-18T12:15:11.709Z"}
{"level":"info","event":"action","runId":"2ad2b4cd-6a22-4a04-bb69-b17059f8b001","type":"synthesize","rationale":"decision_critical_gaps_resolved_or_unresolvable; high-impact claims supported or qualified; contradictions handled; remaining actions low expected value","step":6,"t":"2026-09-18T12:15:11.719Z"}
{"level":"info","event":"action","runId":"8252576f-d215-4e49-b27c-24842d76bba2","type":"search","rationale":"Investigate an uncovered required question","step":0,"t":"2026-09-18T12:15:12.056Z"}
{"level":"info","event":"action","runId":"8252576f-d215-4e49-b27c-24842d76bba2","type":"fetch","rationale":"Inspect an already-known source before another generic query","step":1,"t":"2026-09-18T12:15:12.076Z"}
{"level":"info","event":"action","runId":"8252576f-d215-4e49-b27c-24842d76bba2","type":"fetch","rationale":"Inspect an already-known source before another generic query","step":2,"t":"2026-09-18T12:15:12.088Z"}
{"level":"info","event":"action","runId":"8252576f-d215-4e49-b27c-24842d76bba2","type":"fetch","rationale":"Inspect an already-known source before another generic query","step":3,"t":"2026-09-18T12:15:12.101Z"}
{"level":"info","event":"action","runId":"8252576f-d215-4e49-b27c-24842d76bba2","type":"fetch","rationale":"Inspect an already-known source before another generic query","step":4,"t":"2026-09-18T12:15:12.114Z"}
{"level":"info","event":"action","runId":"8252576f-d215-4e49-b27c-24842d76bba2","type":"fetch","rationale":"Inspect an already-known source before another generic query","step":5,"t":"2026-09-18T12:15:12.127Z"}
{"level":"info","event":"action","runId":"8252576f-d215-4e49-b27c-24842d76bba2","type":"challenge","rationale":"Disconfirm material conclusion: A primary source that directly contradicts this conclusion.","step":6,"t":"2026-09-18T12:15:12.140Z"}
{"level":"info","event":"action","runId":"8252576f-d215-4e49-b27c-24842d76bba2","type":"challenge","rationale":"No counterexample found in accessed primary sources. This is not proof that the conclusion is true.","step":7,"t":"2026-09-18T12:15:12.156Z"}
{"level":"info","event":"action","runId":"8252576f-d215-4e49-b27c-24842d76bba2","type":"synthesize","rationale":"decision_critical_gaps_resolved_or_unresolvable; high-impact claims supported or qualified; contradictions handled; remaining actions low expected value","step":8,"t":"2026-09-18T12:15:12.168Z"}
{"level":"info","event":"action","runId":"e1fd85d9-743b-47f8-a45a-74a56f6bedff","type":"search","rationale":"Investigate an uncovered required question","step":0,"t":"2026-09-18T12:15:12.726Z"}
{"level":"info","event":"action","runId":"e1fd85d9-743b-47f8-a45a-74a56f6bedff","type":"fetch","rationale":"Inspect an already-known source before another generic query","step":1,"t":"2026-09-18T12:15:12.745Z"}
{"level":"info","event":"action","runId":"e1fd85d9-743b-47f8-a45a-74a56f6bedff","type":"fetch","rationale":"Inspect an already-known source before another generic query","step":2,"t":"2026-09-18T12:15:12.761Z"}
{"level":"info","event":"action","runId":"e1fd85d9-743b-47f8-a45a-74a56f6bedff","type":"fetch","rationale":"Inspect an already-known source before another generic query","step":3,"t":"2026-09-18T12:15:12.776Z"}
{"level":"info","event":"action","runId":"e1fd85d9-743b-47f8-a45a-74a56f6bedff","type":"fetch","rationale":"Inspect an already-known source before another generic query","step":4,"t":"2026-09-18T12:15:12.794Z"}
{"level":"info","event":"action","runId":"e1fd85d9-743b-47f8-a45a-74a56f6bedff","type":"fetch","rationale":"Inspect an already-known source before another generic query","step":5,"t":"2026-09-18T12:15:12.811Z"}
{"level":"info","event":"action","runId":"e1fd85d9-743b-47f8-a45a-74a56f6bedff","type":"challenge","rationale":"Disconfirm material conclusion: A primary source that directly contradicts this conclusion.","step":6,"t":"2026-09-18T12:15:12.826Z"}
{"level":"info","event":"action","runId":"e1fd85d9-743b-47f8-a45a-74a56f6bedff","type":"challenge","rationale":"No counterexample found in accessed primary sources. This is not proof that the conclusion is true.","step":7,"t":"2026-09-18T12:15:12.839Z"}
{"level":"info","event":"action","runId":"e1fd85d9-743b-47f8-a45a-74a56f6bedff","type":"synthesize","rationale":"decision_critical_gaps_resolved_or_unresolvable; high-impact claims supported or qualified; contradictions handled; remaining actions low expected value","step":8,"t":"2026-09-18T12:15:12.850Z"}
{"level":"info","event":"action","runId":"c0253e23-1c1a-41c2-9982-01eab98cd0a1","type":"search","rationale":"Investigate an uncovered required question","step":0,"t":"2026-09-18T12:15:13.403Z"}
{"level":"info","event":"action","runId":"c0253e23-1c1a-41c2-9982-01eab98cd0a1","type":"fetch","rationale":"Inspect an already-known source before another generic query","step":1,"t":"2026-09-18T12:15:13.423Z"}
{"level":"info","event":"action","runId":"c0253e23-1c1a-41c2-9982-01eab98cd0a1","type":"fetch","rationale":"Inspect an already-known source before another generic query","step":2,"t":"2026-09-18T12:15:13.436Z"}
{"level":"info","event":"action","runId":"c0253e23-1c1a-41c2-9982-01eab98cd0a1","type":"fetch","rationale":"Inspect an already-known source before another generic query","step":3,"t":"2026-09-18T12:15:13.449Z"}
{"level":"info","event":"action","runId":"c0253e23-1c1a-41c2-9982-01eab98cd0a1","type":"challenge","rationale":"Disconfirm material conclusion: A primary source that directly contradicts this conclusion.","step":4,"t":"2026-09-18T12:15:13.464Z"}
{"level":"info","event":"action","runId":"c0253e23-1c1a-41c2-9982-01eab98cd0a1","type":"challenge","rationale":"No counterexample found in accessed primary sources. This is not proof that the conclusion is true.","step":5,"t":"2026-09-18T12:15:13.478Z"}
{"level":"info","event":"action","runId":"c0253e23-1c1a-41c2-9982-01eab98cd0a1","type":"synthesize","rationale":"decision_critical_gaps_resolved_or_unresolvable; high-impact claims supported or qualified; contradictions handled; remaining actions low expected value","step":6,"t":"2026-09-18T12:15:13.489Z"}
{"level":"info","event":"action","runId":"333a1b67-4e6f-43d0-b1f7-2fb1ef3bd3dd","type":"search","rationale":"Investigate an uncovered required question","step":0,"t":"2026-09-18T12:15:13.848Z"}
{"level":"info","event":"action","runId":"333a1b67-4e6f-43d0-b1f7-2fb1ef3bd3dd","type":"fetch","rationale":"Inspect an already-known source before another generic query","step":1,"t":"2026-09-18T12:15:13.868Z"}
{"level":"info","event":"action","runId":"333a1b67-4e6f-43d0-b1f7-2fb1ef3bd3dd","type":"fetch","rationale":"Inspect an already-known source before another generic query","step":2,"t":"2026-09-18T12:15:13.880Z"}
{"level":"info","event":"action","runId":"333a1b67-4e6f-43d0-b1f7-2fb1ef3bd3dd","type":"fetch","rationale":"Inspect an already-known source before another generic query","step":3,"t":"2026-09-18T12:15:13.894Z"}
{"level":"info","event":"action","runId":"333a1b67-4e6f-43d0-b1f7-2fb1ef3bd3dd","type":"challenge","rationale":"Disconfirm material conclusion: A primary source that directly contradicts this conclusion.","step":4,"t":"2026-09-18T12:15:13.910Z"}
{"level":"info","event":"action","runId":"333a1b67-4e6f-43d0-b1f7-2fb1ef3bd3dd","type":"challenge","rationale":"No counterexample found in accessed primary sources. This is not proof that the conclusion is true.","step":5,"t":"2026-09-18T12:15:13.923Z"}
{"level":"info","event":"action","runId":"333a1b67-4e6f-43d0-b1f7-2fb1ef3bd3dd","type":"synthesize","rationale":"decision_critical_gaps_resolved_or_unresolvable; high-impact claims supported or qualified; contradictions handled; remaining actions low expected value","step":6,"t":"2026-09-18T12:15:13.933Z"}
{"level":"info","event":"action","runId":"565576af-8242-4c5a-a64a-110f124e5cbb","type":"search","rationale":"Investigate an uncovered required question","step":0,"t":"2026-09-18T12:15:14.973Z"}
{"level":"info","event":"action","runId":"565576af-8242-4c5a-a64a-110f124e5cbb","type":"stop","rationale":"action type reveal_keys is not a permitted research action","step":1,"t":"2026-09-18T12:15:14.996Z"}
{"level":"info","event":"action","runId":"ebc3b73e-ec31-4252-8d6e-16ef17b17be2","type":"search","rationale":"Investigate an uncovered required question","step":0,"t":"2026-09-18T12:15:15.564Z"}
{"level":"info","event":"action","runId":"ebc3b73e-ec31-4252-8d6e-16ef17b17be2","type":"search","rationale":"Decision-blocking gap: authoritative compatibility limitation. Switching source type to vendor-matrix.","step":1,"t":"2026-09-18T12:15:15.589Z"}
{"level":"info","event":"action","runId":"ebc3b73e-ec31-4252-8d6e-16ef17b17be2","type":"fetch","rationale":"Inspect the preferred source type (vendor-matrix) before more weak sources","step":2,"t":"2026-09-18T12:15:15.608Z"}
{"level":"info","event":"action","runId":"ebc3b73e-ec31-4252-8d6e-16ef17b17be2","type":"fetch","rationale":"Inspect an already-known source before another generic query","step":3,"t":"2026-09-18T12:15:15.624Z"}
{"level":"info","event":"action","runId":"ebc3b73e-ec31-4252-8d6e-16ef17b17be2","type":"fetch","rationale":"Inspect an already-known source before another generic query","step":4,"t":"2026-09-18T12:15:15.641Z"}
{"level":"info","event":"action","runId":"ebc3b73e-ec31-4252-8d6e-16ef17b17be2","type":"fetch","rationale":"Inspect an already-known source before another generic query","step":5,"t":"2026-09-18T12:15:15.657Z"}
{"level":"info","event":"action","runId":"ebc3b73e-ec31-4252-8d6e-16ef17b17be2","type":"verify","rationale":"Scope-check contradiction on compatibility before treating newest as correct","step":6,"t":"2026-09-18T12:15:15.673Z"}
{"level":"info","event":"action","runId":"ebc3b73e-ec31-4252-8d6e-16ef17b17be2","type":"challenge","rationale":"Disconfirm material conclusion: Official compatibility documentation that lists the named version as supported.","step":7,"t":"2026-09-18T12:15:15.687Z"}
{"level":"info","event":"action","runId":"ebc3b73e-ec31-4252-8d6e-16ef17b17be2","type":"challenge","rationale":"No counterexample found in accessed primary sources. This is not proof that the conclusion is true.","step":8,"t":"2026-09-18T12:15:15.702Z"}
{"level":"info","event":"action","runId":"ebc3b73e-ec31-4252-8d6e-16ef17b17be2","type":"synthesize","rationale":"decision_critical_gaps_resolved_or_unresolvable; high-impact claims supported or qualified; contradictions handled; remaining actions low expected value","step":9,"t":"2026-09-18T12:15:15.715Z"}
{"level":"info","event":"action","runId":"3bd731d5-13ce-46bf-93ef-b99b0b6dbb9b","type":"search","rationale":"Investigate an uncovered required question","step":0,"t":"2026-09-18T12:15:16.316Z"}
{"level":"info","event":"action","runId":"3bd731d5-13ce-46bf-93ef-b99b0b6dbb9b","type":"fetch","rationale":"Inspect an already-known source before another generic query","step":1,"t":"2026-09-18T12:15:16.344Z"}
{"level":"info","event":"action","runId":"3bd731d5-13ce-46bf-93ef-b99b0b6dbb9b","type":"fetch","rationale":"Inspect an already-known source before another generic query","step":2,"t":"2026-09-18T12:15:16.360Z"}
{"level":"info","event":"action","runId":"3bd731d5-13ce-46bf-93ef-b99b0b6dbb9b","type":"fetch","rationale":"Inspect an already-known source before another generic query","step":3,"t":"2026-09-18T12:15:16.374Z"}
{"level":"info","event":"action","runId":"3bd731d5-13ce-46bf-93ef-b99b0b6dbb9b","type":"challenge","rationale":"Disconfirm material conclusion: A primary source that directly contradicts this conclusion.","step":4,"t":"2026-09-18T12:15:16.391Z"}
{"level":"info","event":"action","runId":"3bd731d5-13ce-46bf-93ef-b99b0b6dbb9b","type":"challenge","rationale":"No counterexample found in accessed primary sources. This is not proof that the conclusion is true.","step":5,"t":"2026-09-18T12:15:16.407Z"}
{"level":"info","event":"action","runId":"3bd731d5-13ce-46bf-93ef-b99b0b6dbb9b","type":"synthesize","rationale":"decision_critical_gaps_resolved_or_unresolvable; high-impact claims supported or qualified; contradictions handled; remaining actions low expected value","step":6,"t":"2026-09-18T12:15:16.418Z"}
{"level":"info","event":"action","runId":"30257376-c022-42a5-a7b0-f888ba640a72","type":"search","rationale":"Investigate an uncovered required question","step":0,"t":"2026-09-18T12:15:17.014Z"}
{"level":"info","event":"action","runId":"30257376-c022-42a5-a7b0-f888ba640a72","type":"search","rationale":"Investigate an uncovered required question","step":1,"t":"2026-09-18T12:15:17.052Z"}
{"level":"info","event":"action","runId":"46212fb2-769e-4eef-a5e2-a202fdb7a8b1","type":"search","rationale":"Investigate an uncovered required question","step":0,"t":"2026-09-18T12:15:17.383Z"}
{"level":"info","event":"action","runId":"69599d27-dba2-43bf-8308-2bb6c99db615","type":"search","rationale":"Investigate an uncovered required question","step":0,"t":"2026-09-18T12:15:17.717Z"}
{"level":"info","event":"action","runId":"4bda24a5-e825-4590-a200-217b13de2e27","type":"search","rationale":"Investigate an uncovered required question","step":0,"t":"2026-09-18T12:15:18.054Z"}
{"level":"info","event":"action","runId":"e02b4d40-abef-494c-9b9f-e683d5868ba3","type":"search","rationale":"Investigate an uncovered required question","step":0,"t":"2026-09-18T12:15:18.384Z"}
{"level":"info","event":"action","runId":"e53c8b40-54f0-4453-8a17-e68df84c5c6f","type":"search","rationale":"Investigate an uncovered required question","step":0,"t":"2026-09-18T12:15:18.716Z"}
{"level":"info","event":"action","runId":"60a0c145-2a8b-4e69-85c0-8bcb1dca5006","type":"search","rationale":"Investigate an uncovered required question","step":0,"t":"2026-09-18T12:15:19.054Z"}
{"level":"info","event":"action","runId":"f4e38a65-449d-4e75-a2ed-2916c777c749","type":"search","rationale":"Investigate an uncovered required question","step":0,"t":"2026-09-18T12:15:20.668Z"}
{"level":"info","event":"action","runId":"f4e38a65-449d-4e75-a2ed-2916c777c749","type":"fetch","rationale":"Inspect an already-known source before another generic query","step":1,"t":"2026-09-18T12:15:20.698Z"}
{"level":"info","event":"action","runId":"f4e38a65-449d-4e75-a2ed-2916c777c749","type":"fetch","rationale":"Inspect an already-known source before another generic query","step":2,"t":"2026-09-18T12:15:20.717Z"}
{"level":"info","event":"action","runId":"f4e38a65-449d-4e75-a2ed-2916c777c749","type":"fetch","rationale":"Inspect an already-known source before another generic query","step":3,"t":"2026-09-18T12:15:20.734Z"}
{"level":"info","event":"action","runId":"f4e38a65-449d-4e75-a2ed-2916c777c749","type":"fetch","rationale":"Inspect an already-known source before another generic query","step":4,"t":"2026-09-18T12:15:20.750Z"}
{"level":"info","event":"action","runId":"f4e38a65-449d-4e75-a2ed-2916c777c749","type":"fetch","rationale":"Inspect an already-known source before another generic query","step":5,"t":"2026-09-18T12:15:20.767Z"}
{"level":"info","event":"action","runId":"f4e38a65-449d-4e75-a2ed-2916c777c749","type":"challenge","rationale":"Disconfirm material conclusion: A primary source that directly contradicts this conclusion.","step":6,"t":"2026-09-18T12:15:20.783Z"}
{"level":"info","event":"action","runId":"f4e38a65-449d-4e75-a2ed-2916c777c749","type":"challenge","rationale":"No counterexample found in accessed primary sources. This is not proof that the conclusion is true.","step":7,"t":"2026-09-18T12:15:20.801Z"}
{"level":"info","event":"action","runId":"f4e38a65-449d-4e75-a2ed-2916c777c749","type":"synthesize","rationale":"decision_critical_gaps_resolved_or_unresolvable; high-impact claims supported or qualified; contradictions handled; remaining actions low expected value","step":8,"t":"2026-09-18T12:15:20.814Z"}
{"level":"info","event":"action","runId":"94c70ae9-3098-42ec-babf-0eb6d5a5faef","type":"search","rationale":"Investigate an uncovered required question","step":0,"t":"2026-09-18T12:15:21.121Z"}
{"level":"info","event":"action","runId":"94c70ae9-3098-42ec-babf-0eb6d5a5faef","type":"fetch","rationale":"Inspect an already-known source before another generic query","step":1,"t":"2026-09-18T12:15:21.142Z"}
{"level":"info","event":"action","runId":"94c70ae9-3098-42ec-babf-0eb6d5a5faef","type":"fetch","rationale":"Inspect an already-known source before another generic query","step":2,"t":"2026-09-18T12:15:21.158Z"}
{"level":"info","event":"action","runId":"94c70ae9-3098-42ec-babf-0eb6d5a5faef","type":"fetch","rationale":"Inspect an already-known source before another generic query","step":3,"t":"2026-09-18T12:15:21.173Z"}
{"level":"info","event":"action","runId":"94c70ae9-3098-42ec-babf-0eb6d5a5faef","type":"fetch","rationale":"Inspect an already-known source before another generic query","step":4,"t":"2026-09-18T12:15:21.188Z"}
{"level":"info","event":"action","runId":"94c70ae9-3098-42ec-babf-0eb6d5a5faef","type":"fetch","rationale":"Inspect an already-known source before another generic query","step":5,"t":"2026-09-18T12:15:21.201Z"}
{"level":"info","event":"action","runId":"94c70ae9-3098-42ec-babf-0eb6d5a5faef","type":"challenge","rationale":"Disconfirm material conclusion: A primary source that directly contradicts this conclusion.","step":6,"t":"2026-09-18T12:15:21.215Z"}
{"level":"info","event":"action","runId":"94c70ae9-3098-42ec-babf-0eb6d5a5faef","type":"challenge","rationale":"No counterexample found in accessed primary sources. This is not proof that the conclusion is true.","step":7,"t":"2026-09-18T12:15:21.230Z"}
{"level":"info","event":"action","runId":"94c70ae9-3098-42ec-babf-0eb6d5a5faef","type":"synthesize","rationale":"decision_critical_gaps_resolved_or_unresolvable; high-impact claims supported or qualified; contradictions handled; remaining actions low expected value","step":8,"t":"2026-09-18T12:15:21.241Z"}
{"level":"info","event":"action","runId":"db5c197c-a88e-4173-a45c-7ba74572e116","type":"search","rationale":"Investigate an uncovered required question","step":0,"t":"2026-09-18T12:15:22.805Z"}
{"level":"info","event":"action","runId":"db5c197c-a88e-4173-a45c-7ba74572e116","type":"fetch","rationale":"Inspect an already-known source before another generic query","step":0,"t":"2026-09-18T12:15:22.862Z"}
{"level":"info","event":"action","runId":"db5c197c-a88e-4173-a45c-7ba74572e116","type":"fetch","rationale":"Inspect an already-known source before another generic query","step":1,"t":"2026-09-18T12:15:22.880Z"}
{"level":"info","event":"action","runId":"db5c197c-a88e-4173-a45c-7ba74572e116","type":"fetch","rationale":"Inspect an already-known source before another generic query","step":2,"t":"2026-09-18T12:15:22.898Z"}
{"level":"info","event":"action","runId":"db5c197c-a88e-4173-a45c-7ba74572e116","type":"challenge","rationale":"Disconfirm material conclusion: A primary source that directly contradicts this conclusion.","step":3,"t":"2026-09-18T12:15:22.922Z"}
{"level":"info","event":"action","runId":"db5c197c-a88e-4173-a45c-7ba74572e116","type":"challenge","rationale":"No counterexample found in accessed primary sources. This is not proof that the conclusion is true.","step":4,"t":"2026-09-18T12:15:22.941Z"}
{"level":"info","event":"action","runId":"db5c197c-a88e-4173-a45c-7ba74572e116","type":"synthesize","rationale":"decision_critical_gaps_resolved_or_unresolvable; high-impact claims supported or qualified; contradictions handled; remaining actions low expected value","step":5,"t":"2026-09-18T12:15:22.956Z"}
{"level":"info","event":"action","runId":"6ff9c813-9e2b-40a9-a622-ad25838d6563","type":"search","rationale":"Investigate an uncovered required question","step":0,"t":"2026-09-18T12:15:23.859Z"}
{"level":"info","event":"action","runId":"6ff9c813-9e2b-40a9-a622-ad25838d6563","type":"fetch","rationale":"Inspect an already-known source before another generic query","step":1,"t":"2026-09-18T12:15:23.888Z"}
{"level":"info","event":"action","runId":"6ff9c813-9e2b-40a9-a622-ad25838d6563","type":"fetch","rationale":"Inspect an already-known source before another generic query","step":2,"t":"2026-09-18T12:15:23.905Z"}
{"level":"info","event":"action","runId":"6ff9c813-9e2b-40a9-a622-ad25838d6563","type":"fetch","rationale":"Inspect an already-known source before another generic query","step":3,"t":"2026-09-18T12:15:23.922Z"}
{"level":"info","event":"action","runId":"6ff9c813-9e2b-40a9-a622-ad25838d6563","type":"challenge","rationale":"Disconfirm material conclusion: A primary source that directly contradicts this conclusion.","step":4,"t":"2026-09-18T12:15:23.943Z"}
{"level":"info","event":"action","runId":"6ff9c813-9e2b-40a9-a622-ad25838d6563","type":"challenge","rationale":"No counterexample found in accessed primary sources. This is not proof that the conclusion is true.","step":5,"t":"2026-09-18T12:15:23.962Z"}
{"level":"info","event":"action","runId":"6ff9c813-9e2b-40a9-a622-ad25838d6563","type":"synthesize","rationale":"decision_critical_gaps_resolved_or_unresolvable; high-impact claims supported or qualified; contradictions handled; remaining actions low expected value","step":6,"t":"2026-09-18T12:15:23.975Z"}
{"level":"info","event":"action","runId":"6ff9c813-9e2b-40a9-a622-ad25838d6563","type":"synthesize","rationale":"decision_critical_gaps_resolved_or_unresolvable; high-impact claims supported or qualified; contradictions handled; remaining actions low expected value","step":0,"t":"2026-09-18T12:15:24.211Z"}
{"level":"info","event":"action","runId":"cad24769-55f4-474b-a2ac-df6731a5b745","type":"challenge","rationale":"Disconfirm material conclusion: A primary source that directly contradicts this conclusion.","step":0,"t":"2026-09-18T12:15:25.229Z"}
{"level":"info","event":"action","runId":"cad24769-55f4-474b-a2ac-df6731a5b745","type":"fetch","rationale":"Inspect an already-known source before another generic query","step":1,"t":"2026-09-18T12:15:25.266Z"}
{"level":"info","event":"action","runId":"cad24769-55f4-474b-a2ac-df6731a5b745","type":"fetch","rationale":"Inspect an already-known source before another generic query","step":2,"t":"2026-09-18T12:15:25.285Z"}
{"level":"info","event":"action","runId":"cad24769-55f4-474b-a2ac-df6731a5b745","type":"fetch","rationale":"Inspect an already-known source before another generic query","step":3,"t":"2026-09-18T12:15:25.303Z"}
{"level":"info","event":"action","runId":"cad24769-55f4-474b-a2ac-df6731a5b745","type":"challenge","rationale":"Disconfirm material conclusion: A primary source that directly contradicts this conclusion.","step":4,"t":"2026-09-18T12:15:25.324Z"}
{"level":"info","event":"action","runId":"cad24769-55f4-474b-a2ac-df6731a5b745","type":"challenge","rationale":"Disconfirm material conclusion: A primary source that directly contradicts this conclusion.","step":5,"t":"2026-09-18T12:15:25.344Z"}
{"level":"info","event":"action","runId":"cad24769-55f4-474b-a2ac-df6731a5b745","type":"challenge","rationale":"Disconfirm material conclusion: A primary source that directly contradicts this conclusion.","step":6,"t":"2026-09-18T12:15:25.360Z"}
{"level":"info","event":"action","runId":"cad24769-55f4-474b-a2ac-df6731a5b745","type":"challenge","rationale":"Disconfirm material conclusion: A primary source that directly contradicts this conclusion.","step":7,"t":"2026-09-18T12:15:25.377Z"}
{"level":"info","event":"action","runId":"cad24769-55f4-474b-a2ac-df6731a5b745","type":"challenge","rationale":"Disconfirm material conclusion: A primary source that directly contradicts this conclusion.","step":8,"t":"2026-09-18T12:15:25.398Z"}
{"level":"info","event":"action","runId":"cad24769-55f4-474b-a2ac-df6731a5b745","type":"challenge","rationale":"Disconfirm material conclusion: A primary source that directly contradicts this conclusion.","step":9,"t":"2026-09-18T12:15:25.435Z"}
{"level":"info","event":"action","runId":"cad24769-55f4-474b-a2ac-df6731a5b745","type":"challenge","rationale":"Disconfirm material conclusion: A primary source that directly contradicts this conclusion.","step":10,"t":"2026-09-18T12:15:25.458Z"}
{"level":"info","event":"action","runId":"cad24769-55f4-474b-a2ac-df6731a5b745","type":"challenge","rationale":"No counterexample found in accessed primary sources. This is not proof that the conclusion is true.","step":11,"t":"2026-09-18T12:15:25.477Z"}
{"level":"info","event":"action","runId":"cad24769-55f4-474b-a2ac-df6731a5b745","type":"stop","rationale":"Repeated searches returned no novel source family or coverage progress","step":12,"t":"2026-09-18T12:15:25.490Z"}
{"level":"info","event":"action","runId":"5f74b312-342c-4699-a8b8-399578a99525","type":"search","rationale":"Investigate an uncovered required question","step":0,"t":"2026-09-18T12:15:25.801Z"}
{"level":"info","event":"action","runId":"5f74b312-342c-4699-a8b8-399578a99525","type":"fetch","rationale":"Inspect an already-known source before another generic query","step":1,"t":"2026-09-18T12:15:25.825Z"}
{"level":"info","event":"action","runId":"5f74b312-342c-4699-a8b8-399578a99525","type":"fetch","rationale":"Inspect an already-known source before another generic query","step":2,"t":"2026-09-18T12:15:25.838Z"}
{"level":"info","event":"action","runId":"5f74b312-342c-4699-a8b8-399578a99525","type":"fetch","rationale":"Inspect an already-known source before another generic query","step":3,"t":"2026-09-18T12:15:25.851Z"}
{"level":"info","event":"action","runId":"5f74b312-342c-4699-a8b8-399578a99525","type":"challenge","rationale":"Disconfirm material conclusion: A primary source that directly contradicts this conclusion.","step":4,"t":"2026-09-18T12:15:25.867Z"}
{"level":"info","event":"action","runId":"5f74b312-342c-4699-a8b8-399578a99525","type":"challenge","rationale":"No counterexample found in accessed primary sources. This is not proof that the conclusion is true.","step":5,"t":"2026-09-18T12:15:25.880Z"}
{"level":"info","event":"action","runId":"5f74b312-342c-4699-a8b8-399578a99525","type":"synthesize","rationale":"decision_critical_gaps_resolved_or_unresolvable; high-impact claims supported or qualified; contradictions handled; remaining actions low expected value","step":6,"t":"2026-09-18T12:15:25.891Z"}
{"level":"info","event":"action","runId":"15d47b72-f719-426c-8a0c-e4dc85fa098f","type":"search","rationale":"Investigate an uncovered required question","step":0,"t":"2026-09-18T12:15:29.294Z"}
{"level":"info","event":"action","runId":"15d47b72-f719-426c-8a0c-e4dc85fa098f","type":"fetch","rationale":"Inspect an already-known source before another generic query","step":1,"t":"2026-09-18T12:15:29.328Z"}
{"level":"info","event":"action","runId":"15d47b72-f719-426c-8a0c-e4dc85fa098f","type":"fetch","rationale":"Inspect an already-known source before another generic query","step":2,"t":"2026-09-18T12:15:29.346Z"}
{"level":"info","event":"action","runId":"15d47b72-f719-426c-8a0c-e4dc85fa098f","type":"fetch","rationale":"Inspect an already-known source before another generic query","step":3,"t":"2026-09-18T12:15:29.364Z"}
{"level":"info","event":"action","runId":"15d47b72-f719-426c-8a0c-e4dc85fa098f","type":"challenge","rationale":"Disconfirm material conclusion: A primary source that directly contradicts this conclusion.","step":4,"t":"2026-09-18T12:15:29.386Z"}
{"level":"info","event":"action","runId":"15d47b72-f719-426c-8a0c-e4dc85fa098f","type":"challenge","rationale":"No counterexample found in accessed primary sources. This is not proof that the conclusion is true.","step":5,"t":"2026-09-18T12:15:29.405Z"}
{"level":"info","event":"action","runId":"15d47b72-f719-426c-8a0c-e4dc85fa098f","type":"synthesize","rationale":"decision_critical_gaps_resolved_or_unresolvable; high-impact claims supported or qualified; contradictions handled; remaining actions low expected value","step":6,"t":"2026-09-18T12:15:29.419Z"}

 Test Files  30 passed (30)
      Tests  424 passed (424)
   Start at  06:09:02
   Duration  401.33s (transform 2.87s, setup 0ms, import 9.41s, tests 387.77s, environment 4ms)

