
> deep-research-mobile@0.1.0 test:integration /home/oranolio/Desktop/Deep
> pnpm --filter @deep/backend test:integration


> @deep/backend@0.1.0 test:integration /home/oranolio/Desktop/Deep/apps/backend
> vitest run --config vitest.integration.config.ts


 RUN  v4.1.11 /home/oranolio/Desktop/Deep/apps/backend

{"level":"info","event":"action","runId":"224b9c9e-e6ad-422c-92bb-85810221c2b3","type":"search","rationale":"Investigate an uncovered required question","step":0,"t":"2026-09-18T04:53:58.600Z"}
{"level":"info","event":"action","runId":"224b9c9e-e6ad-422c-92bb-85810221c2b3","type":"fetch","rationale":"Inspect an already-known source before another generic query","step":1,"t":"2026-09-18T04:53:58.639Z"}
{"level":"info","event":"action","runId":"224b9c9e-e6ad-422c-92bb-85810221c2b3","type":"fetch","rationale":"Inspect an already-known source before another generic query","step":2,"t":"2026-09-18T04:53:58.660Z"}
{"level":"info","event":"action","runId":"224b9c9e-e6ad-422c-92bb-85810221c2b3","type":"fetch","rationale":"Inspect an already-known source before another generic query","step":3,"t":"2026-09-18T04:53:58.679Z"}
{"level":"info","event":"action","runId":"224b9c9e-e6ad-422c-92bb-85810221c2b3","type":"challenge","rationale":"Disconfirm material conclusion: A primary source that directly contradicts this conclusion.","step":4,"t":"2026-09-18T04:53:58.705Z"}
{"level":"info","event":"action","runId":"224b9c9e-e6ad-422c-92bb-85810221c2b3","type":"challenge","rationale":"No counterexample found in accessed primary sources. This is not proof that the conclusion is true.","step":5,"t":"2026-09-18T04:53:58.724Z"}
{"level":"info","event":"action","runId":"224b9c9e-e6ad-422c-92bb-85810221c2b3","type":"synthesize","rationale":"decision_critical_gaps_resolved_or_unresolvable; high-impact claims supported or qualified; contradictions handled; remaining actions low expected value","step":6,"t":"2026-09-18T04:53:58.741Z"}
{"level":"info","event":"action","runId":"1742a9d6-52b9-444c-ae9a-91bf79258f06","type":"search","rationale":"Investigate an uncovered required question","step":0,"t":"2026-09-18T04:53:59.380Z"}
{"level":"info","event":"action","runId":"1742a9d6-52b9-444c-ae9a-91bf79258f06","type":"fetch","rationale":"Inspect an already-known source before another generic query","step":1,"t":"2026-09-18T04:53:59.401Z"}
{"level":"info","event":"action","runId":"1742a9d6-52b9-444c-ae9a-91bf79258f06","type":"fetch","rationale":"Inspect an already-known source before another generic query","step":2,"t":"2026-09-18T04:53:59.416Z"}
{"level":"info","event":"action","runId":"1742a9d6-52b9-444c-ae9a-91bf79258f06","type":"challenge","rationale":"Disconfirm material conclusion: A primary source that directly contradicts this conclusion.","step":3,"t":"2026-09-18T04:53:59.433Z"}
{"level":"info","event":"action","runId":"1742a9d6-52b9-444c-ae9a-91bf79258f06","type":"challenge","rationale":"No counterexample found in accessed primary sources. This is not proof that the conclusion is true.","step":4,"t":"2026-09-18T04:53:59.450Z"}
{"level":"info","event":"action","runId":"1742a9d6-52b9-444c-ae9a-91bf79258f06","type":"synthesize","rationale":"decision_critical_gaps_resolved_or_unresolvable; high-impact claims supported or qualified; contradictions handled; remaining actions low expected value","step":5,"t":"2026-09-18T04:53:59.462Z"}
{"level":"info","event":"action","runId":"0f301335-4183-4e11-903b-bc93bb8353cf","type":"search","rationale":"Investigate an uncovered required question","step":0,"t":"2026-09-18T04:54:00.013Z"}
{"level":"info","event":"action","runId":"0f301335-4183-4e11-903b-bc93bb8353cf","type":"fetch","rationale":"Inspect an already-known source before another generic query","step":1,"t":"2026-09-18T04:54:00.037Z"}
{"level":"info","event":"action","runId":"0f301335-4183-4e11-903b-bc93bb8353cf","type":"fetch","rationale":"Inspect an already-known source before another generic query","step":2,"t":"2026-09-18T04:54:00.051Z"}
{"level":"info","event":"action","runId":"0f301335-4183-4e11-903b-bc93bb8353cf","type":"fetch","rationale":"Inspect an already-known source before another generic query","step":3,"t":"2026-09-18T04:54:00.065Z"}
{"level":"info","event":"action","runId":"0f301335-4183-4e11-903b-bc93bb8353cf","type":"challenge","rationale":"Disconfirm material conclusion: A primary source that directly contradicts this conclusion.","step":4,"t":"2026-09-18T04:54:00.083Z"}
{"level":"info","event":"action","runId":"0f301335-4183-4e11-903b-bc93bb8353cf","type":"challenge","rationale":"No counterexample found in accessed primary sources. This is not proof that the conclusion is true.","step":5,"t":"2026-09-18T04:54:00.098Z"}
{"level":"info","event":"action","runId":"0f301335-4183-4e11-903b-bc93bb8353cf","type":"synthesize","rationale":"decision_critical_gaps_resolved_or_unresolvable; high-impact claims supported or qualified; contradictions handled; remaining actions low expected value","step":6,"t":"2026-09-18T04:54:00.109Z"}
{"level":"info","event":"action","runId":"d806695c-229f-47fd-89b1-7fd1bb4a12dc","type":"search","rationale":"Investigate an uncovered required question","step":0,"t":"2026-09-18T04:54:00.686Z"}
{"level":"info","event":"action","runId":"d806695c-229f-47fd-89b1-7fd1bb4a12dc","type":"fetch","rationale":"Inspect an already-known source before another generic query","step":1,"t":"2026-09-18T04:54:00.704Z"}
{"level":"info","event":"action","runId":"d806695c-229f-47fd-89b1-7fd1bb4a12dc","type":"fetch","rationale":"Inspect an already-known source before another generic query","step":2,"t":"2026-09-18T04:54:00.720Z"}
{"level":"info","event":"action","runId":"d806695c-229f-47fd-89b1-7fd1bb4a12dc","type":"challenge","rationale":"Disconfirm material conclusion: A primary source that directly contradicts this conclusion.","step":3,"t":"2026-09-18T04:54:00.736Z"}
{"level":"info","event":"action","runId":"d806695c-229f-47fd-89b1-7fd1bb4a12dc","type":"challenge","rationale":"No counterexample found in accessed primary sources. This is not proof that the conclusion is true.","step":4,"t":"2026-09-18T04:54:00.753Z"}
{"level":"info","event":"action","runId":"d806695c-229f-47fd-89b1-7fd1bb4a12dc","type":"synthesize","rationale":"decision_critical_gaps_resolved_or_unresolvable; high-impact claims supported or qualified; contradictions handled; remaining actions low expected value","step":5,"t":"2026-09-18T04:54:00.768Z"}
{"level":"info","event":"action","runId":"58f5ba7d-70b0-4750-8e9a-3b68659c26d8","type":"search","rationale":"Investigate an uncovered required question","step":0,"t":"2026-09-18T04:54:01.414Z"}
{"level":"info","event":"action","runId":"58f5ba7d-70b0-4750-8e9a-3b68659c26d8","type":"fetch","rationale":"Inspect an already-known source before another generic query","step":1,"t":"2026-09-18T04:54:01.445Z"}
{"level":"info","event":"action","runId":"58f5ba7d-70b0-4750-8e9a-3b68659c26d8","type":"challenge","rationale":"Disconfirm material conclusion: A primary source that directly contradicts this conclusion.","step":2,"t":"2026-09-18T04:54:01.473Z"}
{"level":"info","event":"action","runId":"58f5ba7d-70b0-4750-8e9a-3b68659c26d8","type":"challenge","rationale":"No counterexample found in accessed primary sources. This is not proof that the conclusion is true.","step":3,"t":"2026-09-18T04:54:01.493Z"}
{"level":"info","event":"action","runId":"58f5ba7d-70b0-4750-8e9a-3b68659c26d8","type":"synthesize","rationale":"decision_critical_gaps_resolved_or_unresolvable; high-impact claims supported or qualified; contradictions handled; remaining actions low expected value","step":4,"t":"2026-09-18T04:54:01.509Z"}
{"level":"info","event":"action","runId":"8073163d-c2b6-42c3-a74a-4ce1e21e8edb","type":"search","rationale":"Investigate an uncovered required question","step":0,"t":"2026-09-18T04:54:02.388Z"}
{"level":"info","event":"action","runId":"8073163d-c2b6-42c3-a74a-4ce1e21e8edb","type":"fetch","rationale":"Inspect an already-known source before another generic query","step":1,"t":"2026-09-18T04:54:02.449Z"}
{"level":"info","event":"action","runId":"8073163d-c2b6-42c3-a74a-4ce1e21e8edb","type":"fetch","rationale":"Inspect an already-known source before another generic query","step":2,"t":"2026-09-18T04:54:02.483Z"}
{"level":"info","event":"action","runId":"8073163d-c2b6-42c3-a74a-4ce1e21e8edb","type":"fetch","rationale":"Inspect an already-known source before another generic query","step":3,"t":"2026-09-18T04:54:02.517Z"}
{"level":"info","event":"action","runId":"8073163d-c2b6-42c3-a74a-4ce1e21e8edb","type":"challenge","rationale":"Disconfirm material conclusion: A primary source that directly contradicts this conclusion.","step":4,"t":"2026-09-18T04:54:02.569Z"}
{"level":"info","event":"action","runId":"8073163d-c2b6-42c3-a74a-4ce1e21e8edb","type":"challenge","rationale":"No counterexample found in accessed primary sources. This is not proof that the conclusion is true.","step":5,"t":"2026-09-18T04:54:02.603Z"}
{"level":"info","event":"action","runId":"8073163d-c2b6-42c3-a74a-4ce1e21e8edb","type":"synthesize","rationale":"decision_critical_gaps_resolved_or_unresolvable; high-impact claims supported or qualified; contradictions handled; remaining actions low expected value","step":6,"t":"2026-09-18T04:54:02.652Z"}
{"level":"info","event":"action","runId":"a953a033-badf-4046-abbd-a6620bfbf0d3","type":"search","rationale":"Investigate an uncovered required question","step":0,"t":"2026-09-18T04:54:03.638Z"}
{"level":"info","event":"action","runId":"a953a033-badf-4046-abbd-a6620bfbf0d3","type":"fetch","rationale":"Inspect an already-known source before another generic query","step":1,"t":"2026-09-18T04:54:03.691Z"}
{"level":"info","event":"action","runId":"a953a033-badf-4046-abbd-a6620bfbf0d3","type":"fetch","rationale":"Inspect an already-known source before another generic query","step":2,"t":"2026-09-18T04:54:03.724Z"}
{"level":"info","event":"action","runId":"a953a033-badf-4046-abbd-a6620bfbf0d3","type":"fetch","rationale":"Inspect an already-known source before another generic query","step":3,"t":"2026-09-18T04:54:03.768Z"}
{"level":"info","event":"action","runId":"a953a033-badf-4046-abbd-a6620bfbf0d3","type":"fetch","rationale":"Inspect an already-known source before another generic query","step":4,"t":"2026-09-18T04:54:03.809Z"}
{"level":"info","event":"action","runId":"a953a033-badf-4046-abbd-a6620bfbf0d3","type":"fetch","rationale":"Inspect an already-known source before another generic query","step":5,"t":"2026-09-18T04:54:03.854Z"}
{"level":"info","event":"action","runId":"a953a033-badf-4046-abbd-a6620bfbf0d3","type":"challenge","rationale":"Disconfirm material conclusion: A primary source that directly contradicts this conclusion.","step":6,"t":"2026-09-18T04:54:03.899Z"}
{"level":"info","event":"action","runId":"a953a033-badf-4046-abbd-a6620bfbf0d3","type":"challenge","rationale":"No counterexample found in accessed primary sources. This is not proof that the conclusion is true.","step":7,"t":"2026-09-18T04:54:03.941Z"}
{"level":"info","event":"action","runId":"a953a033-badf-4046-abbd-a6620bfbf0d3","type":"synthesize","rationale":"decision_critical_gaps_resolved_or_unresolvable; high-impact claims supported or qualified; contradictions handled; remaining actions low expected value","step":8,"t":"2026-09-18T04:54:03.982Z"}
{"level":"info","event":"action","runId":"21fc465d-7d3b-4497-8c2d-3b1e8615c4aa","type":"challenge","rationale":"Disconfirm material conclusion: A primary source that directly contradicts this conclusion.","step":0,"t":"2026-09-18T04:54:04.964Z"}
{"level":"info","event":"action","runId":"21fc465d-7d3b-4497-8c2d-3b1e8615c4aa","type":"fetch","rationale":"Inspect an already-known source before another generic query","step":1,"t":"2026-09-18T04:54:05.009Z"}
{"level":"info","event":"action","runId":"21fc465d-7d3b-4497-8c2d-3b1e8615c4aa","type":"fetch","rationale":"Inspect an already-known source before another generic query","step":2,"t":"2026-09-18T04:54:05.034Z"}
{"level":"info","event":"action","runId":"21fc465d-7d3b-4497-8c2d-3b1e8615c4aa","type":"fetch","rationale":"Inspect an already-known source before another generic query","step":3,"t":"2026-09-18T04:54:05.061Z"}
{"level":"info","event":"action","runId":"21fc465d-7d3b-4497-8c2d-3b1e8615c4aa","type":"challenge","rationale":"No counterexample found in accessed primary sources. This is not proof that the conclusion is true.","step":4,"t":"2026-09-18T04:54:05.098Z"}
{"level":"info","event":"action","runId":"21fc465d-7d3b-4497-8c2d-3b1e8615c4aa","type":"synthesize","rationale":"decision_critical_gaps_resolved_or_unresolvable; high-impact claims supported or qualified; contradictions handled; remaining actions low expected value","step":5,"t":"2026-09-18T04:54:05.116Z"}
{"level":"info","event":"action","runId":"02ed9c01-d1b6-44d1-a7f1-4b0967a9ee9e","type":"search","rationale":"Investigate an uncovered required question","step":0,"t":"2026-09-18T04:54:05.755Z"}
{"level":"info","event":"action","runId":"02ed9c01-d1b6-44d1-a7f1-4b0967a9ee9e","type":"fetch","rationale":"Inspect an already-known source before another generic query","step":1,"t":"2026-09-18T04:54:05.780Z"}
{"level":"info","event":"action","runId":"02ed9c01-d1b6-44d1-a7f1-4b0967a9ee9e","type":"fetch","rationale":"Inspect an already-known source before another generic query","step":2,"t":"2026-09-18T04:54:05.796Z"}
{"level":"info","event":"action","runId":"02ed9c01-d1b6-44d1-a7f1-4b0967a9ee9e","type":"fetch","rationale":"Inspect an already-known source before another generic query","step":3,"t":"2026-09-18T04:54:05.810Z"}
{"level":"info","event":"action","runId":"02ed9c01-d1b6-44d1-a7f1-4b0967a9ee9e","type":"challenge","rationale":"Disconfirm material conclusion: A hard-constraint violation for a candidate currently marked eligible.","step":4,"t":"2026-09-18T04:54:05.826Z"}
{"level":"info","event":"action","runId":"02ed9c01-d1b6-44d1-a7f1-4b0967a9ee9e","type":"challenge","rationale":"No counterexample found in accessed primary sources. This is not proof that the conclusion is true.","step":5,"t":"2026-09-18T04:54:05.841Z"}
{"level":"info","event":"action","runId":"02ed9c01-d1b6-44d1-a7f1-4b0967a9ee9e","type":"synthesize","rationale":"decision_critical_gaps_resolved_or_unresolvable; high-impact claims supported or qualified; contradictions handled; remaining actions low expected value","step":6,"t":"2026-09-18T04:54:05.854Z"}
{"level":"info","event":"action","runId":"8081cb6a-3acc-47b0-acc0-f5525ce08b80","type":"search","rationale":"Investigate an uncovered required question","step":0,"t":"2026-09-18T04:54:06.429Z"}
{"level":"info","event":"action","runId":"8081cb6a-3acc-47b0-acc0-f5525ce08b80","type":"fetch","rationale":"Inspect an already-known source before another generic query","step":1,"t":"2026-09-18T04:54:06.447Z"}
{"level":"info","event":"action","runId":"8081cb6a-3acc-47b0-acc0-f5525ce08b80","type":"fetch","rationale":"Inspect an already-known source before another generic query","step":2,"t":"2026-09-18T04:54:06.460Z"}
{"level":"info","event":"action","runId":"8081cb6a-3acc-47b0-acc0-f5525ce08b80","type":"fetch","rationale":"Inspect an already-known source before another generic query","step":3,"t":"2026-09-18T04:54:06.472Z"}
{"level":"info","event":"action","runId":"8081cb6a-3acc-47b0-acc0-f5525ce08b80","type":"challenge","rationale":"Disconfirm material conclusion: A hard-constraint violation for a candidate currently marked eligible.","step":4,"t":"2026-09-18T04:54:06.485Z"}
{"level":"info","event":"action","runId":"8081cb6a-3acc-47b0-acc0-f5525ce08b80","type":"challenge","rationale":"No counterexample found in accessed primary sources. This is not proof that the conclusion is true.","step":5,"t":"2026-09-18T04:54:06.498Z"}
{"level":"info","event":"action","runId":"8081cb6a-3acc-47b0-acc0-f5525ce08b80","type":"synthesize","rationale":"decision_critical_gaps_resolved_or_unresolvable; high-impact claims supported or qualified; contradictions handled; remaining actions low expected value","step":6,"t":"2026-09-18T04:54:06.507Z"}
{"level":"info","event":"action","runId":"8940756c-1929-4878-8691-48571ba0b1bf","type":"search","rationale":"Investigate an uncovered required question","step":0,"t":"2026-09-18T04:54:06.775Z"}
{"level":"info","event":"action","runId":"8940756c-1929-4878-8691-48571ba0b1bf","type":"fetch","rationale":"Inspect an already-known source before another generic query","step":1,"t":"2026-09-18T04:54:06.791Z"}
{"level":"info","event":"action","runId":"8940756c-1929-4878-8691-48571ba0b1bf","type":"fetch","rationale":"Inspect an already-known source before another generic query","step":2,"t":"2026-09-18T04:54:06.808Z"}
{"level":"info","event":"action","runId":"8940756c-1929-4878-8691-48571ba0b1bf","type":"fetch","rationale":"Inspect an already-known source before another generic query","step":3,"t":"2026-09-18T04:54:06.830Z"}
{"level":"info","event":"action","runId":"8940756c-1929-4878-8691-48571ba0b1bf","type":"challenge","rationale":"Disconfirm material conclusion: A hard-constraint violation for a candidate currently marked eligible.","step":4,"t":"2026-09-18T04:54:06.845Z"}
{"level":"info","event":"action","runId":"8940756c-1929-4878-8691-48571ba0b1bf","type":"challenge","rationale":"Disconfirm material conclusion: A hard-constraint violation for a candidate currently marked eligible.","step":5,"t":"2026-09-18T04:54:06.861Z"}
{"level":"info","event":"action","runId":"8940756c-1929-4878-8691-48571ba0b1bf","type":"challenge","rationale":"Disconfirm material conclusion: A hard-constraint violation for a candidate currently marked eligible.","step":6,"t":"2026-09-18T04:54:06.874Z"}
{"level":"info","event":"action","runId":"8940756c-1929-4878-8691-48571ba0b1bf","type":"challenge","rationale":"Disconfirm material conclusion: A hard-constraint violation for a candidate currently marked eligible.","step":7,"t":"2026-09-18T04:54:06.888Z"}
{"level":"info","event":"action","runId":"8940756c-1929-4878-8691-48571ba0b1bf","type":"challenge","rationale":"Disconfirm material conclusion: A hard-constraint violation for a candidate currently marked eligible.","step":8,"t":"2026-09-18T04:54:06.902Z"}
{"level":"info","event":"action","runId":"8940756c-1929-4878-8691-48571ba0b1bf","type":"challenge","rationale":"Disconfirm material conclusion: A hard-constraint violation for a candidate currently marked eligible.","step":9,"t":"2026-09-18T04:54:06.916Z"}
{"level":"info","event":"action","runId":"8940756c-1929-4878-8691-48571ba0b1bf","type":"challenge","rationale":"Disconfirm material conclusion: A hard-constraint violation for a candidate currently marked eligible.","step":10,"t":"2026-09-18T04:54:06.928Z"}
{"level":"info","event":"action","runId":"8940756c-1929-4878-8691-48571ba0b1bf","type":"challenge","rationale":"No counterexample found in accessed primary sources. This is not proof that the conclusion is true.","step":11,"t":"2026-09-18T04:54:06.943Z"}
{"level":"info","event":"action","runId":"8940756c-1929-4878-8691-48571ba0b1bf","type":"stop","rationale":"Repeated searches returned no novel source family or coverage progress","step":12,"t":"2026-09-18T04:54:06.954Z"}
{"level":"info","event":"action","runId":"eb7dd763-f11f-45ec-bb66-7a38bc173ac7","type":"search","rationale":"Investigate an uncovered required question","step":0,"t":"2026-09-18T04:54:07.508Z"}
{"level":"info","event":"action","runId":"eb7dd763-f11f-45ec-bb66-7a38bc173ac7","type":"fetch","rationale":"Inspect an already-known source before another generic query","step":1,"t":"2026-09-18T04:54:07.525Z"}
{"level":"info","event":"action","runId":"eb7dd763-f11f-45ec-bb66-7a38bc173ac7","type":"fetch","rationale":"Inspect an already-known source before another generic query","step":2,"t":"2026-09-18T04:54:07.538Z"}
{"level":"info","event":"action","runId":"eb7dd763-f11f-45ec-bb66-7a38bc173ac7","type":"fetch","rationale":"Inspect an already-known source before another generic query","step":3,"t":"2026-09-18T04:54:07.550Z"}
{"level":"info","event":"action","runId":"eb7dd763-f11f-45ec-bb66-7a38bc173ac7","type":"challenge","rationale":"Disconfirm material conclusion: A hard-constraint violation for a candidate currently marked eligible.","step":4,"t":"2026-09-18T04:54:07.563Z"}
{"level":"info","event":"action","runId":"eb7dd763-f11f-45ec-bb66-7a38bc173ac7","type":"challenge","rationale":"No counterexample found in accessed primary sources. This is not proof that the conclusion is true.","step":5,"t":"2026-09-18T04:54:07.575Z"}
{"level":"info","event":"action","runId":"eb7dd763-f11f-45ec-bb66-7a38bc173ac7","type":"synthesize","rationale":"decision_critical_gaps_resolved_or_unresolvable; high-impact claims supported or qualified; contradictions handled; remaining actions low expected value","step":6,"t":"2026-09-18T04:54:07.585Z"}
{"level":"info","event":"action","runId":"b72c20b3-4c7f-4358-8156-f78fbd950034","type":"search","rationale":"Investigate an uncovered required question","step":0,"t":"2026-09-18T04:54:07.859Z"}
{"level":"info","event":"action","runId":"b72c20b3-4c7f-4358-8156-f78fbd950034","type":"fetch","rationale":"Inspect an already-known source before another generic query","step":1,"t":"2026-09-18T04:54:07.873Z"}
{"level":"info","event":"action","runId":"b72c20b3-4c7f-4358-8156-f78fbd950034","type":"fetch","rationale":"Inspect an already-known source before another generic query","step":2,"t":"2026-09-18T04:54:07.885Z"}
{"level":"info","event":"action","runId":"b72c20b3-4c7f-4358-8156-f78fbd950034","type":"fetch","rationale":"Inspect an already-known source before another generic query","step":3,"t":"2026-09-18T04:54:07.897Z"}
{"level":"info","event":"action","runId":"b72c20b3-4c7f-4358-8156-f78fbd950034","type":"challenge","rationale":"Disconfirm material conclusion: A hard-constraint violation for a candidate currently marked eligible.","step":4,"t":"2026-09-18T04:54:07.909Z"}
{"level":"info","event":"action","runId":"b72c20b3-4c7f-4358-8156-f78fbd950034","type":"challenge","rationale":"Disconfirm material conclusion: A hard-constraint violation for a candidate currently marked eligible.","step":5,"t":"2026-09-18T04:54:07.921Z"}
{"level":"info","event":"action","runId":"b72c20b3-4c7f-4358-8156-f78fbd950034","type":"challenge","rationale":"Disconfirm material conclusion: A hard-constraint violation for a candidate currently marked eligible.","step":6,"t":"2026-09-18T04:54:07.933Z"}
{"level":"info","event":"action","runId":"b72c20b3-4c7f-4358-8156-f78fbd950034","type":"challenge","rationale":"Disconfirm material conclusion: A hard-constraint violation for a candidate currently marked eligible.","step":7,"t":"2026-09-18T04:54:07.945Z"}
{"level":"info","event":"action","runId":"b72c20b3-4c7f-4358-8156-f78fbd950034","type":"challenge","rationale":"Disconfirm material conclusion: A hard-constraint violation for a candidate currently marked eligible.","step":8,"t":"2026-09-18T04:54:07.958Z"}
{"level":"info","event":"action","runId":"b72c20b3-4c7f-4358-8156-f78fbd950034","type":"challenge","rationale":"Disconfirm material conclusion: A hard-constraint violation for a candidate currently marked eligible.","step":9,"t":"2026-09-18T04:54:07.970Z"}
{"level":"info","event":"action","runId":"b72c20b3-4c7f-4358-8156-f78fbd950034","type":"challenge","rationale":"Disconfirm material conclusion: A hard-constraint violation for a candidate currently marked eligible.","step":10,"t":"2026-09-18T04:54:07.984Z"}
{"level":"info","event":"action","runId":"b72c20b3-4c7f-4358-8156-f78fbd950034","type":"challenge","rationale":"No counterexample found in accessed primary sources. This is not proof that the conclusion is true.","step":11,"t":"2026-09-18T04:54:07.995Z"}
{"level":"info","event":"action","runId":"b72c20b3-4c7f-4358-8156-f78fbd950034","type":"stop","rationale":"Repeated searches returned no novel source family or coverage progress","step":12,"t":"2026-09-18T04:54:08.005Z"}
{"level":"info","event":"action","runId":"ee79fa9a-6278-4296-bcc1-155da237de52","type":"challenge","rationale":"Disconfirm material conclusion: A primary source that directly contradicts this conclusion.","step":0,"t":"2026-09-18T04:54:08.587Z"}
{"level":"info","event":"action","runId":"ee79fa9a-6278-4296-bcc1-155da237de52","type":"fetch","rationale":"Inspect an already-known source before another generic query","step":1,"t":"2026-09-18T04:54:08.609Z"}
{"level":"info","event":"action","runId":"ee79fa9a-6278-4296-bcc1-155da237de52","type":"fetch","rationale":"Inspect an already-known source before another generic query","step":2,"t":"2026-09-18T04:54:08.625Z"}
{"level":"info","event":"action","runId":"ee79fa9a-6278-4296-bcc1-155da237de52","type":"fetch","rationale":"Inspect an already-known source before another generic query","step":3,"t":"2026-09-18T04:54:08.638Z"}
{"level":"info","event":"action","runId":"ee79fa9a-6278-4296-bcc1-155da237de52","type":"challenge","rationale":"No counterexample found in accessed primary sources. This is not proof that the conclusion is true.","step":4,"t":"2026-09-18T04:54:08.655Z"}
{"level":"info","event":"action","runId":"ee79fa9a-6278-4296-bcc1-155da237de52","type":"synthesize","rationale":"decision_critical_gaps_resolved_or_unresolvable; high-impact claims supported or qualified; contradictions handled; remaining actions low expected value","step":5,"t":"2026-09-18T04:54:08.667Z"}
{"level":"info","event":"action","runId":"8330b0e0-87d8-4ffd-986d-e9ea4167a8cd","type":"search","rationale":"Investigate an uncovered required question","step":0,"t":"2026-09-18T04:54:09.252Z"}
{"level":"info","event":"action","runId":"8330b0e0-87d8-4ffd-986d-e9ea4167a8cd","type":"fetch","rationale":"Inspect an already-known source before another generic query","step":1,"t":"2026-09-18T04:54:09.272Z"}
{"level":"info","event":"action","runId":"8330b0e0-87d8-4ffd-986d-e9ea4167a8cd","type":"fetch","rationale":"Inspect an already-known source before another generic query","step":2,"t":"2026-09-18T04:54:09.284Z"}
{"level":"info","event":"action","runId":"8330b0e0-87d8-4ffd-986d-e9ea4167a8cd","type":"fetch","rationale":"Inspect an already-known source before another generic query","step":3,"t":"2026-09-18T04:54:09.298Z"}
{"level":"info","event":"action","runId":"8330b0e0-87d8-4ffd-986d-e9ea4167a8cd","type":"challenge","rationale":"Disconfirm material conclusion: A primary source that directly contradicts this conclusion.","step":4,"t":"2026-09-18T04:54:09.314Z"}
{"level":"info","event":"action","runId":"8330b0e0-87d8-4ffd-986d-e9ea4167a8cd","type":"challenge","rationale":"No counterexample found in accessed primary sources. This is not proof that the conclusion is true.","step":5,"t":"2026-09-18T04:54:09.326Z"}
{"level":"info","event":"action","runId":"8330b0e0-87d8-4ffd-986d-e9ea4167a8cd","type":"synthesize","rationale":"decision_critical_gaps_resolved_or_unresolvable; high-impact claims supported or qualified; contradictions handled; remaining actions low expected value","step":6,"t":"2026-09-18T04:54:09.336Z"}
{"level":"info","event":"action","runId":"50af5df7-2144-407e-8265-5c1a120db533","type":"search","rationale":"Investigate an uncovered required question","step":0,"t":"2026-09-18T04:54:09.903Z"}
{"level":"info","event":"action","runId":"50af5df7-2144-407e-8265-5c1a120db533","type":"fetch","rationale":"Inspect an already-known source before another generic query","step":1,"t":"2026-09-18T04:54:09.925Z"}
{"level":"info","event":"action","runId":"50af5df7-2144-407e-8265-5c1a120db533","type":"fetch","rationale":"Inspect an already-known source before another generic query","step":2,"t":"2026-09-18T04:54:09.939Z"}
{"level":"info","event":"action","runId":"50af5df7-2144-407e-8265-5c1a120db533","type":"fetch","rationale":"Inspect an already-known source before another generic query","step":3,"t":"2026-09-18T04:54:09.955Z"}
{"level":"info","event":"action","runId":"50af5df7-2144-407e-8265-5c1a120db533","type":"fetch","rationale":"Inspect an already-known source before another generic query","step":4,"t":"2026-09-18T04:54:09.969Z"}
{"level":"info","event":"action","runId":"50af5df7-2144-407e-8265-5c1a120db533","type":"fetch","rationale":"Inspect an already-known source before another generic query","step":5,"t":"2026-09-18T04:54:09.985Z"}
{"level":"info","event":"action","runId":"50af5df7-2144-407e-8265-5c1a120db533","type":"challenge","rationale":"Disconfirm material conclusion: A primary source that directly contradicts this conclusion.","step":6,"t":"2026-09-18T04:54:10.002Z"}
{"level":"info","event":"action","runId":"50af5df7-2144-407e-8265-5c1a120db533","type":"challenge","rationale":"No counterexample found in accessed primary sources. This is not proof that the conclusion is true.","step":7,"t":"2026-09-18T04:54:10.021Z"}
{"level":"info","event":"action","runId":"50af5df7-2144-407e-8265-5c1a120db533","type":"synthesize","rationale":"decision_critical_gaps_resolved_or_unresolvable; high-impact claims supported or qualified; contradictions handled; remaining actions low expected value","step":8,"t":"2026-09-18T04:54:10.033Z"}
{"level":"info","event":"action","runId":"ab37ffd9-0120-4636-afe9-933a8ede4b89","type":"search","rationale":"Investigate an uncovered required question","step":0,"t":"2026-09-18T04:54:10.710Z"}
{"level":"info","event":"action","runId":"ab37ffd9-0120-4636-afe9-933a8ede4b89","type":"fetch","rationale":"Inspect an already-known source before another generic query","step":1,"t":"2026-09-18T04:54:10.760Z"}
{"level":"info","event":"action","runId":"ab37ffd9-0120-4636-afe9-933a8ede4b89","type":"fetch","rationale":"Inspect an already-known source before another generic query","step":2,"t":"2026-09-18T04:54:10.785Z"}
{"level":"info","event":"action","runId":"ab37ffd9-0120-4636-afe9-933a8ede4b89","type":"fetch","rationale":"Inspect an already-known source before another generic query","step":3,"t":"2026-09-18T04:54:10.818Z"}
{"level":"info","event":"action","runId":"ab37ffd9-0120-4636-afe9-933a8ede4b89","type":"challenge","rationale":"Disconfirm material conclusion: A primary source that directly contradicts this conclusion.","step":4,"t":"2026-09-18T04:54:10.852Z"}
{"level":"info","event":"action","runId":"ab37ffd9-0120-4636-afe9-933a8ede4b89","type":"challenge","rationale":"No counterexample found in accessed primary sources. This is not proof that the conclusion is true.","step":5,"t":"2026-09-18T04:54:10.888Z"}
{"level":"info","event":"action","runId":"ab37ffd9-0120-4636-afe9-933a8ede4b89","type":"synthesize","rationale":"decision_critical_gaps_resolved_or_unresolvable; high-impact claims supported or qualified; contradictions handled; remaining actions low expected value","step":6,"t":"2026-09-18T04:54:10.919Z"}
{"level":"info","event":"action","runId":"6755d69a-f80b-4c12-a296-d78aa5b9a6b5","type":"search","rationale":"Investigate an uncovered required question","step":0,"t":"2026-09-18T04:54:12.006Z"}
{"level":"info","event":"action","runId":"6755d69a-f80b-4c12-a296-d78aa5b9a6b5","type":"fetch","rationale":"Inspect an already-known source before another generic query","step":1,"t":"2026-09-18T04:54:12.048Z"}
{"level":"info","event":"action","runId":"6755d69a-f80b-4c12-a296-d78aa5b9a6b5","type":"fetch","rationale":"Inspect an already-known source before another generic query","step":2,"t":"2026-09-18T04:54:12.077Z"}
{"level":"info","event":"action","runId":"6755d69a-f80b-4c12-a296-d78aa5b9a6b5","type":"fetch","rationale":"Inspect an already-known source before another generic query","step":3,"t":"2026-09-18T04:54:12.100Z"}
{"level":"info","event":"action","runId":"6755d69a-f80b-4c12-a296-d78aa5b9a6b5","type":"fetch","rationale":"Inspect an already-known source before another generic query","step":4,"t":"2026-09-18T04:54:12.125Z"}
{"level":"info","event":"action","runId":"6755d69a-f80b-4c12-a296-d78aa5b9a6b5","type":"fetch","rationale":"Inspect an already-known source before another generic query","step":5,"t":"2026-09-18T04:54:12.148Z"}
{"level":"info","event":"action","runId":"6755d69a-f80b-4c12-a296-d78aa5b9a6b5","type":"challenge","rationale":"Disconfirm material conclusion: A primary source that directly contradicts this conclusion.","step":6,"t":"2026-09-18T04:54:12.172Z"}
{"level":"info","event":"action","runId":"6755d69a-f80b-4c12-a296-d78aa5b9a6b5","type":"challenge","rationale":"No counterexample found in accessed primary sources. This is not proof that the conclusion is true.","step":7,"t":"2026-09-18T04:54:12.197Z"}
{"level":"info","event":"action","runId":"6755d69a-f80b-4c12-a296-d78aa5b9a6b5","type":"synthesize","rationale":"decision_critical_gaps_resolved_or_unresolvable; high-impact claims supported or qualified; contradictions handled; remaining actions low expected value","step":8,"t":"2026-09-18T04:54:12.214Z"}
{"level":"info","event":"action","runId":"ab1aec23-1b23-465c-8865-93df83328b17","type":"search","rationale":"Investigate an uncovered required question","step":0,"t":"2026-09-18T04:54:13.542Z"}
{"level":"info","event":"action","runId":"ab1aec23-1b23-465c-8865-93df83328b17","type":"fetch","rationale":"Inspect an already-known source before another generic query","step":1,"t":"2026-09-18T04:54:13.597Z"}
{"level":"info","event":"action","runId":"ab1aec23-1b23-465c-8865-93df83328b17","type":"fetch","rationale":"Inspect an already-known source before another generic query","step":2,"t":"2026-09-18T04:54:13.625Z"}
{"level":"info","event":"action","runId":"ab1aec23-1b23-465c-8865-93df83328b17","type":"fetch","rationale":"Inspect an already-known source before another generic query","step":3,"t":"2026-09-18T04:54:13.663Z"}
{"level":"info","event":"action","runId":"ab1aec23-1b23-465c-8865-93df83328b17","type":"fetch","rationale":"Inspect an already-known source before another generic query","step":4,"t":"2026-09-18T04:54:13.707Z"}
{"level":"info","event":"action","runId":"ab1aec23-1b23-465c-8865-93df83328b17","type":"fetch","rationale":"Inspect an already-known source before another generic query","step":5,"t":"2026-09-18T04:54:13.743Z"}
{"level":"info","event":"action","runId":"ab1aec23-1b23-465c-8865-93df83328b17","type":"challenge","rationale":"Disconfirm material conclusion: A primary source that directly contradicts this conclusion.","step":6,"t":"2026-09-18T04:54:13.782Z"}
{"level":"info","event":"action","runId":"ab1aec23-1b23-465c-8865-93df83328b17","type":"challenge","rationale":"No counterexample found in accessed primary sources. This is not proof that the conclusion is true.","step":7,"t":"2026-09-18T04:54:13.820Z"}
{"level":"info","event":"action","runId":"ab1aec23-1b23-465c-8865-93df83328b17","type":"synthesize","rationale":"decision_critical_gaps_resolved_or_unresolvable; high-impact claims supported or qualified; contradictions handled; remaining actions low expected value","step":8,"t":"2026-09-18T04:54:13.851Z"}
{"level":"info","event":"action","runId":"2faccc86-3554-4eb1-a0b1-ca0c59da4664","type":"search","rationale":"Investigate an uncovered required question","step":0,"t":"2026-09-18T04:54:14.758Z"}
{"level":"info","event":"action","runId":"2faccc86-3554-4eb1-a0b1-ca0c59da4664","type":"fetch","rationale":"Inspect an already-known source before another generic query","step":1,"t":"2026-09-18T04:54:14.811Z"}
{"level":"info","event":"action","runId":"2faccc86-3554-4eb1-a0b1-ca0c59da4664","type":"fetch","rationale":"Inspect an already-known source before another generic query","step":2,"t":"2026-09-18T04:54:14.841Z"}
{"level":"info","event":"action","runId":"2faccc86-3554-4eb1-a0b1-ca0c59da4664","type":"fetch","rationale":"Inspect an already-known source before another generic query","step":3,"t":"2026-09-18T04:54:14.876Z"}
{"level":"info","event":"action","runId":"2faccc86-3554-4eb1-a0b1-ca0c59da4664","type":"fetch","rationale":"Inspect an already-known source before another generic query","step":4,"t":"2026-09-18T04:54:14.901Z"}
{"level":"info","event":"action","runId":"2faccc86-3554-4eb1-a0b1-ca0c59da4664","type":"fetch","rationale":"Inspect an already-known source before another generic query","step":5,"t":"2026-09-18T04:54:14.935Z"}
{"level":"info","event":"action","runId":"2faccc86-3554-4eb1-a0b1-ca0c59da4664","type":"challenge","rationale":"Disconfirm material conclusion: A primary source that directly contradicts this conclusion.","step":6,"t":"2026-09-18T04:54:14.963Z"}
{"level":"info","event":"action","runId":"2faccc86-3554-4eb1-a0b1-ca0c59da4664","type":"challenge","rationale":"No counterexample found in accessed primary sources. This is not proof that the conclusion is true.","step":7,"t":"2026-09-18T04:54:14.997Z"}
{"level":"info","event":"action","runId":"2faccc86-3554-4eb1-a0b1-ca0c59da4664","type":"synthesize","rationale":"decision_critical_gaps_resolved_or_unresolvable; high-impact claims supported or qualified; contradictions handled; remaining actions low expected value","step":8,"t":"2026-09-18T04:54:15.019Z"}
{"level":"info","event":"action","runId":"89d9cbac-43d4-42a7-a0b8-436b86aa336e","type":"search","rationale":"Investigate an uncovered required question","step":0,"t":"2026-09-18T04:54:15.864Z"}
{"level":"info","event":"action","runId":"89d9cbac-43d4-42a7-a0b8-436b86aa336e","type":"fetch","rationale":"Inspect an already-known source before another generic query","step":1,"t":"2026-09-18T04:54:15.915Z"}
{"level":"info","event":"action","runId":"89d9cbac-43d4-42a7-a0b8-436b86aa336e","type":"fetch","rationale":"Inspect an already-known source before another generic query","step":2,"t":"2026-09-18T04:54:15.943Z"}
{"level":"info","event":"action","runId":"89d9cbac-43d4-42a7-a0b8-436b86aa336e","type":"fetch","rationale":"Inspect an already-known source before another generic query","step":3,"t":"2026-09-18T04:54:15.967Z"}
{"level":"info","event":"action","runId":"89d9cbac-43d4-42a7-a0b8-436b86aa336e","type":"fetch","rationale":"Inspect an already-known source before another generic query","step":4,"t":"2026-09-18T04:54:16.002Z"}
{"level":"info","event":"action","runId":"89d9cbac-43d4-42a7-a0b8-436b86aa336e","type":"fetch","rationale":"Inspect an already-known source before another generic query","step":5,"t":"2026-09-18T04:54:16.036Z"}
{"level":"info","event":"action","runId":"89d9cbac-43d4-42a7-a0b8-436b86aa336e","type":"challenge","rationale":"Disconfirm material conclusion: A primary source that directly contradicts this conclusion.","step":6,"t":"2026-09-18T04:54:16.077Z"}
{"level":"info","event":"action","runId":"89d9cbac-43d4-42a7-a0b8-436b86aa336e","type":"challenge","rationale":"No counterexample found in accessed primary sources. This is not proof that the conclusion is true.","step":7,"t":"2026-09-18T04:54:16.116Z"}
{"level":"info","event":"action","runId":"89d9cbac-43d4-42a7-a0b8-436b86aa336e","type":"synthesize","rationale":"decision_critical_gaps_resolved_or_unresolvable; high-impact claims supported or qualified; contradictions handled; remaining actions low expected value","step":8,"t":"2026-09-18T04:54:16.140Z"}
{"level":"info","event":"action","runId":"8ab51c57-9688-4af8-ae9d-5e3889daf84f","type":"search","rationale":"Investigate an uncovered required question","step":0,"t":"2026-09-18T04:54:18.060Z"}
{"level":"info","event":"action","runId":"8ab51c57-9688-4af8-ae9d-5e3889daf84f","type":"fetch","rationale":"Inspect an already-known source before another generic query","step":1,"t":"2026-09-18T04:54:18.102Z"}
{"level":"info","event":"action","runId":"8ab51c57-9688-4af8-ae9d-5e3889daf84f","type":"fetch","rationale":"Inspect an already-known source before another generic query","step":2,"t":"2026-09-18T04:54:18.121Z"}
{"level":"info","event":"action","runId":"8ab51c57-9688-4af8-ae9d-5e3889daf84f","type":"fetch","rationale":"Inspect an already-known source before another generic query","step":3,"t":"2026-09-18T04:54:18.139Z"}
{"level":"info","event":"action","runId":"8ab51c57-9688-4af8-ae9d-5e3889daf84f","type":"fetch","rationale":"Inspect an already-known source before another generic query","step":4,"t":"2026-09-18T04:54:18.159Z"}
{"level":"info","event":"action","runId":"8ab51c57-9688-4af8-ae9d-5e3889daf84f","type":"fetch","rationale":"Inspect an already-known source before another generic query","step":5,"t":"2026-09-18T04:54:18.178Z"}
{"level":"info","event":"action","runId":"8ab51c57-9688-4af8-ae9d-5e3889daf84f","type":"challenge","rationale":"Disconfirm material conclusion: A primary source that directly contradicts this conclusion.","step":6,"t":"2026-09-18T04:54:18.196Z"}
{"level":"info","event":"action","runId":"8ab51c57-9688-4af8-ae9d-5e3889daf84f","type":"challenge","rationale":"No counterexample found in accessed primary sources. This is not proof that the conclusion is true.","step":7,"t":"2026-09-18T04:54:18.214Z"}
{"level":"info","event":"action","runId":"8ab51c57-9688-4af8-ae9d-5e3889daf84f","type":"synthesize","rationale":"decision_critical_gaps_resolved_or_unresolvable; high-impact claims supported or qualified; contradictions handled; remaining actions low expected value","step":8,"t":"2026-09-18T04:54:18.231Z"}
{"level":"info","event":"action","runId":"07eba947-2cef-4d25-bb1b-0d4d26412aa9","type":"search","rationale":"Investigate an uncovered required question","step":0,"t":"2026-09-18T04:54:19.507Z"}
{"level":"info","event":"action","runId":"07eba947-2cef-4d25-bb1b-0d4d26412aa9","type":"fetch","rationale":"Inspect an already-known source before another generic query","step":1,"t":"2026-09-18T04:54:19.526Z"}
{"level":"info","event":"action","runId":"07eba947-2cef-4d25-bb1b-0d4d26412aa9","type":"fetch","rationale":"Inspect an already-known source before another generic query","step":2,"t":"2026-09-18T04:54:19.539Z"}
{"level":"info","event":"action","runId":"07eba947-2cef-4d25-bb1b-0d4d26412aa9","type":"fetch","rationale":"Inspect an already-known source before another generic query","step":3,"t":"2026-09-18T04:54:19.551Z"}
{"level":"info","event":"action","runId":"07eba947-2cef-4d25-bb1b-0d4d26412aa9","type":"fetch","rationale":"Inspect an already-known source before another generic query","step":4,"t":"2026-09-18T04:54:19.563Z"}
{"level":"info","event":"action","runId":"07eba947-2cef-4d25-bb1b-0d4d26412aa9","type":"fetch","rationale":"Inspect an already-known source before another generic query","step":5,"t":"2026-09-18T04:54:19.575Z"}
{"level":"info","event":"action","runId":"07eba947-2cef-4d25-bb1b-0d4d26412aa9","type":"challenge","rationale":"Disconfirm material conclusion: A primary source that directly contradicts this conclusion.","step":6,"t":"2026-09-18T04:54:19.587Z"}
{"level":"info","event":"action","runId":"07eba947-2cef-4d25-bb1b-0d4d26412aa9","type":"challenge","rationale":"No counterexample found in accessed primary sources. This is not proof that the conclusion is true.","step":7,"t":"2026-09-18T04:54:19.599Z"}
{"level":"info","event":"action","runId":"07eba947-2cef-4d25-bb1b-0d4d26412aa9","type":"synthesize","rationale":"decision_critical_gaps_resolved_or_unresolvable; high-impact claims supported or qualified; contradictions handled; remaining actions low expected value","step":8,"t":"2026-09-18T04:54:19.608Z"}
{"level":"info","event":"action","runId":"1eeaca48-09ce-4016-b419-4b98b648cd1c","type":"search","rationale":"Investigate an uncovered required question","step":0,"t":"2026-09-18T04:54:20.154Z"}
{"level":"info","event":"action","runId":"1eeaca48-09ce-4016-b419-4b98b648cd1c","type":"fetch","rationale":"Inspect an already-known source before another generic query","step":1,"t":"2026-09-18T04:54:20.174Z"}
{"level":"info","event":"action","runId":"1eeaca48-09ce-4016-b419-4b98b648cd1c","type":"fetch","rationale":"Inspect an already-known source before another generic query","step":2,"t":"2026-09-18T04:54:20.185Z"}
{"level":"info","event":"action","runId":"1eeaca48-09ce-4016-b419-4b98b648cd1c","type":"fetch","rationale":"Inspect an already-known source before another generic query","step":3,"t":"2026-09-18T04:54:20.196Z"}
{"level":"info","event":"action","runId":"1eeaca48-09ce-4016-b419-4b98b648cd1c","type":"fetch","rationale":"Inspect an already-known source before another generic query","step":4,"t":"2026-09-18T04:54:20.209Z"}
{"level":"info","event":"action","runId":"1eeaca48-09ce-4016-b419-4b98b648cd1c","type":"fetch","rationale":"Inspect an already-known source before another generic query","step":5,"t":"2026-09-18T04:54:20.222Z"}
{"level":"info","event":"action","runId":"1eeaca48-09ce-4016-b419-4b98b648cd1c","type":"challenge","rationale":"Disconfirm material conclusion: A primary source that directly contradicts this conclusion.","step":6,"t":"2026-09-18T04:54:20.234Z"}
{"level":"info","event":"action","runId":"1eeaca48-09ce-4016-b419-4b98b648cd1c","type":"challenge","rationale":"No counterexample found in accessed primary sources. This is not proof that the conclusion is true.","step":7,"t":"2026-09-18T04:54:20.248Z"}
{"level":"info","event":"action","runId":"1eeaca48-09ce-4016-b419-4b98b648cd1c","type":"synthesize","rationale":"decision_critical_gaps_resolved_or_unresolvable; high-impact claims supported or qualified; contradictions handled; remaining actions low expected value","step":8,"t":"2026-09-18T04:54:20.257Z"}
{"level":"info","event":"action","runId":"cd577e51-1a70-49b1-8d7b-198e76f59b8a","type":"search","rationale":"Investigate an uncovered required question","step":0,"t":"2026-09-18T04:54:20.803Z"}
{"level":"info","event":"action","runId":"cd577e51-1a70-49b1-8d7b-198e76f59b8a","type":"fetch","rationale":"Inspect an already-known source before another generic query","step":1,"t":"2026-09-18T04:54:20.818Z"}
{"level":"info","event":"action","runId":"cd577e51-1a70-49b1-8d7b-198e76f59b8a","type":"challenge","rationale":"Disconfirm material conclusion: A primary source that directly contradicts this conclusion.","step":2,"t":"2026-09-18T04:54:20.830Z"}
{"level":"info","event":"action","runId":"cd577e51-1a70-49b1-8d7b-198e76f59b8a","type":"challenge","rationale":"No counterexample found in accessed primary sources. This is not proof that the conclusion is true.","step":3,"t":"2026-09-18T04:54:20.843Z"}
{"level":"info","event":"action","runId":"cd577e51-1a70-49b1-8d7b-198e76f59b8a","type":"synthesize","rationale":"decision_critical_gaps_resolved_or_unresolvable; high-impact claims supported or qualified; contradictions handled; remaining actions low expected value","step":4,"t":"2026-09-18T04:54:20.853Z"}
{"level":"info","event":"action","runId":"e50596bb-993d-44a5-8996-d81f0d2795e5","type":"search","rationale":"Investigate an uncovered required question","step":0,"t":"2026-09-18T04:54:21.394Z"}
{"level":"info","event":"action","runId":"e50596bb-993d-44a5-8996-d81f0d2795e5","type":"fetch","rationale":"Inspect an already-known source before another generic query","step":1,"t":"2026-09-18T04:54:21.414Z"}
{"level":"info","event":"action","runId":"e50596bb-993d-44a5-8996-d81f0d2795e5","type":"fetch","rationale":"Inspect an already-known source before another generic query","step":2,"t":"2026-09-18T04:54:21.427Z"}
{"level":"info","event":"action","runId":"e50596bb-993d-44a5-8996-d81f0d2795e5","type":"fetch","rationale":"Inspect an already-known source before another generic query","step":3,"t":"2026-09-18T04:54:21.439Z"}
{"level":"info","event":"action","runId":"e50596bb-993d-44a5-8996-d81f0d2795e5","type":"challenge","rationale":"Disconfirm material conclusion: A primary source that directly contradicts this conclusion.","step":4,"t":"2026-09-18T04:54:21.455Z"}
{"level":"info","event":"action","runId":"e50596bb-993d-44a5-8996-d81f0d2795e5","type":"challenge","rationale":"No counterexample found in accessed primary sources. This is not proof that the conclusion is true.","step":5,"t":"2026-09-18T04:54:21.467Z"}
{"level":"info","event":"action","runId":"e50596bb-993d-44a5-8996-d81f0d2795e5","type":"synthesize","rationale":"decision_critical_gaps_resolved_or_unresolvable; high-impact claims supported or qualified; contradictions handled; remaining actions low expected value","step":6,"t":"2026-09-18T04:54:21.477Z"}
{"level":"info","event":"action","runId":"438f94d5-4bd4-4bf6-ba96-54aa61cb0629","type":"search","rationale":"Investigate an uncovered required question","step":0,"t":"2026-09-18T04:54:22.035Z"}
{"level":"info","event":"action","runId":"438f94d5-4bd4-4bf6-ba96-54aa61cb0629","type":"fetch","rationale":"Inspect an already-known source before another generic query","step":1,"t":"2026-09-18T04:54:22.057Z"}
{"level":"info","event":"action","runId":"438f94d5-4bd4-4bf6-ba96-54aa61cb0629","type":"fetch","rationale":"Inspect an already-known source before another generic query","step":2,"t":"2026-09-18T04:54:22.070Z"}
{"level":"info","event":"action","runId":"438f94d5-4bd4-4bf6-ba96-54aa61cb0629","type":"fetch","rationale":"Inspect an already-known source before another generic query","step":3,"t":"2026-09-18T04:54:22.083Z"}
{"level":"info","event":"action","runId":"438f94d5-4bd4-4bf6-ba96-54aa61cb0629","type":"challenge","rationale":"Disconfirm material conclusion: A primary source that directly contradicts this conclusion.","step":4,"t":"2026-09-18T04:54:22.101Z"}
{"level":"info","event":"action","runId":"438f94d5-4bd4-4bf6-ba96-54aa61cb0629","type":"challenge","rationale":"No counterexample found in accessed primary sources. This is not proof that the conclusion is true.","step":5,"t":"2026-09-18T04:54:22.115Z"}
{"level":"info","event":"action","runId":"438f94d5-4bd4-4bf6-ba96-54aa61cb0629","type":"synthesize","rationale":"decision_critical_gaps_resolved_or_unresolvable; high-impact claims supported or qualified; contradictions handled; remaining actions low expected value","step":6,"t":"2026-09-18T04:54:22.126Z"}
{"level":"info","event":"action","runId":"babc18ba-cf0f-4aed-8a14-a129034ff172","type":"search","rationale":"Investigate an uncovered required question","step":0,"t":"2026-09-18T04:54:22.678Z"}
{"level":"info","event":"action","runId":"babc18ba-cf0f-4aed-8a14-a129034ff172","type":"fetch","rationale":"Inspect an already-known source before another generic query","step":1,"t":"2026-09-18T04:54:22.697Z"}
{"level":"info","event":"action","runId":"babc18ba-cf0f-4aed-8a14-a129034ff172","type":"fetch","rationale":"Inspect an already-known source before another generic query","step":2,"t":"2026-09-18T04:54:22.710Z"}
{"level":"info","event":"action","runId":"babc18ba-cf0f-4aed-8a14-a129034ff172","type":"fetch","rationale":"Inspect an already-known source before another generic query","step":3,"t":"2026-09-18T04:54:22.722Z"}
{"level":"info","event":"action","runId":"babc18ba-cf0f-4aed-8a14-a129034ff172","type":"fetch","rationale":"Inspect an already-known source before another generic query","step":4,"t":"2026-09-18T04:54:22.733Z"}
{"level":"info","event":"action","runId":"babc18ba-cf0f-4aed-8a14-a129034ff172","type":"fetch","rationale":"Inspect an already-known source before another generic query","step":5,"t":"2026-09-18T04:54:22.745Z"}
{"level":"info","event":"action","runId":"babc18ba-cf0f-4aed-8a14-a129034ff172","type":"challenge","rationale":"Disconfirm material conclusion: A primary source that directly contradicts this conclusion.","step":6,"t":"2026-09-18T04:54:22.757Z"}
{"level":"info","event":"action","runId":"babc18ba-cf0f-4aed-8a14-a129034ff172","type":"challenge","rationale":"No counterexample found in accessed primary sources. This is not proof that the conclusion is true.","step":7,"t":"2026-09-18T04:54:22.770Z"}
{"level":"info","event":"action","runId":"babc18ba-cf0f-4aed-8a14-a129034ff172","type":"synthesize","rationale":"decision_critical_gaps_resolved_or_unresolvable; high-impact claims supported or qualified; contradictions handled; remaining actions low expected value","step":8,"t":"2026-09-18T04:54:22.780Z"}
{"level":"info","event":"action","runId":"c43fde45-d837-48a8-9fad-aecd993df50a","type":"search","rationale":"Investigate an uncovered required question","step":0,"t":"2026-09-18T04:54:23.029Z"}
{"level":"info","event":"action","runId":"c43fde45-d837-48a8-9fad-aecd993df50a","type":"fetch","rationale":"Inspect an already-known source before another generic query","step":1,"t":"2026-09-18T04:54:23.046Z"}
{"level":"info","event":"action","runId":"c43fde45-d837-48a8-9fad-aecd993df50a","type":"fetch","rationale":"Inspect an already-known source before another generic query","step":2,"t":"2026-09-18T04:54:23.057Z"}
{"level":"info","event":"action","runId":"c43fde45-d837-48a8-9fad-aecd993df50a","type":"fetch","rationale":"Inspect an already-known source before another generic query","step":3,"t":"2026-09-18T04:54:23.069Z"}
{"level":"info","event":"action","runId":"c43fde45-d837-48a8-9fad-aecd993df50a","type":"fetch","rationale":"Inspect an already-known source before another generic query","step":4,"t":"2026-09-18T04:54:23.081Z"}
{"level":"info","event":"action","runId":"c43fde45-d837-48a8-9fad-aecd993df50a","type":"fetch","rationale":"Inspect an already-known source before another generic query","step":5,"t":"2026-09-18T04:54:23.093Z"}
{"level":"info","event":"action","runId":"c43fde45-d837-48a8-9fad-aecd993df50a","type":"challenge","rationale":"Disconfirm material conclusion: A primary source that directly contradicts this conclusion.","step":6,"t":"2026-09-18T04:54:23.106Z"}
{"level":"info","event":"action","runId":"c43fde45-d837-48a8-9fad-aecd993df50a","type":"challenge","rationale":"Disconfirm material conclusion: A primary source that directly contradicts this conclusion.","step":7,"t":"2026-09-18T04:54:23.118Z"}
{"level":"info","event":"action","runId":"c43fde45-d837-48a8-9fad-aecd993df50a","type":"challenge","rationale":"Disconfirm material conclusion: A primary source that directly contradicts this conclusion.","step":8,"t":"2026-09-18T04:54:23.131Z"}
{"level":"info","event":"action","runId":"c43fde45-d837-48a8-9fad-aecd993df50a","type":"challenge","rationale":"Disconfirm material conclusion: A primary source that directly contradicts this conclusion.","step":9,"t":"2026-09-18T04:54:23.143Z"}
{"level":"info","event":"action","runId":"c43fde45-d837-48a8-9fad-aecd993df50a","type":"challenge","rationale":"Disconfirm material conclusion: A primary source that directly contradicts this conclusion.","step":10,"t":"2026-09-18T04:54:23.156Z"}
{"level":"info","event":"action","runId":"c43fde45-d837-48a8-9fad-aecd993df50a","type":"challenge","rationale":"Disconfirm material conclusion: A primary source that directly contradicts this conclusion.","step":11,"t":"2026-09-18T04:54:23.169Z"}
{"level":"info","event":"action","runId":"c43fde45-d837-48a8-9fad-aecd993df50a","type":"challenge","rationale":"Disconfirm material conclusion: A primary source that directly contradicts this conclusion.","step":12,"t":"2026-09-18T04:54:23.183Z"}
{"level":"info","event":"action","runId":"c43fde45-d837-48a8-9fad-aecd993df50a","type":"challenge","rationale":"No counterexample found in accessed primary sources. This is not proof that the conclusion is true.","step":13,"t":"2026-09-18T04:54:23.196Z"}
{"level":"info","event":"action","runId":"c43fde45-d837-48a8-9fad-aecd993df50a","type":"stop","rationale":"Repeated searches returned no novel source family or coverage progress","step":14,"t":"2026-09-18T04:54:23.206Z"}
{"level":"info","event":"action","runId":"a6bc3568-d5eb-40a8-b1a7-f8e9f219dfb5","type":"search","rationale":"Investigate an uncovered required question","step":0,"t":"2026-09-18T04:54:23.742Z"}
{"level":"info","event":"action","runId":"a6bc3568-d5eb-40a8-b1a7-f8e9f219dfb5","type":"fetch","rationale":"Inspect an already-known source before another generic query","step":1,"t":"2026-09-18T04:54:23.758Z"}
{"level":"info","event":"action","runId":"a6bc3568-d5eb-40a8-b1a7-f8e9f219dfb5","type":"fetch","rationale":"Inspect an already-known source before another generic query","step":2,"t":"2026-09-18T04:54:23.770Z"}
{"level":"info","event":"action","runId":"a6bc3568-d5eb-40a8-b1a7-f8e9f219dfb5","type":"challenge","rationale":"Disconfirm material conclusion: A primary source that directly contradicts this conclusion.","step":3,"t":"2026-09-18T04:54:23.782Z"}
{"level":"info","event":"action","runId":"a6bc3568-d5eb-40a8-b1a7-f8e9f219dfb5","type":"challenge","rationale":"No counterexample found in accessed primary sources. This is not proof that the conclusion is true.","step":4,"t":"2026-09-18T04:54:23.794Z"}
{"level":"info","event":"action","runId":"a6bc3568-d5eb-40a8-b1a7-f8e9f219dfb5","type":"synthesize","rationale":"decision_critical_gaps_resolved_or_unresolvable; high-impact claims supported or qualified; contradictions handled; remaining actions low expected value","step":5,"t":"2026-09-18T04:54:23.804Z"}
{"level":"info","event":"action","runId":"86581cba-5a2a-4586-a780-0703bb73fdfe","type":"search","rationale":"Investigate an uncovered required question","step":0,"t":"2026-09-18T04:54:24.368Z"}
{"level":"info","event":"action","runId":"86581cba-5a2a-4586-a780-0703bb73fdfe","type":"fetch","rationale":"Inspect an already-known source before another generic query","step":1,"t":"2026-09-18T04:54:24.383Z"}
{"level":"info","event":"action","runId":"86581cba-5a2a-4586-a780-0703bb73fdfe","type":"challenge","rationale":"Disconfirm material conclusion: A primary source that directly contradicts this conclusion.","step":2,"t":"2026-09-18T04:54:24.396Z"}
{"level":"info","event":"action","runId":"86581cba-5a2a-4586-a780-0703bb73fdfe","type":"challenge","rationale":"No counterexample found in accessed primary sources. This is not proof that the conclusion is true.","step":3,"t":"2026-09-18T04:54:24.408Z"}
{"level":"info","event":"action","runId":"86581cba-5a2a-4586-a780-0703bb73fdfe","type":"synthesize","rationale":"decision_critical_gaps_resolved_or_unresolvable; high-impact claims supported or qualified; contradictions handled; remaining actions low expected value","step":4,"t":"2026-09-18T04:54:24.418Z"}
{"level":"info","event":"action","runId":"a1ec8373-8116-43a5-86c1-3ae6e66736a8","type":"search","rationale":"Investigate an uncovered required question","step":0,"t":"2026-09-18T04:54:25.006Z"}
{"level":"info","event":"action","runId":"a1ec8373-8116-43a5-86c1-3ae6e66736a8","type":"fetch","rationale":"Inspect an already-known source before another generic query","step":1,"t":"2026-09-18T04:54:25.022Z"}
{"level":"info","event":"action","runId":"a1ec8373-8116-43a5-86c1-3ae6e66736a8","type":"challenge","rationale":"Disconfirm material conclusion: A primary source that directly contradicts this conclusion.","step":2,"t":"2026-09-18T04:54:25.036Z"}
{"level":"info","event":"action","runId":"a1ec8373-8116-43a5-86c1-3ae6e66736a8","type":"challenge","rationale":"No counterexample found in accessed primary sources. This is not proof that the conclusion is true.","step":3,"t":"2026-09-18T04:54:25.049Z"}
{"level":"info","event":"action","runId":"a1ec8373-8116-43a5-86c1-3ae6e66736a8","type":"synthesize","rationale":"decision_critical_gaps_resolved_or_unresolvable; high-impact claims supported or qualified; contradictions handled; remaining actions low expected value","step":4,"t":"2026-09-18T04:54:25.060Z"}
{"level":"info","event":"action","runId":"5c837f14-e62e-46bf-b111-455c35c03326","type":"search","rationale":"Investigate an uncovered required question","step":0,"t":"2026-09-18T04:54:25.909Z"}
{"level":"info","event":"action","runId":"5c837f14-e62e-46bf-b111-455c35c03326","type":"fetch","rationale":"Inspect an already-known source before another generic query","step":1,"t":"2026-09-18T04:54:25.927Z"}
{"level":"info","event":"action","runId":"5c837f14-e62e-46bf-b111-455c35c03326","type":"challenge","rationale":"Disconfirm material conclusion: A primary source that directly contradicts this conclusion.","step":2,"t":"2026-09-18T04:54:25.942Z"}
{"level":"info","event":"action","runId":"5c837f14-e62e-46bf-b111-455c35c03326","type":"challenge","rationale":"No counterexample found in accessed primary sources. This is not proof that the conclusion is true.","step":3,"t":"2026-09-18T04:54:25.957Z"}
{"level":"info","event":"action","runId":"5c837f14-e62e-46bf-b111-455c35c03326","type":"synthesize","rationale":"decision_critical_gaps_resolved_or_unresolvable; high-impact claims supported or qualified; contradictions handled; remaining actions low expected value","step":4,"t":"2026-09-18T04:54:25.970Z"}
{"level":"info","event":"action","runId":"f9da6b15-4d08-4973-a47c-822727a26d34","type":"search","rationale":"Investigate an uncovered required question","step":0,"t":"2026-09-18T04:54:26.781Z"}
{"level":"info","event":"action","runId":"f9da6b15-4d08-4973-a47c-822727a26d34","type":"fetch","rationale":"Inspect an already-known source before another generic query","step":1,"t":"2026-09-18T04:54:26.798Z"}
{"level":"info","event":"action","runId":"f9da6b15-4d08-4973-a47c-822727a26d34","type":"challenge","rationale":"Disconfirm material conclusion: A primary source that directly contradicts this conclusion.","step":2,"t":"2026-09-18T04:54:26.812Z"}
{"level":"info","event":"action","runId":"f9da6b15-4d08-4973-a47c-822727a26d34","type":"challenge","rationale":"No counterexample found in accessed primary sources. This is not proof that the conclusion is true.","step":3,"t":"2026-09-18T04:54:26.828Z"}
{"level":"info","event":"action","runId":"f9da6b15-4d08-4973-a47c-822727a26d34","type":"synthesize","rationale":"decision_critical_gaps_resolved_or_unresolvable; high-impact claims supported or qualified; contradictions handled; remaining actions low expected value","step":4,"t":"2026-09-18T04:54:26.840Z"}
{"level":"info","event":"action","runId":"fef336ba-276b-49c3-b7a8-57c2d1e049dc","type":"search","rationale":"Investigate an uncovered required question","step":0,"t":"2026-09-18T04:54:27.663Z"}
{"level":"info","event":"action","runId":"fef336ba-276b-49c3-b7a8-57c2d1e049dc","type":"fetch","rationale":"Inspect an already-known source before another generic query","step":1,"t":"2026-09-18T04:54:27.684Z"}
{"level":"info","event":"action","runId":"fef336ba-276b-49c3-b7a8-57c2d1e049dc","type":"fetch","rationale":"Inspect an already-known source before another generic query","step":2,"t":"2026-09-18T04:54:27.697Z"}
{"level":"info","event":"action","runId":"fef336ba-276b-49c3-b7a8-57c2d1e049dc","type":"fetch","rationale":"Inspect an already-known source before another generic query","step":3,"t":"2026-09-18T04:54:27.711Z"}
{"level":"info","event":"action","runId":"fef336ba-276b-49c3-b7a8-57c2d1e049dc","type":"fetch","rationale":"Inspect an already-known source before another generic query","step":4,"t":"2026-09-18T04:54:27.724Z"}
{"level":"info","event":"action","runId":"fef336ba-276b-49c3-b7a8-57c2d1e049dc","type":"fetch","rationale":"Inspect an already-known source before another generic query","step":5,"t":"2026-09-18T04:54:27.738Z"}
{"level":"info","event":"action","runId":"fef336ba-276b-49c3-b7a8-57c2d1e049dc","type":"challenge","rationale":"Disconfirm material conclusion: A primary source that directly contradicts this conclusion.","step":6,"t":"2026-09-18T04:54:27.752Z"}
{"level":"info","event":"action","runId":"fef336ba-276b-49c3-b7a8-57c2d1e049dc","type":"challenge","rationale":"No counterexample found in accessed primary sources. This is not proof that the conclusion is true.","step":7,"t":"2026-09-18T04:54:27.766Z"}
{"level":"info","event":"action","runId":"fef336ba-276b-49c3-b7a8-57c2d1e049dc","type":"synthesize","rationale":"decision_critical_gaps_resolved_or_unresolvable; high-impact claims supported or qualified; contradictions handled; remaining actions low expected value","step":8,"t":"2026-09-18T04:54:27.777Z"}
{"level":"info","event":"action","runId":"382f5661-cf9c-404b-b1a2-5b20dd14bb2e","type":"search","rationale":"Investigate an uncovered required question","step":0,"t":"2026-09-18T04:54:28.581Z"}
{"level":"info","event":"action","runId":"382f5661-cf9c-404b-b1a2-5b20dd14bb2e","type":"fetch","rationale":"Inspect an already-known source before another generic query","step":1,"t":"2026-09-18T04:54:28.602Z"}
{"level":"info","event":"action","runId":"382f5661-cf9c-404b-b1a2-5b20dd14bb2e","type":"synthesize","rationale":"budget requires finishing with available evidence","step":2,"t":"2026-09-18T04:54:28.615Z"}
{"level":"info","event":"action","runId":"03743b97-a088-4022-8b62-3e25c1dec34a","type":"search","rationale":"Investigate an uncovered required question","step":0,"t":"2026-09-18T04:54:29.245Z"}
{"level":"info","event":"action","runId":"03743b97-a088-4022-8b62-3e25c1dec34a","type":"fetch","rationale":"Inspect an already-known source before another generic query","step":1,"t":"2026-09-18T04:54:29.264Z"}
{"level":"info","event":"action","runId":"03743b97-a088-4022-8b62-3e25c1dec34a","type":"fetch","rationale":"Inspect an already-known source before another generic query","step":2,"t":"2026-09-18T04:54:29.276Z"}
{"level":"info","event":"action","runId":"03743b97-a088-4022-8b62-3e25c1dec34a","type":"fetch","rationale":"Inspect an already-known source before another generic query","step":3,"t":"2026-09-18T04:54:29.289Z"}
{"level":"info","event":"action","runId":"03743b97-a088-4022-8b62-3e25c1dec34a","type":"fetch","rationale":"Inspect an already-known source before another generic query","step":4,"t":"2026-09-18T04:54:29.301Z"}
{"level":"info","event":"action","runId":"03743b97-a088-4022-8b62-3e25c1dec34a","type":"fetch","rationale":"Inspect an already-known source before another generic query","step":5,"t":"2026-09-18T04:54:29.312Z"}
{"level":"info","event":"action","runId":"03743b97-a088-4022-8b62-3e25c1dec34a","type":"challenge","rationale":"Disconfirm material conclusion: A primary source that directly contradicts this conclusion.","step":6,"t":"2026-09-18T04:54:29.325Z"}
{"level":"info","event":"action","runId":"03743b97-a088-4022-8b62-3e25c1dec34a","type":"challenge","rationale":"No counterexample found in accessed primary sources. This is not proof that the conclusion is true.","step":7,"t":"2026-09-18T04:54:29.337Z"}
{"level":"info","event":"action","runId":"03743b97-a088-4022-8b62-3e25c1dec34a","type":"synthesize","rationale":"decision_critical_gaps_resolved_or_unresolvable; high-impact claims supported or qualified; contradictions handled; remaining actions low expected value","step":8,"t":"2026-09-18T04:54:29.349Z"}
{"level":"info","event":"action","runId":"23f1d7c2-0fbe-4ab5-a026-241c6b244d0d","type":"search","rationale":"Investigate an uncovered required question","step":0,"t":"2026-09-18T04:54:30.214Z"}
{"level":"info","event":"action","runId":"23f1d7c2-0fbe-4ab5-a026-241c6b244d0d","type":"fetch","rationale":"Inspect an already-known source before another generic query","step":1,"t":"2026-09-18T04:54:30.240Z"}
{"level":"info","event":"action","runId":"23f1d7c2-0fbe-4ab5-a026-241c6b244d0d","type":"fetch","rationale":"Inspect an already-known source before another generic query","step":2,"t":"2026-09-18T04:54:30.253Z"}
{"level":"info","event":"action","runId":"23f1d7c2-0fbe-4ab5-a026-241c6b244d0d","type":"fetch","rationale":"Inspect an already-known source before another generic query","step":3,"t":"2026-09-18T04:54:30.266Z"}
{"level":"info","event":"action","runId":"23f1d7c2-0fbe-4ab5-a026-241c6b244d0d","type":"fetch","rationale":"Inspect an already-known source before another generic query","step":4,"t":"2026-09-18T04:54:30.279Z"}
{"level":"info","event":"action","runId":"23f1d7c2-0fbe-4ab5-a026-241c6b244d0d","type":"fetch","rationale":"Inspect an already-known source before another generic query","step":5,"t":"2026-09-18T04:54:30.292Z"}
{"level":"info","event":"action","runId":"23f1d7c2-0fbe-4ab5-a026-241c6b244d0d","type":"challenge","rationale":"Disconfirm material conclusion: A primary source that directly contradicts this conclusion.","step":6,"t":"2026-09-18T04:54:30.306Z"}
{"level":"info","event":"action","runId":"23f1d7c2-0fbe-4ab5-a026-241c6b244d0d","type":"challenge","rationale":"No counterexample found in accessed primary sources. This is not proof that the conclusion is true.","step":7,"t":"2026-09-18T04:54:30.320Z"}
{"level":"info","event":"action","runId":"23f1d7c2-0fbe-4ab5-a026-241c6b244d0d","type":"synthesize","rationale":"decision_critical_gaps_resolved_or_unresolvable; high-impact claims supported or qualified; contradictions handled; remaining actions low expected value","step":8,"t":"2026-09-18T04:54:30.330Z"}
{"level":"info","event":"action","runId":"3a25b68d-5957-4c6a-b0df-8f8ee3a1d67f","type":"challenge","rationale":"Disconfirm material conclusion: A primary source that directly contradicts this conclusion.","step":0,"t":"2026-09-18T04:54:31.186Z"}
{"level":"info","event":"action","runId":"3a25b68d-5957-4c6a-b0df-8f8ee3a1d67f","type":"fetch","rationale":"Inspect an already-known source before another generic query","step":1,"t":"2026-09-18T04:54:31.209Z"}
{"level":"info","event":"action","runId":"3a25b68d-5957-4c6a-b0df-8f8ee3a1d67f","type":"fetch","rationale":"Inspect an already-known source before another generic query","step":2,"t":"2026-09-18T04:54:31.221Z"}
{"level":"info","event":"action","runId":"3a25b68d-5957-4c6a-b0df-8f8ee3a1d67f","type":"fetch","rationale":"Inspect an already-known source before another generic query","step":3,"t":"2026-09-18T04:54:31.234Z"}
{"level":"info","event":"action","runId":"3a25b68d-5957-4c6a-b0df-8f8ee3a1d67f","type":"challenge","rationale":"No counterexample found in accessed primary sources. This is not proof that the conclusion is true.","step":4,"t":"2026-09-18T04:54:31.250Z"}
{"level":"info","event":"action","runId":"3a25b68d-5957-4c6a-b0df-8f8ee3a1d67f","type":"synthesize","rationale":"decision_critical_gaps_resolved_or_unresolvable; high-impact claims supported or qualified; contradictions handled; remaining actions low expected value","step":5,"t":"2026-09-18T04:54:31.260Z"}
{"level":"info","event":"action","runId":"3a8148cf-a38c-4210-afc1-60e6918100df","type":"challenge","rationale":"Disconfirm material conclusion: A primary source that directly contradicts this conclusion.","step":0,"t":"2026-09-18T04:54:31.853Z"}
{"level":"info","event":"action","runId":"3a8148cf-a38c-4210-afc1-60e6918100df","type":"fetch","rationale":"Inspect an already-known source before another generic query","step":1,"t":"2026-09-18T04:54:31.874Z"}
{"level":"info","event":"action","runId":"3a8148cf-a38c-4210-afc1-60e6918100df","type":"fetch","rationale":"Inspect an already-known source before another generic query","step":2,"t":"2026-09-18T04:54:31.886Z"}
{"level":"info","event":"action","runId":"3a8148cf-a38c-4210-afc1-60e6918100df","type":"fetch","rationale":"Inspect an already-known source before another generic query","step":3,"t":"2026-09-18T04:54:31.898Z"}
{"level":"info","event":"action","runId":"3a8148cf-a38c-4210-afc1-60e6918100df","type":"challenge","rationale":"No counterexample found in accessed primary sources. This is not proof that the conclusion is true.","step":4,"t":"2026-09-18T04:54:31.914Z"}
{"level":"info","event":"action","runId":"3a8148cf-a38c-4210-afc1-60e6918100df","type":"synthesize","rationale":"decision_critical_gaps_resolved_or_unresolvable; high-impact claims supported or qualified; contradictions handled; remaining actions low expected value","step":5,"t":"2026-09-18T04:54:31.924Z"}
{"level":"info","event":"action","runId":"dd1ad2c5-e237-47fc-b1db-1435cfc06dc3","type":"search","rationale":"Investigate an uncovered required question","step":0,"t":"2026-09-18T04:54:32.307Z"}
{"level":"info","event":"action","runId":"dd1ad2c5-e237-47fc-b1db-1435cfc06dc3","type":"fetch","rationale":"Inspect an already-known source before another generic query","step":1,"t":"2026-09-18T04:54:32.327Z"}
{"level":"info","event":"action","runId":"dd1ad2c5-e237-47fc-b1db-1435cfc06dc3","type":"fetch","rationale":"Inspect an already-known source before another generic query","step":2,"t":"2026-09-18T04:54:32.341Z"}
{"level":"info","event":"action","runId":"dd1ad2c5-e237-47fc-b1db-1435cfc06dc3","type":"fetch","rationale":"Inspect an already-known source before another generic query","step":3,"t":"2026-09-18T04:54:32.354Z"}
{"level":"info","event":"action","runId":"dd1ad2c5-e237-47fc-b1db-1435cfc06dc3","type":"fetch","rationale":"Inspect an already-known source before another generic query","step":4,"t":"2026-09-18T04:54:32.366Z"}
{"level":"info","event":"action","runId":"dd1ad2c5-e237-47fc-b1db-1435cfc06dc3","type":"fetch","rationale":"Inspect an already-known source before another generic query","step":5,"t":"2026-09-18T04:54:32.377Z"}
{"level":"info","event":"action","runId":"dd1ad2c5-e237-47fc-b1db-1435cfc06dc3","type":"challenge","rationale":"Disconfirm material conclusion: A primary source that directly contradicts this conclusion.","step":6,"t":"2026-09-18T04:54:32.389Z"}
{"level":"info","event":"action","runId":"dd1ad2c5-e237-47fc-b1db-1435cfc06dc3","type":"challenge","rationale":"No counterexample found in accessed primary sources. This is not proof that the conclusion is true.","step":7,"t":"2026-09-18T04:54:32.402Z"}
{"level":"info","event":"action","runId":"dd1ad2c5-e237-47fc-b1db-1435cfc06dc3","type":"synthesize","rationale":"decision_critical_gaps_resolved_or_unresolvable; high-impact claims supported or qualified; contradictions handled; remaining actions low expected value","step":8,"t":"2026-09-18T04:54:32.411Z"}
{"level":"info","event":"action","runId":"4b890628-7415-447c-8f6d-76164c33a291","type":"search","rationale":"Investigate an uncovered required question","step":0,"t":"2026-09-18T04:54:32.958Z"}
{"level":"info","event":"action","runId":"4b890628-7415-447c-8f6d-76164c33a291","type":"fetch","rationale":"Inspect an already-known source before another generic query","step":1,"t":"2026-09-18T04:54:32.976Z"}
{"level":"info","event":"action","runId":"4b890628-7415-447c-8f6d-76164c33a291","type":"fetch","rationale":"Inspect an already-known source before another generic query","step":2,"t":"2026-09-18T04:54:32.989Z"}
{"level":"info","event":"action","runId":"4b890628-7415-447c-8f6d-76164c33a291","type":"fetch","rationale":"Inspect an already-known source before another generic query","step":3,"t":"2026-09-18T04:54:33.000Z"}
{"level":"info","event":"action","runId":"4b890628-7415-447c-8f6d-76164c33a291","type":"fetch","rationale":"Inspect an already-known source before another generic query","step":4,"t":"2026-09-18T04:54:33.012Z"}
{"level":"info","event":"action","runId":"4b890628-7415-447c-8f6d-76164c33a291","type":"fetch","rationale":"Inspect an already-known source before another generic query","step":5,"t":"2026-09-18T04:54:33.025Z"}
{"level":"info","event":"action","runId":"4b890628-7415-447c-8f6d-76164c33a291","type":"challenge","rationale":"Disconfirm material conclusion: A primary source that directly contradicts this conclusion.","step":6,"t":"2026-09-18T04:54:33.037Z"}
{"level":"info","event":"action","runId":"4b890628-7415-447c-8f6d-76164c33a291","type":"challenge","rationale":"No counterexample found in accessed primary sources. This is not proof that the conclusion is true.","step":7,"t":"2026-09-18T04:54:33.049Z"}
{"level":"info","event":"action","runId":"4b890628-7415-447c-8f6d-76164c33a291","type":"synthesize","rationale":"decision_critical_gaps_resolved_or_unresolvable; high-impact claims supported or qualified; contradictions handled; remaining actions low expected value","step":8,"t":"2026-09-18T04:54:33.059Z"}
{"level":"info","event":"action","runId":"0e6bbb8a-19a3-44ef-9ccb-0ff430d0e7d6","type":"clarify","rationale":"A blocking field is unspecified and would change the answer","step":0,"t":"2026-09-18T04:54:34.591Z"}
{"level":"info","event":"action","runId":"c6ec01cd-289b-4b69-8657-7874be424a36","type":"clarify","rationale":"A blocking field is unspecified and would change the answer","step":0,"t":"2026-09-18T04:54:35.155Z"}
{"level":"info","event":"action","runId":"c6ec01cd-289b-4b69-8657-7874be424a36","type":"search","rationale":"Investigate an uncovered required question","step":0,"t":"2026-09-18T04:54:35.181Z"}
{"level":"info","event":"action","runId":"c6ec01cd-289b-4b69-8657-7874be424a36","type":"fetch","rationale":"Inspect an already-known source before another generic query","step":1,"t":"2026-09-18T04:54:35.196Z"}
{"level":"info","event":"action","runId":"c6ec01cd-289b-4b69-8657-7874be424a36","type":"challenge","rationale":"Disconfirm material conclusion: A primary source that directly contradicts this conclusion.","step":2,"t":"2026-09-18T04:54:35.210Z"}
{"level":"info","event":"action","runId":"c6ec01cd-289b-4b69-8657-7874be424a36","type":"challenge","rationale":"Disconfirm material conclusion: A primary source that directly contradicts this conclusion.","step":3,"t":"2026-09-18T04:54:35.224Z"}
{"level":"info","event":"action","runId":"c6ec01cd-289b-4b69-8657-7874be424a36","type":"challenge","rationale":"Disconfirm material conclusion: A primary source that directly contradicts this conclusion.","step":4,"t":"2026-09-18T04:54:35.237Z"}
{"level":"info","event":"action","runId":"c6ec01cd-289b-4b69-8657-7874be424a36","type":"challenge","rationale":"Disconfirm material conclusion: A primary source that directly contradicts this conclusion.","step":5,"t":"2026-09-18T04:54:35.251Z"}
{"level":"info","event":"action","runId":"c6ec01cd-289b-4b69-8657-7874be424a36","type":"challenge","rationale":"Disconfirm material conclusion: A primary source that directly contradicts this conclusion.","step":6,"t":"2026-09-18T04:54:35.264Z"}
{"level":"info","event":"action","runId":"c6ec01cd-289b-4b69-8657-7874be424a36","type":"challenge","rationale":"Disconfirm material conclusion: A primary source that directly contradicts this conclusion.","step":7,"t":"2026-09-18T04:54:35.278Z"}
{"level":"info","event":"action","runId":"c6ec01cd-289b-4b69-8657-7874be424a36","type":"challenge","rationale":"Disconfirm material conclusion: A primary source that directly contradicts this conclusion.","step":8,"t":"2026-09-18T04:54:35.291Z"}
{"level":"info","event":"action","runId":"c6ec01cd-289b-4b69-8657-7874be424a36","type":"challenge","rationale":"No counterexample found in accessed primary sources. This is not proof that the conclusion is true.","step":9,"t":"2026-09-18T04:54:35.306Z"}
{"level":"info","event":"action","runId":"c6ec01cd-289b-4b69-8657-7874be424a36","type":"stop","rationale":"Repeated searches returned no novel source family or coverage progress","step":10,"t":"2026-09-18T04:54:35.317Z"}
{"level":"info","event":"action","runId":"59f3a8f2-d74b-4550-bac9-84a274fd3898","type":"clarify","rationale":"A blocking field is unspecified and would change the answer","step":0,"t":"2026-09-18T04:54:36.194Z"}
{"level":"info","event":"action","runId":"59f3a8f2-d74b-4550-bac9-84a274fd3898","type":"search","rationale":"Investigate an uncovered required question","step":0,"t":"2026-09-18T04:54:36.219Z"}
{"level":"info","event":"action","runId":"59f3a8f2-d74b-4550-bac9-84a274fd3898","type":"fetch","rationale":"Inspect an already-known source before another generic query","step":1,"t":"2026-09-18T04:54:36.234Z"}
{"level":"info","event":"action","runId":"59f3a8f2-d74b-4550-bac9-84a274fd3898","type":"challenge","rationale":"Disconfirm material conclusion: A primary source that directly contradicts this conclusion.","step":2,"t":"2026-09-18T04:54:36.247Z"}
{"level":"info","event":"action","runId":"59f3a8f2-d74b-4550-bac9-84a274fd3898","type":"challenge","rationale":"Disconfirm material conclusion: A primary source that directly contradicts this conclusion.","step":3,"t":"2026-09-18T04:54:36.260Z"}
{"level":"info","event":"action","runId":"59f3a8f2-d74b-4550-bac9-84a274fd3898","type":"challenge","rationale":"Disconfirm material conclusion: A primary source that directly contradicts this conclusion.","step":4,"t":"2026-09-18T04:54:36.274Z"}
{"level":"info","event":"action","runId":"59f3a8f2-d74b-4550-bac9-84a274fd3898","type":"challenge","rationale":"Disconfirm material conclusion: A primary source that directly contradicts this conclusion.","step":5,"t":"2026-09-18T04:54:36.290Z"}
{"level":"info","event":"action","runId":"59f3a8f2-d74b-4550-bac9-84a274fd3898","type":"challenge","rationale":"Disconfirm material conclusion: A primary source that directly contradicts this conclusion.","step":6,"t":"2026-09-18T04:54:36.303Z"}
{"level":"info","event":"action","runId":"59f3a8f2-d74b-4550-bac9-84a274fd3898","type":"challenge","rationale":"Disconfirm material conclusion: A primary source that directly contradicts this conclusion.","step":7,"t":"2026-09-18T04:54:36.316Z"}
{"level":"info","event":"action","runId":"59f3a8f2-d74b-4550-bac9-84a274fd3898","type":"challenge","rationale":"Disconfirm material conclusion: A primary source that directly contradicts this conclusion.","step":8,"t":"2026-09-18T04:54:36.334Z"}
{"level":"info","event":"action","runId":"59f3a8f2-d74b-4550-bac9-84a274fd3898","type":"challenge","rationale":"No counterexample found in accessed primary sources. This is not proof that the conclusion is true.","step":9,"t":"2026-09-18T04:54:36.349Z"}
{"level":"info","event":"action","runId":"59f3a8f2-d74b-4550-bac9-84a274fd3898","type":"stop","rationale":"Repeated searches returned no novel source family or coverage progress","step":10,"t":"2026-09-18T04:54:36.361Z"}
{"level":"info","event":"action","runId":"6e5b6385-f482-4187-96d2-4ea40a672b07","type":"clarify","rationale":"A blocking field is unspecified and would change the answer","step":0,"t":"2026-09-18T04:54:36.905Z"}
{"level":"info","event":"action","runId":"6e5b6385-f482-4187-96d2-4ea40a672b07","type":"search","rationale":"Investigate an uncovered required question","step":0,"t":"2026-09-18T04:54:36.927Z"}
{"level":"info","event":"action","runId":"6e5b6385-f482-4187-96d2-4ea40a672b07","type":"fetch","rationale":"Inspect an already-known source before another generic query","step":1,"t":"2026-09-18T04:54:36.941Z"}
{"level":"info","event":"action","runId":"6e5b6385-f482-4187-96d2-4ea40a672b07","type":"challenge","rationale":"Disconfirm material conclusion: A primary source that directly contradicts this conclusion.","step":2,"t":"2026-09-18T04:54:36.955Z"}
{"level":"info","event":"action","runId":"6e5b6385-f482-4187-96d2-4ea40a672b07","type":"challenge","rationale":"Disconfirm material conclusion: A primary source that directly contradicts this conclusion.","step":3,"t":"2026-09-18T04:54:36.967Z"}
{"level":"info","event":"action","runId":"6e5b6385-f482-4187-96d2-4ea40a672b07","type":"challenge","rationale":"Disconfirm material conclusion: A primary source that directly contradicts this conclusion.","step":4,"t":"2026-09-18T04:54:36.979Z"}
{"level":"info","event":"action","runId":"6e5b6385-f482-4187-96d2-4ea40a672b07","type":"challenge","rationale":"Disconfirm material conclusion: A primary source that directly contradicts this conclusion.","step":5,"t":"2026-09-18T04:54:36.992Z"}
{"level":"info","event":"action","runId":"6e5b6385-f482-4187-96d2-4ea40a672b07","type":"challenge","rationale":"Disconfirm material conclusion: A primary source that directly contradicts this conclusion.","step":6,"t":"2026-09-18T04:54:37.004Z"}
{"level":"info","event":"action","runId":"6e5b6385-f482-4187-96d2-4ea40a672b07","type":"challenge","rationale":"Disconfirm material conclusion: A primary source that directly contradicts this conclusion.","step":7,"t":"2026-09-18T04:54:37.016Z"}
{"level":"info","event":"action","runId":"6e5b6385-f482-4187-96d2-4ea40a672b07","type":"challenge","rationale":"Disconfirm material conclusion: A primary source that directly contradicts this conclusion.","step":8,"t":"2026-09-18T04:54:37.028Z"}
{"level":"info","event":"action","runId":"6e5b6385-f482-4187-96d2-4ea40a672b07","type":"challenge","rationale":"No counterexample found in accessed primary sources. This is not proof that the conclusion is true.","step":9,"t":"2026-09-18T04:54:37.040Z"}
{"level":"info","event":"action","runId":"6e5b6385-f482-4187-96d2-4ea40a672b07","type":"stop","rationale":"Repeated searches returned no novel source family or coverage progress","step":10,"t":"2026-09-18T04:54:37.050Z"}
{"level":"info","event":"action","runId":"567faa3a-7acd-48f5-a546-782596b61a8a","type":"clarify","rationale":"A blocking field is unspecified and would change the answer","step":0,"t":"2026-09-18T04:54:38.300Z"}
{"level":"info","event":"action","runId":"cc3966ea-5b12-4635-909c-950f9fd7707b","type":"search","rationale":"Investigate an uncovered required question","step":0,"t":"2026-09-18T04:54:38.653Z"}
{"level":"info","event":"action","runId":"cc3966ea-5b12-4635-909c-950f9fd7707b","type":"fetch","rationale":"Inspect an already-known source before another generic query","step":1,"t":"2026-09-18T04:54:38.695Z"}
{"level":"info","event":"action","runId":"cc3966ea-5b12-4635-909c-950f9fd7707b","type":"fetch","rationale":"Inspect an already-known source before another generic query","step":2,"t":"2026-09-18T04:54:38.715Z"}
{"level":"info","event":"action","runId":"cc3966ea-5b12-4635-909c-950f9fd7707b","type":"fetch","rationale":"Inspect an already-known source before another generic query","step":3,"t":"2026-09-18T04:54:38.736Z"}
{"level":"info","event":"action","runId":"cc3966ea-5b12-4635-909c-950f9fd7707b","type":"challenge","rationale":"Disconfirm material conclusion: A primary source that directly contradicts this conclusion.","step":4,"t":"2026-09-18T04:54:38.763Z"}
{"level":"info","event":"action","runId":"cc3966ea-5b12-4635-909c-950f9fd7707b","type":"challenge","rationale":"No counterexample found in accessed primary sources. This is not proof that the conclusion is true.","step":5,"t":"2026-09-18T04:54:38.784Z"}
{"level":"info","event":"action","runId":"cc3966ea-5b12-4635-909c-950f9fd7707b","type":"synthesize","rationale":"decision_critical_gaps_resolved_or_unresolvable; high-impact claims supported or qualified; contradictions handled; remaining actions low expected value","step":6,"t":"2026-09-18T04:54:38.807Z"}
{"level":"info","event":"action","runId":"4da42f59-436a-47ee-ab19-994888ba3cef","type":"search","rationale":"Investigate an uncovered required question","step":0,"t":"2026-09-18T04:54:39.521Z"}
{"level":"info","event":"action","runId":"4da42f59-436a-47ee-ab19-994888ba3cef","type":"fetch","rationale":"Inspect an already-known source before another generic query","step":1,"t":"2026-09-18T04:54:39.551Z"}
{"level":"info","event":"action","runId":"4da42f59-436a-47ee-ab19-994888ba3cef","type":"challenge","rationale":"Disconfirm material conclusion: A primary source that directly contradicts this conclusion.","step":2,"t":"2026-09-18T04:54:39.571Z"}
{"level":"info","event":"action","runId":"4da42f59-436a-47ee-ab19-994888ba3cef","type":"challenge","rationale":"No counterexample found in accessed primary sources. This is not proof that the conclusion is true.","step":3,"t":"2026-09-18T04:54:39.594Z"}
{"level":"info","event":"action","runId":"4da42f59-436a-47ee-ab19-994888ba3cef","type":"synthesize","rationale":"inaccessible_or_unresolved_gap:primary source is inaccessible","step":4,"t":"2026-09-18T04:54:39.609Z"}
{"level":"info","event":"action","runId":"5ac5fd64-991a-482e-9884-46fc93938a5e","type":"search","rationale":"Investigate an uncovered required question","step":0,"t":"2026-09-18T04:54:40.229Z"}
{"level":"info","event":"action","runId":"5ac5fd64-991a-482e-9884-46fc93938a5e","type":"fetch","rationale":"Inspect the preferred source type (vendor-docs) before more weak sources","step":1,"t":"2026-09-18T04:54:40.250Z"}
{"level":"info","event":"action","runId":"5ac5fd64-991a-482e-9884-46fc93938a5e","type":"fetch","rationale":"Inspect the preferred source type (vendor-docs) before more weak sources","step":2,"t":"2026-09-18T04:54:40.265Z"}
{"level":"info","event":"action","runId":"5ac5fd64-991a-482e-9884-46fc93938a5e","type":"verify","rationale":"Scope-check contradiction on value before treating newest as correct","step":3,"t":"2026-09-18T04:54:40.282Z"}
{"level":"info","event":"action","runId":"5ac5fd64-991a-482e-9884-46fc93938a5e","type":"challenge","rationale":"Disconfirm material conclusion: A primary source that directly contradicts this conclusion.","step":4,"t":"2026-09-18T04:54:40.297Z"}
{"level":"info","event":"action","runId":"5ac5fd64-991a-482e-9884-46fc93938a5e","type":"challenge","rationale":"No counterexample found in accessed primary sources. This is not proof that the conclusion is true.","step":5,"t":"2026-09-18T04:54:40.313Z"}
{"level":"info","event":"action","runId":"5ac5fd64-991a-482e-9884-46fc93938a5e","type":"synthesize","rationale":"decision_critical_gaps_resolved_or_unresolvable; high-impact claims supported or qualified; contradictions handled; remaining actions low expected value","step":6,"t":"2026-09-18T04:54:40.326Z"}
{"level":"info","event":"action","runId":"f062d9df-5ddb-4534-80d3-6b99cd71efda","type":"search","rationale":"Investigate an uncovered required question","step":0,"t":"2026-09-18T04:54:40.936Z"}
{"level":"info","event":"action","runId":"f062d9df-5ddb-4534-80d3-6b99cd71efda","type":"fetch","rationale":"Inspect an already-known source before another generic query","step":1,"t":"2026-09-18T04:54:40.968Z"}
{"level":"info","event":"action","runId":"f062d9df-5ddb-4534-80d3-6b99cd71efda","type":"synthesize","rationale":"budget requires finishing with available evidence","step":2,"t":"2026-09-18T04:54:40.990Z"}
{"level":"info","event":"action","runId":"b0390877-05fe-4d41-8193-f8ba603ee2a2","type":"search","rationale":"Investigate an uncovered required question","step":0,"t":"2026-09-18T04:54:41.789Z"}
{"level":"info","event":"action","runId":"b0390877-05fe-4d41-8193-f8ba603ee2a2","type":"fetch","rationale":"Inspect an already-known source before another generic query","step":1,"t":"2026-09-18T04:54:41.829Z"}
{"level":"info","event":"action","runId":"b0390877-05fe-4d41-8193-f8ba603ee2a2","type":"fetch","rationale":"Inspect an already-known source before another generic query","step":2,"t":"2026-09-18T04:54:41.867Z"}
{"level":"info","event":"action","runId":"b0390877-05fe-4d41-8193-f8ba603ee2a2","type":"fetch","rationale":"Inspect an already-known source before another generic query","step":3,"t":"2026-09-18T04:54:41.909Z"}
{"level":"info","event":"action","runId":"b0390877-05fe-4d41-8193-f8ba603ee2a2","type":"challenge","rationale":"Disconfirm material conclusion: A primary source that directly contradicts this conclusion.","step":4,"t":"2026-09-18T04:54:41.962Z"}
{"level":"info","event":"action","runId":"b0390877-05fe-4d41-8193-f8ba603ee2a2","type":"challenge","rationale":"No counterexample found in accessed primary sources. This is not proof that the conclusion is true.","step":5,"t":"2026-09-18T04:54:42.003Z"}
{"level":"info","event":"action","runId":"b0390877-05fe-4d41-8193-f8ba603ee2a2","type":"synthesize","rationale":"decision_critical_gaps_resolved_or_unresolvable; high-impact claims supported or qualified; contradictions handled; remaining actions low expected value","step":6,"t":"2026-09-18T04:54:42.040Z"}
{"level":"info","event":"action","runId":"7c53182b-9c0f-48bf-b25f-9669ebfbe12a","type":"search","rationale":"Investigate an uncovered required question","step":0,"t":"2026-09-18T04:54:43.384Z"}
{"level":"info","event":"action","runId":"7c53182b-9c0f-48bf-b25f-9669ebfbe12a","type":"search","rationale":"Decision-blocking gap: authoritative compatibility limitation. Switching source type to vendor-matrix.","step":1,"t":"2026-09-18T04:54:43.429Z"}
{"level":"info","event":"action","runId":"7c53182b-9c0f-48bf-b25f-9669ebfbe12a","type":"fetch","rationale":"Inspect the preferred source type (vendor-matrix) before more weak sources","step":2,"t":"2026-09-18T04:54:43.469Z"}
{"level":"info","event":"action","runId":"7c53182b-9c0f-48bf-b25f-9669ebfbe12a","type":"fetch","rationale":"Inspect an already-known source before another generic query","step":3,"t":"2026-09-18T04:54:43.510Z"}
{"level":"info","event":"action","runId":"7c53182b-9c0f-48bf-b25f-9669ebfbe12a","type":"fetch","rationale":"Inspect an already-known source before another generic query","step":4,"t":"2026-09-18T04:54:43.544Z"}
{"level":"info","event":"action","runId":"7c53182b-9c0f-48bf-b25f-9669ebfbe12a","type":"fetch","rationale":"Inspect an already-known source before another generic query","step":5,"t":"2026-09-18T04:54:43.573Z"}
{"level":"info","event":"action","runId":"7c53182b-9c0f-48bf-b25f-9669ebfbe12a","type":"verify","rationale":"Scope-check contradiction on compatibility before treating newest as correct","step":6,"t":"2026-09-18T04:54:43.612Z"}
{"level":"info","event":"action","runId":"7c53182b-9c0f-48bf-b25f-9669ebfbe12a","type":"challenge","rationale":"Disconfirm material conclusion: Official compatibility documentation that lists the named version as supported.","step":7,"t":"2026-09-18T04:54:43.634Z"}
{"level":"info","event":"action","runId":"7c53182b-9c0f-48bf-b25f-9669ebfbe12a","type":"challenge","rationale":"No counterexample found in accessed primary sources. This is not proof that the conclusion is true.","step":8,"t":"2026-09-18T04:54:43.668Z"}
{"level":"info","event":"action","runId":"7c53182b-9c0f-48bf-b25f-9669ebfbe12a","type":"synthesize","rationale":"decision_critical_gaps_resolved_or_unresolvable; high-impact claims supported or qualified; contradictions handled; remaining actions low expected value","step":9,"t":"2026-09-18T04:54:43.696Z"}
{"level":"info","event":"action","runId":"f4ccfff4-4a98-4f52-86a7-a40dd3a81758","type":"search","rationale":"Investigate an uncovered required question","step":0,"t":"2026-09-18T04:54:44.560Z"}
{"level":"info","event":"action","runId":"f4ccfff4-4a98-4f52-86a7-a40dd3a81758","type":"search","rationale":"Decision-blocking gap: authoritative compatibility limitation. Switching source type to vendor-matrix.","step":1,"t":"2026-09-18T04:54:44.595Z"}
{"level":"info","event":"action","runId":"f4ccfff4-4a98-4f52-86a7-a40dd3a81758","type":"fetch","rationale":"Inspect the preferred source type (vendor-matrix) before more weak sources","step":2,"t":"2026-09-18T04:54:44.620Z"}
{"level":"info","event":"action","runId":"f4ccfff4-4a98-4f52-86a7-a40dd3a81758","type":"fetch","rationale":"Inspect an already-known source before another generic query","step":3,"t":"2026-09-18T04:54:44.649Z"}
{"level":"info","event":"action","runId":"f4ccfff4-4a98-4f52-86a7-a40dd3a81758","type":"fetch","rationale":"Inspect an already-known source before another generic query","step":4,"t":"2026-09-18T04:54:44.680Z"}
{"level":"info","event":"action","runId":"f4ccfff4-4a98-4f52-86a7-a40dd3a81758","type":"fetch","rationale":"Inspect an already-known source before another generic query","step":5,"t":"2026-09-18T04:54:44.703Z"}
{"level":"info","event":"action","runId":"f4ccfff4-4a98-4f52-86a7-a40dd3a81758","type":"verify","rationale":"Scope-check contradiction on compatibility before treating newest as correct","step":6,"t":"2026-09-18T04:54:44.728Z"}
{"level":"info","event":"action","runId":"f4ccfff4-4a98-4f52-86a7-a40dd3a81758","type":"challenge","rationale":"Disconfirm material conclusion: Official compatibility documentation that lists the named version as supported.","step":7,"t":"2026-09-18T04:54:44.747Z"}
{"level":"info","event":"action","runId":"f4ccfff4-4a98-4f52-86a7-a40dd3a81758","type":"challenge","rationale":"No counterexample found in accessed primary sources. This is not proof that the conclusion is true.","step":8,"t":"2026-09-18T04:54:44.776Z"}
{"level":"info","event":"action","runId":"f4ccfff4-4a98-4f52-86a7-a40dd3a81758","type":"synthesize","rationale":"decision_critical_gaps_resolved_or_unresolvable; high-impact claims supported or qualified; contradictions handled; remaining actions low expected value","step":9,"t":"2026-09-18T04:54:44.798Z"}
{"level":"info","event":"action","runId":"4eaffbb5-9a53-4dec-bbd8-f739deea8a53","type":"search","rationale":"Investigate an uncovered required question","step":0,"t":"2026-09-18T04:54:45.729Z"}
{"level":"info","event":"action","runId":"4eaffbb5-9a53-4dec-bbd8-f739deea8a53","type":"fetch","rationale":"Inspect an already-known source before another generic query","step":1,"t":"2026-09-18T04:54:45.770Z"}
{"level":"info","event":"action","runId":"4eaffbb5-9a53-4dec-bbd8-f739deea8a53","type":"fetch","rationale":"Inspect an already-known source before another generic query","step":2,"t":"2026-09-18T04:54:45.791Z"}
{"level":"info","event":"action","runId":"4eaffbb5-9a53-4dec-bbd8-f739deea8a53","type":"fetch","rationale":"Inspect an already-known source before another generic query","step":3,"t":"2026-09-18T04:54:45.812Z"}
{"level":"info","event":"action","runId":"4eaffbb5-9a53-4dec-bbd8-f739deea8a53","type":"challenge","rationale":"Disconfirm material conclusion: A primary source that directly contradicts this conclusion.","step":4,"t":"2026-09-18T04:54:45.840Z"}
{"level":"info","event":"action","runId":"4eaffbb5-9a53-4dec-bbd8-f739deea8a53","type":"challenge","rationale":"No counterexample found in accessed primary sources. This is not proof that the conclusion is true.","step":5,"t":"2026-09-18T04:54:45.861Z"}
{"level":"info","event":"action","runId":"4eaffbb5-9a53-4dec-bbd8-f739deea8a53","type":"synthesize","rationale":"decision_critical_gaps_resolved_or_unresolvable; high-impact claims supported or qualified; contradictions handled; remaining actions low expected value","step":6,"t":"2026-09-18T04:54:45.878Z"}
{"level":"info","event":"action","runId":"d64e5da5-60ad-4586-ad4d-a25eda56a84c","type":"search","rationale":"Investigate an uncovered required question","step":0,"t":"2026-09-18T04:54:46.269Z"}
{"level":"info","event":"action","runId":"d64e5da5-60ad-4586-ad4d-a25eda56a84c","type":"fetch","rationale":"Inspect an already-known source before another generic query","step":1,"t":"2026-09-18T04:54:46.300Z"}
{"level":"info","event":"action","runId":"d64e5da5-60ad-4586-ad4d-a25eda56a84c","type":"fetch","rationale":"Inspect an already-known source before another generic query","step":2,"t":"2026-09-18T04:54:46.320Z"}
{"level":"info","event":"action","runId":"d64e5da5-60ad-4586-ad4d-a25eda56a84c","type":"fetch","rationale":"Inspect an already-known source before another generic query","step":3,"t":"2026-09-18T04:54:46.343Z"}
{"level":"info","event":"action","runId":"d64e5da5-60ad-4586-ad4d-a25eda56a84c","type":"challenge","rationale":"Disconfirm material conclusion: A hard-constraint violation for a candidate currently marked eligible.","step":4,"t":"2026-09-18T04:54:46.364Z"}
{"level":"info","event":"action","runId":"d64e5da5-60ad-4586-ad4d-a25eda56a84c","type":"challenge","rationale":"No counterexample found in accessed primary sources. This is not proof that the conclusion is true.","step":5,"t":"2026-09-18T04:54:46.386Z"}
{"level":"info","event":"action","runId":"d64e5da5-60ad-4586-ad4d-a25eda56a84c","type":"synthesize","rationale":"decision_critical_gaps_resolved_or_unresolvable; high-impact claims supported or qualified; contradictions handled; remaining actions low expected value","step":6,"t":"2026-09-18T04:54:46.404Z"}
{"level":"info","event":"action","runId":"e5bca75a-f581-410d-bf6e-261044c6697d","type":"search","rationale":"Investigate an uncovered required question","step":0,"t":"2026-09-18T04:54:47.099Z"}
{"level":"info","event":"action","runId":"e5bca75a-f581-410d-bf6e-261044c6697d","type":"fetch","rationale":"Inspect an already-known source before another generic query","step":1,"t":"2026-09-18T04:54:47.141Z"}
{"level":"info","event":"action","runId":"e5bca75a-f581-410d-bf6e-261044c6697d","type":"challenge","rationale":"Disconfirm material conclusion: A primary source that directly contradicts this conclusion.","step":2,"t":"2026-09-18T04:54:47.165Z"}
{"level":"info","event":"action","runId":"e5bca75a-f581-410d-bf6e-261044c6697d","type":"challenge","rationale":"No counterexample found in accessed primary sources. This is not proof that the conclusion is true.","step":3,"t":"2026-09-18T04:54:47.187Z"}
{"level":"info","event":"action","runId":"e5bca75a-f581-410d-bf6e-261044c6697d","type":"synthesize","rationale":"decision_critical_gaps_resolved_or_unresolvable; high-impact claims supported or qualified; contradictions handled; remaining actions low expected value","step":4,"t":"2026-09-18T04:54:47.205Z"}
{"level":"info","event":"action","runId":"5556a887-9488-4530-933f-9761508b2436","type":"search","rationale":"Investigate an uncovered required question","step":0,"t":"2026-09-18T04:54:47.525Z"}
{"level":"info","event":"action","runId":"5556a887-9488-4530-933f-9761508b2436","type":"fetch","rationale":"Inspect an already-known source before another generic query","step":1,"t":"2026-09-18T04:54:47.545Z"}
{"level":"info","event":"action","runId":"5556a887-9488-4530-933f-9761508b2436","type":"challenge","rationale":"Disconfirm material conclusion: A primary source that directly contradicts this conclusion.","step":2,"t":"2026-09-18T04:54:47.564Z"}
{"level":"info","event":"action","runId":"5556a887-9488-4530-933f-9761508b2436","type":"challenge","rationale":"No counterexample found in accessed primary sources. This is not proof that the conclusion is true.","step":3,"t":"2026-09-18T04:54:47.585Z"}
{"level":"info","event":"action","runId":"5556a887-9488-4530-933f-9761508b2436","type":"synthesize","rationale":"decision_critical_gaps_resolved_or_unresolvable; high-impact claims supported or qualified; contradictions handled; remaining actions low expected value","step":4,"t":"2026-09-18T04:54:47.605Z"}
{"level":"info","event":"action","runId":"7a2dba58-da7b-4ec1-925b-bea351fe997e","type":"search","rationale":"Investigate an uncovered required question","step":0,"t":"2026-09-18T04:54:48.278Z"}
{"level":"info","event":"action","runId":"7a2dba58-da7b-4ec1-925b-bea351fe997e","type":"fetch","rationale":"Inspect an already-known source before another generic query","step":1,"t":"2026-09-18T04:54:48.317Z"}
{"level":"info","event":"action","runId":"7a2dba58-da7b-4ec1-925b-bea351fe997e","type":"fetch","rationale":"Inspect an already-known source before another generic query","step":2,"t":"2026-09-18T04:54:48.343Z"}
{"level":"info","event":"action","runId":"7a2dba58-da7b-4ec1-925b-bea351fe997e","type":"fetch","rationale":"Inspect an already-known source before another generic query","step":3,"t":"2026-09-18T04:54:48.366Z"}
{"level":"info","event":"action","runId":"7a2dba58-da7b-4ec1-925b-bea351fe997e","type":"challenge","rationale":"Disconfirm material conclusion: A primary source that directly contradicts this conclusion.","step":4,"t":"2026-09-18T04:54:48.391Z"}
{"level":"info","event":"action","runId":"7a2dba58-da7b-4ec1-925b-bea351fe997e","type":"challenge","rationale":"No counterexample found in accessed primary sources. This is not proof that the conclusion is true.","step":5,"t":"2026-09-18T04:54:48.416Z"}
{"level":"info","event":"action","runId":"7a2dba58-da7b-4ec1-925b-bea351fe997e","type":"synthesize","rationale":"decision_critical_gaps_resolved_or_unresolvable; high-impact claims supported or qualified; contradictions handled; remaining actions low expected value","step":6,"t":"2026-09-18T04:54:48.436Z"}
{"level":"info","event":"action","runId":"1ce52b25-a11b-45c9-94b6-0881eb75717e","type":"search","rationale":"Investigate an uncovered required question","step":0,"t":"2026-09-18T04:54:48.801Z"}
{"level":"info","event":"action","runId":"1ce52b25-a11b-45c9-94b6-0881eb75717e","type":"fetch","rationale":"Inspect an already-known source before another generic query","step":1,"t":"2026-09-18T04:54:48.827Z"}
{"level":"info","event":"action","runId":"1ce52b25-a11b-45c9-94b6-0881eb75717e","type":"fetch","rationale":"Inspect an already-known source before another generic query","step":2,"t":"2026-09-18T04:54:48.845Z"}
{"level":"info","event":"action","runId":"1ce52b25-a11b-45c9-94b6-0881eb75717e","type":"fetch","rationale":"Inspect an already-known source before another generic query","step":3,"t":"2026-09-18T04:54:48.861Z"}
{"level":"info","event":"action","runId":"1ce52b25-a11b-45c9-94b6-0881eb75717e","type":"challenge","rationale":"Disconfirm material conclusion: A primary source that directly contradicts this conclusion.","step":4,"t":"2026-09-18T04:54:48.884Z"}
{"level":"info","event":"action","runId":"1ce52b25-a11b-45c9-94b6-0881eb75717e","type":"challenge","rationale":"Disconfirm material conclusion: A primary source that directly contradicts this conclusion.","step":5,"t":"2026-09-18T04:54:48.901Z"}
{"level":"info","event":"action","runId":"1ce52b25-a11b-45c9-94b6-0881eb75717e","type":"challenge","rationale":"Disconfirm material conclusion: A primary source that directly contradicts this conclusion.","step":6,"t":"2026-09-18T04:54:48.918Z"}
{"level":"info","event":"action","runId":"1ce52b25-a11b-45c9-94b6-0881eb75717e","type":"challenge","rationale":"Disconfirm material conclusion: A primary source that directly contradicts this conclusion.","step":7,"t":"2026-09-18T04:54:48.939Z"}
{"level":"info","event":"action","runId":"1ce52b25-a11b-45c9-94b6-0881eb75717e","type":"challenge","rationale":"Disconfirm material conclusion: A primary source that directly contradicts this conclusion.","step":8,"t":"2026-09-18T04:54:48.959Z"}
{"level":"info","event":"action","runId":"1ce52b25-a11b-45c9-94b6-0881eb75717e","type":"challenge","rationale":"Disconfirm material conclusion: A primary source that directly contradicts this conclusion.","step":9,"t":"2026-09-18T04:54:48.978Z"}
{"level":"info","event":"action","runId":"1ce52b25-a11b-45c9-94b6-0881eb75717e","type":"challenge","rationale":"Disconfirm material conclusion: A primary source that directly contradicts this conclusion.","step":10,"t":"2026-09-18T04:54:48.995Z"}
{"level":"info","event":"action","runId":"1ce52b25-a11b-45c9-94b6-0881eb75717e","type":"challenge","rationale":"No counterexample found in accessed primary sources. This is not proof that the conclusion is true.","step":11,"t":"2026-09-18T04:54:49.012Z"}
{"level":"info","event":"action","runId":"1ce52b25-a11b-45c9-94b6-0881eb75717e","type":"stop","rationale":"Repeated searches returned no novel source family or coverage progress","step":12,"t":"2026-09-18T04:54:49.027Z"}
{"level":"info","event":"action","runId":"9b4e8ec2-3dda-4bfd-a7b2-44ef4d6d5e1b","type":"search","rationale":"Investigate an uncovered required question","step":0,"t":"2026-09-18T04:54:49.607Z"}
{"level":"info","event":"action","runId":"9b4e8ec2-3dda-4bfd-a7b2-44ef4d6d5e1b","type":"fetch","rationale":"Inspect an already-known source before another generic query","step":1,"t":"2026-09-18T04:54:49.629Z"}
{"level":"info","event":"action","runId":"9b4e8ec2-3dda-4bfd-a7b2-44ef4d6d5e1b","type":"fetch","rationale":"Inspect an already-known source before another generic query","step":2,"t":"2026-09-18T04:54:49.643Z"}
{"level":"info","event":"action","runId":"9b4e8ec2-3dda-4bfd-a7b2-44ef4d6d5e1b","type":"fetch","rationale":"Inspect an already-known source before another generic query","step":3,"t":"2026-09-18T04:54:49.658Z"}
{"level":"info","event":"action","runId":"9b4e8ec2-3dda-4bfd-a7b2-44ef4d6d5e1b","type":"challenge","rationale":"Disconfirm material conclusion: A primary source that directly contradicts this conclusion.","step":4,"t":"2026-09-18T04:54:49.675Z"}
{"level":"info","event":"action","runId":"9b4e8ec2-3dda-4bfd-a7b2-44ef4d6d5e1b","type":"challenge","rationale":"No counterexample found in accessed primary sources. This is not proof that the conclusion is true.","step":5,"t":"2026-09-18T04:54:49.689Z"}
{"level":"info","event":"action","runId":"9b4e8ec2-3dda-4bfd-a7b2-44ef4d6d5e1b","type":"synthesize","rationale":"decision_critical_gaps_resolved_or_unresolvable; high-impact claims supported or qualified; contradictions handled; remaining actions low expected value","step":6,"t":"2026-09-18T04:54:49.701Z"}
{"level":"info","event":"action","runId":"cae66f2b-ef54-4448-bda7-2b359dca5a94","type":"search","rationale":"Investigate an uncovered required question","step":0,"t":"2026-09-18T04:54:49.971Z"}
{"level":"info","event":"action","runId":"cae66f2b-ef54-4448-bda7-2b359dca5a94","type":"fetch","rationale":"Inspect an already-known source before another generic query","step":1,"t":"2026-09-18T04:54:49.986Z"}
{"level":"info","event":"action","runId":"cae66f2b-ef54-4448-bda7-2b359dca5a94","type":"fetch","rationale":"Inspect an already-known source before another generic query","step":2,"t":"2026-09-18T04:54:49.998Z"}
{"level":"info","event":"action","runId":"cae66f2b-ef54-4448-bda7-2b359dca5a94","type":"fetch","rationale":"Inspect an already-known source before another generic query","step":3,"t":"2026-09-18T04:54:50.010Z"}
{"level":"info","event":"action","runId":"cae66f2b-ef54-4448-bda7-2b359dca5a94","type":"challenge","rationale":"Disconfirm material conclusion: A hard-constraint violation for a candidate currently marked eligible.","step":4,"t":"2026-09-18T04:54:50.022Z"}
{"level":"info","event":"action","runId":"cae66f2b-ef54-4448-bda7-2b359dca5a94","type":"challenge","rationale":"No counterexample found in accessed primary sources. This is not proof that the conclusion is true.","step":5,"t":"2026-09-18T04:54:50.036Z"}
{"level":"info","event":"action","runId":"cae66f2b-ef54-4448-bda7-2b359dca5a94","type":"synthesize","rationale":"decision_critical_gaps_resolved_or_unresolvable; high-impact claims supported or qualified; contradictions handled; remaining actions low expected value","step":6,"t":"2026-09-18T04:54:50.047Z"}
{"level":"info","event":"action","runId":"a95f51c6-683f-4c68-950f-d0343d113dc6","type":"search","rationale":"Investigate an uncovered required question","step":0,"t":"2026-09-18T04:54:50.308Z"}
{"level":"info","event":"action","runId":"a95f51c6-683f-4c68-950f-d0343d113dc6","type":"fetch","rationale":"Inspect an already-known source before another generic query","step":1,"t":"2026-09-18T04:54:50.328Z"}
{"level":"info","event":"action","runId":"a95f51c6-683f-4c68-950f-d0343d113dc6","type":"fetch","rationale":"Inspect an already-known source before another generic query","step":2,"t":"2026-09-18T04:54:50.341Z"}
{"level":"info","event":"action","runId":"a95f51c6-683f-4c68-950f-d0343d113dc6","type":"fetch","rationale":"Inspect an already-known source before another generic query","step":3,"t":"2026-09-18T04:54:50.354Z"}
{"level":"info","event":"action","runId":"a95f51c6-683f-4c68-950f-d0343d113dc6","type":"challenge","rationale":"Disconfirm material conclusion: A primary source that directly contradicts this conclusion.","step":4,"t":"2026-09-18T04:54:50.371Z"}
{"level":"info","event":"action","runId":"a95f51c6-683f-4c68-950f-d0343d113dc6","type":"challenge","rationale":"No counterexample found in accessed primary sources. This is not proof that the conclusion is true.","step":5,"t":"2026-09-18T04:54:50.384Z"}
{"level":"info","event":"action","runId":"a95f51c6-683f-4c68-950f-d0343d113dc6","type":"synthesize","rationale":"decision_critical_gaps_resolved_or_unresolvable; high-impact claims supported or qualified; contradictions handled; remaining actions low expected value","step":6,"t":"2026-09-18T04:54:50.394Z"}
{"level":"info","event":"action","runId":"27936901-7b82-45aa-bec5-e2ca89de1056","type":"search","rationale":"Investigate an uncovered required question","step":0,"t":"2026-09-18T04:54:50.663Z"}
{"level":"info","event":"action","runId":"27936901-7b82-45aa-bec5-e2ca89de1056","type":"fetch","rationale":"Inspect an already-known source before another generic query","step":1,"t":"2026-09-18T04:54:50.678Z"}
{"level":"info","event":"action","runId":"27936901-7b82-45aa-bec5-e2ca89de1056","type":"fetch","rationale":"Inspect an already-known source before another generic query","step":2,"t":"2026-09-18T04:54:50.691Z"}
{"level":"info","event":"action","runId":"27936901-7b82-45aa-bec5-e2ca89de1056","type":"fetch","rationale":"Inspect an already-known source before another generic query","step":3,"t":"2026-09-18T04:54:50.703Z"}
{"level":"info","event":"action","runId":"27936901-7b82-45aa-bec5-e2ca89de1056","type":"challenge","rationale":"Disconfirm material conclusion: A hard-constraint violation for a candidate currently marked eligible.","step":4,"t":"2026-09-18T04:54:50.716Z"}
{"level":"info","event":"action","runId":"27936901-7b82-45aa-bec5-e2ca89de1056","type":"challenge","rationale":"No counterexample found in accessed primary sources. This is not proof that the conclusion is true.","step":5,"t":"2026-09-18T04:54:50.729Z"}
{"level":"info","event":"action","runId":"27936901-7b82-45aa-bec5-e2ca89de1056","type":"synthesize","rationale":"decision_critical_gaps_resolved_or_unresolvable; high-impact claims supported or qualified; contradictions handled; remaining actions low expected value","step":6,"t":"2026-09-18T04:54:50.740Z"}
{"level":"info","event":"action","runId":"b2203dcd-63ff-456c-87ec-18ed3f96c0f8","type":"search","rationale":"Investigate an uncovered required question","step":0,"t":"2026-09-18T04:54:51.542Z"}
{"level":"info","event":"action","runId":"b2203dcd-63ff-456c-87ec-18ed3f96c0f8","type":"fetch","rationale":"Inspect an already-known source before another generic query","step":1,"t":"2026-09-18T04:54:51.565Z"}
{"level":"info","event":"action","runId":"b2203dcd-63ff-456c-87ec-18ed3f96c0f8","type":"fetch","rationale":"Inspect an already-known source before another generic query","step":2,"t":"2026-09-18T04:54:51.579Z"}
{"level":"info","event":"action","runId":"b2203dcd-63ff-456c-87ec-18ed3f96c0f8","type":"fetch","rationale":"Inspect an already-known source before another generic query","step":3,"t":"2026-09-18T04:54:51.593Z"}
{"level":"info","event":"action","runId":"b2203dcd-63ff-456c-87ec-18ed3f96c0f8","type":"challenge","rationale":"Disconfirm material conclusion: A primary source that directly contradicts this conclusion.","step":4,"t":"2026-09-18T04:54:51.611Z"}
{"level":"info","event":"action","runId":"b2203dcd-63ff-456c-87ec-18ed3f96c0f8","type":"challenge","rationale":"No counterexample found in accessed primary sources. This is not proof that the conclusion is true.","step":5,"t":"2026-09-18T04:54:51.625Z"}
{"level":"info","event":"action","runId":"b2203dcd-63ff-456c-87ec-18ed3f96c0f8","type":"synthesize","rationale":"decision_critical_gaps_resolved_or_unresolvable; high-impact claims supported or qualified; contradictions handled; remaining actions low expected value","step":6,"t":"2026-09-18T04:54:51.641Z"}
{"level":"info","event":"action","runId":"3876bb38-fee5-445b-b9d0-6304295b7184","type":"search","rationale":"Investigate an uncovered required question","step":0,"t":"2026-09-18T04:54:51.929Z"}
{"level":"info","event":"action","runId":"3876bb38-fee5-445b-b9d0-6304295b7184","type":"fetch","rationale":"Inspect an already-known source before another generic query","step":1,"t":"2026-09-18T04:54:51.945Z"}
{"level":"info","event":"action","runId":"3876bb38-fee5-445b-b9d0-6304295b7184","type":"fetch","rationale":"Inspect an already-known source before another generic query","step":2,"t":"2026-09-18T04:54:51.959Z"}
{"level":"info","event":"action","runId":"3876bb38-fee5-445b-b9d0-6304295b7184","type":"challenge","rationale":"Disconfirm material conclusion: A primary source that directly contradicts this conclusion.","step":3,"t":"2026-09-18T04:54:51.973Z"}
{"level":"info","event":"action","runId":"3876bb38-fee5-445b-b9d0-6304295b7184","type":"challenge","rationale":"Disconfirm material conclusion: A primary source that directly contradicts this conclusion.","step":4,"t":"2026-09-18T04:54:51.989Z"}
{"level":"info","event":"action","runId":"3876bb38-fee5-445b-b9d0-6304295b7184","type":"challenge","rationale":"Disconfirm material conclusion: A primary source that directly contradicts this conclusion.","step":5,"t":"2026-09-18T04:54:52.004Z"}
{"level":"info","event":"action","runId":"3876bb38-fee5-445b-b9d0-6304295b7184","type":"challenge","rationale":"Disconfirm material conclusion: A primary source that directly contradicts this conclusion.","step":6,"t":"2026-09-18T04:54:52.018Z"}
{"level":"info","event":"action","runId":"3876bb38-fee5-445b-b9d0-6304295b7184","type":"challenge","rationale":"Disconfirm material conclusion: A primary source that directly contradicts this conclusion.","step":7,"t":"2026-09-18T04:54:52.032Z"}
{"level":"info","event":"action","runId":"3876bb38-fee5-445b-b9d0-6304295b7184","type":"challenge","rationale":"Disconfirm material conclusion: A primary source that directly contradicts this conclusion.","step":8,"t":"2026-09-18T04:54:52.046Z"}
{"level":"info","event":"action","runId":"3876bb38-fee5-445b-b9d0-6304295b7184","type":"challenge","rationale":"Disconfirm material conclusion: A primary source that directly contradicts this conclusion.","step":9,"t":"2026-09-18T04:54:52.060Z"}
{"level":"info","event":"action","runId":"3876bb38-fee5-445b-b9d0-6304295b7184","type":"challenge","rationale":"No counterexample found in accessed primary sources. This is not proof that the conclusion is true.","step":10,"t":"2026-09-18T04:54:52.076Z"}
{"level":"info","event":"action","runId":"3876bb38-fee5-445b-b9d0-6304295b7184","type":"stop","rationale":"Repeated searches returned no novel source family or coverage progress","step":11,"t":"2026-09-18T04:54:52.090Z"}
{"level":"info","event":"action","runId":"2548404e-dbe6-4755-9a8d-b47f6c114d73","type":"search","rationale":"Investigate an uncovered required question","step":0,"t":"2026-09-18T04:54:52.967Z"}
{"level":"info","event":"action","runId":"2548404e-dbe6-4755-9a8d-b47f6c114d73","type":"fetch","rationale":"Inspect an already-known source before another generic query","step":1,"t":"2026-09-18T04:54:52.989Z"}
{"level":"info","event":"action","runId":"2548404e-dbe6-4755-9a8d-b47f6c114d73","type":"fetch","rationale":"Inspect an already-known source before another generic query","step":2,"t":"2026-09-18T04:54:53.002Z"}
{"level":"info","event":"action","runId":"2548404e-dbe6-4755-9a8d-b47f6c114d73","type":"fetch","rationale":"Inspect an already-known source before another generic query","step":3,"t":"2026-09-18T04:54:53.016Z"}
{"level":"info","event":"action","runId":"2548404e-dbe6-4755-9a8d-b47f6c114d73","type":"challenge","rationale":"Disconfirm material conclusion: A primary source that directly contradicts this conclusion.","step":4,"t":"2026-09-18T04:54:53.034Z"}
{"level":"info","event":"action","runId":"2548404e-dbe6-4755-9a8d-b47f6c114d73","type":"challenge","rationale":"No counterexample found in accessed primary sources. This is not proof that the conclusion is true.","step":5,"t":"2026-09-18T04:54:53.047Z"}
{"level":"info","event":"action","runId":"2548404e-dbe6-4755-9a8d-b47f6c114d73","type":"synthesize","rationale":"decision_critical_gaps_resolved_or_unresolvable; high-impact claims supported or qualified; contradictions handled; remaining actions low expected value","step":6,"t":"2026-09-18T04:54:53.059Z"}
{"level":"info","event":"action","runId":"5b40c0c7-f491-4a9f-b78d-b30a71b32ebc","type":"search","rationale":"Investigate an uncovered required question","step":0,"t":"2026-09-18T04:54:53.841Z"}
{"level":"info","event":"action","runId":"5b40c0c7-f491-4a9f-b78d-b30a71b32ebc","type":"fetch","rationale":"Inspect an already-known source before another generic query","step":1,"t":"2026-09-18T04:54:53.862Z"}
{"level":"info","event":"action","runId":"5b40c0c7-f491-4a9f-b78d-b30a71b32ebc","type":"fetch","rationale":"Inspect an already-known source before another generic query","step":2,"t":"2026-09-18T04:54:53.876Z"}
{"level":"info","event":"action","runId":"5b40c0c7-f491-4a9f-b78d-b30a71b32ebc","type":"fetch","rationale":"Inspect an already-known source before another generic query","step":3,"t":"2026-09-18T04:54:53.888Z"}
{"level":"info","event":"action","runId":"5b40c0c7-f491-4a9f-b78d-b30a71b32ebc","type":"fetch","rationale":"Inspect an already-known source before another generic query","step":4,"t":"2026-09-18T04:54:53.902Z"}
{"level":"info","event":"action","runId":"5b40c0c7-f491-4a9f-b78d-b30a71b32ebc","type":"fetch","rationale":"Inspect an already-known source before another generic query","step":5,"t":"2026-09-18T04:54:53.916Z"}
{"level":"info","event":"action","runId":"5b40c0c7-f491-4a9f-b78d-b30a71b32ebc","type":"challenge","rationale":"Disconfirm material conclusion: A primary source that directly contradicts this conclusion.","step":6,"t":"2026-09-18T04:54:53.930Z"}
{"level":"info","event":"action","runId":"5b40c0c7-f491-4a9f-b78d-b30a71b32ebc","type":"challenge","rationale":"No counterexample found in accessed primary sources. This is not proof that the conclusion is true.","step":7,"t":"2026-09-18T04:54:53.944Z"}
{"level":"info","event":"action","runId":"5b40c0c7-f491-4a9f-b78d-b30a71b32ebc","type":"synthesize","rationale":"decision_critical_gaps_resolved_or_unresolvable; high-impact claims supported or qualified; contradictions handled; remaining actions low expected value","step":8,"t":"2026-09-18T04:54:53.957Z"}
{"level":"info","event":"action","runId":"b11ea5b6-fc92-48b1-bf95-75e2d2827436","type":"search","rationale":"Investigate an uncovered required question","step":0,"t":"2026-09-18T04:54:54.825Z"}
{"level":"info","event":"action","runId":"b11ea5b6-fc92-48b1-bf95-75e2d2827436","type":"fetch","rationale":"Inspect an already-known source before another generic query","step":1,"t":"2026-09-18T04:54:54.843Z"}
{"level":"info","event":"action","runId":"b11ea5b6-fc92-48b1-bf95-75e2d2827436","type":"challenge","rationale":"Disconfirm material conclusion: A primary source that directly contradicts this conclusion.","step":2,"t":"2026-09-18T04:54:54.858Z"}
{"level":"info","event":"action","runId":"b11ea5b6-fc92-48b1-bf95-75e2d2827436","type":"challenge","rationale":"No counterexample found in accessed primary sources. This is not proof that the conclusion is true.","step":3,"t":"2026-09-18T04:54:54.874Z"}
{"level":"info","event":"action","runId":"b11ea5b6-fc92-48b1-bf95-75e2d2827436","type":"synthesize","rationale":"decision_critical_gaps_resolved_or_unresolvable; high-impact claims supported or qualified; contradictions handled; remaining actions low expected value","step":4,"t":"2026-09-18T04:54:54.887Z"}
{"level":"info","event":"action","runId":"7aa8752f-9f1e-433a-9d20-01b431dd5a40","type":"search","rationale":"Investigate an uncovered required question","step":0,"t":"2026-09-18T04:54:56.543Z"}
{"level":"info","event":"action","runId":"7aa8752f-9f1e-433a-9d20-01b431dd5a40","type":"fetch","rationale":"Inspect an already-known source before another generic query","step":1,"t":"2026-09-18T04:54:56.563Z"}
{"level":"info","event":"action","runId":"7aa8752f-9f1e-433a-9d20-01b431dd5a40","type":"fetch","rationale":"Inspect an already-known source before another generic query","step":2,"t":"2026-09-18T04:54:56.577Z"}
{"level":"info","event":"action","runId":"7aa8752f-9f1e-433a-9d20-01b431dd5a40","type":"fetch","rationale":"Inspect an already-known source before another generic query","step":3,"t":"2026-09-18T04:54:56.590Z"}
{"level":"info","event":"action","runId":"7aa8752f-9f1e-433a-9d20-01b431dd5a40","type":"fetch","rationale":"Inspect an already-known source before another generic query","step":4,"t":"2026-09-18T04:54:56.603Z"}
{"level":"info","event":"action","runId":"7aa8752f-9f1e-433a-9d20-01b431dd5a40","type":"fetch","rationale":"Inspect an already-known source before another generic query","step":5,"t":"2026-09-18T04:54:56.617Z"}
{"level":"info","event":"action","runId":"7aa8752f-9f1e-433a-9d20-01b431dd5a40","type":"challenge","rationale":"Disconfirm material conclusion: A primary source that directly contradicts this conclusion.","step":6,"t":"2026-09-18T04:54:56.630Z"}
{"level":"info","event":"action","runId":"7aa8752f-9f1e-433a-9d20-01b431dd5a40","type":"challenge","rationale":"No counterexample found in accessed primary sources. This is not proof that the conclusion is true.","step":7,"t":"2026-09-18T04:54:56.644Z"}
{"level":"info","event":"action","runId":"7aa8752f-9f1e-433a-9d20-01b431dd5a40","type":"synthesize","rationale":"decision_critical_gaps_resolved_or_unresolvable; high-impact claims supported or qualified; contradictions handled; remaining actions low expected value","step":8,"t":"2026-09-18T04:54:56.655Z"}
{"level":"info","event":"action","runId":"2bbe2024-279a-48e2-806c-625dfdc45b98","type":"search","rationale":"Investigate an uncovered required question","step":0,"t":"2026-09-18T04:55:13.789Z"}
{"level":"info","event":"action","runId":"2bbe2024-279a-48e2-806c-625dfdc45b98","type":"fetch","rationale":"Inspect an already-known source before another generic query","step":1,"t":"2026-09-18T04:55:13.883Z"}
{"level":"info","event":"action","runId":"2bbe2024-279a-48e2-806c-625dfdc45b98","type":"fetch","rationale":"Inspect an already-known source before another generic query","step":2,"t":"2026-09-18T04:55:13.915Z"}
{"level":"info","event":"action","runId":"2bbe2024-279a-48e2-806c-625dfdc45b98","type":"fetch","rationale":"Inspect an already-known source before another generic query","step":3,"t":"2026-09-18T04:55:13.944Z"}
{"level":"info","event":"action","runId":"2bbe2024-279a-48e2-806c-625dfdc45b98","type":"challenge","rationale":"Disconfirm material conclusion: A primary source that directly contradicts this conclusion.","step":4,"t":"2026-09-18T04:55:13.982Z"}
{"level":"info","event":"action","runId":"2bbe2024-279a-48e2-806c-625dfdc45b98","type":"challenge","rationale":"No counterexample found in accessed primary sources. This is not proof that the conclusion is true.","step":5,"t":"2026-09-18T04:55:14.010Z"}
{"level":"info","event":"action","runId":"2bbe2024-279a-48e2-806c-625dfdc45b98","type":"synthesize","rationale":"decision_critical_gaps_resolved_or_unresolvable; high-impact claims supported or qualified; contradictions handled; remaining actions low expected value","step":6,"t":"2026-09-18T04:55:14.037Z"}
{"level":"info","event":"action","runId":"b56c502f-2faa-42f3-8d58-47145524c85d","type":"search","rationale":"Investigate an uncovered required question","step":0,"t":"2026-09-18T04:55:14.718Z"}
{"level":"info","event":"action","runId":"b56c502f-2faa-42f3-8d58-47145524c85d","type":"fetch","rationale":"Inspect an already-known source before another generic query","step":1,"t":"2026-09-18T04:55:14.738Z"}
{"level":"info","event":"action","runId":"b56c502f-2faa-42f3-8d58-47145524c85d","type":"challenge","rationale":"Disconfirm material conclusion: A current official catalog entry for the named product.","step":2,"t":"2026-09-18T04:55:14.755Z"}
{"level":"info","event":"action","runId":"b56c502f-2faa-42f3-8d58-47145524c85d","type":"challenge","rationale":"No counterexample found in accessed primary sources. This is not proof that the conclusion is true.","step":3,"t":"2026-09-18T04:55:14.773Z"}
{"level":"info","event":"action","runId":"b56c502f-2faa-42f3-8d58-47145524c85d","type":"synthesize","rationale":"decision_critical_gaps_resolved_or_unresolvable; high-impact claims supported or qualified; contradictions handled; remaining actions low expected value","step":4,"t":"2026-09-18T04:55:14.789Z"}
{"level":"info","event":"action","runId":"7bf3b0df-6029-45b7-8d6f-226dd3a97bfc","type":"search","rationale":"Investigate an uncovered required question","step":0,"t":"2026-09-18T04:55:15.350Z"}
{"level":"info","event":"action","runId":"7bf3b0df-6029-45b7-8d6f-226dd3a97bfc","type":"fetch","rationale":"Inspect an already-known source before another generic query","step":1,"t":"2026-09-18T04:55:15.376Z"}
{"level":"info","event":"action","runId":"7bf3b0df-6029-45b7-8d6f-226dd3a97bfc","type":"fetch","rationale":"Inspect an already-known source before another generic query","step":2,"t":"2026-09-18T04:55:15.392Z"}
{"level":"info","event":"action","runId":"7bf3b0df-6029-45b7-8d6f-226dd3a97bfc","type":"fetch","rationale":"Inspect an already-known source before another generic query","step":3,"t":"2026-09-18T04:55:15.407Z"}
{"level":"info","event":"action","runId":"7bf3b0df-6029-45b7-8d6f-226dd3a97bfc","type":"fetch","rationale":"Inspect an already-known source before another generic query","step":4,"t":"2026-09-18T04:55:15.421Z"}
{"level":"info","event":"action","runId":"7bf3b0df-6029-45b7-8d6f-226dd3a97bfc","type":"fetch","rationale":"Inspect an already-known source before another generic query","step":5,"t":"2026-09-18T04:55:15.437Z"}
{"level":"info","event":"action","runId":"7bf3b0df-6029-45b7-8d6f-226dd3a97bfc","type":"challenge","rationale":"Disconfirm material conclusion: A primary source that directly contradicts this conclusion.","step":6,"t":"2026-09-18T04:55:15.451Z"}
{"level":"info","event":"action","runId":"7bf3b0df-6029-45b7-8d6f-226dd3a97bfc","type":"challenge","rationale":"No counterexample found in accessed primary sources. This is not proof that the conclusion is true.","step":7,"t":"2026-09-18T04:55:15.465Z"}
{"level":"info","event":"action","runId":"7bf3b0df-6029-45b7-8d6f-226dd3a97bfc","type":"synthesize","rationale":"decision_critical_gaps_resolved_or_unresolvable; high-impact claims supported or qualified; contradictions handled; remaining actions low expected value","step":8,"t":"2026-09-18T04:55:15.477Z"}
{"level":"info","event":"action","runId":"8d06d0cc-67c3-4b08-9239-9c9f4728a93f","type":"search","rationale":"Initial dataset excludes the user's stated population; pivot source type","step":0,"t":"2026-09-18T04:55:16.026Z"}
{"level":"info","event":"action","runId":"8d06d0cc-67c3-4b08-9239-9c9f4728a93f","type":"search","rationale":"Decision-blocking gap: population-specific evidence. Switching source type to population-specific.","step":1,"t":"2026-09-18T04:55:16.045Z"}
{"level":"info","event":"action","runId":"8d06d0cc-67c3-4b08-9239-9c9f4728a93f","type":"search","rationale":"Decision-blocking gap: population-specific evidence. Switching source type to population-specific.","step":2,"t":"2026-09-18T04:55:16.062Z"}
{"level":"info","event":"action","runId":"8d06d0cc-67c3-4b08-9239-9c9f4728a93f","type":"search","rationale":"Decision-blocking gap: population-specific evidence. Switching source type to population-specific.","step":3,"t":"2026-09-18T04:55:16.079Z"}
{"level":"info","event":"action","runId":"8d06d0cc-67c3-4b08-9239-9c9f4728a93f","type":"search","rationale":"Decision-blocking gap: population-specific evidence. Switching source type to population-specific.","step":4,"t":"2026-09-18T04:55:16.093Z"}
{"level":"info","event":"action","runId":"8d06d0cc-67c3-4b08-9239-9c9f4728a93f","type":"search","rationale":"Decision-blocking gap: population-specific evidence. Switching source type to population-specific.","step":5,"t":"2026-09-18T04:55:16.113Z"}
{"level":"info","event":"action","runId":"8d06d0cc-67c3-4b08-9239-9c9f4728a93f","type":"search","rationale":"Decision-blocking gap: population-specific evidence. Switching source type to population-specific.","step":6,"t":"2026-09-18T04:55:16.126Z"}
{"level":"info","event":"action","runId":"8d06d0cc-67c3-4b08-9239-9c9f4728a93f","type":"search","rationale":"Decision-blocking gap: population-specific evidence. Switching source type to population-specific.","step":7,"t":"2026-09-18T04:55:16.142Z"}
{"level":"info","event":"action","runId":"8d06d0cc-67c3-4b08-9239-9c9f4728a93f","type":"fetch","rationale":"Inspect an already-known source before another generic query","step":8,"t":"2026-09-18T04:55:16.156Z"}
{"level":"info","event":"action","runId":"8d06d0cc-67c3-4b08-9239-9c9f4728a93f","type":"fetch","rationale":"Inspect an already-known source before another generic query","step":9,"t":"2026-09-18T04:55:16.170Z"}
{"level":"info","event":"action","runId":"8d06d0cc-67c3-4b08-9239-9c9f4728a93f","type":"challenge","rationale":"No counterexample found in accessed primary sources. This is not proof that the conclusion is true.","step":10,"t":"2026-09-18T04:55:16.185Z"}
{"level":"info","event":"action","runId":"8d06d0cc-67c3-4b08-9239-9c9f4728a93f","type":"stop","rationale":"Repeated searches returned no novel source family or coverage progress","step":11,"t":"2026-09-18T04:55:16.196Z"}
{"level":"info","event":"action","runId":"912e9457-e430-4e71-900a-69d42032de68","type":"search","rationale":"Investigate an uncovered required question","step":0,"t":"2026-09-18T04:55:16.735Z"}
{"level":"info","event":"action","runId":"912e9457-e430-4e71-900a-69d42032de68","type":"fetch","rationale":"Inspect an already-known source before another generic query","step":1,"t":"2026-09-18T04:55:16.751Z"}
{"level":"info","event":"action","runId":"912e9457-e430-4e71-900a-69d42032de68","type":"challenge","rationale":"Disconfirm material conclusion: A primary source that directly contradicts this conclusion.","step":2,"t":"2026-09-18T04:55:16.765Z"}
{"level":"info","event":"action","runId":"912e9457-e430-4e71-900a-69d42032de68","type":"challenge","rationale":"No counterexample found in accessed primary sources. This is not proof that the conclusion is true.","step":3,"t":"2026-09-18T04:55:16.778Z"}
{"level":"info","event":"action","runId":"912e9457-e430-4e71-900a-69d42032de68","type":"synthesize","rationale":"decision_critical_gaps_resolved_or_unresolvable; high-impact claims supported or qualified; contradictions handled; remaining actions low expected value","step":4,"t":"2026-09-18T04:55:16.789Z"}
{"level":"info","event":"action","runId":"b4173c43-146b-441b-adcb-5aa7db42d1a2","type":"search","rationale":"Investigate an uncovered required question","step":0,"t":"2026-09-18T04:55:17.326Z"}
{"level":"info","event":"action","runId":"b4173c43-146b-441b-adcb-5aa7db42d1a2","type":"fetch","rationale":"Inspect an already-known source before another generic query","step":1,"t":"2026-09-18T04:55:17.350Z"}
{"level":"info","event":"action","runId":"b4173c43-146b-441b-adcb-5aa7db42d1a2","type":"fetch","rationale":"Inspect an already-known source before another generic query","step":2,"t":"2026-09-18T04:55:17.364Z"}
{"level":"info","event":"action","runId":"b4173c43-146b-441b-adcb-5aa7db42d1a2","type":"fetch","rationale":"Inspect an already-known source before another generic query","step":3,"t":"2026-09-18T04:55:17.378Z"}
{"level":"info","event":"action","runId":"b4173c43-146b-441b-adcb-5aa7db42d1a2","type":"challenge","rationale":"Disconfirm material conclusion: A primary source that directly contradicts this conclusion.","step":4,"t":"2026-09-18T04:55:17.395Z"}
{"level":"info","event":"action","runId":"b4173c43-146b-441b-adcb-5aa7db42d1a2","type":"challenge","rationale":"No counterexample found in accessed primary sources. This is not proof that the conclusion is true.","step":5,"t":"2026-09-18T04:55:17.409Z"}
{"level":"info","event":"action","runId":"b4173c43-146b-441b-adcb-5aa7db42d1a2","type":"synthesize","rationale":"decision_critical_gaps_resolved_or_unresolvable; high-impact claims supported or qualified; contradictions handled; remaining actions low expected value","step":6,"t":"2026-09-18T04:55:17.421Z"}
{"level":"info","event":"action","runId":"2f6d21c2-f499-459f-add2-523ddfd35fac","type":"search","rationale":"Investigate an uncovered required question","step":0,"t":"2026-09-18T04:55:17.988Z"}
{"level":"info","event":"action","runId":"2f6d21c2-f499-459f-add2-523ddfd35fac","type":"fetch","rationale":"Inspect an already-known source before another generic query","step":1,"t":"2026-09-18T04:55:18.008Z"}
{"level":"info","event":"action","runId":"2f6d21c2-f499-459f-add2-523ddfd35fac","type":"fetch","rationale":"Inspect an already-known source before another generic query","step":2,"t":"2026-09-18T04:55:18.021Z"}
{"level":"info","event":"action","runId":"2f6d21c2-f499-459f-add2-523ddfd35fac","type":"fetch","rationale":"Inspect an already-known source before another generic query","step":3,"t":"2026-09-18T04:55:18.033Z"}
{"level":"info","event":"action","runId":"2f6d21c2-f499-459f-add2-523ddfd35fac","type":"fetch","rationale":"Inspect an already-known source before another generic query","step":4,"t":"2026-09-18T04:55:18.045Z"}
{"level":"info","event":"action","runId":"2f6d21c2-f499-459f-add2-523ddfd35fac","type":"fetch","rationale":"Inspect an already-known source before another generic query","step":5,"t":"2026-09-18T04:55:18.058Z"}
{"level":"info","event":"action","runId":"2f6d21c2-f499-459f-add2-523ddfd35fac","type":"challenge","rationale":"Disconfirm material conclusion: A primary source that directly contradicts this conclusion.","step":6,"t":"2026-09-18T04:55:18.072Z"}
{"level":"info","event":"action","runId":"2f6d21c2-f499-459f-add2-523ddfd35fac","type":"challenge","rationale":"No counterexample found in accessed primary sources. This is not proof that the conclusion is true.","step":7,"t":"2026-09-18T04:55:18.084Z"}
{"level":"info","event":"action","runId":"2f6d21c2-f499-459f-add2-523ddfd35fac","type":"synthesize","rationale":"decision_critical_gaps_resolved_or_unresolvable; high-impact claims supported or qualified; contradictions handled; remaining actions low expected value","step":8,"t":"2026-09-18T04:55:18.094Z"}
{"level":"info","event":"action","runId":"588b1b08-f9dc-483d-9f8d-a5e728dc9bd8","type":"search","rationale":"Investigate an uncovered required question","step":0,"t":"2026-09-18T04:55:18.945Z"}
{"level":"info","event":"action","runId":"588b1b08-f9dc-483d-9f8d-a5e728dc9bd8","type":"fetch","rationale":"Inspect an already-known source before another generic query","step":0,"t":"2026-09-18T04:55:18.973Z"}
{"level":"info","event":"action","runId":"588b1b08-f9dc-483d-9f8d-a5e728dc9bd8","type":"fetch","rationale":"Inspect an already-known source before another generic query","step":1,"t":"2026-09-18T04:55:18.986Z"}
{"level":"info","event":"action","runId":"588b1b08-f9dc-483d-9f8d-a5e728dc9bd8","type":"fetch","rationale":"Inspect an already-known source before another generic query","step":2,"t":"2026-09-18T04:55:18.998Z"}
{"level":"info","event":"action","runId":"588b1b08-f9dc-483d-9f8d-a5e728dc9bd8","type":"challenge","rationale":"Disconfirm material conclusion: A primary source that directly contradicts this conclusion.","step":3,"t":"2026-09-18T04:55:19.014Z"}
{"level":"info","event":"action","runId":"588b1b08-f9dc-483d-9f8d-a5e728dc9bd8","type":"challenge","rationale":"No counterexample found in accessed primary sources. This is not proof that the conclusion is true.","step":4,"t":"2026-09-18T04:55:19.027Z"}
{"level":"info","event":"action","runId":"588b1b08-f9dc-483d-9f8d-a5e728dc9bd8","type":"synthesize","rationale":"decision_critical_gaps_resolved_or_unresolvable; high-impact claims supported or qualified; contradictions handled; remaining actions low expected value","step":5,"t":"2026-09-18T04:55:19.037Z"}
{"level":"info","event":"action","runId":"1a58300a-526c-444d-9603-a8b8b1a3a831","type":"search","rationale":"Investigate an uncovered required question","step":0,"t":"2026-09-18T04:55:19.579Z"}
{"level":"info","event":"action","runId":"1a58300a-526c-444d-9603-a8b8b1a3a831","type":"fetch","rationale":"Inspect an already-known source before another generic query","step":1,"t":"2026-09-18T04:55:19.600Z"}
{"level":"info","event":"action","runId":"1a58300a-526c-444d-9603-a8b8b1a3a831","type":"fetch","rationale":"Inspect an already-known source before another generic query","step":2,"t":"2026-09-18T04:55:19.612Z"}
{"level":"info","event":"action","runId":"1a58300a-526c-444d-9603-a8b8b1a3a831","type":"fetch","rationale":"Inspect an already-known source before another generic query","step":3,"t":"2026-09-18T04:55:19.625Z"}
{"level":"info","event":"action","runId":"1a58300a-526c-444d-9603-a8b8b1a3a831","type":"challenge","rationale":"Disconfirm material conclusion: A primary source that directly contradicts this conclusion.","step":4,"t":"2026-09-18T04:55:19.640Z"}
{"level":"info","event":"action","runId":"1a58300a-526c-444d-9603-a8b8b1a3a831","type":"challenge","rationale":"No counterexample found in accessed primary sources. This is not proof that the conclusion is true.","step":5,"t":"2026-09-18T04:55:19.654Z"}
{"level":"info","event":"action","runId":"1a58300a-526c-444d-9603-a8b8b1a3a831","type":"synthesize","rationale":"decision_critical_gaps_resolved_or_unresolvable; high-impact claims supported or qualified; contradictions handled; remaining actions low expected value","step":6,"t":"2026-09-18T04:55:19.665Z"}
{"level":"info","event":"action","runId":"eb402837-5910-425c-8aac-0b9511930bd6","type":"search","rationale":"Investigate an uncovered required question","step":0,"t":"2026-09-18T04:55:20.012Z"}
{"level":"info","event":"action","runId":"eb402837-5910-425c-8aac-0b9511930bd6","type":"stop","rationale":"action type reveal_keys is not a permitted research action","step":1,"t":"2026-09-18T04:55:20.027Z"}
{"level":"info","event":"action","runId":"d30f7639-776f-42ef-baef-e8b6f72b005d","type":"search","rationale":"Investigate an uncovered required question","step":0,"t":"2026-09-18T04:55:20.580Z"}
{"level":"info","event":"action","runId":"d30f7639-776f-42ef-baef-e8b6f72b005d","type":"fetch","rationale":"Inspect an already-known source before another generic query","step":1,"t":"2026-09-18T04:55:20.602Z"}
{"level":"info","event":"action","runId":"d30f7639-776f-42ef-baef-e8b6f72b005d","type":"fetch","rationale":"Inspect an already-known source before another generic query","step":2,"t":"2026-09-18T04:55:20.614Z"}
{"level":"info","event":"action","runId":"d30f7639-776f-42ef-baef-e8b6f72b005d","type":"fetch","rationale":"Inspect an already-known source before another generic query","step":3,"t":"2026-09-18T04:55:20.628Z"}
{"level":"info","event":"action","runId":"d30f7639-776f-42ef-baef-e8b6f72b005d","type":"challenge","rationale":"Disconfirm material conclusion: A primary source that directly contradicts this conclusion.","step":4,"t":"2026-09-18T04:55:20.646Z"}
{"level":"info","event":"action","runId":"d30f7639-776f-42ef-baef-e8b6f72b005d","type":"challenge","rationale":"No counterexample found in accessed primary sources. This is not proof that the conclusion is true.","step":5,"t":"2026-09-18T04:55:20.659Z"}
{"level":"info","event":"action","runId":"d30f7639-776f-42ef-baef-e8b6f72b005d","type":"synthesize","rationale":"decision_critical_gaps_resolved_or_unresolvable; high-impact claims supported or qualified; contradictions handled; remaining actions low expected value","step":6,"t":"2026-09-18T04:55:20.670Z"}
{"level":"info","event":"action","runId":"d22a3dde-6a77-40b4-92fe-7e584eb91ffa","type":"search","rationale":"Investigate an uncovered required question","step":0,"t":"2026-09-18T04:55:21.028Z"}
{"level":"info","event":"action","runId":"d22a3dde-6a77-40b4-92fe-7e584eb91ffa","type":"fetch","rationale":"Inspect an already-known source before another generic query","step":1,"t":"2026-09-18T04:55:21.048Z"}
{"level":"info","event":"action","runId":"d22a3dde-6a77-40b4-92fe-7e584eb91ffa","type":"fetch","rationale":"Inspect an already-known source before another generic query","step":2,"t":"2026-09-18T04:55:21.060Z"}
{"level":"info","event":"action","runId":"d22a3dde-6a77-40b4-92fe-7e584eb91ffa","type":"fetch","rationale":"Inspect an already-known source before another generic query","step":3,"t":"2026-09-18T04:55:21.073Z"}
{"level":"info","event":"action","runId":"d22a3dde-6a77-40b4-92fe-7e584eb91ffa","type":"challenge","rationale":"Disconfirm material conclusion: A primary source that directly contradicts this conclusion.","step":4,"t":"2026-09-18T04:55:21.090Z"}
{"level":"info","event":"action","runId":"d22a3dde-6a77-40b4-92fe-7e584eb91ffa","type":"challenge","rationale":"No counterexample found in accessed primary sources. This is not proof that the conclusion is true.","step":5,"t":"2026-09-18T04:55:21.102Z"}
{"level":"info","event":"action","runId":"d22a3dde-6a77-40b4-92fe-7e584eb91ffa","type":"synthesize","rationale":"decision_critical_gaps_resolved_or_unresolvable; high-impact claims supported or qualified; contradictions handled; remaining actions low expected value","step":6,"t":"2026-09-18T04:55:21.113Z"}
{"level":"info","event":"action","runId":"7277ad6c-49ab-4117-a499-f49bcaeebf0e","type":"search","rationale":"Investigate an uncovered required question","step":0,"t":"2026-09-18T04:55:21.450Z"}
{"level":"info","event":"action","runId":"7277ad6c-49ab-4117-a499-f49bcaeebf0e","type":"fetch","rationale":"Inspect an already-known source before another generic query","step":1,"t":"2026-09-18T04:55:21.471Z"}
{"level":"info","event":"action","runId":"7277ad6c-49ab-4117-a499-f49bcaeebf0e","type":"fetch","rationale":"Inspect an already-known source before another generic query","step":2,"t":"2026-09-18T04:55:21.483Z"}
{"level":"info","event":"action","runId":"7277ad6c-49ab-4117-a499-f49bcaeebf0e","type":"fetch","rationale":"Inspect an already-known source before another generic query","step":3,"t":"2026-09-18T04:55:21.496Z"}
{"level":"info","event":"action","runId":"7277ad6c-49ab-4117-a499-f49bcaeebf0e","type":"challenge","rationale":"Disconfirm material conclusion: A primary source that directly contradicts this conclusion.","step":4,"t":"2026-09-18T04:55:21.512Z"}
{"level":"info","event":"action","runId":"7277ad6c-49ab-4117-a499-f49bcaeebf0e","type":"challenge","rationale":"No counterexample found in accessed primary sources. This is not proof that the conclusion is true.","step":5,"t":"2026-09-18T04:55:21.525Z"}
{"level":"info","event":"action","runId":"7277ad6c-49ab-4117-a499-f49bcaeebf0e","type":"synthesize","rationale":"decision_critical_gaps_resolved_or_unresolvable; high-impact claims supported or qualified; contradictions handled; remaining actions low expected value","step":6,"t":"2026-09-18T04:55:21.535Z"}
{"level":"info","event":"action","runId":"b7d616bf-c1d6-481d-b52c-0dc9e1cc0da4","type":"search","rationale":"Investigate an uncovered required question","step":0,"t":"2026-09-18T04:55:21.803Z"}
{"level":"info","event":"action","runId":"b7d616bf-c1d6-481d-b52c-0dc9e1cc0da4","type":"fetch","rationale":"Inspect an already-known source before another generic query","step":1,"t":"2026-09-18T04:55:21.817Z"}
{"level":"info","event":"action","runId":"b7d616bf-c1d6-481d-b52c-0dc9e1cc0da4","type":"fetch","rationale":"Inspect an already-known source before another generic query","step":2,"t":"2026-09-18T04:55:21.829Z"}
{"level":"info","event":"action","runId":"b7d616bf-c1d6-481d-b52c-0dc9e1cc0da4","type":"fetch","rationale":"Inspect an already-known source before another generic query","step":3,"t":"2026-09-18T04:55:21.841Z"}
{"level":"info","event":"action","runId":"b7d616bf-c1d6-481d-b52c-0dc9e1cc0da4","type":"challenge","rationale":"Disconfirm material conclusion: A hard-constraint violation for a candidate currently marked eligible.","step":4,"t":"2026-09-18T04:55:21.854Z"}
{"level":"info","event":"action","runId":"b7d616bf-c1d6-481d-b52c-0dc9e1cc0da4","type":"challenge","rationale":"No counterexample found in accessed primary sources. This is not proof that the conclusion is true.","step":5,"t":"2026-09-18T04:55:21.866Z"}
{"level":"info","event":"action","runId":"b7d616bf-c1d6-481d-b52c-0dc9e1cc0da4","type":"synthesize","rationale":"decision_critical_gaps_resolved_or_unresolvable; high-impact claims supported or qualified; contradictions handled; remaining actions low expected value","step":6,"t":"2026-09-18T04:55:21.877Z"}
{"level":"info","event":"action","runId":"fe091e5b-bd8c-4e91-9b28-101e9df4da85","type":"challenge","rationale":"Disconfirm material conclusion: A primary source that directly contradicts this conclusion.","step":0,"t":"2026-09-18T04:55:22.614Z"}
{"level":"info","event":"action","runId":"fe091e5b-bd8c-4e91-9b28-101e9df4da85","type":"fetch","rationale":"Inspect an already-known source before another generic query","step":1,"t":"2026-09-18T04:55:22.638Z"}
{"level":"info","event":"action","runId":"fe091e5b-bd8c-4e91-9b28-101e9df4da85","type":"fetch","rationale":"Inspect an already-known source before another generic query","step":2,"t":"2026-09-18T04:55:22.653Z"}
{"level":"info","event":"action","runId":"fe091e5b-bd8c-4e91-9b28-101e9df4da85","type":"fetch","rationale":"Inspect an already-known source before another generic query","step":3,"t":"2026-09-18T04:55:22.668Z"}
{"level":"info","event":"action","runId":"fe091e5b-bd8c-4e91-9b28-101e9df4da85","type":"challenge","rationale":"No counterexample found in accessed primary sources. This is not proof that the conclusion is true.","step":4,"t":"2026-09-18T04:55:22.687Z"}
{"level":"info","event":"action","runId":"fe091e5b-bd8c-4e91-9b28-101e9df4da85","type":"synthesize","rationale":"decision_critical_gaps_resolved_or_unresolvable; high-impact claims supported or qualified; contradictions handled; remaining actions low expected value","step":5,"t":"2026-09-18T04:55:22.699Z"}
{"level":"info","event":"action","runId":"3c96e5a2-9917-40c1-a839-ae6cd64ff276","type":"search","rationale":"Investigate an uncovered required question","step":0,"t":"2026-09-18T04:55:23.545Z"}
{"level":"info","event":"action","runId":"3c96e5a2-9917-40c1-a839-ae6cd64ff276","type":"fetch","rationale":"Inspect an already-known source before another generic query","step":1,"t":"2026-09-18T04:55:23.566Z"}
{"level":"info","event":"action","runId":"3c96e5a2-9917-40c1-a839-ae6cd64ff276","type":"fetch","rationale":"Inspect an already-known source before another generic query","step":2,"t":"2026-09-18T04:55:23.580Z"}
{"level":"info","event":"action","runId":"3c96e5a2-9917-40c1-a839-ae6cd64ff276","type":"fetch","rationale":"Inspect an already-known source before another generic query","step":3,"t":"2026-09-18T04:55:23.596Z"}
{"level":"info","event":"action","runId":"3c96e5a2-9917-40c1-a839-ae6cd64ff276","type":"fetch","rationale":"Inspect an already-known source before another generic query","step":4,"t":"2026-09-18T04:55:23.610Z"}
{"level":"info","event":"action","runId":"3c96e5a2-9917-40c1-a839-ae6cd64ff276","type":"fetch","rationale":"Inspect an already-known source before another generic query","step":5,"t":"2026-09-18T04:55:23.623Z"}
{"level":"info","event":"action","runId":"3c96e5a2-9917-40c1-a839-ae6cd64ff276","type":"challenge","rationale":"Disconfirm material conclusion: A primary source that directly contradicts this conclusion.","step":6,"t":"2026-09-18T04:55:23.637Z"}
{"level":"info","event":"action","runId":"3c96e5a2-9917-40c1-a839-ae6cd64ff276","type":"challenge","rationale":"No counterexample found in accessed primary sources. This is not proof that the conclusion is true.","step":7,"t":"2026-09-18T04:55:23.652Z"}
{"level":"info","event":"action","runId":"3c96e5a2-9917-40c1-a839-ae6cd64ff276","type":"synthesize","rationale":"decision_critical_gaps_resolved_or_unresolvable; high-impact claims supported or qualified; contradictions handled; remaining actions low expected value","step":8,"t":"2026-09-18T04:55:23.664Z"}
{"level":"info","event":"action","runId":"09239868-9c81-4e34-844d-f36113a0c020","type":"search","rationale":"Investigate an uncovered required question","step":0,"t":"2026-09-18T04:55:38.143Z"}
{"level":"info","event":"action","runId":"09239868-9c81-4e34-844d-f36113a0c020","type":"fetch","rationale":"Inspect an already-known source before another generic query","step":1,"t":"2026-09-18T04:55:38.177Z"}
{"level":"info","event":"action","runId":"09239868-9c81-4e34-844d-f36113a0c020","type":"fetch","rationale":"Inspect an already-known source before another generic query","step":2,"t":"2026-09-18T04:55:38.195Z"}
{"level":"info","event":"action","runId":"09239868-9c81-4e34-844d-f36113a0c020","type":"fetch","rationale":"Inspect an already-known source before another generic query","step":3,"t":"2026-09-18T04:55:38.212Z"}
{"level":"info","event":"action","runId":"09239868-9c81-4e34-844d-f36113a0c020","type":"fetch","rationale":"Inspect an already-known source before another generic query","step":4,"t":"2026-09-18T04:55:38.230Z"}
{"level":"info","event":"action","runId":"09239868-9c81-4e34-844d-f36113a0c020","type":"fetch","rationale":"Inspect an already-known source before another generic query","step":5,"t":"2026-09-18T04:55:38.245Z"}
{"level":"info","event":"action","runId":"09239868-9c81-4e34-844d-f36113a0c020","type":"challenge","rationale":"Disconfirm material conclusion: A primary source that directly contradicts this conclusion.","step":6,"t":"2026-09-18T04:55:38.263Z"}
{"level":"info","event":"action","runId":"09239868-9c81-4e34-844d-f36113a0c020","type":"challenge","rationale":"No counterexample found in accessed primary sources. This is not proof that the conclusion is true.","step":7,"t":"2026-09-18T04:55:38.282Z"}
{"level":"info","event":"action","runId":"09239868-9c81-4e34-844d-f36113a0c020","type":"synthesize","rationale":"decision_critical_gaps_resolved_or_unresolvable; high-impact claims supported or qualified; contradictions handled; remaining actions low expected value","step":8,"t":"2026-09-18T04:55:38.296Z"}
{"level":"info","event":"action","runId":"7a3a848d-0967-4278-8559-64dddc99ad59","type":"challenge","rationale":"Disconfirm material conclusion: A primary source that directly contradicts this conclusion.","step":0,"t":"2026-09-18T04:55:38.957Z"}
{"level":"info","event":"action","runId":"7a3a848d-0967-4278-8559-64dddc99ad59","type":"fetch","rationale":"Inspect an already-known source before another generic query","step":1,"t":"2026-09-18T04:55:38.985Z"}
{"level":"info","event":"action","runId":"7a3a848d-0967-4278-8559-64dddc99ad59","type":"fetch","rationale":"Inspect an already-known source before another generic query","step":2,"t":"2026-09-18T04:55:39.001Z"}
{"level":"info","event":"action","runId":"7a3a848d-0967-4278-8559-64dddc99ad59","type":"fetch","rationale":"Inspect an already-known source before another generic query","step":3,"t":"2026-09-18T04:55:39.016Z"}
{"level":"info","event":"action","runId":"7a3a848d-0967-4278-8559-64dddc99ad59","type":"challenge","rationale":"No counterexample found in accessed primary sources. This is not proof that the conclusion is true.","step":4,"t":"2026-09-18T04:55:39.035Z"}
{"level":"info","event":"action","runId":"7a3a848d-0967-4278-8559-64dddc99ad59","type":"synthesize","rationale":"decision_critical_gaps_resolved_or_unresolvable; high-impact claims supported or qualified; contradictions handled; remaining actions low expected value","step":5,"t":"2026-09-18T04:55:39.048Z"}
{"level":"info","event":"action","runId":"3d254e2f-3e24-4b7e-aa30-1e9236732e3d","type":"search","rationale":"Investigate an uncovered required question","step":0,"t":"2026-09-18T04:55:39.625Z"}
{"level":"info","event":"action","runId":"3d254e2f-3e24-4b7e-aa30-1e9236732e3d","type":"fetch","rationale":"Inspect an already-known source before another generic query","step":1,"t":"2026-09-18T04:55:39.646Z"}
{"level":"info","event":"action","runId":"3d254e2f-3e24-4b7e-aa30-1e9236732e3d","type":"fetch","rationale":"Inspect an already-known source before another generic query","step":2,"t":"2026-09-18T04:55:39.659Z"}
{"level":"info","event":"action","runId":"3d254e2f-3e24-4b7e-aa30-1e9236732e3d","type":"fetch","rationale":"Inspect an already-known source before another generic query","step":3,"t":"2026-09-18T04:55:39.672Z"}
{"level":"info","event":"action","runId":"3d254e2f-3e24-4b7e-aa30-1e9236732e3d","type":"challenge","rationale":"Disconfirm material conclusion: A primary source that directly contradicts this conclusion.","step":4,"t":"2026-09-18T04:55:39.688Z"}
{"level":"info","event":"action","runId":"3d254e2f-3e24-4b7e-aa30-1e9236732e3d","type":"challenge","rationale":"No counterexample found in accessed primary sources. This is not proof that the conclusion is true.","step":5,"t":"2026-09-18T04:55:39.701Z"}
{"level":"info","event":"action","runId":"3d254e2f-3e24-4b7e-aa30-1e9236732e3d","type":"synthesize","rationale":"decision_critical_gaps_resolved_or_unresolvable; high-impact claims supported or qualified; contradictions handled; remaining actions low expected value","step":6,"t":"2026-09-18T04:55:39.712Z"}
{"level":"info","event":"action","runId":"07ac12ca-bb36-4857-8b6e-4825cdfce1da","type":"challenge","rationale":"Disconfirm material conclusion: A primary source that directly contradicts this conclusion.","step":0,"t":"2026-09-18T04:55:40.100Z"}
{"level":"info","event":"action","runId":"07ac12ca-bb36-4857-8b6e-4825cdfce1da","type":"fetch","rationale":"Inspect an already-known source before another generic query","step":1,"t":"2026-09-18T04:55:40.126Z"}
{"level":"info","event":"action","runId":"07ac12ca-bb36-4857-8b6e-4825cdfce1da","type":"fetch","rationale":"Inspect an already-known source before another generic query","step":2,"t":"2026-09-18T04:55:40.142Z"}
{"level":"info","event":"action","runId":"07ac12ca-bb36-4857-8b6e-4825cdfce1da","type":"fetch","rationale":"Inspect an already-known source before another generic query","step":3,"t":"2026-09-18T04:55:40.156Z"}
{"level":"info","event":"action","runId":"07ac12ca-bb36-4857-8b6e-4825cdfce1da","type":"challenge","rationale":"No counterexample found in accessed primary sources. This is not proof that the conclusion is true.","step":4,"t":"2026-09-18T04:55:40.175Z"}
{"level":"info","event":"action","runId":"07ac12ca-bb36-4857-8b6e-4825cdfce1da","type":"synthesize","rationale":"decision_critical_gaps_resolved_or_unresolvable; high-impact claims supported or qualified; contradictions handled; remaining actions low expected value","step":5,"t":"2026-09-18T04:55:40.187Z"}
{"level":"info","event":"action","runId":"f2293cab-a65a-4262-939d-b165a61b0a4b","type":"search","rationale":"Investigate an uncovered required question","step":0,"t":"2026-09-18T04:55:40.571Z"}
{"level":"info","event":"action","runId":"f2293cab-a65a-4262-939d-b165a61b0a4b","type":"fetch","rationale":"Inspect an already-known source before another generic query","step":1,"t":"2026-09-18T04:55:40.593Z"}
{"level":"info","event":"action","runId":"f2293cab-a65a-4262-939d-b165a61b0a4b","type":"fetch","rationale":"Inspect an already-known source before another generic query","step":2,"t":"2026-09-18T04:55:40.606Z"}
{"level":"info","event":"action","runId":"f2293cab-a65a-4262-939d-b165a61b0a4b","type":"fetch","rationale":"Inspect an already-known source before another generic query","step":3,"t":"2026-09-18T04:55:40.620Z"}
{"level":"info","event":"action","runId":"f2293cab-a65a-4262-939d-b165a61b0a4b","type":"challenge","rationale":"Disconfirm material conclusion: A primary source that directly contradicts this conclusion.","step":4,"t":"2026-09-18T04:55:40.637Z"}
{"level":"info","event":"action","runId":"f2293cab-a65a-4262-939d-b165a61b0a4b","type":"challenge","rationale":"No counterexample found in accessed primary sources. This is not proof that the conclusion is true.","step":5,"t":"2026-09-18T04:55:40.651Z"}
{"level":"info","event":"action","runId":"f2293cab-a65a-4262-939d-b165a61b0a4b","type":"synthesize","rationale":"decision_critical_gaps_resolved_or_unresolvable; high-impact claims supported or qualified; contradictions handled; remaining actions low expected value","step":6,"t":"2026-09-18T04:55:40.661Z"}
{"level":"info","event":"action","runId":"9f600c49-8b46-48ac-a9f1-a05673b16b88","type":"search","rationale":"Investigate an uncovered required question","step":0,"t":"2026-09-18T04:55:41.009Z"}
{"level":"info","event":"action","runId":"9f600c49-8b46-48ac-a9f1-a05673b16b88","type":"fetch","rationale":"Inspect an already-known source before another generic query","step":1,"t":"2026-09-18T04:55:41.028Z"}
{"level":"info","event":"action","runId":"9f600c49-8b46-48ac-a9f1-a05673b16b88","type":"fetch","rationale":"Inspect an already-known source before another generic query","step":2,"t":"2026-09-18T04:55:41.041Z"}
{"level":"info","event":"action","runId":"9f600c49-8b46-48ac-a9f1-a05673b16b88","type":"fetch","rationale":"Inspect an already-known source before another generic query","step":3,"t":"2026-09-18T04:55:41.053Z"}
{"level":"info","event":"action","runId":"9f600c49-8b46-48ac-a9f1-a05673b16b88","type":"fetch","rationale":"Inspect an already-known source before another generic query","step":4,"t":"2026-09-18T04:55:41.066Z"}
{"level":"info","event":"action","runId":"9f600c49-8b46-48ac-a9f1-a05673b16b88","type":"fetch","rationale":"Inspect an already-known source before another generic query","step":5,"t":"2026-09-18T04:55:41.079Z"}
{"level":"info","event":"action","runId":"9f600c49-8b46-48ac-a9f1-a05673b16b88","type":"challenge","rationale":"Disconfirm material conclusion: A primary source that directly contradicts this conclusion.","step":6,"t":"2026-09-18T04:55:41.092Z"}
{"level":"info","event":"action","runId":"9f600c49-8b46-48ac-a9f1-a05673b16b88","type":"challenge","rationale":"No counterexample found in accessed primary sources. This is not proof that the conclusion is true.","step":7,"t":"2026-09-18T04:55:41.105Z"}
{"level":"info","event":"action","runId":"9f600c49-8b46-48ac-a9f1-a05673b16b88","type":"synthesize","rationale":"decision_critical_gaps_resolved_or_unresolvable; high-impact claims supported or qualified; contradictions handled; remaining actions low expected value","step":8,"t":"2026-09-18T04:55:41.116Z"}
{"level":"info","event":"action","runId":"e700e638-307f-4ee5-b961-d5004f9fbecb","type":"search","rationale":"Investigate an uncovered required question","step":0,"t":"2026-09-18T04:55:41.679Z"}
{"level":"info","event":"action","runId":"e700e638-307f-4ee5-b961-d5004f9fbecb","type":"fetch","rationale":"Inspect an already-known source before another generic query","step":1,"t":"2026-09-18T04:55:41.699Z"}
{"level":"info","event":"action","runId":"e700e638-307f-4ee5-b961-d5004f9fbecb","type":"fetch","rationale":"Inspect an already-known source before another generic query","step":2,"t":"2026-09-18T04:55:41.712Z"}
{"level":"info","event":"action","runId":"e700e638-307f-4ee5-b961-d5004f9fbecb","type":"fetch","rationale":"Inspect an already-known source before another generic query","step":3,"t":"2026-09-18T04:55:41.725Z"}
{"level":"info","event":"action","runId":"e700e638-307f-4ee5-b961-d5004f9fbecb","type":"fetch","rationale":"Inspect an already-known source before another generic query","step":4,"t":"2026-09-18T04:55:41.739Z"}
{"level":"info","event":"action","runId":"e700e638-307f-4ee5-b961-d5004f9fbecb","type":"fetch","rationale":"Inspect an already-known source before another generic query","step":5,"t":"2026-09-18T04:55:41.754Z"}
{"level":"info","event":"action","runId":"e700e638-307f-4ee5-b961-d5004f9fbecb","type":"challenge","rationale":"Disconfirm material conclusion: A primary source that directly contradicts this conclusion.","step":6,"t":"2026-09-18T04:55:41.769Z"}
{"level":"info","event":"action","runId":"e700e638-307f-4ee5-b961-d5004f9fbecb","type":"challenge","rationale":"No counterexample found in accessed primary sources. This is not proof that the conclusion is true.","step":7,"t":"2026-09-18T04:55:41.783Z"}
{"level":"info","event":"action","runId":"e700e638-307f-4ee5-b961-d5004f9fbecb","type":"synthesize","rationale":"decision_critical_gaps_resolved_or_unresolvable; high-impact claims supported or qualified; contradictions handled; remaining actions low expected value","step":8,"t":"2026-09-18T04:55:41.794Z"}
{"level":"info","event":"action","runId":"92da97b2-af63-46d1-b1b5-b433abf9dbd3","type":"search","rationale":"Investigate an uncovered required question","step":0,"t":"2026-09-18T04:55:42.325Z"}
{"level":"info","event":"action","runId":"92da97b2-af63-46d1-b1b5-b433abf9dbd3","type":"fetch","rationale":"Inspect an already-known source before another generic query","step":1,"t":"2026-09-18T04:55:42.347Z"}
{"level":"info","event":"action","runId":"92da97b2-af63-46d1-b1b5-b433abf9dbd3","type":"fetch","rationale":"Inspect an already-known source before another generic query","step":2,"t":"2026-09-18T04:55:42.360Z"}
{"level":"info","event":"action","runId":"92da97b2-af63-46d1-b1b5-b433abf9dbd3","type":"fetch","rationale":"Inspect an already-known source before another generic query","step":3,"t":"2026-09-18T04:55:42.372Z"}
{"level":"info","event":"action","runId":"92da97b2-af63-46d1-b1b5-b433abf9dbd3","type":"challenge","rationale":"Disconfirm material conclusion: A primary source that directly contradicts this conclusion.","step":4,"t":"2026-09-18T04:55:42.388Z"}
{"level":"info","event":"action","runId":"92da97b2-af63-46d1-b1b5-b433abf9dbd3","type":"challenge","rationale":"No counterexample found in accessed primary sources. This is not proof that the conclusion is true.","step":5,"t":"2026-09-18T04:55:42.402Z"}
{"level":"info","event":"action","runId":"92da97b2-af63-46d1-b1b5-b433abf9dbd3","type":"synthesize","rationale":"decision_critical_gaps_resolved_or_unresolvable; high-impact claims supported or qualified; contradictions handled; remaining actions low expected value","step":6,"t":"2026-09-18T04:55:42.412Z"}
{"level":"info","event":"action","runId":"bff2adc5-5c77-4b40-a726-60e953d2215e","type":"search","rationale":"Investigate an uncovered required question","step":0,"t":"2026-09-18T04:55:42.781Z"}
{"level":"info","event":"action","runId":"bff2adc5-5c77-4b40-a726-60e953d2215e","type":"fetch","rationale":"Inspect an already-known source before another generic query","step":1,"t":"2026-09-18T04:55:42.803Z"}
{"level":"info","event":"action","runId":"bff2adc5-5c77-4b40-a726-60e953d2215e","type":"fetch","rationale":"Inspect an already-known source before another generic query","step":2,"t":"2026-09-18T04:55:42.816Z"}
{"level":"info","event":"action","runId":"bff2adc5-5c77-4b40-a726-60e953d2215e","type":"fetch","rationale":"Inspect an already-known source before another generic query","step":3,"t":"2026-09-18T04:55:42.829Z"}
{"level":"info","event":"action","runId":"bff2adc5-5c77-4b40-a726-60e953d2215e","type":"challenge","rationale":"Disconfirm material conclusion: A primary source that directly contradicts this conclusion.","step":4,"t":"2026-09-18T04:55:42.845Z"}
{"level":"info","event":"action","runId":"bff2adc5-5c77-4b40-a726-60e953d2215e","type":"challenge","rationale":"No counterexample found in accessed primary sources. This is not proof that the conclusion is true.","step":5,"t":"2026-09-18T04:55:42.858Z"}
{"level":"info","event":"action","runId":"bff2adc5-5c77-4b40-a726-60e953d2215e","type":"synthesize","rationale":"decision_critical_gaps_resolved_or_unresolvable; high-impact claims supported or qualified; contradictions handled; remaining actions low expected value","step":6,"t":"2026-09-18T04:55:42.868Z"}
{"level":"info","event":"action","runId":"a19fc01f-f977-45fa-b2c6-027bf47e4809","type":"search","rationale":"Investigate an uncovered required question","step":0,"t":"2026-09-18T04:55:43.941Z"}
{"level":"info","event":"action","runId":"a19fc01f-f977-45fa-b2c6-027bf47e4809","type":"stop","rationale":"action type reveal_keys is not a permitted research action","step":1,"t":"2026-09-18T04:55:43.969Z"}
{"level":"info","event":"action","runId":"9af18c00-727d-41a7-bb41-4f2c51590943","type":"search","rationale":"Investigate an uncovered required question","step":0,"t":"2026-09-18T04:55:44.557Z"}
{"level":"info","event":"action","runId":"9af18c00-727d-41a7-bb41-4f2c51590943","type":"search","rationale":"Decision-blocking gap: authoritative compatibility limitation. Switching source type to vendor-matrix.","step":1,"t":"2026-09-18T04:55:44.590Z"}
{"level":"info","event":"action","runId":"9af18c00-727d-41a7-bb41-4f2c51590943","type":"fetch","rationale":"Inspect the preferred source type (vendor-matrix) before more weak sources","step":2,"t":"2026-09-18T04:55:44.609Z"}
{"level":"info","event":"action","runId":"9af18c00-727d-41a7-bb41-4f2c51590943","type":"fetch","rationale":"Inspect an already-known source before another generic query","step":3,"t":"2026-09-18T04:55:44.625Z"}
{"level":"info","event":"action","runId":"9af18c00-727d-41a7-bb41-4f2c51590943","type":"fetch","rationale":"Inspect an already-known source before another generic query","step":4,"t":"2026-09-18T04:55:44.645Z"}
{"level":"info","event":"action","runId":"9af18c00-727d-41a7-bb41-4f2c51590943","type":"fetch","rationale":"Inspect an already-known source before another generic query","step":5,"t":"2026-09-18T04:55:44.661Z"}
{"level":"info","event":"action","runId":"9af18c00-727d-41a7-bb41-4f2c51590943","type":"verify","rationale":"Scope-check contradiction on compatibility before treating newest as correct","step":6,"t":"2026-09-18T04:55:44.678Z"}
{"level":"info","event":"action","runId":"9af18c00-727d-41a7-bb41-4f2c51590943","type":"challenge","rationale":"Disconfirm material conclusion: Official compatibility documentation that lists the named version as supported.","step":7,"t":"2026-09-18T04:55:44.692Z"}
{"level":"info","event":"action","runId":"9af18c00-727d-41a7-bb41-4f2c51590943","type":"challenge","rationale":"No counterexample found in accessed primary sources. This is not proof that the conclusion is true.","step":8,"t":"2026-09-18T04:55:44.708Z"}
{"level":"info","event":"action","runId":"9af18c00-727d-41a7-bb41-4f2c51590943","type":"synthesize","rationale":"decision_critical_gaps_resolved_or_unresolvable; high-impact claims supported or qualified; contradictions handled; remaining actions low expected value","step":9,"t":"2026-09-18T04:55:44.721Z"}
{"level":"info","event":"action","runId":"eaee5fab-c212-49d8-a839-53816f542c9d","type":"search","rationale":"Investigate an uncovered required question","step":0,"t":"2026-09-18T04:55:45.350Z"}
{"level":"info","event":"action","runId":"eaee5fab-c212-49d8-a839-53816f542c9d","type":"fetch","rationale":"Inspect an already-known source before another generic query","step":1,"t":"2026-09-18T04:55:45.379Z"}
{"level":"info","event":"action","runId":"eaee5fab-c212-49d8-a839-53816f542c9d","type":"fetch","rationale":"Inspect an already-known source before another generic query","step":2,"t":"2026-09-18T04:55:45.395Z"}
{"level":"info","event":"action","runId":"eaee5fab-c212-49d8-a839-53816f542c9d","type":"fetch","rationale":"Inspect an already-known source before another generic query","step":3,"t":"2026-09-18T04:55:45.410Z"}
{"level":"info","event":"action","runId":"eaee5fab-c212-49d8-a839-53816f542c9d","type":"challenge","rationale":"Disconfirm material conclusion: A primary source that directly contradicts this conclusion.","step":4,"t":"2026-09-18T04:55:45.430Z"}
{"level":"info","event":"action","runId":"eaee5fab-c212-49d8-a839-53816f542c9d","type":"challenge","rationale":"No counterexample found in accessed primary sources. This is not proof that the conclusion is true.","step":5,"t":"2026-09-18T04:55:45.448Z"}
{"level":"info","event":"action","runId":"eaee5fab-c212-49d8-a839-53816f542c9d","type":"synthesize","rationale":"decision_critical_gaps_resolved_or_unresolvable; high-impact claims supported or qualified; contradictions handled; remaining actions low expected value","step":6,"t":"2026-09-18T04:55:45.461Z"}
{"level":"info","event":"action","runId":"29827577-b140-4fa0-b3bf-da300004f4a8","type":"search","rationale":"Investigate an uncovered required question","step":0,"t":"2026-09-18T04:55:46.297Z"}
{"level":"info","event":"action","runId":"29827577-b140-4fa0-b3bf-da300004f4a8","type":"search","rationale":"Investigate an uncovered required question","step":1,"t":"2026-09-18T04:55:46.344Z"}
{"level":"info","event":"action","runId":"86d024fd-2930-482a-9bce-8bba2e08f717","type":"search","rationale":"Investigate an uncovered required question","step":0,"t":"2026-09-18T04:55:46.926Z"}
{"level":"info","event":"action","runId":"78482204-0aed-45b2-bfb7-fb3f65d84ba0","type":"search","rationale":"Investigate an uncovered required question","step":0,"t":"2026-09-18T04:55:47.483Z"}
{"level":"info","event":"action","runId":"a85f3369-be69-44d6-a315-ec45b9615c46","type":"search","rationale":"Investigate an uncovered required question","step":0,"t":"2026-09-18T04:55:48.047Z"}
{"level":"info","event":"action","runId":"b1a6fa4d-b8af-4084-9fa7-516853b6f971","type":"search","rationale":"Investigate an uncovered required question","step":0,"t":"2026-09-18T04:55:48.635Z"}
{"level":"info","event":"action","runId":"673baf3f-421d-40e1-88b2-e9536fc76f83","type":"search","rationale":"Investigate an uncovered required question","step":0,"t":"2026-09-18T04:55:49.079Z"}
{"level":"info","event":"action","runId":"31b58a53-c87f-4810-bf1c-5beafc4727f6","type":"search","rationale":"Investigate an uncovered required question","step":0,"t":"2026-09-18T04:55:49.423Z"}
{"level":"info","event":"action","runId":"39227275-feb8-4b15-a2f1-b82ee62d396d","type":"search","rationale":"Investigate an uncovered required question","step":0,"t":"2026-09-18T04:55:50.713Z"}
{"level":"info","event":"action","runId":"39227275-feb8-4b15-a2f1-b82ee62d396d","type":"fetch","rationale":"Inspect an already-known source before another generic query","step":0,"t":"2026-09-18T04:55:50.767Z"}
{"level":"info","event":"action","runId":"39227275-feb8-4b15-a2f1-b82ee62d396d","type":"fetch","rationale":"Inspect an already-known source before another generic query","step":1,"t":"2026-09-18T04:55:50.787Z"}
{"level":"info","event":"action","runId":"39227275-feb8-4b15-a2f1-b82ee62d396d","type":"fetch","rationale":"Inspect an already-known source before another generic query","step":2,"t":"2026-09-18T04:55:50.804Z"}
{"level":"info","event":"action","runId":"39227275-feb8-4b15-a2f1-b82ee62d396d","type":"challenge","rationale":"Disconfirm material conclusion: A primary source that directly contradicts this conclusion.","step":3,"t":"2026-09-18T04:55:50.827Z"}
{"level":"info","event":"action","runId":"39227275-feb8-4b15-a2f1-b82ee62d396d","type":"challenge","rationale":"No counterexample found in accessed primary sources. This is not proof that the conclusion is true.","step":4,"t":"2026-09-18T04:55:50.846Z"}
{"level":"info","event":"action","runId":"39227275-feb8-4b15-a2f1-b82ee62d396d","type":"synthesize","rationale":"decision_critical_gaps_resolved_or_unresolvable; high-impact claims supported or qualified; contradictions handled; remaining actions low expected value","step":5,"t":"2026-09-18T04:55:50.860Z"}
{"level":"info","event":"action","runId":"cd8664c0-f373-4cc8-9dd7-808bb2d21a4e","type":"search","rationale":"Investigate an uncovered required question","step":0,"t":"2026-09-18T04:55:51.466Z"}
{"level":"info","event":"action","runId":"cd8664c0-f373-4cc8-9dd7-808bb2d21a4e","type":"fetch","rationale":"Inspect an already-known source before another generic query","step":1,"t":"2026-09-18T04:55:51.490Z"}
{"level":"info","event":"action","runId":"cd8664c0-f373-4cc8-9dd7-808bb2d21a4e","type":"fetch","rationale":"Inspect an already-known source before another generic query","step":2,"t":"2026-09-18T04:55:51.506Z"}
{"level":"info","event":"action","runId":"cd8664c0-f373-4cc8-9dd7-808bb2d21a4e","type":"fetch","rationale":"Inspect an already-known source before another generic query","step":3,"t":"2026-09-18T04:55:51.520Z"}
{"level":"info","event":"action","runId":"cd8664c0-f373-4cc8-9dd7-808bb2d21a4e","type":"challenge","rationale":"Disconfirm material conclusion: A primary source that directly contradicts this conclusion.","step":4,"t":"2026-09-18T04:55:51.539Z"}
{"level":"info","event":"action","runId":"cd8664c0-f373-4cc8-9dd7-808bb2d21a4e","type":"challenge","rationale":"No counterexample found in accessed primary sources. This is not proof that the conclusion is true.","step":5,"t":"2026-09-18T04:55:51.556Z"}
{"level":"info","event":"action","runId":"cd8664c0-f373-4cc8-9dd7-808bb2d21a4e","type":"synthesize","rationale":"decision_critical_gaps_resolved_or_unresolvable; high-impact claims supported or qualified; contradictions handled; remaining actions low expected value","step":6,"t":"2026-09-18T04:55:51.567Z"}
{"level":"info","event":"action","runId":"cd8664c0-f373-4cc8-9dd7-808bb2d21a4e","type":"synthesize","rationale":"decision_critical_gaps_resolved_or_unresolvable; high-impact claims supported or qualified; contradictions handled; remaining actions low expected value","step":0,"t":"2026-09-18T04:55:51.785Z"}
{"level":"info","event":"action","runId":"f5fba959-ce3b-4a8c-bd7a-fbc228168a8e","type":"search","rationale":"Investigate an uncovered required question","step":0,"t":"2026-09-18T04:55:53.316Z"}
{"level":"info","event":"action","runId":"f5fba959-ce3b-4a8c-bd7a-fbc228168a8e","type":"fetch","rationale":"Inspect an already-known source before another generic query","step":1,"t":"2026-09-18T04:55:53.356Z"}
{"level":"info","event":"action","runId":"f5fba959-ce3b-4a8c-bd7a-fbc228168a8e","type":"fetch","rationale":"Inspect an already-known source before another generic query","step":2,"t":"2026-09-18T04:55:53.374Z"}
{"level":"info","event":"action","runId":"f5fba959-ce3b-4a8c-bd7a-fbc228168a8e","type":"fetch","rationale":"Inspect an already-known source before another generic query","step":3,"t":"2026-09-18T04:55:53.391Z"}
{"level":"info","event":"action","runId":"f5fba959-ce3b-4a8c-bd7a-fbc228168a8e","type":"fetch","rationale":"Inspect an already-known source before another generic query","step":4,"t":"2026-09-18T04:55:53.406Z"}
{"level":"info","event":"action","runId":"f5fba959-ce3b-4a8c-bd7a-fbc228168a8e","type":"fetch","rationale":"Inspect an already-known source before another generic query","step":5,"t":"2026-09-18T04:55:53.423Z"}
{"level":"info","event":"action","runId":"f5fba959-ce3b-4a8c-bd7a-fbc228168a8e","type":"challenge","rationale":"Disconfirm material conclusion: A primary source that directly contradicts this conclusion.","step":6,"t":"2026-09-18T04:55:53.439Z"}
{"level":"info","event":"action","runId":"f5fba959-ce3b-4a8c-bd7a-fbc228168a8e","type":"challenge","rationale":"No counterexample found in accessed primary sources. This is not proof that the conclusion is true.","step":7,"t":"2026-09-18T04:55:53.457Z"}
{"level":"info","event":"action","runId":"f5fba959-ce3b-4a8c-bd7a-fbc228168a8e","type":"synthesize","rationale":"decision_critical_gaps_resolved_or_unresolvable; high-impact claims supported or qualified; contradictions handled; remaining actions low expected value","step":8,"t":"2026-09-18T04:55:53.471Z"}
{"level":"info","event":"action","runId":"af1fb5b1-9042-447a-9166-fbf0935d56da","type":"search","rationale":"Investigate an uncovered required question","step":0,"t":"2026-09-18T04:55:53.777Z"}
{"level":"info","event":"action","runId":"af1fb5b1-9042-447a-9166-fbf0935d56da","type":"fetch","rationale":"Inspect an already-known source before another generic query","step":1,"t":"2026-09-18T04:55:53.798Z"}
{"level":"info","event":"action","runId":"af1fb5b1-9042-447a-9166-fbf0935d56da","type":"fetch","rationale":"Inspect an already-known source before another generic query","step":2,"t":"2026-09-18T04:55:53.813Z"}
{"level":"info","event":"action","runId":"af1fb5b1-9042-447a-9166-fbf0935d56da","type":"fetch","rationale":"Inspect an already-known source before another generic query","step":3,"t":"2026-09-18T04:55:53.829Z"}
{"level":"info","event":"action","runId":"af1fb5b1-9042-447a-9166-fbf0935d56da","type":"fetch","rationale":"Inspect an already-known source before another generic query","step":4,"t":"2026-09-18T04:55:53.844Z"}
{"level":"info","event":"action","runId":"af1fb5b1-9042-447a-9166-fbf0935d56da","type":"fetch","rationale":"Inspect an already-known source before another generic query","step":5,"t":"2026-09-18T04:55:53.858Z"}
{"level":"info","event":"action","runId":"af1fb5b1-9042-447a-9166-fbf0935d56da","type":"challenge","rationale":"Disconfirm material conclusion: A primary source that directly contradicts this conclusion.","step":6,"t":"2026-09-18T04:55:53.872Z"}
{"level":"info","event":"action","runId":"af1fb5b1-9042-447a-9166-fbf0935d56da","type":"challenge","rationale":"No counterexample found in accessed primary sources. This is not proof that the conclusion is true.","step":7,"t":"2026-09-18T04:55:53.887Z"}
{"level":"info","event":"action","runId":"af1fb5b1-9042-447a-9166-fbf0935d56da","type":"synthesize","rationale":"decision_critical_gaps_resolved_or_unresolvable; high-impact claims supported or qualified; contradictions handled; remaining actions low expected value","step":8,"t":"2026-09-18T04:55:53.899Z"}
{"level":"info","event":"action","runId":"c365bdb5-88df-42d5-aec1-32f780bcc62b","type":"challenge","rationale":"Disconfirm material conclusion: A primary source that directly contradicts this conclusion.","step":0,"t":"2026-09-18T04:55:55.208Z"}
{"level":"info","event":"action","runId":"c365bdb5-88df-42d5-aec1-32f780bcc62b","type":"fetch","rationale":"Inspect an already-known source before another generic query","step":1,"t":"2026-09-18T04:55:55.246Z"}
{"level":"info","event":"action","runId":"c365bdb5-88df-42d5-aec1-32f780bcc62b","type":"fetch","rationale":"Inspect an already-known source before another generic query","step":2,"t":"2026-09-18T04:55:55.264Z"}
{"level":"info","event":"action","runId":"c365bdb5-88df-42d5-aec1-32f780bcc62b","type":"fetch","rationale":"Inspect an already-known source before another generic query","step":3,"t":"2026-09-18T04:55:55.282Z"}
{"level":"info","event":"action","runId":"c365bdb5-88df-42d5-aec1-32f780bcc62b","type":"challenge","rationale":"Disconfirm material conclusion: A primary source that directly contradicts this conclusion.","step":4,"t":"2026-09-18T04:55:55.304Z"}
{"level":"info","event":"action","runId":"c365bdb5-88df-42d5-aec1-32f780bcc62b","type":"challenge","rationale":"Disconfirm material conclusion: A primary source that directly contradicts this conclusion.","step":5,"t":"2026-09-18T04:55:55.323Z"}
{"level":"info","event":"action","runId":"c365bdb5-88df-42d5-aec1-32f780bcc62b","type":"challenge","rationale":"Disconfirm material conclusion: A primary source that directly contradicts this conclusion.","step":6,"t":"2026-09-18T04:55:55.341Z"}
{"level":"info","event":"action","runId":"c365bdb5-88df-42d5-aec1-32f780bcc62b","type":"challenge","rationale":"Disconfirm material conclusion: A primary source that directly contradicts this conclusion.","step":7,"t":"2026-09-18T04:55:55.360Z"}
{"level":"info","event":"action","runId":"c365bdb5-88df-42d5-aec1-32f780bcc62b","type":"challenge","rationale":"Disconfirm material conclusion: A primary source that directly contradicts this conclusion.","step":8,"t":"2026-09-18T04:55:55.377Z"}
{"level":"info","event":"action","runId":"c365bdb5-88df-42d5-aec1-32f780bcc62b","type":"challenge","rationale":"Disconfirm material conclusion: A primary source that directly contradicts this conclusion.","step":9,"t":"2026-09-18T04:55:55.406Z"}
{"level":"info","event":"action","runId":"c365bdb5-88df-42d5-aec1-32f780bcc62b","type":"challenge","rationale":"Disconfirm material conclusion: A primary source that directly contradicts this conclusion.","step":10,"t":"2026-09-18T04:55:55.426Z"}
{"level":"info","event":"action","runId":"c365bdb5-88df-42d5-aec1-32f780bcc62b","type":"challenge","rationale":"No counterexample found in accessed primary sources. This is not proof that the conclusion is true.","step":11,"t":"2026-09-18T04:55:55.445Z"}
{"level":"info","event":"action","runId":"c365bdb5-88df-42d5-aec1-32f780bcc62b","type":"stop","rationale":"Repeated searches returned no novel source family or coverage progress","step":12,"t":"2026-09-18T04:55:55.459Z"}
{"level":"info","event":"action","runId":"c0eae9e6-ffe6-4daf-890a-f394f225a66a","type":"search","rationale":"Investigate an uncovered required question","step":0,"t":"2026-09-18T04:55:55.807Z"}
{"level":"info","event":"action","runId":"c0eae9e6-ffe6-4daf-890a-f394f225a66a","type":"fetch","rationale":"Inspect an already-known source before another generic query","step":1,"t":"2026-09-18T04:55:55.832Z"}
{"level":"info","event":"action","runId":"c0eae9e6-ffe6-4daf-890a-f394f225a66a","type":"fetch","rationale":"Inspect an already-known source before another generic query","step":2,"t":"2026-09-18T04:55:55.847Z"}
{"level":"info","event":"action","runId":"c0eae9e6-ffe6-4daf-890a-f394f225a66a","type":"fetch","rationale":"Inspect an already-known source before another generic query","step":3,"t":"2026-09-18T04:55:55.861Z"}
{"level":"info","event":"action","runId":"c0eae9e6-ffe6-4daf-890a-f394f225a66a","type":"challenge","rationale":"Disconfirm material conclusion: A primary source that directly contradicts this conclusion.","step":4,"t":"2026-09-18T04:55:55.879Z"}
{"level":"info","event":"action","runId":"c0eae9e6-ffe6-4daf-890a-f394f225a66a","type":"challenge","rationale":"No counterexample found in accessed primary sources. This is not proof that the conclusion is true.","step":5,"t":"2026-09-18T04:55:55.893Z"}
{"level":"info","event":"action","runId":"c0eae9e6-ffe6-4daf-890a-f394f225a66a","type":"synthesize","rationale":"decision_critical_gaps_resolved_or_unresolvable; high-impact claims supported or qualified; contradictions handled; remaining actions low expected value","step":6,"t":"2026-09-18T04:55:55.905Z"}
{"level":"info","event":"action","runId":"82055232-9d86-4da0-ba69-55a7a9ad45c3","type":"search","rationale":"Investigate an uncovered required question","step":0,"t":"2026-09-18T04:55:59.294Z"}
{"level":"info","event":"action","runId":"82055232-9d86-4da0-ba69-55a7a9ad45c3","type":"fetch","rationale":"Inspect an already-known source before another generic query","step":1,"t":"2026-09-18T04:55:59.330Z"}
{"level":"info","event":"action","runId":"82055232-9d86-4da0-ba69-55a7a9ad45c3","type":"fetch","rationale":"Inspect an already-known source before another generic query","step":2,"t":"2026-09-18T04:55:59.350Z"}
{"level":"info","event":"action","runId":"82055232-9d86-4da0-ba69-55a7a9ad45c3","type":"fetch","rationale":"Inspect an already-known source before another generic query","step":3,"t":"2026-09-18T04:55:59.367Z"}
{"level":"info","event":"action","runId":"82055232-9d86-4da0-ba69-55a7a9ad45c3","type":"challenge","rationale":"Disconfirm material conclusion: A primary source that directly contradicts this conclusion.","step":4,"t":"2026-09-18T04:55:59.389Z"}
{"level":"info","event":"action","runId":"82055232-9d86-4da0-ba69-55a7a9ad45c3","type":"challenge","rationale":"No counterexample found in accessed primary sources. This is not proof that the conclusion is true.","step":5,"t":"2026-09-18T04:55:59.407Z"}
{"level":"info","event":"action","runId":"82055232-9d86-4da0-ba69-55a7a9ad45c3","type":"synthesize","rationale":"decision_critical_gaps_resolved_or_unresolvable; high-impact claims supported or qualified; contradictions handled; remaining actions low expected value","step":6,"t":"2026-09-18T04:55:59.421Z"}

 Test Files  27 passed (27)
      Tests  407 passed (407)
   Start at  22:49:36
   Duration  457.80s (transform 2.03s, setup 0ms, import 8.63s, tests 444.89s, environment 4ms)

